tree
version=v4
num_class=1
num_tree_per_iteration=1
label_index=0
max_feature_idx=30
objective=regression
feature_names=trade_quantity avg_weight_kg water_temperature humidity pressure avg_temperature wind_speed max_temperature min_temperature rainfall month day_of_week is_weekend quarter day_of_year spring summer fall winter peak_season temp_humidity water_temp_ratio month_sin month_cos avg_weight_price_ratio temp_pressure temp_range day_of_year_sin day_of_year_cos day_of_week_sin day_of_week_cos
feature_infos=[1:4641.5] [0:2.5] [-0.69999999999999996:28.199999999999999] [20:99.900000000000006] [984:1034.7] [-8.1999999999999993:31.5] [0.90000000000000002:11.699999999999999] [-5.2999999999999998:36.700000000000003] [-12.199999999999999:27.600000000000001] [0:208.69999999999999] [1:12] [0:5] [0:1] [1:4] [2:364] [0:1] [0:1] [0:1] [0:1] [0:1] [-6.3121:25.866200000000003] [-52.500000000000014:31.500000000000007] [-1:1] [-1:1] [0:76125] [-8.3033199999999994:31.666949999999996] [1.2000000000000028:16.699999999999999] [-0.99991665865473789:0.99991665865473789] [-0.99996295911626554:0.99985183920911624] [-0.97492791218182362:0.97492791218182362] [-0.90096886790241903:1]
tree_sizes=2277 2393 2149 2158 2237 2220 1896 2161 2075 2073 2141 1975 1990 1977 2160 2243 2319 2247 2413 2080 2217 2044 2070 2152 2063 1975 2229 2001 2154 2233 2073 2152 2243 2079 2062 2088 2163 1897 1975 2074 2061 2243 2331 1914 2140 1483 1556 1564 1413 1830 1726 1820 1549 1726 1995 1747 1660 1830 1838 1741 1739 1911 1908 1745 1239 1571 1568 1670 1582 1668 1400 1235 1494 1323 1478 1656 1495 1724 1409 1501 1318 1839 1835 1664 1749 1241 1396 1397 1396 1478 1240 1576 1491 1583 1652 1308 1321 1394 1143 1073 1412 1979 1486 1413 1910 1079 1227 1070 1498 1244 1663 1494 1321 1405

Tree=0
num_leaves=26
num_cat=0
split_feature=24 24 1 24 24 14 14 24 1 24 24 24 27 24 24 24 28 24 24 27 5 24 24 24 3
split_gain=3.60183e+10 1.31475e+10 2.48143e+09 4.10695e+09 1.86401e+09 1.34995e+09 6.83419e+08 5.5564e+08 5.4975e+08 5.07474e+08 4.83806e+08 1.78628e+08 1.7417e+08 7.4883e+07 6.32791e+07 5.9644e+07 4.99424e+07 3.08722e+07 2.5716e+07 1.46848e+07 1.12518e+07 8.39082e+06 6.10369e+06 2.29688e+06 310217
threshold=17725.000000000004 8248.455555555558 0.18333333333333332 5027.7777777777783 10756.944444444447 199.50000000000003 71.500000000000014 6672.2222222222235 0.45000000000000007 12854.496428571432 3336.8055555555561 9436.5079365079382 0.54162280503947546 2151.428571428572 7509.2583333333341 5825.7583333333341 -0.27608674622158907 11527.777777777779 9041.6666666666679 -0.20087381264151988 16.850000000000005 7892.8583333333345 7048.8083333333334 6269.4444444444453 72.550000000000011
decision_type=2 2 2 2 2 2 2 2 2 2 2 2 2 2 2 2 2 2 2 2 2 2 2 2 2
left_child=1 2 5 10 11 6 -1 15 -6 17 13 18 -8 -4 22 24 -13 -10 19 -3 -12 -16 -9 -17 -5
right_child=-2 4 3 7 8 -7 12 14 9 -11 20 16 -14 -15 21 23 -18 -19 -20 -21 -22 -23 -24 -25 -26
leaf_value=15775.021011989251 17038.881829540864 15730.357596101956 15111.985081644214 15419.514687327643 15856.288054751156 15929.491708743051 15563.975762230393 15563.3983180137 15941.619890765511 16194.611216089079 15362.98611598018 15773.331619368673 15403.881864047897 15208.702011916261 15627.631007155105 15489.876232594839 15852.62445275509 16012.620385131837 15763.542184496908 15682.824192547445 15309.244183976183 15663.483262308277 15594.004931168676 15515.627753539278 15444.655668805399
leaf_weight=30 48 34 55 30 43 37 37 32 33 46 30 31 32 41 30 33 56 33 30 31 30 38 44 32 30
leaf_count=30 48 34 55 30 43 37 37 32 33 46 30 31 32 41 30 33 56 33 30 31 30 38 44 32 30
internal_value=15705.9 15634.5 15486.2 15426.7 15881.3 15672.2 15575.9 15545.2 16008.7 16067 15222.7 15772.7 15489.4 15152.7 15612.3 15468.1 15824.5 15977.5 15725.3 15707.7 15335.5 15647.5 15580.9 15502.2 15431.6
internal_weight=946 898 561 425 337 136 99 269 155 112 156 182 69 96 144 125 87 66 95 65 60 68 76 65 60
internal_count=946 898 561 425 337 136 99 269 155 112 156 182 69 96 144 125 87 66 95 65 60 68 76 65 60
is_linear=0
shrinkage=1


Tree=1
num_leaves=27
num_cat=0
split_feature=24 24 1 24 24 14 14 1 24 24 24 24 8 24 24 24 24 24 28 24 27 5 24 24 24 3
split_gain=3.25353e+10 1.22919e+10 2.21096e+09 3.75808e+09 1.79528e+09 1.21869e+09 6.16982e+08 5.32064e+08 7.39986e+08 5.16938e+08 4.36602e+08 2.221e+08 1.67696e+08 1.5456e+08 6.75667e+07 6.12553e+07 5.38523e+07 4.83365e+07 4.50774e+07 2.19706e+07 1.42159e+07 1.01582e+07 8.55831e+06 5.51284e+06 2.07323e+06 280012
threshold=18200.000000000004 8311.9055555555587 0.18333333333333332 5027.7777777777783 10756.944444444447 199.50000000000003 71.500000000000014 0.65000000000000013 12979.16666666667 6672.2222222222235 3336.8055555555561 14615.714285714288 16.950000000000003 9436.5079365079382 2151.428571428572 7509.2583333333341 5825.7583333333341 11672.222222222224 -0.27608674622158907 9041.6666666666679 -0.20087381264151988 16.850000000000005 7892.8583333333345 7048.8083333333334 6269.4444444444453 72.550000000000011
decision_type=2 2 2 2 2 2 2 2 2 2 2 2 2 2 2 2 2 2 2 2 2 2 2 2 2 2
left_child=1 2 5 10 13 6 -1 11 17 16 14 -6 -8 19 -4 23 25 -9 -15 20 -3 -12 -17 -11 -18 -5
right_child=-2 4 3 9 7 -7 12 8 -10 15 21 -13 -14 18 -16 22 24 -19 -20 -21 -22 -23 -24 -25 -26 -27
leaf_value=45.271291495795268 1305.6376904407596 5.4989976532362705 -584.67661921506351 -292.51875356883301 61.736400424285584 192.03777939212932 -310.00131559282818 211.43910061654202 549.44295367765278 -155.803723638897 -346.23029777045264 252.69654121030945 -152.97422466432309 43.665852596368822 -492.80278142107665 -94.773687480533638 -225.66003322082702 298.55938716900312 118.99781429950355 34.36451022632891 -42.353663362775535 -397.294061461794 -59.231805108063419 -126.71701240799052 -201.19318916106891 -268.6306498682776
leaf_weight=30 44 32 55 30 30 37 32 35 31 32 30 31 37 31 41 30 33 32 56 30 30 30 41 44 32 30
leaf_count=30 44 32 55 30 30 37 32 35 31 32 30 31 37 31 41 30 33 32 56 30 30 30 41 44 32 30
internal_value=-20.4264 -85.2501 -228.123 -283.917 153.15 -52.4549 -143.933 275.362 347.533 -171.609 -479.5 159.037 -226.142 44.4994 -545.993 -107.931 -246.349 253.432 92.2364 -0.694307 -17.6864 -372.381 -74.3617 -139.153 -213.942 -281.042
internal_weight=946 902 564 428 338 136 99 159 98 272 156 61 69 179 96 147 125 67 87 92 62 60 71 76 65 60
internal_count=946 902 564 428 338 136 99 159 98 272 156 61 69 179 96 147 125 67 87 92 62 60 71 76 65 60
is_linear=0
shrinkage=0.05


Tree=2
num_leaves=24
num_cat=0
split_feature=24 24 24 1 24 24 14 8 24 1 24 24 24 8 24 24 24 24 0 10 24 24 24
split_gain=2.9531e+10 1.23212e+10 1.80071e+09 3.4397e+09 1.60247e+09 1.55935e+09 1.10019e+09 5.59641e+08 5.11137e+08 3.65902e+08 1.8183e+08 1.59961e+08 1.54401e+08 1.52217e+08 1.15815e+08 4.7467e+07 2.36362e+07 1.74495e+07 1.2635e+07 1.1831e+07 9.97763e+06 3.15731e+06 2.42423e+06
threshold=19550.000000000004 9041.6666666666679 6699.9000000000005 0.18333333333333332 3925.155555555556 15032.408333333335 199.50000000000003 5.9500000000000011 10756.944444444447 0.65000000000000013 12384.126984126988 8013.8888888888896 5357.5833333333348 16.950000000000003 2151.428571428572 10005.555555555557 7342.5916666666672 5825.7583333333341 2163.5000000000005 5.5000000000000009 4815.7416666666677 7706.0194444444451 6269.4444444444453
decision_type=2 2 2 2 2 2 2 2 2 2 2 2 2 2 2 2 2 2 2 2 2 2 2
left_child=1 2 3 6 14 8 7 -1 15 -10 -11 16 20 -9 -5 18 -4 -14 -3 -13 -6 -18 -19
right_child=-2 5 11 4 12 -7 -8 13 9 10 -12 19 17 -15 -16 -17 21 22 -20 -21 -22 -23 -24
leaf_value=43.439546157989 1447.7050863859517 28.106832260584255 -136.73186366069748 -555.49583729157212 -339.80927451768486 472.24972026245399 182.46177986741387 -294.94739629680123 91.198710320123922 222.61851731816444 375.74838445416322 -48.715552463746889 -249.43478741512118 -145.34613619904633 -450.00653137101983 114.57419794692474 -103.58481581709394 -214.41111359841153 69.812983006189413 -10.489897809335844 -295.19497959203551 -79.881082084631231 -189.83269150361986
leaf_weight=30 33 37 58 55 31 44 37 32 39 57 30 32 32 37 58 44 31 33 36 55 40 31 34
leaf_count=30 33 37 58 55 31 44 37 32 39 57 30 32 32 37 58 44 31 33 36 55 40 31 34
internal_value=-19.4084 -72.5894 -196.951 -256.548 -355.831 198.639 -49.8405 -136.757 148.923 218.774 275.793 -76.2515 -258.569 -215.053 -501.797 73.576 -113.655 -217.731 48.7417 -24.5898 -315.125 -91.8807 -202.24
internal_weight=946 913 626 419 283 287 136 99 243 126 87 207 170 69 113 117 120 99 73 87 71 62 67
internal_count=946 913 626 419 283 287 136 99 243 126 87 207 170 69 113 117 120 99 73 87 71 62 67
is_linear=0
shrinkage=0.05


Tree=3
num_leaves=24
num_cat=0
split_feature=24 24 24 1 24 24 14 14 24 1 24 24 14 24 24 24 24 27 24 10 24 24 24
split_gain=2.66601e+10 1.11227e+10 1.62553e+09 3.10503e+09 1.44631e+09 1.40763e+09 9.93215e+08 5.12728e+08 4.61424e+08 3.30312e+08 1.64199e+08 1.44398e+08 1.4196e+08 1.39382e+08 1.04548e+08 4.31901e+07 2.15299e+07 2.01991e+07 1.57544e+07 1.06814e+07 9.01427e+06 4.10103e+06 2.1888e+06
threshold=19550.000000000004 9041.6666666666679 6699.9000000000005 0.18333333333333332 3925.155555555556 15032.408333333335 199.50000000000003 71.500000000000014 10756.944444444447 0.65000000000000013 12384.126984126988 8013.8888888888896 160.00000000000003 5357.5833333333348 2151.428571428572 10170.636111111113 7509.2583333333341 0.28433548840379819 5825.7583333333341 5.5000000000000009 4815.7416666666677 7048.8083333333334 6269.4444444444453
decision_type=2 2 2 2 2 2 2 2 2 2 2 2 2 2 2 2 2 2 2 2 2 2 2
left_child=1 2 3 6 14 8 7 -1 15 -10 -11 16 -9 20 -5 17 21 -3 -15 -13 -6 -4 -20
right_child=-2 5 11 4 13 -7 -8 12 9 10 -12 19 -14 18 -16 -17 -18 -19 22 -21 -22 -23 -24
leaf_value=42.536807808606731 1375.5385072460349 72.031779309057171 -139.86754819546823 -527.77144059806039 -322.8734411110832 448.69076978203395 173.36328047677833 -269.66896422378659 86.650436628688013 211.50708422552268 357.02337034105062 -46.287362663768164 -124.85357212851669 -237.00190060814595 -427.54492111862629 119.37920103697019 -80.777717745898855 22.636491567342233 -203.72294539252798 -9.9663549874958246 -280.47203597451681 -114.17575060094023 -180.3688898259943
leaf_weight=30 33 49 30 55 31 44 37 38 39 57 30 32 31 32 58 32 46 36 33 55 40 44 34
leaf_count=30 33 49 30 55 31 44 37 38 39 57 30 32 31 32 58 32 46 36 33 55 40 44 34
internal_value=-18.4384 -68.9682 -187.126 -243.75 -338.08 188.731 -47.3563 -129.939 141.495 207.863 262.037 -72.4481 -204.882 -245.678 -476.751 69.9062 -107.985 51.1627 -206.878 -23.3637 -299.413 -124.766 -192.158
internal_weight=946 913 626 419 283 287 136 99 243 126 87 207 69 170 113 117 120 85 99 87 71 74 67
internal_count=946 913 626 419 283 287 136 99 243 126 87 207 69 170 113 117 120 85 99 87 71 74 67
is_linear=0
shrinkage=0.05


Tree=4
num_leaves=25
num_cat=0
split_feature=24 24 24 24 24 14 8 24 24 24 0 27 24 24 24 24 24 3 24 27 5 24 24 24
split_gain=2.41407e+10 8.70594e+09 1.6498e+09 2.7279e+09 1.21472e+09 8.96632e+08 4.64542e+08 3.66182e+08 3.2804e+08 2.06052e+08 1.83883e+08 1.38602e+08 1.22607e+08 1.14299e+08 4.70062e+07 4.10356e+07 3.94143e+07 3.40071e+07 2.88149e+07 1.03726e+07 7.98976e+06 5.23348e+06 4.25453e+06 2.71155e+06
threshold=17725.000000000004 8248.455555555558 1.0000000180025095e-35 5027.7777777777783 10756.944444444447 199.50000000000003 5.9500000000000011 6672.2222222222235 3336.8055555555561 14615.714285714288 379.75000000000006 0.54162280503947546 9814.8138888888916 12018.519444444446 2151.428571428572 7509.2583333333341 5737.655555555556 71.550000000000011 9041.6666666666679 -0.20087381264151988 16.850000000000005 7892.8583333333345 7048.8083333333334 6193.2861111111115
decision_type=2 2 2 2 2 2 2 2 2 2 2 2 2 2 2 2 2 2 2 2 2 2 2 2
left_child=1 2 5 8 12 6 -1 16 14 10 -6 -8 18 -12 -4 22 -5 -14 19 -3 -10 -17 -9 -18
right_child=-2 4 3 7 9 -7 11 15 20 -11 13 -13 17 -15 -16 21 23 -19 -20 -21 -22 -23 -24 -25
leaf_value=40.710852699659995 1073.7839635646765 3.7690759451857758 -501.43075852852775 -243.86933984104235 95.392682327762728 164.71848073789693 -130.23194489566671 -133.95931575216608 -295.68089376557305 325.64788947783205 186.86215469451722 -273.2619466113124 128.21223360735846 310.05940169061495 -424.4517701680353 -81.453867925599567 -197.53083436495709 55.027533979507886 34.323892890082469 -36.176972112318332 -340.40945400098627 -53.103217145464242 -108.47990648265328 -173.55005609669917
leaf_weight=30 48 34 55 54 34 37 38 32 30 40 50 31 33 31 41 30 36 31 53 31 30 38 44 35
leaf_count=30 48 34 55 54 34 37 38 32 30 40 50 31 33 31 41 30 36 31 53 31 30 38 44 35
internal_value=-17.5167 -75.9622 -196.612 -245.107 124.881 -44.9951 -123.46 -148.55 -411.404 227.698 193.376 -194.794 37.2389 234.336 -469.03 -94.0948 -211.158 92.9046 6.99425 -15.3083 -318.574 -65.7122 -119.37 -185.97
internal_weight=946 898 561 425 337 136 99 269 156 155 115 69 182 81 96 144 125 64 118 65 60 68 76 71
internal_count=946 898 561 425 337 136 99 269 156 155 115 69 182 81 96 144 125 64 118 65 60 68 76 71
is_linear=0
shrinkage=0.05


Tree=5
num_leaves=25
num_cat=0
split_feature=24 24 1 24 15 29 24 1 24 24 24 1 4 24 24 24 24 0 24 22 24 24 24 24
split_gain=3.92796e+10 9.30452e+09 1.23612e+09 3.0085e+09 9.89759e+08 1.48177e+09 9.88903e+08 1.14792e+09 4.30529e+08 4.19027e+08 1.47368e+08 1.23689e+08 7.73696e+07 6.93346e+07 3.67244e+07 3.54973e+07 3.46062e+07 3.34403e+07 4.43403e+07 1.25473e+07 1.04738e+07 1.0254e+07 8.36188e+06 3.34662e+06
threshold=20980.000000000004 9041.6666666666679 0.18333333333333332 5338.8888888888896 1.0000000180025095e-35 0.6078576107927941 12548.611111111113 0.65000000000000013 7342.5916666666672 3020.0000000000005 10030.555555555557 0.29166666666666669 1003.35 6429.5634920634939 8107.6388888888896 2151.428571428572 4481.4805555555567 1015.85 11009.258333333337 -0.24999999999999994 9652.7777777777792 6914.6833333333334 5825.7583333333341 7754.6277777777786
decision_type=2 2 2 2 2 2 2 2 2 2 2 2 2 2 2 2 2 2 2 2 2 2 2 2
left_child=1 2 4 9 5 12 10 11 13 15 20 -8 -1 22 23 -4 -11 -12 -19 -16 -3 -15 -5 -10
right_child=-2 6 3 8 -6 -7 7 -9 14 16 17 -13 -14 21 19 -17 -18 18 -20 -21 -22 -23 -24 -25
leaf_value=-135.85795857882576 1781.4011520030883 33.155755774396347 -476.46878540287685 -213.31440151656736 -247.88553095539726 344.72694382778434 90.376428889921627 490.96102065175029 -81.393076754656164 -327.06768702046037 95.827499644779323 223.8340692762722 -29.056429468335399 -147.72446233971385 4.2401279443700508 -404.77258610069913 -261.31503640667887 125.88206734150454 203.27363501813181 -37.865412472301891 71.587490915697671 -111.90944490012326 -178.83231393081115 -58.992714853116013
leaf_weight=30 30 44 49 37 38 30 31 44 32 39 31 40 39 42 33 37 50 46 32 38 30 43 47 39
leaf_count=30 30 44 49 37 38 30 31 44 32 39 31 40 39 42 33 37 50 46 32 38 30 43 47 39
internal_value=3.99201 -54.0912 -163.997 -201.385 -31.3172 51.9762 175.657 290.511 -108.008 -367.173 103.361 165.773 -75.6214 -161.913 -43.7837 -446.129 -290.463 140.316 157.852 -18.3167 48.8118 -129.759 -194.256 -69.189
internal_weight=951 921 623 486 137 99 298 115 311 175 183 71 69 169 142 86 89 109 78 71 74 85 84 71
internal_count=951 921 623 486 137 99 298 115 311 175 183 71 69 169 142 86 89 109 78 71 74 85 84 71
is_linear=0
shrinkage=0.05


Tree=6
num_leaves=21
num_cat=0
split_feature=0 14 23 14 28 1 4 27 20 0 8 0 0 26 29 21 22 0 20 4
split_gain=9.21312e+09 1.51144e+10 8.28486e+08 1.00657e+09 7.26935e+08 5.89851e+08 6.83358e+08 6.53928e+08 4.87529e+08 4.10372e+08 3.88473e+08 1.1478e+09 7.82919e+08 3.60236e+08 3.06423e+08 2.02211e+08 9.51891e+07 8.5881e+07 7.22911e+07 5.31497e+07
threshold=4.1000000000000005 61.500000000000007 -0.68301270189221952 173.50000000000003 -0.2511900638848194 0.90000000000000013 1010.7500000000001 0.82876241254485883 6.6900000000000004 1367.3000000000002 -0.24999999999999997 504.80000000000007 1694.6000000000001 5.700000000000002 0.6078576107927941 0.70145753816793899 0.93301270189221952 1561.95 21.650300000000005 1006.2500000000001
decision_type=2 2 2 2 2 2 2 2 2 2 2 2 2 2 2 2 2 2 2 2
left_child=1 -1 3 17 -3 7 -7 10 -6 -9 14 -12 13 -13 -4 -14 -11 -2 -5 -19
right_child=2 4 5 18 8 6 -8 9 -10 16 11 12 15 -15 -16 -17 -18 19 -20 -21
leaf_value=1371.0221948566627 -324.26972739387588 -81.549826410625059 37.04420191052219 9.6538007522011835 68.091206380889176 -343.81722557337719 -19.442864147309336 56.533740639924218 323.12629930850949 -197.65637392190263 -272.34789038153565 285.21337661007209 42.826433183494032 76.494892549130839 243.23707485262341 -63.776499719640782 -105.10531129208053 -187.94902376849325 -83.537185286323108 -272.54148450776529
leaf_weight=30 30 35 45 56 38 31 34 30 37 56 36 31 66 62 30 136 56 46 33 33
leaf_count=30 30 35 45 56 38 31 34 30 37 56 36 31 66 62 30 136 56 46 33 33
internal_value=3.79637 378.213 -60.8765 -149.771 106.447 -32.1437 -174.435 -15.2373 194.171 -107.553 17.0689 -6.223 26.3345 146.299 119.735 -28.9419 -151.516 -251.568 -24.9551 -223.585
internal_weight=951 140 811 198 110 613 65 548 75 142 406 331 295 93 75 202 112 109 89 79
internal_count=951 140 811 198 110 613 65 548 75 142 406 331 295 93 75 202 112 109 89 79
is_linear=0
shrinkage=0.05


Tree=7
num_leaves=24
num_cat=0
split_feature=24 24 24 24 24 29 24 27 24 24 3 0 24 24 24 24 24 21 14 24 24 24 29
split_gain=3.39964e+10 8.03043e+09 1.06302e+09 2.59662e+09 8.56135e+08 8.42374e+08 4.22331e+08 3.61973e+08 3.57361e+08 2.92202e+08 2.81446e+08 2.62858e+08 7.6805e+07 6.75085e+07 6.30211e+07 3.97643e+07 3.67284e+07 1.59967e+07 1.35016e+07 1.27381e+07 9.54425e+06 8.12974e+06 6.45423e+06
threshold=20980.000000000004 9041.6666666666679 1.0000000180025095e-35 5143.6507936507942 16090.277777777779 0.6078576107927941 6950.6166666666677 0.53436760985011655 11282.408333333335 3336.8055555555561 75.700000000000003 379.75000000000006 12792.857142857145 10005.555555555557 8063.4916666666677 5825.7583333333341 2151.428571428572 0.6697025729797782 177.50000000000003 7475.0000000000009 4481.4805555555567 6429.5634920634939 1.0000000180025095e-35
decision_type=2 2 2 2 2 2 2 2 2 2 2 2 2 2 2 2 2 2 2 2 2 2 2
left_child=1 2 5 9 8 7 15 10 13 16 -1 -10 -13 22 19 -5 -4 -15 -16 -8 -11 -17 -3
right_child=-2 4 3 6 -6 -7 14 -9 11 20 -12 12 -14 17 18 21 -18 -19 -20 -21 -22 -23 -24
leaf_value=74.296299637195673 1657.172513496678 59.600997999672579 -441.59038632892066 -204.38702812338505 395.05184759156322 163.32433728910146 -98.76641228185008 -234.58654066386976 119.25764983511213 -293.0151757341489 -140.19853942478582 208.13642407794327 321.35835980091514 132.71992359764675 -46.842959895241307 -164.81130473466942 -373.62905197651054 84.451160354859582 -4.364676670309338 -63.10010369407221 -249.23860285694647 -133.86148114052546 28.993486687767856
leaf_weight=30 30 32 49 53 35 40 51 36 59 31 31 30 32 41 31 47 45 31 47 51 34 47 38
leaf_count=30 30 32 49 53 35 40 51 36 59 31 31 30 32 41 31 47 45 31 47 51 34 47 38
internal_value=3.6095 -50.4265 -152.531 -187.202 163.013 -29.4903 -106.555 -109.088 131.994 -352.889 -34.7602 195.117 266.997 78.1075 -55.1571 -169.412 -409.487 112.084 -21.2855 -81.0126 -270.535 -149.495 43.0506
internal_weight=951 921 623 486 298 137 327 97 263 159 61 121 62 142 180 147 94 72 78 102 65 94 70
internal_count=951 921 623 486 298 137 327 97 263 159 61 121 62 142 180 147 94 72 78 102 65 94 70
is_linear=0
shrinkage=0.05


Tree=8
num_leaves=23
num_cat=0
split_feature=24 24 1 24 24 29 24 1 24 27 24 3 24 24 24 24 24 24 14 24 20 24
split_gain=3.06924e+10 7.24941e+09 9.59587e+08 2.34453e+09 7.72898e+08 7.60453e+08 3.73042e+08 3.36301e+08 5.85361e+08 3.26774e+08 2.73288e+08 2.54092e+08 7.7899e+07 6.0959e+07 5.28628e+07 3.31503e+07 3.03851e+07 1.22799e+07 1.12853e+07 1.05535e+07 9.60196e+06 5.63347e+06
threshold=20980.000000000004 9041.6666666666679 0.18333333333333332 5192.5916666666681 16090.277777777779 0.6078576107927941 6914.6833333333334 0.45000000000000007 11406.944444444447 0.53436760985011655 3336.8055555555561 75.700000000000003 10229.16666666667 8013.8888888888896 13296.297222222223 2151.428571428572 5825.7583333333341 7475.0000000000009 177.50000000000003 9598.6111111111131 10.950200000000001 6429.5634920634939
decision_type=2 2 2 2 2 2 2 2 2 2 2 2 2 2 2 2 2 2 2 2 2 2
left_child=1 2 5 10 7 9 16 -3 12 11 15 -1 19 17 -10 -4 -5 -8 -15 -9 -12 -18
right_child=-2 4 3 6 -6 -7 13 8 14 -11 20 -13 -14 18 -16 -17 21 -19 -20 -21 -22 -23
leaf_value=70.593828014994784 1574.5891484079964 2.5996117151223141 -419.55583322062762 -193.21892001008334 375.35552866357011 155.17848518352557 -94.974037461442322 39.034899662095874 222.21626566153805 -222.88970563471153 -231.86203353729752 -133.21115226745604 134.63395397709866 -44.508343106910729 306.52070409878024 -354.98902244144961 -156.58823500712208 -60.386977806013618 -5.9842906458557499 75.137064681971438 -274.73639866913749 -129.62867222874294
leaf_weight=30 30 46 49 51 35 40 56 39 44 36 30 31 56 31 35 45 47 49 49 43 37 42
leaf_count=30 30 46 49 51 35 40 56 39 44 36 30 31 56 31 35 45 47 49 49 43 37 42
internal_value=3.43321 -47.9099 -144.922 -177.863 154.885 -28.0208 -100.515 125.413 151.434 -103.649 -333.842 -33.0276 89.1937 -53.8687 259.907 -389.056 -162.071 -78.9063 -20.9494 58.035 -255.913 -144.026
internal_weight=951 921 623 486 298 137 325 263 217 97 161 61 138 185 79 94 140 105 80 82 67 89
internal_count=951 921 623 486 298 137 325 263 217 97 161 61 138 185 79 94 140 105 80 82 67 89
is_linear=0
shrinkage=0.05


Tree=9
num_leaves=23
num_cat=0
split_feature=24 24 1 24 24 1 29 24 27 24 1 24 4 24 24 24 24 24 24 14 24 24
split_gain=2.77094e+10 6.54426e+09 8.66216e+08 2.1165e+09 7.15998e+08 1.05643e+09 6.86499e+08 3.3677e+08 2.94998e+08 2.46702e+08 2.34567e+08 2.73444e+08 1.68294e+08 6.04351e+07 5.14803e+07 3.03568e+07 2.59397e+07 1.57381e+07 1.33302e+07 1.10576e+07 1.02866e+07 6.59175e+06
threshold=20980.000000000004 9041.6666666666679 0.18333333333333332 5192.5916666666681 13694.444444444447 0.45000000000000007 0.6078576107927941 6950.6166666666677 0.53436760985011655 3247.2222222222226 0.65000000000000013 10399.075000000003 1003.1500000000002 11406.944444444447 8063.4916666666677 5825.7583333333341 1782.8571428571431 9598.6111111111131 4481.4805555555567 177.50000000000003 7475.0000000000009 6429.5634920634939
decision_type=2 2 2 2 2 2 2 2 2 2 2 2 2 2 2 2 2 2 2 2 2 2
left_child=1 2 6 9 10 -6 8 15 12 16 -3 17 -1 -13 20 -5 -4 -12 -11 -16 -9 -17
right_child=-2 4 3 7 5 -7 -8 14 -10 18 11 13 -14 -15 19 21 -18 -19 -20 -21 -22 -23
leaf_value=-112.90981310878152 1496.1212506569898 -18.421583874476941 -410.77094387273422 -183.57688277332284 110.26836043031307 475.54789802361068 147.43890647983312 -89.098346902806227 -211.77609093156218 -270.30984380564456 37.088146588259647 140.60952250854768 52.959773121323707 222.54555060055546 -42.290081733139381 -148.77544658037255 -349.48341947378503 79.257629488251268 -223.25137266544755 -3.848326266343427 -57.044295504041855 -120.89888687943704
leaf_weight=31 30 35 33 51 44 36 40 51 36 35 39 44 30 48 31 47 57 52 36 47 51 47
leaf_count=31 30 35 33 51 44 36 40 51 36 35 39 44 30 48 31 47 57 52 36 47 51 47
internal_value=3.26488 -45.5195 -137.693 -168.99 147.16 275.033 -26.6245 -95.4993 -98.4812 -317.19 100.129 122.801 -31.3814 183.554 -49.7745 -152.188 -372.387 61.2456 -246.797 -19.1611 -73.1429 -134.981
internal_weight=951 921 623 486 298 80 137 325 97 161 218 183 61 92 180 145 90 91 71 78 102 94
internal_count=951 921 623 486 298 80 137 325 97 161 218 183 61 92 180 145 90 91 71 78 102 94
is_linear=0
shrinkage=0.05


Tree=10
num_leaves=24
num_cat=0
split_feature=14 4 22 4 8 28 14 1 2 2 3 1 8 3 6 28 11 3 4 29 6 6 25
split_gain=4.92485e+09 2.55914e+09 7.22092e+08 7.17445e+08 8.03678e+08 4.86916e+08 6.20845e+08 3.0125e+08 2.51079e+08 5.25169e+08 1.51429e+08 3.45587e+08 1.76996e+08 1.36275e+08 1.10462e+08 9.35742e+07 7.03414e+07 6.61728e+07 6.18121e+07 4.05288e+07 3.48642e+07 2.47307e+07 2.1998e+07
threshold=66.000000000000014 1012.1500000000002 -0.6830127018922193 1020.8000000000001 0.15000000000000005 -0.28435918728100346 173.50000000000003 1.2500000000000002 17.400000000000002 15.597000000000003 78.850000000000009 0.65000000000000013 1.2500000000000002 79.950000000000017 2.6500000000000008 -0.012910296075008829 2.5000000000000004 81.350000000000009 1007.85 0.6078576107927941 2.9500000000000006 2.8500000000000001 25.122545000000002
decision_type=2 2 2 2 2 2 2 2 2 2 2 2 2 2 2 2 2 2 2 2 2 2 2
left_child=1 -1 8 4 -3 6 17 10 9 22 12 -12 -7 -8 -11 -14 -15 19 -10 21 -17 -4 -2
right_child=2 3 5 -5 -6 7 13 -9 18 14 11 -13 15 16 -16 20 -18 -19 -20 -21 -22 -23 -24
leaf_value=579.90050004131558 -7.7748212947401889 420.75815394361683 -215.45111826756352 -29.560939216181268 96.778656461186515 68.090974382112265 56.682076311418101 -171.943547180683 5.8149191820710673 226.15673971162562 158.93427968850233 -64.589203541638852 -131.91419253696327 -21.565582180838302 100.1118990993228 -11.657888468207553 -124.97958902438737 -139.31390263388454 -79.11440819763051 -250.67406340715593 -65.753789947439458 -157.62033390235399 -68.304239935890777
leaf_weight=43 30 31 40 44 50 31 31 36 40 35 34 35 37 35 35 55 31 49 46 40 65 38 30
leaf_count=43 30 31 40 44 50 31 31 36 40 35 34 35 37 35 35 55 31 49 46 40 65 38 30
internal_value=2.33781 247.616 -50.9949 132.938 221.137 -81.0845 -130.323 -36.6902 26.599 70.4231 -17.6847 45.6233 -40.932 -29.6705 163.367 -62.4885 -70.2545 -188.733 -39.6515 -209.119 -40.9902 -187.515 -38.1029
internal_weight=941 168 773 125 81 557 264 293 216 130 257 69 188 97 70 157 66 167 86 118 120 78 60
internal_count=941 168 773 125 81 557 264 293 216 130 257 69 188 97 70 157 66 167 86 118 120 78 60
is_linear=0
shrinkage=0.05


Tree=11
num_leaves=22
num_cat=0
split_feature=24 24 24 1 24 1 24 24 9 27 1 24 24 24 24 14 24 24 7 24 24
split_gain=2.5985e+10 5.42819e+09 8.56275e+08 8.10476e+08 6.80154e+08 1.2659e+09 6.46923e+08 6.26006e+08 5.79457e+08 3.58926e+08 9.3594e+07 8.49878e+07 5.47169e+07 5.3337e+07 3.89496e+07 2.66687e+07 1.17938e+07 7.37054e+06 6.33034e+06 6.1049e+06 4.68071e+06
threshold=21214.285714285721 8672.2222222222244 11406.944444444447 0.65000000000000013 6672.2222222222235 0.18333333333333332 3805.416666666667 13020.369444444446 0.35000000000000003 0.59125596962661842 0.29166666666666669 5338.8888888888896 7870.3694444444454 10295.634920634922 2470.0000000000005 166.00000000000003 9479.1666666666697 4671.2972222222224 15.15 5871.6062222222236 7342.5916666666672
decision_type=2 2 2 2 2 2 2 2 2 2 2 2 2 2 2 2 2 2 2 2 2
left_child=1 4 13 10 5 8 14 -5 9 -1 -4 17 20 15 -7 -3 -17 -8 -14 -13 -6
right_child=-2 2 3 7 12 6 11 -9 -10 -11 -12 19 18 -15 -16 16 -18 -19 -20 -21 -22
leaf_value=-46.417608801469129 1400.3384670934945 -5.2219099526698933 30.315574766813484 197.77237254790145 -93.039782437914724 -366.12663145506008 -236.44292276071948 496.10548617740153 96.573602941136656 -250.93651722659112 142.56522717255456 -160.01501295699401 -46.913810318728224 83.243207940358317 -301.16358749482879 25.778212690469413 67.102952175203754 -200.3668017181609 -18.327675453731672 -131.46294206425466 -70.686681504683065
leaf_weight=58 32 47 34 41 55 54 30 31 45 34 41 34 30 56 49 41 30 43 55 56 45
leaf_count=58 32 47 34 41 55 54 30 31 45 34 41 34 30 56 49 41 30 43 55 56 45
internal_value=2.22184 -47.1454 118.199 207.006 -137.415 -173.846 -237.426 326.731 -50.316 -122.191 91.7869 -175.257 -58.0034 43.0975 -335.544 23.991 43.3093 -215.496 -28.4602 -142.415 -83.0616
internal_weight=941 909 321 147 588 403 266 72 137 92 75 163 185 174 103 118 71 73 85 90 100
internal_count=941 909 321 147 588 403 266 72 137 92 75 163 185 174 103 118 71 73 85 90 100
is_linear=0
shrinkage=0.05


Tree=12
num_leaves=22
num_cat=0
split_feature=24 24 24 24 24 24 14 7 3 8 26 24 24 24 24 14 24 24 5 24 24
split_gain=2.3459e+10 4.90022e+09 7.73032e+08 6.13991e+08 1.14272e+09 5.83925e+08 5.23998e+08 3.03034e+08 2.94318e+08 8.54556e+07 8.04589e+07 7.67319e+07 4.93903e+07 4.8143e+07 3.51552e+07 2.40759e+07 1.06482e+07 6.65918e+06 5.82763e+06 5.51488e+06 4.22453e+06
threshold=21214.285714285721 8672.2222222222244 11406.944444444447 6672.2222222222235 1.0000000180025095e-35 3805.416666666667 199.50000000000003 15.850000000000003 65.350000000000009 17.150000000000002 7.0500000000000016 5338.8888888888896 7870.3694444444454 10295.634920634922 2470.0000000000005 166.00000000000003 9479.1666666666697 4671.2972222222224 14.950000000000001 5871.6062222222236 7342.5916666666672
decision_type=2 2 2 2 2 2 2 2 2 2 2 2 2 2 2 2 2 2 2 2 2
left_child=1 3 13 4 6 14 7 -1 -4 -9 -10 17 20 15 -6 -3 -17 -7 -14 -13 -5
right_child=-2 2 8 12 5 11 -8 9 10 -11 -12 19 18 -15 -16 16 -18 -19 -20 -21 -22
leaf_value=25.637673625755941 1330.5396533122316 -4.9613698388360863 285.59568223301875 -88.396235725970541 -347.85413667181729 -224.66005421381851 112.74599400029349 -228.01963482726848 176.96098472336823 -115.85038935977622 79.099863189965745 -152.03772572953679 -14.647789255637022 79.088466085342162 -286.13607568061042 24.492438098693999 63.758950836080253 -190.37170623283652 -40.912056809232723 -124.90151240982898 -67.160184219935516
leaf_weight=30 32 47 57 55 54 30 37 30 56 40 34 34 45 56 49 41 30 43 40 56 45
leaf_count=30 32 47 57 55 54 30 37 30 56 40 34 34 45 56 49 41 30 43 40 56 45
internal_value=2.114 -44.7925 112.306 -130.56 -165.173 -225.58 -47.8076 -107.266 196.685 -164.18 140.12 -166.516 -55.1095 40.9476 -318.799 22.7951 41.1503 -204.751 -27.0411 -135.31 -78.9167
internal_weight=941 909 321 588 403 266 137 100 147 70 90 163 185 174 103 118 71 73 85 90 100
internal_count=941 909 321 588 403 266 137 100 147 70 90 163 185 174 103 118 71 73 85 90 100
is_linear=0
shrinkage=0.05


Tree=13
num_leaves=22
num_cat=0
split_feature=0 10 0 14 28 1 14 7 21 14 1 29 0 5 0 2 11 0 21 11 25
split_gain=5.17422e+09 1.08776e+10 7.76993e+08 8.50636e+08 6.48145e+08 6.64735e+08 3.96668e+08 3.9069e+08 3.85795e+08 2.23959e+08 1.89767e+08 1.23996e+08 8.57898e+07 7.36179e+07 6.76622e+07 5.1459e+07 4.95019e+07 5.22413e+07 4.43392e+07 1.61195e+07 1.42545e+07
threshold=7.0500000000000007 2.5000000000000004 504.80000000000007 177.50000000000003 -0.2511900638848194 0.45000000000000007 115.00000000000001 14.65 0.76513342898134873 290.00000000000006 0.65000000000000013 0.6078576107927941 2321.4500000000003 24.725000000000005 1727.0500000000004 16.350000000000005 3.5000000000000004 1859.2000000000003 1.3178624689312348 1.5000000000000002 23.034172500000004
decision_type=2 2 2 2 2 2 2 2 2 2 2 2 2 2 2 2 2 2 2 2 2
left_child=1 -1 6 7 -3 -6 -2 12 9 11 -8 13 -4 -5 -10 -16 17 -9 -14 -19 -17
right_child=2 4 3 8 5 -7 10 16 14 -11 -12 -13 18 -15 15 20 -18 19 -20 -21 -22
leaf_value=1036.949525542952 -7.4137937931999609 -107.81900111365476 34.115127587159826 140.00470614908727 24.27830821426582 315.67945563737737 -280.24672032995289 -99.820550830608582 22.411517692756291 -5.7918729203296051 -143.86090914854941 200.3656876968862 -81.854723344169656 39.869919420656124 -5.0023177711826978 -53.402533916641552 -93.285517868370448 -150.47556474575262 -6.8878797294870244 -192.90480968947008 -98.569604452899924
leaf_weight=35 32 45 45 34 56 30 49 36 52 49 54 35 49 40 47 43 51 50 33 46 30
leaf_count=35 32 45 45 34 56 30 49 36 52 49 54 35 49 40 47 43 51 50 33 46 30
internal_value=2.00985 255.257 -52.2601 -29.2545 45.7767 126.179 -161.221 -88.7154 26.6126 82.9943 -208.952 122.876 -21.3097 86.0047 -25.198 -45.8303 -135.457 -151.667 -51.7303 -170.986 -72.0739
internal_weight=941 166 775 640 131 86 135 310 330 158 103 109 127 74 172 120 183 132 82 96 73
internal_count=941 166 775 640 131 86 135 310 330 158 103 109 127 74 172 120 183 132 82 96 73
is_linear=0
shrinkage=0.05


Tree=14
num_leaves=24
num_cat=0
split_feature=24 24 24 0 0 14 1 1 24 24 24 3 24 3 24 24 1 24 24 10 24 30 8
split_gain=2.01688e+10 4.26698e+09 6.84435e+08 6.7421e+08 1.07793e+09 4.16561e+08 7.33093e+08 3.57248e+08 3.41242e+08 2.857e+08 2.64077e+08 1.95733e+08 1.48501e+08 5.23292e+07 3.62965e+07 3.00407e+07 3.52314e+07 2.71854e+07 2.62809e+07 2.29289e+07 1.59793e+07 4.56546e+06 3.73779e+06
threshold=21214.285714285721 8672.2222222222244 14615.714285714288 791.45000000000016 2.1500000000000004 173.50000000000003 0.65000000000000013 0.36666666666666675 3336.8055555555561 6269.4444444444453 10399.075000000003 77.550000000000011 6385.9138888888901 77.200000000000003 11406.944444444447 5192.5916666666681 0.65000000000000013 7791.666666666667 7588.7888888888892 8.5000000000000018 9127.3805555555573 -0.22252093395631442 10.550000000000002
decision_type=2 2 2 2 2 2 2 2 2 2 2 2 2 2 2 2 2 2 2 2 2 2 2
left_child=1 3 7 4 -1 9 -7 -3 13 15 20 -4 -8 19 -12 16 -5 -11 -14 -6 -9 -16 -22
right_child=-2 2 11 5 8 6 12 10 -10 17 14 -13 18 -15 21 -17 -18 -19 -20 -21 22 -23 -24
leaf_value=53.080546901084929 1233.6615967177158 -76.753214308297544 340.16114617938933 -158.03436927183427 -324.58036873869577 148.44756253235855 -172.74773442764487 10.205361022545851 -127.13813716139748 -79.52218094021373 112.17868371950225 161.51023943701455 -80.892551739202872 -372.06189021620639 157.74066506410256 -136.06606571623377 -215.42611010875112 -20.089846585762846 -31.479525354532651 -263.31157591860193 41.219048783729363 187.25570821976737 63.018144569246786
leaf_weight=32 32 36 32 56 31 43 37 33 32 51 43 30 55 30 35 42 55 31 53 40 43 31 38
leaf_count=32 32 36 32 56 31 43 37 33 32 51 43 30 55 30 35 42 55 31 53 40 43 31 38
internal_value=1.91194 -41.5809 105.015 -121.615 -207.326 -88.1401 -32.6401 69.2389 -269.973 -132.507 92.831 254.117 -86.4073 -315.058 148.444 -172.855 -186.64 -57.1058 -56.6952 -290.482 39.5735 171.866 51.5109
internal_weight=941 909 321 588 165 423 188 259 133 235 223 62 145 101 109 153 111 82 108 71 114 66 81
internal_count=941 909 321 588 165 423 188 259 133 235 223 62 145 101 109 153 111 82 108 71 114 66 81
is_linear=0
shrinkage=0.05


Tree=15
num_leaves=25
num_cat=0
split_feature=24 24 0 0 24 1 14 1 24 1 24 24 24 14 20 5 24 24 24 24 24 24 24 5
split_gain=1.97677e+10 4.34441e+09 7.00486e+08 1.30404e+09 5.81408e+08 9.24496e+08 3.97698e+08 6.68666e+08 2.95781e+08 2.58915e+08 2.07279e+08 1.91544e+08 1.37053e+08 4.8389e+07 5.92739e+07 4.09869e+07 3.50364e+07 3.06238e+07 2.60402e+07 2.48829e+07 4.95792e+07 1.93196e+07 2.8008e+06 1.76777e+06
threshold=21214.285714285721 8714.8138888888916 754.50000000000011 2.1500000000000004 13694.444444444447 0.45000000000000007 173.50000000000003 0.65000000000000013 6062.11388888889 0.65000000000000013 10399.075000000003 3247.2222222222226 6269.4444444444453 148.50000000000003 15.375050000000003 9.8500000000000032 7706.0194444444451 7530.5555555555557 11192.591666666669 2040.0000000000002 4604.166666666667 9539.6833333333361 8188.8888888888896 11.250000000000002
decision_type=2 2 2 2 2 2 2 2 2 2 2 2 2 2 2 2 2 2 2 2 2 2 2 2
left_child=1 2 3 -1 9 -6 8 -8 15 -3 21 13 -9 -5 -15 -4 23 -14 -12 -17 -21 -11 -19 -10
right_child=-2 4 6 11 5 -7 7 12 16 10 18 -13 17 14 -16 19 -18 22 -20 20 -22 -23 -24 -25
leaf_value=57.083088194479153 1198.5681789063976 -59.158051119095241 -228.3705952894648 -355.69269360693812 69.908149241752369 414.16108321926197 139.3822330138523 -164.31632301740331 -93.760605375473688 20.449431252688328 113.71355245263354 -162.66491300874037 -83.742701390727987 -244.49662737875508 -333.33822563609328 -131.05445009306797 -21.075588033905476 -42.556018753297082 166.57954571813403 -229.3407357149346 -143.78152544527447 62.627277079928177 -21.181919205840376 -75.287522183541839
leaf_weight=38 33 35 30 32 44 35 43 39 30 57 46 32 53 49 33 43 34 31 50 30 41 52 31 30
leaf_count=38 33 35 30 32 44 35 43 39 30 57 46 32 53 49 33 43 34 31 50 30 41 52 31 30
internal_value=-2.32373 -44.6959 -121.937 -203.708 105.177 222.756 -87.3097 -34.7356 -130.794 66.3971 87.8517 -271.578 -83.4119 -301.981 -280.612 -175.815 -61.7113 -55.8558 141.393 -161.797 -180.205 40.61 -31.9204 -84.6648
internal_weight=971 938 619 184 319 79 435 197 238 240 205 146 154 114 82 144 94 115 96 114 71 109 62 60
internal_count=971 938 619 184 319 79 435 197 238 240 205 146 154 114 82 144 94 115 96 114 71 109 62 60
is_linear=0
shrinkage=0.05


Tree=16
num_leaves=26
num_cat=0
split_feature=24 24 0 0 24 14 24 24 3 24 24 24 0 14 20 24 25 24 0 24 24 24 24 25 0
split_gain=1.7846e+10 3.92191e+09 6.32367e+08 1.17724e+09 5.2761e+08 3.59041e+08 6.03621e+08 2.67018e+08 2.11067e+08 1.74524e+08 1.72909e+08 1.23825e+08 1.0538e+08 4.36967e+07 5.35279e+07 3.91905e+07 3.70094e+07 3.16318e+07 2.8671e+07 2.54707e+07 2.24676e+07 4.47681e+07 1.31054e+07 1.59595e+06 1.52965e+06
threshold=21214.285714285721 8714.8138888888916 754.50000000000011 2.1500000000000004 14615.714285714288 173.50000000000003 1490.0000000000002 6062.11388888889 67.700000000000003 10476.984126984129 3247.2222222222226 6385.9138888888901 215.05000000000004 148.50000000000003 15.375050000000003 11895.833333333334 10.058400000000001 7706.0194444444451 1220.0500000000002 7706.0194444444451 2040.0000000000002 4604.166666666667 9539.6833333333361 11.321870000000002 1954.4000000000003
decision_type=2 2 2 2 2 2 2 2 2 2 2 2 2 2 2 2 2 2 2 2 2 2 2 2 2
left_child=1 2 3 -1 9 7 -7 16 -6 18 13 -8 -11 -5 -15 24 -4 23 -3 -13 -18 -22 -20 -9 -14
right_child=-2 4 5 10 8 6 11 17 -10 12 -12 19 15 14 -16 -17 20 -19 22 -21 21 -23 -24 -25 -26
leaf_value=54.236419425423691 1138.8208090883006 -17.39821236695958 -216.99000073809952 -337.96345914323751 324.80131693995276 132.42929022096425 -152.38696387646598 -89.088150237327397 142.23641865749863 28.896779447181206 -154.55700513417847 -74.704374046128706 116.57101304570702 -232.29669535028958 -316.72166987761989 172.54542378379256 -124.51693108507762 -20.024898479271496 19.95570322854757 -26.92821477160216 -217.91179726432725 -136.60994136466886 57.340205917844344 -71.535652094742787 98.376461153252194
leaf_weight=38 33 30 30 32 30 43 42 30 34 32 32 58 30 49 33 39 43 34 47 54 30 41 47 30 30
leaf_count=38 33 30 30 32 30 43 42 30 34 32 32 58 30 49 33 39 43 34 47 54 30 41 47 30 30
internal_value=-2.2083 -42.4682 -115.857 -193.551 99.9304 -82.9568 -33.0032 -124.274 228.187 67.6637 -258.037 -79.2514 107.887 -286.923 -266.617 133.365 -167.05 -58.6359 25.1164 -51.7141 -153.729 -171.221 38.6891 -80.4456 107.653
internal_weight=971 938 619 184 319 435 197 238 64 255 146 154 131 114 82 99 144 94 124 112 114 71 94 60 60
internal_count=971 938 619 184 319 435 197 238 64 255 146 154 131 114 82 99 144 94 124 112 114 71 94 60 60
is_linear=0
shrinkage=0.05


Tree=17
num_leaves=25
num_cat=0
split_feature=24 24 24 1 24 1 14 24 14 1 24 25 24 24 1 24 24 24 24 15 24 24 24 21
split_gain=1.61111e+10 3.54059e+09 4.78794e+08 8.07747e+08 4.26986e+08 8.50175e+08 4.84326e+08 4.16957e+08 3.12626e+08 2.25409e+08 1.58232e+08 6.27044e+07 3.69921e+07 3.54657e+07 2.80781e+07 4.81304e+07 1.83304e+07 1.61085e+07 7.6125e+06 6.6261e+06 5.55943e+06 5.45977e+06 2.36161e+06 1.03216e+06
threshold=21214.285714285721 8714.8138888888916 13518.519444444446 0.45000000000000007 6429.5634920634939 0.22500000000000003 205.50000000000003 3390.0000000000005 63.500000000000007 0.65000000000000013 10399.075000000003 19.258807500000007 5737.655555555556 7509.2583333333341 1.2500000000000002 1610.0000000000002 11192.591666666669 9729.1666666666697 4815.7416666666677 1.0000000180025095e-35 6844.9083333333338 8013.8888888888896 9194.4444444444471 0.89114144641301196
decision_type=2 2 2 2 2 2 2 2 2 2 2 2 2 2 2 2 2 2 2 2 2 2 2 2
left_child=1 4 9 -4 5 6 8 14 -1 -3 17 -10 18 20 -7 -16 -12 22 -9 -20 -6 -15 -11 -23
right_child=-2 2 3 -5 13 7 -8 12 11 10 16 -13 -14 21 15 -17 -18 -19 19 -21 -22 23 -24 -25
leaf_value=42.268345687714131 1082.0517977896054 -62.731819421359063 56.186317516666172 367.62233732929383 -87.843930244888327 -304.35736226061459 114.40533135326945 -177.25047451321731 -203.78072680096292 12.616087941226795 103.01620500610086 -112.83591311700823 -105.5719584354315 -45.58783708560734 -294.52438203376204 -205.69413914983008 148.12808296219811 60.929390084605217 -163.55335928003592 -129.079624274878 -63.768654429892393 -29.870275941639644 31.612845059606425 -16.847795934172062
leaf_weight=30 33 33 46 38 43 42 36 39 30 35 46 53 49 49 31 33 47 43 33 30 59 30 31 32
leaf_count=30 33 33 46 38 43 42 36 39 30 35 46 53 49 49 31 33 47 43 33 30 59 30 31 32
internal_value=-2.09739 -40.3504 94.9487 197.344 -110.08 -140.157 -45.091 -195.234 -95.9603 58.2795 78.07 -145.913 -141.714 -52.7128 -271.269 -249.114 125.949 37.1407 -158.956 -147.368 -73.9942 -33.1079 21.5732 -23.187
internal_weight=971 938 319 84 619 406 149 257 113 235 202 83 151 213 106 64 93 109 102 63 102 111 66 62
internal_count=971 938 319 84 619 406 149 257 113 235 202 83 151 213 106 64 93 109 102 63 102 111 66 62
is_linear=0
shrinkage=0.05


Tree=18
num_leaves=27
num_cat=0
split_feature=24 24 24 24 1 14 24 14 1 24 6 20 24 24 24 1 24 24 21 24 15 20 24 5 8 30
split_gain=1.45449e+10 3.19622e+09 4.40852e+08 3.85478e+08 7.67514e+08 4.37227e+08 3.76419e+08 2.82227e+08 2.10684e+08 1.79922e+08 8.6375e+07 7.73491e+07 3.34017e+07 3.20131e+07 2.88337e+07 2.53366e+07 4.34545e+07 1.17704e+07 1.05959e+07 6.86968e+06 5.98112e+06 5.64359e+06 5.03631e+06 2.28352e+06 2.26833e+06 597050
threshold=21214.285714285721 8714.8138888888916 14615.714285714288 6429.5634920634939 0.22500000000000003 205.50000000000003 3390.0000000000005 63.500000000000007 0.45000000000000007 10399.075000000003 2.9500000000000006 12.784500000000001 5737.655555555556 7509.2583333333341 11895.833333333334 1.2500000000000002 1610.0000000000002 9376.3888888888905 0.61666249807009432 4815.7416666666677 1.0000000180025095e-35 7.1632000000000016 6813.8888888888896 17.700000000000006 10.550000000000002 -0.22252093395631442
decision_type=2 2 2 2 2 2 2 2 2 2 2 2 2 2 2 2 2 2 2 2 2 2 2 2 2 2
left_child=1 3 8 4 5 7 15 -1 -3 17 -4 -9 19 22 18 -6 -17 -10 -11 -8 -21 -15 -5 -23 -19 -24
right_child=-2 2 10 13 6 -7 12 11 9 14 -12 -13 -14 21 -16 16 -18 24 -20 20 -22 23 25 -25 -26 -27
leaf_value=40.16195056192899 1028.1126633013125 -55.026851191408824 148.55657015173605 -84.607521591771899 -289.17563928889552 108.70091013815923 -168.41061694835457 -201.17773256945839 13.45071979271852 125.33489458964908 265.69709826317904 -101.03787137578865 -100.30411267562214 -45.112777974706006 155.97317169260259 -279.84551487766277 -195.44050433109894 38.265785595670224 84.617797571886584 -155.40039907178848 -122.64708576392493 -11.844567278928535 -55.704372354489045 -30.573753320477348 57.091891530185848 -66.5811161599798
leaf_weight=30 33 34 32 39 42 36 39 31 44 30 32 52 49 45 43 31 33 37 37 33 30 30 31 36 30 32
leaf_count=30 33 34 32 39 42 36 39 31 44 30 32 52 49 45 43 31 33 37 37 33 30 30 31 36 30 32
internal_value=-1.99244 -38.3386 90.2125 -104.591 -133.168 -42.8418 -185.499 -91.1744 60.7184 78.5422 207.45 -138.637 -134.647 -50.0829 123.836 -257.743 -236.697 33.5852 103.009 -151.031 -140.023 -31.4566 -70.3019 -22.0914 46.768 -61.3259
internal_weight=971 938 319 619 406 149 257 113 255 221 64 83 151 213 110 106 64 111 67 102 63 111 102 66 67 63
internal_count=971 938 319 619 406 149 257 113 255 221 64 83 151 213 110 106 64 111 67 102 63 111 102 66 67 63
is_linear=0
shrinkage=0.05


Tree=19
num_leaves=23
num_cat=0
split_feature=24 24 0 0 24 3 24 22 1 3 24 24 10 20 5 24 24 3 24 21 24 24
split_gain=1.31309e+10 2.88544e+09 4.86226e+08 9.96105e+08 3.98006e+08 2.92791e+08 1.97791e+08 2.05974e+08 1.90198e+08 1.89904e+08 1.62424e+08 1.4151e+08 3.60785e+07 4.80195e+07 3.51825e+07 3.14807e+07 2.60248e+07 2.34289e+07 1.07404e+07 9.56747e+06 3.76582e+06 3.25282e+06
threshold=21214.285714285721 8714.8138888888916 754.50000000000011 2.1500000000000004 14615.714285714288 90.350000000000009 6542.3277777777776 -0.6830127018922193 0.45000000000000007 67.700000000000003 10399.075000000003 3247.2222222222226 5.5000000000000009 15.375050000000003 8.8500000000000032 7706.0194444444451 11895.833333333334 79.350000000000009 9539.6833333333361 0.61666249807009432 8311.9055555555587 7143.2111111111117
decision_type=2 2 2 2 2 2 2 2 2 2 2 2 2 2 2 2 2 2 2 2 2 2
left_child=1 2 3 -1 8 6 7 -4 -3 -6 18 12 -5 -14 -9 21 19 -16 -10 -12 -17 -8
right_child=-2 4 5 11 9 -7 15 14 10 -11 16 -13 13 -15 17 20 -18 -19 -20 -21 -22 -23
leaf_value=60.405133022598704 976.86233415401955 -52.283577449720283 -12.578702331325504 -297.29815160130477 288.70618401714336 77.371519947971947 -70.597982723653431 -177.71615761369085 16.727875569572383 115.67978964439236 119.0889681286986 -133.25114551199559 -201.14082482986294 -281.88252211716315 -136.29538884931418 -29.253087044167167 148.19260766544917 -91.251988067998212 47.876626406403432 80.398311530676168 -7.9093292966364519 -51.207791419278955
leaf_weight=38 33 34 42 34 30 31 52 39 57 34 30 32 48 32 106 47 43 41 54 37 37 40
leaf_count=38 33 34 42 34 30 31 52 39 57 34 30 32 48 32 106 47 43 41 54 37 37 40
internal_value=-1.89229 -36.4266 -99.3755 -167.502 85.7149 -70.527 -81.892 -112.625 57.6907 197.11 74.6258 -226.821 -252.946 -233.749 -135.197 -42.0378 117.661 -123.803 31.9108 97.8742 -19.8723 -62.2323
internal_weight=971 938 619 184 319 435 404 228 255 64 221 146 114 80 186 176 110 147 111 67 84 92
internal_count=971 938 619 184 319 435 404 228 255 64 221 146 114 80 186 176 110 147 111 67 84 92
is_linear=0
shrinkage=0.05


Tree=20
num_leaves=25
num_cat=0
split_feature=24 24 1 24 24 27 7 1 24 24 29 24 24 24 4 3 11 24 24 28 8 2 2 21
split_gain=8.8683e+09 2.20012e+09 4.39367e+08 1.05673e+09 4.13536e+08 4.06393e+08 3.50901e+08 2.3293e+08 1.73935e+08 1.06458e+08 7.39119e+07 6.12452e+07 2.22829e+07 1.95218e+07 1.62055e+07 1.20532e+07 9.16246e+06 7.77396e+06 7.31118e+06 6.57965e+06 1.07387e+07 5.75304e+06 3.70743e+06 1.01238e+06
threshold=20980.000000000004 9814.8138888888916 0.097222222222222224 5338.8888888888896 15032.408333333335 -0.34964421742355262 15.15 0.45000000000000007 7530.5555555555557 2717.1428571428578 1.0000000180025095e-35 11192.591666666669 6672.2222222222235 8672.2222222222244 1006.9500000000002 65.100000000000009 2.5000000000000004 10399.075000000003 4604.166666666667 0.70242338714296659 12.15 8.9500000000000011 15.150000000000002 0.98068140243902457
decision_type=2 2 2 2 2 2 2 2 2 2 2 2 2 2 2 2 2 2 2 2 2 2 2 2
left_child=1 2 5 9 7 -1 -7 -3 12 21 -8 17 22 19 -11 -15 -13 -9 -16 20 -10 -4 -5 -14
right_child=-2 4 3 8 -6 6 10 11 13 14 -12 16 23 15 18 -17 -18 -19 -20 -21 -22 -23 -24 -25
leaf_value=163.18789487936704 808.763841574862 -36.266200189390212 -259.23252957948148 -103.8971114832612 239.96688135151146 107.07348998820663 -51.233224195449374 50.050619293922608 7.4616746080650005 -189.8915365630024 -150.81991384742483 151.1664890455163 -63.114560666416537 -15.642852787882369 -160.57294424801981 23.762302260923292 115.14916339061972 83.130674720482816 -125.34310976199532 -40.495637860017666 -30.575684874693902 -225.30722765839306 -84.044686906571314 -51.005482723321947
leaf_weight=33 33 38 31 49 47 30 43 30 31 31 33 39 53 32 36 49 37 46 30 39 46 40 54 31
leaf_count=33 33 38 31 49 47 30 43 30 31 31 33 39 53 32 36 49 37 46 30 39 46 40 54 31
internal_value=4.55957 -24.1223 -69.2086 -89.2125 107.306 10.2382 -37.4871 74.3806 -43.4317 -193.766 -94.6162 102.048 -77.9574 -10.6356 -159.373 8.19468 133.806 70.1558 -144.773 -23.78 -15.2721 -240.464 -93.5807 -58.7118
internal_weight=961 928 691 552 237 139 106 190 384 168 76 152 187 197 97 81 76 76 66 116 77 71 103 84
internal_count=961 928 691 552 237 139 106 190 384 168 76 152 187 197 97 81 76 76 66 116 77 71 103 84
is_linear=0
shrinkage=0.05


Tree=21
num_leaves=23
num_cat=0
split_feature=0 14 0 27 0 8 2 3 8 26 7 8 1 14 14 8 2 1 2 25 0 2
split_gain=2.355e+09 8.04363e+09 4.76078e+08 4.19164e+08 2.45152e+08 2.54476e+08 2.07655e+08 2.73212e+08 1.47968e+08 1.33117e+08 8.94376e+07 7.20159e+07 6.73242e+07 1.07141e+08 6.053e+07 4.18758e+07 4.3293e+07 3.99573e+07 2.60701e+07 1.44528e+07 1.23403e+07 9.91787e+06
threshold=8.1000000000000014 66.000000000000014 464.40000000000003 0.28433548840379819 1.3000000000000003 10.65 15.797000000000002 85.450000000000017 -0.24999999999999997 8.9500000000000046 17.250000000000004 16.450000000000003 0.65000000000000013 98.500000000000014 234.50000000000003 8.1500000000000004 5.2500000000000009 0.45000000000000007 22.250000000000004 24.013980000000004 2628.6000000000008 15.597000000000003
decision_type=2 2 2 2 2 2 2 2 2 2 2 2 2 2 2 2 2 2 2 2 2 2
left_child=1 -1 9 6 5 -3 7 11 -5 17 -6 15 -10 21 -13 16 -4 -2 -8 -20 -15 -14
right_child=2 4 3 8 10 -7 18 -9 12 -11 -12 14 13 20 -16 -17 -18 -19 19 -21 -22 -23
leaf_value=772.2029014351815 -208.71098511089963 -41.191116637202327 55.837666325990853 32.58950677508674 -9.5685854142328655 162.8066396212657 -60.59904320434736 182.9361651956045 -131.87339021526648 -56.201873824959094 -117.92691811725592 22.157289081730255 -43.596804058617892 -86.863523304490087 105.51476037208177 -37.489733549661302 -12.763691803422638 -132.71009083586716 8.8043084555707019 -32.628434434257279 -125.16808546416613 -10.957369275800794
leaf_weight=42 35 31 44 33 32 30 55 30 50 40 47 51 54 43 38 48 48 36 34 55 44 41
leaf_count=42 35 31 44 33 32 30 55 30 50 40 47 51 54 43 38 48 48 36 34 55 44 41
internal_value=4.33244 166.214 -33.505 -17.5624 -16.0034 59.2378 14.5556 41.3122 -66.3932 -129.346 -74.1026 22.687 -80.4806 -66.297 57.8267 0.322922 20.0706 -170.416 -33.5642 -16.808 -106.357 -29.5367
internal_weight=961 182 779 668 140 61 403 259 265 111 79 229 232 182 89 140 92 71 144 89 87 95
internal_count=961 182 779 668 140 61 403 259 265 111 79 229 232 182 89 140 92 71 144 89 87 95
is_linear=0
shrinkage=0.05


Tree=22
num_leaves=23
num_cat=0
split_feature=24 24 24 24 9 24 24 27 24 0 24 24 0 24 0 24 24 24 6 21 24 11
split_gain=7.58858e+09 1.91069e+09 3.78201e+08 9.19077e+08 5.19761e+08 3.50329e+08 1.60892e+08 1.16674e+08 8.22641e+07 6.60101e+07 5.14101e+07 2.26216e+07 1.94884e+07 3.39635e+07 1.18639e+07 1.09121e+07 9.58844e+06 4.49032e+06 3.19659e+06 4.94242e+06 1.2613e+06 954389
threshold=20980.000000000004 9814.8138888888916 1.0000000180025095e-35 5192.5916666666681 0.35000000000000003 15032.408333333335 7530.5555555555557 0.54162280503947546 2717.1428571428578 26.000000000000004 11895.833333333334 6672.2222222222235 1132.3000000000002 8476.1111111111131 62.70000000000001 10548.519444444446 3805.416666666667 9318.7500000000018 2.3500000000000001 0.92708778325216701 8089.2861111111115 2.5000000000000004
decision_type=2 2 2 2 2 2 2 2 2 2 2 2 2 2 2 2 2 2 2 2 2 2
left_child=1 2 4 8 7 9 11 -1 14 -3 15 18 -8 20 -4 -11 -10 -15 -5 -20 -14 -13
right_child=-2 5 3 6 -6 -7 12 -9 16 10 -12 21 13 17 -16 -17 -18 -19 19 -21 -22 -23
leaf_value=-10.652427000402323 748.0374034501275 24.113137060648196 -250.44064114085859 -74.911324639911015 148.83196948996667 222.16760514536733 -44.526092426378362 -123.64921252550675 -173.89058328956995 47.460587492257439 134.64802327280654 -60.27654312016714 -31.233345617306465 10.79144946252087 -205.74173824560904 82.558306310046646 -138.11973307216454 35.090858013368525 -104.92628518527734 -78.823809906651249 -18.473246986775106 -48.962645949809882
leaf_weight=55 33 56 30 33 45 47 34 39 33 39 42 39 47 52 41 53 54 30 47 33 34 45
leaf_count=55 33 56 30 33 45 47 34 39 33 39 42 39 47 52 41 53 54 30 47 33 34 45
internal_value=4.11704 -22.4148 -64.431 -82.9903 9.27878 100.064 -42.1127 -57.6157 -184.834 69.758 88.8012 -74.0523 -10.1517 -2.95864 -224.954 67.7477 -151.872 19.7135 -88.6885 -94.2709 -25.9067 -54.281
internal_weight=961 928 691 552 139 237 394 94 158 190 134 197 197 163 71 92 87 82 113 80 81 84
internal_count=961 928 691 552 139 237 394 94 158 190 134 197 197 163 71 92 87 82 113 80 81 84
is_linear=0
shrinkage=0.05


Tree=23
num_leaves=24
num_cat=0
split_feature=24 24 24 24 9 24 4 24 24 0 27 24 0 24 24 4 0 24 24 24 2 24 21
split_gain=6.85087e+09 1.72482e+09 3.41414e+08 8.29869e+08 4.69198e+08 3.17387e+08 1.48994e+08 1.32605e+08 8.71202e+07 7.37765e+07 8.99306e+07 6.92414e+07 1.7594e+07 3.06604e+07 1.70877e+07 1.27941e+07 1.07164e+07 9.84917e+06 5.07858e+06 4.05419e+06 3.44386e+06 1.13842e+06 868793
threshold=20980.000000000004 9814.8138888888916 1.0000000180025095e-35 5338.8888888888896 0.35000000000000003 15875.000000000002 1006.5500000000001 7530.5555555555557 2717.1428571428578 26.000000000000004 0.90511774987322979 11895.833333333334 1132.3000000000002 8476.1111111111131 6672.2222222222235 1006.9500000000002 62.70000000000001 10548.519444444446 4604.166666666667 9318.7500000000018 15.150000000000002 8089.2861111111115 0.98068140243902457
decision_type=2 2 2 2 2 2 2 2 2 2 2 2 2 2 2 2 2 2 2 2 2 2 2
left_child=1 2 4 8 6 9 -1 14 16 10 -3 17 -9 21 20 -10 -4 -11 -17 -15 -5 -14 -16
right_child=-2 5 3 7 -6 -7 -8 12 15 11 -12 -13 13 19 22 18 -18 -19 -20 -21 -22 -23 -24
leaf_value=1.8650847217171755 710.74852387120006 -37.830462301133878 -237.96020929583679 -91.985449243611569 141.40687271803287 227.32138682588189 -124.66516982053633 -42.306317156570749 -167.50796612803958 45.093627703342293 84.407955648732752 139.07068075840135 -29.674994149177696 10.252912632128556 -55.630358570623315 -140.67577542545391 -195.47968001539689 78.438165271708741 -111.1396542520618 33.342144339425225 -72.993566522228079 -17.55229333335004 -44.480737533446678
leaf_weight=52 33 30 30 49 45 38 42 34 31 39 30 47 47 52 53 36 41 53 30 30 54 34 31
leaf_count=52 33 30 30 49 45 38 42 34 31 39 30 47 47 52 53 36 41 53 30 30 54 34 31
internal_value=3.91165 -21.2976 -61.2179 -78.8515 8.81536 95.0713 -54.7421 -38.2814 -171.505 69.716 23.3274 89.7086 -9.64534 -2.81082 -68.4274 -140.404 -213.739 64.3673 -127.439 18.7306 -82.109 -24.6144 -51.5735
internal_weight=961 928 691 552 139 237 94 384 168 199 60 139 197 163 187 97 71 92 66 82 103 81 84
internal_count=961 928 691 552 139 237 94 384 168 199 60 139 197 163 187 97 71 92 66 82 103 81 84
is_linear=0
shrinkage=0.05


Tree=24
num_leaves=23
num_cat=0
split_feature=24 24 1 24 1 24 9 4 0 24 24 24 24 24 24 0 5 2 14 24 0 24
split_gain=6.18488e+09 1.55706e+09 3.71944e+08 5.90165e+08 3.08209e+08 7.49892e+08 4.23552e+08 1.34501e+08 1.32233e+08 1.47309e+08 6.68556e+07 3.89082e+07 3.1893e+07 2.08162e+07 1.667e+07 9.67984e+06 8.82739e+06 5.98442e+06 5.71078e+06 5.4289e+06 4.00803e+06 2.39412e+06
threshold=20980.000000000004 9814.8138888888916 0.45000000000000007 13966.66666666667 0.097222222222222224 5192.5916666666681 0.35000000000000003 1006.5500000000001 52.500000000000007 7791.666666666667 2717.1428571428578 11129.16666666667 14477.777777777779 8338.8888888888905 6542.3277777777776 62.70000000000001 18.350000000000005 15.597000000000003 224.50000000000003 10399.075000000003 2276.6000000000004 7143.2111111111117
decision_type=2 2 2 2 2 2 2 2 2 2 2 2 2 2 2 2 2 2 2 2 2 2
left_child=1 4 12 11 6 10 7 -1 -7 14 15 19 -3 -11 20 -6 -12 -15 -13 -4 -10 -16
right_child=-2 2 3 -5 5 8 -8 -9 9 13 16 18 -14 17 21 -17 -18 -19 -20 -21 -22 -23
leaf_value=1.7720073019016729 675.31847495456486 -51.845213308722478 41.783434196801679 321.38477999012792 -226.10172650410092 -135.26922590546891 134.35220587956667 -118.4467156634478 -59.447045404071758 -19.369712333194574 -123.1100738122272 127.19042690068578 19.808182402043329 35.707090488836563 -52.989613308782829 -185.72947745590022 -156.75711166085958 10.420828534442482 97.275611241333308 69.801834892396855 -81.988661124137451 -37.762670999984607
leaf_weight=52 33 30 30 32 30 32 45 42 32 55 51 31 32 34 50 41 36 75 39 43 59 57
leaf_count=52 33 30 30 32 30 32 45 42 32 55 51 31 32 34 50 41 36 75 39 43 59 57
internal_value=3.71659 -20.236 90.329 127.594 -58.1653 -74.9195 8.37526 -52.0115 -37.9955 -29.3617 -166.913 84.0339 -14.8904 5.68522 -58.3787 -203.082 -137.197 18.3338 110.686 58.3604 -74.1359 -44.9209
internal_weight=961 928 237 175 691 552 139 94 394 362 158 143 62 164 198 71 87 109 70 73 91 107
internal_count=961 928 237 175 691 552 139 94 394 362 158 143 62 164 198 71 87 109 70 73 91 107
is_linear=0
shrinkage=0.05


Tree=25
num_leaves=22
num_cat=0
split_feature=24 24 0 0 24 8 1 24 24 24 14 1 24 29 0 24 24 24 24 8 7
split_gain=1.23781e+10 1.6121e+09 3.22397e+08 6.34893e+08 3.04732e+08 2.23218e+08 1.58467e+08 1.75346e+08 9.42174e+07 7.71578e+07 5.85253e+07 5.60451e+07 3.05815e+07 3.02382e+07 2.3838e+07 2.93629e+07 2.36596e+07 6.88921e+06 3.89402e+06 3.62799e+06 2.52903e+06
threshold=19550.000000000004 8013.8888888888896 2.1500000000000004 768.75000000000011 15194.444444444447 22.550000000000004 0.45000000000000007 10170.636111111113 1434.2857142857144 6062.11388888889 234.50000000000003 0.65000000000000013 2151.428571428572 -1.0000000180025095e-35 706.9000000000002 11895.833333333334 9127.3805555555573 7114.416666666667 10875.000000000002 10.550000000000002 15.15
decision_type=2 2 2 2 2 2 2 2 2 2 2 2 2 2 2 2 2 2 2 2 2
left_child=1 2 -1 8 6 9 -3 16 -4 10 13 -10 -13 -5 -9 18 20 -11 -16 -18 -8
right_child=-2 4 3 5 -6 -7 7 14 11 17 -12 12 -14 -15 15 -17 19 -19 -20 -21 -22
leaf_value=58.496175906532692 900.43479817434149 -48.447639273455046 -246.9374311893705 -75.182962539284659 179.46424636270044 35.620224184159433 -16.607079880854052 129.50057295035703 -208.12646751509479 -57.084201443749322 -31.640220576188099 -164.31853949740002 -93.440443494925546 -121.63153519471624 47.073270163438195 117.17509544349508 22.802306869372593 -32.697173206051801 72.185827271724463 46.374635747511441 1.1123959995241572
leaf_weight=36 37 50 44 51 40 51 32 31 36 58 30 31 31 117 34 33 34 59 30 32 54
leaf_count=36 37 50 44 51 40 51 32 31 36 58 30 31 31 117 34 33 34 59 30 32 54
internal_value=5.12951 -31.2082 -85.9658 -96.2128 49.3017 -61.366 33.4748 48.1159 -185.923 -77.0749 -96.0994 -158.305 -129.087 -107.584 91.2098 78.8517 11.7902 -44.8249 58.9391 34.2843 -5.49247
internal_weight=951 914 544 508 370 366 330 280 142 315 198 98 62 168 128 97 152 117 64 66 86
internal_count=951 914 544 508 370 366 330 280 142 315 198 98 62 168 128 97 152 117 64 66 86
is_linear=0
shrinkage=0.05


Tree=26
num_leaves=25
num_cat=0
split_feature=24 24 24 0 0 1 20 24 24 24 1 10 1 24 24 0 24 6 24 24 24 0 24 24
split_gain=1.12012e+10 1.60323e+09 3.95354e+08 2.99122e+08 5.2463e+08 2.08658e+08 1.63516e+08 1.29214e+08 1.2214e+08 7.9258e+07 6.27177e+07 6.12633e+07 5.14372e+07 5.13147e+07 3.8915e+07 3.23849e+07 3.14379e+07 2.22221e+07 1.81942e+07 1.3827e+07 4.79917e+06 4.02249e+06 2.98133e+06 1.97511e+06
threshold=20150.000000000004 9041.6666666666679 16090.277777777779 768.75000000000011 2.1500000000000004 0.29166666666666669 22.194500000000001 6914.6833333333334 3336.8055555555561 11282.408333333335 1.2500000000000002 6.5000000000000009 0.65000000000000013 4762.8972222222228 4762.8972222222228 2704.2500000000005 1702.5000000000002 3.4500000000000006 12854.496428571432 8089.2861111111115 5990.7416666666677 1727.0500000000004 8476.1111111111131 7372.686111111112
decision_type=2 2 2 2 2 2 2 2 2 2 2 2 2 2 2 2 2 2 2 2 2 2 2 2
left_child=1 3 5 4 -1 -3 7 11 10 17 -6 14 -11 -13 15 -5 -12 21 -14 23 -16 -7 -21 -9
right_child=-2 2 -4 6 8 9 -8 19 -10 12 16 13 18 -15 20 -17 -18 -19 -20 22 -22 -23 -24 -25
leaf_value=35.385859309170314 922.98470319230989 -68.29706260934698 237.68689883314912 -82.017528151559702 -233.19424168152909 14.804161257755727 62.726113161612979 -43.228156953699454 -80.005292798008568 48.346060273482493 -191.14615377659811 9.4923042829646604 100.9907219739839 -77.905120497175403 -78.674161821460544 -139.87651338787046 -120.39565458075943 68.891876397559145 155.65260772198141 -14.931011923706421 -53.267817257092247 36.323553119429434 6.4578368361493874 -28.050869306309256
leaf_weight=40 32 33 31 42 52 40 30 39 31 31 35 30 33 38 54 59 30 48 30 33 30 48 32 50
leaf_count=40 32 33 31 42 52 40 30 39 31 31 35 30 33 38 54 59 30 48 30 33 30 48 32 50
internal_value=4.87574 -27.1902 69.0835 -72.4811 -125.209 49.1273 -49.7739 -58.0797 -168.607 65.9975 -191.995 -80.0543 101.291 -39.39 -94.9718 -115.921 -158.727 41.5468 127.226 -21.95 -69.6747 26.57 -4.4073 -34.7427
internal_weight=951 919 294 625 188 263 437 407 148 230 117 253 94 68 185 101 65 136 63 154 84 88 65 89
internal_count=951 919 294 625 188 263 437 407 148 230 117 253 94 68 185 101 65 136 63 154 84 88 65 89
is_linear=0
shrinkage=0.05


Tree=27
num_leaves=22
num_cat=0
split_feature=24 24 0 0 24 1 8 24 24 24 1 14 29 24 24 15 14 27 28 28 24
split_gain=1.01239e+10 1.24439e+09 2.58285e+08 5.17966e+08 2.03558e+08 2.54301e+08 1.88424e+08 1.29392e+08 7.51365e+07 5.89237e+07 5.51694e+07 4.5979e+07 2.66893e+07 2.51346e+07 2.39095e+07 1.58966e+07 1.51126e+07 6.56332e+06 5.86747e+06 5.51197e+06 3.66576e+06
threshold=18708.333333333339 7927.2500000000009 2.1500000000000004 768.75000000000011 10875.000000000002 0.65000000000000013 22.550000000000004 12979.16666666667 1434.2857142857144 6159.7222222222226 0.65000000000000013 234.50000000000003 -1.0000000180025095e-35 2151.428571428572 9127.3805555555573 1.0000000180025095e-35 166.00000000000003 -0.6084543315941251 -0.1670268750011662 0.65180241000790706 7114.416666666667
decision_type=2 2 2 2 2 2 2 2 2 2 2 2 2 2 2 2 2 2 2 2 2
left_child=1 2 -1 8 14 15 9 -7 -4 11 -10 12 -5 -12 18 -6 -16 -18 -3 -20 -11
right_child=-2 4 3 6 5 7 -8 -9 10 20 13 -13 -14 -15 16 -17 17 -19 19 -21 -22
leaf_value=54.539383760155822 782.16837711096412 -25.717905771250358 -223.65271605753301 -66.638093803247713 -10.521307535854826 94.805011888881268 32.99970898413612 223.18893929141129 -195.55533218160053 -49.572473610357299 -147.73992130978695 -31.052963028667133 -109.50277872839936 -83.497317970987297 4.4262025727550691 35.529321413505372 24.308430279796145 57.224857048972503 14.307372007952626 -15.461234231317158 -30.649629532190819
leaf_weight=34 40 37 44 53 32 54 51 31 34 51 31 32 120 31 55 45 31 30 31 31 53
leaf_count=34 40 37 44 53 32 54 51 31 34 51 31 32 120 31 55 45 31 30 31 31 53
internal_value=4.63452 -29.5874 -78.6822 -87.7504 39.9552 82.2626 -55.9871 141.835 -169.329 -70.6802 -144.224 -86.2339 -96.4169 -115.805 8.0536 16.4025 23.4484 40.5641 -9.99011 -0.57778 -39.9679
internal_weight=951 911 534 500 377 162 360 85 140 309 96 205 173 62 215 77 116 61 99 62 104
internal_count=951 911 534 500 377 162 360 85 140 309 96 205 173 62 215 77 116 61 99 62 104
is_linear=0
shrinkage=0.05


Tree=28
num_leaves=24
num_cat=0
split_feature=24 24 24 26 0 20 24 0 24 14 24 24 24 24 0 24 29 28 24 0 3 24 24
split_gain=9.23374e+09 1.29664e+09 3.17452e+08 2.71745e+08 3.97521e+08 1.426e+08 1.10333e+08 9.83217e+07 8.82349e+07 7.20253e+07 9.45856e+07 4.88182e+07 4.29116e+07 4.11316e+07 3.11861e+07 1.99511e+07 1.46015e+07 2.57385e+07 1.43413e+07 1.1467e+07 7.73679e+06 3.98375e+06 1.82477e+06
threshold=20150.000000000004 9041.6666666666679 16090.277777777779 11.850000000000001 754.50000000000011 22.194500000000001 6269.4444444444453 2.1500000000000004 3247.2222222222226 167.50000000000003 1490.0000000000002 10875.000000000002 1173.3340000000003 4762.8972222222228 26.000000000000004 7754.6277777777786 1.0000000180025095e-35 -0.1670268750011662 12548.611111111113 52.500000000000007 76.350000000000009 8476.1111111111131 7114.416666666667
decision_type=2 2 2 2 2 2 2 2 2 2 2 2 2 2 2 2 2 2 2 2 2 2 2
left_child=1 3 11 4 7 6 9 -1 12 13 -11 16 -9 -6 20 22 -3 -18 -16 -14 -13 -17 -8
right_child=-2 2 -4 -5 5 -7 15 8 -10 10 -12 14 19 -15 18 21 17 -19 -20 -21 -22 -23 -24
leaf_value=-56.378242232569278 837.992650359442 40.9888763646846 212.9528661102344 81.189162863290989 -121.8252391122893 58.553023845888063 -48.03449303175875 -220.13624353805076 -81.361051355459892 21.996799086405733 -96.688730992435339 56.05825262354854 -177.51450280477832 -66.573947811627761 66.102949149536698 -16.551010592564971 -27.831921958310048 32.780647066644306 109.94055512280059 -136.07288596413352 20.641144877876449 5.8485126828107505 -34.071951903001015
leaf_weight=32 32 53 31 30 84 30 50 36 33 34 33 30 30 57 43 52 31 40 34 45 32 32 47
leaf_count=32 32 53 31 30 84 30 50 36 33 34 33 30 30 57 43 52 31 40 34 45 32 32 47
internal_value=4.40455 -24.7094 61.8709 -65.4402 -72.8456 -46.3389 -54.4412 -135.888 -153.505 -79.2753 -36.5172 43.9886 -174.861 -99.5527 64.3275 -25.8746 21.1558 6.31401 85.5774 -152.864 37.8412 -8.02099 -41.3112
internal_weight=951 919 294 625 595 419 389 176 144 208 67 263 111 141 139 181 124 71 77 75 62 84 97
internal_count=951 919 294 625 595 419 389 176 144 208 67 263 111 141 139 181 124 71 77 75 62 84 97
is_linear=0
shrinkage=0.05


Tree=29
num_leaves=25
num_cat=0
split_feature=24 24 24 26 0 1 8 21 24 24 3 4 24 11 1 24 1 6 24 24 24 24 24 24
split_gain=8.33615e+09 1.17052e+09 2.86603e+08 2.45323e+08 3.58894e+08 1.7628e+08 1.28353e+08 1.84414e+08 1.18247e+08 8.90364e+07 6.61638e+07 7.8328e+07 5.735e+07 3.88225e+07 3.67812e+07 2.95582e+07 2.87714e+07 2.01408e+07 1.77221e+07 1.53389e+07 1.22342e+07 3.2761e+06 2.94707e+06 1.3268e+06
threshold=20150.000000000004 9041.6666666666679 16090.277777777779 11.850000000000001 754.50000000000011 0.29166666666666669 22.550000000000004 0.62902056224899605 6269.4444444444453 5192.5916666666681 77.200000000000003 1008.1500000000002 11282.408333333335 2.5000000000000004 0.65000000000000013 4815.7416666666677 0.65000000000000013 3.4500000000000006 1702.5000000000002 7754.6277777777786 12854.496428571432 9770.8333333333339 8449.0750000000025 7114.416666666667
decision_type=2 2 2 2 2 2 2 2 2 2 2 2 2 2 2 2 2 2 2 2 2 2 2 2
left_child=1 3 5 4 9 -3 8 -8 13 10 11 -1 17 15 -14 -6 -15 21 -13 23 -16 -7 -21 -10
right_child=-2 2 -4 -5 6 12 7 -9 19 -11 -12 18 14 16 20 -17 -18 -19 -20 22 -22 -23 -24 -25
leaf_value=-80.376961719870792 796.22355668849298 -66.13016515541652 202.33946157253058 77.143185799937712 -124.41674793948908 10.335258003517433 111.17683600017001 -62.44467801894406 -43.590944742561739 -51.979720613044179 -209.2138768466462 -191.04419887459539 42.544678949313152 -27.902236979997078 87.700817244146535 -69.964058619806778 -82.440668108194458 62.530869373313607 -136.49238793474302 -14.434493497818236 132.59885034909675 30.081977145954717 5.8645686148211018 -30.583071158501738
leaf_weight=50 32 33 31 30 61 35 30 31 44 31 32 32 31 44 33 43 54 48 31 44 30 53 30 38
leaf_count=50 32 33 31 30 61 35 30 31 44 31 32 32 31 44 33 43 54 48 31 44 30 53 30 38
internal_value=4.18675 -23.476 58.7861 -62.1753 -69.2115 41.7949 -44.0255 22.9851 -55.4468 -129.112 -145.555 -127.359 57.3018 -80.692 87.3249 -101.992 -58.0075 36.5016 -164.46 -22.7266 109.257 22.2489 -6.20827 -37.6076
internal_weight=951 919 294 625 595 263 419 61 358 176 145 113 230 202 94 104 98 136 63 156 63 88 74 82
internal_count=951 919 294 625 595 263 419 61 358 176 145 113 230 202 94 104 98 136 63 156 63 88 74 82
is_linear=0
shrinkage=0.05


Tree=30
num_leaves=23
num_cat=0
split_feature=0 14 1 1 0 14 6 15 21 9 7 27 3 14 20 0 2 14 8 4 7 3
split_gain=1.61681e+09 4.58518e+09 2.81362e+08 2.6023e+08 1.76767e+08 1.88871e+08 8.97063e+07 7.69876e+07 6.7419e+07 6.73168e+07 5.00232e+07 3.9364e+07 5.22476e+07 4.09483e+07 3.00504e+07 4.28319e+07 1.9161e+07 1.87003e+07 1.68091e+07 1.21785e+07 4.27748e+06 2.96263e+06
threshold=4.1000000000000005 61.500000000000007 0.45000000000000007 0.65000000000000013 754.50000000000011 167.50000000000003 3.0500000000000003 1.0000000180025095e-35 0.70665995783017077 1.0000000180025095e-35 16.350000000000005 0.20088869483109786 47.850000000000001 294.00000000000006 1.2755500000000002 828.00000000000011 18.350000000000005 129.00000000000003 21.950000000000003 1006.5500000000001 19.550000000000004 63.400000000000006
decision_type=2 2 2 2 2 2 2 2 2 2 2 2 2 2 2 2 2 2 2 2 2 2
left_child=1 -1 6 4 9 -6 -3 8 11 -2 -9 12 -5 18 -10 -16 21 20 -14 -18 -12 -17
right_child=3 2 -4 7 5 -7 -8 10 14 -11 17 -13 13 -15 15 16 19 -19 -20 -21 -22 -23
leaf_value=667.77560131845166 -100.92385850464557 -132.65560553449527 97.080757671936482 83.896354891958552 -106.82901583729068 33.309327330163022 -15.101080416094872 -5.9213652401604921 24.35798083333874 -193.14237890496059 -65.753830417145821 -20.404850001427008 58.622357523216401 -26.955020396443274 -84.403642328712237 5.6250834228633062 -11.516880852974893 -100.47835117352355 13.348257174874593 -46.154364467906561 -39.396951102597157 -12.746054719428365
leaf_weight=33 53 31 40 33 48 48 34 48 30 32 32 57 37 42 30 47 39 31 46 73 31 41
leaf_count=33 53 31 40 33 48 48 34 48 30 32 32 57 37 42 30 47 39 31 46 73 31 41
internal_value=-3.3205 154.64 -7.1132 -30.6529 -83.353 -36.798 -71.2833 -15.1821 -5.52136 -135.828 -47.4712 15.1896 28.0355 13.2329 -22.647 -28.7861 -20.4054 -68.6592 33.577 -34.1142 -52.8676 -2.93889
internal_weight=936 138 105 798 181 96 65 617 475 85 142 215 158 125 260 230 200 94 83 112 63 88
internal_count=936 138 105 798 181 96 65 617 475 85 142 215 158 125 260 230 200 94 83 112 63 88
is_linear=0
shrinkage=0.05


Tree=31
num_leaves=24
num_cat=0
split_feature=0 14 5 1 6 0 14 15 25 21 14 3 26 0 3 0 26 20 25 10 7 26 28
split_gain=1.4596e+09 4.14725e+09 2.46247e+08 2.3799e+08 2.17526e+08 2.07736e+08 1.70493e+08 5.18571e+07 5.5198e+07 5.25664e+07 4.43254e+07 5.81148e+07 5.14273e+07 4.28416e+07 3.89e+07 3.13573e+07 2.19352e+07 1.99625e+07 1.94049e+07 1.3304e+07 5.92257e+06 5.62918e+06 6.79514e+06
threshold=4.1000000000000005 66.000000000000014 16.550000000000004 0.45000000000000007 3.2500000000000004 754.50000000000011 167.50000000000003 1.0000000180025095e-35 17.192495000000005 0.70665995783017077 173.50000000000003 49.250000000000007 7.3500000000000014 1606.7500000000002 68.90000000000002 542.60000000000002 7.5000000000000018 8.6070000000000011 23.703120000000002 3.5000000000000004 12.750000000000002 4.3500000000000005 -0.67758968959607091
decision_type=2 2 2 2 2 2 2 2 2 2 2 2 2 2 2 2 2 2 2 2 2 2 2
left_child=1 -1 4 5 -3 14 -7 9 13 10 16 -12 18 -9 -2 -11 -5 20 -13 -15 -17 -19 -23
right_child=3 2 -4 7 -6 6 -8 8 -10 15 11 12 -14 19 -16 17 -18 21 -20 -21 -22 22 -24
leaf_value=607.50493110170657 -108.89548325092049 -149.29189767412001 98.649746509207375 12.211385879643336 27.460994267983605 -101.49866958903671 31.647324066796571 27.475920373656823 -95.518399130448984 -70.151115148804124 89.019162067780869 61.873319066796341 -43.96335647558476 -20.547539152252128 -184.78966789351276 -6.7666878442272109 -43.43559193931987 -8.6891786176675385 12.217945724457444 -59.387178478915089 20.189808281901563 -48.983863675565324 -23.296638833235065
leaf_weight=36 33 38 32 30 32 48 48 30 35 30 30 32 31 41 36 59 43 31 51 48 31 41 70
leaf_count=36 33 38 32 30 32 48 48 30 35 30 30 32 31 41 36 59 43 31 51 48 31 41 70
internal_value=-3.15436 146.93 -16.0613 -29.124 -68.5666 -82.5875 -34.962 -15.1772 -40.4069 -7.05897 11.1386 27.222 10.8958 -24.131 -148.703 -22.1295 -20.5815 -15.8922 31.4137 -41.538 2.53037 -27.5621 -32.8203
internal_weight=936 138 102 798 70 165 96 633 154 479 217 144 114 119 69 262 73 232 83 89 90 142 111
internal_count=936 138 102 798 70 165 96 633 154 479 217 144 114 119 69 262 73 232 83 89 90 142 111
is_linear=0
shrinkage=0.05


Tree=32
num_leaves=25
num_cat=0
split_feature=14 25 3 1 25 3 3 25 25 28 11 8 28 21 26 28 21 28 27 14 8 2 8 3
split_gain=8.93153e+08 1.70142e+09 1.26584e+09 2.42394e+08 2.36582e+08 1.65297e+08 2.26462e+08 1.03689e+08 1.28395e+08 9.2718e+07 8.48941e+07 7.56392e+07 4.3895e+07 4.11248e+07 8.98923e+07 3.98861e+07 2.6375e+07 2.13198e+07 1.72949e+07 1.32497e+07 1.2832e+07 1.08711e+07 1.45871e+07 3.06696e+06
threshold=66.000000000000014 3.4763300000000004 46.850000000000001 0.65000000000000013 7.9360200000000001 47.550000000000004 40.650000000000006 16.527385000000002 10.722345000000002 -0.70250145193066593 2.5000000000000004 9.6500000000000004 -0.28435918728100346 0.70145753816793899 7.3500000000000014 -0.96227343267549392 1.2645591075912692 -0.43663505800854857 -0.78026694822287734 203.50000000000003 10.350000000000003 22.550000000000004 12.550000000000002 71.850000000000009
decision_type=2 2 2 2 2 2 2 2 2 2 2 2 2 2 2 2 2 2 2 2 2 2 2 2
left_child=1 10 -3 7 -4 6 -5 8 -2 15 -1 -10 -11 14 17 -9 18 19 23 -7 -16 22 -20 -15
right_child=3 2 4 5 -6 13 -8 9 11 12 -12 -13 -14 16 20 -17 -18 -19 21 -21 -22 -23 -24 -25
leaf_value=-116.31589000728457 -25.497659594486848 511.01861881560274 24.248867568508736 -33.513939243456058 216.53171022666612 -8.0466807021305407 153.4798430179259 -29.518515764914483 -205.11541059627089 49.642531880350212 -14.459173381054189 -98.476926095717218 -35.749742042820323 -8.06325174707281 -26.49374882988532 -102.54750217734696 6.3546904663679946 53.112463118390338 -37.715890909733915 34.576192908578371 -70.577529106266866 -23.571711941742194 -73.973642617205883 -28.038668873303834
leaf_weight=43 33 30 33 30 31 44 35 30 30 30 39 38 30 39 37 50 41 45 59 31 30 37 53 38
leaf_count=43 33 30 33 30 31 44 35 30 30 30 39 38 30 39 37 50 41 45 59 31 30 37 53 38
internal_value=-2.99652 98.466 243.554 -26.503 117.578 -7.2568 67.256 -67.9299 -106.527 -40.0283 -67.9485 -145.756 6.95787 -17.9374 0.0455444 -75.2327 -30.5275 25.9437 -37.2184 9.59329 -46.3086 -47.1598 -54.9243 -17.9449
internal_weight=936 176 94 760 64 519 65 241 101 140 82 68 60 454 187 80 267 120 226 75 67 149 112 77
internal_count=936 176 94 760 64 519 65 241 101 140 82 68 60 454 187 80 267 120 226 75 67 149 112 77
is_linear=0
shrinkage=0.05


Tree=33
num_leaves=23
num_cat=0
split_feature=24 24 0 0 24 1 24 14 1 24 24 24 10 27 29 21 24 24 16 24 24 5
split_gain=2.23156e+09 8.17606e+08 3.21689e+08 2.36827e+08 1.66667e+08 1.6303e+08 1.66542e+08 5.74816e+07 8.7794e+07 7.84517e+07 5.44178e+07 4.8592e+07 3.69205e+07 2.85869e+07 1.19599e+07 1.18882e+07 1.17252e+07 9.9945e+06 6.06519e+06 5.68835e+06 5.32697e+06 3.63877e+06
threshold=18200.000000000004 8672.2222222222244 2.1500000000000004 754.50000000000011 3390.0000000000005 0.29166666666666669 14615.714285714288 167.50000000000003 0.65000000000000013 4762.8972222222228 10548.519444444446 6193.2861111111115 5.5000000000000009 0.73243302457225423 0.6078576107927941 0.57835029902023172 12018.519444444446 7143.2111111111117 1.0000000180025095e-35 9318.7500000000018 7372.686111111112 13.450000000000001
decision_type=2 2 2 2 2 2 2 2 2 2 2 2 2 2 2 2 2 2 2 2 2 2
left_child=1 2 -1 4 12 -3 10 9 -9 13 18 -10 -4 -5 16 -14 -12 21 19 -7 -13 -11
right_child=-2 5 3 7 -6 6 -8 8 11 17 14 20 15 -15 -16 -17 -18 -19 -20 -21 -22 -23
leaf_value=92.688268745959334 328.85647428199309 -52.944703678321332 -203.93136927202295 -130.99575085916541 -27.308608885474076 -3.3369031129344822 159.19244476383568 31.46199064036665 -92.544464898399482 -60.360723430354426 39.041304621830939 -43.056932272122602 -158.85882127233012 -72.285220578233108 89.553966169040223 -115.45968007144764 78.251473058602599 -20.858825540210702 38.799115137245963 22.322930642917072 -19.447127915307675 -40.110014154595568
leaf_weight=34 48 38 30 43 33 34 35 48 41 45 46 38 32 41 39 35 33 43 30 59 65 46
leaf_count=34 48 38 30 43 33 34 35 48 41 45 46 38 32 41 39 35 33 43 30 59 65 46
internal_value=-2.8461 -20.811 -56.2926 -65.6883 -124.476 44.0475 57.4158 -47.0226 -27.0523 -64.5906 42.5751 -46.5653 -157.47 -102.46 66.8205 -136.394 55.4985 -40.7932 19.2799 12.9484 -28.1909 -50.1794
internal_weight=936 888 574 540 130 314 276 410 192 218 241 144 97 84 118 67 79 134 123 93 103 91
internal_count=936 888 574 540 130 314 276 410 192 218 241 144 97 84 118 67 79 134 123 93 103 91
is_linear=0
shrinkage=0.05


Tree=34
num_leaves=23
num_cat=0
split_feature=24 24 0 0 24 1 24 14 1 24 24 24 14 27 21 29 24 24 24 24 5 5
split_gain=2.01443e+09 7.38097e+08 2.90411e+08 2.13818e+08 1.50616e+08 1.47175e+08 1.5035e+08 5.18895e+07 7.92526e+07 7.08209e+07 4.9126e+07 4.39088e+07 3.24455e+07 2.58056e+07 1.13421e+07 1.07965e+07 1.06663e+07 9.02203e+06 5.51779e+06 5.34328e+06 4.85978e+06 3.28478e+06
threshold=18200.000000000004 8672.2222222222244 2.1500000000000004 754.50000000000011 3336.8055555555561 0.29166666666666669 14615.714285714288 167.50000000000003 0.65000000000000013 4762.8972222222228 10548.519444444446 6096.2972222222224 154.00000000000003 0.73243302457225423 0.57835029902023172 0.6078576107927941 11672.222222222224 7143.2111111111117 9127.3805555555573 7190.7416666666677 10.15 13.450000000000001
decision_type=2 2 2 2 2 2 2 2 2 2 2 2 2 2 2 2 2 2 2 2 2 2
left_child=1 2 -1 4 12 -3 10 9 -9 13 18 -10 -4 -5 -14 16 -12 21 -7 -13 -20 -11
right_child=-2 5 3 7 -6 6 -8 8 11 17 15 19 14 -15 -16 -17 -18 -19 20 -21 -22 -23
leaf_value=88.06744767689635 312.44782697078841 -50.304416799670442 -192.71004960529291 -124.46115976851391 -27.734254175302222 0.82393775663347035 151.25550161454072 29.892162234173497 -89.487292402418674 -57.349379417267187 30.322181497258939 -44.78461027973335 -152.04673630692952 -68.679754946817738 -109.07311202689698 85.087718883621719 67.891208906234453 -19.818304039098827 12.260682948439818 -20.021223324609675 35.582422397637316 -38.108863820636614
leaf_weight=34 48 38 31 43 34 33 35 48 39 45 32 31 31 41 34 39 47 43 42 74 48 46
leaf_count=34 48 38 31 43 34 33 35 48 39 45 32 31 31 41 34 39 47 43 42 74 48 46
internal_value=-2.70466 -19.7732 -53.4854 -62.4127 -118.271 41.851 54.5527 -44.6769 -25.7029 -61.3685 40.4518 -44.2425 -150.274 -97.3486 -129.77 63.4882 52.731 -38.7581 18.3182 -27.368 24.7247 -47.676
internal_weight=936 888 574 540 130 314 276 410 192 218 241 144 96 84 65 118 79 134 123 105 90 91
internal_count=936 888 574 540 130 314 276 410 192 218 241 144 96 84 65 118 79 134 123 105 90 91
is_linear=0
shrinkage=0.05


Tree=35
num_leaves=23
num_cat=0
split_feature=0 28 6 27 28 28 0 0 6 0 26 0 21 0 0 20 27 29 14 11 23 21
split_gain=1.15421e+09 1.6749e+09 2.75649e+08 1.79561e+08 1.47333e+08 1.35367e+08 3.55767e+08 2.00336e+08 9.32338e+07 8.93001e+07 6.19087e+07 1.20759e+08 5.47534e+07 5.40738e+07 5.37727e+07 3.24618e+07 2.88834e+07 2.48623e+07 2.19366e+07 1.48696e+07 1.30867e+07 9.33598e+06
threshold=1.3000000000000003 0.081673369964559248 1.6500000000000001 -0.70252096857941215 -0.55599684127981919 0.2926003356333482 8.1000000000000014 474.15000000000003 3.2500000000000004 464.40000000000003 9.8500000000000032 1101.6500000000003 0.76513342898134873 2229.2000000000003 1751.9000000000003 14.868400000000003 0.1670500785599974 0.6078576107927941 177.50000000000003 4.5000000000000009 -0.68301270189221952 0.61909511064081435
decision_type=2 2 2 2 2 2 2 2 2 2 2 2 2 2 2 2 2 2 2 2 2 2
left_child=1 -1 -2 4 -4 7 -7 8 15 -8 11 -6 -13 17 18 -5 -15 -11 -9 20 -16 -20
right_child=2 -3 3 5 10 6 9 14 -10 13 -12 12 -14 16 19 -17 -18 -19 21 -21 -22 -23
leaf_value=-25.575120678087224 122.88333964334254 448.62451680650469 123.57721025428899 -180.96777436376667 -99.534236214723308 155.89195965358189 -93.395334849856482 -31.327654873712547 -52.007747931602104 -3.9578556079816938 67.042808567059396 54.142542973091146 -18.128443192225426 -0.48213228389412582 -66.677034285529274 -109.98716294713479 -47.870937836633274 55.110907079868973 39.048370523547817 -16.100370913866328 -35.117682943163565 -0.044994394725541974
leaf_weight=41 35 34 30 34 30 30 41 33 43 40 31 47 59 50 77 32 90 32 30 34 58 31
leaf_count=41 35 34 30 34 30 30 41 33 43 40 31 47 59 50 77 32 90 32 30 34 58 31
internal_value=1.49478 189.706 -14.439 -20.0939 21.7527 -32.6813 -6.61668 -52.5028 -109.47 -25.9405 3.39778 -11.1481 13.937 -12.8571 -28.8604 -146.771 -30.9588 22.3349 1.45591 -45.7136 -53.1543 19.2136
internal_weight=962 75 887 852 197 655 283 372 109 253 167 136 106 212 263 66 140 72 94 169 135 61
internal_count=962 75 887 852 197 655 283 372 109 253 167 136 106 212 263 66 140 72 94 169 135 61
is_linear=0
shrinkage=0.05


Tree=36
num_leaves=24
num_cat=0
split_feature=24 24 8 9 24 4 1 4 1 24 24 24 24 20 24 24 28 24 2 23 11 24 11
split_gain=2.62097e+09 4.97912e+08 2.91031e+08 1.99258e+08 1.16401e+08 1.25072e+08 1.39857e+08 1.75464e+08 1.02735e+08 1.45121e+08 7.14094e+07 6.42139e+07 2.85646e+07 2.46662e+07 1.75985e+07 1.51595e+07 1.10678e+07 9.67811e+06 8.68709e+06 4.64334e+06 4.57228e+06 2.27466e+06 1.95715e+06
threshold=18200.000000000004 8714.8138888888916 -2.1499999999999999 24.350000000000005 5737.655555555556 1009.1500000000002 0.29166666666666669 1001.0500000000001 0.65000000000000013 12979.16666666667 2717.1428571428578 13296.297222222223 10399.075000000003 5.3768000000000002 3390.0000000000005 6813.8888888888896 0.70242338714296659 8311.9055555555587 1.0000000180025095e-35 -0.24999999999999994 2.5000000000000004 9376.3888888888905 2.5000000000000004
decision_type=2 2 2 2 2 2 2 2 2 2 2 2 2 2 2 2 2 2 2 2 2 2 2
left_child=1 2 -1 4 5 6 7 -4 11 12 13 -3 19 -7 -8 22 17 -17 -14 -10 -12 -21 -6
right_child=-2 8 3 -5 15 10 14 -9 9 -11 20 -13 18 -15 -16 16 -18 -19 -20 21 -22 -23 -24
leaf_value=108.77070925386245 369.28711886457666 -69.527607820271683 -86.695666770269156 70.476459405726743 -58.755449615224904 -181.03446424252519 -121.17802749225403 51.869848095450259 36.198212998529833 154.99691048555596 -64.543271170388365 23.053575265078535 80.056452451258224 -120.84601576236813 -73.156005367628651 -23.135579013739417 -42.276963567459198 9.9167967635135721 46.395212102439721 3.3160371340695201 -91.03460944565164 20.67942556683257 -42.299224870638959
leaf_weight=30 46 31 40 32 36 32 41 53 32 30 38 47 31 39 37 84 52 30 52 32 31 46 40
leaf_count=30 46 31 40 32 36 32 41 53 32 30 38 47 31 39 37 84 52 30 52 32 31 46 40
internal_value=1.42152 -17.0904 -42.8778 -50.6719 -57.6938 -77.9277 -49.1918 -7.75728 35.5949 52.8647 -112.966 -13.7834 36.9171 -148.19 -98.5213 -31.6692 -23.1778 -14.4365 59.0488 20.1793 -76.5598 13.5694 -50.1613
internal_weight=962 916 615 585 553 311 171 93 301 223 140 78 193 71 78 242 166 114 83 110 69 78 76
internal_count=962 916 615 585 553 311 171 93 301 223 140 78 193 71 78 242 166 114 83 110 69 78 76
is_linear=0
shrinkage=0.05


Tree=37
num_leaves=21
num_cat=0
split_feature=24 24 26 9 0 3 1 24 1 24 24 7 24 0 24 24 28 24 24 14
split_gain=2.36597e+09 4.4949e+08 2.76019e+08 1.98262e+08 1.40139e+08 1.15328e+08 9.27491e+07 1.31021e+08 5.93124e+07 5.7971e+07 4.09333e+07 6.15634e+07 5.32963e+07 3.55862e+07 1.31092e+07 6.50071e+06 2.55148e+06 2.21442e+06 1.97361e+06 969681
threshold=18200.000000000004 8714.8138888888916 11.450000000000001 24.350000000000005 768.75000000000011 60.350000000000001 0.65000000000000013 12979.16666666667 0.65000000000000013 13296.297222222223 6503.0861111111126 14.750000000000002 2578.7888888888892 999.25000000000011 10094.908333333335 7706.0194444444451 0.59809228744854648 11009.258333333337 9376.3888888888905 191.50000000000003
decision_type=2 2 2 2 2 2 2 2 2 2 2 2 2 2 2 2 2 2 2 2
left_child=1 2 3 4 5 -1 9 13 -7 -3 11 -6 -13 -8 18 16 -12 -16 -15 -17
right_child=-2 6 -4 -5 10 8 7 -9 -10 -11 15 12 -14 14 17 19 -18 -19 -20 -21
leaf_value=-38.794390184947886 350.86281145306839 -66.062405574590059 104.42716311243187 76.550139453165556 -107.930805295097 -163.39526045919587 85.044311723677424 147.27281088591414 -86.74429799718915 21.903343284104789 -24.285392407354365 -8.2424328802729114 -63.982587348422385 3.4074927409704161 31.581814571190382 -4.607102889853838 -42.106677699932334 48.560719091410768 18.84947291493669 -15.522493613582768
leaf_weight=59 46 31 31 30 42 53 30 30 49 47 59 74 102 37 38 34 31 41 47 51
leaf_count=59 46 31 31 30 42 53 30 30 49 47 59 74 102 37 38 34 31 41 47 51
internal_value=1.35044 -16.2379 -40.7393 -48.4616 -55.2438 -94.5263 33.8201 50.2291 -126.694 -13.0972 -39.131 -53.5868 -40.5644 35.0761 25.833 -21.1028 -30.4638 40.444 12.0598 -11.1669
internal_weight=962 916 615 584 554 161 301 223 102 78 393 218 176 193 163 175 90 79 84 85
internal_count=962 916 615 584 554 161 301 223 102 78 393 218 176 193 163 175 90 79 84 85
is_linear=0
shrinkage=0.05


Tree=38
num_leaves=22
num_cat=0
split_feature=24 24 1 11 24 1 24 0 24 4 0 24 24 24 24 0 24 27 21 24 24
split_gain=2.13576e+09 4.05755e+08 2.68068e+08 4.273e+08 2.06513e+08 8.37348e+07 1.1829e+08 8.22757e+07 5.2335e+07 5.18782e+07 3.21291e+07 3.0123e+07 1.81703e+07 1.18344e+07 1.03524e+07 9.7404e+06 8.79852e+06 7.37393e+06 2.92698e+06 1.99894e+06 1.78156e+06
threshold=18200.000000000004 8714.8138888888916 0.18333333333333332 1.5000000000000002 4604.166666666667 0.65000000000000013 12979.16666666667 62.70000000000001 13296.297222222223 1006.85 999.25000000000011 7143.2111111111117 2717.1428571428578 10094.908333333335 8311.9055555555587 62.70000000000001 5504.6305555555564 0.14153898451656996 0.64452017135532624 11009.258333333337 9376.3888888888905
decision_type=2 2 2 2 2 2 2 2 2 2 2 2 2 2 2 2 2 2 2 2 2
left_child=1 2 3 -1 12 8 10 -6 -3 -5 -7 16 15 20 18 -4 -9 -18 -13 -15 -12
right_child=-2 5 4 9 7 6 -8 11 -10 -11 13 14 -14 19 -16 -17 17 -19 -20 -21 -22
leaf_value=127.18365159711152 333.35772536933558 -62.769906723844286 -150.0065669164309 -17.303103485384352 -111.71566406319148 80.806221309928006 139.93363436575348 -61.035751224680979 20.810501696349711 -95.145520602060515 3.237577271782806 -31.038310764912065 -88.900132972872413 30.006868245282512 8.9929682901522892 -111.90089112712143 -49.669189663995027 -24.255240847577177 -13.545463776152069 46.138591147281254 17.909000319685401
leaf_weight=57 46 31 30 55 33 30 30 49 47 35 37 40 54 38 42 44 52 64 60 41 47
leaf_count=57 46 31 30 55 33 30 30 49 47 35 37 40 54 38 42 44 52 64 60 41 47
internal_value=1.28431 -15.4264 -38.7054 20.1847 -57.2033 32.1339 47.7251 -36.8048 -12.4451 -47.6472 33.3272 -28.7187 -111.316 24.5445 -11.8235 -127.531 -43.2428 -35.6807 -20.5667 38.4268 11.4582
internal_weight=962 916 615 147 468 301 223 340 78 90 193 307 128 163 142 74 165 116 100 79 84
internal_count=962 916 615 147 468 301 223 340 78 90 193 307 128 163 142 74 165 116 100 79 84
is_linear=0
shrinkage=0.05


Tree=39
num_leaves=23
num_cat=0
split_feature=24 24 3 9 24 4 3 1 24 24 6 24 14 24 24 20 24 21 21 3 14 14
split_gain=1.92796e+09 3.66299e+08 2.62639e+08 1.61364e+08 9.43844e+07 1.02931e+08 1.44181e+08 7.55967e+07 1.06796e+08 7.10547e+07 4.93641e+07 4.7247e+07 2.87598e+07 2.213e+07 1.12713e+07 1.31755e+07 1.18262e+07 8.46044e+06 4.73343e+06 3.49364e+06 3.36954e+06 6.41528e+06
threshold=18200.000000000004 8714.8138888888916 37.150000000000006 24.350000000000005 5737.655555555556 1009.1500000000002 60.350000000000001 0.65000000000000013 12979.16666666667 2717.1428571428578 2.1500000000000008 13296.297222222223 96.500000000000014 10399.075000000003 6813.8888888888896 2.6086500000000004 8311.9055555555587 1.0000000180025095e-35 0.92708778325216701 60.900000000000006 220.50000000000003 66.000000000000014
decision_type=2 2 2 2 2 2 2 2 2 2 2 2 2 2 2 2 2 2 2 2 2 2
left_child=1 2 -1 4 5 6 -4 11 13 12 -8 -3 -7 20 18 -16 -17 -15 -6 -11 21 -9
right_child=-2 7 3 -5 14 9 10 8 -10 19 -12 -13 -14 17 15 16 -18 -19 -20 -21 -22 -23
leaf_value=104.82644856765722 316.72599658786351 -59.64150256190652 56.60496372463696 64.706251492604295 -53.982016408146109 -171.28989289159861 -10.673420203632459 7.9728674292960422 132.96019718005411 -79.706478293789587 -80.729567924790743 19.772185362473671 -105.00454941019635 72.391263625590113 -50.073143939876871 -21.580586597629591 13.066704605264455 39.004928159983145 -28.307451809947516 -56.953502830275255 6.967375813700305 40.16567264449931
leaf_weight=31 46 31 30 32 44 33 33 30 30 30 106 47 34 30 30 106 32 53 31 43 48 32
leaf_count=31 46 31 30 32 44 33 33 30 30 30 106 47 34 30 30 106 32 53 31 43 48 32
internal_value=1.22004 -14.657 -36.7751 -44.3083 -50.6386 -68.9716 -42.6664 30.5318 45.346 -100.673 -64.1172 -11.8256 -137.859 31.6654 -27.3074 -20.092 -13.5428 51.1449 -43.4218 -66.4004 16.9341 24.6265
internal_weight=962 916 615 584 552 309 169 301 223 140 139 78 67 193 243 168 138 83 75 73 110 62
internal_count=962 916 615 584 552 309 169 301 223 140 139 78 67 193 243 168 138 83 75 73 110 62
is_linear=0
shrinkage=0.05


Tree=40
num_leaves=23
num_cat=0
split_feature=24 24 1 24 0 0 3 24 24 0 1 14 24 4 4 24 24 24 24 24 23 0
split_gain=2.98399e+09 3.82928e+08 3.21581e+08 3.30141e+08 1.23705e+08 2.01803e+08 1.54257e+08 8.88762e+07 6.5877e+07 5.81001e+07 4.03319e+07 3.99065e+07 6.56003e+07 6.43324e+07 3.75466e+07 1.4671e+07 9.2778e+06 7.64261e+06 4.94888e+06 1.64029e+06 1.03484e+06 990565
threshold=21214.285714285721 8578.7027777777785 0.36666666666666675 13966.66666666667 2.1500000000000004 754.50000000000011 90.200000000000003 3247.2222222222226 15194.444444444447 604.6500000000002 1.2500000000000002 236.50000000000003 4762.8972222222228 1011.0500000000001 1009.6500000000002 10937.500000000002 6625.9916666666677 7791.666666666667 9376.3888888888905 11895.833333333334 0.25000000000000017 2029.5500000000004
decision_type=2 2 2 2 2 2 2 2 2 2 2 2 2 2 2 2 2 2 2 2 2 2
left_child=1 4 8 9 -1 7 11 10 -3 -4 -6 12 13 -7 -13 18 -16 -14 21 -17 -20 -11
right_child=-2 2 3 -5 5 6 -8 -9 -10 15 -12 14 17 -15 16 19 -18 -19 20 -21 -22 -23
leaf_value=52.082457979263808 474.29058525109224 -27.72546739011932 93.878544374269865 206.65162150234084 -161.19034167092946 -54.598869234834837 79.48065460306465 -30.701456482532883 -124.73062425024089 -3.7369361256513267 -95.108418727730083 29.196694432731483 -34.16069291566992 -140.80211678438408 -53.601673418149304 33.729962303415171 -18.620799324808683 -7.4585710341116442 27.516087864063408 50.057912020667963 16.271695093306079 8.7854403704308996
leaf_weight=34 32 42 32 30 44 78 30 33 30 32 50 36 144 30 31 33 49 33 35 31 51 31
leaf_count=34 32 42 32 30 44 78 30 33 30 32 50 36 144 30 31 33 49 33 35 31 51 31
internal_value=0.247477 -15.9561 25.7445 50.3729 -40.3991 -46.0426 -29.707 -101.413 -68.2613 31.1602 -126.179 -37.8934 -47.9543 -78.6524 -13.155 21.698 -32.2259 -29.1894 13.0823 41.7046 20.8746 2.42895
internal_weight=971 939 347 275 592 558 431 127 72 245 94 401 285 108 116 213 80 177 149 64 86 63
internal_count=971 939 347 275 592 558 431 127 72 245 94 401 285 108 116 213 80 177 149 64 86 63
is_linear=0
shrinkage=0.05


Tree=41
num_leaves=25
num_cat=0
split_feature=24 24 24 14 24 2 0 0 24 24 0 24 24 14 20 5 0 8 0 26 0 24 4 24
split_gain=2.69392e+09 3.45677e+08 1.23825e+08 3.15614e+08 1.63563e+08 1.13034e+08 2.39516e+08 6.4167e+07 8.6881e+07 3.17218e+07 2.46818e+07 1.91498e+07 1.38442e+07 9.02305e+06 8.80334e+06 5.82415e+06 5.64034e+06 4.31424e+06 4.18062e+06 3.33875e+06 7.39234e+06 3.29137e+06 2.06488e+06 1.29307e+06
threshold=21214.285714285721 8578.7027777777785 1.0000000180025095e-35 205.50000000000003 5143.6507936507942 4.5500000000000007 2321.4500000000003 2.8500000000000005 14708.333333333334 10548.519444444446 20.650000000000002 6844.9083333333338 1910.0000000000002 209.50000000000003 3.3579000000000003 14.750000000000002 542.60000000000002 11.750000000000002 1661.5000000000002 5.950000000000002 1727.0500000000004 11895.833333333334 1011.1500000000002 9376.3888888888905
decision_type=2 2 2 2 2 2 2 2 2 2 2 2 2 2 2 2 2 2 2 2 2 2 2 2
left_child=1 2 3 5 10 -1 -7 -3 9 19 -4 13 -12 17 -13 -16 -11 -6 -17 -9 -21 -18 -14 -22
right_child=-2 7 4 -5 11 6 -8 8 -10 16 12 14 22 -15 15 18 21 -19 -20 20 23 -23 -24 -25
leaf_value=-115.76925469943042 450.64993344719909 -24.518614079140516 -133.94381887239476 137.85693595402188 -44.266119627851907 102.65679022228204 -84.980434493823424 20.125480230385079 108.89172174000669 61.347836519590913 -112.06024224873141 -41.439341275342905 -79.654425840503521 -61.622789725918999 0.58860039791818397 -35.502825661592702 28.301444742272317 -23.027381868782701 -11.693594201339753 -16.449997927703166 4.9164007459806101 48.268527286888194 -63.630594732129353 18.859926242775533
leaf_weight=33 32 56 30 33 52 30 39 39 34 31 31 32 53 45 53 30 52 45 48 33 31 35 38 36
leaf_count=33 32 56 30 33 52 30 39 39 34 31 31 32 53 45 53 30 52 45 48 33 31 35 38 36
internal_value=0.236747 -15.1591 -38.3829 3.68861 -50.8091 -39.8112 -3.36846 24.4614 33.8923 23.9316 -93.1675 -29.6757 -83.039 -43.0964 -17.9647 -12.2032 42.9861 -34.447 -20.8848 7.73659 2.8896 36.3804 -73.0404 12.4255
internal_weight=971 939 592 135 457 102 69 347 291 257 152 305 122 142 163 131 118 97 78 139 100 87 91 67
internal_count=971 939 592 135 457 102 69 347 291 257 152 305 122 142 163 131 118 97 78 139 100 87 91 67
is_linear=0
shrinkage=0.05


Tree=42
num_leaves=26
num_cat=0
split_feature=24 24 24 14 24 2 0 3 24 0 24 24 0 24 24 24 14 14 7 24 27 29 0 3 21
split_gain=2.43205e+09 3.12061e+08 1.11787e+08 2.84928e+08 1.47661e+08 1.02049e+08 2.16231e+08 6.50124e+07 1.1779e+08 1.03612e+08 4.91074e+07 2.24107e+07 2.22862e+07 2.21606e+07 1.72854e+07 1.25013e+07 8.14542e+06 7.99638e+06 5.29825e+06 4.12169e+06 4.10653e+06 3.20295e+06 2.8535e+06 2.49744e+06 2.29341e+06
threshold=21214.285714285721 8578.7027777777785 1.0000000180025095e-35 205.50000000000003 5143.6507936507942 4.5500000000000007 2321.4500000000003 62.350000000000001 13296.297222222223 11.150000000000002 14981.480555555558 9905.091666666669 20.650000000000002 11895.833333333334 6844.9083333333338 1910.0000000000002 209.50000000000003 58.000000000000007 20.550000000000004 9127.3805555555573 0.64534213713577271 1.0000000180025095e-35 2088.7500000000005 76.15000000000002 0.65436950084602385
decision_type=2 2 2 2 2 2 2 2 2 2 2 2 2 2 2 2 2 2 2 2 2 2 2 2 2
left_child=1 2 3 5 12 -1 -7 8 11 10 -9 -3 -4 19 16 -14 20 -16 -19 -11 -6 -22 -20 -17 -21
right_child=-2 7 4 -5 14 6 -8 9 -10 13 -12 -13 15 -15 17 23 -18 18 22 24 21 -23 -24 -25 -26
leaf_value=-109.99828124608158 428.18763144424776 -11.139099915924563 -127.26887779362573 130.9849149214177 -17.633424305685846 97.541004748677096 -80.742279626402407 -1.691030986707581 134.85551220665096 4.7458973397661195 -86.614353004298948 41.32174492721429 -106.47524500414488 65.98415382592701 -39.441985744405017 -75.801762295590009 -58.548481806313127 -0.11727258152803065 -28.490765815311011 17.118850248903374 -50.826729556080799 -28.614108068921418 -8.4633319804042682 -57.942928334953564 33.074438810247273
leaf_weight=33 32 31 30 33 31 30 39 34 32 33 34 59 31 33 32 58 45 57 44 44 33 33 30 33 47
leaf_count=33 32 31 30 33 31 30 39 34 32 33 34 59 31 33 32 58 45 57 44 44 33 33 30 33 47
internal_value=0.225598 -14.4029 -36.4685 3.50565 -48.2753 -37.8255 -3.19875 23.2419 52.6171 7.29766 -44.2176 23.2595 -88.5219 29.624 -28.1955 -78.8975 -40.9461 -17.0692 -11.5781 19.9021 -32.7281 -39.7806 -20.394 -69.3962 25.387
internal_weight=971 939 592 135 457 102 69 347 122 225 68 90 152 157 305 122 142 163 131 124 97 66 74 91 91
internal_count=971 939 592 135 457 102 69 347 122 225 68 90 152 157 305 122 142 163 131 124 97 66 74 91 91
is_linear=0
shrinkage=0.05


Tree=43
num_leaves=21
num_cat=0
split_feature=24 24 0 0 9 24 0 24 27 24 14 24 0 0 11 21 9 21 27 24
split_gain=2.19564e+09 2.8222e+08 1.34182e+08 1.66928e+08 1.41999e+08 7.33722e+07 5.60727e+07 8.93554e+07 4.16935e+07 4.02077e+07 5.97283e+07 3.56692e+07 2.42515e+07 5.57257e+06 5.14593e+06 6.6897e+06 5.95965e+06 3.95742e+06 2.56772e+06 2.49401e+06
threshold=21214.285714285721 7927.2500000000009 2.1500000000000004 754.50000000000011 19.900000000000002 1173.3340000000003 2.8500000000000005 14708.333333333334 -0.81403855522663837 5281.7460317460327 94.500000000000014 10476.984126984129 24.450000000000006 542.60000000000002 3.5000000000000004 0.90272744026045837 1.1500000000000001 0.56989201595304406 0.14153898451656996 11895.833333333334
decision_type=2 2 2 2 2 2 2 2 2 2 2 2 2 2 2 2 2 2 2 2
left_child=1 2 -1 5 8 -4 -3 11 -5 10 -10 14 -7 -13 15 17 -16 -8 -11 -15
right_child=-2 6 3 4 -6 12 7 -9 9 18 -12 13 -14 19 16 -17 -18 -19 -20 -21
leaf_value=63.090244401152887 406.8449485137084 -27.464003905346352 -158.62524988917787 4.6834382392165752 76.586324651217538 -101.91351889844209 -1.4264169926656958 102.09427880877274 -125.77296131932458 -35.293923727377511 -46.186340535758951 56.481651938459883 -48.582554548827176 25.081095642186771 2.3976263724800826 10.919102325553666 31.019635128262038 -25.546706004301228 -21.770036868466324 42.271865016578609
leaf_weight=31 32 59 33 52 30 37 35 34 30 54 110 31 51 55 46 50 30 33 103 35
leaf_count=31 32 59 33 52 30 37 35 34 30 54 110 31 51 55 46 50 30 33 103 35
internal_value=0.214646 -13.6847 -37.7094 -43.9704 -27.6326 -95.079 17.5844 25.2058 -36.6106 -43.8397 -63.3183 16.8769 -71.0961 38.1693 3.58375 -2.95187 13.7218 -13.1522 -26.4411 31.8059
internal_weight=971 939 531 500 379 121 408 349 349 297 140 315 88 121 194 118 76 68 157 90
internal_count=971 939 531 500 379 121 408 349 349 297 140 315 88 121 194 118 76 68 157 90
is_linear=0
shrinkage=0.05


Tree=44
num_leaves=24
num_cat=0
split_feature=24 24 1 0 1 27 1 24 2 0 24 24 0 24 24 24 1 24 27 27 7 9 21
split_gain=1.9822e+09 2.5565e+08 2.81877e+08 5.72028e+08 1.05532e+08 2.50778e+08 1.40066e+08 9.12725e+07 8.98656e+07 1.89915e+08 7.77151e+07 3.34783e+07 2.57689e+07 2.09728e+07 1.09978e+07 9.23496e+06 6.94207e+06 4.98593e+06 4.27261e+06 3.70043e+06 1.7387e+06 965118 730181
threshold=21214.285714285721 8578.7027777777785 0.65000000000000013 768.75000000000011 0.18333333333333332 -0.34964421742355262 0.65000000000000013 4815.7416666666677 4.5500000000000007 2321.4500000000003 15875.000000000002 13296.297222222223 1189.9000000000003 11895.833333333334 1910.0000000000002 6193.2861111111115 1.2500000000000002 9376.3888888888905 0.77753234098132629 0.30901413279605805 13.15 0.35000000000000003 0.8682612394476803
decision_type=2 2 2 2 2 2 2 2 2 2 2 2 2 2 2 2 2 2 2 2 2 2 2
left_child=1 4 10 -4 5 -1 -6 14 -7 -10 11 -3 -9 17 -8 19 -16 22 -17 -14 -19 -22 -5
right_child=-2 2 3 13 6 8 7 12 9 -11 -12 -13 15 -15 16 18 -18 20 -20 -21 21 -23 -24
leaf_value=125.45926701756042 386.56606547988463 -57.884264864240379 254.00620162431585 -3.1439728822422981 -127.10182879069362 -100.63986407507582 -99.695363388797489 22.924132333681037 93.984653128183567 -73.097705229347014 -112.40563600430674 13.099096848829738 -53.472279048678892 54.052933560226329 -76.351169535966946 -23.599318454133048 -45.55312750408504 12.339463658343398 -5.4318147570956627 -31.693380837103998 30.105609701637022 18.218055746026362 7.7820930163193358
leaf_weight=33 32 30 30 30 46 33 31 30 30 39 33 37 30 40 47 142 31 45 42 58 40 31 31
leaf_count=33 32 30 30 30 46 33 31 30 30 39 33 37 30 40 47 142 31 45 42 58 40 31 31
internal_value=0.205092 -13.0014 21.0714 49.7404 -32.9733 5.8648 -44.445 -35.1652 -32.9125 -0.422246 -49.7199 -18.7233 -20.9965 21.3968 -74.3664 -25.8473 -64.185 13.9905 -19.4576 -39.1703 20.0718 24.9483 2.41219
internal_weight=971 939 347 247 592 135 457 411 102 69 100 67 302 217 109 272 78 177 184 88 116 71 61
internal_count=971 939 347 247 592 135 457 411 102 69 100 67 302 217 109 272 78 177 184 88 116 71 61
is_linear=0
shrinkage=0.05


Tree=45
num_leaves=16
num_cat=0
split_feature=1 24 24 26 24 1 5 5 1 27 1 24 1 24 24
split_gain=1.23605e+09 4.24591e+09 7.71013e+08 2.41634e+08 1.65571e+08 5.21427e+07 4.82655e+07 3.92881e+07 4.87924e+07 1.11214e+08 7.1962e+07 1.78315e+07 7.45435e+06 3.21213e+06 859880
threshold=1.2500000000000002 3538.1944444444448 19550.000000000004 11.950000000000005 8672.2222222222244 0.29166666666666669 2.9500000000000006 26.450000000000003 0.18333333333333332 0.7554303502435491 0.65000000000000013 11736.111111111113 0.65000000000000013 9318.7500000000018 10094.908333333335
decision_type=2 2 2 2 2 2 2 2 2 2 2 2 2 2 2
left_child=2 -2 3 4 6 -6 -1 8 9 -8 -10 13 -13 -7 -15
right_child=1 -3 -4 -5 5 11 7 -9 10 -11 -12 12 -14 14 -16
leaf_value=-93.886609723416711 -75.526391546738537 656.2534592688678 -251.7361762848335 117.85706583621564 -43.542482075858317 -0.91326457317546839 31.001053554835252 -72.772673536326792 -110.32517509587183 -78.217247809056559 -28.789650972557702 21.63487011068915 51.58273430267144 10.028065707934307 18.402283200927826
leaf_weight=33 58 30 35 34 37 45 85 51 30 32 270 37 48 56 69
leaf_count=33 58 30 35 34 37 45 85 51 30 32 270 37 48 56 69
internal_value=-3.98518 174.406 -22.2149 -12.4719 -18.074 11.8499 -35.5135 -31.3782 -26.2994 1.08805 -36.9773 19.9011 38.5874 10.5408 14.6617
internal_weight=950 88 862 827 793 292 501 468 417 117 300 255 85 170 125
internal_count=950 88 862 827 793 292 501 468 417 117 300 255 85 170 125
is_linear=0
shrinkage=0.05


Tree=46
num_leaves=17
num_cat=0
split_feature=1 24 24 8 24 1 8 1 1 22 25 24 24 1 24 23
split_gain=1.11596e+09 3.83321e+09 6.96052e+08 3.44647e+08 1.56866e+08 5.2992e+07 3.15883e+07 4.35304e+07 1.53796e+08 1.41054e+08 6.83615e+07 5.37894e+07 1.80688e+07 7.8426e+06 2.46605e+06 630930
threshold=1.2500000000000002 3538.1944444444448 19550.000000000004 -3.8499999999999992 8672.2222222222244 0.29166666666666669 24.150000000000002 0.18333333333333332 0.65000000000000013 0.68301270189221941 20.153000000000002 4815.7416666666677 11672.222222222224 0.65000000000000013 9318.7500000000018 -0.5
decision_type=2 2 2 2 2 2 2 2 2 2 2 2 2 2 2 2
left_child=2 -2 3 -1 6 -6 7 9 -9 10 -5 -10 14 -14 -7 -16
right_child=1 -3 -4 4 5 12 -8 8 11 -11 -12 -13 13 -15 15 -17
leaf_value=148.77725262864726 -71.756571730648176 623.54979232838787 -239.1852192327168 85.322258932048285 -44.270060661860875 -0.47982628815688555 -71.415981873190773 -134.49993604925359 -76.257431544186915 -96.723136040788759 -5.6123299905642376 -18.523845079770272 20.781930368278282 50.991708811076577 19.157276336148254 11.086342785177633
leaf_weight=32 58 30 35 32 37 43 53 38 48 31 58 251 38 50 35 81
leaf_count=32 58 30 35 32 37 43 53 38 48 31 58 251 38 50 35 81
internal_value=-3.78513 165.718 -21.1066 -11.8494 -18.3328 11.4569 -34.8881 -30.6464 -39.8807 -4.91595 26.7787 -27.8145 19.8192 37.985 9.74759 13.536
internal_weight=950 88 862 827 795 284 511 458 337 121 90 299 247 88 159 116
internal_count=950 88 862 827 795 284 511 458 337 121 90 299 247 88 159 116
is_linear=0
shrinkage=0.05


Tree=47
num_leaves=17
num_cat=0
split_feature=1 24 24 8 24 1 25 1 1 24 3 26 24 1 24 6
split_gain=1.00753e+09 3.46062e+09 6.28381e+08 3.11141e+08 1.41598e+08 4.78379e+07 3.08115e+07 3.43012e+07 7.56592e+07 5.80125e+07 5.18249e+07 4.86711e+07 1.63109e+07 7.0791e+06 2.22606e+06 570913
threshold=1.2500000000000002 3538.1944444444448 19550.000000000004 -3.8499999999999992 8672.2222222222244 0.29166666666666669 3.6736200000000006 0.18333333333333332 0.65000000000000013 4604.166666666667 68.350000000000009 6.1500000000000021 11672.222222222224 0.65000000000000013 9318.7500000000018 3.6500000000000008
decision_type=2 2 2 2 2 2 2 2 2 2 2 2 2 2 2 2
left_child=2 -2 3 -1 6 -6 -5 10 -9 -10 -8 -12 14 -14 -7 -16
right_child=1 -3 -4 4 5 12 7 8 9 -11 11 -13 13 -15 15 -17
leaf_value=141.3615635702543 -68.174918910435267 592.47588364610635 -227.26004433482458 -82.250991802912608 -42.06252387321863 -0.45589072897926552 33.053791179379409 -99.506445859186769 -83.178039487055443 -20.562679578201863 5.157082859048157 -70.925278200024238 19.745561222266652 48.447212205580371 15.168451097479 7.491068241467163
leaf_weight=32 58 30 35 30 37 43 48 44 43 262 43 41 38 50 81 35
leaf_count=32 58 30 35 30 37 43 48 44 43 262 43 41 38 50 81 35
internal_value=-3.59481 157.464 -20.0534 -11.2576 -17.4178 10.8851 -33.1468 -30.0677 -38.2776 -29.4148 -8.34869 -32.0185 18.8303 36.0899 9.26115 12.8605
internal_weight=950 88 862 827 795 284 511 481 349 305 132 84 247 88 159 116
internal_count=950 88 862 827 795 284 511 481 349 305 132 84 247 88 159 116
is_linear=0
shrinkage=0.05


Tree=48
num_leaves=15
num_cat=0
split_feature=26 7 14 0 3 0 26 29 11 0 0 0 14 29
split_gain=4.95827e+08 2.25289e+08 8.31986e+08 6.35298e+08 9.26053e+07 2.75658e+08 1.73398e+08 1.71288e+08 5.475e+07 8.0132e+07 7.12089e+07 4.77015e+07 2.32486e+07 4.15935e+06
threshold=11.650000000000002 9.1500000000000004 50.000000000000007 153.30000000000004 49.050000000000004 2.8500000000000005 7.1499999999999995 1.0000000180025095e-35 1.0000000180025095e-35 1646.8000000000002 669.35000000000014 6.9000000000000012 167.50000000000003 1.0000000180025095e-35
decision_type=2 2 2 2 2 2 2 2 2 2 2 2 2 2
left_child=1 3 -3 -1 7 6 -6 -4 9 -7 11 -10 -12 -5
right_child=-2 2 4 13 5 8 -8 -9 10 -11 12 -13 -14 -15
leaf_value=-274.58786883686861 148.08916711378004 211.36006409983625 109.80789263813274 -20.378002864717118 -38.724191761288552 66.208339621970381 -198.49369848372351 -28.867755596176121 2.768021527160442 -27.183476703764462 -22.133110000477203 -70.66075008542019 3.6671523918079432 0.98839269998016688
leaf_weight=30 51 43 40 45 35 52 33 50 30 41 141 84 229 46
leaf_count=30 51 43 40 45 35 52 33 50 30 41 141 84 229 46
internal_value=-3.41418 -12.0244 -2.14959 -75.4631 -14.6677 -21.2978 -116.437 32.8193 -10.0674 25.0506 -16.819 -51.3519 -6.16815 -9.58812
internal_weight=950 899 778 121 735 645 68 90 577 93 484 114 370 91
internal_count=950 899 778 121 735 645 68 90 577 93 484 114 370 91
is_linear=0
shrinkage=0.05


Tree=49
num_leaves=20
num_cat=0
split_feature=1 24 24 8 24 0 3 24 1 21 1 24 28 24 20 24 24 0 24
split_gain=9.11825e+08 3.07528e+09 5.40517e+08 2.78537e+08 1.29435e+08 9.49537e+07 1.27609e+08 5.00964e+07 3.66859e+07 2.79556e+07 5.79596e+07 2.85827e+07 2.89969e+07 1.59983e+07 7.2038e+06 3.78563e+06 3.50126e+06 3.32352e+06 1.61236e+06
threshold=1.2500000000000002 3538.1944444444448 19550.000000000004 -3.8499999999999992 8672.2222222222244 754.50000000000011 75.700000000000003 2151.428571428572 0.29166666666666669 0.45059921962095878 0.65000000000000013 5990.7416666666677 0.090251610031040944 11895.833333333334 10.009150000000002 7190.7416666666677 6385.9138888888901 1082.3500000000001 9318.7500000000018
decision_type=2 2 2 2 2 2 2 2 2 2 2 2 2 2 2 2 2 2 2
left_child=2 -2 3 -1 5 6 7 -5 -6 10 -7 12 -11 17 -15 -13 -12 -10 -19
right_child=1 -3 -4 4 8 9 -8 -9 13 11 16 15 -14 14 -16 -17 -18 18 -20
leaf_value=133.65779147103567 -62.734083131668683 560.05175220831688 -211.07663621168868 12.473211120409214 -35.88030303379275 48.737450547824778 -151.85930507257794 -73.090859428666079 -5.6431748923218148 -31.235145281126616 -39.166980766220348 -22.403980888007546 -82.35382453337742 22.888112473538477 53.169134758644446 -6.6114694908064058 -16.857001925731755 2.6648024119939273 15.292633077042135
leaf_weight=32 58 30 35 31 37 40 35 38 33 103 30 70 38 47 34 83 43 34 99
leaf_count=32 58 30 35 31 37 40 35 38 33 103 30 70 38 47 34 83 43 34 99
internal_value=-3.2442 149.974 -18.9015 -10.7438 -16.5723 -31.6106 -74.2277 -34.6865 10.4876 -20.7052 0.432351 -28.8268 -45.0604 17.4451 35.6486 -13.8467 -26.0666 8.54654 12.0689
internal_weight=950 88 862 827 795 511 104 69 284 407 113 294 141 247 81 153 73 166 133
internal_count=950 88 862 827 795 511 104 69 284 407 113 294 141 247 81 153 73 166 133
is_linear=0
shrinkage=0.05


Tree=50
num_leaves=19
num_cat=0
split_feature=24 26 24 1 24 9 0 4 5 1 5 24 27 4 1 23 24 4
split_gain=8.70762e+08 1.9351e+08 1.95753e+08 1.20093e+08 1.43798e+08 1.13205e+08 6.33993e+07 5.94757e+07 1.44505e+08 5.80515e+07 3.0775e+07 5.72023e+07 2.809e+07 2.77924e+07 5.6885e+07 4.98614e+06 5.40292e+06 3.47893e+06
threshold=20980.000000000004 12.050000000000002 8672.2222222222244 0.29166666666666669 15032.408333333335 24.350000000000005 754.50000000000011 1008.0500000000001 21.050000000000004 0.65000000000000013 9.9500000000000011 5701.852777777779 0.90511774987322979 997.95000000000016 0.65000000000000013 -0.68301270189221952 10094.908333333335 1016.85
decision_type=2 2 2 2 2 2 2 2 2 2 2 2 2 2 2 2 2 2
left_child=1 2 5 -4 12 6 7 8 -1 -9 11 -8 15 -12 -15 -5 -17 -13
right_child=-2 -3 3 4 -6 -7 10 9 -10 -11 13 17 -14 14 -16 16 -18 -19
leaf_value=48.912992262630524 257.84239834699304 113.59921624489662 -57.812048102642159 28.23000254706135 133.22169052197617 65.626039432766433 -104.36071737802702 -137.24854442455148 -92.79039230797234 -55.328506889276461 -59.902655297973233 -34.233710492409749 58.052636205570778 37.506039726551116 -21.089840234334606 -2.5866158283912672 15.522264907175604 -11.430459405994164
leaf_weight=34 32 32 43 38 31 30 30 35 38 57 30 30 39 52 202 69 102 38
leaf_count=34 32 32 43 38 31 30 30 35 38 57 30 30 39 52 202 69 102 38
internal_value=1.80761 -7.02896 -11.3397 19.8789 31.8693 -28.7922 -33.9911 -59.9882 -25.8998 -86.609 -22.8172 -46.9644 19.1516 -14.4712 -9.08377 11.8683 8.2179 -21.5263
internal_weight=962 930 898 322 279 576 546 164 72 92 382 98 248 284 254 209 171 68
internal_count=962 930 898 322 279 576 546 164 72 92 382 98 248 284 254 209 171 68
is_linear=0
shrinkage=0.05


Tree=51
num_leaves=20
num_cat=0
split_feature=24 8 24 1 0 0 9 4 2 0 24 25 24 28 24 4 24 14 28
split_gain=7.86116e+08 1.9038e+08 1.81335e+08 1.55374e+08 1.3709e+08 1.2587e+08 1.26768e+08 5.28224e+07 1.49657e+08 4.92316e+07 4.4332e+07 2.80974e+07 3.42384e+07 2.78895e+07 2.7867e+07 2.74246e+07 3.55191e+06 2.23282e+06 834374
threshold=20980.000000000004 -4.1499999999999995 10875.000000000002 0.65000000000000013 1152.7500000000002 754.50000000000011 28.500000000000004 1006.5500000000001 5.2500000000000009 8.8000000000000025 7706.0194444444451 10.096485000000003 5960.6472222222228 0.055916990100603255 1910.0000000000002 998.55000000000007 8449.0750000000025 61.500000000000007 0.41326329957804331
decision_type=2 2 2 2 2 2 2 2 2 2 2 2 2 2 2 2 2 2 2
left_child=1 -1 5 13 -5 7 10 8 -3 -9 11 12 -7 -4 -11 -13 18 -18 -12
right_child=-2 2 3 4 -6 6 -8 9 -10 14 16 15 -14 -15 -16 -17 17 -19 -20
leaf_value=111.08378755347606 244.99043921354775 -86.287906644872209 11.561729840302412 168.21943587623164 36.618922849448332 -95.529344156968648 90.105376016103548 -116.26275458248472 59.096754892692687 -81.956393248220948 -1.6965141057201523 -63.872424398783437 -24.846753998468643 -48.176081622971431 -16.455984012211594 -12.827991284602374 -3.8219501125515336 10.562880963181694 -13.390106509135805
leaf_weight=33 32 41 44 30 58 30 30 49 31 33 31 30 40 35 32 210 36 107 30
leaf_count=33 32 41 44 30 58 30 30 49 31 33 31 30 40 35 32 210 36 107 30
internal_value=1.71817 -6.67793 -11.0222 35.9657 81.6228 -21.7749 -9.6303 -57.2704 -23.6965 -78.4356 -15.4679 -27.3767 -55.2324 -14.9318 -49.7849 -19.2325 2.63348 6.94135 -7.46005
internal_weight=962 930 897 167 88 730 544 186 72 114 514 310 70 79 65 240 204 143 61
internal_count=962 930 897 167 88 730 544 186 72 114 514 310 70 79 65 240 204 143 61
is_linear=0
shrinkage=0.05


Tree=52
num_leaves=17
num_cat=0
split_feature=14 0 0 25 7 14 9 1 0 0 22 4 7 27 29 0
split_gain=7.0014e+08 3.25449e+09 2.37484e+08 1.37655e+08 2.3061e+08 1.21903e+08 7.4121e+07 5.09215e+07 6.41783e+07 5.22626e+07 3.18987e+07 2.11017e+07 8.67588e+06 7.20616e+06 7.04774e+06 2.65197e+06
threshold=56.000000000000007 5.9500000000000011 7.0500000000000007 15.502635000000003 16.850000000000005 40.000000000000007 32.850000000000001 0.45000000000000007 115.7 2483.3000000000006 -0.5 1013.5500000000001 30.700000000000006 -0.93535928755917819 1.0000000180025095e-35 2038.8000000000004
decision_type=2 2 2 2 2 2 2 2 2 2 2 2 2 2 2 2
left_child=1 -1 3 4 -2 11 7 9 -9 10 -4 -3 13 15 -15 -10
right_child=2 5 6 -5 -6 -7 -8 8 12 -11 -12 -13 -14 14 -16 -17
leaf_value=565.69811115455002 -52.186298206773579 -79.545016970128501 -18.140491722519922 -11.706363598101293 -221.54704770477389 63.877572079193897 69.517102616449762 65.952172120028038 18.089320140482911 18.114485658069267 -78.629003939160782 -28.091650531381209 15.673532991567868 -17.524377633548049 -3.9041663448677784 -2.7395519915609263
leaf_weight=30 54 31 35 51 32 35 32 33 31 32 58 56 42 188 192 30
leaf_count=30 54 31 35 51 32 35 32 33 31 32 58 56 42 188 192 30
internal_value=1.63313 100.065 -16.848 -76.8282 -115.388 -14.805 -4.62848 -8.34025 -1.40153 -36.9592 -55.9085 -46.4959 -6.01605 -8.08482 -10.6454 7.85781
internal_weight=962 152 810 137 86 122 673 641 516 125 93 87 483 441 380 61
internal_count=962 152 810 137 86 122 673 641 516 125 93 87 483 441 380 61
is_linear=0
shrinkage=0.05


Tree=53
num_leaves=19
num_cat=0
split_feature=14 0 0 25 7 14 22 1 1 0 0 26 3 21 26 14 14 0
split_gain=6.32087e+08 2.9382e+09 2.14398e+08 1.24271e+08 2.08203e+08 1.10049e+08 6.70003e+07 1.44478e+08 6.83268e+07 4.32375e+07 3.58351e+07 1.9112e+07 1.25856e+07 1.91459e+07 7.47808e+06 4.81103e+06 6.49643e+06 2.55294e+06
threshold=56.000000000000007 5.9500000000000011 7.0500000000000007 15.502635000000003 16.850000000000005 40.000000000000007 -0.6830127018922193 0.22500000000000003 0.45000000000000007 115.7 791.45000000000016 8.1500000000000039 73.200000000000003 0.86543209876543215 10.750000000000002 82.000000000000014 157.50000000000003 1606.7500000000002
decision_type=2 2 2 2 2 2 2 2 2 2 2 2 2 2 2 2 2 2
left_child=1 -1 3 4 -2 11 7 -4 10 -10 -8 -3 13 -9 15 -11 -17 -14
right_child=2 5 6 -5 -6 -7 8 12 9 14 -12 -13 17 -15 -16 16 -18 -19
leaf_value=537.50717189446641 -49.581804009682592 -14.856703578237214 113.6364560482439 -11.122191063718553 -210.50420216593045 60.692794102073734 -93.294690187024941 -9.3698917263615726 52.111070395941752 9.137655087008147 -28.550767608130258 -62.923288871923184 -4.2375576211834183 39.202409012240366 -31.2403374549285 -21.358516999364042 -4.8910040670543342 -21.673258136287156
leaf_weight=30 54 34 34 51 32 35 35 41 30 37 55 53 42 40 38 87 192 42
leaf_count=30 54 34 34 51 32 35 35 41 30 37 55 53 42 40 38 87 192 42
internal_value=1.55304 95.0785 -16.007 -72.9972 -109.635 -14.0665 -4.39657 19.9451 -14.618 -5.42201 -53.8046 -44.1773 0.581791 14.6351 -10.3111 -7.78514 -10.0319 -12.9709
internal_weight=962 152 810 137 86 122 673 199 474 384 90 87 165 81 354 316 279 84
internal_count=962 152 810 137 86 122 673 199 474 384 90 87 165 81 354 316 279 84
is_linear=0
shrinkage=0.05


Tree=54
num_leaves=22
num_cat=0
split_feature=14 25 14 1 25 28 14 11 14 25 14 9 22 3 21 14 14 7 4 25 3
split_gain=5.70662e+08 2.0635e+09 7.38162e+08 1.42362e+08 3.06253e+08 1.43048e+08 8.45249e+07 8.03649e+07 7.29772e+07 2.57174e+07 2.09661e+07 1.01608e+07 8.86719e+06 1.1539e+07 9.91144e+06 7.79122e+06 1.30144e+07 1.21467e+07 1.02776e+07 7.82736e+06 1.65904e+06
threshold=56.000000000000007 3.4763300000000004 40.000000000000007 0.65000000000000013 17.317589999999999 -0.71464691390916035 94.500000000000014 2.5000000000000004 73.500000000000014 12.869550000000002 181.50000000000003 24.350000000000005 -0.6830127018922193 73.950000000000017 0.86543209876543215 108.50000000000001 154.00000000000003 22.050000000000004 1002.2500000000001 12.022775000000001 79.350000000000009
decision_type=2 2 2 2 2 2 2 2 2 2 2 2 2 2 2 2 2 2 2 2 2
left_child=1 7 -3 4 6 10 -2 -1 -5 -8 -6 12 13 14 -10 19 17 -17 -18 -14 -15
right_child=3 2 -4 8 5 -7 9 -9 11 -11 -12 -13 15 20 -16 16 18 -19 -20 -21 -22
leaf_value=-147.52345248776919 -150.4513832531247 147.19651074263811 462.27780111826144 68.782141438101092 -10.443992505192474 77.355743840755608 -34.053799934610943 -41.673644121970717 0.76484347566219135 -90.322534289052101 -65.149715953332645 -30.923477612929844 -10.284878126252133 -16.798669692468788 35.98966471191823 -9.0436034408029631 17.307171630615468 -52.633358621741358 -11.092407759201521 25.488369180305213 -1.069591683586322
leaf_weight=41 49 49 30 35 42 49 34 32 38 51 30 37 30 33 42 31 39 33 172 31 34
leaf_count=41 49 49 30 35 42 49 34 32 38 51 30 37 30 33 42 31 39 33 172 31 34
internal_value=1.47668 90.3417 267.281 -15.2083 -46.1248 11.5397 -98.1647 -101.244 -0.997687 -67.8816 -33.2969 -5.70674 -3.76901 6.47037 19.2798 -8.24934 -11.8347 -31.5667 -5.83746 7.90685 -8.83031
internal_weight=962 152 79 810 255 121 134 73 555 85 72 520 483 147 80 336 275 64 211 61 67
internal_count=962 152 79 810 255 121 134 73 555 85 72 520 483 147 80 336 275 64 211 61 67
is_linear=0
shrinkage=0.05


Tree=55
num_leaves=19
num_cat=0
split_feature=24 26 24 3 1 24 10 11 0 29 27 24 4 11 10 20 10 23
split_gain=1.3653e+09 1.9204e+08 1.73116e+08 1.50569e+08 1.17605e+08 3.03422e+08 8.56259e+07 5.68182e+07 4.83942e+07 2.57721e+07 2.56093e+07 2.0313e+07 1.8422e+07 1.60942e+07 5.34333e+06 5.32996e+06 4.92733e+06 3.46321e+06
threshold=21214.285714285721 12.050000000000002 6950.6166666666677 90.200000000000003 0.45000000000000007 13966.66666666667 2.5000000000000004 2.5000000000000004 669.35000000000014 0.6078576107927941 -0.80133140505177991 10937.500000000002 1006.5500000000001 3.5000000000000004 2.5000000000000004 2.1628500000000006 6.5000000000000009 0.25000000000000017
decision_type=2 2 2 2 2 2 2 2 2 2 2 2 2 2 2 2 2 2
left_child=1 2 3 6 7 11 -1 -4 9 12 -10 14 -8 -12 15 -6 -16 -13
right_child=-2 -3 4 -5 5 -7 8 -9 10 -11 13 17 -14 -15 16 -17 -18 -19
leaf_value=-107.71793074557229 312.5850427890453 114.76107362005797 -91.586030328853042 71.606799240365774 0.84575295570569153 170.90656442483794 -22.112385295487382 -5.1307849143714606 14.784335106877203 -96.390653541338736 -38.760100793011233 38.872685418640287 -68.749022458307863 -6.9527749153317204 15.967131529658676 -27.362010056207488 -0.96382884576348093 17.422612529869223
leaf_weight=47 34 30 39 30 35 30 41 37 38 37 144 40 44 55 58 32 165 36
leaf_count=47 34 30 39 30 35 30 41 37 38 37 144 40 44 55 58 32 165 36
internal_value=1.80435 -9.49274 -13.6102 -36.3221 7.37259 18.3084 -44.3128 -49.5581 -35.9841 -61.5623 -22.7969 5.75713 -46.3062 -29.9771 -0.275999 -12.6472 3.4449 28.7484
internal_weight=972 938 908 436 472 396 406 76 359 122 237 366 85 199 290 67 223 76
internal_count=972 938 908 436 472 396 406 76 359 122 237 366 85 199 290 67 223 76
is_linear=0
shrinkage=0.05


Tree=56
num_leaves=18
num_cat=0
split_feature=24 14 3 1 24 1 0 0 3 11 1 24 24 29 24 27 27
split_gain=1.23256e+09 1.65403e+08 3.36422e+08 2.1286e+08 1.5176e+08 1.33639e+08 1.32317e+08 1.17652e+08 1.02674e+08 6.01914e+07 5.06875e+07 3.50852e+07 3.34551e+07 3.15636e+07 2.94733e+07 1.78885e+07 2.09131e+06
threshold=21214.285714285721 42.000000000000007 37.95000000000001 0.65000000000000013 10937.500000000002 0.65000000000000013 1249.6500000000003 604.6500000000002 90.350000000000009 2.5000000000000004 0.65000000000000013 2510.0000000000005 8063.4916666666677 1.0000000180025095e-35 7706.0194444444451 -0.80133140505177991 -0.67125374152323936
decision_type=2 2 2 2 2 2 2 2 2 2 2 2 2 2 2 2 2
left_child=1 3 -3 -1 7 9 -7 10 14 -6 13 -12 -5 -4 15 -9 -16
right_child=-2 2 4 12 5 6 -8 8 -10 -11 11 -13 -14 -15 16 -17 -18
leaf_value=-180.65619980441375 297.00162428690891 159.71799082066084 -52.274438648699629 -58.777050295743074 -51.864437993599552 164.54488377618631 31.26722110740522 4.0618866970759102 74.634670974012892 36.624127293425587 -55.319501565757243 16.12941966642969 9.0062463550616396 -113.06021383471273 -3.4718607890411217 -27.977875553238153 8.576507945981426
leaf_weight=30 34 31 44 34 41 30 49 53 36 36 40 30 39 42 55 244 104
leaf_count=30 34 31 44 34 41 30 49 53 36 36 40 30 39 42 55 244 104
internal_value=1.71563 -9.01821 -1.64061 -68.7673 -7.88124 36.3775 82.0231 -18.5401 -6.53907 -10.4993 -56.361 -24.7191 -22.6012 -82.0574 -12.9625 -22.2609 4.40924
internal_weight=972 938 835 103 804 156 79 648 492 77 156 70 73 86 456 297 159
internal_count=972 938 835 103 804 156 79 648 492 77 156 70 73 86 456 297 159
is_linear=0
shrinkage=0.05


Tree=57
num_leaves=20
num_cat=0
split_feature=24 26 24 3 14 14 24 3 28 24 20 20 14 24 24 5 29 29 5
split_gain=1.11272e+09 1.70122e+08 1.4105e+08 1.26736e+08 7.89027e+07 5.12412e+07 6.29875e+07 9.55293e+07 2.38186e+07 2.56724e+07 1.7479e+07 1.51722e+07 1.92124e+07 1.23523e+07 6.68357e+06 3.81272e+06 5.78575e+06 3.17509e+06 3.12097e+06
threshold=21214.285714285721 12.050000000000002 6950.6166666666677 90.200000000000003 42.000000000000007 50.000000000000007 13351.85277777778 65.450000000000017 -0.030120304846908235 1533.3340000000003 1.2755500000000002 20.861800000000006 232.50000000000003 10937.500000000002 5960.6472222222228 16.550000000000004 1.0000000180025095e-35 1.0000000180025095e-35 13.750000000000002
decision_type=2 2 2 2 2 2 2 2 2 2 2 2 2 2 2 2 2 2 2
left_child=1 2 3 4 -1 10 13 -8 11 -10 -4 12 -6 15 -11 18 -17 -15 -7
right_child=-2 -3 5 -5 8 6 7 -9 9 14 -12 -13 -14 17 -16 16 -18 -19 -20
leaf_value=-113.08941995838869 282.19509033919081 108.380515983176 -57.58292698574882 66.075079132789796 -25.295437366774955 -0.5239941135750299 121.78248294204759 8.3121361891773411 -85.44985069615322 -46.208645259203415 -8.3024609087612422 -53.344205201016329 17.96436898874682 10.590911265423422 -17.541848480739777 1.6729415316044349 -20.096299762338017 31.090907649684727 16.962992416392403
leaf_weight=34 34 30 35 30 175 87 31 46 38 60 37 38 30 36 31 70 54 40 36
leaf_count=34 34 30 35 30 175 87 31 46 38 60 37 38 30 36 31 70 54 40 36
internal_value=1.63118 -8.56751 -12.4429 -32.9437 -40.2749 6.49717 13.4879 54.0938 -33.5911 -50.9554 -32.305 -24.3559 -18.959 3.79409 -36.4731 -1.63176 -7.81573 21.4071 4.60373
internal_weight=972 938 908 436 406 472 400 77 372 129 72 243 205 323 91 247 124 76 123
internal_count=972 938 908 436 406 472 400 77 372 129 72 243 205 323 91 247 124 76 123
is_linear=0
shrinkage=0.05


Tree=58
num_leaves=20
num_cat=0
split_feature=1 21 20 14 1 14 1 21 6 20 20 9 6 26 1 21 1 6 29
split_gain=1.05805e+09 1.12039e+09 2.96086e+08 6.28078e+08 1.38556e+09 1.92241e+08 2.52405e+08 1.77503e+08 7.65615e+07 7.32343e+07 4.38052e+07 2.86745e+07 2.44258e+07 1.93372e+07 1.94869e+07 1.75831e+07 1.47413e+07 4.2899e+06 3.20843e+06
threshold=1.2500000000000002 0.81725822795071357 0.98329999999999995 56.000000000000007 0.36666666666666675 147.00000000000003 0.45000000000000007 0.89769754055468354 3.5500000000000003 22.594900000000006 -0.051399999999999994 14.650000000000002 2.9500000000000006 7.1499999999999995 0.45000000000000007 0.88031847670401897 0.22500000000000003 3.0500000000000003 1.0000000180025095e-35
decision_type=2 2 2 2 2 2 2 2 2 2 2 2 2 2 2 2 2 2 2
left_child=2 -2 10 4 -4 6 7 8 -5 11 -1 13 15 16 -15 -8 -7 -6 -14
right_child=1 -3 3 5 17 9 12 -9 -10 -11 -12 -13 18 14 -16 -17 -18 -19 -20
leaf_value=-78.716670921712222 19.21564300036944 386.29909481472441 369.18936184969812 -125.18652433332301 -43.258719044903984 39.125342375825845 -64.484147490884297 -222.1291607422686 -16.343569616780329 69.801306023998791 -164.59559349427587 -45.747297577020149 -14.087862858381081 -38.536504030148322 -4.6019560995508462 -15.147740430918345 1.3427005424380383 -16.452756923536128 3.8980510203678245
leaf_weight=30 51 35 34 35 30 31 40 30 30 32 30 46 45 60 143 33 152 30 55
leaf_count=30 51 35 34 35 30 31 40 30 30 32 30 46 45 60 143 33 152 30 55
internal_value=1.55084 168.885 -14.7088 -6.91167 114.687 -22.5403 -56.2472 -121.683 -75.0537 -3.06375 -121.859 -8.47607 -20.2645 -4.02371 -14.6459 -42.2327 7.76094 -29.9055 -4.20155
internal_weight=972 86 886 826 94 732 268 95 65 464 60 432 173 386 203 73 183 60 100
internal_count=972 86 886 826 94 732 268 95 65 464 60 432 173 386 203 73 183 60 100
is_linear=0
shrinkage=0.05


Tree=59
num_leaves=19
num_cat=0
split_feature=24 24 8 0 20 0 24 20 24 21 24 2 29 7 20 21 7 23
split_gain=9.89913e+08 1.17388e+08 1.43023e+08 1.66995e+08 8.83501e+07 6.12753e+07 7.41222e+07 5.72158e+07 3.57622e+07 2.08689e+07 4.16785e+07 2.63487e+07 1.8237e+07 1.18461e+07 2.25968e+07 5.45445e+06 3.10347e+06 5.06206e+06
threshold=21214.285714285721 10937.500000000002 -3.6999999999999997 604.6500000000002 22.265100000000004 2.8500000000000005 14477.777777777779 5.3636000000000008 7475.0000000000009 0.45059921962095878 993.33400000000017 8.2500000000000018 0.6078576107927941 26.150000000000002 10.166300000000003 0.81725822795071357 9.0500000000000025 0.25000000000000017
decision_type=2 2 2 2 2 2 2 2 2 2 2 2 2 2 2 2 2 2
left_child=1 2 -1 7 8 -3 15 -4 9 10 -5 -11 13 14 -9 -7 -10 -18
right_child=-2 5 3 4 -6 6 -8 12 16 11 -12 -13 -14 -15 -16 -17 17 -19
leaf_value=86.719300627188531 266.10283167327253 -17.148363197759643 -124.08495992500092 40.747919421601509 75.594878590225775 11.325506162194433 103.82743212160028 -54.05297003742966 16.644157565700397 -72.825933903581799 -27.488728689817794 -24.353780553677094 -75.640487235974348 -60.721957802297041 6.7506861867302677 38.011334375527213 8.6353361854491766 -8.5088557503457078
leaf_weight=32 34 51 32 34 30 53 40 31 37 33 65 185 47 35 30 30 93 80
leaf_count=32 34 51 32 34 30 53 40 31 37 33 65 185 47 35 30 30 93 80
internal_value=1.4735 -8.14594 -16.5874 -21.1148 -7.72417 28.9071 48.0018 -63.7064 -12.4806 -23.0793 -4.0364 -31.7214 -50.1179 -37.5566 -24.1873 21.0052 3.5216 0.707022
internal_weight=972 938 764 732 557 174 123 175 527 317 99 218 143 96 61 83 210 173
internal_count=972 938 764 732 557 174 123 175 527 317 99 218 143 96 61 83 210 173
is_linear=0
shrinkage=0.05


Tree=60
num_leaves=19
num_cat=0
split_feature=24 26 24 1 0 20 4 1 27 0 11 0 24 24 24 3 8 6
split_gain=1.25613e+09 2.42887e+08 1.55757e+08 9.35471e+07 3.89712e+08 5.86263e+07 4.89014e+07 7.77584e+07 6.5039e+07 7.85141e+07 4.45249e+07 2.89127e+07 1.99087e+07 1.43279e+07 4.51483e+06 3.88904e+06 4.37918e+06 1.16664e+06
threshold=21214.285714285721 12.150000000000002 6813.8888888888896 0.65000000000000013 604.6500000000002 3.3579000000000003 997.25000000000011 0.18333333333333332 0.7554303502435491 2038.8000000000004 2.5000000000000004 14.100000000000001 4604.166666666667 10094.908333333335 11895.833333333334 46.70000000000001 21.750000000000004 2.8500000000000001
decision_type=2 2 2 2 2 2 2 2 2 2 2 2 2 2 2 2 2 2
left_child=1 2 5 10 -5 -1 -7 8 9 -8 -4 -9 -13 15 17 -6 -17 -15
right_child=-2 -3 3 4 13 6 7 11 -10 -11 -12 12 -14 14 -16 16 -18 -19
leaf_value=-86.105884569871193 321.00526287294304 125.89718921580703 -68.067999954553116 190.8380615361109 -17.220516592962781 -81.415938508041265 95.328450638208622 -83.055011696039244 -44.325823562723457 -14.787343881296557 -2.3432094853918151 -50.012632387334655 -17.49888839365353 18.389691204148289 32.597990279310338 3.6212389984396576 -13.522827306457964 5.5712275933446431
leaf_weight=49 30 33 52 30 40 38 35 30 30 30 51 78 119 32 38 165 48 40
leaf_count=49 30 33 52 30 40 38 35 30 30 30 51 78 119 32 38 165 48 40
internal_value=3.06484 -7.13696 -12.0013 6.83475 17.9517 -34.8402 -27.8403 -21.4944 16.4744 44.5611 -35.5585 -37.3847 -30.3912 3.61493 18.6713 -2.93609 -0.246722 11.286
internal_weight=968 938 905 496 393 409 360 322 95 65 103 227 197 363 110 253 213 72
internal_count=968 938 905 496 393 409 360 322 95 65 103 227 197 363 110 253 213 72
is_linear=0
shrinkage=0.05


Tree=61
num_leaves=21
num_cat=0
split_feature=24 26 24 20 4 24 4 24 3 20 11 0 24 3 0 26 24 22 4 21
split_gain=1.13405e+09 2.19272e+08 1.40606e+08 5.29218e+07 4.53947e+07 1.01119e+08 1.03519e+08 3.43785e+07 4.37766e+07 3.04096e+07 2.79437e+07 2.5842e+07 2.5564e+07 2.02133e+07 5.76693e+06 5.1985e+06 5.02358e+06 3.83524e+06 2.65401e+06 1.54881e+06
threshold=21214.285714285721 12.150000000000002 6813.8888888888896 3.3579000000000003 1001.0500000000001 1.0000000180025095e-35 1006.5500000000001 11192.591666666669 63.050000000000004 5.2703000000000007 2.5000000000000004 153.30000000000004 4481.4805555555567 82.700000000000003 1061.3000000000004 7.2000000000000028 8476.1111111111131 -0.24999999999999994 1019.7500000000001 0.64850320604842582
decision_type=2 2 2 2 2 2 2 2 2 2 2 2 2 2 2 2 2 2 2 2
left_child=1 2 3 -1 13 6 -6 11 9 -9 -10 -4 15 -5 -13 -7 18 -14 -16 -18
right_child=-2 -3 7 4 5 12 -8 8 10 -11 -12 14 17 -15 16 -17 19 -19 -20 -21
leaf_value=-81.809359285739191 305.0083170640508 119.62135219055358 -46.654407885225112 -40.047153152534349 99.031863610766081 -42.236556987001691 -20.461781858981698 23.363438235831797 -25.906084601386425 93.442053268040112 28.86907762703191 21.936867724920731 -32.341715407630112 -92.070454705830826 -11.185963320010679 -68.214401810132216 0.21676264665017225 -14.239493673679716 5.4665212196552488 10.695763688498225
leaf_weight=49 30 33 30 50 33 35 40 31 42 31 52 32 46 30 104 45 63 81 31 80
leaf_count=49 30 33 30 50 33 35 40 31 42 31 52 32 46 30 104 45 63 81 31 80
internal_value=2.91322 -6.78015 -11.402 -33.1016 -26.451 -16.9487 33.6174 6.49452 25.9198 58.4969 4.39349 -2.42326 -34.7888 -59.6465 1.87082 -56.9161 -0.445978 -20.8165 -7.36081 6.08255
internal_weight=968 938 905 409 360 280 73 496 156 62 94 340 207 80 310 80 278 127 135 143
internal_count=968 938 905 409 360 280 73 496 156 62 94 340 207 80 310 80 278 127 135 143
is_linear=0
shrinkage=0.05


Tree=62
num_leaves=21
num_cat=0
split_feature=1 24 24 26 24 4 4 1 24 5 24 1 14 24 14 24 24 27 28 23
split_gain=1.16897e+09 3.28133e+09 4.94754e+08 1.33969e+08 7.09561e+07 4.39245e+07 5.23332e+07 1.0453e+08 6.39719e+07 3.75646e+07 2.0832e+07 4.95903e+07 1.85589e+07 8.8373e+06 6.74922e+06 5.03449e+06 4.75012e+06 3.67049e+06 2.52704e+06 1.88178e+06
threshold=1.2500000000000002 3538.1944444444448 20150.000000000004 12.150000000000002 6193.2861111111115 997.6500000000002 1011.4500000000002 0.22500000000000003 3538.1944444444448 20.050000000000004 11672.222222222224 0.65000000000000013 85.500000000000014 3925.155555555556 269.50000000000006 13518.519444444446 7892.8583333333345 0.14153898451656996 0.055916990100603255 -0.68301270189221952
decision_type=2 2 2 2 2 2 2 2 2 2 2 2 2 2 2 2 2 2 2 2
left_child=2 -2 3 4 5 -1 7 9 -8 -7 11 -6 -12 -9 15 -14 17 -13 -10 -18
right_child=1 -3 -4 -5 10 6 8 13 18 -11 12 16 14 -15 -16 -17 19 -19 -20 -21
leaf_value=-87.236631654696453 -45.428450805209778 599.83218141473412 -213.72593985902904 94.405233313263039 -64.500192697530778 69.602939628741254 -114.53463550960501 -66.475404117498371 -15.461660256186484 1.0374987826494593 -16.637977482710166 -15.143364173985644 23.601769986580376 -33.398134966106383 10.224742675331782 52.454165489957269 15.13686128034027 0.7916283134146761 -35.722730145040437 2.061085127821122
leaf_weight=31 57 30 30 31 33 38 30 31 31 42 30 77 30 59 33 31 32 68 31 193
leaf_count=31 57 30 30 31 33 38 30 31 31 42 30 77 30 59 33 31 32 68 31 193
internal_value=2.76876 177.508 -14.5052 -7.45785 -11.3198 -31.0408 -24.3609 -7.91099 -54.7159 33.6524 -0.351579 -5.86629 17.5615 -44.8526 28.4823 38.3264 -0.62075 -7.67497 -25.6335 3.92667
internal_weight=968 87 881 851 820 293 262 170 92 80 527 403 124 90 94 61 370 145 62 225
internal_count=968 87 881 851 820 293 262 170 92 80 527 403 124 90 94 61 370 145 62 225
is_linear=0
shrinkage=0.05


Tree=63
num_leaves=19
num_cat=0
split_feature=24 26 24 20 0 24 2 9 24 26 6 0 0 24 24 3 23 21
split_gain=1.04304e+09 1.78639e+08 1.17562e+08 5.20918e+07 3.3395e+07 7.80096e+07 4.19187e+07 2.8674e+07 4.42855e+07 3.0039e+07 2.06222e+07 2.39061e+07 1.65772e+07 1.05691e+07 7.43785e+06 3.7759e+06 3.1173e+06 2.19752e+06
threshold=21214.285714285721 12.150000000000002 6193.2861111111115 3.6411500000000006 2.8500000000000005 14294.444444444447 9.2500000000000018 1.0000000180025095e-35 1.0000000180025095e-35 8.2500000000000036 2.3500000000000001 754.50000000000011 411.45000000000005 5027.7777777777783 8476.1111111111131 48.350000000000001 -0.24999999999999994 0.84469876099498731
decision_type=2 2 2 2 2 2 2 2 2 2 2 2 2 2 2 2 2 2
left_child=1 2 3 -1 6 12 -4 8 9 -5 -9 -12 -6 16 15 -14 -10 -16
right_child=-2 -3 4 7 5 -7 -8 10 13 -11 11 -13 14 -15 17 -17 -18 -19
leaf_value=-84.007329817964376 292.35079054721564 107.42538231794927 -73.098019315396442 -11.871904356066235 34.260255045653018 80.156978311565865 5.877742024419188 -13.156058666712511 -36.056492069371217 51.799126199220964 -92.985122448225127 -38.350629644844872 -23.751104498067964 -14.374709167818802 1.9947568730997554 -4.423736347803807 -57.746105673146808 12.264464201079846
leaf_weight=44 30 33 30 42 38 35 38 37 39 33 31 57 30 45 132 158 30 86
leaf_count=44 30 33 30 42 38 35 38 37 39 33 31 57 30 45 132 158 30 86
internal_value=2.63115 -6.6651 -10.8367 -33.1081 3.74282 8.3991 -29.0206 -25.9513 -13.6517 16.175 -44.5224 -57.6806 2.72572 -33.2715 -0.233485 -7.5189 -45.5568 6.0499
internal_weight=968 938 905 358 547 479 68 314 189 75 125 88 444 114 406 188 69 218
internal_count=968 938 905 358 547 479 68 314 189 75 125 88 444 114 406 188 69 218
is_linear=0
shrinkage=0.05


Tree=64
num_leaves=13
num_cat=0
split_feature=1 27 27 26 1 20 3 14 1 7 26 3
split_gain=1.06876e+09 1.04358e+09 1.47118e+08 2.23188e+08 1.78842e+08 1.32204e+08 7.04821e+07 4.38387e+07 4.96994e+07 9.21359e+07 3.16005e+07 8.47376e+06
threshold=1.2500000000000002 0.36571913681022045 0.97208218851196393 11.650000000000002 0.65000000000000013 0.98329999999999995 44.500000000000007 36.000000000000007 0.65000000000000013 19.050000000000004 8.2500000000000036 88.950000000000017
decision_type=2 2 2 2 2 2 2 2 2 2 2 2
left_child=2 -2 3 5 -4 10 -7 -8 9 -9 -1 -10
right_child=1 -3 4 -5 -6 6 7 8 11 -11 -12 -13
leaf_value=-46.593786864423279 43.733556749440744 407.75601769507523 -131.60536766346482 105.38918390568531 0.4132309556255222 51.72636969448871 38.84489337475631 -94.747282712279898 -2.2069423078063202 -14.748412657485549 -118.7764213236965 -25.671155259559438
leaf_weight=30 57 30 55 42 48 48 41 49 359 135 31 43
leaf_count=30 57 30 55 42 48 48 41 49 359 135 31 43
internal_value=2.5003 169.583 -14.0167 -6.57823 -70.1414 -12.9811 -6.60492 -11.078 -14.577 -36.0924 -83.4112 -4.72257
internal_weight=968 87 881 778 103 736 675 627 586 184 61 402
internal_count=968 87 881 778 103 736 675 627 586 184 61 402
is_linear=0
shrinkage=0.05


Tree=65
num_leaves=17
num_cat=0
split_feature=1 24 24 8 9 24 26 0 4 4 24 11 0 20 24 14
split_gain=5.4546e+08 2.02279e+09 3.64093e+08 1.17172e+08 8.93806e+07 7.17593e+07 5.77021e+07 2.62132e+07 6.37304e+07 3.00392e+07 1.08265e+07 1.67532e+07 7.64162e+06 4.8505e+06 3.7025e+06 1.42106e+06
threshold=1.2500000000000002 3247.2222222222226 20150.000000000004 -3.8499999999999992 36.650000000000013 8672.2222222222244 11.250000000000002 754.50000000000011 1006.4500000000002 997.85000000000002 11951.388888888891 1.5000000000000002 919.95000000000016 7.5656000000000008 13351.85277777778 61.500000000000007
decision_type=2 2 2 2 2 2 2 2 2 2 2 2 2 2 2 2
left_child=2 13 3 -1 5 6 7 8 -5 -9 12 -12 -7 -2 -13 -14
right_child=1 -3 -4 4 -6 10 -8 9 -10 -11 11 14 15 -15 -16 -17
leaf_value=86.980606532024836 -62.56088141254412 452.64371762386594 -182.19913572393779 1.6630675797119494 74.145181386647124 -22.989890096037094 -88.558270258918355 -60.384250938930705 -81.31144972323419 -9.0594441310513716 -8.2169506442844042 20.122741978339317 -3.5247027509794466 -34.136091137852318 42.576656334416398 7.7647617919758822
leaf_weight=33 30 30 30 43 31 30 32 31 50 343 36 32 38 31 44 104
leaf_count=33 30 30 30 43 31 30 32 31 50 343 36 32 38 31 44 104
internal_value=0.783589 117.232 -11.3114 -5.23793 -8.98676 -12.2871 -23.7047 -19.2427 -42.9863 -13.3287 7.77529 19.8656 -0.104446 -48.1951 33.1613 4.74325
internal_weight=968 91 877 847 814 783 499 467 93 374 284 112 172 61 76 142
internal_count=968 91 877 847 814 783 499 467 93 374 284 112 172 61 76 142
is_linear=0
shrinkage=0.05


Tree=66
num_leaves=17
num_cat=0
split_feature=1 24 24 8 9 24 26 5 4 24 11 20 22 21 29 26
split_gain=4.92446e+08 1.82621e+09 3.28711e+08 1.0578e+08 8.06919e+07 6.47758e+07 5.20955e+07 2.04428e+07 2.35336e+07 9.77395e+06 1.51238e+07 4.37916e+06 3.55564e+06 2.25824e+06 1.42815e+06 762891
threshold=1.2500000000000002 3247.2222222222226 20150.000000000004 -3.8499999999999992 36.650000000000013 8672.2222222222244 11.250000000000002 4.2250000000000005 997.6500000000002 11951.388888888891 1.5000000000000002 7.5656000000000008 0.68301270189221941 0.89937641723356021 1.0000000180025095e-35 8.0500000000000025
decision_type=2 2 2 2 2 2 2 2 2 2 2 2 2 2 2 2
left_child=2 11 3 -1 5 6 7 -5 -9 13 -11 -2 -12 14 -7 -15
right_child=1 -3 -4 4 -6 9 -8 8 -10 10 12 -13 -14 15 -16 -17
leaf_value=82.644715079224 -59.443229254535666 430.08671860425579 -173.11944524061641 -58.147610970747429 70.449843028580645 1.2975006903148174 -84.144151239603104 -52.041669555911405 -11.842064239975187 -7.8072416226289283 21.429042214488753 -32.434775199767479 43.21857212262276 12.88231598684721 -10.089528754672642 1.7851577666906822
leaf_weight=33 30 30 30 30 31 55 32 40 397 36 41 31 35 32 55 30
leaf_count=33 30 30 30 30 31 55 32 40 397 36 41 31 35 32 55 30
internal_value=0.745095 111.39 -10.7471 -4.97628 -8.5382 -11.674 -22.5218 -18.2822 -15.5327 7.38715 18.8748 -45.7933 31.5074 -0.0997685 -4.39996 7.52433
internal_weight=968 91 877 847 814 783 499 467 437 284 112 61 76 172 110 62
internal_count=968 91 877 847 814 783 499 467 437 284 112 61 76 172 110 62
is_linear=0
shrinkage=0.05


Tree=67
num_leaves=18
num_cat=0
split_feature=24 26 24 20 14 2 1 24 24 11 0 27 26 3 28 3 24
split_gain=4.63443e+08 1.73109e+08 9.22476e+07 8.92133e+07 5.66454e+07 5.48938e+07 4.61348e+07 7.99805e+07 3.20008e+07 3.69267e+07 5.90858e+07 1.55614e+07 2.73266e+06 2.46345e+06 1.70657e+06 1.69593e+06 1.36954e+06
threshold=20980.000000000004 12.150000000000002 8789.019444444446 22.401800000000005 52.000000000000007 4.8000000000000016 0.29166666666666669 14708.333333333334 6020.3694444444454 1.0000000180025095e-35 754.50000000000011 0.90511774987322979 7.4500000000000011 56.350000000000001 -0.92910699518418149 80.550000000000011 7706.0194444444451
decision_type=2 2 2 2 2 2 2 2 2 2 2 2 2 2 2 2 2
left_child=1 2 3 4 5 -1 -4 11 9 -6 -11 14 16 -14 -8 -16 -10
right_child=-2 -3 6 -5 8 -7 7 -9 12 10 -12 -13 13 -15 15 -17 -18
leaf_value=-109.22693720198063 190.59701328093598 112.37418252431672 -37.695149624317956 62.770212658853623 7.6389989229447055 -24.707360339462014 14.970300253681168 89.079144827084534 -12.957181860246198 -66.312902243546674 -16.993378100694638 40.470477915789026 -5.880535137888014 10.919103318604471 4.4625750161332496 -8.1133934239966621 0.12267653474776058
leaf_weight=37 31 30 40 30 56 40 30 36 60 103 148 34 38 51 141 33 30
leaf_count=37 31 30 40 30 56 40 30 36 60 103 148 34 38 51 141 33 30
internal_value=0.708742 -5.59324 -9.50711 -21.1092 -25.5891 -65.4097 12.4035 19.7283 -19.2679 -29.0623 -37.2504 9.20525 -2.46293 3.74762 3.97708 2.07416 -8.60188
internal_weight=968 937 907 593 563 77 314 274 486 307 251 238 179 89 204 174 90
internal_count=968 937 907 593 563 77 314 274 486 307 251 238 179 89 204 174 90
is_linear=0
shrinkage=0.05


Tree=68
num_leaves=17
num_cat=0
split_feature=1 24 24 8 9 24 26 6 1 28 24 0 30 7 0 27
split_gain=4.57503e+08 1.6188e+09 3.27493e+08 9.51338e+07 7.26388e+07 5.4898e+07 3.29847e+07 4.03967e+07 3.68019e+07 3.09895e+07 1.58813e+07 2.77368e+07 1.44753e+07 4.68839e+06 4.22085e+06 3.60443e+06
threshold=1.2500000000000002 3247.2222222222226 20150.000000000004 -3.8499999999999992 36.650000000000013 6813.8888888888896 9.8500000000000032 2.4500000000000006 0.22500000000000003 -0.030120304846908235 11895.833333333334 205.50000000000003 1.0000000180025095e-35 9.0500000000000025 153.30000000000004 0.17552986495352002
decision_type=2 2 2 2 2 2 2 2 2 2 2 2 2 2 2 2
left_child=2 14 3 -1 5 6 7 8 -5 -9 11 -7 15 -13 -2 -12
right_child=1 -3 -4 4 -6 10 -8 9 -10 -11 12 13 -14 -15 -16 -17
leaf_value=78.452572517740762 -27.152249165785271 407.37484536757103 -172.47353476844356 47.894966939677829 66.922653318448084 -49.260341529014326 -60.56252892571348 -19.056441479369209 -18.609673693709365 -63.483081645676741 17.881813739416167 15.108834956887216 -8.7713182234075742 -2.8813208639552723 -53.622770656573429 39.59161384075194
leaf_weight=33 30 30 30 36 31 32 58 137 49 55 38 42 38 259 31 39
leaf_count=33 30 30 30 36 31 32 58 137 49 55 38 42 38 259 31 39
internal_value=0.674604 107.322 -10.4024 -4.64228 -8.02022 -10.9955 -26.3025 -19.1097 9.58012 -31.8093 0.453943 -5.07873 16.4652 -0.366866 -40.6703 28.9148
internal_weight=968 91 877 847 814 783 335 277 85 192 448 333 115 301 61 77
internal_count=968 91 877 847 814 783 335 277 85 192 448 333 115 301 61 77
is_linear=0
shrinkage=0.05


Tree=69
num_leaves=18
num_cat=0
split_feature=24 26 24 20 8 24 1 28 1 0 0 0 20 0 24 27 4
split_gain=4.36996e+08 1.53961e+08 7.78152e+07 1.23728e+08 7.65356e+07 3.81767e+07 7.17877e+07 3.80069e+07 2.8141e+07 6.52848e+07 4.97964e+07 2.80423e+07 7.70999e+06 7.25464e+06 4.09182e+06 3.34675e+06 1.63729e+06
threshold=20980.000000000004 12.150000000000002 6020.3694444444454 21.423450000000003 0.75000000000000011 11951.388888888891 0.65000000000000013 0.055916990100603255 0.90000000000000013 16.300000000000004 1239.1000000000001 93.850000000000009 9.0767000000000007 919.95000000000016 7892.8583333333345 0.73243302457225423 1015.4500000000002
decision_type=2 2 2 2 2 2 2 2 2 2 2 2 2 2 2 2 2
left_child=1 2 3 4 -1 11 7 -7 9 -6 -11 -4 -10 -13 15 -15 -16
right_child=-2 -3 5 -5 8 6 -8 -9 12 10 -12 13 -14 14 16 -17 -18
leaf_value=-110.68621091371179 185.03260028998568 105.77418194640912 -49.365225666260052 66.81028636801652 43.572195095610411 26.44930935429219 69.802761597901636 -46.555818873253941 -76.56231107490008 -90.56378476469223 -20.974827275015016 22.852578198632528 -41.027446827635963 -13.889454379617655 -1.4344572870653047 3.9733089750648567 7.8929416295975336
leaf_weight=31 31 30 32 32 34 40 55 32 30 30 177 30 32 104 143 35 70
leaf_count=31 31 30 32 32 34 40 55 32 30 30 177 30 32 104 143 35 70
internal_value=0.641892 -5.47764 -9.16867 -26.9709 -35.9732 2.87773 26.8474 -6.01691 -28.2953 -20.5508 -31.0991 -4.47998 -58.3174 -0.708014 -2.72195 -9.39198 1.63313
internal_weight=968 937 907 366 334 541 127 72 303 241 207 414 62 382 352 139 213
internal_count=968 937 907 366 334 541 127 72 303 241 207 414 62 382 352 139 213
is_linear=0
shrinkage=0.05


Tree=70
num_leaves=15
num_cat=0
split_feature=3 14 14 14 24 24 24 0 20 24 14 24 0 14
split_gain=3.65361e+08 4.58397e+08 2.11089e+08 2.16952e+08 6.48992e+08 4.75574e+08 6.2863e+07 4.40565e+07 8.91025e+07 3.73719e+07 2.27243e+07 1.45534e+07 8.61621e+06 3.26547e+06
threshold=37.150000000000006 73.500000000000014 17.000000000000004 56.000000000000007 18513.334000000003 9403.769444444446 13351.85277777778 669.35000000000014 22.401800000000005 6950.6166666666677 148.50000000000003 7706.0194444444451 3.8500000000000005 169.50000000000003
decision_type=2 2 2 2 2 2 2 2 2 2 2 2 2 2
left_child=1 -1 -2 5 6 -4 7 9 11 10 -5 -9 -8 -11
right_child=2 -3 3 4 -6 -7 12 8 -10 13 -12 -13 -14 -15
leaf_value=242.64803116905006 -122.243578918438 -27.125432350944443 -19.092715441288281 -82.683306038416802 -240.66907942635672 230.60139891538904 25.564197333413674 -13.675599229530077 82.509641755696549 -9.879979676028027 -32.884237767676979 3.835647877943396 62.377020023106766 13.410701071146713
leaf_weight=33 40 30 52 32 30 30 33 276 30 30 81 208 31 30
leaf_count=33 40 30 52 32 30 30 33 276 30 30 81 208 31 30
internal_value=-1.97425 114.345 -10.1013 -4.88996 -13.0161 72.4283 -3.8913 -8.30864 -0.961067 -30.1258 -47.0473 -6.15086 43.465 1.76821
internal_weight=966 63 903 863 781 82 751 687 514 173 113 484 64 60
internal_count=966 63 903 863 781 82 751 687 514 173 113 484 64 60
is_linear=0
shrinkage=0.05


Tree=71
num_leaves=13
num_cat=0
split_feature=3 14 14 14 24 7 24 9 24 8 9 0
split_gain=3.29837e+08 4.13836e+08 1.9056e+08 1.95868e+08 5.88065e+08 4.67742e+08 6.74184e+07 4.45027e+07 3.73706e+07 3.86141e+07 1.12764e+07 5.79946e+06
threshold=37.150000000000006 73.500000000000014 17.000000000000004 56.000000000000007 18200.000000000004 11.050000000000002 13351.85277777778 36.650000000000013 6503.0861111111126 24.150000000000002 1.0000000180025095e-35 9.5000000000000018
decision_type=2 2 2 2 2 2 2 2 2 2 2 2
left_child=1 -1 -2 5 6 -4 7 8 9 -5 -8 -10
right_child=2 -3 3 4 -6 -7 10 -9 11 -11 -12 -13
leaf_value=230.55228611695441 -116.14664455233071 -25.773666499698678 -24.33068210262142 -16.937362042727379 -221.93111695738222 221.65300938768783 25.73798834260008 50.551430911343203 -16.258355723069052 -73.272839854399834 68.501614562538379 3.3722985888123311
leaf_weight=33 40 30 51 283 32 31 32 31 43 34 30 296
leaf_count=33 40 30 51 283 32 31 32 31 43 34 30 296
internal_value=-1.87496 108.645 -9.59682 -4.64535 -12.3666 68.8198 -3.38476 -7.89349 -10.6627 -23.0009 46.5071 0.8782
internal_weight=966 63 903 863 781 82 749 687 656 317 62 339
internal_count=966 63 903 863 781 82 749 687 656 317 62 339
is_linear=0
shrinkage=0.05


Tree=72
num_leaves=16
num_cat=0
split_feature=3 0 14 27 24 24 24 14 24 0 21 21 26 24 27
split_gain=2.97766e+08 3.75779e+08 1.72191e+08 1.73311e+08 9.66967e+08 4.48761e+08 7.91696e+07 2.14244e+08 7.55709e+07 3.26898e+07 3.10968e+07 1.53422e+07 1.4547e+07 7.3904e+06 5.87095e+06
threshold=37.150000000000006 982.25000000000011 15.000000000000002 0.95992380042979863 15875.000000000002 14981.480555555558 1.0000000180025095e-35 205.50000000000003 6193.2861111111115 14.100000000000001 0.70145753816793899 0.75284421460892059 10.750000000000002 13296.297222222223 -0.183996647784403
decision_type=2 2 2 2 2 2 2 2 2 2 2 2 2 2 2
left_child=1 -1 -2 4 6 11 7 10 9 -8 -4 -5 13 -10 -11
right_child=2 -3 3 5 -6 -7 8 -9 12 14 -12 -13 -14 -15 -16
leaf_value=230.99014748988358 -116.112675323909 -13.26468733703982 18.612426456986018 -27.105103334196055 268.90766257663506 -223.466185895423 -85.69037245609249 144.99166071438708 -1.692962735210866 -43.529404527355553 -43.319019344944479 11.926513823387584 -34.097090854241408 23.434285526929244 -23.767424089533812
leaf_weight=30 36 33 42 47 33 31 33 30 331 60 39 54 33 32 102
leaf_count=30 36 33 42 47 33 31 33 30 331 60 39 54 33 32 102
internal_value=-1.78066 103.229 -9.11753 -4.66194 4.81411 -57.39 -7.63707 31.0896 -14.9147 -40.3851 -11.223 -6.24551 -2.36534 0.527942 -31.109
internal_weight=966 63 903 867 735 132 702 111 591 195 81 101 396 363 162
internal_count=966 63 903 867 735 132 702 111 591 195 81 101 396 363 162
is_linear=0
shrinkage=0.05


Tree=73
num_leaves=14
num_cat=0
split_feature=20 3 0 14 24 24 24 0 20 24 14 9 9
split_gain=2.96275e+08 8.30195e+08 2.15173e+08 1.36471e+08 5.51793e+08 5.25668e+08 4.90659e+07 4.11743e+07 8.09856e+07 2.39844e+07 2.02971e+07 1.432e+07 9.49122e+06
threshold=0.98329999999999995 37.150000000000006 1401.3000000000004 56.000000000000007 9403.769444444446 18513.334000000003 13296.297222222223 669.35000000000014 22.401800000000005 6950.6166666666677 148.50000000000003 5.3000000000000016 1.0000000180025095e-35
decision_type=2 2 2 2 2 2 2 2 2 2 2 2 2
left_child=2 -2 -1 4 -3 6 7 9 11 10 -5 -9 -8
right_child=1 3 -4 5 -6 -7 12 8 -10 -11 -12 -13 -14
leaf_value=-199.56655987803958 225.34039440108623 -34.925424096870749 -18.768419252705367 -75.820351966667772 228.10695667900515 -216.29448732648575 18.175712469160725 -1.3699797442031008 79.297021806279702 -1.3852662078404832 -28.596283460778626 -24.55111960698008 55.04975484973005
leaf_weight=31 41 59 35 32 30 30 35 396 30 53 79 80 35
leaf_count=31 41 59 35 32 30 30 35 396 30 53 79 80 35
internal_value=-1.69118 5.81207 -103.862 -4.69101 53.8936 -11.4686 -3.13674 -7.29999 -0.241757 -29.0638 -42.2665 -5.27032 36.665
internal_weight=966 900 66 859 89 770 740 670 506 164 111 476 70
internal_count=966 900 66 859 89 770 740 670 506 164 111 476 70
is_linear=0
shrinkage=0.05


Tree=74
num_leaves=16
num_cat=0
split_feature=20 3 0 27 1 3 27 20 27 1 5 0 20 5 0
split_gain=2.67479e+08 7.49439e+08 1.9426e+08 1.4712e+08 2.847e+08 1.8761e+08 4.4687e+07 9.87081e+07 5.96364e+07 4.81618e+07 1.2208e+08 6.49727e+07 2.11219e+07 1.71059e+07 1.39592e+07
threshold=0.98329999999999995 37.150000000000006 1401.3000000000004 0.95992380042979863 0.36666666666666675 90.350000000000009 0.80900950266415306 6.0820000000000016 0.53436760985011655 0.18333333333333332 21.850000000000005 9.5000000000000018 10.166300000000003 11.250000000000002 2045.2500000000002
decision_type=2 2 2 2 2 2 2 2 2 2 2 2 2 2 2
left_child=2 -2 -1 5 -5 6 8 -8 9 10 -3 -11 -9 -6 -10
right_child=1 3 -4 4 13 -7 7 12 14 11 -12 -13 -14 -15 -16
leaf_value=-189.62031629752499 214.10079496898788 100.08647655785244 -17.832671204048005 -149.99837620233549 -26.169078092931592 93.942821931398285 103.81844638178119 -35.710790294389632 -75.591155696758506 -63.228182861958629 -24.338583638605769 -1.5659328667476706 23.047287311110384 20.232253917027805 -31.261394553286451
leaf_weight=31 41 37 35 48 32 54 30 31 31 48 42 382 30 52 42
leaf_count=31 41 37 35 48 32 54 30 31 31 48 42 382 30 52 42
internal_value=-1.6066 5.5227 -98.6857 -4.45647 -52.9966 4.36294 -2.83763 29.7262 -7.93346 -1.86814 33.9892 -8.46227 -6.82287 2.5454 -50.1641
internal_weight=966 900 66 859 132 727 673 91 582 509 79 430 61 84 73
internal_count=966 900 66 859 132 727 673 91 582 509 79 430 61 84 73
is_linear=0
shrinkage=0.05


Tree=75
num_leaves=18
num_cat=0
split_feature=24 24 0 9 1 24 9 7 20 23 23 26 3 7 24 1 8
split_gain=7.15308e+08 6.94033e+07 8.65192e+07 6.14638e+07 5.43071e+07 1.22987e+08 5.29656e+07 6.44745e+07 4.85551e+07 4.33139e+07 4.06943e+07 3.38624e+07 1.82517e+07 2.024e+07 2.17278e+07 1.73968e+07 1.72685e+06
threshold=21214.285714285721 10937.500000000002 754.50000000000011 24.350000000000005 0.65000000000000013 13296.297222222223 0.25000000000000006 23.950000000000003 3.7498000000000005 1.0000000180025095e-35 -0.24999999999999994 11.350000000000003 46.70000000000001 28.250000000000004 6914.6833333333334 0.65000000000000013 18.250000000000004
decision_type=2 2 2 2 2 2 2 2 2 2 2 2 2 2 2 2 2
left_child=1 2 6 11 10 16 8 -8 -1 -10 -3 12 -4 15 -15 -14 -6
right_child=-2 4 3 -5 5 -7 7 -9 9 -11 -12 -13 13 14 -16 -17 -18
leaf_value=-116.12955008176999 239.94323252427617 27.50000085172141 -31.360455723906131 64.929008161348364 15.128385748541598 129.62670891847324 44.669272871109456 -54.879936143310196 -69.503653092553776 3.4600259443571333 -42.947328716751599 -58.30113159369828 29.268682813379993 -57.403865468310393 -2.2625782494307134 -1.4888461195421701 -1.1732664007082629
leaf_weight=32 30 39 59 30 34 30 31 34 59 31 43 32 54 31 42 306 31
leaf_count=32 30 39 59 30 34 30 31 34 59 31 43 32 54 31 42 306 31
internal_value=0.0994829 -7.76382 -14.483 -4.55393 20.3578 46.0689 -43.8803 -7.40686 -63.2909 -44.3957 -9.44915 -8.5436 -5.29613 -1.73821 -25.7253 3.13162 7.36382
internal_weight=948 918 741 554 177 95 187 65 122 90 82 524 492 433 73 360 65
internal_count=948 918 741 554 177 95 187 65 122 90 82 524 492 433 73 360 65
is_linear=0
shrinkage=0.05


Tree=76
num_leaves=16
num_cat=0
split_feature=1 0 0 21 14 1 0 1 29 20 4 4 1 14 3
split_gain=5.4111e+08 1.14465e+09 1.70686e+08 1.67477e+08 1.0466e+08 6.62252e+08 1.83919e+08 1.15879e+08 1.26701e+08 5.49471e+07 2.27115e+07 1.63357e+07 1.27501e+07 2.48154e+07 4.72528e+06
threshold=1.2500000000000002 34.400000000000006 1.3000000000000003 0.89769754055468354 56.000000000000007 0.36666666666666675 205.50000000000003 0.36666666666666675 1.0000000180025095e-35 22.594900000000006 1014.5500000000001 997.25000000000011 0.45000000000000007 166.00000000000003 47.050000000000004
decision_type=2 2 2 2 2 2 2 2 2 2 2 2 2 2 2
left_child=2 -2 3 -1 5 -4 7 8 -6 11 -7 -8 13 -13 -14
right_child=1 -3 4 -5 6 10 9 -9 -10 -11 -12 12 14 -15 -16
leaf_value=-13.243921894177209 356.12033927871431 -19.581376764951731 236.14220942163007 -176.37583274841307 -178.63438170312784 -63.375285154773337 -36.023339961645171 -12.469610762808625 -47.291064690949021 63.919811418048823 -11.761564821286711 -12.613344627202942 -21.421057104648202 51.610301512657998 -3.3657687499585758
leaf_weight=33 32 55 31 30 34 34 38 56 40 31 57 30 40 30 377
leaf_count=33 32 55 31 30 34 34 38 56 40 31 57 30 40 30 377
internal_value=0.0951355 118.858 -11.9177 -91.0823 -5.65722 36.9478 -13.3506 -66.7745 -107.798 -0.620757 -31.0943 -4.51739 -2.00045 19.5308 -5.10242
internal_weight=948 87 861 63 798 122 676 130 74 546 91 515 477 60 417
internal_count=948 87 861 63 798 122 676 130 74 546 91 515 477 60 417
is_linear=0
shrinkage=0.05


Tree=77
num_leaves=19
num_cat=0
split_feature=24 24 0 3 9 7 20 1 24 28 28 3 4 9 1 4 24 20
split_gain=6.39787e+08 6.79459e+07 8.08544e+07 5.66141e+07 5.12441e+07 5.65687e+07 4.84872e+07 4.00445e+07 1.03758e+08 5.44945e+07 3.895e+07 2.31586e+07 1.91518e+07 2.37727e+07 3.04404e+07 7.46177e+06 7.44808e+06 1.63737e+06
threshold=21214.285714285721 10937.500000000002 754.50000000000011 90.350000000000009 0.25000000000000006 23.950000000000003 3.7498000000000005 0.65000000000000013 13296.297222222223 0.055916990100603255 0.25951179706979971 46.70000000000001 997.75000000000011 9.1500000000000021 0.65000000000000013 1006.85 8063.4916666666677 15.572200000000002
decision_type=2 2 2 2 2 2 2 2 2 2 2 2 2 2 2 2 2 2
left_child=1 2 4 11 6 -6 -1 9 17 -3 15 16 -13 14 -14 -8 -4 -9
right_child=-2 7 3 -5 5 -7 10 8 -10 -11 -12 12 13 -15 -16 -17 -18 -19
leaf_value=-114.30342431588336 226.92039364025837 31.811139500484764 -50.608319202933728 52.82611460031714 42.240203651622949 -51.005941019589606 -47.936787396808008 14.336808917053744 119.305070556121 -49.999768257655226 3.8915534326800478 -43.186247664670219 35.919009967118562 -43.926734149111049 -4.2355680111565874 -83.550082910734162 -17.518592487040824 -1.566465936071453
leaf_weight=32 30 45 38 40 31 34 30 35 30 37 30 30 55 31 329 30 31 30
leaf_count=32 30 45 38 40 31 34 30 35 30 37 30 30 55 31 329 30 31 30
internal_value=0.0909653 -7.34566 -13.9939 -4.39542 -42.4126 -6.53805 -61.505 20.4791 42.5568 -5.11942 -42.6262 -8.85788 -4.67495 -1.88126 1.52358 -65.8529 -35.7889 7.00563
internal_weight=948 918 741 554 187 65 122 177 95 82 90 514 445 415 384 60 69 65
internal_count=948 918 741 554 187 65 122 177 95 82 90 514 445 415 384 60 69 65
is_linear=0
shrinkage=0.05


Tree=78
num_leaves=15
num_cat=0
split_feature=1 21 20 14 27 1 21 3 3 20 27 26 14 2
split_gain=4.93435e+08 7.87297e+08 1.52705e+08 3.38247e+08 8.41435e+07 1.9106e+08 1.20683e+08 9.49116e+07 5.17998e+07 3.70927e+07 3.92077e+07 2.61047e+07 5.95111e+06 2.62862e+06
threshold=1.2500000000000002 0.81725822795071357 0.98329999999999995 23.000000000000004 0.82876241254485883 0.36666666666666675 0.89769754055468354 43.20000000000001 90.350000000000009 22.265100000000004 0.5772435042917955 10.350000000000003 103.00000000000001 6.7500000000000009
decision_type=2 2 2 2 2 2 2 2 2 2 2 2 2 2
left_child=2 -2 -1 -4 7 6 -6 -5 9 10 -9 12 13 -7
right_child=1 -3 3 4 5 11 -8 8 -10 -11 -12 -13 -14 -15
leaf_value=-88.949922787074115 -7.0682140199478063 300.90643267813317 137.76530543422456 83.700705999393406 -43.905325761573977 24.775784451708532 -174.4578087859839 -2.3509687108284636 49.300918648377909 -64.82989431792133 -44.57844165438982 -43.904134376640002 -11.295936674677748 5.6754903562660832
leaf_weight=59 53 34 39 30 37 31 34 386 37 31 64 35 35 43
leaf_count=59 53 34 39 30 37 31 34 386 37 31 64 35 35 43
internal_value=0.0865181 113.497 -11.3849 -5.66838 -13.0169 -39.5178 -106.581 -2.61438 -7.62852 -12.0171 -8.36523 -6.40095 5.67051 13.6997
internal_weight=948 87 861 802 763 215 71 548 518 481 450 144 109 74
internal_count=948 87 861 802 763 215 71 548 518 481 450 144 109 74
is_linear=0
shrinkage=0.05


Tree=79
num_leaves=16
num_cat=0
split_feature=24 24 1 28 14 24 9 24 5 23 20 5 26 27 24
split_gain=5.77179e+08 6.69838e+07 6.27354e+07 5.02428e+07 4.06573e+07 4.92084e+07 3.39096e+07 2.59638e+07 3.46605e+07 2.216e+07 2.83303e+07 8.19235e+06 5.16219e+06 3.50509e+06 2.48534e+06
threshold=21214.285714285721 12384.126984126988 0.65000000000000013 0.055916990100603255 42.000000000000007 5648.6111111111122 29.700000000000003 6699.9000000000005 7.6500000000000012 -0.9330127018922193 21.235900000000004 3.0500000000000003 10.450000000000005 0.88203985695844977 7849.5361111111115
decision_type=2 2 2 2 2 2 2 2 2 2 2 2 2 2 2
left_child=1 4 3 -3 5 -1 7 8 -6 -10 -11 -7 13 14 -9
right_child=-2 2 -4 -5 6 11 -8 12 9 10 -12 -13 -14 -15 -16
leaf_value=-94.740331579864602 215.5281295624286 34.778024519877313 70.304270702826514 -46.873938046452594 28.773128703137544 0.55639513267198171 42.805782094875724 -9.3577867739128333 7.0985543840619334 -24.510320862703729 -74.544735778380783 -35.762790426027358 -16.731086281268265 15.183625753396223 2.7351577319804772
leaf_weight=31 30 42 50 34 33 31 31 56 46 241 32 31 41 44 175
leaf_count=31 30 42 50 34 33 31 31 56 46 241 32 31 41 44 175
internal_value=0.0828287 -6.98057 26.8675 -1.76401 -12.3682 -43.4086 -8.23275 -10.6074 -19.9451 -24.9924 -30.4003 -17.6315 -0.202754 2.26664 -0.199224
internal_weight=948 918 126 76 792 93 699 668 352 319 273 62 316 275 231
internal_count=948 918 126 76 792 93 699 668 352 319 273 62 316 275 231
is_linear=0
shrinkage=0.05


Tree=80
num_leaves=14
num_cat=0
split_feature=24 3 9 24 0 10 4 0 27 0 0 26 26
split_gain=8.30163e+08 6.4774e+07 5.28173e+07 5.37758e+07 4.40393e+07 7.03183e+07 4.06289e+07 4.76268e+07 2.22069e+07 4.64202e+07 2.99403e+07 1.22612e+07 8.28837e+06
threshold=21214.285714285721 36.150000000000006 40.650000000000013 6813.8888888888896 2.1500000000000004 2.5000000000000004 997.6500000000002 1239.1000000000001 0.88606241628642846 4.1000000000000005 706.9000000000002 7.6500000000000012 9.8500000000000032
decision_type=2 2 2 2 2 2 2 2 2 2 2 2 2
left_child=1 -1 3 4 -3 -6 -7 -8 9 -5 -11 -10 -12
right_child=-2 2 -4 8 5 6 7 -9 11 10 12 -13 -14
leaf_value=-65.99453217654218 257.9567888937915 34.682925890390749 59.284815773060956 -60.376885095823233 -89.785646314694134 -69.654375189593722 -42.461930915871875 0.99023926952730013 47.107431139407822 51.071733637743222 2.2534695513042928 10.571530214398329 -21.277853407178611
leaf_weight=47 30 32 30 31 39 35 92 200 38 30 247 58 44
leaf_count=47 30 32 30 31 39 35 92 200 38 30 247 58 44
internal_value=-0.448118 -8.87402 -5.80214 -8.11693 -21.489 -26.4083 -18.8244 -12.71 3.76483 -2.05049 3.59931 25.0677 -1.3106
internal_weight=953 923 876 846 398 366 327 292 448 352 321 96 291
internal_count=953 923 876 846 398 366 327 292 448 352 321 96 291
is_linear=0
shrinkage=0.05


Tree=81
num_leaves=20
num_cat=0
split_feature=24 14 3 24 11 24 20 27 27 14 11 24 2 14 14 14 24 24 8
split_gain=7.4948e+08 6.97908e+07 1.00263e+08 4.47439e+07 1.48637e+08 5.83217e+07 4.21778e+07 1.75554e+07 1.55807e+07 1.06862e+07 8.96698e+06 2.23123e+07 1.30488e+07 7.97713e+06 1.11421e+07 5.78104e+06 5.05956e+06 3.06393e+06 1.70709e+06
threshold=21214.285714285721 42.000000000000007 52.050000000000004 1.0000000180025095e-35 1.5000000000000002 6813.8888888888896 16.738800000000001 -0.22611359161738934 0.88606241628642846 87.500000000000014 1.5000000000000002 12548.611111111113 8.9500000000000011 154.00000000000003 129.00000000000003 180.00000000000003 9729.1666666666697 5308.2027777777794 10.550000000000002
decision_type=2 2 2 2 2 2 2 2 2 2 2 2 2 2 2 2 2 2 2
left_child=1 2 -1 4 -3 7 -6 17 10 -10 12 15 -7 14 18 -12 -14 -5 -9
right_child=-2 3 -4 5 6 8 -8 13 9 -11 11 -13 16 -15 -16 -17 -18 -19 -20
leaf_value=-105.40021850161098 245.1018003140573 93.968988858362664 -3.1323092744222634 -50.463807866173958 13.818591243717945 -38.470910986902972 -60.242315530637143 -7.6793110958244757 1.9443310067288893 34.658163782024552 -23.171845484239881 39.567238287780427 -12.246424191741012 2.0978701113521914 -44.901647313752974 0.62882187445343263 13.528719792258702 -32.722135158149385 -21.696559224960879
leaf_weight=43 30 47 54 59 44 36 34 55 45 56 31 36 49 42 40 142 31 43 36
leaf_count=43 30 47 54 59 44 36 34 55 45 56 31 36 49 42 40 142 31 43 36
internal_value=-0.425112 -8.43109 -48.5295 -3.71689 23.8295 -8.63159 -18.5001 -26.5771 2.95646 20.0991 -2.37546 3.812 -13.5173 -16.8609 -22.9362 -3.64693 -2.25407 -43.0239 -13.2424
internal_weight=953 923 97 826 125 701 78 275 426 101 325 209 116 173 131 173 80 102 91
internal_count=953 923 97 826 125 701 78 275 426 101 325 209 116 173 131 173 80 102 91
is_linear=0
shrinkage=0.05


Tree=82
num_leaves=20
num_cat=0
split_feature=24 14 26 9 24 7 0 28 5 21 1 29 29 27 0 0 26 24 14
split_gain=6.7664e+08 6.30011e+07 1.0724e+08 4.44871e+07 3.41652e+07 4.4158e+07 3.75522e+07 2.76411e+07 3.03238e+07 2.60859e+07 2.63082e+07 1.64279e+07 1.5526e+07 1.35506e+07 2.38307e+07 3.63035e+07 1.56079e+07 1.58321e+07 5.24362e+06
threshold=21214.285714285721 42.000000000000007 9.5500000000000025 40.650000000000013 6672.2222222222235 12.050000000000002 1239.1000000000001 -0.073092422389869308 22.525000000000002 0.42219263767380927 0.65000000000000013 -1.0000000180025095e-35 1.0000000180025095e-35 0.88606241628642846 4.9500000000000011 706.9000000000002 9.8500000000000032 12018.519444444446 129.00000000000003
decision_type=2 2 2 2 2 2 2 2 2 2 2 2 2 2 2 2 2 2 2
left_child=1 2 12 4 5 -3 7 8 -7 10 -8 -11 -1 14 -6 -16 17 -15 -17
right_child=-2 3 -4 -5 13 6 9 -9 -10 11 -12 -13 -14 16 15 18 -18 -19 -20
leaf_value=-31.750677443501615 232.88742862333885 36.539021965309431 -120.88260996215439 56.137624959850633 -43.502512121358983 -0.1697538485192949 51.157990880820449 -75.786293676813159 -60.637978569709389 5.860979682370612 -12.155847757344761 -31.87624154117475 17.197206060593309 12.648385333793621 54.28453122595883 -22.499860382396914 -10.650761476624446 59.967860525074201 -0.30706364947886433
leaf_weight=35 30 35 32 30 30 47 30 44 37 40 36 103 30 43 31 30 30 30 230
leaf_count=35 30 35 32 30 30 47 30 44 37 40 36 103 30 43 31 30 30 30 230
internal_value=-0.403619 -8.01062 -46.1086 -3.5316 -5.78722 -16.8442 -22.3976 -43.7147 -26.8451 -9.3275 16.657 -21.3236 -9.16756 3.91536 -1.14943 3.23029 19.6856 32.1502 -2.87546
internal_weight=953 923 97 826 796 372 337 128 84 209 66 143 65 424 321 291 103 73 260
internal_count=953 923 97 826 796 372 337 128 84 209 66 143 65 424 321 291 103 73 260
is_linear=0
shrinkage=0.05


Tree=83
num_leaves=18
num_cat=0
split_feature=24 14 26 9 24 3 0 24 4 1 0 1 0 11 29 3 3
split_gain=6.10878e+08 5.68784e+07 9.68168e+07 4.01627e+07 3.10347e+07 3.64616e+07 4.13113e+07 2.99368e+07 2.85942e+07 2.58054e+07 1.82146e+07 1.55676e+07 9.07707e+07 2.11288e+07 1.40167e+07 8.14956e+06 1.60239e+06
threshold=21214.285714285721 42.000000000000007 9.5500000000000025 40.650000000000013 7706.0194444444451 47.350000000000001 1239.1000000000001 993.33400000000017 998.10000000000014 0.65000000000000013 8.1000000000000014 0.65000000000000013 768.75000000000011 2.5000000000000004 1.0000000180025095e-35 47.850000000000001 83.350000000000009
decision_type=2 2 2 2 2 2 2 2 2 2 2 2 2 2 2 2 2
left_child=1 2 14 4 5 -3 7 -7 -8 -10 -9 13 -13 -6 -1 -14 -17
right_child=-2 3 -4 -5 11 6 8 10 9 -11 -12 12 15 -15 -16 16 -18
leaf_value=-30.167665819021376 221.28173438797759 28.608918170336878 -114.85730905532836 53.34007152671434 -35.619861437700322 -80.707807859328398 -53.151149113550538 -58.15133727842948 29.676884560026732 -10.134299204952931 -13.408128201233788 93.703681626430779 -22.545025547064384 13.083652251170571 16.340201894943895 7.1247494151875488 -4.9705567524152228
leaf_weight=35 30 45 32 30 46 35 30 33 52 186 73 30 31 43 30 159 33
leaf_count=35 30 45 32 30 46 35 30 33 52 186 73 30 31 43 30 159 33
internal_value=-0.382828 -7.61072 -43.8101 -3.35491 -5.49809 -14.0657 -18.7668 -40.6648 -7.2349 -1.42723 -27.3793 5.87599 12.2021 -12.1006 -8.71029 1.20064 5.04434
internal_weight=953 923 97 826 796 454 409 141 268 238 106 342 253 89 65 223 192
internal_count=953 923 97 826 796 454 409 141 268 238 106 342 253 89 65 223 192
is_linear=0
shrinkage=0.05


Tree=84
num_leaves=19
num_cat=0
split_feature=1 23 22 1 20 8 1 28 26 9 28 3 26 28 26 20 3 6
split_gain=5.66128e+08 6.06536e+08 1.1244e+08 1.65383e+08 2.03871e+08 3.38358e+08 1.01264e+08 2.32743e+08 5.01661e+07 4.53987e+07 4.09024e+07 1.85602e+07 1.76143e+07 1.60583e+07 2.06314e+07 7.39616e+06 2.58034e+06 2.42416e+06
threshold=1.2500000000000002 0.6830127018922193 0.68301270189221941 0.65000000000000013 6.3252499999999996 9.8500000000000032 0.29166666666666669 -0.71464691390916035 7.9000000000000004 26.150000000000002 0.98043284291745803 47.550000000000004 6.6500000000000021 0.93225468035816128 10.850000000000003 22.009500000000003 68.700000000000003 3.3500000000000001
decision_type=2 2 2 2 2 2 2 2 2 2 2 2 2 2 2 2 2 2
left_child=2 -2 6 4 -4 -6 7 12 -9 10 13 -5 -1 14 15 -8 -13 -18
right_child=1 -3 3 11 5 -7 9 8 -10 -11 -12 16 -14 -15 -16 -17 17 -19
leaf_value=-53.355777590834442 240.02450146833726 -23.423435639740525 -3.2368188200624086 -39.696820567057578 -265.87492996418592 -38.591461088386602 0.26477404608768151 154.14566663951177 64.542606628049185 -66.280063944868218 -62.397053897035846 10.402006793879771 -2.6060898177579945 32.249886320120474 -43.397754861364916 -25.699303817749026 -14.338746212533048 4.8350072931360319
leaf_weight=31 48 40 44 33 30 36 309 30 33 35 31 56 38 30 33 30 31 35
leaf_count=31 48 40 44 33 30 36 309 30 33 35 31 56 38 30 33 30 31 35
internal_value=-0.36348 120.385 -12.6602 -39.7789 -86.6371 -142.148 -0.678132 37.9825 107.387 -11.5882 -7.15308 -6.49022 -25.451 -2.8785 -5.71936 -2.03982 2.51701 -4.17884
internal_weight=953 88 865 265 110 66 600 132 63 468 433 155 69 402 372 339 122 66
internal_count=953 88 865 265 110 66 600 132 63 468 433 155 69 402 372 339 122 66
is_linear=0
shrinkage=0.05


Tree=85
num_leaves=13
num_cat=0
split_feature=20 24 11 20 24 26 3 14 24 4 7 20
split_gain=2.31008e+08 6.00011e+08 1.40607e+08 1.18327e+08 5.97358e+07 3.38485e+07 3.38499e+07 4.43472e+07 1.78859e+07 4.82854e+07 8.55833e+06 3.08552e+06
threshold=0.98329999999999995 18708.333333333339 2.5000000000000004 1.4069500000000004 13296.297222222223 11.450000000000001 87.15000000000002 185.50000000000003 5701.852777777779 1006.2500000000001 16.450000000000003 16.062950000000001
decision_type=2 2 2 2 2 2 2 2 2 2 2 2
left_child=2 3 -1 -2 5 6 8 -8 9 -5 -6 -10
right_child=1 -3 -4 4 10 -7 7 -9 11 -11 -12 -13
leaf_value=-167.68815682669666 91.422499792215532 215.87385981313165 -25.476959942394672 9.7994403143384048 55.479464148286723 -60.68090008486751 -9.5582857608168847 -79.255657874880811 4.827396874957615 -33.446782223293333 20.109640314765375 -5.2118088869481172
leaf_weight=32 31 32 38 111 32 34 57 38 251 154 37 110
leaf_count=32 31 32 38 111 32 34 57 38 251 154 37 110
internal_value=-3.25509 3.65012 -90.6343 -4.31707 -7.92959 -12.0007 -9.69701 -37.4913 -5.47371 -15.3354 36.5697 1.76775
internal_weight=957 887 70 855 824 755 721 95 626 265 69 361
internal_count=957 887 70 855 824 755 721 95 626 265 69 361
is_linear=0
shrinkage=0.05


Tree=86
num_leaves=15
num_cat=0
split_feature=1 24 24 0 26 26 24 0 5 2 9 24 0 5
split_gain=4.50606e+08 1.26275e+09 1.0282e+09 7.27146e+07 1.40839e+08 4.48547e+07 3.52809e+07 6.35279e+07 1.94819e+07 3.1469e+07 1.02904e+07 8.96122e+06 6.74514e+06 4.62962e+06
threshold=1.2500000000000002 3538.1944444444448 19550.000000000004 2.1500000000000004 8.6500000000000039 11.450000000000001 6062.11388888889 754.50000000000011 18.000000000000004 16.350000000000005 23.350000000000005 4563.6583333333338 379.75000000000006 3.3500000000000001
decision_type=2 2 2 2 2 2 2 2 2 2 2 2 2 2
left_child=2 -2 3 4 -1 6 7 -5 11 -10 12 -9 -8 -14
right_child=1 -3 -4 5 -6 -7 10 8 9 -11 -12 -13 13 -15
leaf_value=-17.692547341170172 -31.657219411091631 367.42862633993457 -301.14034872973878 -68.701763978859404 114.85502222753297 -63.72567645559284 21.590012797077577 -41.156074448223919 28.027437871969944 -23.766341244556628 -25.703142994899686 -9.9284911564707503 15.483378816968406 -0.084722904266504737
leaf_weight=45 58 30 30 54 36 35 51 45 67 52 30 47 56 321
leaf_count=45 58 30 30 54 36 35 51 45 67 52 30 47 56 321
internal_value=-3.09225 104.657 -14.0144 -3.713 41.2864 -8.52646 -5.84585 -20.3626 -7.96476 5.39387 2.5562 -25.231 4.54254 2.23126
internal_weight=957 88 869 839 81 758 723 265 211 119 458 92 428 377
internal_count=957 88 869 839 81 758 723 265 211 119 458 92 428 377
is_linear=0
shrinkage=0.05


Tree=87
num_leaves=15
num_cat=0
split_feature=1 24 24 0 6 26 24 0 25 7 9 11 27 3
split_gain=4.06825e+08 1.14001e+09 9.28279e+08 6.56446e+07 1.30377e+08 4.04936e+07 3.18477e+07 5.73444e+07 1.75859e+07 3.05e+07 9.29014e+06 8.52159e+06 6.14438e+06 3.22263e+06
threshold=1.2500000000000002 3538.1944444444448 19550.000000000004 2.1500000000000004 2.8500000000000001 11.450000000000001 6062.11388888889 754.50000000000011 18.136780000000005 28.550000000000004 23.350000000000005 2.5000000000000004 0.95992380042979863 44.500000000000007
decision_type=2 2 2 2 2 2 2 2 2 2 2 2 2 2
left_child=2 -2 3 4 -1 6 7 -5 11 -10 12 -9 13 -8
right_child=1 -3 -4 5 -6 -7 10 8 9 -11 -12 -13 -14 -15
leaf_value=108.27179431195528 -30.077082890364473 349.11823124172679 -286.13335551835371 -65.273025059127107 -18.94516777332678 -60.548471151118271 -10.387311861837517 -35.607312666077213 20.147404742917466 -37.449229391288149 -24.422255481834029 -4.07779821363712 20.958485090951086 3.8522017969267339
leaf_weight=37 58 30 30 54 44 35 45 58 88 31 30 34 49 334
leaf_count=37 58 30 30 54 44 35 45 58 88 31 30 34 49 334
internal_value=-2.93782 99.4435 -13.3158 -3.52777 39.2281 -8.10125 -5.55428 -19.3467 -7.56763 5.12435 2.42851 -23.9722 4.31585 2.15919
internal_weight=957 88 869 839 81 758 723 265 211 119 458 92 428 379
internal_count=957 88 869 839 81 758 723 265 211 119 458 92 428 379
is_linear=0
shrinkage=0.05


Tree=88
num_leaves=15
num_cat=0
split_feature=1 24 24 0 6 24 0 5 1 9 0 3 24 3
split_gain=3.67299e+08 1.02921e+09 8.38065e+08 5.92621e+07 1.17698e+08 3.37368e+07 5.99148e+07 3.59975e+07 2.67555e+07 1.91047e+07 1.48556e+07 1.15767e+07 1.04778e+07 2.78033e+06
threshold=1.2500000000000002 3538.1944444444448 19550.000000000004 2.1500000000000004 2.8500000000000001 4903.7694444444451 754.50000000000011 18.000000000000004 0.65000000000000013 24.350000000000005 2131.1500000000001 38.400000000000006 13296.297222222223 74.850000000000009
decision_type=2 2 2 2 2 2 2 2 2 2 2 2 2 2
left_child=2 -2 3 4 -1 6 -5 -8 10 11 -9 -7 13 -13
right_child=1 -3 -4 5 -6 9 7 8 -10 -11 -12 12 -14 -15
leaf_value=102.87279488699777 -28.575817008354989 331.720309473589 -271.87422059524891 -72.633698490470223 -18.000060151115296 -25.693673890281538 -41.284085030989218 52.206197421350218 -27.098219988785488 -40.102686888989425 3.256287594411857 3.8626856351067711 26.462621306487968 -4.1967360710709505
leaf_weight=37 58 30 30 50 44 38 56 32 33 30 30 268 43 178
leaf_count=37 58 30 30 50 44 38 56 32 33 30 30 268 43 178
internal_value=-2.7913 94.4895 -12.6523 -3.352 37.2722 -7.69746 -25.2516 -9.52449 9.22063 -1.35942 28.5642 0.853258 2.92105 0.645914
internal_weight=957 88 869 839 81 758 201 151 95 557 62 527 489 446
internal_count=957 88 869 839 81 758 201 151 95 557 62 527 489 446
is_linear=0
shrinkage=0.05


Tree=89
num_leaves=16
num_cat=0
split_feature=1 0 21 14 0 0 3 4 4 4 3 26 14 27 27
split_gain=3.31611e+08 7.58367e+08 1.68494e+08 1.17024e+08 3.01839e+08 1.11582e+08 1.45548e+08 5.27654e+07 9.78018e+07 2.39327e+07 1.05272e+07 1.12238e+07 9.22368e+06 6.97507e+06 6.24447e+06
threshold=1.2500000000000002 34.400000000000006 3.082105711849958 50.000000000000007 1599.6500000000003 604.6500000000002 82.700000000000003 1004.5500000000001 1008.7500000000001 1013.85 91.750000000000014 11.250000000000002 27.000000000000004 -0.98801351631316325 -0.9157879589054253
decision_type=2 2 2 2 2 2 2 2 2 2 2 2 2 2 2
left_child=2 -2 3 4 -1 6 7 -5 -9 -10 11 13 -6 -7 -15
right_child=1 -3 -4 5 12 10 -8 8 9 -11 -12 -13 -14 14 -16
leaf_value=172.20242516618833 283.54407815903517 -21.246859554215973 -128.25398218655505 28.309286742711649 0.45815032177536957 23.346802862357478 -125.96887641619156 -114.17062332533601 -39.192430176947688 15.823151988008597 -31.378399220923519 -30.545609876599727 -36.813917832358733 -18.787073626380803 0.81434510071897925
leaf_weight=31 32 56 30 37 37 31 45 32 38 41 31 31 30 45 410
leaf_count=31 32 56 30 37 37 31 45 32 38 41 31 31 30 45 410
internal_value=-2.65179 89.7822 -12.0214 -7.85054 43.4699 -14.6428 -47.3262 -23.3457 -40.5741 -10.6561 -3.1255 -1.42567 -16.2608 0.43767 -1.12795
internal_weight=957 88 869 839 98 741 193 148 111 79 548 517 67 486 455
internal_count=957 88 869 839 98 741 193 148 111 79 548 517 67 486 455
is_linear=0
shrinkage=0.05


Tree=90
num_leaves=13
num_cat=0
split_feature=24 1 20 14 9 14 26 21 25 12 4 24
split_gain=7.19201e+08 5.04891e+07 3.43807e+07 3.16265e+07 2.30742e+07 2.17476e+07 5.40701e+07 2.7185e+07 2.63218e+07 1.98209e+07 3.12391e+07 2.43299e+07
threshold=18708.333333333339 1.2500000000000002 22.853150000000003 167.50000000000003 24.350000000000005 48.000000000000007 9.7500000000000018 0.70145753816793899 3.5243075000000008 1.0000000180025095e-35 1006.5500000000001 4481.4805555555567
decision_type=2 2 2 2 2 2 2 2 2 2 2 2
left_child=1 2 4 -3 5 6 7 -1 -7 11 -11 -10
right_child=-2 3 -4 -5 -6 8 -8 -9 9 10 -12 -13
leaf_value=35.191378545761111 209.2809177853475 -82.961668419125076 50.686033031794807 -18.042103878181138 -43.141215671751858 43.655377626286985 -75.100853224751447 -29.38827958716039 -23.963716961750031 62.980968159932232 0.89683667158351055 1.7234290461112023
leaf_weight=33 41 30 31 50 34 36 33 32 118 30 62 420
leaf_count=33 41 30 31 50 34 36 33 32 118 30 62 420
internal_value=4.6969 -4.55277 -0.889947 -42.4602 -2.89963 -1.10336 -23.0822 3.40193 2.13374 -0.245464 21.1881 -3.91395
internal_weight=950 909 829 80 798 764 98 65 666 630 92 538
internal_count=950 909 829 80 798 764 98 65 666 630 92 538
is_linear=0
shrinkage=0.05


Tree=91
num_leaves=17
num_cat=0
split_feature=24 1 9 14 6 1 28 24 21 0 26 24 24 2 0 30
split_gain=6.49244e+08 4.55813e+07 3.4151e+07 2.8554e+07 1.97943e+07 6.69619e+07 9.32837e+07 6.11233e+07 4.3068e+07 1.77532e+07 1.39496e+07 1.98086e+07 5.78211e+06 4.75088e+06 4.23528e+06 1.92862e+06
threshold=18708.333333333339 1.2500000000000002 29.050000000000001 167.50000000000003 2.8500000000000001 1.0000000180025095e-35 -0.52705818521824699 4671.2972222222224 0.6697025729797782 3.8500000000000005 9.7500000000000018 13296.297222222223 9729.1666666666697 6.7500000000000009 898.95000000000016 -0.56174490092936669
decision_type=2 2 2 2 2 2 2 2 2 2 2 2 2 2 2 2
left_child=1 2 4 -3 5 6 -1 8 -6 -7 11 13 14 -9 -11 -14
right_child=-2 3 -4 -5 7 9 -8 10 -10 12 -12 -13 15 -15 -16 -17
leaf_value=-9.3476897702723072 198.84233236939369 -78.827366601430697 49.7193586141521 -17.141799325708622 -11.188424106688924 -35.079037195904895 112.23008558668451 9.5075192126040111 -78.886000621740138 12.549901198598084 -23.908745027457915 41.89053759068922 21.833607142224572 -5.2270282752027413 -7.3509605619328102 5.6236117495665789
leaf_weight=31 41 30 32 50 46 40 32 81 48 32 52 31 31 168 160 45
leaf_count=31 41 30 32 50 46 40 32 81 48 32 52 31 31 168 160 45
internal_value=4.46274 -4.32555 -0.845307 -40.3435 -2.8815 5.56135 52.486 -10.2339 -45.8045 -4.05078 -0.151908 4.26702 0.591638 -0.43195 -4.02932 12.2557
internal_weight=950 909 829 80 797 371 63 426 94 308 332 280 268 249 192 76
internal_count=950 909 829 80 797 371 63 426 94 308 332 280 268 249 192 76
is_linear=0
shrinkage=0.05


Tree=92
num_leaves=16
num_cat=0
split_feature=24 14 24 1 30 23 24 0 26 9 24 0 0 6 3
split_gain=5.8609e+08 4.51591e+07 8.08069e+07 5.00802e+07 1.31338e+08 1.3311e+08 3.45845e+07 2.81842e+07 1.32433e+07 1.24665e+07 1.30775e+07 9.91236e+06 8.43507e+06 5.9742e+06 4.08146e+06
threshold=18708.333333333339 48.000000000000007 6349.5361111111115 1.0000000180025095e-35 -0.56174490092936669 -0.68301270189221952 11895.833333333334 4.9500000000000011 9.0500000000000025 23.450000000000003 4762.8972222222228 474.15000000000003 286.85000000000008 2.9500000000000006 46.70000000000001
decision_type=2 2 2 2 2 2 2 2 2 2 2 2 2 2 2
left_child=1 2 -1 4 -3 -6 7 -5 -4 10 12 13 -9 -8 -12
right_child=-2 3 8 6 5 -7 11 9 -10 -11 14 -13 -14 -15 -16
leaf_value=-98.103200076821963 188.92440421668283 -48.541104988246083 13.349550967998006 -46.170112450496731 -2.612073099388267 127.37421540738283 16.606263811411964 -5.0702450078527521 -28.921119787037554 -36.772263379891712 -14.299977959197927 1.0745358411003563 -32.946665281601085 46.613050886666677 1.54543656774736
leaf_weight=34 41 36 42 49 37 42 31 51 33 32 46 39 58 36 343
leaf_count=34 41 36 42 49 37 42 31 51 33 32 46 39 58 36 343
internal_value=4.24058 -4.10935 -34.2859 0.0059684 30.523 66.5682 -5.12104 -9.92857 -5.26322 -6.56985 -4.62214 21.1236 -19.9202 32.7748 -0.331495
internal_weight=950 909 109 800 115 79 685 579 75 530 498 106 109 67 389
internal_count=950 909 109 800 115 79 685 579 75 530 498 106 109 67 389
is_linear=0
shrinkage=0.05


Tree=93
num_leaves=17
num_cat=0
split_feature=24 14 24 1 30 23 24 0 24 9 0 26 0 26 26 0
split_gain=5.29082e+08 4.07693e+07 7.33778e+07 4.52075e+07 1.18564e+08 1.20162e+08 3.12214e+07 2.56783e+07 1.18167e+07 1.02251e+07 9.55514e+06 9.30912e+06 8.94862e+06 6.71108e+06 4.26897e+06 3.78338e+06
threshold=18708.333333333339 48.000000000000007 5143.6507936507942 1.0000000180025095e-35 -0.56174490092936669 -0.68301270189221952 11895.833333333334 2.8500000000000005 4481.4805555555567 23.350000000000005 411.45000000000005 9.0500000000000025 474.15000000000003 8.2500000000000036 11.050000000000002 2.8500000000000005
decision_type=2 2 2 2 2 2 2 2 2 2 2 2 2 2 2 2
left_child=1 2 -1 4 -3 -6 7 -5 10 14 13 -4 15 -9 -10 -8
right_child=-2 3 11 6 5 -7 12 8 9 -11 -12 -13 -14 -15 -16 -17
leaf_value=-99.008719907488143 179.50116328589817 -46.120773075558141 7.2798429408456133 -50.268840680690353 -2.4818215876576719 121.02063252682356 19.345923091519264 4.5840966607725191 0.49549175419829039 -31.203220871833476 -40.939410447955431 -27.479432708763284 1.0209464958561656 -27.396418420024887 -18.502655466620421 43.197787135605367
leaf_weight=30 41 36 46 36 37 42 34 36 375 30 40 33 39 30 32 33
leaf_count=30 41 36 46 36 37 42 34 36 375 30 40 33 39 30 32 33
internal_value=4.02898 -3.90447 -32.5768 0.00571158 29.0002 63.2476 -4.86549 -9.4333 -6.71721 -3.08235 -21.6854 -7.25618 20.0704 -9.97188 -1.00239 31.1408
internal_weight=950 909 109 800 115 79 685 579 543 437 106 79 106 66 407 67
internal_count=950 909 109 800 115 79 685 579 543 437 106 79 106 66 407 67
is_linear=0
shrinkage=0.05


Tree=94
num_leaves=18
num_cat=0
split_feature=24 9 24 14 25 0 24 2 0 5 24 27 27 24 20 10 6
split_gain=4.77621e+08 3.77345e+07 3.366e+07 7.70005e+07 5.61178e+07 3.10913e+07 2.31046e+07 1.8802e+07 2.32197e+07 1.73728e+07 1.54435e+07 7.36142e+06 1.21688e+07 5.93117e+06 5.11894e+06 4.43214e+06 1.56018e+06
threshold=18708.333333333339 32.850000000000001 6096.2972222222224 48.000000000000007 7.618875000000001 2596.7500000000005 2040.0000000000002 5.4500000000000011 50.20000000000001 20.650000000000002 15322.222222222224 0.88606241628642846 0.64534213713577271 11192.591666666669 1.2474000000000001 5.5000000000000009 3.3500000000000001
decision_type=2 2 2 2 2 2 2 2 2 2 2 2 2 2 2 2 2
left_child=1 2 3 -1 -5 7 -7 8 -6 -9 11 12 14 16 -4 -16 -13
right_child=-2 -3 10 4 5 6 -8 9 -10 -11 -12 13 -14 -15 15 -17 -18
leaf_value=-88.899902070058062 170.54794546159803 51.339233586004013 16.666043652625206 53.964110514588675 24.939336298976297 42.69053323077236 -10.711385883193419 -57.973108125290892 -29.660645144823192 -19.615746900866558 36.648867061897107 -3.3228074943564856 -26.297108958664655 30.620430732310012 -19.018220971214088 0.36700133479378572 11.919344984728763
leaf_weight=34 41 30 43 31 31 31 58 64 52 55 31 34 48 31 33 270 33
leaf_count=34 41 30 43 31 31 31 58 64 52 55 31 34 48 31 33 270 33
internal_value=3.82771 -3.71005 -5.5945 -17.4515 -9.88197 -16.6997 7.91626 -27.5439 -9.26235 -40.2763 2.47819 0.318142 -2.7327 12.5741 0.542995 -1.74982 4.19102
internal_weight=950 909 879 356 322 291 89 202 83 119 523 492 394 98 346 303 67
internal_count=950 909 879 356 322 291 89 202 83 119 523 492 394 98 346 303 67
is_linear=0
shrinkage=0.05


Tree=95
num_leaves=14
num_cat=0
split_feature=1 24 24 8 9 24 4 0 0 26 4 1 24
split_gain=3.7712e+08 1.23207e+09 9.72962e+08 1.7157e+08 3.16354e+07 3.07514e+07 6.31699e+07 6.89991e+07 3.46656e+07 2.09958e+07 1.34967e+07 1.13655e+07 5.4097e+06
threshold=1.2500000000000002 3925.155555555556 20980.000000000004 -3.3999999999999995 29.700000000000003 3925.155555555556 1012.35 50.20000000000001 1701.4500000000003 11.650000000000002 1009.7500000000001 0.29166666666666669 9770.8333333333339
decision_type=2 2 2 2 2 2 2 2 2 2 2 2 2
left_child=2 10 3 -1 5 6 7 -5 -9 11 -2 -7 -13
right_child=1 -3 -4 4 -6 9 -8 8 -10 -11 -12 12 -14
leaf_value=114.89490208273149 -7.4853408104905457 358.52351943107936 -285.12764390166552 48.567733559790497 41.669099278463598 -24.645066916101463 -89.903661731585046 -74.837090558203585 -12.96499141886077 -41.498060941542846 -53.766170428726838 -0.72759986519975905 10.193087397778203
leaf_weight=31 32 30 31 36 35 41 31 32 77 31 31 367 164
leaf_count=31 32 30 31 36 35 41 31 32 77 31 31 367 164
internal_value=-0.304422 95.3721 -10.4716 -0.3629 -4.7659 -6.85729 -25.239 -11.3617 -31.1813 -1.48885 -30.3076 0.686351 2.64654
internal_weight=969 93 876 845 814 779 176 145 109 603 63 572 531
internal_count=969 93 876 845 814 779 176 145 109 603 63 572 531
is_linear=0
shrinkage=0.05


Tree=96
num_leaves=14
num_cat=0
split_feature=1 24 24 8 3 24 28 0 26 20 1 0 27
split_gain=3.40471e+08 1.11233e+09 8.78394e+08 1.54895e+08 2.70966e+07 2.91564e+07 5.24642e+07 4.11411e+07 1.61463e+07 1.23574e+07 1.20451e+07 1.07477e+07 6.60995e+06
threshold=1.2500000000000002 3925.155555555556 20980.000000000004 -3.3999999999999995 90.350000000000009 4671.2972222222224 -0.030120304846908235 50.20000000000001 11.650000000000002 8.6070000000000011 0.29166666666666669 1848.45 0.098819223632317002
decision_type=2 2 2 2 2 2 2 2 2 2 2 2 2
left_child=2 9 3 -1 5 6 7 -5 10 -2 -7 -9 -12
right_child=1 -3 -4 4 -6 8 -8 11 -10 -11 12 -13 -14
leaf_value=109.16862930346913 -51.967520498991803 340.65690151227273 -270.91709851819985 40.207302350508122 29.328549371137811 -25.670490909871319 -69.052457787043835 -44.424369253953707 -36.938435079885089 -7.6396031572739522 -2.3097089696470587 -11.755295650466085 9.2879525437998485
leaf_weight=31 30 30 31 33 55 40 48 39 30 33 278 71 220
leaf_count=31 30 30 31 33 55 40 48 39 30 33 278 71 220
internal_value=-0.28929 90.6194 -9.94981 -0.344928 -4.5285 -6.98545 -23.8794 -8.67877 -1.30134 -28.7971 0.692346 -23.3678 2.81458
internal_weight=969 93 876 845 814 759 191 143 568 63 538 110 498
internal_count=969 93 876 845 814 759 191 143 568 63 538 110 498
is_linear=0
shrinkage=0.05


Tree=97
num_leaves=15
num_cat=0
split_feature=0 27 6 24 3 24 3 6 24 4 8 24 0 3
split_gain=3.23441e+08 7.05681e+08 1.01366e+08 3.27436e+08 2.953e+07 3.7423e+07 1.98964e+07 4.26321e+07 8.36145e+07 2.9906e+07 2.29401e+07 1.5835e+07 9.56788e+06 7.82395e+06
threshold=1.3000000000000003 0.88203985695844977 1.6500000000000001 18200.000000000004 90.350000000000009 4815.7416666666677 75.700000000000003 2.8500000000000001 1.0000000180025095e-35 1003.35 7.2500000000000009 14294.444444444447 93.850000000000009 37.95000000000001
decision_type=2 2 2 2 2 2 2 2 2 2 2 2 2 2
left_child=1 -1 -2 4 5 6 7 8 -4 -8 -9 12 -7 -14
right_child=2 -3 3 -5 -6 11 9 10 -10 -11 -12 -13 13 -15
leaf_value=239.19940743179507 77.158264791713393 -66.149812323958784 69.549749290705407 -171.28799777996883 30.409185473978411 -24.586500255317446 -17.012389918103846 -69.651344829678877 -34.956212545970274 -78.787450709039149 -18.048246913117733 33.632066877555239 -24.698124606884157 0.91250849472741447
leaf_weight=41 33 35 35 31 52 47 43 35 42 36 56 31 32 420
leaf_count=41 33 35 35 31 52 47 43 35 42 36 56 31 32 420
internal_value=-0.274785 98.6759 -8.70623 -12.0096 -6.03355 -8.47605 -24.5455 -14.7991 12.575 -45.2271 -37.9503 -0.983827 -3.14063 -0.905685
internal_weight=969 76 893 860 829 777 247 168 77 79 91 530 499 452
internal_count=969 76 893 860 829 777 247 168 77 79 91 530 499 452
is_linear=0
shrinkage=0.05


Tree=98
num_leaves=12
num_cat=0
split_feature=1 24 24 8 20 26 3 1 28 4 0
split_gain=3.17743e+08 9.92936e+08 7.80772e+08 1.37739e+08 2.59089e+07 2.08445e+07 1.56997e+07 1.59521e+07 5.79428e+07 1.1167e+07 7.45506e+06
threshold=1.2500000000000002 3925.155555555556 20980.000000000004 -3.3999999999999995 22.853150000000003 11.450000000000001 91.200000000000017 0.29166666666666669 -0.081676395330422633 1009.85 4.9500000000000011
decision_type=2 2 2 2 2 2 2 2 2 2 2
left_child=2 9 3 -1 5 6 7 8 -5 -2 -9
right_child=1 -3 -4 4 -6 -7 -8 10 -10 -11 -12
leaf_value=102.73255050511989 -5.1626012096952465 323.79803446265942 -255.63251395762154 7.2805394499726708 39.543625113228778 -41.4033122150678 -33.679522778097272 -15.778017933483433 -55.192140428793806 -47.293145530485241 3.4721064059338533
leaf_weight=31 33 30 31 97 32 40 43 56 60 30 486
leaf_count=31 33 30 31 97 32 40 43 56 60 30 486
internal_value=-0.261327 87.5607 -9.59384 -0.538381 -4.48345 -6.2899 -4.39166 -2.58541 -16.6143 -25.268 1.48061
internal_weight=969 93 876 845 814 782 742 699 157 63 542
internal_count=969 93 876 845 814 782 742 699 157 63 542
is_linear=0
shrinkage=0.05


Tree=99
num_leaves=11
num_cat=0
split_feature=0 27 6 24 1 9 14 14 0 24
split_gain=2.96954e+08 6.35034e+08 9.29564e+07 2.78979e+08 3.8211e+07 3.32201e+07 2.26624e+07 1.89485e+07 3.66777e+07 3.0286e+07
threshold=1.3000000000000003 0.88203985695844977 1.6500000000000001 18200.000000000004 1.2500000000000002 29.700000000000003 175.50000000000003 15.000000000000002 3.8500000000000005 1610.0000000000002
decision_type=2 2 2 2 2 2 2 2 2 2
left_child=1 -1 -2 4 5 7 -6 -4 -9 -10
right_child=2 -3 3 -5 6 -7 -8 8 9 -11
leaf_value=227.86793061694959 73.898622009185146 -61.795298495387762 -43.634240448910532 -158.51138576495302 -73.578421694733379 47.184994870479983 -17.477139763610062 45.958736422847842 -28.736278375824259 -0.77464690814118375
leaf_weight=41 33 35 30 31 30 32 45 36 118 538
leaf_count=41 33 35 30 31 30 32 45 36 118 538
internal_value=-0.248144 94.5644 -8.32699 -11.4904 -5.97416 -2.58617 -39.9858 -4.79833 -3.10863 -5.80795
internal_weight=969 76 893 860 829 754 75 722 692 656
internal_count=969 76 893 860 829 754 75 722 692 656
is_linear=0
shrinkage=0.05


Tree=100
num_leaves=15
num_cat=0
split_feature=20 24 0 1 21 15 20 1 26 24 20 14 8 21
split_gain=2.91769e+08 7.07663e+08 2.66698e+08 6.31899e+07 1.76502e+08 1.84877e+08 5.10245e+07 3.59916e+07 2.58766e+07 2.16647e+07 1.96214e+07 1.76696e+07 1.01488e+07 3.07668e+06
threshold=0.98329999999999995 19550.000000000004 1521.1000000000001 0.097222222222222224 0.57835029902023172 1.0000000180025095e-35 16.182400000000005 1.2500000000000002 11.650000000000002 2370.4750000000008 22.265100000000004 56.000000000000007 12.450000000000001 1.3828369905956115
decision_type=2 2 2 2 2 2 2 2 2 2 2 2 2 2
left_child=2 3 -1 4 6 -6 -2 8 10 -9 11 13 -13 -5
right_child=1 -3 -4 7 5 -7 -8 9 -10 -11 -12 12 -14 -15
leaf_value=-213.77799900092953 19.864372189635247 243.17725061562371 -13.311956331607787 -15.474002392030634 177.61212146543585 11.692857004400938 -65.976080080310396 -19.895001855922118 -48.523995607497113 -74.759060385060863 -40.673386271842659 8.9723037697482901 -4.677660913330282 -38.187097756015106
leaf_weight=30 31 30 37 30 30 38 39 45 33 30 33 255 292 30
leaf_count=30 31 30 37 30 30 38 39 45 33 30 33 255 292 30
internal_value=-2.6161 4.7557 -103.258 -3.34379 27.7317 85.0459 -27.9868 -9.07991 -5.41548 -41.911 -3.18545 -1.14102 1.68614 -26.8753
internal_weight=983 916 67 886 138 68 70 748 673 75 640 607 547 60
internal_count=983 916 67 886 138 68 70 748 673 75 640 607 547 60
is_linear=0
shrinkage=0.05


Tree=101
num_leaves=22
num_cat=0
split_feature=25 14 0 0 0 1 8 8 17 8 6 4 9 14 0 8 29 26 4 16 4
split_gain=2.26243e+08 5.33311e+08 1.5811e+09 4.33664e+08 7.26695e+07 1.16597e+08 1.80942e+08 5.15204e+07 4.79283e+07 4.21118e+07 9.41461e+07 2.2954e+07 2.20592e+07 1.75309e+07 2.18944e+07 1.3499e+07 1.08881e+07 1.14104e+07 8.71843e+06 8.67128e+06 8.64914e+06
threshold=3.2977800000000004 63.500000000000007 706.9000000000002 286.85000000000008 754.50000000000011 0.36666666666666675 9.0500000000000025 15.750000000000002 1.0000000180025095e-35 23.050000000000004 3.7500000000000004 1015.1000000000001 5.3000000000000016 106.50000000000001 11.150000000000002 -3.0499999999999994 0.87837969732492682 7.1499999999999995 1004.35 1.0000000180025095e-35 1003.9500000000002
decision_type=2 2 2 2 2 2 2 2 2 2 2 2 2 2 2 2 2 2 2 2 2
left_child=3 2 -2 -1 5 6 -3 -8 13 12 -11 -4 16 -7 -15 -5 17 19 -19 -6 -14
right_child=1 4 11 15 9 8 7 -9 -10 10 -12 -13 20 14 -16 -17 -18 18 -20 -21 -22
leaf_value=-232.58962989471286 417.3033962161042 -169.4701529594968 -35.452174937535851 -27.537811190762625 7.7005769155583215 11.174300738064298 15.536477232111459 -66.828276587127149 40.352787445262564 -5.2221035251509669 105.49480524158162 21.192252932830506 -48.987858948157957 -64.602065196141282 -11.447443155455735 17.327434740124264 -20.504796492283592 -26.926589879572056 1.8145813910184683 37.957317078419223 -13.239772931228385
leaf_weight=30 30 32 44 32 73 32 36 40 46 53 30 30 32 32 49 35 51 31 174 35 36
leaf_count=30 30 32 44 32 73 32 36 40 46 53 30 30 32 32 49 35 51 31 174 35 36
internal_value=-2.48568 5.45429 111.77 -74.9405 -8.69739 -29.8606 -69.9254 -27.8442 -2.61994 2.27828 34.8748 -12.4905 -3.99108 -20.1335 -32.5006 -4.10977 0.89514 4.38748 -2.54263 17.5321 -30.1097
internal_weight=983 886 104 97 782 267 108 76 159 515 83 74 432 113 81 67 364 313 205 108 68
internal_count=983 886 104 97 782 267 108 76 159 515 83 74 432 113 81 67 364 313 205 108 68
is_linear=0
shrinkage=0.05


Tree=102
num_leaves=16
num_cat=0
split_feature=5 24 0 1 21 9 6 0 1 9 6 8 14 0 0
split_gain=1.95521e+08 6.18483e+08 4.02315e+08 6.01601e+07 1.12827e+08 9.97312e+07 4.64594e+07 4.27264e+07 3.56047e+07 2.79208e+07 1.88426e+07 1.78194e+07 1.30426e+07 9.09502e+06 1.07374e+07
threshold=3.3500000000000001 19550.000000000004 251.45000000000002 0.36666666666666675 0.57835029902023172 0.25000000000000006 2.7500000000000004 4.1000000000000005 1.2500000000000002 26.150000000000002 2.7500000000000004 -3.3999999999999995 56.000000000000007 4.9500000000000011 411.45000000000005
decision_type=2 2 2 2 2 2 2 2 2 2 2 2 2 2 2
left_child=2 3 -1 4 6 7 -2 -6 9 12 -10 -4 -5 -14 -15
right_child=1 -3 11 8 5 -7 -8 -9 10 -11 -12 -13 13 14 -16
leaf_value=-221.45101938437779 -62.821793311411945 227.89684561542495 -31.925398204651387 -28.748676360455097 66.773355910862378 121.33314787461107 9.8406368083551143 -9.0825578420643165 -71.83316880913911 -50.604426718766604 -20.328388602240125 18.976415988988709 -24.766079846610921 26.760990257725883 -1.2897738736099129
leaf_weight=30 38 30 30 46 31 37 52 46 32 33 40 40 37 37 424
leaf_count=30 38 30 30 46 31 37 52 46 32 33 40 40 37 37 424
internal_value=-2.36163 5.14546 -68.5882 -2.7145 20.9632 53.9825 -20.8747 21.5038 -10.1592 -6.01856 -43.2874 -2.853 -3.30509 -0.949572 0.966894
internal_weight=983 883 100 853 204 114 90 77 649 577 72 70 544 498 461
internal_count=983 883 100 853 204 114 90 77 649 577 72 70 544 498 461
is_linear=0
shrinkage=0.05


Tree=103
num_leaves=15
num_cat=0
split_feature=20 24 0 1 21 15 20 1 9 24 26 27 0 0
split_gain=2.21648e+08 5.61403e+08 2.02956e+08 5.0511e+07 1.4849e+08 1.57408e+08 4.38881e+07 3.31291e+07 2.77941e+07 2.05923e+07 1.89077e+07 1.20145e+07 2.07399e+07 4.73306e+06
threshold=0.98329999999999995 19550.000000000004 1521.1000000000001 0.097222222222222224 0.57835029902023172 1.0000000180025095e-35 16.182400000000005 1.2500000000000002 26.150000000000002 2370.4750000000008 11.650000000000002 0.95992380042979863 4.9500000000000011 768.75000000000011
decision_type=2 2 2 2 2 2 2 2 2 2 2 2 2 2
left_child=2 3 -1 4 6 -6 -2 8 10 -9 11 12 -5 -13
right_child=1 -3 -4 7 5 -7 -8 9 -10 -11 -12 13 -14 -15
leaf_value=-186.3745463526526 18.025379399241356 216.53986153079819 -11.498067396220492 -33.280379849889691 162.73356952603868 9.6392459498928602 -61.586901309118247 -18.198926932425831 -48.628214722714468 -71.682875202977385 -40.981956098008396 28.829206193914672 -0.0096173475128236308 6.1101891169850058
leaf_weight=30 31 30 37 52 30 38 39 45 34 30 30 41 464 52
leaf_count=30 31 30 37 52 30 38 39 45 34 30 30 41 464 52
internal_value=-2.24381 4.18138 -89.9621 -3.03271 24.7508 77.3207 -26.3545 -8.16117 -4.64557 -39.6595 -2.29809 -0.386053 -3.36829 16.1464
internal_weight=983 916 67 886 138 68 70 748 673 75 639 609 516 93
internal_count=983 916 67 886 138 68 70 748 673 75 639 609 516 93
is_linear=0
shrinkage=0.05


Tree=104
num_leaves=21
num_cat=0
split_feature=20 24 0 24 21 0 20 24 0 27 24 27 0 14 24 3 14 3 3 3
split_gain=2.00107e+08 5.06842e+08 1.83233e+08 4.52341e+07 1.35103e+08 1.47909e+08 3.96203e+07 3.17343e+07 5.26465e+07 1.36718e+07 1.10024e+07 9.45119e+06 7.611e+06 7.1628e+06 3.20908e+06 2.99944e+06 2.94152e+06 2.76882e+06 2.92919e+06 401880
threshold=0.98329999999999995 19550.000000000004 1521.1000000000001 1.0000000180025095e-35 0.57835029902023172 2178.0000000000005 16.182400000000005 6813.8888888888896 14.100000000000001 0.88606241628642846 12384.126984126988 -0.183996647784403 474.15000000000003 56.000000000000007 4073.9083333333333 59.550000000000004 27.000000000000004 46.70000000000001 71.850000000000009 73.050000000000011
decision_type=2 2 2 2 2 2 2 2 2 2 2 2 2 2 2 2 2 2 2 2
left_child=2 3 -1 4 6 -6 -2 8 -5 13 19 12 -10 16 -13 -16 -9 -15 -19 -11
right_child=1 -3 -4 7 5 -7 -8 9 11 10 -12 14 -14 17 15 -17 -18 18 -20 -21
leaf_value=-177.08677851781496 17.127009282004792 205.74883282683615 -10.924713271518923 -73.218767759457705 149.46154886919925 0.97618521189759555 -58.515431404601578 -8.8676054222639209 -5.6827109839755243 6.8232707793530425 36.089578422854466 -14.660389837099311 -36.77639749742039 -15.479181464565949 -12.079588879127156 6.1415445656380747 -31.032604728267838 6.4769505576533604 -3.9848076370570391 -1.3501928421350016
leaf_weight=30 31 30 37 41 33 34 39 30 31 30 42 54 54 30 33 71 30 117 156 30
leaf_count=30 31 30 37 41 33 34 39 30 31 30 42 54 54 30 33 71 30 117 156 30
internal_value=-2.13178 3.97322 -85.4787 -2.88135 23.5242 74.2246 -25.0399 -7.7137 -20.8798 0.330249 16.4947 -12.0224 -25.4564 -4.21511 -4.78367 0.353741 -19.9834 -1.0871 0.499515 2.74101
internal_weight=983 916 67 886 137 67 70 749 284 465 102 243 85 363 158 104 60 303 273 60
internal_count=983 916 67 886 137 67 70 749 284 465 102 243 85 363 158 104 60 303 273 60
is_linear=0
shrinkage=0.05


Tree=105
num_leaves=11
num_cat=0
split_feature=1 24 24 8 20 9 26 29 24 3
split_gain=3.39567e+08 6.73071e+08 6.59302e+08 4.68012e+07 3.61492e+07 2.76102e+07 1.56163e+07 1.33499e+07 6.92814e+07 2.28941e+07
threshold=1.2500000000000002 20150.000000000004 3020.0000000000005 -3.0499999999999994 22.905600000000003 24.350000000000005 11.350000000000003 1.0000000180025095e-35 993.33400000000017 52.650000000000006
decision_type=2 2 2 2 2 2 2 2 2 2
left_child=1 3 -2 -1 5 6 7 9 -9 -5
right_child=2 -3 -4 4 -6 -7 -8 8 -10 -11
leaf_value=60.347149131995685 -9.8183556011996735 -223.35797454747041 279.16558691681001 36.543497606024765 51.584394496778316 -44.665201618665471 -31.246462371011901 -59.561810666244128 2.2192350033421198 1.1436478070532592
leaf_weight=31 54 35 31 55 30 40 43 53 312 267
leaf_count=31 54 35 31 55 30 40 43 53 312 267
internal_value=0.474826 -8.88957 95.7799 0.169174 -2.16997 -4.27073 -2.05151 -0.219879 -6.76555 7.19969
internal_weight=951 866 85 831 800 770 730 687 365 322
internal_count=951 866 85 831 800 770 730 687 365 322
is_linear=0
shrinkage=0.05


Tree=106
num_leaves=13
num_cat=0
split_feature=1 24 0 8 9 1 28 0 27 0 5 0
split_gain=3.06564e+08 6.07629e+08 6.01316e+08 4.22523e+07 3.18858e+07 1.94382e+07 4.79709e+07 3.04952e+07 9.25003e+06 1.48812e+07 9.55077e+06 8.80046e+06
threshold=1.2500000000000002 20150.000000000004 34.400000000000006 -3.0499999999999994 32.850000000000001 0.22500000000000003 -0.030120304846908235 50.20000000000001 0.99699193743116299 2.8500000000000005 3.3500000000000001 1848.45
decision_type=2 2 2 2 2 2 2 2 2 2 2 2
left_child=1 3 -2 -1 5 6 7 -5 9 -7 -11 -9
right_child=2 -3 -4 4 -6 8 -8 11 -10 10 -12 -13
leaf_value=57.339493486313962 266.1425244178036 -212.22189201507132 -9.8401692741238911 39.62727467331473 46.761748795791583 -28.933916226798701 -64.076214838352342 -40.222222690011975 25.50253691039417 23.828864450756363 -1.2448713586810016 -4.9581827955843396
leaf_weight=31 31 35 54 31 32 46 44 30 33 41 500 43
leaf_count=31 31 35 54 31 32 46 44 30 33 41 500 43
internal_value=0.451413 -8.44629 91.0067 0.160814 -2.06174 -4.10188 -20.3764 -1.84417 -0.214334 -1.66419 0.6594 -19.4855
internal_weight=951 866 85 831 800 768 148 104 620 587 541 73
internal_count=951 866 85 831 800 768 148 104 620 587 541 73
is_linear=0
shrinkage=0.05


Tree=107
num_leaves=11
num_cat=0
split_feature=1 24 24 8 20 9 14 7 0 1
split_gain=2.76768e+08 5.63302e+08 5.50556e+08 3.90026e+07 3.34589e+07 2.60717e+07 1.51421e+07 3.71259e+07 8.62979e+06 1.17678e+07
threshold=1.2500000000000002 3020.0000000000005 20980.000000000004 -3.0499999999999994 22.905600000000003 24.350000000000005 52.000000000000007 9.6500000000000004 1.3000000000000003 0.13392857142857142
decision_type=2 2 2 2 2 2 2 2 2 2
left_child=2 -2 3 -1 5 6 7 -5 -8 -10
right_child=1 -3 -4 4 -6 -7 8 -9 9 -11
leaf_value=54.481735175675524 -11.132850787467746 255.98116756696791 -218.11545758928571 6.7393137188314647 49.138980710862882 -43.850993011241542 20.527892567164685 -59.84692585551835 -17.520221929718879 1.5655588335374722
leaf_weight=31 54 31 30 48 30 40 48 37 96 506
leaf_count=31 54 31 30 48 30 40 48 37 96 506
internal_value=0.429355 86.4715 -8.02489 -0.460563 -2.58286 -4.59109 -2.44881 -22.2815 0.147712 -1.48042
internal_weight=951 85 866 836 805 775 735 85 650 602
internal_count=951 85 866 836 805 775 735 85 650 602
is_linear=0
shrinkage=0.05


Tree=108
num_leaves=16
num_cat=0
split_feature=24 14 24 24 11 9 26 0 27 5 24 20 3 24 20
split_gain=2.46902e+08 4.8254e+07 1.0178e+08 7.17388e+07 2.58348e+08 3.76096e+07 2.04392e+07 1.70993e+07 3.54575e+07 1.11414e+07 8.76563e+06 9.17738e+06 3.94035e+06 6.3211e+06 2.71066e+06
threshold=21214.285714285721 42.000000000000007 6844.9083333333338 1.0000000180025095e-35 1.5000000000000002 26.150000000000002 6.950000000000002 2.8500000000000005 0.88606241628642846 3.1500000000000008 11672.222222222224 11.632450000000002 62.050000000000004 4762.8972222222228 21.650300000000005
decision_type=2 2 2 2 2 2 2 2 2 2 2 2 2 2 2
left_child=1 2 -1 4 -3 7 -6 8 -5 -4 12 -12 13 -9 -14
right_child=-2 3 9 5 6 -7 -8 10 -10 -11 11 -13 14 -15 -16
leaf_value=-113.99989081601366 138.96677760280596 126.85362912479732 16.856495396342794 -66.942692469017302 -51.691017828535102 -55.538578519795465 0.57677014344253008 -26.137645775931226 5.0381120539087014 -24.187245105137336 27.234763335015209 -4.9610529969110519 0.93035331508520192 -4.1158111149363288 -14.565153634663179
leaf_weight=30 31 47 34 31 33 37 43 44 38 32 51 39 305 125 31
leaf_count=30 31 47 34 31 33 37 43 44 38 32 51 39 305 125 31
internal_value=0.408087 -4.27533 -37.8044 -0.364912 34.8391 -6.54603 -22.1565 -3.80806 -27.3511 -3.04991 -1.07372 13.2932 -3.63629 -9.8614 -0.503185
internal_weight=951 920 96 824 123 701 76 664 69 66 595 90 505 169 336
internal_count=951 920 96 824 123 701 76 664 69 66 595 90 505 169 336
is_linear=0
shrinkage=0.05


Tree=109
num_leaves=13
num_cat=0
split_feature=1 24 21 8 20 3 26 24 26 24 1 21
split_gain=2.54906e+08 5.2638e+08 5.11733e+08 3.44912e+07 2.99557e+07 2.14813e+07 1.80813e+07 1.98749e+07 1.69478e+07 1.50847e+07 1.35159e+07 6.00301e+06
threshold=1.2500000000000002 20150.000000000004 0.81725822795071357 -3.0499999999999994 22.905600000000003 88.450000000000017 10.050000000000002 6699.9000000000005 9.4500000000000046 6950.6166666666677 0.29166666666666669 0.89419797063903295
decision_type=2 2 2 2 2 2 2 2 2 2 2 2
left_child=1 3 -2 -1 5 6 8 -8 10 -7 -5 -9
right_child=2 -3 -4 4 -6 9 7 11 -10 -11 -12 -13
leaf_value=51.946009421885208 -24.78318309030513 -197.38905544009302 222.42822512192225 -15.358909259103468 47.210081040898828 -55.521721948938584 -42.321023724923634 -14.190735477619668 28.237054590021685 -7.3542639948450175 4.0464702546552607 14.514912236739541
leaf_weight=31 48 35 37 115 30 32 51 42 58 33 407 32
leaf_count=31 48 35 37 115 30 32 51 42 58 33 407 32
internal_value=0.387442 -7.72602 82.9614 0.284973 -1.72313 -3.63551 -1.09775 -18.3382 2.62038 -31.1164 -0.230775 -1.77458
internal_weight=951 866 85 831 800 770 705 125 580 65 522 74
internal_count=951 866 85 831 800 770 705 125 580 65 522 74
is_linear=0
shrinkage=0.05


Tree=110
num_leaves=18
num_cat=0
split_feature=14 0 24 2 0 9 24 0 29 9 3 25 7 8 9 0 7
split_gain=3.30767e+08 1.34026e+09 6.26777e+08 6.39174e+07 3.87967e+07 2.68718e+07 2.01597e+07 2.74583e+07 1.7538e+07 1.5523e+07 2.0858e+07 3.71639e+07 1.38843e+07 1.15097e+07 7.19592e+06 7.1923e+06 3.18587e+06
threshold=66.000000000000014 4.9500000000000011 18513.334000000003 4.6500000000000012 2720.6000000000004 38.500000000000007 11672.222222222224 1271.8500000000001 1.0000000180025095e-35 1.0000000180025095e-35 75.550000000000011 17.502760000000006 28.850000000000005 20.450000000000003 1.1500000000000001 474.15000000000003 24.350000000000005
decision_type=2 2 2 2 2 2 2 2 2 2 2 2 2 2 2 2 2
left_child=1 -1 5 8 -5 6 7 9 -3 10 11 -2 13 14 -9 -8 -11
right_child=2 3 -4 4 -6 -7 15 12 -10 16 -12 -13 -14 -15 -16 -17 -18
leaf_value=334.53793249156666 -45.035083658952459 -17.791958993691892 -229.13929172527753 67.441496387114157 -8.0999653264994507 42.736721144007689 27.093434278042771 3.5450466960321614 -69.777863670187784 6.4460794181467209 -64.057222760729786 17.207775714025473 -27.062182250837004 30.945941132399895 -14.489376694777178 0.57638452250486727 -13.441609722761482
leaf_weight=36 62 32 32 30 39 30 56 249 33 32 39 39 45 32 71 47 54
leaf_count=36 62 32 32 30 39 30 56 249 33 32 39 39 45 32 71 47 54
internal_value=0.902194 64.1347 -12.7457 -8.70614 24.7941 -3.55713 -5.47573 -8.86379 -44.2515 -22.7721 -33.0371 -21.0074 -0.942479 2.40341 -0.459602 15.0058 -6.04259
internal_weight=958 170 788 134 69 756 726 623 65 226 140 101 397 352 320 103 86
internal_count=958 170 788 134 69 756 726 623 65 226 140 101 397 352 320 103 86
is_linear=0
shrinkage=0.05


Tree=111
num_leaves=16
num_cat=0
split_feature=14 0 24 2 0 1 0 9 29 20 24 9 20 4 10
split_gain=2.98604e+08 1.20994e+09 5.65853e+08 5.77048e+07 3.50259e+07 3.11865e+07 3.20084e+07 2.57394e+07 1.5833e+07 1.49807e+07 8.8028e+06 8.78304e+06 7.99936e+06 7.43016e+06 3.8496e+06
threshold=66.000000000000014 4.9500000000000011 18513.334000000003 4.6500000000000012 2720.6000000000004 1.2500000000000002 108.55000000000003 32.850000000000001 1.0000000180025095e-35 22.594900000000006 9981.4805555555577 9.1500000000000021 7.4445000000000006 1014.5500000000001 9.5000000000000018
decision_type=2 2 2 2 2 2 2 2 2 2 2 2 2 2 2
left_child=1 -1 5 8 -5 7 -7 9 -3 10 11 12 -2 14 -12
right_child=2 3 -4 4 -6 6 -8 -9 -10 -11 13 -13 -14 -15 -16
leaf_value=317.85738109472385 -14.053953480949552 -16.905132237847351 -217.7180228759195 64.080624603195446 -7.6960036850951203 -73.014840194113376 -4.5996481857900546 45.053701328518386 -66.299510504039759 -36.101008556893404 9.3785178420017115 -27.336562612178838 1.8599002678444974 30.324240861959822 -10.347221934410832
leaf_weight=36 104 32 32 30 39 31 38 30 33 31 90 37 327 34 34
leaf_count=36 104 32 32 30 39 31 38 30 33 31 90 37 327 34 34
internal_value=0.857301 60.937 -12.1101 -8.27189 23.5587 -3.37951 -35.3982 -0.158971 -42.0457 -2.23003 -0.547203 -3.99237 -1.98246 9.65352 3.96583
internal_weight=958 170 788 134 69 756 69 687 65 657 626 468 431 158 124
internal_count=958 170 788 134 69 756 69 687 65 657 626 468 431 158 124
is_linear=0
shrinkage=0.05


Tree=112
num_leaves=14
num_cat=0
split_feature=14 0 24 2 0 1 0 20 9 29 3 24 3
split_gain=2.69571e+08 1.09229e+09 5.1085e+08 5.20961e+07 3.16217e+07 2.81553e+07 2.88975e+07 2.45857e+07 2.6614e+07 1.42938e+07 1.11766e+07 1.04013e+07 1.22187e+07
threshold=66.000000000000014 4.9500000000000011 18513.334000000003 4.6500000000000012 2720.6000000000004 1.2500000000000002 108.55000000000003 22.853150000000003 28.500000000000004 1.0000000180025095e-35 43.20000000000001 13351.85277777778 49.250000000000007
decision_type=2 2 2 2 2 2 2 2 2 2 2 2 2
left_child=1 -1 5 9 -5 7 -7 8 10 -3 -2 12 -12
right_child=2 3 -4 4 -6 6 -8 -9 -10 -11 11 -13 -14
leaf_value=302.00853322206109 -23.580091273086452 -16.062508732953173 -206.86602905368505 60.887241193067986 -7.3121874562919587 -69.375837647109947 -4.3702698534867892 43.287444145963121 -45.898869814685469 -62.994549746095601 28.509825595627486 24.520880349274655 -2.018483774166707
leaf_weight=36 46 32 32 30 39 31 38 31 33 33 35 47 495
leaf_count=36 46 32 32 30 39 31 38 31 33 33 35 47 495
internal_value=0.814406 57.8987 -11.5065 -7.8593 22.3849 -3.21106 -33.6339 -0.151031 -2.21006 -39.9498 0.111105 2.0036 0.00252511
internal_weight=958 170 788 134 69 756 69 687 656 65 623 577 530
internal_count=958 170 788 134 69 756 69 687 656 65 623 577 530
is_linear=0
shrinkage=0.05


Tree=113
num_leaves=15
num_cat=0
split_feature=14 0 24 21 20 24 0 0 4 3 21 24 0 8
split_gain=2.43388e+08 9.97256e+08 5.25593e+08 5.40915e+07 2.47685e+07 2.00945e+07 1.98637e+07 1.79532e+07 5.15574e+07 1.85657e+07 7.55582e+06 2.10515e+07 1.76676e+07 5.98339e+06
threshold=63.500000000000007 4.9500000000000011 18708.333333333339 0.76143506678033546 22.853150000000003 13351.85277777778 1794.8000000000002 11.150000000000002 1006.9500000000002 90.200000000000003 0.62902056224899605 1434.2857142857144 286.85000000000008 9.8500000000000032
decision_type=2 2 2 2 2 2 2 2 2 2 2 2 2 2
left_child=1 -1 4 6 5 7 -3 8 -2 10 12 -12 -9 -7
right_child=2 3 -4 -5 -6 13 -8 9 -10 -11 11 -13 -14 -15
leaf_value=292.51343926323784 22.319164267804393 -67.975283648722197 -215.58164207230377 28.5021274989939 41.130028565826905 38.911482836954619 -14.710291953551232 38.748533520740502 -57.421110020272323 -42.016224639993965 -38.913503574273982 -1.581377283763354 -0.6100601885388599 7.5839213434139623
leaf_weight=35 32 30 30 56 31 30 42 34 55 30 43 305 174 31
leaf_count=35 32 30 30 56 31 30 42 34 55 30 43 305 174 31
internal_value=0.773793 56.4122 -10.6395 -8.32467 -2.5754 -4.42663 -36.9676 -6.91828 -28.0993 -3.76938 -1.69851 -6.20412 5.83906 23.0295
internal_weight=958 163 795 128 765 734 72 673 87 586 556 348 208 61
internal_count=958 163 795 128 765 734 72 673 87 586 556 348 208 61
is_linear=0
shrinkage=0.05


end of trees

feature_importances:
avg_weight_price_ratio=704
trade_quantity=232
avg_weight_kg=177
day_of_year=138
humidity=95
temp_humidity=75
temp_range=70
day_of_year_sin=67
pressure=58
rainfall=57
min_temperature=56
water_temp_ratio=55
day_of_year_cos=40
avg_temperature=35
day_of_week_sin=35
wind_speed=31
max_temperature=31
water_temperature=29
day_of_week=28
temp_pressure=26
month_cos=16
month=14
month_sin=11
spring=8
day_of_week_cos=6
summer=2
is_weekend=1
fall=1

parameters:
[boosting: gbdt]
[objective: regression]
[metric: l1]
[tree_learner: serial]
[device_type: cpu]
[data_sample_strategy: bagging]
[data: ]
[valid: ]
[num_iterations: 500]
[learning_rate: 0.05]
[num_leaves: 31]
[num_threads: 0]
[seed: 42]
[deterministic: 0]
[force_col_wise: 0]
[force_row_wise: 0]
[histogram_pool_size: -1]
[max_depth: 8]
[min_data_in_leaf: 30]
[min_sum_hessian_in_leaf: 0.001]
[bagging_fraction: 0.8]
[pos_bagging_fraction: 1]
[neg_bagging_fraction: 1]
[bagging_freq: 5]
[bagging_seed: 400]
[bagging_by_query: 0]
[feature_fraction: 0.8]
[feature_fraction_bynode: 1]
[feature_fraction_seed: 30056]
[extra_trees: 0]
[extra_seed: 12879]
[early_stopping_round: 0]
[early_stopping_min_delta: 0]
[first_metric_only: 0]
[max_delta_step: 0]
[lambda_l1: 0.1]
[lambda_l2: 0.1]
[linear_lambda: 0]
[min_gain_to_split: 0.05]
[drop_rate: 0.1]
[max_drop: 50]
[skip_drop: 0.5]
[xgboost_dart_mode: 0]
[uniform_drop: 0]
[drop_seed: 17869]
[top_rate: 0.2]
[other_rate: 0.1]
[min_data_per_group: 100]
[max_cat_threshold: 32]
[cat_l2: 10]
[cat_smooth: 10]
[max_cat_to_onehot: 4]
[top_k: 20]
[monotone_constraints: ]
[monotone_constraints_method: basic]
[monotone_penalty: 0]
[feature_contri: ]
[forcedsplits_filename: ]
[refit_decay_rate: 0.9]
[cegb_tradeoff: 1]
[cegb_penalty_split: 0]
[cegb_penalty_feature_lazy: ]
[cegb_penalty_feature_coupled: ]
[path_smooth: 0]
[interaction_constraints: ]
[verbosity: -1]
[saved_feature_importance_type: 0]
[use_quantized_grad: 0]
[num_grad_quant_bins: 4]
[quant_train_renew_leaf: 0]
[stochastic_rounding: 1]
[linear_tree: 0]
[max_bin: 255]
[max_bin_by_feature: ]
[min_data_in_bin: 3]
[bin_construct_sample_cnt: 200000]
[data_random_seed: 175]
[is_enable_sparse: 1]
[enable_bundle: 1]
[use_missing: 1]
[zero_as_missing: 0]
[feature_pre_filter: 1]
[pre_partition: 0]
[two_round: 0]
[header: 0]
[label_column: ]
[weight_column: ]
[group_column: ]
[ignore_column: ]
[categorical_feature: ]
[forcedbins_filename: ]
[precise_float_parser: 0]
[parser_config_file: ]
[objective_seed: 16083]
[num_class: 1]
[is_unbalance: 0]
[scale_pos_weight: 1]
[sigmoid: 1]
[boost_from_average: 1]
[reg_sqrt: 0]
[alpha: 0.9]
[fair_c: 1]
[poisson_max_delta_step: 0.7]
[tweedie_variance_power: 1.5]
[lambdarank_truncation_level: 30]
[lambdarank_norm: 1]
[label_gain: ]
[lambdarank_position_bias_regularization: 0]
[eval_at: ]
[multi_error_top_k: 1]
[auc_mu_weights: ]
[num_machines: 1]
[local_listen_port: 12400]
[time_out: 120]
[machine_list_filename: ]
[machines: ]
[gpu_platform_id: -1]
[gpu_device_id: -1]
[gpu_use_dp: 0]
[num_gpu: 1]

end of parameters

pandas_categorical:[]
