tree
version=v4
num_class=1
num_tree_per_iteration=1
label_index=0
max_feature_idx=30
objective=regression
feature_names=trade_quantity avg_weight_kg water_temperature humidity pressure avg_temperature wind_speed max_temperature min_temperature rainfall month day_of_week is_weekend quarter day_of_year spring summer fall winter peak_season_spring temp_humidity water_temp_ratio month_sin month_cos avg_weight_price_ratio temp_pressure temp_range day_of_year_sin day_of_year_cos day_of_week_sin day_of_week_cos
feature_infos=[1:3949.5] [0:1.5] [-0.69999999999999996:28.199999999999999] [20:99.900000000000006] [984:1034.7] [-8.1999999999999993:31.5] [0.90000000000000002:11.699999999999999] [-5.2999999999999998:36.700000000000003] [-12.199999999999999:27.600000000000001] [0:208.69999999999999] [1:12] [0:5] [0:1] [1:4] [2:364] [0:1] [0:1] [0:1] [0:1] [0:1] [-6.3121:25.866200000000003] [-52.313333333333325:31.500000000000007] [-1:1] [-1:1] [0:115200.00000000001] [-8.3033199999999994:31.666949999999996] [1.2000000000000028:16.699999999999999] [-0.99999073973619013:0.99991665865473789] [-0.99996295911626554:0.99985183920911624] [-0.97492791218182362:0.97492791218182362] [-0.90096886790241903:1]
tree_sizes=1871 1912 1910 1992 1825 1991 1995 1914 1905 1911 1727 1910 1997 1736 1909 1910 2075 1994 2074 1986 1828 1725 1905 1996 1825 2155 1570 1915 1912 1665 1743 1916 1913 1741 1736 1485 2093 1744 1488 1730 1657 1814 1646 1817 1816 1664 1838 1748 1660 1572 1744 1409 1636 1479 1627 1496 1578 1326 1491 1581 1666 1585 1743 1587 1315 1496 1235 1076 1410 1487 1571 1654 1558 1656 1587 1655 1575 1474 1494 1669 1241 1405 2080 2140 1403 1325 1559 1237 1499 1389 1410 1409 1327 1398 1477 1153 1161 1568 1580 1499 1149 1410 1081 1829 1247 1414 1824 1910 1663 1659 1743 1830 1410 1583 1570 1312 1160 1238 1579 1162

Tree=0
num_leaves=21
num_cat=0
split_feature=24 24 1 24 2 24 26 24 24 7 24 24 24 24 24 24 24 24 24 24
split_gain=2.5638e+11 2.9096e+10 5.1006e+09 8.69858e+09 5.10699e+09 3.78124e+09 2.44322e+09 1.76414e+09 1.37379e+09 1.0001e+09 4.10691e+08 2.11771e+08 2.04044e+08 1.4422e+08 1.28676e+08 4.29269e+07 4.00373e+07 2.39758e+07 1.87943e+07 3.47986e+06
threshold=32003.96944444445 13534.722222222224 0.080128205128205107 7943.0555555555566 9.9000000000000021 20194.444444444449 7.9500000000000011 5475.0000000000009 10187.500000000002 24.850000000000005 16527.777777777781 3180.0000000000005 12009.258333333337 6680.5555555555566 9483.7972222222234 8601.8527777777799 4402.7777777777783 10953.702777777778 7190.2777777777783 6006.9444444444453
decision_type=2 2 2 2 2 2 2 2 2 2 2 2 2 2 2 2 2 2 2 2
left_child=1 2 4 7 6 10 -1 11 14 -6 -3 -4 17 19 15 -5 -13 -10 -15 -9
right_child=-2 5 3 8 9 -7 -8 13 12 -11 -12 16 -14 18 -16 -17 -18 -19 -20 -21
leaf_value=22540.969414423769 25824.609590265987 22735.195588130551 21688.333978208819 22201.380339056759 21979.338264246126 23434.930655630484 23113.218049104395 21984.269284447848 22416.559783188375 22373.619840678868 22971.224341529436 21810.777535816465 22591.773141905855 22076.066155182631 22345.337367682096 22268.687259777151 21900.005417802928 22477.00722023283 22136.243553082219 22032.191141951054
leaf_weight=49 57 37 32 52 35 45 30 30 32 30 37 44 39 32 37 54 35 36 49 48
leaf_count=49 57 37 32 52 35 45 30 30 32 30 37 44 39 32 37 54 35 36 49 48
internal_value=22590.1 22354.2 22225.2 22152.3 22488.6 23073.9 22758.7 21955.5 22364.9 22160.7 22853.6 21802.2 22500.6 22063 22263.6 22235.3 21849.4 22448.3 22111.9 22013
internal_weight=840 783 664 520 144 119 79 270 250 65 74 111 107 159 143 106 79 68 81 78
internal_count=840 783 664 520 144 119 79 270 250 65 74 111 107 159 143 106 79 68 81 78
is_linear=0
shrinkage=1


Tree=1
num_leaves=21
num_cat=0
split_feature=24 24 1 24 27 24 14 24 3 24 24 24 24 24 24 24 24 24 24 24
split_gain=2.31427e+11 2.62659e+10 4.60453e+09 7.85283e+09 4.37183e+09 3.41329e+09 2.38188e+09 1.59265e+09 1.4142e+09 1.24019e+09 3.74341e+08 1.9125e+08 1.73675e+08 1.30201e+08 1.29886e+08 3.87508e+07 3.61148e+07 1.79863e+07 1.69898e+07 3.19884e+06
threshold=32003.96944444445 13534.722222222224 0.080128205128205107 7943.0555555555566 0.30901413279605805 20194.444444444449 98.500000000000014 5475.0000000000009 79.950000000000017 10231.747222222224 16726.852777777782 3180.0000000000005 12009.258333333337 6680.5555555555566 9483.7972222222234 8601.8527777777799 4402.7777777777783 10990.741666666667 7190.2777777777783 6078.7027777777785
decision_type=2 2 2 2 2 2 2 2 2 2 2 2 2 2 2 2 2 2 2 2
left_child=1 2 4 7 8 10 -6 11 -1 14 -3 -4 17 19 15 -5 -13 -11 -15 -9
right_child=-2 5 3 9 6 -7 -8 13 -10 12 -12 16 -14 18 -16 -17 -18 -19 -20 -21
leaf_value=466.96812004013321 3068.5464316987741 147.08813669381399 -861.33943547994556 -373.84199378074021 14.605979904714502 798.16174300166301 -536.91654971710034 -577.37409231236256 -18.059504674360205 -163.36890386183313 374.49748542286528 -744.96577447385209 -2.9314603834810771 -492.93352773315814 -234.38001778999765 -309.89281400726378 -660.20940949964393 -109.76577086664759 -435.7308691207358 -532.61434428589143
leaf_weight=30 57 42 32 52 31 45 53 34 30 32 32 44 39 32 40 54 35 33 49 44
leaf_count=30 57 42 32 52 31 45 53 34 30 32 32 44 39 32 40 54 35 33 49 44
internal_value=-4.54909 -228.624 -351.222 -420.501 -100.929 455.171 -333.603 -607.44 224.828 -218.445 245.8 -753.153 -86.3787 -505.307 -312.396 -341.587 -708.298 -136.365 -458.909 -552.839
internal_weight=840 783 664 520 144 119 84 270 60 250 74 111 104 159 146 106 79 65 81 78
internal_count=840 783 664 520 144 119 84 270 60 250 74 111 104 159 146 106 79 65 81 78
is_linear=0
shrinkage=0.05


Tree=2
num_leaves=21
num_cat=0
split_feature=24 24 1 24 2 24 26 24 24 8 24 24 24 24 24 24 24 24 24 24
split_gain=2.08902e+11 2.3711e+10 4.15696e+09 7.08932e+09 4.29691e+09 3.08112e+09 2.21646e+09 1.43783e+09 1.12122e+09 9.87892e+08 3.39063e+08 1.87662e+08 1.72718e+08 1.17543e+08 8.59509e+07 3.25767e+07 2.89269e+07 2.28444e+07 1.53586e+07 3.02612e+06
threshold=32003.96944444445 13534.722222222224 0.080128205128205107 7943.0555555555566 9.9000000000000021 20194.444444444449 7.9500000000000011 5475.0000000000009 10050.000000000002 17.050000000000004 16527.777777777781 12009.258333333337 3180.0000000000005 6680.5555555555566 8745.3694444444463 4402.7777777777783 10826.388888888891 9483.7972222222234 7190.2777777777783 6006.9444444444453
decision_type=2 2 2 2 2 2 2 2 2 2 2 2 2 2 2 2 2 2 2 2
left_child=1 2 4 7 6 10 -1 12 14 -6 -3 16 -4 19 -5 -14 -10 -16 -15 -9
right_child=-2 5 3 8 9 -7 -8 13 11 -11 -12 -13 15 18 17 -17 -18 -19 -20 -21
leaf_value=-55.532771130346241 2915.3877873248689 126.0045859118356 -818.40660837714177 -351.2619194831783 -582.54013979735612 758.34212990230048 489.50724703513117 -551.38838004178785 -172.29048775144338 -191.63754285708117 340.45630315487597 -2.7852630107908909 -707.80194781037426 -468.36362897926404 -291.58735371865254 -627.29295845575143 -109.18435123935522 -232.63060688006124 -413.98870946569508 -507.83101215322898
leaf_weight=49 57 37 32 58 34 45 30 30 34 31 37 39 44 32 48 35 41 30 49 48
leaf_count=49 57 37 32 58 34 45 30 30 34 31 37 39 44 32 48 35 41 30 49 48
internal_value=-4.32869 -217.22 -333.703 -399.529 -95.8851 432.468 151.802 -577.148 -207.546 -396.69 233.545 -91.7747 -715.598 -480.106 -304.452 -672.972 -137.984 -269.239 -436.021 -525.268
internal_weight=840 783 664 520 144 119 79 270 250 65 74 114 111 159 136 79 75 78 81 78
internal_count=840 783 664 520 144 119 79 270 250 65 74 114 111 159 136 79 75 78 81 78
is_linear=0
shrinkage=0.05


Tree=3
num_leaves=22
num_cat=0
split_feature=24 24 1 24 2 24 26 24 24 8 24 24 24 24 24 24 24 24 24 24 24
split_gain=1.8857e+11 2.14047e+10 3.75267e+09 6.40003e+09 3.87925e+09 2.7813e+09 2.00102e+09 1.29806e+09 1.01248e+09 8.91834e+08 3.09199e+08 1.58152e+08 1.57122e+08 1.06116e+08 8.71388e+07 2.26344e+07 2.18015e+07 1.38839e+07 1.12812e+07 3.41214e+06 2.7606e+06
threshold=32003.96944444445 13534.722222222224 0.080128205128205107 7943.0555555555566 9.9000000000000021 20194.444444444449 7.9500000000000011 5475.0000000000009 10125.000000000002 17.050000000000004 16726.852777777782 12009.258333333337 3763.8888888888891 6680.5555555555566 8824.0750000000025 9483.7972222222234 10826.388888888891 7190.2777777777783 4493.0555555555566 8342.591666666669 6050.9250000000011
decision_type=2 2 2 2 2 2 2 2 2 2 2 2 2 2 2 2 2 2 2 2 2
left_child=1 2 4 7 6 10 -1 12 14 -6 -3 16 -4 20 19 -16 -10 -15 -14 -5 -9
right_child=-2 5 3 8 9 -7 -8 13 11 -11 -12 -13 18 17 15 -17 -18 -19 -20 -21 -22
leaf_value=-52.761788151074818 2769.8736656496276 132.19247165417161 -753.96878452921646 -345.71109443731672 -553.49855105044912 720.50910693251114 465.11319705798383 -523.24405364499603 -160.58067728340427 -182.08647137117538 338.86117169626777 -2.6463552879860335 -657.12896024121983 -445.01837078344045 -274.7992103993468 -217.06652040901074 -103.73841869790479 -393.33143168835926 -592.82226501654986 -310.87704818573502 -482.05295788548301
leaf_weight=49 57 42 46 34 34 45 30 31 30 31 32 39 33 32 42 34 41 49 32 30 47
leaf_count=49 57 42 46 34 34 45 30 31 30 31 32 39 33 32 42 34 41 49 32 30 47
internal_value=-4.12092 -206.387 -317.06 -379.603 -91.1026 410.896 144.239 -548.367 -197.192 -376.915 221.899 -83.5659 -679.915 -456.161 -286.347 -249.291 -127.948 -414.275 -626.43 -329.893 -499.073
internal_weight=840 783 664 520 144 119 79 270 250 65 74 110 111 159 140 76 71 81 65 64 78
internal_count=840 783 664 520 144 119 79 270 250 65 74 110 111 159 140 76 71 81 65 64 78
is_linear=0
shrinkage=0.05


Tree=4
num_leaves=20
num_cat=0
split_feature=24 24 24 24 24 27 24 14 3 24 24 24 24 24 24 24 11 5 24
split_gain=1.70714e+11 2.28772e+10 1.35267e+10 4.07206e+09 4.38777e+09 3.76904e+09 1.7959e+09 1.70275e+09 1.19512e+09 7.90546e+08 7.17948e+08 1.56121e+08 9.43342e+07 7.72136e+07 7.32096e+07 7.20765e+07 1.58778e+07 1.01575e+07 2.33483e+06
threshold=26922.222222222226 46369.047619047633 12009.258333333337 1.0000000180025095e-35 7190.2777777777783 0.30901413279605805 17183.333333333339 98.500000000000014 79.950000000000017 4670.6361111111119 9483.7972222222234 14023.147222222224 8342.591666666669 3180.0000000000005 10546.297222222223 6006.9444444444453 2.5000000000000004 13.750000000000002 6509.2583333333341
decision_type=2 2 2 2 2 2 2 2 2 2 2 2 2 2 2 2 2 2 2
left_child=2 -2 3 5 9 8 11 -7 -1 13 12 -4 16 -5 -12 -11 -6 -14 -17
right_child=1 -3 6 4 10 7 -8 -9 -10 15 14 -13 17 -15 -16 18 -18 -19 -20
leaf_value=438.49622013941166 1569.1773813756624 3401.8431426495017 10.103150437527535 -740.0327766014409 -382.45305015583995 -8.1227508839303653 428.2261592042023 -474.50325621983876 -7.4120805404510994 -523.56691278641108 -189.0306817194944 145.68211894198041 -256.26321674451566 -631.29158658011784 -105.00923591354888 -463.4186374715718 -332.11728139399429 -299.2802758713006 -427.58975662974922
leaf_weight=30 40 30 48 32 38 31 59 53 30 55 55 38 40 54 50 37 45 32 43
leaf_count=30 40 30 48 32 38 31 59 53 30 55 55 38 40 54 50 37 45 32 43
internal_value=-3.92454 2358.34 -218.954 -319.887 -389.707 -86.5587 216.021 -302.601 215.901 -553.498 -250.325 70.1098 -318.717 -672.566 -149.158 -477.206 -355.595 -275.771 -444.719
internal_weight=840 70 770 625 481 144 145 84 60 221 260 86 155 86 105 135 83 72 80
internal_count=840 70 770 625 481 144 145 84 60 221 260 86 155 86 105 135 83 72 80
is_linear=0
shrinkage=0.05


Tree=5
num_leaves=22
num_cat=0
split_feature=24 24 24 1 24 20 14 24 24 24 0 0 24 24 24 24 24 0 24 24 22
split_gain=1.43201e+11 1.50329e+10 1.14748e+10 5.42914e+09 4.80217e+09 3.97776e+09 5.26311e+09 1.21905e+09 8.22859e+08 7.62283e+08 6.27524e+08 2.73803e+08 1.15266e+08 1.0976e+08 9.17574e+07 4.99434e+07 2.36971e+07 1.33096e+07 1.45475e+07 1.2157e+07 4.34732e+06
threshold=27815.277777777781 45261.905555555561 12886.904761904765 0.080128205128205107 7190.2777777777783 5.6352000000000011 170.50000000000003 20194.444444444449 9659.7222222222244 4895.8333333333339 239.90000000000003 13.550000000000002 8601.8527777777799 2964.2857142857151 11157.638888888891 5711.3095238095248 7943.0555555555566 185.15000000000003 6337.9638888888894 10370.369444444446 -0.24999999999999994
decision_type=2 2 2 2 2 2 2 2 2 2 2 2 2 2 2 2 2 2 2 2 2
left_child=2 -2 3 5 9 -1 10 11 12 13 -7 -4 16 -5 19 -11 -6 -17 -19 -10 -14
right_child=1 -3 7 4 8 6 -8 -9 14 15 -12 -13 20 -15 -16 17 -18 18 -20 -21 -22
leaf_value=496.32620772555032 1505.6204669645949 3015.1318007686896 35.580122075682162 -715.73700316276438 -354.41741967190893 -261.3355248131229 241.59055236085447 506.54754292615854 -176.52721080364097 -506.8468738871083 -568.60233862368773 214.34661695050292 -257.08428266768885 -595.2867089998515 -62.418654735172623 -466.39271049626251 -300.45722072700306 -444.6013235142504 -389.25548011166899 -130.97771721622186 -225.97203796880262
leaf_weight=30 36 31 34 33 46 30 50 32 32 35 38 58 32 63 48 30 50 34 36 31 37
leaf_count=30 36 31 34 33 46 30 50 32 32 35 38 58 32 63 48 30 50 34 36 31 37
internal_value=-8.86589 2207.5 -199.75 -283.242 -361.004 -16.7916 -147.555 241.152 -220.101 -529.188 -433.626 148.391 -290.9 -637.393 -114.692 -451.827 -326.655 -432.083 -416.734 -154.357 -240.752
internal_weight=846 67 779 655 507 148 118 124 276 231 68 92 165 96 111 135 96 100 70 63 69
internal_count=846 67 779 655 507 148 118 124 276 231 68 92 165 96 111 135 96 100 70 63 69
is_linear=0
shrinkage=0.05


Tree=6
num_leaves=22
num_cat=0
split_feature=25 27 28 0 21 27 6 0 1 4 0 14 0 7 2 29 1 27 7 7 0
split_gain=7.40883e+09 5.18618e+09 3.45633e+09 3.32505e+09 2.83922e+09 5.16843e+09 3.10073e+09 2.47497e+09 2.12997e+09 2.36578e+09 1.65775e+09 1.3156e+09 9.03206e+08 9.02281e+08 3.19652e+08 3.24503e+08 3.11303e+08 2.82087e+08 2.00657e+08 1.58757e+08 9.95859e+07
threshold=2.4432000000000005 0.28433548840379819 -0.24284072672761489 261.70000000000005 0.79004016891543938 -0.22611359161738934 2.4500000000000006 129.15000000000003 0.29166666666666669 1003.7500000000001 103.10000000000001 270.50000000000006 3.0500000000000003 26.150000000000002 5.6500000000000012 1.0000000180025095e-35 0.65000000000000013 0.83354805289222267 22.850000000000005 26.150000000000002 465.20000000000005
decision_type=2 2 2 2 2 2 2 2 2 2 2 2 2 2 2 2 2 2 2 2 2
left_child=-1 3 12 8 11 6 -6 -4 9 -2 16 -5 -3 -12 -9 -16 -10 18 -14 -18 -20
right_child=1 2 7 4 5 -7 -8 14 10 -11 13 -13 17 -15 15 -17 19 -19 20 -21 -22
leaf_value=536.47422864588941 -65.697345695586222 -106.49776285545619 261.17063176503439 -253.73332464212376 528.8157788049059 896.54864856350821 -105.596408114154 -273.87754792096905 -415.64259146756905 504.31709813388346 -133.97724961103017 195.52590810235043 -548.74425657440804 164.98207589385416 -3.9614842621369379 -212.72315885929765 -135.02315996239747 -296.14182591980403 -330.12127593307247 -291.47274189365208 -457.69977304229292
leaf_weight=58 42 31 50 33 33 34 46 40 30 32 53 32 35 48 41 34 30 43 31 36 34
leaf_count=58 42 31 50 33 33 34 46 40 30 32 53 32 35 48 41 34 30 43 31 36 34
internal_value=-8.41929 -48.5887 -196.183 62.8654 230.69 382.035 159.745 -32.1897 -47.4107 181.143 -133.312 -32.5989 -351.586 8.12503 -159.854 -98.7574 -281.969 -404.605 -450.902 -220.671 -397.455
internal_weight=846 788 339 449 178 113 79 165 271 74 197 65 174 101 115 75 96 143 100 66 65
internal_count=846 788 339 449 178 113 79 165 271 74 197 65 174 101 115 75 96 143 100 66 65
is_linear=0
shrinkage=0.05


Tree=7
num_leaves=21
num_cat=0
split_feature=24 24 24 24 27 24 20 6 24 24 24 24 0 24 24 24 24 24 30 24
split_gain=1.26767e+11 1.34484e+10 1.0182e+10 5.24573e+09 4.04768e+09 3.56799e+09 2.10227e+09 1.65885e+09 1.39212e+09 6.34603e+08 5.06266e+08 3.95603e+08 2.32997e+08 1.06591e+08 7.94738e+07 5.08342e+07 4.3603e+07 1.42525e+07 9.18822e+06 8.16173e+06
threshold=27815.277777777781 45261.905555555561 12009.258333333337 1.0000000180025095e-35 0.30901413279605805 7190.2777777777783 6.8938500000000014 2.7500000000000004 20194.444444444449 4895.8333333333339 9483.7972222222234 14348.147222222224 14.350000000000001 2964.2857142857151 8322.9166666666697 10546.297222222223 5711.3095238095248 6509.2583333333341 -0.56174490092936669 8972.2222222222244
decision_type=2 2 2 2 2 2 2 2 2 2 2 2 2 2 2 2 2 2 2 2
left_child=2 -2 3 4 7 9 -6 -1 11 13 14 -4 -13 -5 18 -12 -11 -18 -7 -16
right_child=1 -3 8 5 6 10 -8 -9 -10 16 15 12 -14 -15 19 -17 17 -19 -20 -21
leaf_value=555.82998004292335 1413.5127448169148 2841.1625420769692 4.9390269015892452 -671.58894183109896 84.977202054235335 -293.8837701892536 -432.96901440521646 46.021535350989737 479.60488925826888 -476.95045767672718 -171.41433177673002 94.500261886940123 288.65438848661069 -553.68104834216524 -261.2304587937229 -100.23833018915569 -426.03566583577617 -379.79992542402761 -336.95956189767577 -223.83684253157855
leaf_weight=30 36 31 52 33 31 30 53 34 32 35 54 31 31 63 46 48 58 42 44 32
leaf_count=30 36 31 52 33 31 30 53 34 32 35 54 31 31 63 46 48 58 42 44 32
internal_value=-8.00154 2077.32 -187.599 -274.407 -13.8287 -353.904 -241.948 285.489 188.698 -496.106 -224.434 106.691 191.886 -594.869 -282.273 -138.051 -425.486 -407.016 -319.917 -246.196
internal_weight=846 67 779 633 148 485 84 64 146 231 254 114 62 96 152 102 135 100 74 78
internal_count=846 67 779 633 148 485 84 64 146 231 254 114 62 96 152 102 135 100 74 78
is_linear=0
shrinkage=0.05


Tree=8
num_leaves=21
num_cat=0
split_feature=24 24 24 1 27 24 20 6 24 24 24 24 0 24 24 24 24 24 11 24
split_gain=1.14443e+11 1.21751e+10 9.19167e+09 4.7357e+09 3.65402e+09 3.22078e+09 1.89772e+09 1.49765e+09 1.2568e+09 5.72845e+08 4.57061e+08 3.57154e+08 2.10351e+08 9.63076e+07 7.17488e+07 4.58852e+07 3.93883e+07 1.28544e+07 7.46813e+06 7.36182e+06
threshold=27815.277777777781 43309.722222222226 12009.258333333337 0.080128205128205107 0.30901413279605805 7190.2777777777783 6.8938500000000014 2.7500000000000004 20194.444444444449 4895.8333333333339 9483.7972222222234 14348.147222222224 14.350000000000001 2964.2857142857151 8322.9166666666697 10546.297222222223 5711.3095238095248 6509.2583333333341 2.5000000000000004 8972.2222222222244
decision_type=2 2 2 2 2 2 2 2 2 2 2 2 2 2 2 2 2 2 2 2
left_child=2 -2 3 4 7 9 -6 -1 11 13 14 -4 -13 -5 18 -12 -11 -18 -7 -16
right_child=1 -3 8 5 6 10 -8 -9 -10 16 15 12 -14 -15 19 -17 17 -19 -20 -21
leaf_value=528.130804382527 1241.115860191419 2599.4774857708621 4.6925500115597769 -638.11093956523791 80.742002392735131 -325.16139775302116 -411.36133524289465 43.727207539577989 455.69934077634252 -453.17088118767811 -162.85945829437313 89.790442669736606 274.26807873103394 -526.04086519413636 -248.19726890845311 -95.236833202021032 -404.77054718595366 -360.85503335622036 -286.1518051425906 -212.67986600406445
leaf_weight=30 31 36 52 33 31 33 53 34 32 35 54 31 31 63 46 48 58 42 41 32
leaf_count=30 31 36 52 33 31 33 53 34 32 35 54 31 31 63 46 48 58 42 41 32
internal_value=-7.59272 1973.77 -178.236 -260.715 -13.1287 -336.249 -229.872 271.261 179.293 -471.355 -213.24 101.373 182.322 -565.189 -268.196 -131.162 -404.26 -386.705 -303.963 -233.917
internal_weight=846 67 779 633 148 485 84 64 146 231 254 114 62 96 152 102 135 100 74 78
internal_count=846 67 779 633 148 485 84 64 146 231 254 114 62 96 152 102 135 100 74 78
is_linear=0
shrinkage=0.05


Tree=9
num_leaves=21
num_cat=0
split_feature=24 24 1 24 27 1 24 20 28 24 24 24 24 24 24 24 24 24 24 24
split_gain=1.03394e+11 1.13513e+10 3.61856e+09 4.04096e+09 3.29864e+09 2.16997e+09 1.99331e+09 1.71307e+09 1.40016e+09 7.44695e+08 6.03042e+08 1.10017e+08 1.08633e+08 8.70161e+07 5.10962e+07 1.20588e+07 1.11816e+07 9.00178e+06 6.40661e+06 3.02962e+06
threshold=32003.96944444445 14023.147222222224 0.080128205128205107 7943.0555555555566 0.30901413279605805 0.65000000000000013 18410.000000000004 6.8938500000000014 -0.63872576220844934 4895.8333333333339 10125.000000000002 12009.258333333337 6509.2583333333341 2964.2857142857151 8972.2222222222244 5711.3095238095248 10953.702777777778 7190.2777777777783 9483.7972222222234 8372.686111111112
decision_type=2 2 2 2 2 2 2 2 2 2 2 2 2 2 2 2 2 2 2 2
left_child=1 2 4 9 8 -3 -7 -6 -1 13 14 16 15 -4 19 -11 -12 -14 -16 -5
right_child=-2 5 3 10 7 6 -8 -9 -10 12 11 -13 17 -15 18 -17 -18 -19 -20 -21
leaf_value=37.752864857782718 2066.950662574156 7.5841919886471407 -606.30178525066083 -260.25421395587108 76.717888599653335 254.22782211834758 785.68074290126663 -390.83200323819665 506.11061654835453 -430.57688913372516 -122.10490316882357 -2.7113409639956378 -342.85513831929188 -499.78050604818748 -202.07900094005549 -384.56685028338802 -80.784707539400955 -304.17113460780746 -167.80405706590221 -233.10440114989612
leaf_weight=34 56 38 33 35 31 43 30 53 30 35 36 46 42 63 32 58 32 46 34 39
leaf_count=34 56 38 33 35 31 43 30 53 30 35 36 46 42 63 32 58 32 46 34 39
internal_value=-7.20603 -154.478 -231.112 -292.04 -12.4641 314.088 473.409 -218.398 257.743 -424.099 -147.912 -62.4556 -363.96 -536.99 -217.403 -402.326 -102.807 -323.002 -184.703 -246.279
internal_weight=846 790 679 531 148 111 73 84 64 277 254 114 181 96 140 93 68 88 66 74
internal_count=846 790 679 531 148 111 73 84 64 277 254 114 181 96 140 93 68 88 66 74
is_linear=0
shrinkage=0.05


Tree=10
num_leaves=19
num_cat=0
split_feature=2 5 27 2 2 14 6 7 7 3 26 2 4 8 8 14 14 6
split_gain=5.47186e+09 5.05866e+09 3.52343e+09 2.11789e+09 1.84529e+09 1.79931e+09 1.79055e+09 9.40816e+08 7.21643e+08 7.25374e+08 1.09686e+09 6.05104e+08 5.85565e+08 5.661e+08 4.10434e+08 2.84855e+08 1.66425e+08 1.54141e+08
threshold=22.050000000000004 2.3500000000000001 -0.74409704927257525 24.850000000000005 15.597000000000003 42.000000000000007 2.3500000000000001 9.7500000000000018 18.450000000000003 60.350000000000001 5.8500000000000005 10.450000000000001 996.6500000000002 13.700000000000001 5.9500000000000011 177.50000000000003 327.00000000000006 2.5500000000000003
decision_type=2 2 2 2 2 2 2 2 2 2 2 2 2 2 2 2 2 2
left_child=1 -1 4 6 -3 7 -2 -4 9 14 -11 -12 -10 -6 16 17 -7 -14
right_child=3 2 5 -5 13 8 -8 -9 12 10 11 -13 15 -15 -16 -17 -18 -19
leaf_value=402.49885024470564 243.15937319155091 377.68459166858929 295.81648814701191 -10.8397797847507 140.92183224711457 -372.56616972405044 757.16054971470214 -93.185701876821241 -65.429551410448525 -233.12937043265703 234.99488974066651 -56.638455478418251 -364.03383551929244 -117.86558769521305 -73.991278995726461 -164.64079452192485 -208.64388863156515 -265.09871292051776
leaf_weight=55 35 49 31 30 37 31 33 31 42 41 36 35 60 49 34 52 32 122
leaf_count=55 35 49 31 30 37 31 33 31 42 41 36 35 60 49 34 52 32 122
internal_value=-11.6604 -58.3479 -95.5666 339.15 133.126 -152.022 493.347 101.478 -184.443 -114.269 -27.5318 91.3544 -237.52 -6.4924 -214.288 -268.367 -289.767 -297.897
internal_weight=835 737 682 98 135 547 68 62 485 209 112 71 276 86 97 234 63 182
internal_count=835 737 682 98 135 547 68 62 485 209 112 71 276 86 97 234 63 182
is_linear=0
shrinkage=0.05


Tree=11
num_leaves=21
num_cat=0
split_feature=24 24 1 24 27 1 24 24 24 2 20 24 24 24 24 27 27 27 24 27
split_gain=8.98003e+10 1.60179e+10 2.55941e+09 3.98327e+09 2.59983e+09 2.43145e+09 2.05152e+09 8.119e+08 6.33362e+08 4.71528e+08 4.02606e+08 1.76841e+08 8.6221e+07 8.14044e+07 5.75369e+07 3.54127e+07 2.27578e+07 1.8724e+07 1.2982e+07 9.0949e+06
threshold=39231.480555555565 15319.444444444445 0.080128205128205107 7900.0000000000009 0.30901413279605805 0.65000000000000013 21605.555555555558 11236.111111111113 4788.8888888888896 11.450000000000001 19.056500000000003 9546.2972222222234 6509.2583333333341 2964.2857142857151 12886.904761904765 0.24284747324344283 -0.52703378127707579 0.2093127076542077 10125.000000000002 0.46735488928835739
decision_type=2 2 2 2 2 2 2 2 2 2 2 2 2 2 2 2 2 2 2 2
left_child=1 2 4 8 10 -3 -7 11 13 -6 -1 15 17 -4 -9 16 -5 -10 -13 -14
right_child=-2 5 3 7 9 6 -8 14 12 -11 -12 18 19 -15 -16 -17 -18 -19 -20 -21
leaf_value=332.19202459697783 2239.2061296114161 76.798682629356506 -575.9171951708837 -222.27866757128115 -113.34648725029238 373.6759090981185 908.36476744624201 -41.322673853876275 -402.35660424760385 -368.88587595314419 81.237828677168523 -156.29470304064577 -324.41560750543118 -471.25684927758323 41.134031454803392 -191.64001179239813 -281.91731307849153 -352.34032854352682 -112.98903312434859 -284.19582134872388
leaf_weight=32 42 32 33 37 40 43 31 46 55 33 32 30 56 57 39 42 34 44 46 31
leaf_count=32 42 32 33 37 40 43 31 46 55 33 32 30 56 57 39 42 34 44 46 31
internal_value=-11.0749 -130.525 -218.804 -266.962 -25.4137 441.29 598.591 -131.842 -401.007 -229.211 207.037 -189.536 -347.911 -510.229 -3.48566 -229.248 -251.194 -380.505 -130.266 -310.427
internal_weight=835 793 687 550 137 106 74 274 276 73 64 189 186 90 85 113 71 99 76 87
internal_count=835 793 687 550 137 106 74 274 276 73 64 189 186 90 85 113 71 99 76 87
is_linear=0
shrinkage=0.05


Tree=12
num_leaves=22
num_cat=0
split_feature=24 24 24 24 27 24 24 24 26 20 24 26 24 24 24 27 27 27 24 27 27
split_gain=8.10648e+10 1.44602e+10 2.31043e+09 3.59564e+09 2.34708e+09 2.23078e+09 7.32951e+08 5.71768e+08 4.99926e+08 3.63471e+08 1.59772e+08 9.93598e+07 7.87823e+07 7.35414e+07 5.194e+07 3.42053e+07 2.01852e+07 1.61761e+07 1.51156e+07 3.00566e+06 591459
threshold=39231.480555555565 15319.444444444445 1.0000000180025095e-35 7900.0000000000009 0.30901413279605805 24097.222222222226 11236.111111111113 4788.8888888888896 8.2500000000000036 19.056500000000003 9483.7972222222234 6.9000000000000012 6763.8888888888896 2964.2857142857151 12886.904761904765 0.24284747324344283 0.23448921811828119 -0.52703378127707579 10125.000000000002 0.23448921811828119 -0.42885619348140602
decision_type=2 2 2 2 2 2 2 2 2 2 2 2 2 2 2 2 2 2 2 2 2
left_child=1 2 4 7 9 11 10 13 -6 -1 15 -3 16 -4 -8 17 20 -5 -12 -14 -9
right_child=-2 5 3 6 8 -7 14 12 -10 -11 18 -13 19 -15 -16 -17 -18 -19 -20 -21 -22
leaf_value=315.63415449564332 2127.5117635187794 206.05065502899984 -547.20833618532856 -215.3554143162292 -326.8899183233487 745.55774965639466 -39.261022781239674 -362.00463843636953 -60.830775109478012 77.188586235640571 -151.81400949853096 327.20293070137302 -301.31242704103823 -447.73527297572792 39.082589549969533 -182.82277511262544 -330.79031814301089 -267.86278595239185 -107.3518368007304 -271.66920374045418 -393.86958667227691
leaf_weight=32 42 41 33 33 43 35 46 31 30 32 35 30 43 57 39 41 50 34 46 31 31
leaf_count=32 42 41 33 33 43 35 46 31 30 32 35 30 43 57 39 41 50 34 46 31 31
internal_value=-10.5202 -124.012 -207.889 -253.645 -24.1455 419.289 -125.267 -381 -217.783 196.718 -180.085 257.63 -330.552 -484.776 -3.31139 -219.948 -357.541 -242.361 -126.727 -289.278 -378.546
internal_weight=835 793 687 550 137 106 274 276 73 64 189 71 186 90 85 108 112 67 81 74 62
internal_count=835 793 687 550 137 106 274 276 73 64 189 71 186 90 85 108 112 67 81 74 62
is_linear=0
shrinkage=0.05


Tree=13
num_leaves=19
num_cat=0
split_feature=2 5 9 28 0 9 8 14 21 14 8 3 6 1 8 7 20 6
split_gain=4.26616e+09 3.91556e+09 3.4066e+09 1.89573e+09 2.03333e+09 1.7033e+09 1.30472e+09 7.14443e+08 4.04351e+08 1.09023e+09 7.08009e+08 8.30055e+08 4.24529e+08 3.20363e+08 3.27497e+08 2.77935e+08 1.76698e+08 4.97385e+07
threshold=22.050000000000004 2.3500000000000001 0.25000000000000006 -0.55599684127981919 9.0500000000000025 16.700000000000006 19.050000000000004 170.50000000000003 0.67944055944055959 63.500000000000007 6.2500000000000009 60.850000000000001 3.8500000000000001 0.65000000000000013 18.350000000000005 12.550000000000002 18.586700000000004 2.7500000000000004
decision_type=2 2 2 2 2 2 2 2 2 2 2 2 2 2 2 2 2 2
left_child=1 -1 -2 4 7 6 8 -3 10 -10 15 -12 -11 17 -15 -5 -16 -6
right_child=2 3 -4 5 13 -7 -8 -9 9 12 11 -13 -14 14 16 -17 -18 -19
leaf_value=354.22919308200289 4.8101862874390395 -119.75328477473415 594.10650172340411 -162.4258168566256 -336.742765468458 332.43486504754071 260.73588180296673 216.86285642199343 187.69314372026736 -32.400972706352448 124.83353732960649 -178.34563043103248 -194.34539762955836 -344.54651910691041 -83.609778345411073 -357.97292119052116 -252.76682933921435 -432.90980682879984
leaf_weight=55 49 33 49 41 30 31 31 30 45 120 41 50 61 44 32 33 30 30
leaf_count=55 49 33 49 41 30 31 31 30 45 120 41 50 61 44 32 33 30 30
internal_value=-9.99519 -51.2194 299.764 -83.964 -201.176 -24.6797 -50.9857 40.6297 -75.7606 -32.2906 -135.246 -41.7613 -87.0561 -292.915 -240.214 -249.995 -165.735 -385.467
internal_weight=835 737 98 682 229 453 422 63 391 226 165 91 181 166 106 74 62 60
internal_count=835 737 98 682 229 453 422 63 391 226 165 91 181 166 106 74 62 60
is_linear=0
shrinkage=0.05


Tree=14
num_leaves=21
num_cat=0
split_feature=24 24 1 24 1 14 24 7 24 24 24 24 24 24 0 24 24 14 14 0
split_gain=7.21013e+10 1.27082e+10 2.2129e+09 3.16944e+09 2.15949e+09 1.98247e+09 1.69017e+09 1.09622e+09 6.65967e+08 4.51413e+08 1.05236e+08 1.00661e+08 7.55621e+07 5.12177e+07 1.98825e+07 1.74484e+07 1.04469e+07 9.6365e+06 7.78344e+06 7.04623e+06
threshold=39231.480555555565 15319.444444444445 0.080128205128205107 8419.4444444444471 0.65000000000000013 170.50000000000003 21605.555555555558 15.050000000000002 5513.8888888888896 11236.111111111113 3763.8888888888891 7350.0000000000009 9546.2972222222234 12886.904761904765 148.15000000000001 6337.9638888888894 10125.000000000002 206.50000000000003 168.50000000000003 465.20000000000005
decision_type=2 2 2 2 2 2 2 2 2 2 2 2 2 2 2 2 2 2 2 2
left_child=1 2 5 8 -3 7 -6 -1 10 12 -4 14 17 -11 -10 -16 -14 -5 -13 -12
right_child=-2 4 3 9 6 -7 -8 -9 11 13 19 18 16 -15 15 -17 -18 -19 -20 -21
leaf_value=75.827892376972599 2006.8686904436051 49.3720344091873 -491.80283485762851 -169.82620092849493 336.89365138078239 223.85761938292654 822.20011618267699 -300.79960601863053 -349.20042558652756 -40.416127545611204 -416.66586897840529 -220.53359249968412 -140.12958631547187 37.381195193239492 -326.04360923678587 -279.39504243881868 -101.2827066582868 -211.39365523388824 -256.69222890040527 -372.09412456831205
leaf_weight=30 42 32 50 32 43 53 31 54 33 46 30 37 30 39 43 55 46 32 40 37
leaf_count=30 42 32 50 32 43 53 31 54 33 46 30 37 30 39 43 55 46 32 40 37
internal_value=-9.49795 -116.531 -195.163 -239.942 392.794 -15.3464 541.033 -166.36 -339.792 -95.6277 -435.403 -285.828 -150.779 -4.71885 -312.782 -300.175 -116.781 -190.907 -239.626 -392.643
internal_weight=835 793 687 550 106 137 74 84 325 225 117 208 140 85 131 98 76 64 77 67
internal_count=835 793 687 550 106 137 74 84 325 225 117 208 140 85 131 98 76 64 77 67
is_linear=0
shrinkage=0.05


Tree=15
num_leaves=21
num_cat=0
split_feature=24 24 1 1 24 27 24 5 2 24 24 24 0 0 24 24 27 27 24 14
split_gain=7.50508e+10 1.14021e+10 2.92652e+09 2.79414e+09 3.0675e+09 2.74476e+09 2.18329e+09 1.73006e+09 1.14726e+09 6.63888e+08 4.26893e+08 9.43103e+07 8.98859e+07 8.80587e+07 6.70594e+07 5.54708e+07 1.72596e+07 1.18113e+07 1.02341e+07 4.50936e+06
threshold=41923.611111111117 16027.777777777779 0.65000000000000013 0.13392857142857142 8601.8527777777799 0.30901413279605805 22701.388888888894 23.850000000000005 9.9000000000000021 5711.3095238095248 10953.702777777778 7190.2777777777783 48.600000000000009 104.85000000000001 12597.222222222224 9824.0750000000025 0.24284747324344283 0.23448921811828119 4402.7777777777783 206.50000000000003
decision_type=2 2 2 2 2 2 2 2 2 2 2 2 2 2 2 2 2 2 2 2
left_child=1 3 -3 5 9 7 -4 -1 -7 13 15 17 -12 -5 -14 19 -13 -11 -15 -6
right_child=-2 2 6 4 10 8 -8 -9 -10 11 12 16 14 18 -16 -17 -18 -19 -20 -21
leaf_value=478.71934027046046 2066.7681907128267 13.263037836326744 329.41689996918507 -454.2410986575984 -160.17475246648414 27.021703492812915 885.95853113320197 -28.824198127822626 -347.76553044394842 -313.12972582697654 -82.550900149424606 -243.38447072329501 -28.380037922746556 -393.95311678592293 64.263601254822319 -106.23222166535439 -197.22787455844107 -275.34690447494307 -346.82322482916402 -189.00210272030816
leaf_weight=38 42 37 43 59 33 38 30 30 44 55 30 58 38 32 40 51 37 52 39 36
leaf_count=38 42 37 43 59 33 38 30 30 44 55 30 58 38 32 40 51 37 52 39 36
internal_value=7.86612 -97.829 375.634 -171.225 -222.552 20.4175 559.032 255.089 -174.262 -319.51 -81.2904 -262.528 -9.14978 -407.781 19.1509 -146.155 -225.634 -295.042 -368.589 -175.467
internal_weight=862 820 110 710 560 150 73 68 82 332 228 202 108 130 78 120 95 107 71 69
internal_count=862 820 110 710 560 150 73 68 82 332 228 202 108 130 78 120 95 107 71 69
is_linear=0
shrinkage=0.05


Tree=16
num_leaves=23
num_cat=0
split_feature=24 24 24 24 0 11 0 27 24 24 24 24 0 0 24 24 27 24 27 24 26 24
split_gain=6.775e+10 1.0307e+10 2.37978e+09 3.12604e+09 2.50038e+09 3.48801e+09 2.2527e+09 1.71518e+09 1.57081e+09 6.7554e+08 3.88779e+08 1.09858e+08 9.84913e+07 7.94428e+07 7.65524e+07 5.30476e+07 1.69497e+07 1.15471e+07 9.39793e+06 9.2455e+06 8.35568e+06 2.7473e+06
threshold=41923.611111111117 16726.852777777782 1.0000000180025095e-35 8972.2222222222244 382.00000000000006 3.5000000000000004 4.1000000000000005 0.33346569090932193 22701.388888888894 5711.3095238095248 11680.555555555557 7190.2777777777783 34.850000000000009 104.85000000000001 13468.750000000002 10125.000000000002 0.24284747324344283 6763.8888888888896 0.23448921811828119 4402.7777777777783 7.5000000000000018 8069.4444444444453
decision_type=2 2 2 2 2 2 2 2 2 2 2 2 2 2 2 2 2 2 2 2 2 2
left_child=1 2 4 9 5 7 -3 -1 -8 13 15 17 -12 -4 -14 20 21 18 -11 -15 -5 -13
right_child=-2 6 3 10 -6 -7 8 -9 -10 11 12 16 14 19 -16 -17 -18 -19 -20 -21 -22 -23
leaf_value=587.04013210409744 1963.6752838062275 30.483328835750342 -431.56747253727792 -170.39075729988076 -336.80333975820207 -217.89033792234628 325.7322646883386 91.219531987584972 812.42832035175093 -312.93882579546414 -64.364291128367682 -239.69122232026226 0.79248530732554501 -374.31682471159462 102.80732650756836 -83.496837442114298 -184.35674218697042 -252.95785903706928 -271.08350823315226 -329.52641351802271 -131.7486547527123 -213.27688090807499
leaf_weight=37 42 30 59 32 37 43 36 33 31 37 30 31 45 32 31 53 46 34 36 39 30 38
leaf_count=37 42 30 59 32 37 43 36 33 31 37 30 31 45 32 31 53 46 34 36 39 30 38
internal_value=7.47686 -92.9459 -157.887 -204.292 19.4009 136.229 390.762 353.76 551.795 -296.81 -56.8665 -243.589 12.2119 -387.438 42.4843 -120.494 -209.202 -280.318 -292.697 -350.212 -151.935 -225.474
internal_weight=862 820 723 573 150 113 97 70 67 352 221 222 106 130 76 115 115 107 73 71 62 69
internal_count=862 820 723 573 150 113 97 70 67 352 221 222 106 130 76 115 115 107 73 71 62 69
is_linear=0
shrinkage=0.05


Tree=17
num_leaves=22
num_cat=0
split_feature=24 24 1 1 24 27 24 25 2 24 24 24 24 24 24 24 27 27 21 14 14
split_gain=6.11596e+10 9.31257e+09 2.43244e+09 2.27893e+09 2.49723e+09 2.27303e+09 1.77209e+09 1.586e+09 9.99236e+08 5.42789e+08 3.46339e+08 8.79696e+07 6.34497e+07 4.51004e+07 4.50088e+07 1.37257e+07 1.22682e+07 1.21029e+07 8.88221e+06 4.09394e+06 2.55829e+06
threshold=41923.611111111117 16027.777777777779 0.65000000000000013 0.13392857142857142 8601.8527777777799 0.30901413279605805 22701.388888888894 23.872515000000003 9.9000000000000021 5475.0000000000009 10953.702777777778 6763.8888888888896 2964.2857142857151 12886.904761904765 9824.0750000000025 7760.9527777777785 0.047317444494269389 0.23448921811828119 0.80165164123902 206.50000000000003 168.50000000000003
decision_type=2 2 2 2 2 2 2 2 2 2 2 2 2 2 2 2 2 2 2 2 2
left_child=1 3 -3 5 9 7 -4 -1 -7 12 14 17 -5 -12 19 20 -14 -11 -17 -6 -13
right_child=-2 2 6 4 10 8 -8 -9 -10 11 13 15 16 -15 -16 18 -18 -19 -20 -21 -22
leaf_value=446.10984963244346 1865.7247272119953 9.2175336776075323 299.90338358513992 -430.65176633375177 -143.96710404226064 29.11369356570907 801.32131112437719 -39.807022713189113 -320.65153933155295 -300.88280284200079 -39.660361181520955 -217.40160974336973 -373.25517249094514 24.947778528253775 -95.999321900608493 -174.63653377900488 -328.06083527563027 -257.75627784826565 -214.24828423759686 -171.13049752613185 -244.88967214504621
leaf_weight=38 42 37 43 36 33 38 30 30 44 43 56 31 37 52 51 30 48 39 37 36 31
leaf_count=38 42 37 43 36 33 38 30 30 44 43 56 31 37 52 51 30 48 39 37 36 31
internal_value=7.10476 -88.3087 339.578 -154.64 -200.994 18.435 506.78 231.991 -158.727 -288.476 -73.5373 -239.833 -373.031 -8.55839 -131.963 -213.652 -348.149 -280.71 -196.798 -158.367 -231.518
internal_weight=862 820 110 710 560 150 73 68 82 332 228 211 121 108 120 129 85 82 67 69 62
internal_count=862 820 110 710 560 150 73 68 82 332 228 211 121 108 120 129 85 82 67 69 62
is_linear=0
shrinkage=0.05


Tree=18
num_leaves=23
num_cat=0
split_feature=24 24 1 1 24 27 5 24 2 24 24 24 24 24 24 27 24 21 27 24 27 14
split_gain=5.52104e+10 8.43383e+09 2.31533e+09 1.9423e+09 2.54141e+09 2.05193e+09 1.43177e+09 1.19801e+09 9.02028e+08 5.50479e+08 3.13699e+08 8.97374e+07 6.7521e+07 6.61896e+07 2.72138e+07 1.50648e+07 1.48548e+07 1.30083e+07 1.25692e+07 9.03925e+06 7.56739e+06 5.47711e+06
threshold=41923.611111111117 16726.852777777782 0.65000000000000013 0.13392857142857142 8972.2222222222244 0.30901413279605805 23.850000000000005 22701.388888888894 9.9000000000000021 5711.3095238095248 10953.702777777778 7190.2777777777783 12886.904761904765 2964.2857142857151 9824.0750000000025 0.24284747324344283 4895.8333333333339 0.76513342898134873 0.073094453017891456 6763.8888888888896 0.23448921811828119 157.50000000000003
decision_type=2 2 2 2 2 2 2 2 2 2 2 2 2 2 2 2 2 2 2 2 2 2
left_child=1 3 -3 5 9 6 -1 -4 -7 13 14 19 -12 -5 -6 17 21 -13 -14 20 -11 -15
right_child=-2 2 7 4 10 8 -8 -9 -10 11 12 15 18 16 -16 -17 -18 -19 -20 -21 -22 -23
leaf_value=423.8629028320313 1772.660053360094 20.969495516578473 323.4548263872498 -409.17882333686811 -143.85675195511394 27.661817703847813 -37.823284526837625 761.3883548977368 -304.65531724856288 -282.33047046095857 -37.680878090475971 -179.10936298310943 57.482535389957263 -322.13543656561461 -91.208748810351949 -165.5443511034041 -296.39816701223424 -225.27902917579178 13.349504601361346 -228.82366689195379 -244.71476492842149 -363.26573628270353
leaf_weight=38 42 34 33 36 49 38 30 30 44 37 56 32 35 30 51 46 34 37 30 34 36 30
leaf_count=38 42 34 33 36 49 38 30 30 44 37 56 32 35 30 51 46 34 37 30 34 36 30
internal_value=6.75023 -83.9039 353.648 -142.648 -184.572 17.517 220.421 532.871 -150.809 -267.991 -51.6444 -219.948 2.5232 -349.801 -117.124 -188.869 -326.65 -204.157 37.1653 -253.142 -264.14 -343.271
internal_weight=862 820 97 723 573 150 68 63 82 352 221 222 121 130 100 115 94 69 65 107 73 60
internal_count=862 820 97 723 573 150 68 63 82 352 221 222 121 130 100 115 94 69 65 107 73 60
is_linear=0
shrinkage=0.05


Tree=19
num_leaves=22
num_cat=0
split_feature=24 24 1 1 24 0 11 27 24 24 24 24 0 0 24 24 2 8 0 24 24
split_gain=4.98398e+10 7.614e+09 2.0903e+09 1.75346e+09 2.29637e+09 2.02937e+09 3.18684e+09 1.35751e+09 1.08161e+09 5.61286e+08 2.09365e+08 1.03412e+08 8.9379e+07 6.22368e+07 5.79819e+07 2.23775e+07 1.76083e+07 2.33965e+07 8.48466e+06 7.62465e+06 7.41785e+06
threshold=41923.611111111117 16726.852777777782 0.65000000000000013 0.13392857142857142 9298.6111111111113 382.00000000000006 3.5000000000000004 0.33346569090932193 22701.388888888894 5711.3095238095248 11680.555555555557 7190.2777777777783 34.850000000000009 104.85000000000001 13468.750000000002 10187.500000000002 15.797000000000002 1.2500000000000002 173.40000000000003 4402.7777777777783 6337.9638888888894
decision_type=2 2 2 2 2 2 2 2 2 2 2 2 2 2 2 2 2 2 2 2 2
left_child=1 3 -3 5 9 6 7 -1 -4 13 15 18 -12 -5 -14 -6 17 -13 -11 -15 -20
right_child=-2 2 8 4 10 -7 -8 -9 -10 11 12 16 14 19 -16 -17 -18 -19 20 -21 -22
leaf_value=537.37352475888645 1684.2375718504118 19.924095397680734 307.33094493485646 -371.348090084999 -119.92948892552609 -304.26026924524024 -216.57853961422381 96.206168423102341 723.44541648281768 -265.11875062801448 -63.022671985309387 -202.56575469463766 2.4741077406179088 -320.96707767474686 91.261358313851815 -70.321483931569432 -209.23479612230062 -149.39806334697164 -248.98868689903844 -281.09712750759269 -213.50501680768608
leaf_weight=37 42 34 33 59 42 37 43 33 30 31 30 30 45 32 31 51 30 77 35 39 41
leaf_count=37 42 34 33 59 42 37 43 33 30 31 30 30 45 32 31 51 30 77 35 39 41
internal_value=6.41312 -79.7191 336.022 -135.535 -175.369 16.6448 121.896 329.829 506.313 -248.367 -38.1197 -203.497 9.92298 -332.365 38.7624 -92.8299 -174.426 -164.48 -240.521 -299.493 -230.152
internal_weight=862 820 97 723 573 150 113 70 63 374 199 244 106 130 76 93 137 107 107 71 76
internal_count=862 820 97 723 573 150 113 70 63 374 199 244 106 130 76 93 137 107 107 71 76
is_linear=0
shrinkage=0.05


Tree=20
num_leaves=20
num_cat=0
split_feature=24 24 1 1 24 27 25 8 24 24 24 24 24 24 27 24 24 27 8
split_gain=3.8478e+10 5.99675e+09 1.49477e+09 1.37138e+09 2.26748e+09 1.49612e+09 6.80047e+08 5.25324e+08 3.89255e+08 3.45957e+08 7.66126e+07 5.00445e+07 4.72407e+07 4.67234e+07 8.63332e+06 7.92516e+06 7.47909e+06 6.20591e+06 4.20062e+06
threshold=37490.741666666676 17183.333333333339 0.65000000000000013 0.080128205128205107 8419.4444444444471 0.30901413279605805 23.666230000000002 8.3500000000000032 12009.258333333337 4895.8333333333339 6784.7222222222226 9750.0000000000018 14023.147222222224 2964.2857142857151 0.2093127076542077 10826.388888888891 7943.0555555555566 0.23448921811828119 10.250000000000002
decision_type=2 2 2 2 2 2 2 2 2 2 2 2 2 2 2 2 2 2 2
left_child=1 3 -3 5 9 6 -1 -7 11 13 14 17 -10 -5 -11 -13 18 -6 -12
right_child=-2 2 -4 4 8 7 -8 -9 12 10 16 15 -14 -15 -16 -17 -18 -19 -20
leaf_value=323.12577692467397 1421.9563168003394 48.465389189913267 481.24333059307321 -377.70964524541205 -138.04352349739312 26.740490055390879 4.8435297969171778 -235.05550514571442 -3.2651301068569119 -263.99197092289756 -215.40129316029439 -85.340717774071948 67.395259262915374 -301.69750258250332 -231.01087312096249 -55.058225045122953 -171.04477636502216 -107.63978709477522 -187.23955327248086
leaf_weight=38 45 32 53 36 48 31 30 50 51 53 31 48 44 57 49 41 45 30 44
leaf_count=38 45 32 53 36 48 31 30 50 51 53 31 48 44 57 49 41 45 30 44
internal_value=0.486647 -78.5521 318.564 -125.084 -159.999 10.1424 182.921 -134.952 -51.2872 -250.375 -216.258 -97.2331 29.4982 -331.496 -248.39 -71.4679 -188.762 -126.503 -199.151
internal_weight=856 811 85 726 577 149 68 81 262 315 222 167 95 93 102 89 120 78 75
internal_count=856 811 85 726 577 149 68 81 262 315 222 167 95 93 102 89 120 78 75
is_linear=0
shrinkage=0.05


Tree=21
num_leaves=19
num_cat=0
split_feature=25 0 3 27 0 26 3 27 7 7 1 0 2 11 0 1 3 27
split_gain=3.51087e+09 1.45134e+09 1.81958e+09 1.24939e+09 1.79407e+09 6.43541e+08 1.14847e+09 5.9725e+08 6.65454e+08 5.33101e+08 5.83257e+08 4.19268e+08 5.90034e+08 2.86098e+08 2.03444e+08 1.57879e+08 9.82964e+07 9.26706e+07
threshold=2.4432000000000005 3.0500000000000003 74.500000000000014 0.14153898451656996 137.75000000000003 4.4000000000000012 77.200000000000003 0.97109105924028427 12.250000000000002 26.150000000000002 0.29166666666666669 644.80000000000007 10.65 2.5000000000000004 351.65000000000003 0.65000000000000013 73.450000000000017 0.74409704927257569
decision_type=2 2 2 2 2 2 2 2 2 2 2 2 2 2 2 2 2 2
left_child=-1 2 -2 4 15 -6 11 8 14 10 -10 12 -7 -9 -5 -3 -17 -12
right_child=1 3 -4 7 5 6 -8 13 9 -11 17 -13 -14 -15 -16 16 -18 -19
leaf_value=375.72068231356127 -69.058180134076437 -194.83080989555322 401.72312725003712 86.674568946813039 -94.810744085837541 292.54466902117861 339.92735179271818 -86.006371479731456 -372.99659705247711 -17.211931865829509 -221.35495583751063 -79.236403119411619 40.873951490785487 132.00298186140597 -94.273345338815474 -21.774895416886224 -134.43991170743615 -134.73586988925291
leaf_weight=58 40 58 42 30 38 32 49 30 50 36 54 39 85 30 32 34 45 74
leaf_count=58 40 58 42 30 38 32 49 30 50 36 54 39 85 30 32 34 45 74
internal_value=0.46232 -26.8558 172.269 -49.6814 12.4273 93.9904 129.017 -119.906 -150.978 -192.75 -228.222 62.5939 109.898 23.0365 -6.71924 -132.206 -86.0401 -171.423
internal_weight=856 798 82 716 380 243 205 336 276 214 178 156 117 60 62 137 79 128
internal_count=856 798 82 716 380 243 205 336 276 214 178 156 117 60 62 137 79 128
is_linear=0
shrinkage=0.05


Tree=22
num_leaves=21
num_cat=0
split_feature=24 24 24 24 24 27 26 26 0 24 24 24 24 24 24 6 27 5 21 27
split_gain=3.42184e+10 5.64991e+09 3.20687e+09 1.62292e+09 1.29913e+09 1.26978e+09 7.06245e+08 5.95864e+08 4.41025e+08 4.38038e+08 2.71815e+08 1.24884e+08 6.47875e+07 4.17089e+07 3.23526e+07 1.6469e+07 1.09373e+07 9.2936e+06 9.004e+06 8.59339e+06
threshold=28900.000000000004 46369.047619047633 13534.722222222224 1.0000000180025095e-35 8384.258333333335 0.30901413279605805 8.3500000000000032 5.950000000000002 6.1000000000000005 18410.000000000004 4895.8333333333339 11236.111111111113 6784.7222222222226 2828.5714285714289 9298.6111111111113 2.9500000000000006 0.2093127076542077 18.650000000000002 0.86403153854134251 0.37371625404731906
decision_type=2 2 2 2 2 2 2 2 2 2 2 2 2 2 2 2 2 2 2 2
left_child=2 -2 3 5 10 7 -7 -1 -4 -10 13 14 16 -5 -6 -13 -12 -16 -14 -15
right_child=1 -3 8 4 11 6 -8 -9 9 -11 12 15 18 19 17 -17 -18 -19 -20 -21
leaf_value=335.40218847342243 666.47718403980457 1617.2412812597331 19.125593972496162 -357.17308140454634 -133.86755435341283 -237.90043087588307 63.820636841961154 38.365919712611607 118.43057843335902 359.63032237626271 -253.04681348207984 -45.45933511236197 -165.0829863577178 -305.48600222565409 -72.360219235929634 4.0777270706038458 -217.12924101726585 -105.0024848722062 -195.00637830808481 -261.55690533309888
leaf_weight=31 33 30 41 32 55 49 32 37 44 33 53 34 56 30 57 33 49 37 59 31
leaf_count=31 33 30 41 32 55 49 32 37 44 33 53 34 56 30 57 33 49 37 59 31
internal_value=0.440071 1121.07 -88.7185 -130.759 -172.016 14.9036 -118.77 174.073 151.673 222.134 -237.597 -77.8282 -206.743 -309.289 -103.31 -21.0907 -236.022 -85.3068 -180.591 -283.626
internal_weight=856 63 793 675 526 149 81 68 118 77 310 216 217 93 149 67 102 94 115 61
internal_count=856 63 793 675 526 149 81 68 118 77 310 216 217 93 149 67 102 94 115 61
is_linear=0
shrinkage=0.05


Tree=23
num_leaves=22
num_cat=0
split_feature=24 24 24 24 27 0 26 26 24 24 24 9 24 24 24 27 27 21 27 7 27
split_gain=3.09457e+10 4.73531e+09 1.19016e+09 1.78592e+09 1.14629e+09 6.85095e+08 6.37538e+08 5.37953e+08 3.08263e+08 2.52557e+08 6.18174e+07 5.45533e+07 3.99016e+07 3.76519e+07 3.55143e+07 9.87167e+06 7.93122e+06 9.784e+06 7.75892e+06 7.7589e+06 7.45702e+06
threshold=37490.741666666676 17183.333333333339 1.0000000180025095e-35 8419.4444444444471 0.30901413279605805 169.00000000000003 8.3500000000000032 5.950000000000002 12009.258333333337 4895.8333333333339 6784.7222222222226 0.75000000000000011 9750.0000000000018 2828.5714285714289 13935.186111111112 0.2093127076542077 0.59125596962661842 0.86403153854134251 0.37371625404731906 25.250000000000004 0.23448921811828119
decision_type=2 2 2 2 2 2 2 2 2 2 2 2 2 2 2 2 2 2 2 2 2
left_child=1 2 4 9 7 -3 -6 -1 12 13 15 14 20 -4 -10 -11 17 -12 -15 -14 -5
right_child=-2 5 3 8 6 -7 -8 -9 11 10 16 -13 19 18 -16 -17 -18 -19 -20 -21 -22
leaf_value=318.68599910429435 1275.1916090870116 154.27915508569933 -339.37006371994255 -127.37113648729859 -226.02963409734599 440.10434493417819 60.639547815055494 36.452801447865781 10.667072157368708 -240.41830111573645 -159.98436378425899 -30.335814445961713 -55.014612541908747 -290.2624440342089 85.294550437591639 -206.2948876033247 -146.73583595047756 -195.03159272989649 -248.52111204092139 -86.547294981693511 -94.535404202787589
leaf_weight=31 45 47 32 48 49 38 32 37 30 53 43 31 59 30 34 49 30 47 31 30 30
leaf_count=31 45 47 32 48 49 38 32 37 30 53 43 31 59 30 34 49 30 47 31 30 30
internal_value=0.423168 -70.4585 -111.807 -144.334 14.1651 282.427 -112.842 165.397 -47.8532 -224.542 -195.378 24.0397 -88.7404 -293.874 50.3842 -224.244 -170.675 -178.483 -269.491 -65.7289 -114.879
internal_weight=856 811 726 577 149 85 81 68 262 315 222 95 167 93 64 102 120 90 61 89 78
internal_count=856 811 726 577 149 85 81 68 262 315 222 95 167 93 64 102 120 90 61 89 78
is_linear=0
shrinkage=0.05


Tree=24
num_leaves=20
num_cat=0
split_feature=24 24 24 1 27 24 1 6 24 4 24 24 24 24 24 27 11 5 27
split_gain=2.80388e+10 4.82116e+09 2.59225e+09 1.40279e+09 1.03481e+09 9.24333e+08 6.01997e+08 5.76457e+08 5.13325e+08 4.16514e+08 1.71966e+08 1.29086e+08 3.15404e+07 2.49863e+07 2.21283e+07 1.6133e+07 1.01084e+07 7.7887e+06 7.40224e+06
threshold=28900.000000000004 46369.047619047633 12886.904761904765 0.080128205128205107 0.30901413279605805 7350.0000000000009 0.65000000000000013 3.4500000000000006 17183.333333333339 1003.0500000000001 9298.6111111111113 4402.7777777777783 11236.111111111113 2828.5714285714289 6447.2222222222235 0.50491897058791513 2.5000000000000004 18.650000000000002 0.2093127076542077
decision_type=2 2 2 2 2 2 2 2 2 2 2 2 2 2 2 2 2 2 2
left_child=2 -2 3 4 9 11 -4 -6 -8 -1 15 13 17 -5 18 16 -7 -12 -13
right_child=1 -3 6 5 7 10 8 -9 -10 -11 12 14 -14 -15 -16 -17 -18 -19 -20
leaf_value=46.964663696289065 594.98390311618584 1473.1001204278382 -41.735278895765617 -322.45442305235105 -220.47904923554438 -168.84903539540815 87.996025007909097 49.553864988623481 323.46286426268313 296.10560482189902 -65.218902847102967 -237.47945549182157 -27.516384103778911 -260.76339822712941 -182.0407612395569 -109.67825215359238 -134.58033357113896 -95.089820911170975 -207.17431532362312
leaf_weight=38 33 30 41 32 47 44 55 34 40 30 57 49 49 44 59 34 50 37 53
leaf_count=38 33 30 41 32 47 44 55 34 40 30 57 49 49 44 59 34 50 37 53
internal_value=0.401627 1014.81 -80.3057 -121.434 13.4632 -160.996 118.326 -107.21 187.376 157.153 -97.8667 -233.11 -60.1181 -287.128 -207.448 -139.959 -150.783 -77.0652 -221.951
internal_weight=856 63 793 657 149 508 136 81 95 68 271 237 143 76 161 128 94 94 102
internal_count=856 63 793 657 149 508 136 81 95 68 271 237 143 76 161 128 94 94 102
is_linear=0
shrinkage=0.05


Tree=25
num_leaves=24
num_cat=0
split_feature=24 24 1 8 8 1 24 24 24 24 0 0 0 2 24 24 24 0 20 24 14 24 0
split_gain=2.93919e+10 4.1132e+09 1.27937e+09 2.14249e+09 1.79697e+09 1.22685e+09 1.22605e+09 6.27211e+08 2.20757e+08 1.75582e+08 1.10825e+08 8.14133e+07 7.71455e+07 2.75545e+07 2.74698e+07 2.09458e+07 1.31412e+07 1.03415e+07 7.95139e+06 5.97739e+06 5.81774e+06 3.80756e+06 3.05889e+06
threshold=41923.611111111117 16726.852777777782 0.080128205128205107 7.2500000000000009 19.050000000000004 0.65000000000000013 8570.4365079365107 21708.333333333336 6509.2583333333341 11680.555555555557 32.600000000000009 322.75000000000006 104.85000000000001 19.150000000000002 13097.222222222224 9750.0000000000018 5761.9444444444453 233.70000000000002 10.155050000000003 7350.0000000000009 209.50000000000003 4402.7777777777783 13.550000000000002
decision_type=2 2 2 2 2 2 2 2 2 2 2 2 2 2 2 2 2 2 2 2 2 2 2
left_child=1 2 3 -1 11 -3 8 -7 12 15 -11 -5 22 17 -12 20 21 -10 -17 -19 -8 -14 -4
right_child=-2 5 6 4 -6 7 9 -9 13 10 14 -13 16 -15 -16 18 -18 19 -20 -21 -22 -23 -24
leaf_value=397.96631326460761 1308.7815184098961 5.5678766118075558 -293.9981406958081 -188.3911404329827 164.23707331760673 222.23756850740043 -89.874615497529703 546.53925408144721 -112.64896528174313 -83.29469229359168 3.4036036640901184 -302.05422878328744 -241.54704589843752 -193.57008575743615 64.321012016365543 -49.209137709192774 -189.4060743281409 -165.02880265132421 -85.081624614310797 -135.0179431747118 -119.36991333601827 -213.50516309202831 -262.96279422477892
leaf_weight=31 41 33 33 35 47 30 32 30 30 30 42 30 30 30 33 32 49 34 31 43 41 48 31
leaf_count=31 41 33 33 35 47 30 32 30 30 30 42 30 30 30 33 32 49 34 31 43 41 48 31
internal_value=4.56009 -62.0204 -102.875 30.8033 -71.0865 250.532 -136.47 385.028 -199.371 -50.8154 -2.23447 -241.235 -234.168 -150.722 30.2573 -88.2935 -211.172 -138.539 -66.9676 -148.466 -106.581 -224.586 -279.399
internal_weight=846 805 712 143 112 93 569 60 328 241 105 65 191 137 75 136 127 107 63 77 73 78 64
internal_count=846 805 712 143 112 93 569 60 328 241 105 65 191 137 75 136 127 107 63 77 73 78 64
is_linear=0
shrinkage=0.05


Tree=26
num_leaves=17
num_cat=0
split_feature=24 24 3 26 24 0 0 1 6 1 1 9 24 24 24 24
split_gain=2.6533e+10 3.72627e+09 1.03554e+09 1.63934e+09 1.0774e+09 5.77729e+08 5.46012e+08 4.18253e+08 3.38359e+08 9.64119e+08 6.35367e+08 2.86718e+08 1.83422e+08 1.68925e+08 1.43369e+08 2.41568e+07
threshold=41923.611111111117 20194.444444444449 42.850000000000001 9.8500000000000032 10546.297222222223 5.1500000000000012 231.70000000000002 0.65000000000000013 2.6500000000000008 0.18333333333333332 0.65000000000000013 0.25000000000000006 14611.111111111111 6363.8888888888896 7190.2777777777783 12361.111111111111
decision_type=2 2 2 2 2 2 2 2 2 2 2 2 2 2 2 2
left_child=1 2 3 -1 5 -4 -3 -6 9 -7 11 -10 15 -12 -11 -9
right_child=-2 6 4 -5 7 8 -8 12 10 14 13 -13 -14 -15 -16 -17
leaf_value=272.65492699347971 1243.5016482165261 159.12879868821051 25.023195616749003 -197.15172649027832 -147.75583534355971 116.38841538717114 456.62615202431374 -13.982178449508783 -218.77742208126838 -212.34235164627685 -207.81305935939454 -416.82875498373681 155.42180995762905 -115.40531724919627 -113.83355900030767 40.008635036961564
leaf_weight=46 41 30 46 31 33 38 32 39 36 78 80 38 32 131 71 44
leaf_count=46 41 30 46 31 33 38 32 39 36 78 80 38 32 131 71 44
internal_value=4.33201 -58.9276 -90.0149 83.5015 -110.086 -144.073 313.164 8.88585 -160.554 -108.194 -194.86 -320.905 53.9246 -150.523 -165.51 14.6531
internal_weight=846 805 743 77 666 518 62 148 472 187 285 74 115 211 149 83
internal_count=846 805 743 77 666 518 62 148 472 187 285 74 115 211 149 83
is_linear=0
shrinkage=0.05


Tree=27
num_leaves=21
num_cat=0
split_feature=24 24 1 20 8 24 1 24 0 1 24 24 0 24 24 24 20 25 27 28
split_gain=2.3952e+10 3.37181e+09 1.15131e+09 1.88536e+09 1.60133e+09 1.02755e+09 1.02665e+09 5.33761e+08 2.09511e+08 1.78227e+08 1.54421e+08 1.48513e+08 8.74138e+07 3.64194e+07 2.28773e+07 2.0276e+07 1.12232e+07 9.50474e+06 1.28944e+07 8.50506e+06
threshold=41923.611111111117 16726.852777777782 0.080128205128205107 5.6352000000000011 19.050000000000004 8384.258333333335 0.65000000000000013 21708.333333333336 322.75000000000006 0.65000000000000013 11680.555555555557 6337.9638888888894 32.600000000000009 3894.4444444444448 13097.222222222224 9298.6111111111113 11.277800000000001 6.2332850000000004 -0.74409704927257525 -0.27608674622158907
decision_type=2 2 2 2 2 2 2 2 2 2 2 2 2 2 2 2 2 2 2 2
left_child=1 2 3 -1 8 9 -3 -8 -5 -4 15 13 -12 -11 -14 -7 -17 -13 -19 -15
right_child=-2 6 5 4 -6 10 7 -9 -10 11 12 17 14 19 -16 16 -18 18 -20 -21
leaf_value=385.49243991382889 1181.4778430205483 2.920785129466446 -298.40378834028337 -131.45771370381553 163.06025576581368 -105.98397912010151 199.89032428272537 499.01852483907805 -310.246811207804 -246.10319766228099 -74.717299918241281 -158.56283810728999 1.6275612644231803 -177.48064058599755 57.216185149685501 -51.485385573457577 -87.517291776847344 -153.40165191356007 -114.02972685974372 -207.84332007948075
leaf_weight=30 41 33 31 34 47 56 30 30 32 42 30 31 42 65 33 50 39 31 73 46
leaf_count=30 41 33 31 34 47 56 30 30 32 42 30 31 42 65 33 50 39 31 73 46
internal_value=4.12029 -55.9838 -92.9735 33.8353 -59.7833 -124.843 227.002 350.036 -218.482 -184.314 -48.9151 -171.934 -2.72697 -205.725 26.1302 -82.3367 -67.3552 -133.514 -125.902 -190.239
internal_weight=846 805 712 143 113 569 93 60 66 319 250 288 105 153 75 145 89 135 104 111
internal_count=846 805 712 143 113 569 93 60 66 319 250 288 105 153 75 145 89 135 104 111
is_linear=0
shrinkage=0.05


Tree=28
num_leaves=21
num_cat=0
split_feature=24 24 24 8 8 24 0 24 24 0 0 24 7 2 24 24 28 24 23 0
split_gain=2.16222e+10 3.05425e+09 9.12481e+08 1.72067e+09 1.48743e+09 1.23944e+09 4.38518e+08 2.45087e+08 1.69801e+08 6.80194e+07 5.96449e+07 4.4391e+07 3.57858e+07 3.13222e+07 2.62324e+07 1.52331e+07 1.32566e+07 1.11196e+07 1.35941e+07 4.3505e+06
threshold=41923.611111111117 20194.444444444449 1.0000000180025095e-35 7.2500000000000009 19.050000000000004 9298.6111111111113 231.70000000000002 6509.2583333333341 12886.904761904765 104.85000000000001 196.55000000000004 16027.777777777779 25.250000000000004 20.850000000000005 11326.719444444447 7350.0000000000009 0.85195127662188896 4402.7777777777783 -0.68301270189221952 13.550000000000002
decision_type=2 2 2 2 2 2 2 2 2 2 2 2 2 2 2 2 2 2 2 2
left_child=1 2 3 -1 10 7 -3 9 12 19 -5 -10 14 15 -7 -9 -17 -11 -19 -4
right_child=-2 6 5 4 -6 8 -8 13 11 17 -12 -13 -14 -15 -16 16 -18 18 -20 -21
leaf_value=361.18510899191119 1122.5476984251445 145.62405670267401 -261.49535815650961 -161.21511175212669 154.92455365592002 -53.634938236935824 412.25429733133763 -136.76687656876513 4.7521520849776593 -210.1492045557776 -258.60274678200398 74.131374053773854 -87.603267781801691 -169.76093255229964 3.8487060574473291 -90.690695598154434 -130.19801351173132 -145.38962273048091 -186.86830439648139 -229.00365794877914
leaf_weight=31 41 30 33 30 47 55 32 49 51 30 35 42 46 30 31 74 31 32 65 31
leaf_count=31 41 30 33 30 47 55 32 49 51 30 35 42 46 30 31 74 31 32 65 31
internal_value=3.91648 -53.1896 -81.3344 32.1472 -59.1667 -108.382 283.682 -164.035 -15.5945 -203.742 -213.971 36.1307 -52.0371 -122.729 -32.9336 -113.463 -102.468 -182.2 -173.348 -246.139
internal_weight=846 805 743 143 112 600 62 375 225 191 65 93 132 184 86 154 105 127 97 64
internal_count=846 805 743 143 112 600 62 375 225 191 65 93 132 184 86 154 105 127 97 64
is_linear=0
shrinkage=0.05


Tree=29
num_leaves=18
num_cat=0
split_feature=24 24 24 1 26 26 24 1 24 24 0 24 24 2 21 23 8
split_gain=1.97673e+10 3.80465e+09 9.11226e+08 1.19221e+09 1.60395e+09 1.71932e+09 4.58442e+08 3.16368e+08 2.099e+08 8.60719e+07 6.46316e+07 2.68715e+07 2.16443e+07 1.96908e+07 1.76942e+07 1.36357e+07 1.36234e+07
threshold=46369.047619047633 26055.555555555558 12122.686111111112 0.080128205128205107 8.0500000000000025 5.8500000000000005 6784.7222222222226 0.65000000000000013 16983.333333333336 9298.6111111111113 47.150000000000006 13777.777777777779 4402.7777777777783 19.150000000000002 0.7325359015272398 -0.68301270189221952 1.2500000000000002
decision_type=2 2 2 2 2 2 2 2 2 2 2 2 2 2 2 2 2
left_child=1 2 3 4 5 -1 10 -4 11 13 -5 -9 -12 16 -11 -14 -8
right_child=-2 -3 7 6 -6 -7 9 8 -10 14 12 -13 15 -15 -16 -17 -18
leaf_value=161.0104587378583 1220.7309898875585 412.91520465045409 -77.679568880989677 -238.65793377369243 273.38297339830382 -264.70142345326474 -134.63079555302951 16.724597592043633 196.42708615612753 -37.688711368412335 -205.96706335966724 76.938310911945109 -136.60254511795642 -149.27174730152353 -78.915567489591623 -174.54921355686611 -96.351725979559092
leaf_weight=41 32 43 40 52 46 56 31 44 31 59 40 32 38 32 47 77 105
leaf_count=41 32 43 40 52 46 56 31 44 31 59 40 32 38 32 47 77 105
internal_value=3.72159 -44.2656 -69.8136 -96.1937 30.5432 -84.7808 -133.871 42.1564 86.9857 -91.3884 -190.032 42.1456 -173.576 -113.654 -56.0257 -162.14 -105.17
internal_weight=846 814 771 624 143 97 481 147 107 274 207 76 155 168 106 115 136
internal_count=846 814 771 624 143 97 481 147 107 274 207 76 155 168 106 115 136
is_linear=0
shrinkage=0.05


Tree=30
num_leaves=19
num_cat=0
split_feature=14 0 20 20 28 20 7 1 4 9 11 28 1 21 21 8 7 11
split_gain=1.37919e+09 3.27056e+09 1.11671e+09 1.35689e+09 3.62841e+08 3.29693e+08 3.25441e+08 8.24979e+08 4.08977e+08 2.85512e+08 2.28333e+08 1.59789e+08 1.41127e+08 8.99033e+07 6.12877e+07 5.75908e+07 5.44361e+07 2.45024e+07
threshold=44.000000000000007 301.80000000000001 20.861800000000006 21.704000000000004 -0.43663505800854857 22.817499999999999 14.550000000000002 0.18333333333333332 1022.35 4.8500000000000005 1.0000000180025095e-35 0.67751439310362949 0.22500000000000003 1.0908837250831493 0.52665022578066079 17.150000000000002 27.750000000000004 2.5000000000000004
decision_type=2 2 2 2 2 2 2 2 2 2 2 2 2 2 2 2 2 2
left_child=1 -1 4 -4 9 -5 8 -8 11 12 -9 -6 -2 15 -14 -12 17 -16
right_child=2 -3 3 5 6 -7 7 10 -10 -11 13 -13 14 -15 16 -17 -18 -19
leaf_value=506.64942330982188 -182.93089716566226 -66.220281125244554 379.61736499226328 101.4418866714521 -194.45450562193483 -124.09219254908767 247.43849230008391 97.728741302912908 51.495492349568408 43.115861014513094 -76.297257074220212 -67.90077756778922 -144.96686561264079 27.20001019041252 -120.02567021133176 -1.6830872208491798 -19.549604245264646 -63.780274349434563
leaf_weight=43 56 59 36 35 50 30 34 36 44 33 108 50 38 39 43 34 35 36
leaf_count=43 56 59 36 35 50 30 34 36 44 33 108 50 38 39 43 34 35 36
internal_value=3.31699 175.543 -20.5395 133.824 -45.0704 -2.68141 -15.5631 18.8134 -75.4549 -93.4065 -17.1055 -131.309 -115.077 -39.9868 -89.9738 -58.4457 -71.5318 -94.508
internal_weight=839 102 737 101 636 65 395 251 144 241 217 100 208 181 152 142 114 79
internal_count=839 102 737 101 636 65 395 251 144 241 217 100 208 181 152 142 114 79
is_linear=0
shrinkage=0.05


Tree=31
num_leaves=21
num_cat=0
split_feature=14 0 20 20 28 25 1 14 28 0 14 30 1 6 14 9 21 0 14 26
split_gain=1.24502e+09 2.95238e+09 1.00807e+09 1.22496e+09 3.27563e+08 4.84508e+08 9.64077e+08 3.23873e+08 2.65329e+08 2.44574e+08 2.0627e+08 2.06033e+08 1.76809e+08 1.71849e+08 1.08656e+08 6.03446e+07 5.32144e+07 4.42026e+07 3.81096e+07 1.78894e+07
threshold=44.000000000000007 301.80000000000001 20.861800000000006 21.704000000000004 -0.43663505800854857 12.361925000000001 0.22500000000000003 211.50000000000003 -0.98798606843101155 261.70000000000005 347.00000000000006 1.0000000180025095e-35 0.22500000000000003 3.7500000000000004 288.00000000000006 1.2500000000000002 0.52665022578066079 470.05000000000001 166.00000000000003 8.3500000000000032
decision_type=2 2 2 2 2 2 2 2 2 2 2 2 2 2 2 2 2 2 2 2
left_child=1 -1 4 -4 8 9 -7 -5 -2 13 17 14 -10 -6 19 16 -14 -11 -18 -8
right_child=2 -3 3 7 5 6 11 -9 12 10 -12 -13 15 -15 -16 -17 18 -19 -20 -21
leaf_value=481.37571292177984 45.213557077568275 -62.914867709655248 360.68907729595321 -119.23449406271196 -72.131269804358269 295.72480008287829 -96.21837870059818 103.87809271043346 -185.25491534826378 -107.057015164099 91.033923045461961 74.399207269988253 -156.43108481727168 -208.44721282202264 26.162719218107572 -25.66682262292127 -108.50708017963878 -26.260425945926574 -41.345574925139829 -46.933974840157852
leaf_weight=43 32 59 36 31 57 31 49 34 56 32 31 53 30 39 37 37 48 36 38 30
leaf_count=43 32 59 36 31 57 31 49 34 56 32 31 53 30 39 37 37 48 36 38 30
internal_value=3.15348 166.788 -19.5129 127.151 -42.8201 -14.7839 39.8863 -2.54908 -88.7463 -70.8476 -15.6748 -7.1898 -109.269 -127.669 -44.4996 -81.3539 -99.0787 -64.3838 -78.9136 -77.5858
internal_weight=839 102 737 101 636 395 200 65 241 195 99 169 209 96 116 153 116 68 86 79
internal_count=839 102 737 101 636 395 200 65 241 195 99 169 209 96 116 153 116 68 86 79
is_linear=0
shrinkage=0.05


Tree=32
num_leaves=21
num_cat=0
split_feature=14 21 2 9 28 25 1 4 25 1 25 14 26 9 28 25 4 3 14 28
split_gain=1.1239e+09 2.05684e+09 9.90627e+08 9.62088e+08 3.86724e+08 4.85692e+08 8.12573e+08 3.50113e+08 2.27971e+08 2.26767e+08 1.54823e+08 1.40076e+08 1.19644e+08 1.1635e+08 9.98597e+07 1.07164e+08 6.16641e+07 4.0239e+07 3.54192e+07 2.62904e+07
threshold=44.000000000000007 0.56220488721804529 22.050000000000004 0.25000000000000006 -0.55599684127981919 12.361925000000001 0.18333333333333332 1023.2500000000001 27.299700000000005 0.22500000000000003 14.518510000000003 157.50000000000003 8.2500000000000036 1.2500000000000002 0.67751439310362949 9.6560199999999998 1006.7500000000001 47.550000000000004 288.00000000000006 -0.90878397393106225
decision_type=2 2 2 2 2 2 2 2 2 2 2 2 2 2 2 2 2 2 2 2
left_child=1 -1 4 -4 8 7 -7 14 9 11 -8 -2 16 19 15 -6 -12 -16 -14 -11
right_child=2 -3 3 -5 5 6 10 -9 -10 13 12 -13 18 -15 17 -17 -18 -19 -20 -21
leaf_value=-66.048708949676936 -113.97243759065778 382.67621815825169 -40.333538930897085 270.62966138941965 -194.91420395912297 265.84025301667606 83.663536345750614 62.416947977850327 37.427062491483468 -79.420269819933495 65.136311293906829 -259.07401495527284 -113.57253988905615 -8.6917759305742965 -98.032100865254151 -82.356339313480532 -33.071109946621611 -21.45321854542529 -38.370035783634634 -131.60594552212592
leaf_weight=51 34 51 46 54 42 34 40 41 30 50 34 33 33 46 32 43 30 37 30 48
leaf_count=51 34 51 46 54 42 34 40 41 30 50 34 33 33 46 32 43 30 37 30 48
internal_value=2.99713 158.469 -18.5385 127.689 -41.5107 -11.1116 43.4191 -67.3135 -91.4358 -109.767 -1.99625 -185.72 -29.0203 -74.3227 -101.87 -138.137 19.1217 -57.0586 -77.8795 -105.089
internal_weight=839 102 737 100 637 396 201 195 241 211 167 67 127 144 154 85 64 69 63 98
internal_count=839 102 737 100 637 396 201 195 241 211 167 67 127 144 154 85 64 69 63 98
is_linear=0
shrinkage=0.05


Tree=33
num_leaves=19
num_cat=0
split_feature=24 24 1 24 1 26 0 24 24 24 20 0 24 5 24 0 0 21
split_gain=1.96757e+10 3.06995e+09 1.40307e+09 7.18833e+08 5.69884e+08 1.31584e+09 1.60358e+09 8.16409e+08 1.72098e+08 1.418e+08 6.04693e+07 4.05416e+07 3.17388e+07 3.12542e+07 2.88309e+07 1.76726e+07 1.6362e+07 1.20607e+07
threshold=46369.047619047633 17183.333333333339 0.45000000000000007 24097.222222222226 0.080128205128205107 8.0500000000000025 43.300000000000004 8601.8527777777799 13011.111111111113 4402.7777777777783 20.616700000000002 48.600000000000009 11597.222222222224 4.0500000000000007 6303.7027777777785 117.45000000000002 127.65000000000002 0.82371495327102828
decision_type=2 2 2 2 2 2 2 2 2 2 2 2 2 2 2 2 2 2
left_child=1 4 -3 -4 5 6 -1 9 10 16 12 -11 17 -13 -15 -10 -6 -9
right_child=-2 2 3 -5 7 -7 -8 8 15 11 -12 13 -14 14 -16 -17 -18 -19
leaf_value=197.77056631043899 1216.8327717148256 -41.454363905670299 196.18896220063212 530.34768804505813 -239.37160070423843 234.50139866004994 -250.63865962924089 -46.695032570331485 6.4683661578105536 -189.63517869518648 -124.14223240794092 -178.14134967588507 -7.229570576958257 -146.21236844588503 -105.85393572701544 59.107838891328612 -188.36065142558658 -79.011882810916248
leaf_weight=30 32 35 35 30 42 44 59 70 30 34 31 30 37 77 109 34 30 50
leaf_count=30 32 35 35 30 42 44 59 70 30 34 31 30 37 77 109 34 30 50
internal_value=2.8466 -45.4364 213.733 350.994 -82.1191 11.1319 -99.4371 -103.724 -36.2975 -156.465 -60.398 -138.546 -47.7406 -130.42 -122.631 34.4817 -218.408 -60.215
internal_weight=839 807 100 65 707 133 89 574 252 322 188 250 157 216 186 64 72 120
internal_count=839 807 100 65 707 133 89 574 252 322 188 250 157 216 186 64 72 120
is_linear=0
shrinkage=0.05


Tree=34
num_leaves=19
num_cat=0
split_feature=24 24 1 24 1 26 0 24 24 24 20 0 24 5 24 6 0 21
split_gain=1.7763e+10 2.77145e+09 1.26669e+09 6.48993e+08 5.14487e+08 1.18777e+09 1.4476e+09 7.3697e+08 1.5536e+08 1.28033e+08 5.45972e+07 3.66123e+07 2.86491e+07 2.82317e+07 2.60262e+07 2.48079e+07 1.47642e+07 1.0888e+07
threshold=46369.047619047633 17183.333333333339 0.45000000000000007 24097.222222222226 0.080128205128205107 8.0500000000000025 43.300000000000004 8601.8527777777799 13011.111111111113 4402.7777777777783 20.616700000000002 48.600000000000009 11597.222222222224 4.0500000000000007 6303.7027777777785 2.6500000000000008 127.65000000000002 0.82371495327102828
decision_type=2 2 2 2 2 2 2 2 2 2 2 2 2 2 2 2 2 2
left_child=1 4 -3 -4 5 6 -1 9 10 16 12 -11 17 -13 -15 -10 -6 -9
right_child=-2 2 3 -5 7 -7 -8 8 15 11 -12 13 -14 14 -16 -17 -18 -19
leaf_value=187.91489843577642 1156.1806717727043 -39.387552134195971 186.40746236513144 503.9184004165802 -227.4314493718453 222.80291800639526 -238.12793090613764 -44.363612253145561 0.61890741084549594 -180.18122640928564 -117.9550782697377 -169.26387095910763 -6.869066184935865 -138.91123262200065 -100.56608897907597 62.865295719019961 -178.97390590933867 -75.069174157787927
leaf_weight=30 32 35 35 30 42 44 59 70 31 34 31 30 37 77 109 33 30 50
leaf_count=30 32 35 35 30 42 44 59 70 31 34 31 30 37 77 109 33 30 50
internal_value=2.7093 -43.1669 203.08 333.5 -78.0206 10.5822 -94.4682 -98.5488 -34.4864 -148.658 -57.385 -131.631 -45.3578 -123.909 -116.506 32.7628 -207.517 -57.2095
internal_weight=839 807 100 65 707 133 89 574 252 322 188 250 157 216 186 64 72 120
internal_count=839 807 100 65 707 133 89 574 252 322 188 250 157 216 186 64 72 120
is_linear=0
shrinkage=0.05


Tree=35
num_leaves=16
num_cat=0
split_feature=25 0 22 0 27 29 6 21 2 7 20 14 20 23 14
split_gain=1.45944e+09 9.47769e+08 7.25789e+08 4.92914e+08 5.70738e+08 5.55237e+08 4.75373e+08 4.37045e+08 4.33094e+08 3.57305e+08 3.10984e+08 3.04018e+08 2.53143e+08 2.27225e+08 1.21987e+08
threshold=2.4432000000000005 462.55000000000007 -0.93301270189221908 3.0500000000000003 0.96900085243778578 1.0000000180025095e-35 3.3500000000000001 0.71806006307994708 10.200000000000001 26.450000000000003 21.406450000000003 56.000000000000007 21.235900000000004 -0.5 309.00000000000006
decision_type=2 2 2 2 2 2 2 2 2 2 2 2 2 2 2
left_child=1 -1 9 5 7 -4 -6 11 -9 -2 13 -5 14 -10 -13
right_child=2 -3 3 4 6 -7 -8 8 10 -11 -12 12 -14 -15 -16
leaf_value=424.36826135375571 11.901647235501196 27.157891217101849 -73.317162175639027 -248.87844369405371 -39.488918374362342 207.36225623596658 228.00850954467671 140.83908638166861 -126.71602694881172 240.99704678443169 86.243186981114235 -99.27863793105638 -231.0214213809783 -29.974183514690328 -8.0482252069421705
leaf_weight=30 34 30 32 39 37 39 30 32 109 34 35 155 31 137 48
leaf_count=30 34 30 32 39 37 39 30 32 109 34 35 155 31 137 48
internal_value=-11.4072 226.139 -29.4294 -44.1028 -57.7082 80.9336 80.4473 -73.5152 -33.1718 126.635 -53.0311 -119.741 -98.1205 -72.8736 -77.7215
internal_weight=852 60 792 724 653 71 67 586 313 68 281 273 234 246 203
internal_count=852 60 792 724 653 71 67 586 313 68 281 273 234 246 203
is_linear=0
shrinkage=0.05


Tree=36
num_leaves=23
num_cat=0
split_feature=24 24 24 1 1 28 29 28 24 24 1 24 24 24 20 14 27 27 27 14 7 23
split_gain=1.17666e+10 1.90387e+09 1.1235e+09 3.10228e+08 2.38371e+08 1.05172e+09 1.36985e+09 3.5691e+08 2.92731e+08 1.96354e+08 1.02392e+08 7.06333e+07 4.46418e+07 4.25262e+07 2.55782e+07 1.87452e+07 1.47274e+07 1.24503e+07 1.28477e+07 1.1414e+07 6.09278e+06 7.94643e+06
threshold=27815.277777777781 46369.047619047633 12122.686111111112 0.65000000000000013 0.13392857142857142 -0.58427653070765284 1.0000000180025095e-35 -0.83352489619613901 8069.4444444444453 16983.333333333336 0.65000000000000013 5711.3095238095248 9546.2972222222234 14023.147222222224 5.1088000000000005 211.50000000000003 -0.15855791680139872 0.30081702196488996 -0.52703378127707579 131.00000000000003 25.250000000000004 0.6830127018922193
decision_type=2 2 2 2 2 2 2 2 2 2 2 2 2 2 2 2 2 2 2 2 2 2
left_child=2 -2 4 -4 5 7 -7 -1 10 13 -6 16 17 -5 -13 -16 -12 18 -10 -18 21 -14
right_child=1 -3 3 9 8 6 -8 -9 12 -11 11 14 20 -15 15 -17 19 -19 -20 -21 -22 -23
leaf_value=-76.542545151451918 375.72459530817179 911.65771794457146 -65.834815928271368 18.320578021959925 -225.87429385367028 -99.110101458849499 341.71798533576299 -294.02240965656028 -76.827608676432035 188.2842132178109 -188.73100593947362 -145.46237424390799 -12.86638395398162 94.059738287524638 -79.969437111812724 -125.20913523835156 -171.61349253121458 -63.336924665344775 -121.36319072015397 -130.65523836084816 -58.246471682199903 -48.205807633274112
leaf_weight=46 36 31 39 44 34 39 32 32 31 39 38 36 30 32 66 36 33 34 36 41 33 34
leaf_count=46 36 31 39 44 34 39 32 32 31 39 38 36 30 32 66 36 33 34 36 41 33 34
internal_value=-10.8338 624.683 -65.1481 55.9055 -94.6962 -39.3883 99.7741 -166.027 -111.782 97.2127 -144.317 -133.14 -65.0652 50.2925 -109.031 -96.0434 -162.721 -88.3318 -100.902 -149.127 -40.7731 -31.6864
internal_weight=852 67 785 154 631 149 71 78 482 115 284 250 198 76 138 102 112 101 67 74 97 64
internal_count=852 67 785 154 631 149 71 78 482 115 284 250 198 76 138 102 112 101 67 74 97 64
is_linear=0
shrinkage=0.05


Tree=37
num_leaves=19
num_cat=0
split_feature=24 24 24 3 24 0 24 27 1 3 24 9 24 24 0 14 24 27
split_gain=1.06227e+10 1.71888e+09 1.01425e+09 6.37151e+08 8.58989e+08 4.18788e+08 3.9013e+08 3.46646e+08 2.80059e+08 2.59374e+08 1.77254e+08 1.6682e+08 9.27205e+07 3.83933e+07 2.31687e+07 1.20286e+07 1.18485e+07 7.67356e+06
threshold=27815.277777777781 46369.047619047633 12122.686111111112 42.850000000000001 6078.7027777777785 3.0500000000000003 6337.9638888888894 -0.80900950266415272 0.65000000000000013 53.20000000000001 16983.333333333336 4.4500000000000011 8972.2222222222244 14023.147222222224 97.850000000000009 190.50000000000003 10231.747222222224 -0.74981945761428159
decision_type=2 2 2 2 2 2 2 2 2 2 2 2 2 2 2 2 2 2
left_child=2 -2 3 4 -1 -5 7 -7 -4 -9 13 -11 14 -10 -8 -14 -17 -16
right_child=1 -3 8 5 -6 6 12 9 10 11 -12 -13 15 -15 17 16 -18 -19
leaf_value=254.12793714960546 356.99040933117641 866.22141647093542 -62.551494074477574 74.287902436620769 -105.38083653617099 -22.220564047576829 -138.38473755085587 -320.61078880538179 17.406626394708681 -138.1661471048991 178.89407969179666 -248.72360385886122 -16.547789146061845 89.371403308523782 -110.44961027854158 -74.534128522397666 -31.864491307372205 -81.998617110561767
leaf_weight=30 36 31 39 30 37 39 30 30 44 155 39 44 40 32 33 30 36 97
leaf_count=30 36 31 39 30 37 39 30 30 44 155 39 44 40 32 33 30 36 97
internal_value=-10.2925 593.545 -61.8992 -89.9739 55.732 -107.29 -117.503 -160.08 53.1178 -183.539 92.3651 -162.724 -74.5611 47.7853 -98.5842 -38.2409 -51.3433 -89.3002
internal_weight=852 67 785 631 67 564 534 268 154 229 115 199 266 76 160 106 66 130
internal_count=852 67 785 631 67 564 534 268 154 229 115 199 266 76 160 106 66 130
is_linear=0
shrinkage=0.05


Tree=38
num_leaves=16
num_cat=0
split_feature=24 24 24 1 0 0 0 1 7 23 1 24 24 24 4
split_gain=9.58998e+09 1.55187e+09 9.16079e+08 2.69331e+08 2.57475e+08 4.39486e+08 6.90433e+08 3.13613e+08 3.76676e+08 1.91435e+08 2.42542e+08 1.44243e+08 1.39401e+08 1.30309e+08 3.71734e+07
threshold=27815.277777777781 46369.047619047633 12361.111111111111 0.65000000000000013 3.0500000000000003 120.75000000000001 161.60000000000005 0.65000000000000013 21.050000000000004 -0.9330127018922193 0.65000000000000013 17436.111111111113 5988.8888888888896 8601.8527777777799 1010.1500000000002
decision_type=2 2 2 2 2 2 2 2 2 2 2 2 2 2 2
left_child=2 -2 4 -4 -1 7 -7 8 -6 -8 -11 14 -9 -12 -5
right_child=1 -3 3 11 5 6 9 12 -10 10 13 -13 -14 -15 -16
leaf_value=51.02832539261648 339.19032905557481 823.04959131958412 -59.431918686186265 98.732768401592679 -366.28255745743633 165.24083196190108 -191.29121383296831 -167.02969278295234 -149.42952218398111 20.842538374047194 -113.80793774560476 180.69905496925745 -32.384257014971752 -46.194627062422427 27.176263712388575
leaf_weight=33 36 31 39 30 31 30 37 33 57 59 200 33 46 111 46
leaf_count=33 36 31 39 30 31 30 37 33 57 59 200 33 46 111 46
internal_value=-9.775 563.959 -58.8089 53.2211 -84.8422 -92.2728 -65.8809 -161.253 -226.15 -82.9533 -72.0708 93.5457 -88.7687 -89.6985 55.5149
internal_weight=852 67 785 148 637 604 437 167 88 407 370 109 79 311 76
internal_count=852 67 785 148 637 604 437 167 88 407 370 109 79 311 76
is_linear=0
shrinkage=0.05


Tree=39
num_leaves=19
num_cat=0
split_feature=24 24 24 3 2 24 27 21 6 24 4 1 24 24 24 21 27 27
split_gain=8.6576e+09 1.40108e+09 8.31239e+08 5.44646e+08 7.93512e+08 2.46132e+08 2.69352e+08 4.95441e+08 2.78086e+08 3.53512e+08 3.13682e+08 2.37397e+08 8.43988e+07 3.61437e+07 1.95294e+07 9.45283e+06 9.13145e+06 7.10422e+06
threshold=27815.277777777781 46369.047619047633 13097.222222222224 42.850000000000001 10.65 8069.4444444444453 -0.80900950266415272 0.63667604752970619 2.1500000000000008 2131.428571428572 1006.5500000000001 0.65000000000000013 17436.111111111113 10125.000000000002 5988.8888888888896 0.9120032431577284 0.30081702196488996 -0.52703378127707579
decision_type=2 2 2 2 2 2 2 2 2 2 2 2 2 2 2 2 2 2
left_child=2 -2 3 4 -1 6 7 -5 -8 10 -10 -4 -13 16 -11 -15 17 -7
right_child=1 -3 11 5 -6 13 8 -9 9 14 -12 12 -14 15 -16 -17 -18 -19
leaf_value=216.90055747230295 322.27779712624169 782.02945717569344 -42.368295981106414 124.39845072078545 -122.07231350809425 -62.638968534778783 -36.782628408260962 -157.98115911275798 -171.83427769077787 -128.06733012600156 -362.05344050858184 69.679921297838447 171.6913973621011 -13.497642607777657 -93.042145193078809 -47.96744789934634 -47.614882567227653 -93.50730277830057
leaf_weight=36 36 31 37 30 33 40 59 32 73 82 31 53 33 59 81 30 39 37
leaf_count=36 36 31 37 30 33 40 59 32 73 82 31 53 33 59 81 30 39 37
internal_value=-9.28284 535.847 -55.8722 -78.0492 54.841 -93.5186 -116.933 -21.3655 -135.096 -156.799 -228.828 63.4535 108.978 -49.1674 -110.73 -25.1575 -67.5512 -77.5739
internal_weight=852 67 785 662 69 593 388 62 326 267 104 123 86 205 163 89 116 77
internal_count=852 67 785 662 69 593 388 62 326 267 104 123 86 205 163 89 116 77
is_linear=0
shrinkage=0.05


Tree=40
num_leaves=18
num_cat=0
split_feature=24 24 0 3 2 24 0 6 24 3 1 11 24 24 0 29 24
split_gain=8.68141e+09 1.83765e+09 6.43387e+08 3.18181e+08 6.38488e+08 3.94313e+08 4.56414e+08 3.21684e+08 7.22177e+08 4.05945e+08 2.61656e+08 2.57238e+08 1.17027e+08 4.30541e+07 4.28829e+07 2.67931e+07 4.88488e+06
threshold=48272.222222222226 18410.000000000004 9.0500000000000025 42.850000000000001 4.9500000000000011 9546.2972222222234 9.0500000000000025 2.1500000000000008 2131.428571428572 77.200000000000003 0.65000000000000013 3.5000000000000004 11986.111111111113 6447.2222222222235 117.45000000000002 1.0000000180025095e-35 10546.297222222223
decision_type=2 2 2 2 2 2 2 2 2 2 2 2 2 2 2 2 2
left_child=1 3 -3 4 -1 6 -5 9 11 -8 -7 -9 16 -10 -14 -4 -12
right_child=-2 2 15 5 -6 10 7 8 13 -11 12 -13 14 -15 -16 -17 -18
leaf_value=-120.53902942400174 828.35764468373657 -11.575924335365675 306.59328236120484 37.089139205478332 175.50443614706055 -145.74556129303485 -126.04660079852252 -313.48746803770678 -114.18195976442738 98.386757768903465 -41.283905175944604 -139.55869503885597 102.78376006221465 -72.726279606409548 28.207073426666557 236.29920914862242 -15.794855071302832
leaf_weight=34 30 30 30 57 39 30 44 61 111 37 41 33 31 146 51 30 35
leaf_count=34 30 30 30 57 39 30 44 61 111 37 41 33 31 146 51 30 35
internal_value=-5.97315 -35.8657 177.499 -61.4897 37.6448 -72.1833 -95.8396 -113.383 -134.105 -23.5327 -10.6335 -252.641 15.0967 -90.6687 56.4916 271.898 -29.5818
internal_weight=870 840 90 750 73 677 489 432 351 81 188 94 158 257 82 60 76
internal_count=870 840 90 750 73 677 489 432 351 81 188 94 158 257 82 60 76
is_linear=0
shrinkage=0.05


Tree=41
num_leaves=20
num_cat=0
split_feature=24 24 0 24 24 0 28 0 6 24 2 20 24 6 29 23 24 11 28
split_gain=7.83761e+09 1.65897e+09 5.8086e+08 2.64739e+08 4.39725e+08 1.02237e+09 1.22168e+09 1.43724e+08 1.29662e+08 8.58459e+07 6.14836e+07 5.94078e+07 4.78138e+07 2.50087e+07 2.41891e+07 2.01012e+07 1.68448e+07 6.00591e+06 1.05324e+07
threshold=48272.222222222226 18410.000000000004 9.0500000000000025 10125.000000000002 1.0000000180025095e-35 10.15 -0.14153505243942446 43.300000000000004 2.7500000000000004 5711.3095238095248 21.850000000000005 1.62405 13361.111111111113 2.8500000000000001 1.0000000180025095e-35 -0.68301270189221952 8824.0750000000025 1.5000000000000002 0.54154757264970865
decision_type=2 2 2 2 2 2 2 2 2 2 2 2 2 2 2 2 2 2 2
left_child=1 3 -3 4 5 -1 8 13 -7 15 12 -11 17 -6 -4 -9 -13 -5 -19
right_child=-2 2 14 10 7 6 -8 9 -10 11 -12 16 -14 -15 -16 -17 -18 18 -20
leaf_value=259.24082025166757 787.07735624091583 -10.999047717224324 291.31454504272864 -31.539206877342071 -197.00450081475668 -115.21064585675447 159.97528151099945 -102.8684327114223 -245.57528592452147 -136.59318923712519 -71.224839749763973 -72.204687921464412 43.151572485020203 -136.78420981259484 224.52350173899501 -150.29383456534367 -41.457723063470468 15.088384955680638 -26.404109667147509
leaf_weight=30 30 30 30 34 34 37 39 42 40 32 30 163 57 38 30 51 62 31 30
leaf_count=30 30 30 30 34 34 37 39 42 40 32 30 163 57 38 30 51 62 31 30
internal_value=-5.6704 -34.0731 168.653 -58.4196 -75.2325 -0.43598 -67.7593 -101.104 -183.163 -87.8222 -5.93583 -72.8734 6.98848 -165.455 258.348 -129.009 -63.7544 -14.7319 -5.32749
internal_weight=870 840 90 750 568 146 116 422 77 350 182 257 152 72 60 93 225 95 61
internal_count=870 840 90 750 568 146 116 422 77 350 182 257 152 72 60 93 225 95 61
is_linear=0
shrinkage=0.05


Tree=42
num_leaves=18
num_cat=0
split_feature=24 24 0 3 24 24 0 6 24 3 11 2 24 24 8 24 14
split_gain=7.07585e+09 1.49769e+09 5.24409e+08 2.85806e+08 5.70687e+08 3.27454e+08 3.78405e+08 2.85181e+08 6.48086e+08 3.66245e+08 2.31553e+08 7.51277e+07 5.70399e+07 3.5131e+07 2.19368e+07 1.66025e+07 7.11699e+06
threshold=48272.222222222226 18410.000000000004 9.0500000000000025 42.850000000000001 6337.9638888888894 9546.2972222222234 9.0500000000000025 2.1500000000000008 2131.428571428572 77.200000000000003 3.5000000000000004 22.550000000000004 14348.147222222224 6447.2222222222235 13.050000000000002 11236.111111111113 180.00000000000003
decision_type=2 2 2 2 2 2 2 2 2 2 2 2 2 2 2 2 2
left_child=1 3 -3 4 -1 6 -5 9 10 -8 -9 12 15 -10 -4 -7 -17
right_child=-2 2 14 5 -6 11 7 8 13 -11 -12 -13 -14 -15 -16 16 -18
leaf_value=205.46400625032445 747.85424511678195 -10.450923587634318 276.8616329560644 33.83981690882802 -78.278959117632724 -34.145927203059088 -115.95327271615025 -292.69288725657862 -102.77565427105456 97.221474791986907 -127.70719547559848 -80.548169394244724 55.976969262786639 -65.329489879099 213.27020016217548 -13.047804743181509 19.996151146787891
leaf_weight=30 30 30 30 57 43 52 44 61 111 37 33 31 40 146 30 32 33
leaf_count=30 30 30 30 57 43 52 44 61 111 37 33 31 40 146 30 32 33
internal_value=-5.38434 -32.3715 160.249 -55.5042 38.4492 -65.6393 -87.197 -103.171 -122.682 -18.5773 -234.97 -9.5499 4.51118 -81.5364 245.474 -13.1167 3.73323
internal_weight=870 840 90 750 73 677 489 432 351 81 94 188 157 257 60 117 65
internal_count=870 840 90 750 73 677 489 432 351 81 94 188 157 257 60 117 65
is_linear=0
shrinkage=0.05


Tree=43
num_leaves=20
num_cat=0
split_feature=24 24 0 24 0 28 24 0 6 24 2 20 24 29 27 6 23 24 5
split_gain=6.3881e+09 1.35206e+09 4.73445e+08 2.41888e+08 8.72278e+08 1.0731e+09 4.09926e+08 1.29228e+08 1.11766e+08 6.74992e+07 6.55045e+07 5.29908e+07 4.9515e+07 2.22339e+07 1.9827e+07 1.97573e+07 1.5378e+07 8.3258e+06 1.25855e+06
threshold=48272.222222222226 18410.000000000004 9.0500000000000025 1.0000000180025095e-35 10.15 -0.14153505243942446 9546.2972222222234 43.300000000000004 2.7500000000000004 5217.5916666666672 22.550000000000004 1.3107000000000002 13361.111111111113 1.0000000180025095e-35 -0.74981945761428159 2.8500000000000001 -0.68301270189221952 11236.111111111113 12.250000000000002
decision_type=2 2 2 2 2 2 2 2 2 2 2 2 2 2 2 2 2 2 2
left_child=1 3 -3 4 -1 8 7 15 -6 16 12 -11 17 -4 -13 -5 -9 18 -8
right_child=-2 2 13 6 5 -7 10 9 -10 11 -12 14 -14 -15 -16 -17 -18 -19 -20
leaf_value=244.87606290392702 710.58575937264789 -9.9301150477209745 264.69025850517801 -185.84762333621029 -102.26651633254922 156.25958986404302 -21.70720595521388 -100.53620520262976 -223.26675386309921 -133.20775678767714 -76.533711089045298 -91.69356918996948 39.488832244937598 201.01640118063486 -54.737366794099387 -131.44968482780985 -147.047123480209 -2.4793208773902022 -36.13103983394825
leaf_weight=30 30 30 30 34 37 39 30 35 40 30 31 46 59 30 177 36 39 55 32
leaf_count=30 30 30 30 34 37 39 30 35 40 30 31 46 59 30 177 36 39 55 32
internal_value=-5.11093 -30.7531 152.263 -52.7324 5.02005 -57.1691 -66.6909 -96.4285 -165.332 -83.1825 -9.63893 -70.844 2.18042 233.241 -62.3983 -158.099 -125.214 -16.6508 -29.198
internal_weight=870 840 90 750 146 116 604 397 77 327 207 253 176 60 223 70 74 117 62
internal_count=870 840 90 750 146 116 604 397 77 327 207 253 176 60 223 70 74 117 62
is_linear=0
shrinkage=0.05


Tree=44
num_leaves=20
num_cat=0
split_feature=24 24 0 1 0 28 24 1 1 6 0 24 20 24 8 2 27 0 25
split_gain=5.76723e+09 1.22062e+09 4.27434e+08 2.1837e+08 7.87494e+08 9.68736e+08 3.70032e+08 2.42421e+08 1.68787e+08 1.00893e+08 9.23902e+07 9.03771e+07 5.03342e+07 3.24854e+07 2.01702e+07 2.01131e+07 1.06007e+07 1.27545e+07 5.03291e+06
threshold=48272.222222222226 18410.000000000004 9.0500000000000025 0.080128205128205107 10.15 -0.14153505243942446 9546.2972222222234 0.65000000000000013 0.65000000000000013 2.7500000000000004 58.70000000000001 5217.5916666666672 1.3107000000000002 12361.111111111111 13.050000000000002 20.850000000000005 -0.15855791680139872 300.90000000000003 20.014285000000005
decision_type=2 2 2 2 2 2 2 2 2 2 2 2 2 2 2 2 2 2 2
left_child=1 3 -3 4 -1 9 8 -8 -5 -6 -9 16 -13 18 -4 -14 -10 -18 -12
right_child=-2 2 14 6 5 -7 7 10 11 -11 13 12 15 -15 -16 -17 17 -19 -20
leaf_value=232.67292512912687 675.17450474330371 -9.4352597436239556 251.56632710992301 -191.75869034894808 -97.166972484742857 148.46658165973165 -137.85036349281236 93.335442529405867 -147.42299711411181 -212.13125380898947 -12.914668341432188 -126.56949654512626 -51.791149101371708 27.438823378367346 190.93236111865883 -94.567253472129138 -133.76451134963941 -89.325177106286731 -37.938268869659829
leaf_weight=30 30 30 30 38 37 39 31 30 30 40 61 30 200 55 30 32 32 35 30
leaf_count=30 30 30 30 38 37 39 31 30 30 40 61 30 200 55 30 32 32 35 30
internal_value=-4.85366 -29.2179 144.675 -50.1015 4.77163 -54.318 -63.3642 -9.15934 -91.6177 -157.086 13.5732 -80.9673 -65.6573 -2.86892 221.618 -57.7295 -122.21 -110.718 -21.1969
internal_weight=870 840 90 750 146 116 604 207 397 77 176 359 262 146 60 232 97 67 91
internal_count=870 840 90 750 146 116 604 207 397 77 176 359 262 146 60 232 97 67 91
is_linear=0
shrinkage=0.05


Tree=45
num_leaves=18
num_cat=0
split_feature=24 24 1 26 4 24 1 24 1 24 3 24 22 4 23 6 21
split_gain=8.18827e+09 1.3867e+09 3.21372e+08 6.8819e+08 1.14316e+09 4.94696e+08 1.69301e+08 1.611e+08 1.57084e+08 8.41423e+07 3.21048e+07 2.95021e+07 2.45092e+07 2.28752e+07 1.18715e+07 9.88873e+06 3.89029e+06
threshold=51794.444444444445 26922.222222222226 0.080128205128205107 8.3500000000000032 1000.9500000000002 9546.2972222222234 0.65000000000000013 14348.147222222224 0.65000000000000013 7078.7027777777785 49.250000000000007 11597.222222222224 -0.24999999999999994 1010.9500000000002 -0.24999999999999994 3.2500000000000004 0.76575921120913348
decision_type=2 2 2 2 2 2 2 2 2 2 2 2 2 2 2 2 2
left_child=1 2 3 4 -1 8 -7 11 -4 10 -10 16 -12 -9 -11 -16 -8
right_child=-2 -3 5 -5 -6 6 7 13 9 14 12 -13 -14 -15 15 -17 -18
leaf_value=125.62769851245258 818.94704861561729 255.41854143961402 -181.58925943594147 198.7046338570367 -207.21978263929634 -84.615970082185697 -17.041502736254436 120.33599448346615 -145.55974998093916 -30.187513223170402 -116.28421306298563 20.212684244564663 -75.046135412069745 60.525575238958723 -73.08566821283523 -41.094400097074967 -39.321284009384641
leaf_weight=52 30 43 39 43 51 44 45 30 30 57 55 57 108 35 55 44 35
leaf_count=52 30 43 39 43 51 44 45 30 30 57 55 57 108 35 55 44 35
internal_value=8.95021 -20.6717 -35.9229 30.9407 -39.2214 -51.3229 4.14623 23.5129 -86.4835 -75.8067 -97.8825 -7.25459 -89.0236 88.2729 -48.4497 -58.9232 -26.8259
internal_weight=853 823 780 146 103 634 246 202 388 349 193 137 163 65 156 99 80
internal_count=853 823 780 146 103 634 246 202 388 349 193 137 163 65 156 99 80
is_linear=0
shrinkage=0.05


Tree=46
num_leaves=20
num_cat=0
split_feature=24 24 1 8 8 24 1 1 6 24 24 25 27 24 11 24 23 21 27
split_gain=7.39246e+09 1.25424e+09 2.98272e+08 7.88494e+08 9.78903e+08 4.17186e+08 1.45443e+08 1.41814e+08 1.31391e+08 1.26419e+08 7.78137e+07 2.24226e+07 2.21214e+07 2.01596e+07 1.53139e+07 1.17826e+07 1.60316e+07 2.82304e+06 1.77979e+06
threshold=51794.444444444445 25633.333333333339 0.080128205128205107 19.050000000000004 7.6500000000000012 9546.2972222222234 0.45000000000000007 0.65000000000000013 2.7500000000000004 14348.147222222224 6337.9638888888894 3.6736200000000006 -0.74981945761428159 11680.555555555557 2.5000000000000004 3894.4444444444448 -0.68301270189221952 0.7325359015272398 -0.12447811117596669
decision_type=2 2 2 2 2 2 2 2 2 2 2 2 2 2 2 2 2 2 2
left_child=1 2 3 4 -1 7 -7 -4 -6 13 15 -12 -13 17 -11 -9 -17 -8 -15
right_child=-2 -3 5 -5 8 6 9 10 -10 14 11 12 -14 18 -16 16 -18 -19 -20
leaf_value=186.00094924387056 778.13574113307209 225.42055361761336 -172.53301733460876 205.85178751350801 -230.07413031239048 -95.766689897519939 -16.836369701062779 -120.6777852325274 -91.376544791147893 51.405867487664104 -91.448774506324952 -74.569382033591253 -33.651068961648917 4.2165034924630707 100.27469677695125 -63.658688410561233 -104.90338451660908 -35.448595893222368 21.442956788832959
leaf_weight=31 30 49 39 44 30 33 46 46 40 34 30 45 125 30 31 38 65 37 30
leaf_count=31 30 49 39 44 30 33 46 46 40 34 30 45 125 30 31 38 65 37 30
internal_value=8.50615 -19.6395 -35.1808 29.4504 -47.5252 -50.0822 1.58713 -82.1679 -151.062 17.0713 -72.0232 -51.6014 -44.5199 -9.21694 74.8308 -99.382 -89.7634 -25.1661 12.8512
internal_weight=853 823 774 145 101 629 241 388 70 208 349 200 170 143 65 149 103 83 60
internal_count=853 823 774 145 101 629 241 388 70 208 349 200 170 143 65 149 103 83 60
is_linear=0
shrinkage=0.05


Tree=47
num_leaves=19
num_cat=0
split_feature=24 24 1 8 8 24 1 24 1 6 24 24 20 4 22 8 22 21
split_gain=6.67401e+09 1.13783e+09 2.61679e+08 7.1069e+08 8.75623e+08 4.02033e+08 1.41853e+08 1.31093e+08 1.28028e+08 1.24289e+08 7.02414e+07 2.45336e+07 2.19396e+07 2.06565e+07 1.43455e+07 1.13271e+07 1.88535e+07 3.21147e+06
threshold=51794.444444444445 26922.222222222226 0.080128205128205107 19.050000000000004 7.6500000000000012 9546.2972222222234 0.65000000000000013 14348.147222222224 0.65000000000000013 2.7500000000000004 6337.9638888888894 11597.222222222224 1.9022500000000002 1010.9500000000002 -0.6830127018922193 4.6500000000000012 -0.24999999999999994 0.76575921120913348
decision_type=2 2 2 2 2 2 2 2 2 2 2 2 2 2 2 2 2 2
left_child=1 2 3 4 -1 8 -7 11 -4 -6 15 17 -12 -9 -14 -10 -17 -8
right_child=-2 -3 5 -5 9 6 7 13 10 -11 12 -13 14 -15 -16 16 -18 -19
leaf_value=176.73080273594502 739.35819704176185 231.43236356589193 -163.92842883332003 195.58253586957244 -218.60864266430417 -77.614907935525281 -15.351365034860411 110.23506066712032 -122.19171706291527 -84.45181454289569 -86.962531827172029 18.654335626912829 -65.550057705364097 53.435544492716126 -32.733887143021818 -113.41061101035467 -71.891175610660397 -35.593440849760661
leaf_weight=31 30 43 39 44 30 44 45 30 30 41 32 57 46 35 122 44 75 35
leaf_count=31 30 43 39 44 30 44 45 30 30 41 32 57 46 35 122 44 75 35
internal_value=8.08343 -18.6596 -32.4746 27.8605 -44.6108 -46.371 3.634 21.3615 -78.068 -141.366 -68.4291 -6.39324 -49.0263 79.7798 -41.7529 -94.4226 -87.3253 -24.2407
internal_weight=853 823 780 146 102 634 246 202 388 71 349 137 200 65 168 149 119 80
internal_count=853 823 780 146 102 634 246 202 388 71 349 137 200 65 168 149 119 80
is_linear=0
shrinkage=0.05


Tree=48
num_leaves=18
num_cat=0
split_feature=14 21 20 20 0 9 9 3 28 26 26 14 3 21 6 14 20
split_gain=3.69697e+08 1.06173e+09 4.52435e+08 1.32847e+09 2.49425e+08 2.31211e+08 1.59741e+08 2.01374e+08 2.95445e+08 2.20708e+08 2.24626e+08 5.0122e+08 2.37661e+08 9.86745e+07 7.54135e+07 4.01464e+07 2.48803e+07
threshold=46.000000000000007 0.51972144273581034 20.861800000000006 21.704000000000004 62.300000000000004 19.000000000000004 0.25000000000000006 75.850000000000009 -0.27608674622158907 6.0499999999999998 9.0500000000000025 111.50000000000001 51.350000000000001 1.0702168451277145 4.1500000000000012 149.50000000000003 15.976050000000003
decision_type=2 2 2 2 2 2 2 2 2 2 2 2 2 2 2 2 2
left_child=1 -1 5 -4 -5 6 7 9 -9 -2 11 -11 -12 14 15 -8 -17
right_child=2 -3 3 4 -6 -7 13 8 -10 10 12 -13 -14 -15 -16 16 -18
leaf_value=-58.155763269873233 -129.33288497078973 253.82756189608531 359.22541401230285 81.053444349726178 -108.40057185374906 108.14446743507038 -106.3776297113413 -15.993798142555219 185.45785982252355 208.5010711117956 -146.87435611386891 -14.139851501445079 -4.9872570844796993 17.452839546878238 -137.55937251274489 -13.74039411707226 -66.304683430608875
leaf_weight=56 45 53 32 30 41 33 34 46 30 31 49 135 74 31 42 41 50
leaf_count=56 45 53 32 30 41 33 34 46 30 31 49 135 74 31 42 41 50
internal_value=7.68182 93.6361 -4.92183 92.2947 -28.3481 -20.5552 -27.5572 -9.74141 63.6657 -26.4589 -10.4013 27.5381 -61.5848 -64.4248 -79.625 -60.0646 -42.663
internal_weight=853 109 744 103 71 641 608 410 76 334 289 166 123 198 167 125 91
internal_count=853 109 744 103 71 641 608 410 76 334 289 166 123 198 167 125 91
is_linear=0
shrinkage=0.05


Tree=49
num_leaves=17
num_cat=0
split_feature=24 24 28 24 26 1 0 24 1 21 24 1 24 0 3 20
split_gain=5.92621e+09 1.01616e+09 2.47826e+08 2.0259e+08 1.99501e+08 7.03e+08 1.73104e+08 5.12994e+08 3.84242e+08 2.16088e+08 8.566e+07 8.16926e+07 5.54065e+07 2.2648e+07 1.9532e+07 1.94372e+07
threshold=51794.444444444445 25633.333333333339 -0.99271195016773384 13011.111111111113 8.3500000000000032 0.18333333333333332 11.300000000000002 2828.5714285714289 0.65000000000000013 0.59863311552615228 7733.7972222222234 0.65000000000000013 7451.3888888888896 140.55000000000004 49.250000000000007 3.5334000000000003
decision_type=2 2 2 2 2 2 2 2 2 2 2 2 2 2 2 2
left_child=1 2 -1 4 6 -6 7 -4 9 -8 14 -5 -10 -13 -7 -12
right_child=-2 -3 3 11 5 10 8 -9 12 -11 15 13 -14 -15 -16 -17
leaf_value=96.040671996330616 696.38977837546724 202.67849705651432 152.88145760190841 -42.284701279613465 172.36892255117095 -123.35019819189938 -265.68370231325974 -139.03513268759082 -79.115521752824804 -97.847645354583818 -58.068850717207241 86.548737355482544 -32.190517946325073 30.886359890453885 -72.679024749586617 -11.702316023898902
leaf_weight=36 30 49 30 32 42 30 39 30 125 38 31 30 127 47 54 83
leaf_count=36 30 49 30 32 42 30 39 30 125 38 31 30 127 47 54 83
internal_value=7.30014 -17.9001 -31.8888 -38.1414 -49.0458 -13.1881 -71.1597 6.9346 -85.3996 -183.09 -52.6158 24.7711 -55.489 52.6572 -90.9011 -24.3506
internal_weight=853 823 774 738 629 240 389 60 329 77 198 109 252 77 84 114
internal_count=853 823 774 738 629 240 389 60 329 77 198 109 252 77 84 114
is_linear=0
shrinkage=0.05


Tree=50
num_leaves=19
num_cat=0
split_feature=24 24 3 24 1 0 2 29 1 24 24 24 20 5 2 24 28 0
split_gain=3.63545e+09 5.77872e+08 5.98696e+08 1.26633e+09 2.75026e+08 6.98453e+08 3.59282e+08 3.986e+08 1.69479e+08 1.02792e+08 5.19032e+07 3.80185e+07 2.87881e+07 1.26848e+07 1.26697e+07 6.9455e+06 9.43583e+06 4.01315e+06
threshold=36828.571428571442 14023.147222222224 42.850000000000001 5616.666666666667 0.65000000000000013 282.25000000000006 4.7500000000000009 1.0000000180025095e-35 0.45000000000000007 7760.9527777777785 18410.000000000004 11326.719444444447 18.012950000000007 6.3500000000000005 20.400000000000002 5761.9444444444453 -0.40541071103273002 472.25000000000006
decision_type=2 2 2 2 2 2 2 2 2 2 2 2 2 2 2 2 2 2
left_child=1 2 3 -1 5 6 -4 -8 -3 12 -10 13 15 -11 -15 17 -17 -6
right_child=-2 8 4 -5 9 -7 7 -9 10 11 -12 -13 -14 14 -16 16 -18 -19
leaf_value=336.67642522159213 406.06825537634927 -22.37372909555911 60.400306096506235 -76.882894803877932 -82.851172259974049 -298.49721009934325 -219.73939185385694 5.1168371325544486 65.310959811321993 -58.924008179797752 139.8405592511414 16.315365734208104 -106.60454482126123 -17.192809684269967 -53.908167464234111 -27.465982277765626 -62.246456545747925 -59.170417742459279
leaf_weight=30 51 38 41 48 38 41 45 35 47 35 47 53 42 108 30 30 57 37
leaf_count=30 51 38 41 48 38 41 45 35 47 35 47 53 42 108 30 30 57 37
internal_value=-2.84168 -28.8921 -47.731 82.4057 -64.8884 -120.397 -59.8529 -121.481 66.6934 -43.9526 102.685 -20.7124 -69.6762 -32.059 -25.2077 -60.0424 -50.2986 -71.2631
internal_weight=853 802 670 78 592 162 121 80 132 430 94 226 204 173 138 162 87 75
internal_count=853 802 670 78 592 162 121 80 132 430 94 226 204 173 138 162 87 75
is_linear=0
shrinkage=0.05


Tree=51
num_leaves=15
num_cat=0
split_feature=24 24 14 25 8 24 28 14 4 1 30 24 0 9
split_gain=3.28167e+09 5.21642e+08 3.60787e+08 1.57951e+08 3.29464e+08 1.85577e+08 1.74049e+08 1.7203e+08 2.29658e+08 1.5299e+08 1.39049e+08 4.786e+07 5.28248e+07 1.16292e+07
threshold=36828.571428571442 14023.147222222224 19.000000000000004 24.311670000000003 20.450000000000003 4670.6361111111119 -0.94695267581281539 65.500000000000014 1014.9500000000002 0.45000000000000007 -0.56174490092936669 21576.852777777782 140.55000000000004 1.0000000180025095e-35
decision_type=2 2 2 2 2 2 2 2 2 2 2 2 2 2
left_child=1 2 -1 4 6 -5 -4 8 -8 -3 -9 12 -11 -7
right_child=-2 9 3 5 -6 13 7 10 -10 11 -12 -13 -14 -15
leaf_value=102.05945447326621 385.80457239318969 -21.257978876619514 -157.367667053503 -209.00234751168333 96.116598341958905 -42.776490817113228 -195.05322242902722 10.443148318312302 -25.59304549431862 119.29411861195516 -53.801783423150574 147.22521908840287 26.910993252810659 -84.674095386493946
leaf_weight=39 51 38 38 33 39 33 41 128 39 30 246 32 32 34
leaf_count=39 51 38 38 33 39 33 41 128 39 30 246 32 32 34
internal_value=-2.69993 -27.4504 -45.3493 -54.4748 -43.6034 -112.101 -54.6961 -46.0697 -112.577 63.3656 -31.8173 97.5615 71.7327 -64.1325
internal_weight=853 802 670 631 531 100 492 454 80 132 374 94 62 67
internal_count=853 802 670 631 531 100 492 454 80 132 374 94 62 67
is_linear=0
shrinkage=0.05


Tree=52
num_leaves=18
num_cat=0
split_feature=20 8 1 1 25 23 0 26 25 4 8 8 8 8 8 14 8
split_gain=4.49696e+08 1.07349e+09 3.77252e+08 2.27331e+08 9.80889e+08 5.39846e+08 4.87276e+08 2.99148e+08 2.04241e+08 5.5825e+07 2.93662e+07 6.55985e+07 1.87465e+07 5.6603e+07 1.84839e+07 1.08186e+07 9.47919e+06
threshold=1.4069500000000004 -3.2499999999999996 0.90000000000000013 0.65000000000000013 12.240450000000001 -0.5 9.8500000000000032 7.6500000000000012 22.253995000000007 1022.1500000000002 17.450000000000003 19.850000000000005 24.050000000000004 21.950000000000003 14.350000000000003 50.000000000000007 7.9500000000000011
decision_type=2 2 2 2 2 2 2 2 2 2 2 2 2 2 2 2 2
left_child=1 -1 3 4 -2 6 -6 -7 -8 10 14 -12 13 -13 15 -5 -17
right_child=2 -3 -4 9 5 7 8 -9 -10 -11 11 12 -14 -15 -16 16 -18
leaf_value=-102.48111314909409 -287.83409241179277 261.26584372490709 153.31438938195458 -41.151933040175329 29.734123845108474 -2.3560394188982117 -79.581835879876181 218.93035953052811 -255.71316502735331 45.710970986964838 56.826220352932218 -32.39098104533155 -33.288565437126501 54.11944009371755 -47.273916849376263 3.179259199298726 -18.673254523672878
leaf_weight=35 40 48 32 30 59 31 33 30 33 52 48 44 56 33 48 89 112
leaf_count=35 40 48 32 30 59 31 33 30 33 52 48 44 56 33 48 89 112
internal_value=-2.56435 107.94 -14.4883 -21.7841 -63.5409 -15.177 -74.6681 106.653 -167.901 -3.34357 -8.89761 6.78497 -11.3041 4.70695 -19.0704 -13.192 -9.00047
internal_weight=853 83 770 738 226 186 125 61 66 512 460 181 133 77 279 231 201
internal_count=853 83 770 738 226 186 125 61 66 512 460 181 133 77 279 231 201
is_linear=0
shrinkage=0.05


Tree=53
num_leaves=16
num_cat=0
split_feature=20 21 1 1 5 28 0 3 5 14 28 28 4 4 26
split_gain=4.05928e+08 1.01351e+09 3.40579e+08 2.05225e+08 8.85482e+08 6.18599e+08 5.39538e+08 4.46782e+08 2.41003e+08 5.23404e+07 2.55314e+07 2.91572e+07 2.85198e+07 3.58273e+07 1.4762e+07
threshold=1.4069500000000004 0.91495688600782776 0.90000000000000013 0.65000000000000013 12.15 -0.58427653070765284 9.8500000000000032 68.450000000000017 22.250000000000004 333.00000000000006 -0.89388548498445497 -0.9668120007078248 1002.0500000000001 1004.9500000000002 11.050000000000002
decision_type=2 2 2 2 2 2 2 2 2 2 2 2 2 2 2
left_child=1 -1 3 4 -2 6 -6 -7 -8 10 11 -5 -12 -14 -15
right_child=2 -3 -4 9 5 7 8 -9 -10 -11 12 -13 13 14 -16
leaf_value=-70.032558169783997 -273.47827586794727 279.08697673862576 145.67254986629308 -10.976186821100962 25.741773823639559 244.76369025914232 -88.292642768276892 -10.764484363465797 -288.96811405828225 52.422015640619776 -47.303157383924258 51.356532160793314 35.614754781473849 -17.702654404262617 15.964531192111195
leaf_weight=42 40 41 32 39 57 31 30 38 30 39 52 36 42 267 37
leaf_count=42 40 41 32 39 57 31 30 38 30 39 52 36 42 267 37
internal_value=-2.43659 102.552 -13.7654 -20.6975 -60.3722 -14.4206 -84.421 104.226 -188.944 -3.17652 -7.77088 18.972 -12.8139 -7.61833 -13.6011
internal_weight=853 83 770 738 226 186 117 69 60 512 473 75 398 346 304
internal_count=853 83 770 738 226 186 117 69 60 512 473 75 398 346 304
is_linear=0
shrinkage=0.05


Tree=54
num_leaves=18
num_cat=0
split_feature=25 21 9 1 5 14 5 9 8 3 8 5 3 21 4 3 3
split_gain=3.66709e+08 7.01221e+08 3.22783e+08 4.53199e+08 6.84116e+08 6.4112e+08 2.49137e+08 1.64435e+08 2.03616e+08 5.37739e+07 3.70117e+07 9.55163e+07 5.27811e+07 3.56811e+07 2.39526e+07 1.76276e+07 1.08949e+07
threshold=4.6632500000000006 0.91495688600782776 16.700000000000006 0.65000000000000013 12.15 132.50000000000003 20.850000000000005 1.0500000000000003 19.250000000000004 59.050000000000004 24.050000000000004 22.525000000000002 62.350000000000001 1.1805707196029778 1004.35 43.900000000000006 55.20000000000001
decision_type=2 2 2 2 2 2 2 2 2 2 2 2 2 2 2 2 2
left_child=1 -1 3 4 -2 -6 -4 8 -7 15 11 12 -11 -14 -13 -5 -17
right_child=2 -3 6 9 5 7 -8 -9 -10 10 -12 14 13 -15 -16 16 -18
leaf_value=-47.297218348629464 -296.99772340711149 200.69744869044993 -22.561860946702808 -60.506842154628593 148.95974543361146 -128.50162626516564 161.53529280731129 -183.16302784678271 19.106527809089965 59.945168322342226 -28.987181747649721 104.03096815818965 -18.337338626545108 34.026734617678791 42.570041061356619 -1.6302881617835359 -36.974282810882009
leaf_weight=55 33 59 32 31 33 51 43 39 43 34 50 30 156 41 34 51 38
leaf_count=55 33 59 32 31 33 51 43 39 43 34 50 30 156 41 34 51 38
internal_value=-2.31451 81.1143 -15.1937 -26.3026 -89.4258 -48.0075 83.0617 -96.9543 -61.0301 0.724753 10.7531 17.4963 2.51047 -7.42747 71.4973 -28.0916 -16.7456
internal_weight=853 114 739 664 199 166 75 133 94 465 345 295 231 197 64 120 89
internal_count=853 114 739 664 199 166 75 133 94 465 345 295 231 197 64 120 89
is_linear=0
shrinkage=0.05


Tree=55
num_leaves=16
num_cat=0
split_feature=24 24 1 7 3 2 27 2 24 24 27 15 22 4 24
split_gain=4.60739e+09 5.46691e+08 4.96427e+08 2.96315e+08 7.81557e+08 2.27699e+08 5.11521e+08 4.38158e+08 2.25937e+08 1.93621e+08 1.75302e+08 1.74151e+08 9.14095e+07 2.44012e+08 1.24542e+08
threshold=46369.047619047633 17183.333333333339 0.45000000000000007 9.0500000000000025 42.850000000000001 4.6500000000000012 -0.8287624125448585 10.450000000000001 26922.222222222226 6974.5361111111115 -0.012910176522261644 1.0000000180025095e-35 -0.6830127018922193 998.35000000000002 6509.2583333333341
decision_type=2 2 2 2 2 2 2 2 2 2 2 2 2 2 2
left_child=1 3 -3 9 -5 6 -6 -7 -4 -1 -8 -12 14 -14 -9
right_child=-2 2 8 4 5 7 10 12 -10 -11 11 -13 13 -15 -16
leaf_value=-219.73737009913208 602.13303665700835 -60.965625931146576 83.669522249959684 167.86304856907583 197.92817866429934 -214.95481767606853 -99.72913490284833 -152.30307604371717 261.1079048418182 -64.928775224669252 109.54397347563716 -39.979293662755822 93.959648366758444 -44.441395627443448 -40.695541918946361
leaf_weight=31 31 38 41 50 30 40 54 38 32 58 31 52 37 225 73
leaf_count=31 31 38 41 50 30 40 54 38 32 58 31 52 37 225 73
internal_value=4.64372 -17.742 85.4869 -33.6882 -21.614 -37.9744 11.2878 -57.8919 161.702 -119.037 -29.6969 15.9313 -40.9956 -24.8678 -79.0063
internal_weight=861 830 111 719 630 580 167 413 73 89 137 83 373 262 111
internal_count=861 830 111 719 630 580 167 413 73 89 137 83 373 262 111
is_linear=0
shrinkage=0.05


Tree=56
num_leaves=17
num_cat=0
split_feature=24 24 1 24 3 14 24 20 1 7 30 24 0 24 20 24
split_gain=4.15954e+09 4.98193e+08 5.12975e+08 3.01845e+08 2.74901e+08 3.04102e+08 4.61517e+08 2.79264e+08 5.76057e+08 1.18735e+09 3.72331e+08 9.83138e+07 7.63702e+07 3.15749e+07 1.93603e+07 1.66651e+07
threshold=46369.047619047633 14348.147222222224 0.29166666666666669 25633.333333333339 35.150000000000006 68.000000000000014 5061.1111111111122 21.528250000000003 0.13392857142857142 25.550000000000004 -0.56174490092936669 7006.9444444444453 21.950000000000003 3763.8888888888891 2.9474000000000005 10546.297222222223
decision_type=2 2 2 2 2 2 2 2 2 2 2 2 2 2 2 2
left_child=1 4 -3 12 -1 6 -6 8 9 10 -7 13 -4 -10 -8 -13
right_child=-2 2 3 -5 5 7 14 -9 11 -11 -12 15 -14 -15 -16 -17
leaf_value=101.55576600294846 572.12319318029279 -113.29420548221306 123.47505325875011 235.41725427939292 -285.01350505233205 103.18896925473135 -79.958521891015721 -133.495715754348 -118.94906043147733 331.56909229804342 -130.76786198140411 -32.035794824309832 22.226086319731113 -62.368277227617106 -30.03325642897304 -3.7424953530659986
leaf_weight=35 31 31 30 36 30 30 38 55 31 34 39 149 49 123 40 80
leaf_count=35 31 31 30 36 30 30 38 55 31 34 39 149 49 123 40 80
internal_value=4.4149 -16.855 66.9611 115.608 -34.7528 -42.1183 -118.683 -26.8145 -14.7165 90.1986 -29.0453 -42.9475 60.7826 -73.8277 -54.4271 -22.1576
internal_weight=861 830 146 115 684 649 108 541 486 103 69 383 79 154 78 229
internal_count=861 830 146 115 684 649 108 541 486 103 69 383 79 154 78 229
is_linear=0
shrinkage=0.05


Tree=57
num_leaves=14
num_cat=0
split_feature=24 24 7 3 22 28 24 3 24 26 30 4 24
split_gain=3.75522e+09 4.49728e+08 2.62538e+08 7.16958e+08 2.47791e+08 2.84936e+08 3.3096e+08 3.59827e+08 1.55947e+08 1.40808e+08 7.5635e+07 7.09645e+07 3.71432e+07
threshold=46369.047619047633 14348.147222222224 9.0500000000000025 42.850000000000001 -0.93301270189221908 -0.99271195016773384 3763.8888888888891 60.45000000000001 6974.5361111111115 7.0500000000000016 -0.22252093395631442 1006.9500000000002 7943.0555555555566
decision_type=2 2 2 2 2 2 2 2 2 2 2 2 2
left_child=1 2 8 -4 -5 -6 7 -7 -1 11 -11 -3 -8
right_child=-2 9 3 4 5 6 12 -9 -10 10 -12 -13 -14
leaf_value=-204.18530858275972 543.60901395055646 70.054813942948869 161.79919271061232 68.397434461521286 93.524917142124707 -259.28324147063279 -48.640642659784788 -74.99179248419199 -63.908018377342152 174.06840999394751 67.299556476455649 -24.984195027052667 -15.061696826930913
leaf_weight=31 31 36 49 50 33 36 159 100 55 31 36 43 171
leaf_count=31 31 36 49 50 33 36 159 100 55 31 36 43 171
internal_value=4.19705 -16.0127 -33.0176 -21.2604 -37.6256 -48.2607 -58.3192 -123.93 -114.652 63.6222 116.886 18.3585 -31.2505
internal_weight=861 830 684 598 549 499 466 136 86 146 67 79 330
internal_count=861 830 684 598 549 499 466 136 86 146 67 79 330
is_linear=0
shrinkage=0.05


Tree=58
num_leaves=16
num_cat=0
split_feature=2 14 22 1 14 1 28 14 4 2 21 26 20 4 2
split_gain=2.93855e+08 5.02162e+08 4.30357e+08 4.00147e+08 2.49235e+08 5.53686e+08 5.57642e+08 5.13618e+08 3.65132e+08 7.25833e+08 3.48002e+08 5.03146e+07 2.70251e+07 4.77676e+07 1.85093e+07
threshold=22.050000000000004 221.00000000000003 -0.93301270189221908 0.90000000000000013 46.000000000000007 0.22500000000000003 0.081673369964559248 171.50000000000003 1014.9500000000002 4.5500000000000007 0.74703481288076612 11.050000000000002 2.1927500000000006 1022.1500000000002 24.550000000000004
decision_type=2 2 2 2 2 2 2 2 2 2 2 2 2 2 2
left_child=2 -2 -1 4 8 6 7 10 -4 -10 -6 12 -7 -14 -3
right_child=1 14 3 -5 5 11 -8 -9 9 -11 -12 -13 13 -15 -16
leaf_value=164.06779422162265 210.86756646811557 16.489084063465572 -72.437159025044807 160.22302798427569 115.47040133912147 -59.547127221404935 -314.71160607147851 -229.34743431852007 -48.739369856843062 280.07353614068796 -107.27040663688413 42.670270390182097 -16.480107643646889 47.298219143638732 -38.519367263008199
leaf_weight=35 44 31 40 31 36 31 30 34 33 34 34 42 344 32 30
leaf_count=35 44 31 40 31 36 31 30 34 33 34 34 42 344 32 30
internal_value=3.99003 82.3277 -6.89964 -15.2206 -23.125 -35.999 -125.153 -70.2227 46.9887 118.29 7.28325 -9.36991 -14.7493 -11.041 -10.5829
internal_weight=861 105 756 721 690 583 134 104 107 67 70 449 407 376 61
internal_count=861 105 756 721 690 583 134 104 107 67 70 449 407 376 61
is_linear=0
shrinkage=0.05


Tree=59
num_leaves=17
num_cat=0
split_feature=24 24 24 6 2 0 24 24 3 24 20 24 2 7 23 7
split_gain=3.33939e+09 4.07317e+08 2.44781e+08 7.12669e+08 4.84219e+08 2.0136e+08 2.15621e+08 1.58086e+08 6.96791e+07 3.47075e+07 3.0697e+07 2.68362e+07 2.54001e+07 1.91394e+07 1.17732e+07 8.80102e+06
threshold=46369.047619047633 17183.333333333339 1.0000000180025095e-35 2.3500000000000001 9.9000000000000021 4.1000000000000005 26922.222222222226 8419.4444444444471 43.20000000000001 3763.8888888888891 20.590300000000003 14023.147222222224 20.850000000000005 8.8500000000000032 -0.68301270189221952 25.250000000000004
decision_type=2 2 2 2 2 2 2 2 2 2 2 2 2 2 2 2
left_child=1 2 3 -1 -5 -3 -7 8 -4 -10 11 13 14 -9 -11 -15
right_child=-2 5 7 4 -6 6 -8 10 9 12 -12 -13 -14 15 -16 -17
leaf_value=225.06294795848703 512.46153093442274 -23.325997696556875 -129.15844681661324 66.129642956470676 -140.90399273433439 45.111327765276769 215.89734338259046 -51.825073518467903 -104.31160616465223 -25.753743143278143 -59.507217984401215 32.930502892099867 -84.59416401857024 -1.7799569034261411 -52.15744654217837 -29.618708737648404
leaf_weight=35 31 36 40 59 54 42 33 30 36 63 33 34 47 121 130 37
leaf_count=35 31 36 40 59 54 42 33 30 36 63 33 34 47 121 130 37
internal_value=3.7914 -15.2666 -29.0309 28.2584 -32.8438 73.8373 120.445 -43.8823 -67.5104 -58.5324 -14.5869 -7.88571 -51.6249 -15.281 -43.5564 -8.3138
internal_weight=861 830 719 148 113 111 75 571 316 276 255 222 240 188 193 158
internal_count=861 830 719 148 113 111 75 571 316 276 255 222 240 188 193 158
is_linear=0
shrinkage=0.05


Tree=60
num_leaves=18
num_cat=0
split_feature=24 24 1 0 29 24 1 28 0 3 1 24 24 25 27 20 2
split_gain=3.65916e+09 3.85198e+08 4.03479e+08 1.04951e+09 2.08829e+09 1.55788e+08 1.24545e+08 1.2041e+08 8.54405e+07 8.44971e+07 5.58156e+07 3.13795e+07 1.43345e+07 1.27828e+07 1.17148e+07 1.15321e+07 5.3615e+06
threshold=46369.047619047633 21987.500000000004 0.080128205128205107 309.00000000000006 1.0000000180025095e-35 9509.2583333333369 0.65000000000000013 0.2843486543654084 70.700000000000017 43.20000000000001 0.65000000000000013 6337.9638888888894 12361.111111111111 23.034172500000004 -0.74981945761428159 9.3287500000000012 15.597000000000003
decision_type=2 2 2 2 2 2 2 2 2 2 2 2 2 2 2 2 2
left_child=1 2 3 4 -1 9 -7 -3 -8 -4 -11 13 16 -12 -13 -14 -10
right_child=-2 7 5 -5 -6 6 8 -9 12 10 11 14 15 -15 -16 -17 -18
leaf_value=-57.529233433709855 549.64858556728439 172.90475793244974 -122.97522302917342 -126.82536710940911 432.33556358942292 -87.521175343545195 83.455309594721953 34.456023140840749 -5.8510136856110826 -111.2585875266268 -52.532377153284415 -55.341456313147233 -10.466198557476664 -89.156118040912787 -22.68300302790896 30.952035841854229 -29.875710346111966
leaf_weight=49 30 33 44 50 39 39 33 30 48 33 107 34 30 31 143 38 45
leaf_count=49 30 33 44 50 39 39 33 30 48 33 107 34 30 31 143 38 45
internal_value=8.13939 -11.5922 -21.4082 55.9426 159.814 -38.4934 -6.11026 107.136 10.2925 -57.7351 -49.4534 -42.9453 -4.74608 -60.8181 -28.9841 12.6907 -17.4955
internal_weight=856 826 763 138 88 625 233 63 194 392 348 315 161 138 177 68 93
internal_count=856 826 763 138 88 625 233 63 194 392 348 315 161 138 177 68 93
is_linear=0
shrinkage=0.05


Tree=61
num_leaves=17
num_cat=0
split_feature=24 24 24 0 29 24 23 3 0 20 24 26 24 2 24 21
split_gain=3.30353e+09 3.47743e+08 3.64243e+08 9.47418e+08 1.88517e+09 1.40629e+08 9.14668e+07 7.62787e+07 4.40195e+07 3.64091e+07 2.96557e+07 4.19304e+07 2.63004e+07 1.39449e+07 7.48656e+06 3.27003e+06
threshold=46369.047619047633 21987.500000000004 1.0000000180025095e-35 309.00000000000006 1.0000000180025095e-35 9509.2583333333369 1.0000000180025095e-35 43.20000000000001 2.7500000000000004 20.861800000000006 13935.186111111112 6.3000000000000034 3981.4805555555558 20.850000000000005 11680.555555555557 0.77356471115091818
decision_type=2 2 2 2 2 2 2 2 2 2 2 2 2 2 2 2
left_child=1 2 3 4 -1 7 -3 -4 -7 12 14 -12 -9 -14 15 -10
right_child=-2 6 5 -5 -6 8 -8 9 10 -11 11 -13 13 -15 -16 -17
leaf_value=-54.658631954465037 522.25746188749906 162.88311736668038 -116.8404057430302 -120.49675849564299 410.77406815238623 -62.232220946593934 42.29383244974963 -75.313963786628776 -13.172074115942577 -93.154307862154141 -16.298556672219817 61.404658891162732 -30.71174913469163 -65.952754080704068 3.3127252139422811 -34.079880006923233
leaf_weight=49 30 31 44 50 39 30 32 48 50 38 30 41 230 32 52 30
leaf_count=49 30 31 44 50 39 30 32 48 50 38 30 41 230 32 52 30
internal_value=7.73552 -11.0127 -20.3392 53.1545 151.845 -36.5726 101.796 -54.8542 -5.80516 -46.9855 2.56033 28.5955 -41.2979 -35.0395 -11.4544 -21.0453
internal_weight=856 826 763 138 88 625 63 392 233 348 203 71 310 262 132 80
internal_count=856 826 763 138 88 625 63 392 233 348 203 71 310 262 132 80
is_linear=0
shrinkage=0.05


Tree=62
num_leaves=19
num_cat=0
split_feature=24 24 1 27 4 24 1 28 24 24 20 20 4 28 27 24 20 2
split_gain=2.98246e+09 3.13934e+08 3.28823e+08 6.41145e+08 1.42705e+09 1.26937e+08 1.07966e+08 9.9576e+07 4.97329e+07 4.42084e+07 3.13376e+07 2.74378e+07 2.68427e+07 1.66139e+07 1.43118e+07 1.01699e+07 7.21609e+06 3.44473e+06
threshold=46369.047619047633 21987.500000000004 0.080128205128205107 0.57023701209772126 1004.5500000000001 9509.2583333333369 0.65000000000000013 0.2843486543654084 4061.1111111111118 13935.186111111112 1.3107000000000002 20.861800000000006 1010.9500000000002 -0.62538740722492581 -0.8287624125448585 10953.702777777778 7.9919000000000011 15.597000000000003
decision_type=2 2 2 2 2 2 2 2 2 2 2 2 2 2 2 2 2 2
left_child=1 2 3 4 -1 8 -7 -3 13 15 -10 14 -11 -4 -12 17 -17 -8
right_child=-2 7 5 -5 -6 6 9 -9 10 12 11 -13 -14 -15 -16 16 -18 -19
leaf_value=-14.961152678844977 496.23133972776299 156.53040416636856 -67.636892361778607 -87.987048808443788 411.90141032526265 -81.315060372120897 -9.8177235288158098 30.63127976224272 -89.914631648222127 75.187328477496465 -60.210014341405419 -82.892960181036955 9.848068215759886 -116.94079767565859 -27.983635349152333 -10.742997024384051 22.628061869069722 -32.727198196607389
leaf_weight=56 30 33 38 52 30 39 35 30 33 33 41 31 30 32 217 30 35 31
leaf_count=56 30 33 38 52 30 39 35 30 33 33 41 31 30 32 217 30 35 31
internal_value=7.35178 -10.462 -19.3236 50.5053 134.25 -34.7475 -5.51621 96.7221 -52.1163 9.75572 -43.7878 -38.4914 44.1384 -90.3106 -33.1262 -6.80047 7.23311 -20.6115
internal_weight=856 826 763 138 86 625 233 63 392 194 322 289 63 70 258 131 65 66
internal_count=856 826 763 138 86 625 233 63 392 194 322 289 63 70 258 131 65 66
is_linear=0
shrinkage=0.05


Tree=63
num_leaves=17
num_cat=0
split_feature=24 24 0 24 0 29 24 21 3 20 24 0 27 3 27 28
split_gain=2.69259e+09 2.83649e+08 3.40847e+08 3.1671e+08 8.55592e+08 1.69161e+09 9.33697e+07 5.85979e+07 3.87484e+07 3.4669e+07 2.73974e+07 1.79397e+07 1.26859e+07 9.38583e+06 9.00414e+06 2.2323e+06
threshold=46369.047619047633 18410.000000000004 9.0500000000000025 1.0000000180025095e-35 309.00000000000006 1.0000000180025095e-35 7078.7027777777785 1.8637441314553993 47.350000000000001 20.590300000000003 14348.147222222224 29.900000000000002 -0.78829775591774587 68.050000000000011 0.17552986495352002 -0.41327860778290426
decision_type=2 2 2 2 2 2 2 2 2 2 2 2 2 2 2 2
left_child=1 3 -3 4 5 -1 8 9 -5 10 12 -10 -8 15 -15 -13
right_child=-2 2 -4 6 -6 -7 7 -9 11 -11 -12 13 -14 14 -16 -17
leaf_value=-53.832714234641514 471.50220655270198 -57.995365568262031 144.46387079113026 -114.112948380277 -117.02750360789651 387.05513613961853 -35.105976566040788 -86.161168000935746 -84.013819962169919 -56.887228798583116 30.608840533107749 -21.300484831156837 -8.3779986593140663 -72.410562154549311 -41.216492512411705 -39.857154441898707
leaf_weight=49 30 32 59 30 50 39 57 31 38 42 39 31 200 44 50 35
leaf_count=49 30 32 59 30 50 39 57 31 38 42 39 31 200 44 50 35
internal_value=6.98723 -9.93881 73.2838 -20.2511 47.9912 141.778 -36.0311 -20.4789 -61.1812 -14.4311 -8.38968 -53.1077 -14.3174 -45.7195 -55.8795 -31.1866
internal_weight=856 826 91 735 138 88 597 369 228 338 296 198 257 160 94 66
internal_count=856 826 91 735 138 88 597 369 228 338 296 198 257 160 94 66
is_linear=0
shrinkage=0.05


Tree=64
num_leaves=14
num_cat=0
split_feature=1 8 20 3 3 1 1 26 14 2 6 4 26
split_gain=2.92397e+08 2.94112e+08 8.49811e+08 1.58212e+08 3.72695e+08 4.54728e+08 1.29304e+08 4.73147e+08 4.14609e+08 1.0209e+08 9.53334e+07 5.99353e+07 4.03321e+07
threshold=1.2500000000000002 -3.2499999999999996 1.4069500000000004 87.15000000000002 80.700000000000003 0.36666666666666675 0.65000000000000013 8.0500000000000025 171.50000000000003 23.050000000000004 3.2500000000000004 1004.2500000000001 10.950000000000005
decision_type=2 2 2 2 2 2 2 2 2 2 2 2 2
left_child=1 -1 -3 4 6 -6 7 8 -4 12 -5 -7 -8
right_child=-2 2 3 10 5 11 9 -9 -10 -11 -12 -13 -14
leaf_value=-142.71852613879787 159.71307153543364 220.54185840321236 -28.124014168571559 -108.45335262042425 249.42287183559208 -32.295045666361965 -12.165712494318175 65.106366285892022 -225.50074367399071 80.186951427509783 -2.9221277459734187 58.049438007217056 41.762814049098807
leaf_weight=34 30 44 63 55 31 30 306 58 46 38 35 47 39
leaf_count=34 30 44 63 55 31 30 306 58 46 38 35 47 39
internal_value=6.63929 1.06105 7.25065 -5.32369 3.18446 88.0583 -13.4946 -50.1947 -111.551 2.51664 -67.4623 22.854 -6.05909
internal_weight=856 826 792 748 658 108 550 167 109 383 90 77 345
internal_count=856 826 792 748 658 108 550 167 109 383 90 77 345
is_linear=0
shrinkage=0.05


Tree=65
num_leaves=16
num_cat=0
split_feature=24 24 1 26 26 1 24 1 24 20 0 2 28 2 26
split_gain=1.79223e+09 2.0466e+08 1.85122e+08 6.44941e+08 7.93483e+08 1.24018e+08 1.11856e+08 8.56527e+07 4.10892e+07 2.89785e+07 2.63748e+07 2.51421e+07 1.92177e+07 1.67867e+07 5.67437e+06
threshold=37490.741666666676 18410.000000000004 0.080128205128205107 8.0500000000000025 5.8500000000000005 0.36666666666666675 8972.2222222222244 0.65000000000000013 4061.1111111111118 1.7122500000000003 32.600000000000009 21.850000000000005 0.87377473702374975 21.850000000000005 6.6500000000000021
decision_type=2 2 2 2 2 2 2 2 2 2 2 2 2 2 2
left_child=1 2 3 4 -1 -4 8 -3 14 -10 -8 -11 13 -12 -7
right_child=-2 7 5 -5 -6 6 10 -9 9 11 12 -13 -14 -15 -16
leaf_value=120.13843283734471 293.86122561395763 -1.7035913412210644 -123.02495067832925 178.09393485658134 -170.16551544869662 -67.812619160839219 41.698550960871955 105.31326305932046 -83.122269732038546 -25.746864414374716 7.3892866615607566 -69.946947636441607 -41.974564781496611 -34.13705607569495 -98.748125598208318
leaf_weight=41 50 31 37 48 55 31 31 47 32 209 127 38 34 30 31
leaf_count=41 50 31 37 48 55 31 31 47 32 209 127 38 34 30 31
internal_value=3.52436 -14.1696 -22.2499 28.646 -46.1855 -34.4676 -28.6269 62.8331 -46.6049 -38.398 -1.00338 -32.5725 -7.95227 -0.56233 -83.4146
internal_weight=872 822 744 144 96 600 563 78 341 279 222 247 191 157 62
internal_count=872 822 744 144 96 600 563 78 341 279 222 247 191 157 62
is_linear=0
shrinkage=0.05


Tree=66
num_leaves=13
num_cat=0
split_feature=24 24 4 3 26 26 4 1 20 14 21 24
split_gain=1.62894e+09 3.51302e+08 1.98866e+08 2.13802e+08 1.01557e+09 1.87684e+08 1.47426e+08 2.68259e+08 1.46056e+08 1.45845e+08 1.37412e+08 2.38026e+07
threshold=48272.222222222226 21987.500000000004 994.55000000000007 42.850000000000001 9.8500000000000032 6.6500000000000021 1000.2500000000001 0.22500000000000003 2.6388250000000006 48.000000000000007 0.53656111929307826 7451.3888888888896
decision_type=2 2 2 2 2 2 2 2 2 2 2 2
left_child=1 2 -1 4 -4 -3 7 -5 -8 -10 -11 -9
right_child=-2 5 3 6 -6 -7 8 11 9 10 -12 -13
leaf_value=106.61965767236248 358.69976876310983 25.132542600656748 221.89277139427475 -201.16175895321402 -134.42136918515982 192.35084590468296 -104.59244593052948 -59.768302528651205 90.845435459986092 18.746869566371796 -39.752806438043507 1.6510099107974043
leaf_weight=30 31 38 42 35 38 30 51 31 30 142 342 32
leaf_count=30 31 38 42 35 38 30 51 31 30 142 342 32
internal_value=3.34831 -9.79134 -19.3802 -24.4813 52.687 99.0795 -33.7993 -90.383 -23.9705 -15.9522 -22.5893 -28.6179
internal_weight=872 841 773 743 80 68 663 98 565 514 484 63
internal_count=872 841 773 743 80 68 663 98 565 514 484 63
is_linear=0
shrinkage=0.05


Tree=67
num_leaves=11
num_cat=0
split_feature=24 24 28 14 27 4 26 1 21 24
split_gain=1.4706e+09 3.17143e+08 1.87441e+08 6.63638e+08 2.03613e+08 2.11595e+08 1.69446e+08 1.54904e+08 3.98907e+08 8.54045e+07
threshold=48272.222222222226 21987.500000000004 0.98367285631203072 36.000000000000007 0.99373737808068319 995.05000000000007 6.6500000000000021 0.65000000000000013 0.5721011470281544 10826.388888888891
decision_type=2 2 2 2 2 2 2 2 2 2
left_child=1 2 3 -1 5 -5 -3 8 -7 -9
right_child=-2 6 -4 4 -6 7 -8 9 -10 -11
leaf_value=175.38939080097779 340.82244515863647 23.879212685332213 -123.67374470870095 96.833295408782476 102.49986203469312 18.129819819206098 182.76525578292899 -33.519037653182821 -135.17924869695003 17.170420746669027
leaf_weight=44 31 38 40 31 30 69 30 339 110 110
leaf_count=44 31 38 40 31 30 69 30 339 110 110
internal_value=3.18363 -9.30107 -18.4118 -12.6516 -24.6837 -30.4882 94.1415 -36.7876 -76.1053 -21.0996
internal_weight=872 841 773 733 689 659 68 628 179 449
internal_count=872 841 773 733 689 659 68 628 179 449
is_linear=0
shrinkage=0.05


Tree=68
num_leaves=15
num_cat=0
split_feature=24 25 7 20 3 26 24 27 27 1 24 24 8 27
split_gain=1.33249e+09 1.65362e+08 4.80734e+08 2.62495e+08 2.22488e+08 9.92828e+08 4.21615e+08 2.74909e+08 2.08053e+08 1.83589e+08 8.1823e+07 2.84696e+07 2.73016e+07 1.28781e+07
threshold=37490.741666666676 24.311670000000003 27.350000000000005 19.796050000000005 43.20000000000001 10.050000000000002 2683.3333333333335 0.30081702196488996 0.67125374152323958 0.22500000000000003 19484.258333333335 7760.9527777777785 19.150000000000002 -0.61183540583289531
decision_type=2 2 2 2 2 2 2 2 2 2 2 2 2 2
left_child=1 2 3 4 5 -1 7 -6 -9 -3 12 -11 -8 -13
right_child=-2 9 -4 -5 6 -7 10 8 -10 11 -12 13 -14 -15
leaf_value=193.33727486716791 253.37168878795143 -172.10805692450944 157.27015766740658 130.83846993683977 -246.2498931982893 -158.19498197319285 -13.576357882080366 27.349136469000229 -140.05427790704499 -67.763018537994128 51.427668324032346 -36.144669765491422 -60.490840820133513 8.1534189535970505
leaf_weight=51 50 30 44 30 31 33 344 32 44 35 48 30 34 36
leaf_count=51 50 30 44 30 31 33 344 32 44 35 48 30 34 36
internal_value=3.02826 -12.2284 -2.46044 -13.3457 -20.3764 55.2114 -32.297 -120.979 -69.6252 -63.7113 -9.99928 -31.3758 -17.8111 -12.0062
internal_weight=872 822 691 647 617 84 533 107 76 131 426 101 378 66
internal_count=872 822 691 647 617 84 533 107 76 131 426 101 378 66
is_linear=0
shrinkage=0.05


Tree=69
num_leaves=16
num_cat=0
split_feature=24 24 1 26 26 27 24 1 0 3 1 24 2 21 14
split_gain=1.22638e+09 2.5321e+08 1.84526e+08 5.6757e+08 6.96087e+08 1.5869e+08 8.78323e+07 5.87941e+07 6.83034e+07 4.51644e+07 5.0429e+07 2.91827e+07 2.38977e+07 1.70412e+07 6.8246e+06
threshold=48272.222222222226 21987.500000000004 0.080128205128205107 8.0500000000000025 5.8500000000000005 -0.12447811117596669 10125.000000000002 0.65000000000000013 48.600000000000009 42.850000000000001 0.65000000000000013 3763.8888888888891 20.850000000000005 1.0213991769547326 180.00000000000003
decision_type=2 2 2 2 2 2 2 2 2 2 2 2 2 2 2
left_child=1 2 3 4 -1 -3 9 -8 -9 -4 -11 -12 -13 14 -10
right_child=-2 5 6 -5 -6 -7 7 8 13 10 11 12 -14 -15 -16
leaf_value=119.94080005469402 311.20827508417358 7.4446960018527122 -91.426040072104641 174.56916181600019 -151.95888699844829 160.1197284497124 -57.399860653304074 78.938312705410681 25.467714841213915 -91.55930973885836 -74.030005972965725 -18.609125842556196 -54.737208920919116 -28.185785207728589 -2.2196120447628265
leaf_weight=41 31 34 41 48 55 34 39 30 36 37 34 250 56 48 58
leaf_count=41 31 34 41 48 55 34 39 30 36 37 34 250 56 48 58
internal_value=2.87643 -8.5246 -16.6654 34.3748 -35.831 83.9053 -28.3539 -2.05401 10.5214 -41.6259 -36.1872 -30.1362 -25.2365 -3.97826 8.39979
internal_weight=872 841 773 144 96 68 629 211 172 418 377 340 306 142 94
internal_count=872 841 773 144 96 68 629 211 172 418 377 340 306 142 94
is_linear=0
shrinkage=0.05


Tree=70
num_leaves=17
num_cat=0
split_feature=24 20 1 21 0 3 24 3 1 24 27 24 5 27 20 6
split_gain=1.03085e+09 3.71821e+08 3.49528e+08 1.54515e+09 1.06953e+09 8.77209e+08 1.47721e+08 7.52054e+07 7.72437e+07 3.89684e+07 2.43302e+07 2.1571e+07 1.65636e+07 1.82116e+07 1.39183e+07 2.79673e+06
threshold=28900.000000000004 6.7871500000000005 0.058333333333333307 0.71161738458215396 59.70000000000001 64.950000000000017 13011.111111111113 42.250000000000007 0.65000000000000013 6250.0000000000009 0.40542197401079721 19484.258333333335 3.4750000000000005 -0.76665171983724034 17.066100000000002 3.4500000000000006
decision_type=2 2 2 2 2 2 2 2 2 2 2 2 2 2 2 2
left_child=2 -2 3 4 -1 -5 7 -4 -9 14 11 -8 -11 -14 15 -10
right_child=1 -3 6 5 -6 -7 10 8 9 12 -12 -13 13 -15 -16 -17
leaf_value=158.57605555494499 79.508588794573328 324.5417985431634 -92.45248735162555 445.10082558286553 -208.20842495622307 65.903737737281531 -12.220330682699871 -91.65420457794454 -41.007129271877183 -46.535111949378994 51.984684289820542 40.039094942405683 -31.593688981002835 -1.1640833908291548 -69.714621689313944 -22.22544736228512
leaf_weight=31 31 31 54 30 55 31 54 46 61 33 46 31 66 192 42 30
leaf_count=31 31 31 54 30 55 31 54 46 61 33 46 31 66 192 42 30
internal_value=6.09234 202.351 -9.10308 60.5478 -75.9647 252.817 -24.7415 -36.6128 -30.1788 -23.4893 22.7352 6.86358 -13.2335 -8.95765 -45.9017 -34.8466
internal_weight=864 62 802 147 86 61 655 524 470 424 131 85 291 258 133 91
internal_count=864 62 802 147 86 61 655 524 470 424 131 85 291 258 133 91
is_linear=0
shrinkage=0.05


Tree=71
num_leaves=18
num_cat=0
split_feature=24 20 24 21 0 3 24 3 0 24 24 26 22 14 21 3 24
split_gain=9.30636e+08 3.35682e+08 3.1559e+08 1.3949e+09 9.65497e+08 7.91959e+08 1.33351e+08 6.7885e+07 5.99233e+07 2.74224e+07 2.25551e+07 3.23594e+07 1.32273e+07 1.06732e+07 5.7467e+06 5.6933e+06 3.99411e+06
threshold=28900.000000000004 6.7871500000000005 1.0000000180025095e-35 0.71161738458215396 59.70000000000001 64.950000000000017 13011.111111111113 42.250000000000007 7.8500000000000005 8972.2222222222244 19484.258333333335 7.5000000000000018 -0.6830127018922193 42.000000000000007 0.5721011470281544 77.050000000000011 10953.702777777778
decision_type=2 2 2 2 2 2 2 2 2 2 2 2 2 2 2 2 2
left_child=2 -2 3 4 -1 -5 7 -4 -9 12 11 -8 15 -14 -11 -10 -16
right_child=1 -3 6 5 -6 -7 10 8 9 14 -12 -13 13 -15 16 -17 -18
leaf_value=150.67274544768011 75.545952662624344 308.36689101829404 -87.838408498711146 422.91972126501344 -197.81690148770701 62.619145565707584 -21.345906748570457 -82.820929484253597 -37.495693998382102 10.613668659400526 50.241257185840823 40.191070549811251 -52.280112632064572 -20.657881144239667 -19.639058336160954 -65.948006164452664 3.1743910419980552
leaf_weight=31 31 31 54 30 55 31 47 46 42 46 45 39 31 191 53 31 30
leaf_count=31 31 31 54 30 55 31 47 46 42 46 45 39 31 191 53 31 30
internal_value=5.79089 192.266 -8.64702 57.5361 -72.1694 240.218 -23.5068 -34.7859 -28.6731 -22.7805 21.6015 6.57461 -31.1867 -25.0952 -3.54752 -49.6519 -11.3993
internal_weight=864 62 802 147 86 61 655 524 470 424 131 86 295 222 129 73 83
internal_count=864 62 802 147 86 61 655 524 470 424 131 86 295 222 129 73 83
is_linear=0
shrinkage=0.05


Tree=72
num_leaves=17
num_cat=0
split_feature=24 3 24 20 0 3 28 24 28 20 24 2 27 14 21 27
split_gain=8.40162e+08 3.03598e+08 9.16799e+08 3.03055e+08 1.6319e+08 1.55985e+08 1.51563e+08 3.15358e+08 5.21948e+08 2.72149e+08 5.92189e+07 2.65104e+07 2.22525e+07 1.2488e+07 8.69588e+06 8.06213e+06
threshold=28900.000000000004 42.850000000000001 5958.3333333333339 6.7871500000000005 3.0500000000000003 77.450000000000017 -0.99271195016773384 2131.428571428572 -0.30900554811238695 15.2233 8972.2222222222244 21.850000000000005 0.37371625404731906 42.000000000000007 1.0213991769547326 0.88606241628642846
decision_type=2 2 2 2 2 2 2 2 2 2 2 2 2 2 2 2
left_child=1 2 -1 -2 5 -3 -6 8 9 -8 11 13 14 -9 -12 -14
right_child=3 4 -4 -5 6 -7 7 10 -10 -11 12 -13 15 -15 -16 -17
leaf_value=301.57992121294086 71.780790136404747 -16.478341698834278 -51.759415748418007 292.99811709486784 79.83485878798821 130.78598773850024 76.937962463471109 -52.427674305996049 -257.7395557974267 -113.70841407156323 1.477433169819599 -67.435627371941692 47.35143972577773 -19.072162913917598 -26.827036754654429 13.543707453595459
leaf_weight=30 31 38 47 31 32 34 33 32 38 43 101 39 31 226 37 41
leaf_count=30 31 38 47 31 32 34 33 32 38 43 101 39 31 226 37 41
internal_value=5.50447 -8.21371 86.1178 182.683 -18.2429 53.148 -26.1214 -31.5933 -106.696 -30.9354 -14.6885 -29.0538 5.6324 -23.228 -6.12534 28.1454
internal_weight=864 802 77 62 725 72 653 621 114 76 507 297 210 258 138 72
internal_count=864 802 77 62 725 72 653 621 114 76 507 297 210 258 138 72
is_linear=0
shrinkage=0.05


Tree=73
num_leaves=18
num_cat=0
split_feature=24 1 3 8 29 6 24 1 24 25 14 26 2 0 24 24 14
split_gain=7.59714e+08 2.94053e+08 8.20546e+08 5.1564e+08 2.9344e+08 2.02811e+08 1.17159e+08 7.06178e+07 6.30183e+07 5.35882e+07 2.63208e+07 1.81677e+07 1.34673e+07 1.22461e+07 9.13201e+06 6.3291e+06 4.62295e+06
threshold=30064.102564102566 0.058333333333333307 50.850000000000001 19.250000000000004 1.0000000180025095e-35 2.7500000000000004 14348.147222222224 0.45000000000000007 5217.5916666666672 2.4432000000000005 157.50000000000003 9.3500000000000032 22.450000000000003 300.90000000000003 19484.258333333335 10187.500000000002 194.00000000000003
decision_type=2 2 2 2 2 2 2 2 2 2 2 2 2 2 2 2 2
left_child=1 2 -1 5 -2 -4 7 -3 13 -10 -8 12 -11 16 -12 -13 -9
right_child=4 6 3 -5 -6 -7 10 8 9 11 14 15 -14 -15 -16 -17 -18
leaf_value=289.01654558150079 66.97196411917831 -96.027883527711822 -173.66836963881792 126.54916273270149 286.42784248935027 -4.7483755741753404 60.239247240339012 -89.805656924833897 -78.418622720493659 -13.89898899830021 -8.4084027131398518 -3.6949495512633312 -44.898459731981411 -40.832327746912469 28.443307937419299 22.622397593500736 -61.414970078579216
leaf_weight=30 31 39 35 46 30 36 37 30 33 239 38 57 41 44 30 38 30
leaf_count=30 31 39 35 46 30 36 37 30 33 239 38 57 41 44 30 38 30
internal_value=5.23162 -7.69974 56.194 -3.69991 175.193 -88.146 -22.0238 -31.2474 -26.2952 -17.4303 26.3621 -12.0439 -18.4526 -61.0226 7.86752 6.84466 -75.7362
internal_weight=864 803 147 117 61 71 656 551 512 408 105 375 280 104 68 95 60
internal_count=864 803 147 117 61 71 656 551 512 408 105 375 280 104 68 95 60
is_linear=0
shrinkage=0.05


Tree=74
num_leaves=17
num_cat=0
split_feature=1 21 2 0 6 28 27 1 28 7 1 26 27 26 0 20
split_gain=3.44831e+08 3.22117e+08 1.18874e+09 1.67105e+09 3.03142e+08 2.92261e+08 2.33589e+08 3.11217e+08 4.05159e+08 1.37737e+08 6.67551e+07 4.87005e+07 3.98192e+07 3.85806e+07 3.40567e+07 1.42035e+07
threshold=1.2500000000000002 0.71161738458215396 9.9000000000000021 318.60000000000008 2.0500000000000003 -0.97870382656940669 -0.81403855522663837 0.13392857142857142 -0.8038981836306559 12.450000000000001 0.22500000000000003 10.050000000000002 -0.96683886033945943 7.5000000000000018 927.70000000000016 5.2617000000000003
decision_type=2 2 2 2 2 2 2 2 2 2 2 2 2 2 2 2
left_child=1 4 3 -3 -1 -4 -6 8 -8 -7 -11 14 -12 -14 15 -9
right_child=-2 2 5 -5 6 9 7 11 -10 10 12 -13 13 -15 -16 -17
leaf_value=-145.24760830662794 168.43995109386381 490.39022592164315 137.70356682512988 -9.9560322991368508 84.106303514531078 -98.52279210477262 -8.9856422262969691 -56.279597637898895 -260.53514502424133 -64.006232489155536 -49.314723775988426 47.955272096378515 31.00165901450184 -10.957695015330321 32.662870797445606 -18.131766179045929
leaf_weight=53 31 31 32 36 49 48 33 30 31 44 32 35 111 108 30 130
leaf_count=53 31 31 32 36 49 48 33 30 31 44 32 35 111 108 30 130
internal_value=4.97157 -1.13137 28.1093 221.933 -34.1848 -6.57048 -16.7318 -33.8521 -131.046 -20.0667 -7.27186 -6.1598 2.69512 10.3138 -16.1484 -25.3152
internal_weight=864 833 442 67 391 375 338 289 64 343 295 225 251 219 190 160
internal_count=864 833 442 67 391 375 338 289 64 343 295 225 251 219 190 160
is_linear=0
shrinkage=0.05


Tree=75
num_leaves=18
num_cat=0
split_feature=24 1 8 8 11 24 7 3 1 1 0 24 5 27 20 20 0
split_gain=4.45552e+08 5.60577e+08 8.23305e+08 8.97413e+08 3.9786e+08 9.84835e+07 9.2045e+07 6.11998e+07 5.13512e+07 3.2598e+07 4.09748e+07 2.66182e+07 2.93504e+07 1.90915e+07 1.07154e+07 1.03284e+07 4.01502e+06
threshold=30064.102564102566 1.0000000180025095e-35 19.050000000000004 7.2500000000000009 2.5000000000000004 12361.111111111111 21.750000000000004 42.250000000000007 0.65000000000000013 0.45000000000000007 52.20000000000001 5711.3095238095248 3.7000000000000006 -0.74981945761428159 15.976050000000003 7.5219500000000012 493.55000000000007
decision_type=2 2 2 2 2 2 2 2 2 2 2 2 2 2 2 2 2
left_child=1 2 3 -1 -2 7 -5 -3 -9 -7 -11 14 -13 -14 16 -12 -10
right_child=4 5 -4 6 -6 9 -8 8 11 10 15 12 13 -15 -16 -17 -18
leaf_value=232.77702292001919 263.46951784949596 -82.987251197685623 267.46894912806226 -152.0456503604552 8.2210312751440497 -29.048724826224984 -33.675141517602363 -78.757327354322413 -42.756269838663144 77.326578619313807 -13.052782650528668 -60.308411896664438 -29.621524316973193 -0.19644104997138273 -65.488072417604286 23.281710001903619 -17.579860323528912
leaf_weight=30 31 53 44 35 30 33 31 42 34 30 32 30 76 200 35 50 30
leaf_count=30 31 53 44 35 30 33 31 42 34 30 32 30 76 200 35 50 30
internal_value=8.10277 -2.01961 88.6357 6.47741 138.156 -21.7074 -96.5825 -32.2274 -26.1916 14.5653 27.4304 -20.7223 -13.4231 -8.30681 -43.2471 9.10371 -31.0007
internal_weight=846 785 140 96 61 645 66 500 447 145 112 405 306 276 99 82 64
internal_count=846 785 140 96 61 645 66 500 447 145 112 405 306 276 99 82 64
is_linear=0
shrinkage=0.05


Tree=76
num_leaves=17
num_cat=0
split_feature=1 8 8 1 1 28 3 27 14 0 6 30 2 21 19 0
split_gain=3.93203e+08 7.432e+08 8.10189e+08 2.91894e+08 2.50687e+08 1.04126e+08 1.02409e+08 2.75732e+07 5.30673e+07 2.19928e+07 2.96739e+07 1.99672e+07 1.51928e+07 2.06869e+07 1.22495e+07 3.62579e+06
threshold=1.0000000180025095e-35 19.050000000000004 7.2500000000000009 0.90000000000000013 0.29166666666666669 -0.51974381215551546 42.850000000000001 -0.29259762607704992 197.50000000000003 180.20000000000002 4.4500000000000011 -0.56174490092936669 10.950000000000001 0.93361477349560529 1.0000000180025095e-35 327.05000000000007
decision_type=2 2 2 2 2 2 2 2 2 2 2 2 2 2 2 2
left_child=1 2 -1 4 -2 -4 -6 11 9 14 -11 15 -13 -14 -9 -8
right_child=3 -3 5 -5 6 -7 7 8 -10 10 -12 12 13 -15 -16 -17
leaf_value=221.17683249438721 -121.38318355433394 254.12582718206909 -34.276331075208667 131.01324115024048 -69.346356333143319 -160.41353332544878 -23.50975090943767 -29.89107232195266 73.02582042858846 2.6878118870632122 49.432445872300185 27.203041644949373 -28.813139467617493 12.825280125217473 7.893492614250528 -45.1759499585187
leaf_weight=30 51 44 36 36 58 30 44 61 30 160 43 34 68 53 33 35
leaf_count=30 51 44 36 36 58 30 44 61 30 160 43 34 68 53 33 35
internal_value=7.69921 84.2152 6.15598 -7.48369 -14.9438 -91.7674 -6.15593 0.388317 9.76421 3.35171 12.6089 -12.7125 -2.2793 -10.5793 -16.6319 -33.1537
internal_weight=846 140 96 706 670 66 619 561 327 297 203 234 155 121 94 79
internal_count=846 140 96 706 670 66 619 561 327 297 203 234 155 121 94 79
is_linear=0
shrinkage=0.05


Tree=77
num_leaves=16
num_cat=0
split_feature=24 1 8 8 24 28 0 21 1 24 0 5 2 7 28
split_gain=4.11643e+08 4.60147e+08 6.70895e+08 7.31448e+08 9.76983e+07 9.40082e+07 5.51843e+07 5.37606e+07 3.6439e+07 3.23931e+07 3.18091e+07 1.30936e+07 1.55187e+07 7.85265e+06 5.83349e+06
threshold=31574.075000000001 1.0000000180025095e-35 19.050000000000004 7.2500000000000009 12361.111111111111 -0.51974381215551546 10.15 2.2000388538125306 0.45000000000000007 5217.5916666666672 52.20000000000001 3.7000000000000006 22.250000000000004 23.200000000000006 -0.58427653070765284
decision_type=2 2 2 2 2 2 2 2 2 2 2 2 2 2 2
left_child=1 2 3 -1 6 -5 -3 9 -6 14 -10 -11 -13 -12 -8
right_child=-2 4 -4 5 8 -7 7 -9 10 11 13 12 -14 -15 -16
leaf_value=210.1547299610024 135.75411901162127 -80.826610157446069 241.44835433440954 -32.567262636855702 -29.607815463382128 -152.41949932820771 -35.141802352464119 -89.554065841218573 73.412991137837253 -44.856460353306367 1.4775054742187093 -5.482832640701627 -36.687228553512803 32.93073089457004 -61.530052853790806
leaf_weight=30 58 49 44 36 34 30 44 30 30 30 52 259 47 32 41
leaf_count=30 58 49 44 36 34 30 44 30 30 30 52 259 47 32 41
internal_value=7.31583 -2.15377 80.0144 5.84956 -19.9158 -87.1938 -30.4771 -24.99 15.7607 -20.3691 29.3058 -13.3852 -10.2861 13.4847 -47.9277
internal_weight=846 788 140 96 648 66 500 451 148 421 114 336 306 84 85
internal_count=846 788 140 96 648 66 500 451 148 421 114 336 306 84 85
is_linear=0
shrinkage=0.05


Tree=78
num_leaves=16
num_cat=0
split_feature=1 8 8 1 1 3 28 27 10 26 27 14 3 21 8
split_gain=3.20422e+08 6.05623e+08 6.60361e+08 2.66324e+08 2.31808e+08 8.78736e+07 8.48734e+07 2.53454e+07 4.36125e+07 2.59793e+07 1.65437e+07 3.2597e+07 2.1593e+07 1.05656e+07 1.44954e+07
threshold=1.0000000180025095e-35 19.050000000000004 7.2500000000000009 0.90000000000000013 0.29166666666666669 42.850000000000001 -0.51974381215551546 -0.27194808396361159 6.5000000000000009 9.7500000000000018 0.40542197401079721 58.000000000000007 73.050000000000011 1.1263335935467087 22.950000000000003
decision_type=2 2 2 2 2 2 2 2 2 2 2 2 2 2 2
left_child=1 2 -1 4 -2 -6 -4 9 10 13 12 -12 -9 14 -7
right_child=3 -3 6 -5 5 7 -8 8 -10 -11 11 -13 -14 -15 -16
leaf_value=199.68190500253061 -116.23388598567119 229.40330748266103 -30.943410274262575 125.53644893096754 -63.965159667666718 -35.240799761482663 -144.8238495836226 -50.958763196064389 52.176846197579941 27.45099673495729 52.323788770215998 -0.27581922115943047 3.9902201654689389 7.3158939913320395 -5.4155151537740291
leaf_weight=30 51 44 36 36 58 104 30 30 51 36 36 160 44 33 67
leaf_count=30 51 44 36 36 58 104 30 30 51 36 36 160 44 33 67
internal_value=6.95078 76.0232 5.55838 -6.75512 -13.881 -5.43063 -82.8481 0.631377 9.81961 -11.6568 1.80243 9.40706 -18.325 -18.5683 -23.5649
internal_weight=846 140 96 706 670 619 66 561 321 240 270 196 74 204 171
internal_count=846 140 96 706 670 619 66 561 321 240 270 196 74 204 171
is_linear=0
shrinkage=0.05


Tree=79
num_leaves=18
num_cat=0
split_feature=24 1 27 25 6 2 24 3 20 24 20 24 2 27 14 24 26
split_gain=3.79959e+08 3.85305e+08 5.36806e+08 7.48787e+08 4.39904e+08 2.7902e+08 8.11264e+07 4.95978e+07 4.76368e+07 3.81103e+07 3.00899e+07 2.18448e+07 2.32375e+07 9.3066e+06 1.18505e+07 7.76439e+06 4.54753e+06
threshold=28900.000000000004 1.0000000180025095e-35 0.30901413279605805 23.666230000000002 3.4500000000000006 15.597000000000003 8875.0000000000018 42.850000000000001 1.9022500000000002 17183.333333333339 20.590300000000003 3361.1111111111118 21.850000000000005 -0.76665171983724034 103.00000000000001 14023.147222222224 9.7500000000000018
decision_type=2 2 2 2 2 2 2 2 2 2 2 2 2 2 2 2 2
left_child=1 2 3 -1 -4 -2 7 -3 -8 10 15 -9 13 -13 -15 16 -10
right_child=5 6 4 -5 -6 -7 8 11 9 -11 -12 12 -14 14 -16 -17 -18
leaf_value=339.09191749997854 231.29017031752412 -88.238944569014549 -120.10438064263791 -3.3808794091310221 123.20602883787541 20.914187669605482 -54.298260446268436 -68.021462993681254 -4.0050209010216058 43.111827219973094 -44.500975567085924 -41.327468191388483 -60.539217226023439 -32.649675908548581 -5.7971530377203058 28.310225849212941 17.625721933604051
leaf_weight=34 31 40 44 30 32 32 36 32 111 57 36 37 38 59 135 31 31
leaf_count=34 31 40 44 30 32 32 36 32 111 57 36 37 38 59 135 31 31
internal_value=6.60472 -2.90667 72.2311 178.803 -17.6305 124.635 -19.2751 -35.985 -0.401562 6.91037 -2.97862 -29.0139 -24.3501 -18.3732 -13.9763 5.68255 0.726229
internal_weight=846 783 140 64 76 63 643 341 302 266 209 301 269 231 194 173 142
internal_count=846 783 140 64 76 63 643 341 302 266 209 301 269 231 194 173 142
is_linear=0
shrinkage=0.05


Tree=80
num_leaves=13
num_cat=0
split_feature=24 29 28 3 24 3 0 21 3 24 9 9
split_gain=3.00548e+08 4.14571e+08 2.34445e+08 3.98499e+08 5.21075e+08 2.20952e+08 1.46665e+08 1.53012e+08 1.29735e+08 1.98661e+08 1.86043e+08 1.42754e+08
threshold=28900.000000000004 1.0000000180025095e-35 0.97308229207007257 42.850000000000001 7078.7027777777785 47.550000000000004 3.0500000000000003 0.65528469316596949 87.15000000000002 6170.6361111111119 9.1500000000000021 1.0000000180025095e-35
decision_type=2 2 2 2 2 2 2 2 2 2 2 2
left_child=2 -2 3 4 -1 -5 7 -7 10 -10 11 -8
right_child=1 -3 -4 5 -6 6 8 -9 9 -11 -12 -13
leaf_value=267.16963466758347 -25.459815375521252 232.84336037099172 -117.34667456660598 -142.50556649656681 -22.57155898263521 143.12509190599252 1.9885632363413261 -8.265776291316234 -176.85233800894397 -12.971837471428632 90.016072586634721 -58.119143154965506
leaf_weight=30 31 31 48 32 32 31 324 36 30 48 45 142
leaf_count=30 31 31 48 32 32 31 324 36 30 48 45 142
internal_value=-2.09376 103.859 -10.3376 -3.47433 117.83 -14.4214 -8.15259 61.8896 -16.1292 -76.1486 -6.95461 -16.336
internal_weight=860 62 798 750 62 688 656 67 589 78 511 466
internal_count=860 62 798 750 62 688 656 67 589 78 511 466
is_linear=0
shrinkage=0.05


Tree=81
num_leaves=15
num_cat=0
split_feature=6 24 22 3 2 24 20 14 3 2 24 20 30 4
split_gain=2.82878e+08 5.39279e+08 3.05932e+08 2.91552e+08 6.61928e+08 1.83262e+08 4.37641e+08 1.68658e+08 1.42675e+08 1.99947e+08 3.1556e+07 1.64775e+07 1.62279e+07 9.00324e+06
threshold=2.0500000000000003 30064.102564102566 -0.93301270189221908 42.850000000000001 4.7500000000000009 2205.5555555555561 9.3287500000000012 186.50000000000003 80.450000000000017 6.0500000000000007 13534.722222222224 20.916100000000004 -0.56174490092936669 1024.1000000000001
decision_type=2 2 2 2 2 2 2 2 2 2 2 2 2 2
left_child=8 2 -2 4 -4 6 -5 -8 9 -1 11 13 -12 -7
right_child=1 -3 3 5 -6 10 7 -9 -10 -11 12 -13 -14 -15
leaf_value=-213.15634167218127 128.70538805601433 168.00405485415888 -73.913642638145731 -239.1035130942366 221.28474687210041 -7.7039368666675303 32.557243721368309 -111.62920131029739 4.4431541381036856 -50.509553066111827 48.986399711406115 -43.118467268381529 3.0094894926426776 -34.860619879747766
leaf_weight=30 42 50 36 31 40 292 55 32 40 51 30 44 53 34
leaf_count=30 42 50 36 31 40 292 55 32 40 51 30 44 53 34
internal_value=-1.98808 9.61835 -1.89824 -10.395 81.5405 -22.6437 -78.1161 -20.5441 -72.8231 -110.938 -8.17987 -14.4302 19.6667 -10.5461
internal_weight=860 739 689 647 76 571 118 87 121 81 453 370 83 326
internal_count=860 739 689 647 76 571 118 87 121 81 453 370 83 326
is_linear=0
shrinkage=0.05


Tree=82
num_leaves=23
num_cat=0
split_feature=29 1 28 1 28 24 24 24 20 25 24 24 7 24 23 27 24 9 24 20 0 0
split_gain=2.66353e+08 5.41164e+08 7.96958e+08 5.31486e+08 1.07638e+09 5.07311e+08 4.5984e+08 3.48293e+07 3.08719e+07 3.43743e+07 3.05612e+07 1.5578e+07 1.13574e+07 7.99762e+06 9.90241e+06 6.38814e+06 9.63508e+06 8.45334e+06 5.02686e+06 4.86853e+06 3.95025e+06 1.90587e+06
threshold=1.0000000180025095e-35 0.22500000000000003 -0.24284072672761489 0.058333333333333307 -0.43663505800854857 28238.888888888891 23800.925000000007 3894.4444444444448 2.0157000000000003 21.885815000000004 7127.3138888888898 10708.333333333334 10.15 4009.2583333333337 -0.24999999999999994 -0.021515898191483831 11708.333333333334 0.45000000000000007 10826.388888888891 10.210750000000003 327.05000000000007 341.75000000000006
decision_type=2 2 2 2 2 2 2 2 2 2 2 2 2 2 2 2 2 2 2 2 2 2
left_child=1 2 -1 4 -2 7 10 -5 -9 11 13 20 -12 -3 -15 17 -17 21 -11 -13 -10 -14
right_child=3 6 -4 5 -6 -7 -8 8 9 18 12 19 15 14 -16 16 -18 -19 -20 -21 -22 -23
leaf_value=-17.711823590720936 -26.036753399702761 -62.724117165625699 -329.99030530823291 -66.114092262706009 354.09751264286882 196.92634437789155 184.7364668836625 -60.074537959051298 -15.557455624698921 -40.759300637696576 -35.625085613581909 12.485438607683959 7.9146621225778917 -14.508413997849917 -48.914481535412023 -7.7840644562030992 29.51223038615138 -32.505985883117873 -15.749722909160747 39.212631462317958 3.3124424548649749 -9.5990115802549436
leaf_weight=51 41 30 34 33 34 30 30 30 53 58 31 38 32 40 44 39 31 31 31 31 58 30
leaf_count=51 41 30 34 33 34 30 30 30 53 58 31 38 32 40 44 39 31 31 31 31 58 30
internal_value=-1.88965 -30.1687 -142.864 25.4841 146.533 0.371393 -1.79424 -17.4435 -12.0515 -6.67546 -20.0169 5.89431 -7.93548 -40.5515 -32.5674 -2.65072 8.75133 -11.2331 -32.0756 24.5328 -5.70336 -0.561427
internal_weight=860 423 85 437 75 362 338 332 299 269 308 180 194 114 84 163 70 93 89 69 111 62
internal_count=860 423 85 437 75 362 338 332 299 269 308 180 194 114 84 163 70 93 89 69 111 62
is_linear=0
shrinkage=0.05


Tree=83
num_leaves=24
num_cat=0
split_feature=29 1 28 1 28 24 24 24 20 5 24 24 7 24 23 10 3 24 0 20 0 8 24
split_gain=2.4046e+08 4.88551e+08 7.19481e+08 4.79812e+08 9.71732e+08 4.58005e+08 4.15148e+08 3.14441e+07 2.78725e+07 2.97628e+07 2.75891e+07 1.43493e+07 1.02536e+07 7.2212e+06 8.93896e+06 5.50737e+06 9.97948e+06 8.90129e+06 5.16883e+06 4.39546e+06 3.89389e+06 2.07484e+06 2.04582e+06
threshold=1.0000000180025095e-35 0.22500000000000003 -0.24284072672761489 0.058333333333333307 -0.43663505800854857 28238.888888888891 23800.925000000007 3894.4444444444448 2.0157000000000003 21.550000000000004 7127.3138888888898 10708.333333333334 10.15 4009.2583333333337 -0.24999999999999994 6.5000000000000009 77.850000000000009 11708.333333333334 58.70000000000001 10.210750000000003 327.05000000000007 13.15 9175.9250000000011
decision_type=2 2 2 2 2 2 2 2 2 2 2 2 2 2 2 2 2 2 2 2 2 2 2
left_child=1 2 -1 4 -2 7 10 -5 -9 11 13 20 -12 -3 -15 17 21 -14 -11 -13 -10 -17 -20
right_child=3 6 -4 5 -6 -7 -8 8 9 18 12 19 15 14 -16 16 -18 -19 22 -21 -22 -23 -24
leaf_value=-16.827965199270828 -24.738081616960883 -59.598330606099381 -313.53917218429251 -62.818373801701028 336.44455122514205 187.1127391865879 175.53033060473064 -57.080789683902779 -15.68151430653519 -46.717976950965458 -33.849558626953815 11.862804856387962 -8.0141412359523017 -13.784802342174652 -46.474302796171372 -7.669004210139299 -34.131204260385708 28.041362981550947 -30.470150105422519 37.258304930806545 3.1471055989421379 10.343412289033301 -11.954047851625866
leaf_weight=51 41 30 34 33 34 30 30 30 52 30 31 38 38 40 44 34 30 31 30 31 58 30 30
leaf_count=51 41 30 34 33 34 30 30 30 52 30 31 38 38 40 44 34 30 31 30 31 58 30 30
internal_value=-1.79491 -28.6643 -135.741 24.2143 139.228 0.353563 -1.70437 -16.5735 -11.4503 -6.342 -19.0189 5.45255 -7.53995 -38.5294 -30.9428 -2.51857 -10.3882 8.20177 -29.7801 23.3099 -5.75981 0.777202 -21.2475
internal_weight=860 423 85 437 75 362 338 332 299 269 308 179 194 114 84 163 94 69 90 69 110 64 60
internal_count=860 423 85 437 75 362 338 332 299 269 308 179 194 114 84 163 94 69 90 69 110 64 60
is_linear=0
shrinkage=0.05


Tree=84
num_leaves=15
num_cat=0
split_feature=6 1 22 3 8 1 20 26 20 1 7 4 6 2
split_gain=2.60651e+08 4.46557e+08 3.03022e+08 2.14476e+08 5.99354e+08 2.46461e+08 5.68913e+08 1.81976e+08 2.15044e+08 1.5676e+08 2.15938e+07 3.06581e+07 1.19581e+07 8.91755e+06
threshold=2.0500000000000003 0.29166666666666669 -0.93301270189221908 43.20000000000001 -0.34999999999999992 0.22500000000000003 7.0585000000000013 6.1500000000000021 14.776200000000001 0.90000000000000013 7.0000000000000009 1023.1500000000002 4.4500000000000011 13.450000000000001
decision_type=2 2 2 2 2 2 2 2 2 2 2 2 2 2
left_child=1 -1 -2 4 -4 6 -5 -8 -9 10 -7 12 -12 -3
right_child=2 13 3 5 -6 9 7 8 -10 -11 11 -13 -14 -15
leaf_value=-229.57576826339198 128.16206148798594 10.149011802673339 -98.75767495291575 -261.07307830506386 183.58980549680973 -39.148742563991028 87.458640841272484 24.273102641056123 -155.16884621991221 117.57768220743071 -5.2364143560516077 50.565943623509057 17.335986941201352 -23.296482641604147
leaf_weight=32 50 30 30 30 50 33 31 36 31 30 315 31 72 59
leaf_count=32 50 30 30 30 50 33 31 36 31 30 315 31 72 59
internal_value=-1.70513 -69.7004 9.43598 0.802803 77.7183 -9.31214 -70.9432 -12.5333 -58.8597 7.09997 -0.273303 2.80443 -1.03349 -12.0239
internal_weight=860 121 739 689 80 609 128 98 67 481 451 418 387 89
internal_count=860 121 739 689 80 609 128 98 67 481 451 418 387 89
is_linear=0
shrinkage=0.05


Tree=85
num_leaves=14
num_cat=0
split_feature=24 4 8 3 3 24 26 7 24 21 6 24 6
split_gain=3.85154e+08 1.98959e+08 3.02564e+08 1.70249e+08 4.03693e+08 6.76859e+08 1.93055e+08 3.27935e+08 2.52575e+08 9.44655e+07 7.47604e+07 8.03971e+07 3.45328e+07
threshold=51794.444444444445 998.95000000000016 20.450000000000003 34.150000000000006 46.95000000000001 6337.9638888888894 7.1499999999999995 27.350000000000005 1828.5714285714289 1.6477652464494572 4.2500000000000009 2412.9638888888894 2.8500000000000001
decision_type=2 2 2 2 2 2 2 2 2 2 2 2 2
left_child=1 2 -1 -3 5 -5 8 10 -6 12 11 -8 -10
right_child=-2 3 -4 4 6 -7 7 -9 9 -11 -12 -13 -14
leaf_value=-39.127188940277385 162.67295926698151 88.129702893714054 125.90698264434332 -324.3889902792896 -155.58895999883072 -16.654779168916129 -88.611493532338386 156.07637120467825 -38.475849602744368 -110.45946540769151 57.558259118792186 -6.5630980355167088 0.95065497650381747
leaf_weight=54 31 31 57 30 45 44 35 34 98 30 37 200 128
leaf_count=54 31 31 57 30 45 44 35 34 98 30 37 200 128
internal_value=-10.0534 -16.5785 45.6571 -26.286 -31.5066 -141.681 -18.0539 9.91203 -46.4782 -27.2453 -8.40914 -18.8156 -16.1552
internal_weight=854 823 111 712 681 74 607 306 301 256 272 235 226
internal_count=854 823 111 712 681 74 607 306 301 256 272 235 226
is_linear=0
shrinkage=0.05


Tree=86
num_leaves=17
num_cat=0
split_feature=24 1 20 1 5 4 8 1 8 8 27 24 24 14 5 4
split_gain=3.47717e+08 2.97786e+08 1.33933e+08 4.82658e+08 1.31031e+08 3.03972e+08 5.00993e+08 2.0205e+08 9.25273e+07 2.93845e+08 1.23804e+08 7.43512e+07 5.34053e+07 2.08385e+07 1.71727e+07 5.14634e+06
threshold=51794.444444444445 0.90000000000000013 5.9439000000000002 0.22500000000000003 25.050000000000004 998.35000000000002 20.050000000000004 0.65000000000000013 19.750000000000004 18.850000000000005 -0.98211651112579568 7451.3888888888896 8143.5194444444451 42.000000000000007 3.4750000000000005 1003.35
decision_type=2 2 2 2 2 2 2 2 2 2 2 2 2 2 2 2
left_child=1 2 3 -1 5 6 -4 -6 9 10 -7 -10 13 -5 -14 -9
right_child=-2 -3 4 12 7 8 -8 15 11 -11 -12 -13 14 -15 -16 -17
leaf_value=-216.80254106496574 154.56545987144546 133.54343187162809 -37.59115111138734 -80.111489525848128 -166.99648543937414 -112.00448834459115 251.02118690845577 2.626872316785033 -125.16370468900053 143.81567280760149 -6.8841079760468293 -21.068086522356829 -20.421315581750989 -29.521056932385889 22.42691918779397 -25.215472581765724
leaf_weight=38 31 32 30 34 31 31 30 30 30 31 282 40 40 51 56 37
leaf_count=38 31 32 30 34 31 31 30 30 30 31 282 40 40 51 56 37
internal_value=-9.55186 -15.7517 -21.8076 -55.0491 -9.07311 1.81246 106.892 -61.6719 -13.4387 -2.76861 -17.3279 -65.7955 -20.9888 -49.8276 4.57076 -12.7633
internal_weight=854 823 791 219 572 474 60 98 414 344 313 70 181 85 96 67
internal_count=854 823 791 219 572 474 60 98 414 344 313 70 181 85 96 67
is_linear=0
shrinkage=0.05


Tree=87
num_leaves=13
num_cat=0
split_feature=24 1 3 3 24 24 6 4 0 24 26 4
split_gain=3.13918e+08 2.68838e+08 1.44307e+08 4.01867e+08 5.11764e+08 1.16685e+08 8.75704e+07 4.18801e+08 1.69563e+08 3.78554e+08 2.70019e+08 9.51186e+07
threshold=51794.444444444445 0.90000000000000013 34.150000000000006 46.20000000000001 7350.0000000000009 28238.888888888891 2.3500000000000001 1004.9500000000002 11.300000000000002 1828.5714285714289 6.1500000000000021 1009.0500000000001
decision_type=2 2 2 2 2 2 2 2 2 2 2 2
left_child=1 2 -1 4 -4 6 7 -5 10 -10 -8 -9
right_child=-2 -3 3 5 -6 -7 8 11 9 -11 -12 -13
leaf_value=86.66526538177186 146.86203146195487 126.88706344889702 -294.9241077930032 148.37864995498819 -11.806387074042625 -110.24195280170123 157.88494357052622 -101.25200902442074 -134.46160820523639 -10.606535897672414 -29.397139133162906 -1.9093301335859256
leaf_weight=30 31 32 30 47 34 30 32 31 76 326 48 107
leaf_count=30 31 32 30 47 34 30 32 31 76 326 48 107
internal_value=-9.07506 -14.9659 -20.7199 -24.964 -144.771 -13.9439 -9.59679 19.6391 -20.8198 -34.0496 45.6192 -24.2826
internal_weight=854 823 791 761 64 697 667 185 482 402 80 138
internal_count=854 823 791 761 64 697 667 185 482 402 80 138
is_linear=0
shrinkage=0.05


Tree=88
num_leaves=16
num_cat=0
split_feature=24 1 28 1 7 27 21 24 3 24 2 23 21 14 0
split_gain=2.83402e+08 2.42701e+08 1.98617e+08 1.95895e+08 6.29902e+08 5.0972e+08 5.13669e+08 6.63098e+07 4.80176e+07 2.94066e+07 1.81106e+07 1.3776e+07 1.17453e+07 1.18595e+07 3.67113e+06
threshold=51794.444444444445 0.90000000000000013 -0.99271195016773384 0.22500000000000003 27.350000000000005 0.26781182513105634 0.73875464812009384 8515.8722222222223 39.050000000000004 19484.258333333335 22.050000000000004 -0.68301270189221952 0.9181311242476643 270.50000000000006 16.350000000000005
decision_type=2 2 2 2 2 2 2 2 2 2 2 2 2 2 2
left_child=1 2 -1 4 5 -4 -7 8 -5 12 11 -10 14 -14 -9
right_child=-2 -3 3 7 -6 6 -8 9 10 -11 -12 -13 13 -15 -16
leaf_value=106.29329376981107 139.54254676352741 120.56247382951301 -282.28301644955042 -87.518079276866857 115.47342555250239 -178.52246471586682 67.204011067450764 -11.493521196739222 1.027126155839303 36.780055390473215 -54.208158326470304 -25.156053785592768 -35.296903560994245 3.6182998588707442 7.7190449669426107
leaf_weight=30 31 32 37 31 34 44 41 30 75 57 37 152 46 34 143
leaf_count=30 31 32 37 31 34 44 41 30 75 57 37 152 46 34 143
internal_value=-8.62147 -14.2187 -19.6858 -24.6654 -74.6048 -127.629 -60.0558 -11.7783 -28.7429 4.36949 -21.8108 -16.5086 -2.94412 -18.774 4.38264
internal_weight=854 823 791 761 156 122 85 605 295 310 264 227 253 80 173
internal_count=854 823 791 761 156 122 85 605 295 310 264 227 253 80 173
is_linear=0
shrinkage=0.05


Tree=89
num_leaves=15
num_cat=0
split_feature=28 1 7 27 21 8 3 0 2 2 3 7 29 3
split_gain=2.45929e+08 2.48498e+08 5.95064e+08 5.72556e+08 6.42682e+08 1.27448e+08 5.93585e+07 3.70563e+07 3.10607e+07 2.47733e+07 2.84367e+07 2.6156e+07 2.42715e+07 2.33114e+07
threshold=-0.99271195016773384 0.29166666666666669 27.350000000000005 0.26781182513105634 0.71950469023811991 25.300000000000001 44.500000000000007 10.15 15.597000000000003 22.050000000000004 82.050000000000011 7.6500000000000012 1.0000000180025095e-35 78.200000000000003
decision_type=2 2 2 2 2 2 2 2 2 2 2 2 2 2
left_child=-1 2 3 -2 -5 6 8 -8 -3 10 11 -9 -12 -11
right_child=1 5 -4 4 -6 -7 7 9 -10 13 12 -13 -14 -15
leaf_value=123.37905294021203 -253.4239337767259 -15.174868604770072 107.975099452297 -180.77725552439438 67.766567188696271 101.95143311586095 42.5865191595895 -39.90307846458591 -83.32911362217223 -0.49681577080507999 62.910570789943236 1.3364420376909212 5.4381982316550408 -62.276633894941817
leaf_weight=34 47 35 40 47 58 30 51 44 32 30 32 300 43 31
leaf_count=34 47 35 40 47 58 30 51 44 32 30 32 300 43 31
internal_value=-8.19084 -13.6606 -63.4244 -108.571 -43.5525 1.56154 -3.49094 2.10802 -47.8019 -2.20078 2.13591 -3.94843 30.0109 -31.9437
internal_weight=854 820 192 152 105 628 598 531 67 480 419 344 75 61
internal_count=854 820 192 152 105 628 598 531 67 480 419 344 75 61
is_linear=0
shrinkage=0.05


Tree=90
num_leaves=15
num_cat=0
split_feature=24 3 26 1 4 26 2 24 24 2 24 1 9 27
split_gain=5.22257e+08 3.7872e+08 1.24006e+09 2.82311e+08 7.57226e+08 2.97806e+08 2.84735e+08 2.18175e+08 4.93603e+07 3.41346e+07 2.74884e+07 1.85015e+07 1.31882e+07 1.01129e+07
threshold=48272.222222222226 43.20000000000001 9.8500000000000032 0.22500000000000003 1011.2500000000001 6.6500000000000021 15.100000000000001 21987.500000000004 3577.7777777777783 22.050000000000004 10231.747222222224 0.65000000000000013 1.9500000000000002 -0.74981945761428159
decision_type=2 2 2 2 2 2 2 2 2 2 2 2 2 2
left_child=1 2 -1 4 5 -3 -7 8 -5 10 13 -12 -11 -10
right_child=-2 3 -4 7 -6 6 -8 -9 9 12 11 -13 -14 -15
leaf_value=261.99444583222561 199.11059762641932 -124.37069266442539 -139.19675181409022 -65.251650726601596 -306.80761101301323 153.51479556460853 -54.283880171816577 106.86234483029182 -33.677082076723366 -22.249470448444391 -20.934387711696687 22.420337621444975 -62.993090999301231 -8.8078749714074984
leaf_weight=46 31 44 33 43 30 31 35 40 49 48 31 118 34 245
leaf_count=46 31 44 33 43 30 31 35 40 49 48 31 118 34 245
internal_value=-2.03806 -9.60127 94.4441 -20.6012 -84.5875 -23.7584 43.403 -5.85597 -13.8113 -9.58646 -4.09744 13.3922 -39.1994 -12.9628
internal_weight=858 827 79 748 140 110 66 608 568 525 443 149 82 294
internal_count=858 827 79 748 140 110 66 608 568 525 443 149 82 294
is_linear=0
shrinkage=0.05


Tree=91
num_leaves=15
num_cat=0
split_feature=24 3 26 1 4 26 2 24 24 2 24 1 9 27
split_gain=4.71497e+08 3.41861e+08 1.11944e+09 2.54861e+08 6.8365e+08 2.68843e+08 2.57058e+08 1.96954e+08 4.45584e+07 3.08152e+07 2.48098e+07 1.67011e+07 1.19066e+07 9.12939e+06
threshold=48272.222222222226 43.20000000000001 9.8500000000000032 0.22500000000000003 1011.2500000000001 6.6500000000000021 15.100000000000001 21987.500000000004 3577.7777777777783 22.050000000000004 10231.747222222224 0.65000000000000013 1.9500000000000002 -0.74981945761428159
decision_type=2 2 2 2 2 2 2 2 2 2 2 2 2 2
left_child=1 2 -1 4 5 -3 -7 8 -5 10 13 -12 -11 -10
right_child=-2 3 -4 7 -6 6 -8 -9 9 12 11 -13 -14 -15
leaf_value=248.92313397256518 189.18707408843699 -118.16625897889774 -132.25794121779703 -61.996637696622422 -291.51819877751245 145.86374017647992 -51.577418996262082 101.53255292412051 -31.996657216039065 -21.139309523748761 -19.891034399811478 21.300270219822238 -59.852672809589642 -8.3676609789483756
leaf_weight=46 31 44 33 43 30 31 35 40 49 48 31 118 34 245
leaf_count=46 31 44 33 43 30 31 35 40 49 48 31 118 34 245
internal_value=-1.93671 -9.12298 89.7296 -19.5739 -80.37 -22.5716 41.2404 -5.56387 -13.1224 -9.10834 -3.89304 12.7226 -37.2446 -12.3154
internal_weight=858 827 79 748 140 110 66 608 568 525 443 149 82 294
internal_count=858 827 79 748 140 110 66 608 568 525 443 149 82 294
is_linear=0
shrinkage=0.05


Tree=92
num_leaves=14
num_cat=0
split_feature=24 3 27 1 26 6 26 24 24 25 21 9 26
split_gain=4.25671e+08 3.10073e+08 2.57804e+08 2.72506e+08 6.17799e+08 6.4043e+08 5.16396e+08 1.40838e+08 4.40237e+07 2.5079e+07 3.46829e+07 1.49766e+07 3.84893e+06
threshold=48272.222222222226 35.150000000000006 0.97957740588863318 0.22500000000000003 8.7500000000000018 2.4500000000000006 6.7500000000000009 21987.500000000004 4061.1111111111118 22.844600000000003 0.97857961053837361 0.65000000000000002 6.450000000000002
decision_type=2 2 2 2 2 2 2 2 2 2 2 2 2
left_child=1 -1 3 4 5 -3 -7 8 12 10 -10 -11 -5
right_child=-2 2 -4 7 -6 6 -8 -9 9 11 -12 -13 -14
leaf_value=148.86567470781824 179.75813549569182 144.29448255924635 96.37396602514076 -40.658354937685267 -281.10641720885246 -252.19694676412814 9.0628733419153811 83.326917448424339 8.5530248598438039 -11.492729983222167 -23.955884489204728 -45.361563225222483 -65.89953543120258
leaf_weight=30 31 36 49 31 31 35 41 40 250 69 122 62 31
leaf_count=30 31 36 49 31 31 35 41 40 250 69 122 62 31
internal_value=-1.8404 -8.66852 -14.6162 -21.8989 -83.9483 -29.1756 -111.427 -7.22121 -13.6453 -8.73983 -2.11206 -27.5447 -53.3648
internal_weight=858 827 797 748 143 112 76 605 565 503 372 131 62
internal_count=858 827 797 748 143 112 76 605 565 503 372 131 62
is_linear=0
shrinkage=0.05


Tree=93
num_leaves=15
num_cat=0
split_feature=24 4 14 27 24 0 4 1 9 0 24 24 20 24
split_gain=3.84298e+08 2.33569e+08 9.15482e+08 2.81158e+08 2.51964e+08 1.2677e+08 1.2224e+08 1.88299e+08 4.50839e+08 1.31064e+08 7.42781e+07 3.55988e+07 3.29545e+07 1.15004e+07
threshold=48272.222222222226 1015.85 36.000000000000007 0.97957740588863318 6050.9250000000011 109.80000000000001 995.05000000000007 0.22500000000000003 0.25000000000000006 239.90000000000003 18708.333333333339 3577.7777777777783 2.1927500000000006 8691.6666666666679
decision_type=2 2 2 2 2 2 2 2 2 2 2 2 2 2
left_child=1 2 -1 6 -3 -6 -4 8 9 -8 11 -9 -7 -14
right_child=-2 4 3 -5 5 12 7 10 -10 -11 -12 -13 13 -15
leaf_value=237.20255183269853 170.79913404654843 -190.52505466296427 76.880403820822181 127.87813650767008 -122.02728632086726 -53.049997655180107 -66.867206478815021 -61.338566595362863 -220.97893234112757 69.177977942807118 54.488772963571435 -10.431716257151065 -17.220663282952948 20.187941322518732
leaf_weight=40 31 30 32 35 31 31 41 38 38 31 42 349 32 57
leaf_count=40 31 30 32 35 31 31 41 38 38 31 42 349 32 57
internal_value=-1.74868 -8.23649 5.83094 -9.47773 -58.4195 -32.0646 -17.918 -23.5593 -81.8901 -8.27742 -8.58712 -15.4449 -8.74194 6.73337
internal_weight=858 827 646 606 181 151 571 539 110 72 429 387 120 89
internal_count=858 827 646 606 181 151 571 539 110 72 429 387 120 89
is_linear=0
shrinkage=0.05


Tree=94
num_leaves=16
num_cat=0
split_feature=24 4 4 27 14 24 20 25 24 6 27 0 5 24 24
split_gain=3.46945e+08 2.10876e+08 8.55471e+08 2.49925e+08 2.31135e+08 1.0976e+08 1.86747e+08 1.53847e+08 2.38722e+08 1.68885e+08 7.58009e+07 6.6006e+07 4.78469e+07 1.96515e+07 1.83968e+06
threshold=48272.222222222226 1015.85 1014.7500000000001 0.97957740588863318 44.000000000000007 14348.147222222224 2.9474000000000005 24.248895000000001 2828.5714285714289 2.1500000000000008 0.34156760613242348 120.75000000000001 22.425000000000001 7840.2777777777783 10953.702777777778
decision_type=2 2 2 2 2 2 2 2 2 2 2 2 2 2 2
left_child=1 2 3 5 -3 6 -1 9 -9 -8 12 -6 -7 -13 -15
right_child=-2 4 -4 -5 11 10 7 8 -10 -11 -12 13 -14 14 -16
leaf_value=-146.08681655072689 162.28663047471613 -158.15226379358288 249.27820033188087 121.50243685578349 -89.946522339475507 -42.004622527487413 71.50880065850582 -188.9520936414649 -23.72528634213479 -17.924663094246696 97.509360540948123 -35.861307445433589 45.701972873111252 -0.53484034047174289 15.666720771336498
leaf_weight=30 31 42 34 35 30 31 65 30 80 279 31 37 31 30 42
leaf_count=30 31 42 34 35 30 31 65 30 80 279 31 37 31 30 42
internal_value=-1.66116 -7.82561 5.54098 -8.03848 -55.5085 -15.9159 -25.4754 -17.475 -68.9179 -1.01001 33.808 -24.4024 1.85157 -6.29683 8.92462
internal_weight=858 827 646 612 181 577 484 454 110 344 93 139 62 109 72
internal_count=858 827 646 612 181 577 484 454 110 344 93 139 62 109 72
is_linear=0
shrinkage=0.05


Tree=95
num_leaves=12
num_cat=0
split_feature=28 1 21 0 0 8 0 24 14 0 24
split_gain=3.14148e+08 2.4268e+08 1.90621e+08 1.30293e+08 2.18423e+08 7.11913e+08 5.50829e+08 2.3596e+08 2.61408e+08 1.25083e+08 1.54258e+08
threshold=-0.99271195016773384 0.90000000000000013 2.559120715350224 2.1000000000000005 120.75000000000001 6.1500000000000012 155.65000000000001 28900.000000000004 23.000000000000004 11.300000000000002 2205.5555555555561
decision_type=2 2 2 2 2 2 2 2 2 2 2
left_child=-1 2 3 -2 5 -5 -6 8 -8 -7 -11
right_child=1 -3 -4 4 6 9 7 -9 -10 10 -12
leaf_value=147.12048437905773 70.611835009421526 129.12430682917017 -132.47140966681545 -251.67015009928906 215.14375636648893 48.931401930807411 120.83909250875973 130.18371081177972 -25.144816673725121 -137.70744386844063 -4.683490772102636
leaf_weight=36 54 33 30 37 30 59 33 30 417 30 79
leaf_count=36 54 33 30 37 30 59 33 30 417 30 79
internal_value=2.72254 -3.54238 -9.03721 -4.20522 -9.86483 -53.4402 7.65778 -5.3522 -14.4149 -9.65861 -41.3883
internal_weight=868 832 799 769 715 205 510 480 450 168 109
internal_count=868 832 799 769 715 205 510 480 450 168 109
is_linear=0
shrinkage=0.05


Tree=96
num_leaves=12
num_cat=0
split_feature=28 1 21 6 1 14 22 1 19 24 24
split_gain=2.84194e+08 2.20911e+08 1.70493e+08 1.55206e+08 3.38152e+08 2.03522e+08 2.22031e+08 1.97037e+08 4.15624e+08 3.37682e+08 9.51511e+06
threshold=-0.99049576193482802 0.90000000000000013 2.559120715350224 2.0500000000000003 0.45000000000000007 19.000000000000004 -0.93301270189221908 0.13392857142857142 1.0000000180025095e-35 25633.333333333339 10050.000000000002
decision_type=2 2 2 2 2 2 2 2 2 2 2
left_child=-1 2 3 4 -2 -5 -7 8 -8 -9 -6
right_child=1 -3 -4 5 10 6 7 9 -10 -11 -12
leaf_value=129.30736186374111 -199.46345354184461 122.68759606813735 -125.86984607729799 129.08668075021822 -17.630758498785063 95.924908976007089 -146.38737510316795 -7.9657403952039125 51.511045299273363 162.565002316294 19.641690546140026
leaf_weight=42 31 33 30 31 38 53 69 436 43 31 31
leaf_count=42 31 33 30 31 38 53 69 436 43 31 31
internal_value=2.5882 -3.87002 -9.15141 -4.54632 -62.5793 4.21488 -1.92961 -10.902 -70.4303 3.38666 -0.880902
internal_weight=868 826 793 763 100 663 632 579 112 467 69
internal_count=868 826 793 763 100 663 632 579 112 467 69
is_linear=0
shrinkage=0.05


Tree=97
num_leaves=17
num_cat=0
split_feature=28 6 0 2 27 2 8 0 4 24 5 0 24 24 3 29
split_gain=2.58073e+08 1.4173e+08 1.93891e+08 1.89354e+08 4.98853e+08 3.11155e+08 2.99918e+08 3.16108e+08 1.95645e+08 1.69176e+08 1.51541e+08 2.68648e+08 1.65732e+08 7.12723e+07 3.98407e+07 3.47168e+07
threshold=-0.99271195016773384 2.0500000000000003 166.80000000000004 5.4500000000000011 -0.7721494341254892 7.2000000000000002 4.4000000000000012 329.70000000000005 997.6500000000002 1049.2857142857144 11.050000000000002 14.350000000000001 4143.5194444444451 28900.000000000004 46.95000000000001 1.0000000180025095e-35
decision_type=2 2 2 2 2 2 2 2 2 2 2 2 2 2 2 2
left_child=-1 2 -2 4 -3 -5 7 -6 -7 -10 -8 -12 -13 14 -11 -4
right_child=1 3 15 5 6 8 10 -9 9 13 11 12 -14 -15 -16 -17
leaf_value=133.33738442523986 -153.39708843176859 209.16444751631539 -41.650228533406903 -169.3612744252151 215.7091189983737 -124.28837850319992 -133.28222232387708 7.2826832551242466 90.936264051523224 -67.863879647999511 120.19717389230317 -147.41593000009604 4.1415026667905748 65.008905319261416 -7.5637843737467243 28.935176989593984
leaf_weight=36 35 37 38 30 30 31 30 46 51 30 30 30 45 32 305 32
leaf_count=36 35 37 38 30 30 31 30 46 51 30 30 30 45 32 305 32
internal_value=2.46002 -3.21829 -57.4909 4.62708 40.0818 -13.7339 10.3472 89.7317 -3.30027 5.7001 -34.3767 -6.01801 -56.597 -6.16624 -12.9824 -9.3873
internal_weight=868 832 105 727 248 479 211 76 449 418 135 105 75 367 335 70
internal_count=868 832 105 727 248 479 211 76 449 418 135 105 75 367 335 70
is_linear=0
shrinkage=0.05


Tree=98
num_leaves=17
num_cat=0
split_feature=1 26 1 24 21 26 24 3 2 24 30 24 5 8 14 26
split_gain=2.41545e+08 8.18145e+08 4.66311e+08 5.49306e+08 3.99405e+08 8.20654e+08 6.33003e+07 4.48422e+07 3.51154e+07 2.69981e+07 3.81508e+07 2.60629e+07 1.71917e+07 1.16001e+07 7.92966e+06 5.8869e+06
threshold=1.0000000180025095e-35 5.8500000000000005 0.22500000000000003 36828.571428571442 0.77601956771327318 7.9500000000000011 11326.719444444447 39.050000000000004 22.050000000000004 15990.741666666667 -0.22252093395631442 3577.7777777777783 22.650000000000002 24.050000000000004 101.50000000000001 8.1500000000000039
decision_type=2 2 2 2 2 2 2 2 2 2 2 2 2 2 2 2
left_child=1 -1 -2 6 5 -3 7 -4 9 15 -11 -9 14 -14 -13 -8
right_child=2 4 3 -5 -6 -7 8 11 -10 10 -12 12 13 -15 -16 -17
leaf_value=260.17841622259988 -198.87761910000029 -102.74780442025654 -79.022708694114556 197.79258652885875 -154.02136061517493 230.32700794361256 -9.8511331952382726 -54.228022412732777 -33.263747903119089 82.571465461546211 11.112533150052192 -17.764154629929649 -45.205787755864421 -9.9216014798035097 -0.6153288315738028 16.148121061081895
leaf_weight=38 31 39 31 33 33 35 42 42 34 35 40 105 58 39 188 45
leaf_count=38 31 39 31 33 33 35 42 42 34 35 40 105 58 39 188 45
internal_value=2.33719 61.2111 -9.47698 -0.964757 -9.62715 54.8857 -10.9462 -21.0274 12.8665 22.5628 44.5256 -16.8483 -12.81 -31.0442 -6.76479 3.5998
internal_weight=868 145 723 692 107 74 659 463 196 162 75 432 390 97 293 87
internal_count=868 145 723 692 107 74 659 463 196 162 75 432 390 97 293 87
is_linear=0
shrinkage=0.05


Tree=99
num_leaves=16
num_cat=0
split_feature=1 26 1 24 21 26 24 3 27 24 24 22 7 9 0
split_gain=2.18053e+08 7.3858e+08 4.20991e+08 4.95903e+08 3.60579e+08 7.40855e+08 5.71425e+07 4.04855e+07 2.69616e+07 4.23968e+07 2.35283e+07 1.62935e+07 1.25073e+07 9.79278e+06 6.43254e+06
threshold=1.0000000180025095e-35 5.8500000000000005 0.22500000000000003 36828.571428571442 0.77601956771327318 7.9500000000000011 11326.719444444447 39.050000000000004 0.43664718845046319 15319.444444444445 3577.7777777777783 -0.93301270189221908 25.850000000000005 11.400000000000002 140.55000000000004
decision_type=2 2 2 2 2 2 2 2 2 2 2 2 2 2 2
left_child=1 -1 -2 6 5 -3 7 -4 12 -10 -9 -12 14 -13 -8
right_child=2 4 3 -5 -6 -7 8 10 9 -11 11 13 -14 -15 -16
leaf_value=247.20364120363249 -188.96571600690149 -97.623558110776145 -75.084278423149868 187.93283072756856 -146.34355653146241 218.84347478535102 29.686476248100259 -51.523061569286362 -0.60721280812474421 82.056167967533355 -45.732807929278145 -6.2771385891271949 -19.557103410014264 -33.748391761872249 0.83324130071352609
leaf_weight=38 31 39 31 33 33 35 31 42 32 30 33 321 52 36 51
leaf_count=38 31 39 31 33 33 35 31 42 32 30 33 321 52 36 51
internal_value=2.22086 58.1586 -9.00411 -0.916104 -9.14703 52.1501 -10.4 -19.9782 12.2249 39.4588 -16.0074 -12.1704 -0.395877 -9.05604 11.7641
internal_weight=868 145 723 692 107 74 659 463 196 62 432 390 134 357 82
internal_count=868 145 723 692 107 74 659 463 196 62 432 390 134 357 82
is_linear=0
shrinkage=0.05


Tree=100
num_leaves=12
num_cat=0
split_feature=1 1 6 0 15 1 24 3 28 20 2
split_gain=2.80319e+08 1.73472e+08 8.72791e+08 8.32129e+08 7.67882e+08 2.4887e+08 1.8645e+08 4.50988e+07 3.76751e+07 2.27573e+07 2.09993e+07
threshold=1.2500000000000002 0.058333333333333307 2.4500000000000006 15.650000000000002 1.0000000180025095e-35 0.22500000000000003 36828.571428571442 42.250000000000007 -0.98518361333263327 1.62405 21.850000000000005
decision_type=2 2 2 2 2 2 2 2 2 2 2
left_child=1 2 -1 -4 -5 -3 7 -7 -9 -10 -11
right_child=-2 5 3 4 -6 6 -8 8 9 10 -12
leaf_value=256.64499929327712 149.06605143467849 -152.66655218772055 193.17933734268237 -244.52673833685685 68.525764877006097 -58.661409613881553 103.7616380350331 -56.433395373740169 -49.800067414654798 -1.0990715224023757 -28.791746144985893
leaf_weight=36 30 32 31 46 34 57 34 44 31 412 82
leaf_count=36 30 32 31 46 34 57 34 44 31 412 82
internal_value=-0.854245 -6.23206 43.0783 -26.3552 -111.56 -16.7117 -10.0978 -16.2974 -12.044 -8.3137 -5.70074
internal_weight=869 839 147 111 80 692 660 626 569 525 494
internal_count=869 839 147 111 80 692 660 626 569 525 494
is_linear=0
shrinkage=0.05


Tree=101
num_leaves=15
num_cat=0
split_feature=1 1 26 19 4 1 14 0 25 9 5 4 28 25
split_gain=2.53072e+08 1.56619e+08 8.29645e+08 3.27777e+08 2.83294e+08 2.24682e+08 1.1985e+08 1.03719e+08 6.15747e+07 9.46287e+07 4.76384e+07 1.65108e+07 1.75165e+07 8.7483e+06
threshold=1.2500000000000002 0.058333333333333307 5.8500000000000005 1.0000000180025095e-35 1006.2500000000001 0.22500000000000003 42.000000000000007 373.30000000000001 25.757635000000004 0.15000000000000005 22.750000000000004 1025.3000000000004 -0.2093068927635835 24.202125000000006
decision_type=2 2 2 2 2 2 2 2 2 2 2 2 2 2
left_child=1 2 -1 4 -4 -3 7 -7 10 -10 11 12 -8 -12
right_child=-2 5 3 -5 -6 6 8 -9 9 -11 13 -13 -14 -15
leaf_value=234.90610293723699 141.63750856722706 -145.057010648258 -7.1722056851925178 83.690085721930586 -212.53852105124844 -141.85524270288965 9.7214682497258416 -16.812258941979419 -7.037129499962048 108.53827562110369 -56.695608943283176 32.303420882786874 -12.188483293903563 -25.001444779927425
leaf_weight=40 30 32 38 39 30 30 141 37 43 30 47 33 258 41
leaf_count=40 30 32 38 39 30 30 141 37 43 30 47 33 258 41
internal_value=-0.810503 -5.92027 40.9337 -31.731 -97.9541 -15.8778 -9.59357 -72.9297 -2.42645 40.543 -8.46535 -1.63132 -4.44536 -41.9742
internal_weight=869 839 147 107 68 692 660 67 593 73 520 432 399 88
internal_count=869 839 147 107 68 692 660 67 593 73 520 432 399 88
is_linear=0
shrinkage=0.05


Tree=102
num_leaves=11
num_cat=0
split_feature=1 1 6 0 1 24 3 28 5 22
split_gain=2.28477e+08 1.41376e+08 7.87495e+08 7.37878e+08 2.02844e+08 1.67665e+08 3.82997e+07 3.23115e+07 1.73795e+07 1.82725e+07
threshold=1.2500000000000002 0.058333333333333307 2.4500000000000006 131.15000000000001 0.22500000000000003 36828.571428571442 42.250000000000007 -0.98518361333263327 2.6750000000000003 -0.93301270189221908
decision_type=2 2 2 2 2 2 2 2 2 2
left_child=1 2 -1 -4 -3 6 -6 -8 -9 -10
right_child=-2 4 3 -5 5 -7 7 8 9 -11
leaf_value=241.75374238497662 134.57916072579317 -137.82675152835074 96.096667270364946 -161.76568349777193 -54.034035108469418 98.856433899731229 -52.182520555422698 -44.508973610203135 -34.999939032066656 -2.2602165144938655
leaf_weight=36 30 32 58 53 57 34 44 30 47 448
leaf_count=36 30 32 58 53 57 34 44 30 47 448
internal_value=-0.770056 -5.62519 38.8903 -27.0615 -15.0858 -9.11472 -14.9938 -11.0741 -7.61956 -5.37529
internal_weight=869 839 147 111 692 660 626 569 525 495
internal_count=869 839 147 111 692 660 626 569 525 495
is_linear=0
shrinkage=0.05


Tree=103
num_leaves=20
num_cat=0
split_feature=1 29 6 24 0 24 1 0 1 20 9 24 24 26 24 26 26 5 26
split_gain=2.06271e+08 1.27918e+08 3.26176e+08 1.31894e+09 2.64561e+08 5.11259e+08 3.11469e+08 2.09777e+08 4.55664e+08 1.13444e+08 1.03368e+08 8.89381e+07 4.95419e+07 2.00437e+07 1.65181e+07 1.47218e+07 1.105e+07 8.68737e+06 2.94134e+06
threshold=1.2500000000000002 -1.0000000180025095e-35 2.4500000000000006 3577.7777777777783 9.0500000000000025 1828.5714285714289 0.22500000000000003 403.85000000000008 0.22500000000000003 6.486600000000001 0.45000000000000007 13361.111111111113 17436.111111111113 6.9000000000000012 5217.5916666666672 7.2000000000000028 8.6500000000000039 3.3500000000000001 9.1500000000000039
decision_type=2 2 2 2 2 2 2 2 2 2 2 2 2 2 2 2 2 2 2
left_child=1 7 3 -3 6 -6 -4 8 -1 -9 11 18 14 -10 -7 -11 -15 -16 -5
right_child=-2 2 4 10 5 12 -8 9 13 15 -12 -13 -14 16 17 -17 -18 -19 -20
leaf_value=-204.86974188356982 127.87255878131651 366.39866392065915 192.67955874192754 -10.428888581880763 -173.16112781327465 -46.375448654044391 -20.198892177667403 99.306188681817815 3.5038904151985735 11.143448088943384 -67.332347802067048 100.44690334186998 53.394617389444505 -59.645267357303453 -33.46576102891536 -36.778112563337807 -21.227098714710475 -4.7064004887355848 10.040127228898463
leaf_weight=44 30 30 30 42 56 35 40 34 55 31 39 30 30 30 31 33 50 169 30
leaf_count=44 30 30 30 42 56 35 40 34 55 31 39 30 30 30 31 33 50 169 30
internal_value=-0.731073 -5.34423 8.36256 65.941 -16.8292 -36.0373 71.1794 -33.1467 -65.3294 25.6427 1.79946 28.2723 -7.00582 -19.7316 -14.736 -13.5849 -35.6905 -9.17862 -1.89797
internal_weight=869 839 562 171 391 321 70 277 179 98 141 102 265 135 235 64 80 200 72
internal_count=869 839 562 171 391 321 70 277 179 98 141 102 265 135 235 64 80 200 72
is_linear=0
shrinkage=0.05


Tree=104
num_leaves=13
num_cat=0
split_feature=8 20 20 6 6 24 27 3 24 28 29 29
split_gain=1.58023e+08 1.69529e+08 1.89935e+08 1.39146e+08 3.39108e+08 6.78104e+08 1.84406e+08 2.36155e+08 3.17968e+08 1.7414e+08 1.02206e+08 3.554e+07
threshold=26.150000000000002 22.265100000000004 20.861800000000006 2.0500000000000003 2.4500000000000006 5161.1111111111122 0.97957740588863318 60.45000000000001 2205.5555555555561 -0.93533330245768853 1.0000000180025095e-35 1.0000000180025095e-35
decision_type=2 2 2 2 2 2 2 2 2 2 2 2
left_child=1 2 3 10 5 -5 7 8 -6 -9 -1 -7
right_child=-2 -3 -4 4 6 11 -8 9 -10 -11 -12 -13
leaf_value=-104.16377899642656 106.45557772270502 -115.82818926554792 92.916368798990305 278.29075373315351 -214.2608573747201 -18.925209523553718 80.746352829478525 -91.782455274400462 -39.137332283824044 16.75875332685585 -8.1322798130875924 41.977971265585623
leaf_weight=58 33 33 51 31 32 51 45 43 135 259 53 45
leaf_count=58 33 33 51 31 32 51 45 43 135 259 53 45
internal_value=-0.69287 -4.93465 -0.363516 -6.7012 2.25202 75.3814 -15.828 -25.1095 -72.8021 1.27893 -58.3595 9.63708
internal_weight=869 836 803 752 641 127 514 469 167 302 111 96
internal_count=869 836 803 752 641 127 514 469 167 302 111 96
is_linear=0
shrinkage=0.05


Tree=105
num_leaves=15
num_cat=0
split_feature=28 7 25 1 28 28 25 24 0 24 20 24 27 7
split_gain=2.1235e+08 1.76802e+08 5.8018e+08 2.15571e+08 5.98726e+08 6.79276e+08 1.71186e+08 1.58779e+08 1.31146e+08 6.61638e+07 4.40317e+07 4.48892e+07 9.45724e+06 9.29209e+06
threshold=-0.99271195016773384 27.250000000000004 24.311670000000003 0.29166666666666669 0.78298010367706283 -0.40541071103273002 28.707727500000001 6122.2222222222235 82.600000000000009 4143.5194444444451 0.95990000000000009 23800.925000000007 0.97957740588863318 25.750000000000004
decision_type=2 2 2 2 2 2 2 2 2 2 2 2 2 2
left_child=-1 3 -3 4 5 8 7 -4 -2 -5 -11 12 13 -12
right_child=1 2 6 9 -6 -7 -8 -9 -10 10 11 -13 -14 -15
leaf_value=116.1154472459755 58.246895917467896 224.14116311202957 -142.38245406008241 -58.600984797774061 123.52368154937642 -262.6762606611457 78.832325730233833 -0.84807823561965501 -85.974121575485185 -48.418080026803281 6.4858084148794806 60.206853388900981 -22.009953241053786 -16.809816471259751
leaf_weight=35 30 33 30 53 30 51 37 58 33 42 294 34 42 50
leaf_count=35 30 33 30 53 30 51 37 58 33 42 294 34 42 50
internal_value=-4.30837 -9.48087 38.0061 -20.8703 -74.9285 -127.215 -11.2734 -49.2053 -17.3139 -5.74331 0.331807 5.21717 0.35917 3.0959
internal_weight=852 817 158 659 144 114 125 88 63 515 462 420 386 344
internal_count=852 817 158 659 144 114 125 88 63 515 462 420 386 344
is_linear=0
shrinkage=0.05


Tree=106
num_leaves=20
num_cat=0
split_feature=11 1 1 27 14 24 24 24 8 8 24 21 14 10 8 0 9 0 14
split_gain=1.98066e+08 5.69871e+08 4.22982e+08 1.73822e+09 4.28802e+08 2.24119e+08 5.26468e+07 4.27506e+07 3.01794e+07 2.54378e+07 1.1847e+07 8.0769e+06 7.36325e+06 6.07429e+06 5.54781e+06 5.4587e+06 7.84004e+06 5.3227e+06 3.62047e+06
threshold=3.5000000000000004 0.22500000000000003 0.058333333333333307 0.57023701209772126 187.50000000000003 35831.480555555565 16027.777777777779 4281.7460317460327 19.450000000000003 -0.14999999999999999 5013.8888888888896 0.8385507999393822 115.50000000000001 6.5000000000000009 6.8500000000000005 19.250000000000004 0.95000000000000007 388.15000000000003 250.00000000000003
decision_type=2 2 2 2 2 2 2 2 2 2 2 2 2 2 2 2 2 2 2
left_child=2 -2 3 4 -1 7 10 -4 9 -9 -3 13 17 -12 -14 -10 -17 -11 -13
right_child=1 6 5 -5 -6 -7 -8 8 15 12 11 18 14 -15 -16 16 -18 -19 -20
leaf_value=404.0910933998336 -182.45785439936088 -42.560264802669025 -59.250868545190386 -180.63164288385394 136.29324454389933 123.60839799040767 49.331573806333424 -44.016445841741728 -47.118677068483137 -14.818161785429803 15.113600914716168 -28.599536630529499 29.920680474492247 -12.102953040569334 6.5096186830836675 -9.9948737237562071 -41.153950064994625 10.805404506886124 -6.7473647838236817
leaf_weight=30 55 31 49 33 30 31 39 30 36 62 43 49 32 39 120 46 36 30 31
leaf_count=30 55 31 49 33 30 31 39 30 36 62 43 49 32 39 120 46 36 30 31
internal_value=-4.09278 -37.9105 13.0891 110.49 270.642 -6.1216 -3.57895 -15.2669 -9.75519 -0.647906 -14.2907 -8.8582 4.70012 2.17011 11.4547 -30.8841 -23.708 -6.45994 -20.1509
internal_weight=852 287 565 93 60 472 232 441 392 274 193 162 244 82 152 118 82 92 80
internal_count=852 287 565 93 60 472 232 441 392 274 193 162 244 82 152 118 82 92 80
is_linear=0
shrinkage=0.05


Tree=107
num_leaves=21
num_cat=0
split_feature=28 29 1 28 14 3 3 7 24 24 24 26 0 27 24 27 26 23 28 9
split_gain=1.8924e+08 1.57533e+08 4.50049e+08 9.10936e+08 3.58091e+08 2.7447e+08 1.80485e+08 4.06852e+08 9.1681e+07 5.54329e+07 4.28091e+07 2.92846e+07 2.37374e+07 1.24413e+07 9.34246e+06 1.27576e+07 5.17346e+06 5.01399e+06 4.00719e+06 1.05464e+06
threshold=-0.99271195016773384 1.0000000180025095e-35 0.22500000000000003 -0.40541071103273002 36.000000000000007 44.95000000000001 77.450000000000017 27.350000000000005 3763.8888888888891 16027.777777777779 14348.147222222224 9.5500000000000025 10.15 -0.47494667389482609 6974.5361111111115 0.60500564346204555 9.8500000000000032 -0.24999999999999994 -0.46734190575957718 1.7500000000000002
decision_type=2 2 2 2 2 2 2 2 2 2 2 2 2 2 2 2 2 2 2 2
left_child=-1 2 3 -2 -3 -6 7 10 -8 12 11 -7 -4 -10 15 17 18 -14 -16 -15
right_child=1 4 9 -5 5 6 8 -9 13 -11 -12 -13 14 19 16 -17 -18 -19 -20 -21
leaf_value=109.79455038000036 0.35924580891927083 155.26994337809651 -54.754106645494986 -348.46700378614219 -146.77415502808023 8.2173545727979782 -113.04362631382736 186.88539068267102 -37.239882613813052 40.562668149916966 57.402474173462281 -43.22030154100554 -20.752601440404341 7.5597334611455453 7.7175630340128691 3.3706675157806303 14.440211349929099 -49.755773573460374 -12.606963297643221 -5.6763742016003382
leaf_weight=35 47 40 32 31 30 101 30 38 33 55 33 38 30 30 34 33 38 30 84 30
leaf_count=35 47 40 32 31 30 101 30 38 33 55 33 38 30 30 34 33 38 30 84 30
internal_value=-3.88751 -8.77046 -30.429 -138.545 13.4812 -2.1813 10.8852 39.0502 -37.1939 -5.29675 6.29926 -5.86566 -14.284 -12.6311 -9.06316 -21.5976 -1.58164 -35.3129 -6.74913 0.943163
internal_weight=852 817 414 78 403 363 333 210 123 336 172 139 281 93 249 93 156 60 118 60
internal_count=852 817 414 78 403 363 333 210 123 336 172 139 281 93 249 93 156 60 118 60
is_linear=0
shrinkage=0.05


Tree=108
num_leaves=18
num_cat=0
split_feature=24 24 26 24 3 5 20 7 24 21 21 24 24 9 0 21 24
split_gain=1.71417e+08 2.2358e+08 1.62192e+08 6.12872e+08 1.53101e+08 3.17022e+08 1.64899e+08 2.78467e+08 5.43149e+07 3.73621e+07 8.2823e+07 6.02823e+07 1.21135e+07 1.00611e+07 9.45102e+06 6.02007e+06 3.78805e+06
threshold=53453.702777777791 31574.075000000001 5.8500000000000005 1049.2857142857144 46.95000000000001 4.9250000000000016 17.066100000000002 27.050000000000004 5761.9444444444453 0.66498730964467023 0.75787000439174368 4009.2583333333337 4670.6361111111119 17.100000000000005 185.15000000000003 0.77356471115091818 8788.8888888888905
decision_type=2 2 2 2 2 2 2 2 2 2 2 2 2 2 2 2 2
left_child=1 2 3 -1 5 -4 7 9 -8 11 -11 -6 -5 15 -10 -14 -17
right_child=-2 -3 4 12 6 -7 8 -9 14 10 -12 -13 13 -15 -16 16 -18
leaf_value=213.52056377001122 113.5001566028278 -139.48693667102089 31.921558914769946 -35.107777393379088 -83.914894359134792 -156.51366085777354 -113.98044650116441 156.19917114612667 -54.459300695003805 77.586211960960256 -3.5594212534691083 -4.6561958276692401 22.0448542144123 -24.576745870180218 -19.584712756720563 9.6802776200006306 -14.805632894675448
leaf_weight=39 30 31 39 30 31 52 32 30 38 38 180 105 42 32 40 32 31
leaf_count=39 30 31 39 30 31 52 32 30 38 38 180 105 42 32 40 32 31
internal_value=-3.69455 -7.98502 -2.81436 35.3293 -16.2499 -75.8093 -5.26528 10.199 -59.2101 -2.21446 10.6143 -22.7709 -6.38712 -0.0768669 -36.6229 7.406 -2.37264
internal_weight=852 822 791 206 585 91 494 384 110 354 218 136 167 137 78 105 63
internal_count=852 822 791 206 585 91 494 384 110 354 218 136 167 137 78 105 63
is_linear=0
shrinkage=0.05


Tree=109
num_leaves=18
num_cat=0
split_feature=28 6 1 14 3 1 24 21 1 24 8 26 3 0 7 20 5
split_gain=1.72318e+08 1.45792e+08 3.47149e+08 2.65273e+08 2.36626e+08 4.32156e+08 2.64766e+08 2.27187e+08 6.99214e+08 1.37505e+08 3.27306e+07 2.22758e+07 1.88244e+07 1.22577e+07 9.52732e+06 7.04853e+06 3.76007e+06
threshold=-0.99271195016773384 2.0500000000000003 0.29166666666666669 19.000000000000004 60.45000000000001 0.22500000000000003 35831.480555555565 0.53656111929307826 0.080128205128205107 1828.5714285714289 19.350000000000005 9.4500000000000046 47.550000000000004 176.80000000000004 23.450000000000003 6.486600000000001 10.050000000000002
decision_type=2 2 2 2 2 2 2 2 2 2 2 2 2 2 2 2 2
left_child=-1 2 -2 -3 5 -5 7 8 -6 -9 -11 12 -7 -10 -4 -14 -13
right_child=1 3 14 4 6 11 -8 9 13 10 -12 16 15 -15 -16 -17 -18
leaf_value=104.97018632372558 -206.46512592100225 142.90690677365305 6.6783568149185957 -203.95834531608841 245.55048711465008 -63.229477702076409 153.47026170932978 -103.46431664038724 -36.492257694234873 7.1946748946996415 -27.290372176713063 19.982498641663611 1.3581302655088174 1.1377950619740094 -29.051964072927685 -31.579644645623798 -4.814821087509106
leaf_weight=35 30 31 49 38 36 31 31 42 40 171 115 30 31 47 30 34 31
leaf_count=35 30 31 49 38 36 31 31 42 40 171 115 30 31 47 30 34 31
internal_value=-3.50998 -8.16951 -61.9721 0.121229 -6.4371 -52.8967 12.3659 2.63502 60.5575 -19.0977 -6.67636 -16.2275 -31.2286 -16.1854 -6.90963 -15.8928 7.39325
internal_weight=852 817 109 708 677 195 482 451 123 328 286 157 96 87 79 65 61
internal_count=852 817 109 708 677 195 482 451 123 328 286 157 96 87 79 65 61
is_linear=0
shrinkage=0.05


Tree=110
num_leaves=19
num_cat=0
split_feature=24 27 27 0 24 3 24 24 5 7 14 2 24 14 29 21 24 20
split_gain=1.78382e+08 1.17281e+08 2.56284e+08 5.88534e+08 2.18485e+08 1.93063e+08 5.87837e+07 3.3875e+07 3.54483e+07 4.62887e+07 3.34558e+07 1.985e+07 1.78409e+07 1.10874e+07 8.04025e+06 3.54292e+06 3.20768e+06 2.86961e+06
threshold=46369.047619047633 0.10738035228456499 0.30901413279605805 301.80000000000001 1828.5714285714289 46.95000000000001 21708.333333333336 19988.888888888894 7.8750000000000009 17.350000000000005 278.00000000000006 14.450000000000001 10652.777777777779 197.50000000000003 1.0000000180025095e-35 0.75787000439174368 8895.8333333333339 20.512200000000004
decision_type=2 2 2 2 2 2 2 2 2 2 2 2 2 2 2 2 2 2
left_child=1 4 3 -3 -1 -4 10 8 -7 -10 12 -11 13 -6 15 -12 -16 -15
right_child=-2 2 5 -5 6 7 -8 -9 9 11 14 -13 -14 17 16 -17 -18 -19
leaf_value=-125.03787008615313 104.148547178885 227.44391937255861 -97.950005174660646 -67.546739577327131 -65.053470659731246 34.057044529780157 -83.139068874466091 53.523056471308202 -49.640569839461129 22.634089536432253 -19.103926351639441 -13.53566076548573 -2.6233234141819692 -22.30067033516011 5.4144006058119674 2.2470552991150292 26.117979179440866 -41.809699333228941
leaf_weight=56 33 37 56 31 30 53 32 30 58 69 33 84 48 52 36 47 39 30
leaf_count=56 33 37 56 31 30 53 32 30 58 69 33 84 48 52 36 47 39 30
internal_value=-9.65583 -14.2423 4.31353 93.0611 -33.4851 -12.9505 -18.6783 3.26767 -2.46125 -11.6459 -12.1056 2.78028 -28.1364 -39.0585 4.44987 -6.57302 16.2008 -29.4804
internal_weight=854 821 418 68 403 350 347 294 264 211 315 153 160 112 155 80 75 82
internal_count=854 821 418 68 403 350 347 294 264 211 315 153 160 112 155 80 75 82
is_linear=0
shrinkage=0.05


Tree=111
num_leaves=20
num_cat=0
split_feature=24 25 0 24 6 6 6 0 24 11 7 21 1 0 25 29 14 28 14
split_gain=1.61039e+08 1.07931e+08 2.06039e+08 6.54299e+08 1.80425e+08 1.42933e+08 4.04937e+08 5.52088e+08 1.44516e+08 6.12248e+08 4.11875e+08 5.1898e+07 2.80974e+07 6.89464e+07 2.90411e+07 2.17975e+07 8.53052e+06 6.48127e+06 5.31738e+06
threshold=46369.047619047633 22.206435000000003 82.600000000000009 4670.6361111111119 2.9500000000000006 2.4500000000000006 2.1500000000000008 298.15000000000003 4061.1111111111118 3.5000000000000004 19.350000000000005 0.51972144273581034 0.45000000000000007 59.70000000000001 2.4432000000000005 1.0000000180025095e-35 315.00000000000006 -0.94128245028753155 230.50000000000003
decision_type=2 2 2 2 2 2 2 2 2 2 2 2 2 2 2 2 2 2 2
left_child=1 5 4 -4 -3 6 11 -8 9 10 -7 -1 -10 -14 -15 -13 -16 -5 -19
right_child=-2 2 3 17 -6 8 7 -9 12 -11 -12 15 13 14 16 -17 -18 18 -20
leaf_value=-74.066636659299903 98.956849628921006 -46.562072616422697 -287.63940830864379 -43.114091629839422 92.973601439167396 -300.0180818779524 268.96601217003627 -20.53330916745103 -43.10665022998262 75.47319628594984 -49.229597137113032 -26.910750803569897 75.149221423967859 -46.680770592116197 -2.2259441489410285 30.970739142917747 22.053677506819209 0.28177145194394027 -26.616525995123414
leaf_weight=36 33 53 30 30 41 30 35 31 34 45 36 34 31 34 168 31 46 31 45
leaf_count=36 33 53 30 30 41 30 35 31 34 45 36 34 31 34 168 31 46 31 45
internal_value=-9.1737 -13.5315 -42.5839 -81.9054 14.3333 -2.21988 36.947 133.164 -17.6515 -66.6417 -163.506 -25.9968 -0.262271 4.97246 -3.82636 0.699361 3.00088 -23.4625 -15.6588
internal_weight=854 821 230 136 94 591 167 66 424 111 66 101 313 279 248 65 214 106 76
internal_count=854 821 230 136 94 591 167 66 424 111 66 101 313 279 248 65 214 106 76
is_linear=0
shrinkage=0.05


Tree=112
num_leaves=15
num_cat=0
split_feature=27 24 8 28 26 26 20 5 5 26 0 24 5 0
split_gain=1.51336e+08 3.97255e+08 1.22402e+08 9.10242e+07 1.222e+08 6.71296e+08 1.06344e+08 1.5977e+08 9.93092e+07 8.27201e+07 8.02468e+07 1.18936e+08 4.72296e+07 4.65523e+06
threshold=-0.94417876540878154 41923.611111111117 16.950000000000003 -0.99463397642532658 5.8500000000000005 5.3000000000000034 1.3107000000000002 4.5500000000000007 25.050000000000004 8.9500000000000046 70.700000000000017 4597.2222222222235 28.050000000000004 351.65000000000003
decision_type=2 2 2 2 2 2 2 2 2 2 2 2 2 2
left_child=2 3 -1 -2 5 10 -6 -8 9 -9 -5 -12 -10 -13
right_child=1 -3 -4 4 6 -7 7 8 12 -11 11 13 -14 -15
leaf_value=5.8251304065299578 -89.419248494794303 162.53077463872751 -119.63367863982745 48.822507481281363 -86.139888664887607 233.2059933446325 101.26658309797116 9.6346291289650594 -119.9824905738953 -37.906066682661255 -123.29925768779361 -20.257780789972539 -32.628408086108244 5.3707283847569869
leaf_weight=31 34 35 52 34 51 33 30 242 31 147 30 30 31 43
leaf_count=31 34 35 52 34 51 33 30 242 31 147 30 30 31 43
internal_value=-8.71678 -1.80684 -72.8249 -9.64283 -5.76682 31.1251 -17.5592 -10.2713 -17.7115 -8.33573 -17.6859 -39.6662 -76.4284 -5.17477
internal_weight=854 771 83 736 702 170 532 481 451 389 137 103 62 73
internal_count=854 771 83 736 702 170 532 481 451 389 137 103 62 73
is_linear=0
shrinkage=0.05


Tree=113
num_leaves=17
num_cat=0
split_feature=27 24 8 6 14 6 24 26 24 0 28 24 21 24 24 20
split_gain=1.36609e+08 3.58628e+08 1.1049e+08 8.45504e+07 4.27151e+08 1.14924e+08 2.31674e+08 1.24424e+08 1.87516e+08 1.18224e+08 1.86121e+08 1.54593e+08 9.93111e+07 1.65566e+08 9.40322e+06 8.92464e+06
threshold=-0.94417876540878154 41923.611111111117 16.950000000000003 2.4500000000000006 48.000000000000007 2.8500000000000001 3981.4805555555558 9.2500000000000018 6170.6361111111119 5.1500000000000012 -0.94695267581281539 1049.2857142857144 0.93024593064401995 3422.2222222222226 9226.4957264957284 17.089050000000004
decision_type=2 2 2 2 2 2 2 2 2 2 2 2 2 2 2 2
left_child=2 3 -1 4 -2 6 -5 9 -9 -7 -11 -12 13 -6 -8 -15
right_child=1 -3 -4 5 12 7 14 8 -10 10 11 -13 -14 15 -16 -17
leaf_value=5.5348097295239809 191.91556299152563 154.42738269251635 -113.66347776255543 -183.92280463031756 -135.18401871218174 75.047818732028361 -2.6530521451359821 -162.90732193373367 -4.3369698135041892 -108.88521427437473 104.13208689174492 -7.7976105972260372 47.2095571895021 10.072949238766961 -38.071866387343469 -19.801211807614159
leaf_weight=31 30 35 52 30 31 51 39 30 49 39 36 212 52 56 36 45
leaf_count=31 30 35 52 30 31 51 39 30 49 39 36 212 52 56 36 45
internal_value=-8.28131 -1.71616 -69.1905 -9.16144 17.3008 -20.0112 -66.7385 -8.23216 -64.6834 4.97729 -7.49605 8.48565 -11.2577 -34.3086 -19.6822 -3.24369
internal_weight=854 771 83 736 214 522 105 417 79 338 287 248 184 132 75 101
internal_count=854 771 83 736 214 522 105 417 79 338 287 248 184 132 75 101
is_linear=0
shrinkage=0.05


Tree=114
num_leaves=17
num_cat=0
split_feature=27 26 26 0 20 14 7 3 6 11 21 0 3 27 27 4
split_gain=1.23313e+08 1.07872e+08 3.25042e+08 3.00031e+08 2.2281e+08 1.0262e+08 9.9519e+07 8.57947e+07 1.8712e+08 1.96943e+08 2.2968e+08 1.69651e+08 1.57889e+08 1.70716e+08 7.34317e+07 7.2177e+07
threshold=-0.94417876540878154 4.4000000000000012 5.8500000000000005 277.25000000000006 21.406450000000003 115.50000000000001 26.050000000000004 60.000000000000007 2.4500000000000006 3.5000000000000004 0.31100330305532625 241.60000000000002 62.350000000000001 -0.59817537509284324 0.61866567420209762 1000.6500000000002
decision_type=2 2 2 2 2 2 2 2 2 2 2 2 2 2 2 2
left_child=6 5 3 -3 7 -2 -1 8 -4 10 -10 -11 -9 -14 -15 -7
right_child=1 2 4 -5 -6 15 -8 12 9 11 -12 -13 13 14 -16 -17
leaf_value=-18.904322228064906 -124.816372034864 167.11877771332561 54.899792052813694 -9.0899333515742526 -141.07630462329649 -76.704058939277928 -129.72878396123903 124.12920208610966 -7.6201269229543174 -59.873329747300545 -163.33215387101268 101.91487028178979 90.9881945632319 -37.211442080629212 18.046005765663811 23.282200388422037
leaf_weight=48 31 55 54 43 30 30 35 30 41 35 56 30 47 137 107 45
leaf_count=48 31 55 54 43 30 30 35 30 41 35 56 30 47 137 107 45
internal_value=-7.86835 -1.63088 5.83819 89.8722 -8.69949 -48.4501 -65.7375 -1.27924 -25.6361 -52.4987 -97.5914 14.8399 15.1133 3.83574 -12.9822 -16.7611
internal_weight=854 771 665 98 567 106 83 537 216 162 97 65 321 291 244 75
internal_count=854 771 665 98 567 106 83 537 216 162 97 65 321 291 244 75
is_linear=0
shrinkage=0.05


Tree=115
num_leaves=14
num_cat=0
split_feature=0 20 5 14 1 21 20 26 0 26 5 8 20
split_gain=1.87119e+08 4.15605e+08 2.14213e+08 2.10927e+08 3.08496e+08 2.52348e+08 2.68946e+08 1.28415e+08 4.10462e+07 2.52971e+07 2.17272e+07 2.62058e+07 1.5532e+07
threshold=4.1000000000000005 10.872700000000002 28.325000000000006 19.000000000000004 0.29166666666666669 0.73875464812009384 15.2233 6.1500000000000021 11.900000000000002 10.050000000000002 26.250000000000004 20.450000000000003 6.8938500000000014
decision_type=2 2 2 2 2 2 2 2 2 2 2 2 2
left_child=1 -1 3 -2 5 6 -5 -3 -6 10 11 -10 -11
right_child=2 7 -4 4 8 -7 -8 -9 9 12 -12 -13 -14
leaf_value=-227.61663413339102 93.788828769205978 67.896290548208057 127.61457077672711 -41.435752594776645 55.864483220630909 6.9847562430937549 -230.17756646149351 -68.242747734452763 -5.5490821685119549 46.318495421910868 32.401633122189637 -40.325812822868606 2.1582401151723487
leaf_weight=31 47 31 30 35 31 44 41 39 350 37 31 64 43
leaf_count=31 47 31 30 35 31 44 41 39 350 37 31 64 43
internal_value=-11.6552 -75.5252 -3.0794 -8.51929 -15.6453 -88.3153 -143.426 -7.94168 0.0519678 -3.25363 -7.90817 -10.9336 22.6147
internal_weight=854 101 753 723 676 120 76 70 556 525 445 414 80
internal_count=854 101 753 723 676 120 76 70 556 525 445 414 80
is_linear=0
shrinkage=0.05


Tree=116
num_leaves=12
num_cat=0
split_feature=0 24 24 3 0 24 21 24 14 28 5
split_gain=1.68932e+08 4.04882e+08 2.81568e+08 1.64063e+08 1.97892e+08 3.73513e+08 4.46011e+08 3.7327e+07 1.79361e+07 1.96257e+07 1.12627e+07
threshold=4.1000000000000005 19988.888888888894 36828.571428571442 39.900000000000006 11.300000000000002 1828.5714285714289 0.59863311552615228 9226.4957264957284 29.000000000000004 -0.97870382656940669 23.075000000000006
decision_type=2 2 2 2 2 2 2 2 2 2 2
left_child=1 7 3 -2 -5 6 -6 -1 -7 -10 -11
right_child=2 -3 -4 4 5 8 -8 -9 9 10 -12
leaf_value=37.283137339892043 77.727958116317723 -215.17662086141073 121.16275532273295 86.58911326910669 -213.96196425249389 -40.406293486492132 -9.7987833234229669 -36.825395991135174 -40.981805984203191 3.0277317989352639 -16.622854773611252
leaf_weight=32 49 33 43 43 52 36 55 36 33 350 92
leaf_count=32 49 33 43 43 52 36 55 36 33 350 92
internal_value=-11.0735 -71.7602 -2.92511 -10.4563 -17.0042 -24.225 -109.125 -1.94718 -6.42952 -3.84646 -1.06526
internal_weight=854 101 753 710 661 618 107 68 511 475 442
internal_count=854 101 753 710 661 618 107 68 511 475 442
is_linear=0
shrinkage=0.05


Tree=117
num_leaves=13
num_cat=0
split_feature=0 24 24 9 20 4 20 28 2 24 4 24
split_gain=1.52509e+08 3.65523e+08 2.54177e+08 1.27282e+08 1.0225e+08 4.12798e+08 2.06869e+08 7.06709e+07 8.10372e+07 1.6929e+08 8.02661e+07 3.3698e+07
threshold=4.1000000000000005 19988.888888888894 36828.571428571442 23.600000000000005 1.9022500000000002 1015.7500000000001 3.1650000000000005 0.92589048012183095 11.100000000000001 2412.9638888888894 997.95000000000016 9226.4957264957284
decision_type=2 2 2 2 2 2 2 2 2 2 2 2
left_child=1 11 3 4 5 -2 -6 8 9 -8 -10 -1
right_child=2 -3 -4 -5 6 -7 7 -9 10 -11 -12 -13
leaf_value=35.424788463747021 193.4603176186647 -204.45029538261204 115.11866980461953 -90.273857124353427 -132.702703802103 -47.879040930940498 -107.65404093533276 69.193821005729234 82.395204489484101 -2.9746546185852347 -1.7902296317902142 -34.989225802857462
leaf_weight=32 30 33 43 46 33 43 56 31 31 124 316 36
leaf_count=32 30 33 43 46 33 43 56 31 31 124 316 36
internal_value=-10.5213 -68.1828 -2.77908 -9.93458 -4.35614 51.4304 -11.2544 -4.04949 -8.37024 -35.5833 5.75222 -1.84978
internal_weight=854 101 753 710 664 73 591 558 527 180 347 68
internal_count=854 101 753 710 664 73 591 558 527 180 347 68
is_linear=0
shrinkage=0.05


Tree=118
num_leaves=17
num_cat=0
split_feature=3 11 24 24 7 1 27 25 0 24 24 10 24 24 0 9
split_gain=1.47978e+08 1.36695e+08 3.64326e+08 3.50898e+08 1.5711e+08 3.61716e+08 7.60473e+08 1.58231e+08 1.11578e+08 1.65661e+08 8.37476e+07 4.50308e+07 3.39164e+07 1.83701e+07 1.62978e+07 5.07573e+06
threshold=93.500000000000014 3.5000000000000004 21576.852777777782 39231.480555555565 27.650000000000002 1.0000000180025095e-35 0.49002412863433359 27.565720000000006 298.15000000000003 2205.5555555555561 5988.8888888888896 1.5000000000000002 4061.1111111111118 19988.888888888894 59.70000000000001 1.0000000180025095e-35
decision_type=2 2 2 2 2 2 2 2 2 2 2 2 2 2 2 2
left_child=1 3 8 4 5 6 -1 -6 9 -3 -10 -7 -13 -14 -11 -12
right_child=-2 2 -4 -5 7 11 -8 -9 10 14 15 12 13 -15 -16 -17
leaf_value=303.18567121131872 -109.06522717885362 -134.26720966020363 -198.54243893544142 174.81103947534908 -113.6618757112922 -60.644556733481913 -52.38296841846352 21.073897272463981 94.799611170664193 13.159619723702836 6.6971855552333173 -47.504717367530894 0.11493952717191183 40.198023345091634 -27.70029032406832 -19.590671188253104
leaf_weight=30 36 37 30 30 55 35 30 36 30 42 47 35 261 32 58 30
leaf_count=30 36 37 30 30 55 35 30 36 30 42 47 35 261 32 58 30
internal_value=-9.99594 -5.62312 -34.4166 8.88311 -0.83351 11.9912 125.61 -60.3951 -14.1641 -44.0312 24.0824 -6.81814 -1.05772 4.50485 -10.5431 -3.5569
internal_weight=854 818 274 544 514 423 60 91 244 137 107 363 328 293 100 77
internal_count=854 818 274 544 514 423 60 91 244 137 107 363 328 293 100 77
is_linear=0
shrinkage=0.05


Tree=119
num_leaves=12
num_cat=0
split_feature=0 20 24 3 0 24 21 26 14 28 2
split_gain=1.35214e+08 3.53411e+08 2.22316e+08 1.40132e+08 1.76485e+08 3.31711e+08 3.91816e+08 1.24215e+08 1.49418e+07 1.66093e+07 1.12038e+07
threshold=4.1000000000000005 10.872700000000002 36828.571428571442 39.900000000000006 11.300000000000002 1828.5714285714289 0.59863311552615228 6.1500000000000021 29.000000000000004 -0.97870382656940669 21.850000000000005
decision_type=2 2 2 2 2 2 2 2 2 2 2
left_child=1 -1 3 -2 -5 6 -6 -3 -7 -10 -11
right_child=2 7 -4 4 5 8 -8 -9 9 10 -12
leaf_value=-204.04046495689073 72.599999657376472 73.100650959689517 108.05430302808014 82.878923613510665 -200.03928629166791 -36.010868725552129 -8.6828053524619655 -60.792135997684412 -36.804983182832196 3.45777852223579 -17.96773912375016
leaf_weight=31 49 31 43 43 52 36 55 39 33 369 73
leaf_count=31 49 31 43 43 52 36 55 39 33 369 73
internal_value=-9.49679 -63.7903 -2.20688 -8.89895 -14.9506 -21.7698 -101.778 -1.47699 -4.99984 -2.64243 -0.0840775
internal_weight=854 101 753 710 661 618 107 70 511 475 442
internal_count=854 101 753 710 661 618 107 70 511 475 442
is_linear=0
shrinkage=0.05


end of trees

feature_importances:
avg_weight_price_ratio=662
avg_weight_kg=172
trade_quantity=156
day_of_year_sin=114
humidity=88
temp_humidity=83
day_of_year=78
temp_range=78
day_of_year_cos=68
water_temperature=66
min_temperature=64
water_temp_ratio=61
wind_speed=54
pressure=45
max_temperature=43
avg_temperature=37
temp_pressure=31
rainfall=29
day_of_week_sin=22
day_of_week=17
month_cos=16
month_sin=14
day_of_week_cos=8
month=4
peak_season_spring=3
spring=2

parameters:
[boosting: gbdt]
[objective: regression]
[metric: l1]
[tree_learner: serial]
[device_type: cpu]
[data_sample_strategy: bagging]
[data: ]
[valid: ]
[num_iterations: 500]
[learning_rate: 0.05]
[num_leaves: 31]
[num_threads: 0]
[seed: 42]
[deterministic: 0]
[force_col_wise: 0]
[force_row_wise: 0]
[histogram_pool_size: -1]
[max_depth: 8]
[min_data_in_leaf: 30]
[min_sum_hessian_in_leaf: 0.001]
[bagging_fraction: 0.8]
[pos_bagging_fraction: 1]
[neg_bagging_fraction: 1]
[bagging_freq: 5]
[bagging_seed: 400]
[bagging_by_query: 0]
[feature_fraction: 0.8]
[feature_fraction_bynode: 1]
[feature_fraction_seed: 30056]
[extra_trees: 0]
[extra_seed: 12879]
[early_stopping_round: 0]
[early_stopping_min_delta: 0]
[first_metric_only: 0]
[max_delta_step: 0]
[lambda_l1: 0.1]
[lambda_l2: 0.1]
[linear_lambda: 0]
[min_gain_to_split: 0.05]
[drop_rate: 0.1]
[max_drop: 50]
[skip_drop: 0.5]
[xgboost_dart_mode: 0]
[uniform_drop: 0]
[drop_seed: 17869]
[top_rate: 0.2]
[other_rate: 0.1]
[min_data_per_group: 100]
[max_cat_threshold: 32]
[cat_l2: 10]
[cat_smooth: 10]
[max_cat_to_onehot: 4]
[top_k: 20]
[monotone_constraints: ]
[monotone_constraints_method: basic]
[monotone_penalty: 0]
[feature_contri: ]
[forcedsplits_filename: ]
[refit_decay_rate: 0.9]
[cegb_tradeoff: 1]
[cegb_penalty_split: 0]
[cegb_penalty_feature_lazy: ]
[cegb_penalty_feature_coupled: ]
[path_smooth: 0]
[interaction_constraints: ]
[verbosity: -1]
[saved_feature_importance_type: 0]
[use_quantized_grad: 0]
[num_grad_quant_bins: 4]
[quant_train_renew_leaf: 0]
[stochastic_rounding: 1]
[linear_tree: 0]
[max_bin: 255]
[max_bin_by_feature: ]
[min_data_in_bin: 3]
[bin_construct_sample_cnt: 200000]
[data_random_seed: 175]
[is_enable_sparse: 1]
[enable_bundle: 1]
[use_missing: 1]
[zero_as_missing: 0]
[feature_pre_filter: 1]
[pre_partition: 0]
[two_round: 0]
[header: 0]
[label_column: ]
[weight_column: ]
[group_column: ]
[ignore_column: ]
[categorical_feature: ]
[forcedbins_filename: ]
[precise_float_parser: 0]
[parser_config_file: ]
[objective_seed: 16083]
[num_class: 1]
[is_unbalance: 0]
[scale_pos_weight: 1]
[sigmoid: 1]
[boost_from_average: 1]
[reg_sqrt: 0]
[alpha: 0.9]
[fair_c: 1]
[poisson_max_delta_step: 0.7]
[tweedie_variance_power: 1.5]
[lambdarank_truncation_level: 30]
[lambdarank_norm: 1]
[label_gain: ]
[lambdarank_position_bias_regularization: 0]
[eval_at: ]
[multi_error_top_k: 1]
[auc_mu_weights: ]
[num_machines: 1]
[local_listen_port: 12400]
[time_out: 120]
[machine_list_filename: ]
[machines: ]
[gpu_platform_id: -1]
[gpu_device_id: -1]
[gpu_use_dp: 0]
[num_gpu: 1]

end of parameters

pandas_categorical:[]
