tree
version=v4
num_class=1
num_tree_per_iteration=1
label_index=0
max_feature_idx=30
objective=regression
feature_names=trade_quantity avg_weight_kg water_temperature humidity pressure avg_temperature wind_speed max_temperature min_temperature rainfall month day_of_week is_weekend quarter day_of_year spring summer fall winter peak_season temp_humidity water_temp_ratio month_sin month_cos avg_weight_price_ratio temp_pressure temp_range day_of_year_sin day_of_year_cos day_of_week_sin day_of_week_cos
feature_infos=[1:2969.8000000000002] [0:1.5] [-0.69999999999999996:28.199999999999999] [20:99.900000000000006] [984:1034.7] [-7.9000000000000004:31.5] [0.90000000000000002:11.699999999999999] [-5.2999999999999998:36.700000000000003] [-11.300000000000001:27.600000000000001] [0:208.69999999999999] [1:12] [0:5] [0:1] [1:4] [2:364] [0:1] [0:1] [0:1] [0:1] [0:1] [-6.3121:25.866200000000003] [-52.500000000000014:31.500000000000007] [-1:1] [-1:1] [0:67725] [-8.1243600000000011:31.666949999999996] [1.2000000000000028:16.699999999999999] [-0.99999073973619013:0.99991665865473789] [-0.99996295911626554:0.99985183920911624] [-0.97492791218182362:0.97492791218182362] [-0.90096886790241903:1]
tree_sizes=1705 1734 1734 1735 1737 1721 1655 1657 1734 1729 1658 1567 1817 1654 1819 1893 1734 1903 1985 1899 1977 1820 1821 1808 1735 1737 1732 1727 1728 1729 1754 1743 1568 1907 1907 1819 1828 1988 1911 1659 1660 1835 1897 1807 1743 1820 1663 1568 1716 1403 1651 1647 1375 1206 1632 1324 1816 1497 1825 1826 1157 1485 1653 990 1486 1322 1418 1243 982 1383 1319 1384 1377 1235 1231 1074 1485 1718 1496 1323 1494 1493 1407 1477 1487 1494 1909 1494 1411 1480 1240 1153 1241 1155 1404 1242 1238 1320 1154 1555 1314 1403 1332 1233 1230 1243 1485 1245 1161 1987 1065 1064 1655 1562 1303 1322 1493 1727 1491 1660 1399 1321 1750 1409

Tree=0
num_leaves=19
num_cat=0
split_feature=24 24 0 24 24 1 24 14 24 24 24 24 25 24 24 24 24 24
split_gain=4.95851e+10 1.18189e+10 3.8762e+09 2.30375e+09 1.86587e+09 2.76773e+09 1.77345e+09 1.7662e+09 2.86238e+08 1.69987e+08 1.64446e+08 1.45846e+08 1.23388e+08 4.00281e+07 3.50488e+07 2.43651e+07 2.34769e+07 3.20357e+06
threshold=21557.869444444448 9189.8138888888916 3.4000000000000008 12898.147222222224 6738.4250000000011 0.11250000000000002 4253.9682539682553 163.50000000000003 10916.666666666668 6009.2583333333341 7935.186111111112 2711.1111111111118 13.895910000000002 10143.519444444446 5204.166666666667 7509.2583333333341 8493.0555555555566 6375.186111111112
decision_type=2 2 2 2 2 2 2 2 2 2 2 2 2 2 2 2 2 2
left_child=1 2 -1 8 5 7 11 12 13 14 15 -7 -4 -3 -8 -6 -12 -11
right_child=-2 3 4 -5 10 6 9 -9 -10 17 16 -13 -14 -15 -16 -17 -18 -19
leaf_value=16505.034414957419 17773.249044462191 16242.880919430727 15833.341776812689 16738.84584489603 16006.874232366454 15537.886643274509 15789.089271916811 16305.003946395842 16423.212427429076 15925.292773507055 16106.451635182835 15667.811823873457 15974.90347202846 16315.163046451091 15861.754643485099 16062.374084150477 16165.432059471401 15953.455809108584
leaf_weight=31 46 51 33 46 51 48 34 47 49 35 37 46 30 31 42 34 31 33
leaf_count=31 46 51 33 46 51 48 34 47 49 35 37 46 30 31 42 34 31 33
internal_value=16184.3 16081 15963.2 16434.8 15929.6 15865.7 15769.8 16073.2 16327.7 15880.5 16075.2 15600.9 15900.3 16270.3 15828.8 16028.9 16133.3 15938.6
internal_weight=755 709 532 177 501 348 238 110 131 144 153 94 63 82 76 85 68 68
internal_count=755 709 532 177 501 348 238 110 131 144 153 94 63 82 76 85 68 68
is_linear=0
shrinkage=1


Tree=1
num_leaves=19
num_cat=0
split_feature=24 24 1 24 24 14 27 14 24 24 24 24 24 24 24 24 24 24
split_gain=4.49129e+10 1.1718e+10 3.43791e+09 4.08221e+09 2.54804e+09 8.68078e+08 8.80789e+08 7.26606e+08 6.75035e+08 4.10538e+08 2.92466e+08 1.04002e+08 6.76972e+07 4.99037e+07 4.83636e+07 2.02352e+07 1.20145e+07 6.99173e+06
threshold=24187.500000000004 9189.8138888888916 0.11250000000000002 5204.166666666667 13183.333333333334 194.00000000000003 0.8140385552266387 149.50000000000003 7120.3694444444454 3601.8527777777781 11083.333333333334 8033.3333333333339 6101.852777777779 2180.0000000000005 10291.666666666668 8655.5555555555566 7509.2583333333341 6548.6111111111122
decision_type=2 2 2 2 2 2 2 2 2 2 2 2 2 2 2 2 2 2
left_child=1 2 5 9 10 6 7 -1 12 13 14 16 -5 -4 -3 -13 -10 -14
right_child=-2 4 3 8 -6 -7 -8 -9 11 -11 -12 15 17 -15 -16 -17 -18 -19
leaf_value=-290.96537893700787 1638.709339444358 70.629813457232942 -629.6585787032667 -284.72465199211109 572.31356939560533 260.17672608841298 179.37689159304597 34.931077973099001 -147.92395859500601 -401.29122268501948 253.17063851511659 -61.116977609549295 -224.60403173987271 -535.68226140405216 149.0255505736088 -6.1937946760773261 -104.43932138374308 -192.1126825461169
leaf_weight=38 40 58 33 51 49 30 30 31 31 61 46 38 47 39 30 30 36 37
leaf_count=38 40 58 33 51 49 30 30 31 31 61 46 38 47 39 30 30 36 37
internal_value=10.4056 -80.9047 -199.617 -271.514 264.124 25.0282 -46.4195 -144.709 -159.724 -498.165 151.085 -80.5751 -238.754 -579.568 97.4945 -36.9309 -124.75 -210.538
internal_weight=755 715 532 403 183 129 99 69 270 133 134 135 135 72 88 68 67 84
internal_count=755 715 532 403 183 129 99 69 270 133 134 135 135 72 88 68 67 84
is_linear=0
shrinkage=0.05


Tree=2
num_leaves=19
num_cat=0
split_feature=24 24 0 24 24 1 14 24 24 8 24 24 24 24 24 24 24 24
split_gain=4.05445e+10 1.0578e+10 3.4222e+09 2.30007e+09 1.5526e+09 2.19155e+09 1.48787e+09 1.42467e+09 2.64846e+08 1.49684e+08 1.41163e+08 1.37542e+08 1.11077e+08 5.53273e+07 2.96316e+07 2.39815e+07 1.33063e+07 1.93101e+06
threshold=24187.500000000004 9189.8138888888916 3.4000000000000008 13183.333333333334 6675.9250000000011 0.11250000000000002 163.50000000000003 4138.8888888888896 11202.777777777779 9.1500000000000004 7874.0750000000007 6009.2583333333341 2361.1111111111118 10291.666666666668 5204.166666666667 8493.0555555555566 7268.5194444444451 6340.2777777777783
decision_type=2 2 2 2 2 2 2 2 2 2 2 2 2 2 2 2 2 2
left_child=1 2 -1 8 5 6 9 12 13 -4 16 14 -7 -3 -9 -12 -6 -13
right_child=-2 3 4 -5 10 7 -8 11 -10 -11 15 17 -14 -15 -16 -17 -18 -19
leaf_value=319.42510477047642 1556.9782533412563 67.104399116765606 -335.73345902655211 543.75617496777943 -158.48179454546411 -589.61038130685654 116.67666003800248 -347.49996902592625 251.20835435824503 -180.33430090036995 -64.422566150483632 -225.3329318227492 -472.37644543656427 146.19250670879501 -281.82069158486121 -7.0085366847814079 -116.73617128817673 -201.33883292010802
leaf_weight=31 40 58 30 49 37 37 47 36 40 33 44 31 55 36 42 31 44 34
leaf_count=31 40 58 30 49 37 37 47 36 40 33 44 31 55 36 42 31 44 34
internal_value=9.88718 -76.869 -189.658 250.946 -221.216 -280.396 -96.0869 -366.59 143.548 -254.749 -90.2419 -267.526 -520.114 97.5167 -312.54 -40.7324 -135.977 -213.111
internal_weight=755 715 532 183 501 345 110 235 134 63 156 143 92 94 78 75 81 65
internal_count=755 715 532 183 501 345 110 235 134 63 156 143 92 94 78 75 81 65
is_linear=0
shrinkage=0.05


Tree=3
num_leaves=19
num_cat=0
split_feature=24 24 1 24 24 14 27 14 24 24 24 24 24 24 24 24 24 24
split_gain=3.66011e+10 9.54896e+09 2.88297e+09 3.34679e+09 2.07623e+09 7.27103e+08 7.94248e+08 5.98978e+08 5.57744e+08 3.43646e+08 2.39953e+08 9.01873e+07 5.91768e+07 5.05469e+07 3.9195e+07 1.63904e+07 1.13753e+07 4.72698e+06
threshold=24187.500000000004 9189.8138888888916 0.11250000000000002 5204.166666666667 13183.333333333334 194.00000000000003 0.8140385552266387 149.50000000000003 7074.0750000000007 3601.8527777777781 11300.925000000001 8033.3333333333339 10291.666666666668 6030.5555555555557 2027.7777777777781 8655.5555555555566 7564.8138888888898 6450.0000000000009
decision_type=2 2 2 2 2 2 2 2 2 2 2 2 2 2 2 2 2 2
left_child=1 2 5 9 10 6 7 -1 13 14 12 16 -3 -5 -4 -13 -10 -15
right_child=-2 4 3 8 -6 -7 -8 -9 11 -11 -12 15 -14 17 -16 -17 -18 -19
leaf_value=-266.006931663373 1479.3234365258727 63.754955395486803 -572.94198653536978 -260.89711504569732 516.62372221470855 240.72306824744342 174.53450119677572 29.89129283941827 -131.68544898114354 -362.65409277183926 248.80161449291086 -55.510905076074472 142.3967155660736 -209.73647403266489 -488.7152198810067 -6.0781197229493102 -90.309809343204947 -182.37494052713191
leaf_weight=38 40 58 31 47 49 30 30 31 41 61 35 38 41 38 41 30 30 46
leaf_count=38 40 58 31 47 49 30 30 31 41 61 35 38 41 38 41 30 30 46
internal_value=9.39295 -73.0363 -180.199 -246.038 238.426 25.5152 -39.8764 -133.216 -144.818 -451.261 136.388 -74.9715 96.4346 -218.815 -525.724 -33.7433 -114.354 -194.988
internal_weight=755 715 532 403 183 129 99 69 270 133 134 139 99 131 72 68 71 84
internal_count=755 715 532 403 183 129 99 69 270 133 134 139 99 131 72 68 71 84
is_linear=0
shrinkage=0.05


Tree=4
num_leaves=19
num_cat=0
split_feature=24 24 0 24 24 24 14 24 24 8 24 24 24 24 24 24 24 24
split_gain=3.30742e+10 7.81815e+09 3.02291e+09 1.51276e+09 1.2936e+09 1.70557e+09 1.25463e+09 1.16838e+09 1.91989e+08 1.28646e+08 1.15024e+08 1.10561e+08 8.96844e+07 2.54746e+07 2.23925e+07 1.79304e+07 1.56126e+07 1.54311e+06
threshold=21557.869444444448 9189.8138888888916 3.4000000000000008 12898.147222222224 6675.9250000000011 1.0000000180025095e-35 163.50000000000003 4138.8888888888896 10870.369444444446 9.1500000000000004 7935.186111111112 6009.2583333333341 2361.1111111111118 9902.7777777777792 5204.166666666667 7509.2583333333341 8493.0555555555566 6340.2777777777783
decision_type=2 2 2 2 2 2 2 2 2 2 2 2 2 2 2 2 2 2
left_child=1 2 -1 8 5 6 9 12 13 -4 15 14 -7 -3 -9 -6 -12 -13
right_child=-2 3 4 -5 10 7 -8 11 -10 -11 16 17 -14 -15 -16 -17 -18 -19
leaf_value=307.24437039979398 1306.6617546561483 45.038207551316873 -313.06436264697101 458.71604311067995 -137.07780964793207 -532.43401964706879 103.0970608073435 -312.09063717321675 200.07711367909144 -168.9806421320244 -54.294289610006743 -203.40263828878616 -427.04011979284826 102.23447580005619 -254.7492574007664 -90.058255246517604 -6.1973603352856408 -181.84833207563918
leaf_weight=31 46 36 30 46 54 37 47 36 52 33 37 31 55 43 42 34 31 34
leaf_count=31 46 36 30 46 54 37 47 36 52 33 37 31 55 43 42 34 31 34
internal_value=8.92509 -75.4446 -171.21 212.327 -200.87 -254.889 -92.2854 -330.929 125.524 -237.979 -81.3195 -241.218 -469.959 76.2603 -281.58 -119.034 -32.4091 -192.425
internal_weight=755 709 532 177 501 345 110 235 131 63 156 143 92 79 78 88 68 65
internal_count=755 709 532 177 501 345 110 235 131 63 156 143 92 79 78 88 68 65
is_linear=0
shrinkage=0.05


Tree=5
num_leaves=19
num_cat=0
split_feature=24 24 0 24 24 1 14 24 24 0 24 24 24 24 24 24 24 0
split_gain=3.9581e+10 1.09976e+10 1.92301e+09 2.53644e+09 1.6521e+09 1.29269e+09 1.44235e+09 1.20573e+09 3.1402e+08 1.2535e+08 1.20473e+08 1.1914e+08 8.74852e+07 3.35027e+07 3.07943e+07 1.92389e+07 3.77726e+06 1.27421e+06
threshold=30468.750000000004 10509.261111111113 3.4000000000000008 7018.5194444444451 14283.333333333334 0.13392857142857142 163.50000000000003 4319.4444444444453 8736.1111111111131 59.000000000000007 2711.1111111111118 6009.2583333333341 11916.666666666668 7791.666666666667 9189.8138888888916 5204.166666666667 6375.186111111112 84.250000000000014
decision_type=2 2 2 2 2 2 2 2 2 2 2 2 2 2 2 2 2 2
left_child=1 2 -1 5 12 6 9 10 13 -4 -7 15 -3 -5 -10 -9 -13 -16
right_child=-2 4 3 8 -6 7 -8 11 14 -11 -12 16 -14 -15 17 -17 -18 -19
leaf_value=243.51579082907233 1738.8900068146418 159.977042332222 -175.71750682437934 -108.96785142323975 558.55877597895687 -494.52374175066427 116.2212344467772 -291.23397503053405 2.1866848850556893 -316.18033276854078 -380.31925674066315 -190.90032536872079 270.13349246408455 -53.60076109486014 70.94991377009903 -238.97955928465137 -165.16114953427925 55.758124387747038
leaf_weight=30 32 47 30 56 57 54 45 37 31 35 45 32 30 54 30 44 46 32
leaf_count=30 32 47 30 56 57 54 45 37 31 35 45 32 30 54 30 44 46 32
internal_value=20.2727 -54.7778 -146.11 -166.62 354.658 -244.872 -101.23 -306.051 -24.7142 -251.721 -443.049 -220.526 203.19 -81.8611 42.8941 -263.179 -175.952 63.2115
internal_weight=767 735 601 571 134 368 110 258 203 65 99 159 77 110 93 81 78 62
internal_count=767 735 601 571 134 368 110 258 203 65 99 159 77 110 93 81 78 62
is_linear=0
shrinkage=0.05


Tree=6
num_leaves=18
num_cat=0
split_feature=0 28 20 27 0 14 7 0 22 1 0 9 8 0 21 7 7
split_gain=1.33159e+10 1.75946e+09 1.64528e+09 1.91161e+09 8.24325e+08 7.53087e+08 7.42404e+08 4.15196e+08 3.75303e+08 2.93395e+08 4.12729e+08 1.80714e+08 1.77307e+08 1.45481e+08 1.96873e+08 1.28631e+08 7.69208e+07
threshold=2.1500000000000004 0.20088311396693925 1.2309000000000001 -0.55241485047541339 6.1500000000000012 160.50000000000003 27.950000000000003 36.900000000000013 -0.93301270189221908 0.65000000000000013 28.800000000000001 0.65000000000000002 8.5500000000000025 172.60000000000005 0.70575559192580484 22.450000000000003 11.350000000000003
decision_type=2 2 2 2 2 2 2 2 2 2 2 2 2 2 2 2 2
left_child=1 -1 -2 6 -5 9 8 -7 -4 12 -11 15 -6 14 -9 -10 -12
right_child=2 -3 3 4 5 7 -8 13 11 10 16 -13 -14 -15 -16 -17 -18
leaf_value=460.98438770139705 212.33225057736527 996.2488644216545 129.5915949653307 127.14837733677456 -364.68873005837116 -190.61480065719709 219.52798718238728 123.68229087762468 -35.549848407810018 1.9193351819200917 -132.3736545562744 55.673400680680288 -205.43609205758472 -72.256767301407166 -51.804860077664706 -165.06865285385487 -219.01168392021461
leaf_weight=32 58 30 43 30 35 43 53 34 53 31 34 33 36 50 30 30 112
leaf_count=32 58 30 43 30 35 43 53 34 53 31 34 33 36 50 30 30 112
internal_value=19.2643 721.171 -42.5572 -65.4359 -125.425 -144.161 57.6561 -58.4171 3.59471 -198.397 -163.78 -43.1824 -284.343 -8.42966 41.4701 -82.5062 -198.94
internal_weight=767 62 705 647 435 405 212 157 159 248 177 116 71 114 64 83 146
internal_count=767 62 705 647 435 405 212 157 159 248 177 116 71 114 64 83 146
is_linear=0
shrinkage=0.05


Tree=7
num_leaves=18
num_cat=0
split_feature=24 24 24 24 0 24 24 10 24 24 24 24 24 24 24 24 0
split_gain=3.46364e+10 9.41764e+09 1.74936e+09 2.80038e+09 1.88281e+09 1.43856e+09 1.26549e+09 1.04321e+09 2.00307e+08 1.46443e+08 1.22678e+08 6.34385e+07 3.37577e+07 2.66783e+07 1.47583e+07 1.38236e+07 7.35415e+06
threshold=30468.750000000004 10680.555555555557 7416.666666666667 1.0000000180025095e-35 22.450000000000003 4481.4805555555567 14283.333333333334 5.5000000000000009 8916.6666666666679 6009.2583333333341 2711.1111111111118 11916.666666666668 6811.1111111111122 9738.4250000000011 8231.4805555555577 5204.166666666667 113.55000000000001
decision_type=2 2 2 2 2 2 2 2 2 2 2 2 2 2 2 2 2
left_child=1 2 3 4 -1 10 11 -6 14 15 -5 -3 16 -10 -4 -7 -11
right_child=-2 6 8 5 7 9 -8 -9 13 12 -12 -13 -14 -15 -16 -17 -18
leaf_value=276.03593565903242 1625.9973579573111 155.71224559503042 -71.676839563266199 -471.0966393020276 -294.15804277267267 -268.51146687706193 511.74857415033932 58.843228838205953 24.874829997940218 -193.43392439961815 -361.54177438219773 251.91514294393039 -115.45553921360494 79.696484770739175 -29.120256582004629 -222.87010998778757 -159.01607402615647
leaf_weight=43 32 42 57 56 45 34 57 39 50 31 52 30 39 40 32 45 43
leaf_count=43 32 42 57 56 45 34 57 39 50 31 52 30 39 40 32 45 43
internal_value=18.3069 -51.8995 -134.483 -189.475 7.32802 -272.763 335.856 -130.389 -3.26881 -190.481 -418.731 196.091 -153.702 49.3015 -56.4255 -242.828 -173.676
internal_weight=767 735 606 427 127 300 129 84 179 192 108 72 113 90 89 79 74
internal_count=767 735 606 427 127 300 129 84 179 192 108 72 113 90 89 79 74
is_linear=0
shrinkage=0.05


Tree=8
num_leaves=19
num_cat=0
split_feature=24 24 24 1 0 24 24 10 24 24 24 24 24 24 24 24 24 0
split_gain=3.12695e+10 8.50191e+09 1.4706e+09 2.58575e+09 1.69964e+09 1.25628e+09 1.2416e+09 9.41721e+08 1.76322e+08 1.18006e+08 1.13762e+08 7.96026e+07 2.29339e+07 2.21415e+07 1.87426e+07 1.65164e+07 1.2485e+07 6.64276e+06
threshold=30468.750000000004 10412.036111111114 7376.3888888888896 0.13392857142857142 22.450000000000003 14283.333333333334 4481.4805555555567 5.5000000000000009 8916.6666666666679 6009.2583333333341 2027.7777777777781 11300.925000000001 6811.1111111111122 3601.8527777777781 9738.4250000000011 8118.0555555555566 5204.166666666667 113.55000000000001
decision_type=2 2 2 2 2 2 2 2 2 2 2 2 2 2 2 2 2 2
left_child=1 2 3 4 -1 11 10 -6 15 16 -5 -3 17 -12 -10 -4 -8 -11
right_child=-2 5 8 6 7 -7 9 -9 14 12 13 -13 -14 -15 -16 -17 -18 -19
leaf_value=262.26616649937466 1544.9507795767622 113.24080676715636 -75.12249914481815 -471.90813968901494 -279.48276513685408 486.20595126177096 -255.12526934223789 55.908589151387325 23.633570784722977 -183.79332805277832 -386.45099972912868 217.32854905138188 -113.44339185102706 -324.33259308744476 72.215073931829451 -33.300978118361016 -211.75131222879278 -151.08371641508663
leaf_weight=43 32 30 53 36 45 57 34 39 50 31 41 49 32 31 33 43 45 43
leaf_count=43 32 30 53 36 45 57 34 39 50 31 41 49 32 31 33 43 45 43
internal_value=17.3967 -49.3102 -130.345 -181.48 6.96322 307.434 -263.135 -123.884 -10.3289 -184.327 -397.833 177.995 -149.569 -360.193 43.0128 -56.4441 -230.718 -165.016
internal_weight=767 735 599 420 127 136 293 84 179 185 108 79 106 72 83 96 79 74
internal_count=767 735 599 420 127 136 293 84 179 185 108 79 106 72 83 96 79 74
is_linear=0
shrinkage=0.05


Tree=9
num_leaves=19
num_cat=0
split_feature=24 24 24 1 0 24 24 14 24 24 24 24 24 24 24 24 24 0
split_gain=2.823e+10 7.6767e+09 1.42572e+09 2.28249e+09 1.53429e+09 1.17185e+09 1.03026e+09 8.60722e+08 1.63142e+08 1.19186e+08 1.02701e+08 5.38362e+07 2.64452e+07 1.9977e+07 1.95487e+07 1.42354e+07 1.21703e+07 5.98458e+06
threshold=30468.750000000004 10680.555555555557 7416.666666666667 0.13392857142857142 22.450000000000003 4481.4805555555567 14283.333333333334 139.50000000000003 8978.8361111111135 6030.5555555555557 2027.7777777777781 11916.666666666668 6811.1111111111122 3601.8527777777781 9738.4250000000011 8231.4805555555577 5204.166666666667 113.55000000000001
decision_type=2 2 2 2 2 2 2 2 2 2 2 2 2 2 2 2 2 2
left_child=1 2 3 4 -1 10 11 -6 15 16 -5 -3 17 -12 -10 -4 -7 -11
right_child=-2 6 8 5 7 9 -8 -9 14 12 13 -13 -14 -15 -16 -17 -18 -19
leaf_value=249.1832862800899 1467.9438740477756 139.9477605461791 -64.752561263904468 -448.37809280860461 -289.3085796502545 -242.40640908518145 461.9382244905114 31.333339137565801 24.15732939800133 -174.32356760018686 -367.17545941206663 228.53090566083839 -104.38288973835118 -308.16810981775018 71.761768871887668 -24.152094655430897 -200.23089441514065 -142.83848268051327
leaf_weight=43 32 42 57 36 39 34 57 45 47 30 41 30 39 31 40 35 47 42
leaf_count=43 32 42 57 36 39 34 57 45 47 30 41 30 39 31 40 35 47 42
internal_value=16.5288 -46.8532 -121.414 -171.059 6.61658 -246.252 303.232 -117.703 -2.95727 -171.988 -377.996 177.123 -138.092 -342.232 46.1017 -49.3498 -218.211 -156.181
internal_weight=767 735 606 427 127 300 129 84 179 192 108 72 111 72 87 92 81 72
internal_count=767 735 606 427 127 300 129 84 179 192 108 72 111 72 87 92 81 72
is_linear=0
shrinkage=0.05


Tree=10
num_leaves=18
num_cat=0
split_feature=20 26 27 22 27 20 2 14 2 14 1 28 2 26 6 2 2
split_gain=1.38768e+09 2.69537e+09 1.39928e+09 8.54059e+08 5.49288e+08 5.14071e+08 3.48886e+08 5.07049e+08 3.27131e+08 3.09313e+08 2.53606e+08 5.16386e+08 4.27047e+08 2.46709e+08 1.88972e+08 1.19588e+08 1.42046e+08
threshold=2.7852500000000004 9.9500000000000028 0.49002412863433359 -0.93301270189221908 0.064507852084056461 5.596000000000001 8.0500000000000025 97.500000000000014 15.150000000000002 235.50000000000003 0.36666666666666675 -0.70862667826445969 22.550000000000004 6.1500000000000021 3.8500000000000001 12.100000000000001 1.4000000000000001
decision_type=2 2 2 2 2 2 2 2 2 2 2 2 2 2 2 2 2
left_child=1 2 4 -2 -1 15 7 -7 -8 13 11 -10 14 -9 -12 16 -5
right_child=3 -3 -4 5 -6 6 8 9 10 -11 12 -13 -14 -15 -16 -17 -18
leaf_value=40.604738008810877 165.38510102619927 571.3851895861452 305.04585029388141 -106.07685321638787 -241.4907351928895 225.10262359668206 -175.37818138936834 -168.52217022077062 -64.127081161142925 115.96255999871019 -60.600302679550992 211.41684107986399 92.784111211305841 13.769192501572881 -186.68391543911511 -61.582514002820155 -246.95599539379
leaf_weight=36 55 30 32 36 33 31 43 31 39 37 136 30 40 46 38 33 36
leaf_count=36 55 30 32 36 33 31 43 31 39 37 136 30 40 46 38 33 36
internal_value=8.06638 156.088 32.2894 -22.6838 -94.4646 -40.6674 -18.352 46.1518 -47.0477 -2.66484 -27.4936 55.8071 -54.3658 -59.7442 -88.2272 -140.655 -176.761
internal_weight=762 131 101 631 69 576 471 145 326 114 283 69 214 77 174 105 72
internal_count=762 131 101 631 69 576 471 145 326 114 283 69 214 77 174 105 72
is_linear=0
shrinkage=0.05


Tree=11
num_leaves=17
num_cat=0
split_feature=24 24 24 1 24 24 6 2 24 24 24 24 21 24 24 8
split_gain=2.2581e+10 5.45585e+09 1.07719e+09 1.01638e+09 2.21236e+09 4.53638e+08 4.37622e+08 7.56874e+08 1.5778e+08 8.6462e+07 6.37268e+07 3.59167e+07 1.71967e+07 1.55822e+07 7.48195e+06 598908
threshold=24187.500000000004 9673.6111111111113 13183.333333333334 0.11250000000000002 4754.6305555555564 6921.2972222222224 2.2500000000000004 6.3500000000000005 2794.4444444444448 8351.8527777777799 10916.666666666668 6009.2583333333341 0.63519230769230783 7587.9638888888894 8916.6666666666679 8.4500000000000011
decision_type=2 2 2 2 2 2 2 2 2 2 2 2 2 2 2 2
left_child=1 3 10 6 8 11 -1 -8 -5 13 -3 -6 -10 -7 -11 -13
right_child=-2 2 -4 4 5 9 7 -9 12 14 -12 15 -14 -15 -16 -17
leaf_value=-172.72125057587988 1147.6094695673662 67.396966813847342 375.31492843763931 -409.190892420127 -198.82302214523841 -94.116686308818672 211.60080430561172 -72.871316578638954 -322.74089842127802 -22.288942398534758 145.24872938354096 -136.40842633928568 -265.53982641675321 -55.532935297995976 9.7593508569758178 -150.41471831044319
leaf_weight=30 41 56 56 58 55 52 40 56 30 32 50 30 33 54 42 47
leaf_count=30 41 56 56 58 55 52 40 56 30 32 50 30 33 54 42 47
internal_value=7.66588 -57.3077 198.107 -131.35 -167.712 -97.2701 -6.35843 45.7555 -349.115 -45.5992 104.222 -167.643 -293.247 -74.5317 -4.11068 -145.142
internal_weight=762 721 162 559 433 312 126 96 121 180 106 132 63 106 74 77
internal_count=762 721 162 559 433 312 126 96 121 180 106 132 63 106 74 77
is_linear=0
shrinkage=0.05


Tree=12
num_leaves=20
num_cat=0
split_feature=24 24 24 24 24 24 14 27 21 24 24 24 24 24 24 24 24 24 3
split_gain=2.06275e+10 5.75953e+09 1.16083e+09 8.64921e+08 2.09253e+09 4.50139e+08 4.10173e+08 6.23555e+08 2.281e+08 1.54266e+08 6.23112e+07 5.11581e+07 4.76473e+07 2.612e+07 2.15681e+07 7.42828e+06 6.76636e+06 3.79457e+06 957482
threshold=29666.666666666672 9902.7777777777792 13183.333333333334 1.0000000180025095e-35 4825.9250000000002 7509.2583333333341 156.50000000000003 0.69636977696931246 0.66641489361702144 2794.4444444444448 6101.852777777779 8655.5555555555566 11421.297222222223 3907.4083333333338 6898.1472222222228 10680.555555555557 9270.8333333333339 8090.2777777777783 64.550000000000011
decision_type=2 2 2 2 2 2 2 2 2 2 2 2 2 2 2 2 2 2 2
left_child=1 3 12 6 9 10 7 -1 -4 -5 -6 17 15 -11 18 -3 -13 -7 -12
right_child=-2 2 8 4 5 11 -8 -9 -10 13 14 16 -14 -15 -16 -17 -18 -19 -20
leaf_value=-247.91485753519885 1247.7833531079634 65.838751951038333 482.08685116181744 -388.7665634076485 -185.30153905423143 -62.146474374975654 99.726390909026122 46.245917371763802 292.1302165582988 -307.30945160717556 -146.64670166776187 -6.0208052589945549 158.30497557681264 -240.91786318389796 -93.688754173162963 100.29741839538777 24.895143304070473 -39.490122837901453 -130.92645997375328
leaf_weight=32 32 35 30 58 56 40 53 41 35 34 32 41 30 32 46 30 31 36 38
leaf_count=32 32 35 30 58 56 40 53 41 35 34 32 41 30 32 46 30 31 36 38
internal_value=7.28295 -47.2586 217.736 -121.668 -154.472 -86.8511 -6.04186 -82.8639 380.408 -328.768 -141.837 -22.8959 106.15 -275.533 -120.712 81.8725 7.30623 -51.4806 -138.312
internal_weight=762 730 160 570 444 320 126 73 65 124 172 148 95 66 116 65 72 76 70
internal_count=762 730 160 570 444 320 126 73 65 124 172 148 95 66 116 65 72 76 70
is_linear=0
shrinkage=0.05


Tree=13
num_leaves=18
num_cat=0
split_feature=0 20 14 0 28 3 0 1 20 22 0 6 8 0 14 0 3
split_gain=6.00772e+09 7.64681e+08 1.08412e+09 9.45214e+08 8.70953e+08 6.88573e+08 5.62476e+08 3.53392e+08 3.71135e+08 1.76419e+08 1.20335e+08 1.10946e+08 1.05317e+08 9.78728e+07 8.46996e+07 3.82438e+07 2.37903e+07
threshold=2.1500000000000004 1.2702000000000002 195.50000000000003 11.050000000000002 0.90515966073569354 84.050000000000011 5.7500000000000009 0.65000000000000013 10.791900000000002 -0.93301270189221908 94.700000000000003 4.5500000000000007 19.050000000000004 177.30000000000004 76.500000000000014 36.900000000000013 69.200000000000003
decision_type=2 2 2 2 2 2 2 2 2 2 2 2 2 2 2 2 2
left_child=-1 4 6 -4 -2 9 -3 8 -8 -5 14 13 16 -11 -9 -16 -12
right_child=1 2 3 5 -6 -7 7 10 -10 11 12 -13 -14 -15 15 -17 -18
leaf_value=509.79156205303656 327.93657913461476 93.612906830717122 -244.16267183120067 115.20407480063878 -32.039984072787874 257.78539705194976 -297.84071264464529 17.148138164127385 -94.365239885335072 49.846834241839112 -177.55980921898743 -88.288522027101237 -47.969549265828832 -29.550379200344118 -123.19717556724666 -45.727534865144634 -126.85211396105981
leaf_weight=55 30 31 30 40 38 35 53 30 39 92 49 30 32 67 32 32 47
leaf_count=55 30 31 30 40 38 35 53 30 39 92 49 30 32 67 32 32 47
internal_value=6.92319 -32.2633 -49.231 21.3167 127.021 51.5658 -109.339 -129.399 -211.781 19.9487 -95.1782 -0.261351 -126.719 16.3926 -52.1395 -84.5942 -152.892
internal_weight=762 707 639 294 68 264 345 314 92 229 222 189 128 159 94 64 96
internal_count=762 707 639 294 68 264 345 314 92 229 222 189 128 159 94 64 96
is_linear=0
shrinkage=0.05


Tree=14
num_leaves=20
num_cat=0
split_feature=24 24 24 0 24 1 14 24 21 3 24 24 24 24 24 24 24 24 14
split_gain=1.81464e+10 4.9674e+09 9.62402e+08 9.34599e+08 9.98282e+08 5.44232e+08 7.12016e+08 6.05094e+08 2.15979e+08 1.32394e+08 8.91439e+07 7.88234e+07 4.31012e+07 3.28025e+07 1.75271e+07 1.2083e+07 1.09384e+07 7.05127e+06 2.84842e+06
threshold=29666.666666666672 9902.7777777777792 13183.333333333334 3.4000000000000008 6898.1472222222228 0.11250000000000002 160.50000000000003 3763.8888888888891 0.66641489361702144 63.400000000000006 8231.4805555555577 6009.2583333333341 11421.297222222223 2027.7777777777781 4754.6305555555564 9069.4444444444471 7509.2583333333341 10680.555555555557 194.00000000000003
decision_type=2 2 2 2 2 2 2 2 2 2 2 2 2 2 2 2 2 2 2
left_child=1 3 12 -1 5 6 9 13 -4 -5 16 14 17 -7 -9 -12 -6 -3 -13
right_child=-2 2 8 4 10 7 -8 11 -10 -11 15 18 -14 -15 -16 -17 -18 -19 -20
leaf_value=157.5709165249948 1170.0845909451398 61.227728740985576 448.47775964071593 -258.96014739903291 -88.130763890065751 -372.30428345095356 65.628031024805992 -225.50397609929666 263.88363368477235 -115.24049127521704 -18.052630600590625 -114.25425477444085 149.51306414429925 -303.71977638508787 -177.15957606256345 18.207450220938725 -54.542570073187022 94.758248323459554 -136.69553571428568
leaf_weight=30 32 35 30 35 46 33 45 33 35 30 52 40 30 49 53 41 53 30 30
leaf_count=30 32 35 30 35 46 33 45 33 35 30 52 40 30 49 53 41 53 30 30
internal_value=6.57745 -44.5789 201.519 -113.682 -128.778 -179.264 -87.1791 -221.77 349.639 -192.907 -37.2268 -163.789 99.9124 -331.741 -195.951 -2.06456 -70.2224 76.8252 -124.053
internal_weight=762 730 160 570 540 348 110 238 65 65 192 156 95 82 86 93 99 65 70
internal_count=762 730 160 570 540 348 110 238 65 65 192 156 95 82 86 93 99 65 70
is_linear=0
shrinkage=0.05


Tree=15
num_leaves=21
num_cat=0
split_feature=24 24 24 0 24 5 1 14 24 24 24 3 1 24 24 24 24 24 24 24
split_gain=1.28473e+10 2.66795e+09 2.26781e+09 9.03792e+08 5.03668e+08 7.0934e+08 8.18969e+08 3.46111e+08 2.57991e+08 2.27533e+08 9.19231e+07 4.86325e+07 5.32408e+07 4.20799e+07 3.7022e+07 1.93296e+07 1.49421e+07 6.15171e+06 5.02489e+06 2.91488e+06
threshold=14283.333333333334 28397.71428571429 8351.8527777777799 4.1000000000000005 6030.5555555555557 17.125000000000004 0.15476190476190474 192.50000000000003 10805.555555555557 3652.7777777777778 4319.4444444444453 47.350000000000001 0.15476190476190474 9699.0750000000007 7226.852777777779 12062.500000000002 4950.0000000000009 8978.8361111111135 7874.0750000000007 6530.5555555555557
decision_type=2 2 2 2 2 2 2 2 2 2 2 2 2 2 2 2 2 2 2 2
left_child=2 -2 3 -1 5 9 7 -7 13 11 -8 -5 -13 17 19 -10 -11 -4 -16 -6
right_child=1 -3 8 4 14 6 10 -9 15 16 -12 12 -14 -15 18 -17 -18 -19 -20 -21
leaf_value=124.72218181450648 359.4228602469575 952.83364697422621 -18.855013934363051 -356.89404016592709 -116.19146881493765 -83.56857241212353 -302.28032713221552 137.390783972756 115.8949296285474 -209.08224675885069 -180.05721129449114 -228.20046313719891 -317.39471489359778 54.8157306041129 -68.517740362129288 169.62820271524686 -157.49468421077421 9.9542359070086999 -42.961094400346113 -95.451305933803553
leaf_weight=31 49 31 33 33 39 43 30 30 38 30 33 30 43 55 45 32 31 42 35 39
leaf_count=31 49 31 33 33 39 43 30 30 38 30 33 30 43 55 45 32 31 42 35 39
internal_value=-9.21614 590.272 -78.5964 -136.299 -153.874 -191.614 -106.722 7.3003 63.3483 -260.642 -238.646 -305.012 -281.102 21.6397 -81.4252 140.666 -183.166 -2.73 -57.4044 -105.957
internal_weight=772 80 692 492 461 303 136 73 200 167 63 106 73 130 158 70 61 75 80 78
internal_count=772 80 692 492 461 303 136 73 200 167 63 106 73 130 158 70 61 75 80 78
is_linear=0
shrinkage=0.05


Tree=16
num_leaves=19
num_cat=0
split_feature=24 24 24 0 24 20 24 14 24 24 24 24 3 24 24 24 24 24
split_gain=1.15981e+10 2.40882e+09 2.04729e+09 8.15931e+08 4.54715e+08 6.35978e+08 7.0278e+08 3.303e+08 2.32914e+08 1.83707e+08 1.06687e+08 3.79848e+07 3.77624e+07 3.34219e+07 1.74527e+07 5.55355e+06 4.53548e+06 2.63137e+06
threshold=14283.333333333334 28397.71428571429 8351.8527777777799 4.1000000000000005 6030.5555555555557 9.8181000000000029 1.0000000180025095e-35 170.50000000000003 10805.555555555557 3111.1111111111118 4319.4444444444453 9699.0750000000007 47.350000000000001 7226.852777777779 12062.500000000002 8978.8361111111135 7874.0750000000007 6530.5555555555557
decision_type=2 2 2 2 2 2 2 2 2 2 2 2 2 2 2 2 2 2
left_child=2 -2 3 -1 5 9 7 -7 11 12 -8 15 -5 17 -10 -4 -15 -6
right_child=1 -3 8 4 13 6 10 -9 14 -11 -12 -13 -14 16 -16 -17 -18 -19
leaf_value=118.50613134451618 341.48831861072551 905.3451569983431 -17.915111594185728 -343.40125617869086 -110.39675361652813 -128.6043850467955 -287.9821873935212 80.28950266145057 110.11539117607856 -183.76934291611133 -168.21246560318093 52.079918259414711 -274.03298543644445 -65.099448978398698 161.17321279175184 9.4577063247313689 -40.819159448520416 -90.690947128256866
leaf_weight=31 49 31 33 34 39 32 32 46 38 55 46 55 58 45 32 42 35 39
leaf_count=31 49 31 33 34 39 32 32 46 38 55 46 55 58 45 32 42 35 39
internal_value=-8.75697 560.84 -74.6779 -129.503 -146.203 -182.061 -111.632 -5.46542 60.1892 -256.676 -217.655 20.5594 -300.014 -77.3642 133.653 -2.59408 -54.5411 -100.673
internal_weight=772 80 692 492 461 303 156 78 200 147 78 130 92 158 70 75 80 78
internal_count=772 80 692 492 461 303 156 78 200 147 78 130 92 158 70 75 80 78
is_linear=0
shrinkage=0.05


Tree=17
num_leaves=21
num_cat=0
split_feature=24 24 24 1 24 27 14 24 26 24 24 24 24 24 24 24 4 24 24 27
split_gain=1.04703e+10 2.17486e+09 1.84816e+09 7.5246e+08 9.67535e+08 3.18179e+08 7.2893e+08 2.10274e+08 1.66539e+08 1.44936e+08 7.23013e+07 3.44428e+07 2.13849e+07 1.57581e+07 1.22995e+07 9.86254e+06 6.18594e+06 3.33148e+06 3.13421e+06 2.59012e+06
threshold=14283.333333333334 28397.71428571429 8351.8527777777799 0.11250000000000002 4481.4805555555567 0.8140385552266387 155.50000000000003 10805.555555555557 6.450000000000002 6675.9250000000011 2027.7777777777781 9561.1111111111113 5868.0555555555566 12062.500000000002 3535.7142857142862 7509.2583333333341 1011.6500000000002 8978.8361111111135 10143.519444444446 0.37371625404731906
decision_type=2 2 2 2 2 2 2 2 2 2 2 2 2 2 2 2 2 2 2 2
left_child=2 -2 3 5 10 6 -1 11 -8 12 -5 17 19 -9 -12 -11 -14 -4 -13 -6
right_child=1 -3 7 4 9 -7 8 13 -10 15 14 18 16 -15 -16 -17 -18 -19 -20 -21
leaf_value=-229.21617098434709 324.44867767520446 860.22344402546287 -17.022061917572941 -338.26405546658589 -170.77719638052304 114.66585301669586 -36.075813510122622 104.62407338700582 126.47090834303947 -76.993577639642581 -270.99468714569161 35.050955616344105 -133.55114816164323 153.1396588572089 -228.40770103474617 -46.614361918234785 -101.1274476471438 5.4155178306326048 57.481586301683194 -147.25682924454827
leaf_weight=41 49 31 33 36 33 32 33 38 30 50 44 34 33 32 38 59 31 33 30 32
leaf_count=41 49 31 33 36 33 32 33 38 30 50 44 34 33 32 38 59 31 33 30 32
internal_value=-8.31868 532.876 -70.9525 -123.043 -161.253 -22.9783 -65.3998 57.1876 41.4051 -103.14 -278.277 19.5331 -139.003 126.99 -251.562 -60.6076 -118.028 -5.81198 45.6387 -159.442
internal_weight=772 80 692 492 356 136 104 200 63 238 118 130 129 70 82 109 64 66 64 65
internal_count=772 80 692 492 356 136 104 200 63 238 118 130 129 70 82 109 64 66 64 65
is_linear=0
shrinkage=0.05


Tree=18
num_leaves=22
num_cat=0
split_feature=24 24 1 1 24 24 27 14 26 24 24 24 24 24 24 24 24 4 27 24 21
split_gain=9.48281e+09 2.13179e+09 1.72771e+09 6.49065e+08 9.18577e+08 3.35775e+08 2.87239e+08 6.58038e+08 1.50353e+08 1.24396e+08 8.21383e+07 4.32945e+07 4.31802e+07 2.10626e+07 1.48927e+07 8.43567e+06 5.06337e+06 4.91095e+06 2.42822e+06 2.42371e+06 528005
threshold=16694.444444444449 8458.3333333333339 0.29166666666666669 0.11250000000000002 4825.9250000000002 11300.925000000001 0.8140385552266387 155.50000000000003 6.450000000000002 6921.2972222222224 2027.7777777777781 13111.111111111111 9768.5194444444442 3535.7142857142862 6030.5555555555557 7587.9638888888894 10569.444444444447 1011.6500000000002 0.50491897058791513 9069.4444444444471 0.77356471115091818
decision_type=2 2 2 2 2 2 2 2 2 2 2 2 2 2 2 2 2 2 2 2 2
left_child=1 3 -2 6 10 12 7 -1 -9 14 -5 -7 19 -12 18 -11 -14 -16 -6 -3 -17
right_child=2 5 -4 4 9 11 -8 8 -10 15 13 -13 16 -15 17 20 -18 -19 -20 -21 -22
leaf_value=-217.78324768363416 317.7595279833011 -7.1726594634516578 851.28819030565467 -321.39770453709315 -153.27453996825432 128.88836929855964 108.95042458412432 -34.277471430568177 120.16837354894493 -67.69025187333736 -257.47567822376345 209.88558063077772 46.634857742049689 -207.74681688868355 -121.74244514293608 -44.913669786421565 73.986098036655164 -92.112428339454425 -130.59987375253061 11.478005144414626 -35.077132060060165
leaf_weight=41 30 32 31 36 33 37 32 33 30 51 44 31 41 50 31 30 30 30 30 38 31
leaf_count=41 30 32 31 36 33 37 32 33 30 51 44 31 41 50 31 30 30 30 30 38 31
internal_value=-7.90284 -59.2623 589.847 -115.119 -149.769 74.8922 -21.8302 -62.1365 39.342 -90.915 -256.459 166.068 30.8345 -231.273 -125.409 -52.6475 58.2796 -107.345 -142.701 2.95385 -39.9804
internal_weight=772 711 61 502 366 209 136 104 63 236 130 68 141 94 124 112 71 61 63 70 61
internal_count=772 711 61 502 366 209 136 104 63 236 130 68 141 94 124 112 71 61 63 70 61
is_linear=0
shrinkage=0.05


Tree=19
num_leaves=21
num_cat=0
split_feature=24 24 1 0 24 20 1 24 27 24 24 27 24 24 24 24 24 20 24 24
split_gain=8.56109e+09 1.92466e+09 1.55978e+09 6.93361e+08 4.02264e+08 4.95052e+08 5.12737e+08 2.93742e+08 2.62683e+08 1.74241e+08 8.75404e+07 4.44136e+07 3.90899e+07 3.59649e+07 2.77156e+07 4.59513e+06 4.37844e+06 2.76259e+06 2.27381e+06 1.73894e+06
threshold=16694.444444444449 8655.5555555555566 0.29166666666666669 4.1000000000000005 6141.2027777777785 9.8181000000000029 0.15476190476190474 11300.925000000001 0.2093127076542077 3111.1111111111118 4319.4444444444453 0.20088869483109786 13111.111111111111 9768.5194444444442 7509.2583333333341 10291.666666666668 6921.2972222222224 5.5880500000000008 8090.2777777777783 9168.9805555555577
decision_type=2 2 2 2 2 2 2 2 2 2 2 2 2 2 2 2 2 2 2 2
left_child=1 3 -2 -1 5 9 8 13 -7 11 -8 -5 -9 19 16 -15 -6 -13 -16 -3
right_child=2 7 -4 4 14 6 10 12 -10 -11 -12 17 -14 15 18 -17 -18 -19 -20 -21
leaf_value=120.15568479679021 301.92434024240487 -3.7560346625067975 808.86063383537862 -214.91044053448741 -88.764352793236299 72.229955849471679 -248.2781132112782 122.46132152793862 -114.05894487802856 -154.15406384886646 -141.27826994295762 -305.7006083890173 199.42504211622034 40.256571377472227 -46.545361128152273 66.31072482737892 -66.523472520868083 -274.03186943586479 -28.575262597179162 12.461840659881306
leaf_weight=31 30 34 31 31 51 46 32 37 32 58 49 31 31 30 35 41 43 30 37 32
leaf_count=31 30 34 31 31 51 46 32 37 32 58 49 31 31 30 35 41 43 30 37 32
internal_value=-7.50655 -56.3062 560.45 -108.662 -123.617 -157.34 -95.7762 72.9131 -4.24438 -222.49 -183.804 -265.357 157.789 30.7005 -60.7882 55.3741 -78.6719 -290.6 -37.3632 4.11406
internal_weight=772 711 61 506 475 309 159 205 78 150 81 92 68 137 166 71 94 61 72 66
internal_count=772 711 61 506 475 309 159 205 78 150 81 92 68 137 166 71 94 61 72 66
is_linear=0
shrinkage=0.05


Tree=20
num_leaves=22
num_cat=0
split_feature=24 24 1 24 2 24 8 20 24 21 24 24 1 24 3 24 24 27 24 10 24
split_gain=1.24144e+10 2.43117e+09 6.88973e+08 9.33223e+08 4.17318e+08 3.82526e+08 2.89925e+08 2.85964e+08 1.80297e+08 8.47223e+07 7.88895e+07 6.1591e+07 2.37883e+07 2.12961e+07 9.78577e+06 5.27131e+06 5.24e+06 4.6114e+06 2.45764e+06 1.40138e+06 506717
threshold=30468.750000000004 9168.9805555555577 0.11250000000000002 4825.9250000000002 8.9500000000000011 13770.138888888891 17.050000000000004 11.968750000000002 6986.1111111111122 0.8385507999393822 3601.8527777777781 10916.666666666668 0.65000000000000013 7791.666666666667 78.950000000000017 10048.611111111111 8655.5555555555566 0.7025209685794126 6263.8888888888896 6.5000000000000009 11916.666666666668
decision_type=2 2 2 2 2 2 2 2 2 2 2 2 2 2 2 2 2 2 2 2 2
left_child=1 2 4 10 6 11 -1 -6 14 -7 12 15 -4 19 17 -3 -15 18 -5 -10 -13
right_child=-2 5 3 8 7 9 -8 -9 13 -11 -12 20 -14 16 -16 -17 -18 -19 -20 -21 -22
leaf_value=181.39876883036035 996.43821524686598 23.518333433869206 -301.24751400472263 -109.39041072807439 -184.79775352757696 271.10500151459422 -25.160830409661479 23.238540183569413 -51.266425133310804 153.16032077016553 -182.84963111958433 95.726561040022844 -242.81846373223067 -30.840542065113386 -135.65090192853697 49.030080688156175 -6.0143818498153099 -121.77913476490903 -88.710960170200892 -66.778961343860303 108.11100547004776
leaf_weight=39 30 44 31 30 34 31 30 32 34 31 47 30 52 52 42 38 36 34 37 30 30
leaf_count=39 30 44 31 30 34 31 30 32 34 31 47 30 52 52 42 38 36 34 37 30 30
internal_value=0.436263 -38.799 -92.6294 -123.88 5.77128 108.944 91.6837 -84.049 -74.6512 212.474 -235.449 63.6223 -264.978 -36.7006 -114.937 35.3862 -20.7028 -106.197 -98.1197 -58.6308 102.088
internal_weight=794 764 560 425 135 204 69 66 295 62 130 142 83 152 143 82 88 101 67 64 60
internal_count=794 764 560 425 135 204 69 66 295 62 130 142 83 152 143 82 88 101 67 64 60
is_linear=0
shrinkage=0.05


Tree=21
num_leaves=20
num_cat=0
split_feature=0 26 7 7 27 7 14 0 3 0 26 0 26 29 6 3 27 27 6
split_gain=3.7536e+09 6.17845e+08 4.81118e+08 5.42563e+08 1.07553e+09 4.40577e+08 4.36247e+08 2.75e+08 2.02669e+08 8.92683e+07 8.02735e+07 7.06244e+07 6.75956e+07 6.32896e+07 5.10369e+07 6.66893e+07 4.54812e+07 2.39204e+07 2.93071e+07
threshold=2.1500000000000004 8.4500000000000028 28.150000000000002 9.1500000000000004 0.45972848220565493 29.450000000000003 160.50000000000003 16.850000000000005 47.350000000000001 161.35000000000002 5.5499999999999998 88.450000000000003 6.2000000000000028 1.0000000180025095e-35 3.6500000000000008 57.350000000000001 -0.6254047815183511 -0.9157879589054253 2.6500000000000008
decision_type=2 2 2 2 2 2 2 2 2 2 2 2 2 2 2 2 2 2 2
left_child=1 -1 3 4 13 -4 8 -8 -5 10 -9 -7 -10 -2 15 -14 -12 -11 -19
right_child=2 -3 5 6 -6 11 7 9 12 17 16 -13 14 -15 -16 -17 -18 18 -20
leaf_value=218.75660331447258 -2.2870174648753827 540.61331519953842 207.69998981033697 -206.17273942784806 293.21779515937732 -64.652967564528964 -163.13689803831829 81.929947316981952 -148.17644028807462 -71.366798388864112 31.518968673830365 40.437632997574347 4.0057502670541556 -100.56536135501808 -122.60283129220412 -81.932027748937017 -36.195804537318189 15.173222713533825 -50.483595607103901
leaf_weight=30 30 30 37 48 33 30 31 39 43 38 49 34 30 36 46 91 50 30 39
leaf_count=30 30 30 37 48 33 30 31 39 43 38 49 34 30 36 46 91 50 30 39
internal_value=0.41668 380.317 -30.6854 -46.8563 60.608 70.6087 -66.787 -23.0793 -113.517 -5.29838 21.2718 -8.84752 -92.2505 -55.9645 -77.7703 -60.6394 -2.68238 -39.5543 -21.9564
internal_weight=794 60 734 633 99 101 534 276 258 245 138 64 210 66 167 121 99 107 69
internal_count=794 60 734 633 99 101 534 276 258 245 138 64 210 66 167 121 99 107 69
is_linear=0
shrinkage=0.05


Tree=22
num_leaves=20
num_cat=0
split_feature=24 24 0 24 8 24 24 0 14 24 24 24 24 27 10 24 24 27 0
split_gain=1.09124e+10 2.09259e+09 8.17907e+08 3.9843e+08 3.17217e+08 4.17895e+08 2.96254e+08 2.53708e+08 2.50412e+08 1.69666e+08 1.16783e+08 5.21413e+07 3.51404e+07 2.4091e+07 1.51698e+07 7.18848e+06 4.62052e+06 1.91666e+06 1.42621e+06
threshold=30468.750000000004 9168.9805555555577 3.4000000000000008 6450.0000000000009 8.5500000000000025 1163.3333333333337 13770.138888888891 5.0500000000000007 160.50000000000003 3111.1111111111118 4319.4444444444453 10916.666666666668 7509.2583333333341 0.26781182513105634 6.5000000000000009 8231.4805555555577 10143.519444444446 -0.13727368718622751 54.650000000000013
decision_type=2 2 2 2 2 2 2 2 2 2 2 2 2 2 2 2 2 2 2
left_child=1 2 -1 4 9 8 11 -8 -6 13 -7 16 17 -4 -12 -14 -3 -5 -13
right_child=-2 6 3 12 5 10 7 -9 -10 -11 14 18 15 -15 -16 -17 -18 -19 -20
leaf_value=167.27277996278679 934.20636558596095 25.708794312284915 -208.73130416624801 -75.742238441530688 -110.60524460199311 -214.49328324887028 90.21468424781726 292.76210199582999 58.060007317189758 -126.59551005390404 -97.398665157245219 104.66395853745976 -36.154030763622437 -269.26074923982196 -142.75292223398557 -10.210862211133954 50.444193473131556 -59.32144734797172 87.391173870302111
leaf_weight=30 30 52 31 36 38 49 31 31 52 53 47 30 52 43 32 55 30 42 30
leaf_count=30 30 52 31 36 38 49 31 31 52 53 47 30 52 43 32 55 30 42 30
internal_value=0.398273 -36.387 -86.3285 -100.712 -132.453 -95.7845 100.682 191.797 -13.1979 -195.271 -153.798 60.7929 -41.4802 -244.22 -115.927 -22.8408 34.8088 -66.9876 96.1874
internal_weight=794 764 560 530 345 218 204 62 90 127 128 142 185 74 79 107 82 78 60
internal_count=794 764 560 530 345 218 204 62 90 127 128 142 185 74 79 107 82 78 60
is_linear=0
shrinkage=0.05


Tree=23
num_leaves=20
num_cat=0
split_feature=24 24 0 24 4 24 24 0 24 26 8 24 24 24 24 24 24 7 24
split_gain=9.85185e+09 1.88912e+09 7.38393e+08 3.60414e+08 3.74115e+08 4.97004e+08 2.67461e+08 2.29049e+08 1.82988e+08 1.82017e+08 5.64972e+07 4.70776e+07 4.33773e+07 2.9253e+07 1.64937e+07 6.48894e+06 5.22043e+06 4.13374e+06 3.09424e+06
threshold=30468.750000000004 9168.9805555555577 3.4000000000000008 6263.8888888888896 1006.5500000000001 1.0000000180025095e-35 13770.138888888891 5.0500000000000007 3535.7142857142862 6.5000000000000018 8.5500000000000025 11013.888888888891 7509.2583333333341 1693.3333333333337 4902.7777777777783 8231.4805555555577 10175.925000000001 13.65 7018.5194444444451
decision_type=2 2 2 2 2 2 2 2 2 2 2 2 2 2 2 2 2 2 2
left_child=1 2 -1 4 5 9 11 -8 10 -4 13 16 17 -6 -10 -14 -3 -5 -19
right_child=-2 6 3 12 8 -7 7 -9 14 -11 -12 -13 15 -15 -16 -17 -18 18 -20
leaf_value=158.9369242823401 887.6512462679334 24.657038560327894 -59.340275015931837 -83.46359760880074 -273.80137840743976 -170.69012244219624 85.718455968409103 278.17106482208345 -147.12470695519372 100.95555027438587 -165.5813299144034 92.893446491729151 -34.349799123606623 -206.59735583164181 -101.43039004891951 -9.701245445002229 50.479404128096114 -70.323990997554745 -48.37033244288245
leaf_weight=30 30 54 33 30 37 58 31 31 32 38 38 57 52 33 56 55 31 38 30
leaf_count=30 30 54 33 30 37 58 31 31 32 38 38 57 52 33 56 55 31 38 30
internal_value=0.381252 -34.5708 -82.0221 -95.6888 -128.431 -62.2374 95.6642 182.238 -171.943 26.4731 -215.588 57.7627 -43.7432 -242.459 -118.195 -21.7009 34.1229 -67.7631 -60.7239
internal_weight=794 764 560 530 325 129 204 62 196 71 108 142 205 70 88 107 85 98 68
internal_count=794 764 560 530 325 129 204 62 196 71 108 142 205 70 88 107 85 98 68
is_linear=0
shrinkage=0.05


Tree=24
num_leaves=19
num_cat=0
split_feature=24 24 0 24 4 1 24 0 24 14 3 1 24 24 24 24 24 24
split_gain=8.89436e+09 1.70539e+09 6.66611e+08 3.25353e+08 3.37754e+08 4.48631e+08 2.41479e+08 2.06787e+08 1.65203e+08 1.15323e+08 9.24738e+07 5.70435e+07 4.30676e+07 3.91627e+07 1.48952e+07 7.79511e+06 5.85747e+06 3.66069e+06
threshold=30468.750000000004 9168.9805555555577 3.4000000000000008 6263.8888888888896 1006.5500000000001 0.15476190476190474 13770.138888888891 5.0500000000000007 3535.7142857142862 177.50000000000003 47.350000000000001 0.18333333333333332 11268.519444444444 7509.2583333333341 4902.7777777777783 10291.666666666668 8231.4805555555577 6953.7027777777785
decision_type=2 2 2 2 2 2 2 2 2 2 2 2 2 2 2 2 2 2
left_child=1 2 -1 4 5 9 12 -8 10 -4 -6 -12 15 17 -10 -3 -15 -5
right_child=-2 6 3 13 8 -7 7 -9 14 -11 11 -13 -14 16 -16 -17 -18 -19
leaf_value=151.01647823498493 843.41613775614496 24.194411858205264 -37.635975262332828 -73.415829852835145 -265.43059325563047 -162.17030508333559 81.446313506767297 264.30723405942274 -139.79138845283293 89.658060109717212 -116.65257031006671 -209.65933008068816 93.996453844463247 -32.635605354821614 -96.367910414371053 53.77797561391899 -9.2170636644380703 -53.60982837211796
leaf_weight=30 30 59 36 53 40 58 31 31 32 35 30 38 47 52 56 36 55 45
leaf_count=30 30 59 36 53 40 58 31 31 32 35 30 38 47 52 56 36 55 45
internal_value=0.364132 -32.846 -77.931 -90.9163 -122.025 -59.1306 90.894 173.155 -163.369 25.1524 -204.838 -168.859 54.8805 -41.562 -112.299 35.4498 -20.6179 -64.3852
internal_weight=794 764 560 530 325 129 204 62 196 71 108 68 142 205 88 95 107 98
internal_count=794 764 560 530 325 129 204 62 196 71 108 68 142 205 88 95 107 98
is_linear=0
shrinkage=0.05


Tree=25
num_leaves=19
num_cat=0
split_feature=24 24 24 3 1 24 26 24 24 0 24 24 24 24 21 3 14 24
split_gain=8.30173e+09 1.67455e+09 2.86895e+08 2.66139e+08 5.23978e+08 4.89301e+08 3.89891e+08 1.89867e+08 9.339e+07 5.61916e+07 4.94867e+07 1.80411e+07 7.23442e+06 6.02299e+06 2.11702e+06 1.45182e+06 1.25113e+06 962413
threshold=30468.750000000004 9189.8138888888916 14283.333333333334 51.350000000000001 0.13392857142857142 4562.5000000000009 6.5000000000000018 2794.4444444444448 7268.5194444444451 23.700000000000006 11268.519444444444 6030.5555555555557 9902.7777777777792 8458.3333333333339 0.88839063278525177 76.700000000000003 192.50000000000003 10569.444444444447
decision_type=2 2 2 2 2 2 2 2 2 2 2 2 2 2 2 2 2 2
left_child=1 3 10 7 6 9 -5 -1 11 -6 12 15 -3 16 -13 -7 -10 -14
right_child=-2 2 -4 4 5 8 -8 -9 13 -11 -12 14 17 -15 -16 -17 -18 -19
leaf_value=-220.87590291631196 816.26289662712838 17.575529482154085 191.60820818971106 -70.08445627005996 -254.01706527268385 -94.848393146478088 123.50479029328811 -84.757321805830586 -22.446375380538583 -165.79606721758068 97.761202273299432 -59.631013704729199 39.529621675151361 -2.4321484679194509 -76.493060462931638 -112.24202613953224 -35.804420770997524 52.200288978172615
leaf_weight=49 30 35 53 47 31 31 58 54 38 46 48 43 33 31 38 31 34 32
leaf_count=49 30 35 53 47 31 31 58 54 38 46 48 43 33 31 38 31 34 32
internal_value=2.45575 -31.0039 91.8831 -77.5291 -60.1385 -91.6742 36.8663 -149.664 -57.1995 -201.597 56.0654 -83.3334 35.9737 -20.8709 -67.6262 -103.712 -28.7953 45.8382
internal_weight=762 732 201 531 428 323 105 103 246 77 148 143 100 103 81 62 72 65
internal_count=762 732 201 531 428 323 105 103 246 77 148 143 100 103 81 62 72 65
is_linear=0
shrinkage=0.05


Tree=26
num_leaves=19
num_cat=0
split_feature=24 24 24 3 1 24 26 1 24 24 0 24 24 24 21 3 24 24
split_gain=7.49492e+09 1.51353e+09 2.88662e+08 2.56189e+08 4.99082e+08 4.14254e+08 3.51946e+08 1.48437e+08 6.93654e+07 5.43693e+07 5.0741e+07 1.102e+07 1.09932e+07 6.23089e+06 1.36457e+06 1.31069e+06 1.06438e+06 868883
threshold=30468.750000000004 8916.6666666666679 14283.333333333334 51.350000000000001 0.13392857142857142 4562.5000000000009 6.5000000000000018 0.65000000000000013 6898.1472222222228 11268.519444444444 23.700000000000006 9902.7777777777792 6030.5555555555557 7935.186111111112 0.86247228140353938 76.700000000000003 7416.666666666667 10569.444444444447
decision_type=2 2 2 2 2 2 2 2 2 2 2 2 2 2 2 2 2 2
left_child=1 3 9 7 6 10 -5 -1 12 11 -6 -3 15 16 -14 -7 -10 -13
right_child=-2 2 -4 4 5 8 -8 -9 13 -11 -12 17 14 -15 -16 -17 -18 -19
leaf_value=-222.98537875815225 775.58535869002742 12.811408150128726 182.04584102522855 -66.587671760186524 -241.35705425102992 -90.121222649969866 117.34017910719329 -97.982320499420155 -45.817257153076987 92.883304435745842 -157.52424549425501 37.559111843512504 -60.028544642046043 -14.540724337127415 -76.076605366551604 -106.64797076749647 -32.645012161874369 49.598404893845412
leaf_weight=40 30 53 53 47 31 31 58 59 30 48 46 33 30 45 30 31 35 32
leaf_count=40 30 53 53 47 31 31 58 59 30 48 46 33 30 45 30 31 35 32
internal_value=2.33387 -29.4584 80.5566 -76.4304 -59.1257 -91.1198 35.0255 -148.663 -57.721 48.0632 -191.544 29.7681 -83.6716 -28.8895 -68.1659 -98.5431 -38.7856 43.5533
internal_weight=762 732 219 513 414 309 105 99 232 166 77 118 122 110 60 62 65 65
internal_count=762 732 219 513 414 309 105 99 232 166 77 118 122 110 60 62 65 65
is_linear=0
shrinkage=0.05


Tree=27
num_leaves=19
num_cat=0
split_feature=24 24 27 24 24 1 3 26 24 6 24 7 24 24 24 0 2 24
split_gain=6.76653e+09 1.36632e+09 2.93198e+08 2.60676e+08 1.75004e+08 2.38356e+08 3.07402e+08 1.54713e+08 1.38235e+08 9.52212e+07 3.27185e+07 3.18961e+07 2.67675e+07 2.51346e+07 8.07666e+06 4.85608e+06 2.74761e+06 2.60069e+06
threshold=30468.750000000004 8916.6666666666679 -0.97505550290239429 12898.147222222224 6199.0750000000007 0.11250000000000002 52.650000000000006 6.5000000000000018 4562.5000000000009 3.1500000000000008 11083.333333333334 22.850000000000005 2794.4444444444448 7376.3888888888896 9902.7777777777792 127.45 6.2500000000000009 7935.186111111112
decision_type=2 2 2 2 2 2 2 2 2 2 2 2 2 2 2 2 2 2
left_child=1 2 -1 10 5 6 -4 -8 11 -5 14 12 -7 15 -3 -6 -10 -15
right_child=-2 3 4 9 13 8 7 -9 16 -11 -12 -13 -14 17 -16 -17 -18 -19
leaf_value=78.854842858298682 736.93491853733008 12.172044060234745 -188.42593378466228 225.78598104584654 -74.687703445317496 -185.84973665666689 -73.468005884440487 56.345565988575608 -103.06972624849277 103.92719510846328 76.878965701760833 -221.2464459289348 -125.44776049303519 -32.725246450283748 39.424617255987755 -49.534513485877596 -83.195601104912043 -15.794729966032291
leaf_weight=30 30 53 30 30 39 43 43 49 31 35 45 30 34 42 56 40 52 50
leaf_count=30 30 53 30 30 39 43 43 49 31 35 45 30 34 42 56 40 52 50
internal_value=2.21754 -27.9904 -72.6195 76.5373 -82.0423 -104.322 -49.7258 -4.34201 -139.334 160.43 41.0468 -176.913 -159.376 -41.3541 26.1967 -62.0307 -90.7336 -23.5511
internal_weight=762 732 513 219 483 312 122 92 190 65 154 107 77 171 109 79 83 92
internal_count=762 732 513 219 483 312 122 92 190 65 154 107 77 171 109 79 83 92
is_linear=0
shrinkage=0.05


Tree=28
num_leaves=19
num_cat=0
split_feature=24 24 24 3 24 24 26 24 24 0 24 24 24 24 4 14 3 24
split_gain=6.10891e+09 1.23347e+09 2.13519e+08 1.99025e+08 3.98467e+08 3.58756e+08 2.97038e+08 1.44955e+08 6.86324e+07 4.49083e+07 3.58065e+07 1.35304e+07 5.08607e+06 4.52039e+06 2.22504e+06 1.37899e+06 1.25105e+06 715134
threshold=30468.750000000004 9189.8138888888916 14283.333333333334 51.350000000000001 1.0000000180025095e-35 4562.5000000000009 6.5000000000000018 2794.4444444444448 7268.5194444444451 23.700000000000006 11268.519444444444 6030.5555555555557 9902.7777777777792 8458.3333333333339 1012.35 192.50000000000003 75.850000000000009 10569.444444444447
decision_type=2 2 2 2 2 2 2 2 2 2 2 2 2 2 2 2 2 2
left_child=1 3 10 7 6 9 -5 -1 11 -6 12 16 -3 15 -13 -10 -7 -14
right_child=-2 2 -4 4 5 8 -8 -9 13 -11 -12 14 17 -15 -16 -17 -18 -19
leaf_value=-191.12447489876368 700.21059021110159 15.45364251422067 164.90550082362978 -60.246561769619113 -219.93174479690012 -81.166956661389122 108.72651819961207 -72.19745104185094 -18.55628323292169 -141.14970014659028 83.442076469310351 -67.265437777461656 33.721553915432935 -2.3484959746480372 -50.181513003462157 -32.524779008141017 -97.069903992269644 44.636059862653788
leaf_weight=49 30 35 53 47 31 30 58 54 38 46 48 38 33 31 43 34 32 32
leaf_count=49 30 35 53 47 31 30 58 54 38 46 48 38 33 31 43 34 32 32
internal_value=2.10782 -26.5947 78.8736 -66.5251 -51.4865 -78.9872 33.1055 -128.905 -49.4671 -173.111 47.9744 -71.8709 30.8835 -18.3234 -58.2693 -25.1885 -89.5181 39.1552
internal_weight=762 732 201 531 428 323 105 103 246 77 148 143 100 103 81 72 62 65
internal_count=762 732 201 531 428 323 105 103 246 77 148 143 100 103 81 72 62 65
is_linear=0
shrinkage=0.05


Tree=29
num_leaves=19
num_cat=0
split_feature=24 24 24 3 1 24 23 26 1 24 0 24 24 24 24 3 26 24
split_gain=5.51522e+09 1.11559e+09 2.14536e+08 1.92683e+08 3.7896e+08 3.03873e+08 2.93553e+08 1.34594e+08 1.17278e+08 5.15927e+07 4.05517e+07 3.93045e+07 7.79773e+06 7.78783e+06 4.92054e+06 1.12927e+06 977383 645634
threshold=30468.750000000004 8916.6666666666679 14283.333333333334 51.350000000000001 0.13392857142857142 4562.5000000000009 -0.24999999999999994 6.6500000000000021 0.65000000000000013 6811.1111111111122 23.700000000000006 11268.519444444444 6030.5555555555557 9902.7777777777792 7935.186111111112 75.850000000000009 6.6500000000000021 10569.444444444447
decision_type=2 2 2 2 2 2 2 2 2 2 2 2 2 2 2 2 2 2
left_child=1 3 11 8 6 10 7 -5 -1 12 -6 13 15 -3 16 -7 -11 -15
right_child=-2 2 -4 4 5 9 -8 -9 -10 14 -12 -13 -14 17 -16 -17 -18 -19
leaf_value=-194.29387412511201 665.31638152322103 11.358176959122192 156.67575280715741 -96.502607416057856 -208.97051625144442 -77.122091461891358 157.47210444750442 39.425816029112056 -83.202128790679524 -40.409347912084279 -134.10752352964852 79.278646209780234 -59.229550365244449 32.040570190521883 -12.59446622622251 -92.231529506790309 -28.054518539885169 42.411209603187828
leaf_weight=40 30 53 53 34 31 30 32 39 59 32 46 48 58 33 45 32 35 32
leaf_count=40 30 53 53 34 31 30 32 39 59 32 46 48 58 33 45 32 35 32
internal_value=2.0032 -25.2689 69.1824 -65.5959 -50.5888 -78.4681 31.4526 -23.9287 -128.238 -49.8627 -164.479 41.1703 -72.6333 25.6145 -25.4226 -85.0566 -34.0068 37.2035
internal_weight=762 732 219 513 414 309 105 73 99 232 77 166 120 118 112 62 67 65
internal_count=762 732 219 513 414 309 105 73 99 232 77 166 120 118 112 62 67 65
is_linear=0
shrinkage=0.05


Tree=30
num_leaves=19
num_cat=0
split_feature=0 1 7 3 7 7 15 0 9 27 20 18 27 20 4 29 21 14
split_gain=1.49103e+09 3.07474e+08 2.18345e+08 2.14871e+08 1.44518e+08 1.3864e+08 2.48741e+08 9.56971e+07 9.91395e+07 9.88837e+07 5.06288e+07 4.93631e+07 4.13476e+07 1.88218e+07 1.12811e+07 1.08486e+07 9.10618e+06 5.50694e+06
threshold=2.1500000000000004 0.65000000000000013 28.550000000000004 51.550000000000004 30.450000000000003 25.950000000000003 1.0000000180025095e-35 55.800000000000004 1.5500000000000003 0.14153898451656996 11.302350000000002 1.0000000180025095e-35 0.85206963063867758 3.4583500000000007 1005.1500000000002 1.0000000180025095e-35 0.8668692449355434 313.00000000000006
decision_type=2 2 2 2 2 2 2 2 2 2 2 2 2 2 2 2 2 2
left_child=-1 3 7 -2 -4 6 -5 8 10 11 12 14 16 -11 -9 -15 -3 -16
right_child=1 2 4 5 -6 -7 -8 9 -10 13 -12 -13 -14 15 17 -17 -18 -19
leaf_value=270.51969724973736 -183.98965519550734 17.313915618209592 159.59370071056276 89.106940427600833 16.004454123888902 -116.27435183614305 -95.388104744658378 1.6418816042068365 85.161874357773613 -97.995691992263559 49.789689622289721 47.015128574198471 -72.097315213534614 -69.418210502663896 -38.350320193771161 -38.134046651871941 -18.546422175276309 -12.751886216237232
leaf_weight=46 40 31 30 35 42 48 38 39 37 32 30 33 31 58 66 54 41 31
leaf_count=46 40 31 30 35 42 48 38 39 37 32 30 33 31 58 66 54 41 31
internal_value=-5.10405 -22.847 -5.19427 -83.6587 75.9717 -50.3669 -6.93062 -17.3068 12.8874 -33.7051 -7.26782 -7.75362 -23.9187 -64.1355 -21.0679 -54.3823 -3.10389 -30.191
internal_weight=762 716 555 161 72 121 73 483 170 313 133 169 103 144 136 112 72 97
internal_count=762 716 555 161 72 121 73 483 170 313 133 169 103 144 136 112 72 97
is_linear=0
shrinkage=0.05


Tree=31
num_leaves=19
num_cat=0
split_feature=0 1 7 3 26 14 6 0 9 27 20 28 27 20 0 29 27 3
split_gain=1.34596e+09 2.77568e+08 1.97118e+08 1.93976e+08 1.51285e+08 1.35476e+08 1.05021e+08 8.63867e+07 8.94986e+07 8.9266e+07 4.57079e+07 4.45625e+07 3.75633e+07 1.69953e+07 9.79868e+06 9.7925e+06 7.40622e+06 5.46668e+06
threshold=2.1500000000000004 0.65000000000000013 28.550000000000004 51.550000000000004 6.1500000000000021 216.50000000000003 3.1500000000000008 55.800000000000004 1.5500000000000003 0.14153898451656996 11.302350000000002 0.87377473702374975 0.7206604759859373 3.4583500000000007 161.35000000000002 1.0000000180025095e-35 -0.92906397550800912 57.70000000000001
decision_type=2 2 2 2 2 2 2 2 2 2 2 2 2 2 2 2 2 2
left_child=-1 3 7 -2 -5 -4 -6 8 10 11 12 14 17 -11 -9 -15 -16 -3
right_child=1 2 5 4 6 -7 -8 9 -10 13 -12 -13 -14 15 16 -17 -18 -19
leaf_value=257.02305063407488 -174.81311743681567 -13.0285233804643 -4.5246498107910158 -115.5275305248812 -54.155588830358504 133.41170213751661 67.624622072667563 -2.9485986414889229 80.915260517886395 -93.111170454411493 47.308476104926427 44.671472408836344 -62.146371366345662 -65.953273944230986 -50.46029597881229 -36.230868551427029 -19.440583162431139 16.012979032826976
leaf_weight=46 40 35 32 49 41 40 31 52 37 32 30 33 38 58 30 54 54 30
leaf_count=46 40 35 32 49 41 40 31 52 37 32 30 33 38 58 30 54 54 30
internal_value=-4.84889 -21.7066 -4.93429 -79.4853 -47.8536 72.1853 -1.7013 -16.443 12.2449 -32.0232 -6.90531 -7.36601 -22.7264 -60.9358 -20.0163 -51.668 -30.5659 0.379178
internal_weight=762 716 555 161 121 72 72 483 170 313 133 169 103 144 136 112 84 65
internal_count=762 716 555 161 121 72 72 483 170 313 133 169 103 144 136 112 84 65
is_linear=0
shrinkage=0.05


Tree=32
num_leaves=17
num_cat=0
split_feature=26 28 22 1 3 2 26 9 9 8 21 27 25 8 3 8
split_gain=4.9692e+08 5.60767e+08 2.45281e+08 1.9839e+08 3.72559e+08 2.56703e+08 3.8989e+08 1.70964e+08 1.53646e+08 7.33059e+07 5.02178e+07 4.75998e+07 1.47102e+07 1.6555e+07 1.64235e+07 9.994e+06
threshold=10.950000000000005 0.2926003356333482 -0.93301270189221908 0.65000000000000013 50.900000000000006 8.9500000000000011 6.6500000000000021 1.5500000000000003 3.8500000000000001 16.950000000000003 0.58990616621983927 0.86958133671945947 26.396165000000007 12.550000000000002 40.250000000000007 18.550000000000004
decision_type=2 2 2 2 2 2 2 2 2 2 2 2 2 2 2 2
left_child=2 -2 -1 4 -4 6 -6 11 -9 -7 -10 12 13 14 -5 -15
right_child=1 -3 3 7 5 9 -8 8 10 -11 -12 -13 -14 15 -16 -17
leaf_value=82.466749183267297 -14.897166903861701 280.96534162073652 -204.94838241615199 -45.561139196473121 -78.252555464670024 -155.92534327204493 155.97741418206445 141.59819888498299 61.301093894223442 -47.783894241687868 -19.542608403351352 -68.96402140280675 11.95858765229624 -55.153669994140117 -6.0049943001629345 -21.245656989042899
leaf_weight=57 33 31 40 32 37 33 34 30 30 30 53 54 36 48 144 40
leaf_count=57 33 31 40 32 37 33 34 30 30 30 53 54 36 48 144 40
internal_value=-4.60675 128.626 -16.8396 -25.6818 -71.2361 -31.1989 33.9755 -8.69702 44.8237 -104.587 9.71655 -25.7892 -17.9973 -22.0852 -13.2188 -39.7826
internal_weight=762 64 698 641 174 134 71 467 113 63 83 354 300 264 176 88
internal_count=762 64 698 641 174 134 71 467 113 63 83 354 300 264 176 88
is_linear=0
shrinkage=0.05


Tree=33
num_leaves=21
num_cat=0
split_feature=24 0 24 24 1 2 24 20 24 24 24 24 14 24 27 5 24 28 27 10
split_gain=2.30464e+09 7.68611e+08 7.13224e+08 1.49866e+08 1.3834e+08 1.53285e+08 1.0427e+08 7.43703e+07 6.81678e+07 1.83094e+07 1.63325e+07 1.31886e+07 9.95409e+06 7.90495e+06 3.81588e+06 3.74151e+06 2.67838e+06 2.33479e+06 1.76959e+06 1.34817e+06
threshold=20340.277777777781 3.0500000000000003 8458.3333333333339 5509.2583333333341 0.11250000000000002 4.8000000000000016 11300.925000000001 10.791900000000002 2027.7777777777781 3959.7222222222226 12603.175000000001 7146.2972222222224 180.00000000000003 9673.6111111111113 0.30901413279605805 21.250000000000004 6308.3333333333348 0.47493347945961001 -0.34964421742355262 7.5000000000000009
decision_type=2 2 2 2 2 2 2 2 2 2 2 2 2 2 2 2 2 2 2 2
left_child=1 -1 3 4 5 -3 13 -7 -6 -10 -8 12 16 18 -11 17 -5 -13 -4 -15
right_child=-2 2 6 11 8 7 10 -9 9 14 -12 15 -14 19 -16 -17 -18 -19 -20 -21
leaf_value=206.30241884360214 355.20157952931606 27.046343594596273 -3.6639720734962626 -47.775976576760556 -181.35571847901016 -145.3562174535524 66.703534691126791 -39.599938080471816 -125.94683357803422 -100.12610755994007 116.99464852096688 -11.686793748755704 -68.510797304496847 36.201697754936589 -75.137653196503294 -40.94608756537454 -26.794935363313289 -29.275785219504236 12.973831264521195 22.240655542174107
leaf_weight=34 42 40 34 32 39 36 31 31 58 31 35 40 46 31 35 30 30 36 30 41
leaf_count=34 42 40 34 32 39 36 31 31 58 31 35 40 46 31 35 30 30 36 30 41
internal_value=-4.37631 -25.3981 -36.9102 -69.8423 -94.61 -50.3675 41.9918 -96.5562 -123.604 -105.308 93.5098 -38.5637 -50.8649 16.94 -87.0085 -25.9942 -37.6834 -20.046 4.14299 28.2936
internal_weight=762 720 686 484 270 107 202 67 163 124 66 214 108 136 66 106 62 76 64 72
internal_count=762 720 686 484 270 107 202 67 163 124 66 214 108 136 66 106 62 76 64 72
is_linear=0
shrinkage=0.05


Tree=34
num_leaves=21
num_cat=0
split_feature=24 0 24 24 1 8 24 24 2 24 24 24 27 24 27 5 22 24 28 6
split_gain=2.08045e+09 6.9388e+08 6.43868e+08 1.35288e+08 1.24879e+08 1.39927e+08 9.41857e+07 6.15403e+07 4.36877e+07 1.65219e+07 1.56798e+07 1.19055e+07 9.01522e+06 6.60475e+06 3.44542e+06 3.37811e+06 2.78022e+06 2.24032e+06 2.1078e+06 870454
threshold=20340.277777777781 3.0500000000000003 8458.3333333333339 5509.2583333333341 0.11250000000000002 14.250000000000002 11268.519444444444 2027.7777777777781 14.850000000000003 3959.7222222222226 12603.175000000001 7146.2972222222224 -0.15855791680139872 9768.5194444444442 0.30901413279605805 21.250000000000004 -0.24999999999999994 6287.0361111111115 0.47493347945961001 3.1500000000000008
decision_type=2 2 2 2 2 2 2 2 2 2 2 2 2 2 2 2 2 2 2 2
left_child=1 -1 3 4 5 -3 13 -6 -7 -9 -8 12 -5 16 -11 18 -4 -14 -13 -15
right_child=-2 2 6 11 7 8 10 9 -10 14 -12 15 17 19 -16 -17 -18 -19 -20 -21
leaf_value=196.01754131820542 337.48368654953333 -117.49958035940361 -3.5487379616335448 -67.189007507476433 -172.31112347771139 37.798219527527031 62.723084104601355 -119.66033094343753 -44.854422848723658 -95.135898293252922 111.16158245553996 -11.103911198965481 -46.824795990940942 33.474237304638443 -71.391473979895622 -38.90558399694703 16.199919643051157 -28.44654343517864 -27.816050778333501 21.440198586723046
leaf_weight=34 42 43 40 40 39 34 33 58 30 31 35 40 32 31 35 30 32 36 36 31
leaf_count=34 42 43 40 40 39 34 33 58 30 31 35 40 32 31 35 30 32 36 36 31
internal_value=-4.15784 -24.131 -35.0692 -66.3591 -89.8913 -47.8565 39.8984 -117.438 -0.954662 -100.055 87.7814 -36.6408 -48.3283 15.5523 -82.6713 -24.6983 5.23867 -37.1513 -19.0464 27.5015
internal_weight=762 720 686 484 270 107 202 163 64 124 68 214 108 134 66 106 72 68 76 62
internal_count=762 720 686 484 270 107 202 163 64 124 68 214 108 134 66 106 72 68 76 62
is_linear=0
shrinkage=0.05


Tree=35
num_leaves=20
num_cat=0
split_feature=20 26 27 25 6 26 0 26 0 10 25 27 27 0 6 27 20 2 0
split_gain=6.15072e+08 9.74277e+08 2.83768e+08 2.26691e+08 1.08186e+08 2.36123e+08 1.83061e+08 1.10997e+08 8.50065e+07 8.23927e+07 1.06858e+08 1.21982e+08 6.54962e+07 6.40276e+07 5.77476e+07 4.14953e+07 2.72828e+07 2.16925e+07 1.6545e+07
threshold=2.7852500000000004 9.9500000000000028 0.49002412863433359 16.428345000000004 2.5500000000000003 8.8500000000000032 13.850000000000003 4.3500000000000005 44.550000000000004 1.5000000000000002 7.5648750000000007 0.74409704927257569 0.064507852084056461 11.050000000000002 3.1500000000000008 0.96900085243778578 19.245375000000003 15.597000000000003 115.85000000000001
decision_type=2 2 2 2 2 2 2 2 2 2 2 2 2 2 2 2 2 2 2
left_child=1 2 12 9 6 7 -5 -6 -9 -2 -11 17 -1 -13 -10 -15 18 -12 -8
right_child=3 -3 -4 4 5 -7 16 8 14 10 11 13 -14 15 -16 -17 -18 -19 -20
leaf_value=12.461564837561713 -127.40933972415151 335.11668042243423 149.16885944442495 -134.65600621169585 82.187156152130655 158.41153686130929 9.5883222595379358 -75.854159686071043 -29.770674867693444 42.945092380083985 -34.375196328310267 -143.54400076236365 -85.615240757414938 -94.443199670390712 46.846740121894321 -21.879886995522508 36.470466835829463 12.987804468048697 -37.332806722886296
leaf_weight=35 32 33 30 30 40 31 37 38 45 32 55 37 33 47 54 34 41 43 38
leaf_count=35 32 33 30 30 40 31 37 38 45 32 55 37 33 47 54 34 41 43 38
internal_value=1.99132 100.579 21.3407 -18.3919 8.19867 31.3504 -24.7834 9.01981 -12.3873 -52.001 -42.2234 -54.855 -35.1903 -89.076 12.0257 -64.0491 3.72337 -13.6014 -14.203
internal_weight=765 131 98 634 354 208 146 177 137 280 248 216 68 118 99 81 116 98 75
internal_count=765 131 98 634 354 208 146 177 137 280 248 216 68 118 99 81 116 98 75
is_linear=0
shrinkage=0.05


Tree=36
num_leaves=20
num_cat=0
split_feature=24 24 1 27 14 24 24 24 24 24 27 7 24 24 27 24 2 7 7
split_gain=2.9556e+09 5.91514e+08 3.61582e+08 2.93041e+08 5.34978e+08 2.90984e+08 1.02683e+08 6.55997e+07 3.34755e+07 2.03078e+07 1.1471e+07 7.76422e+06 5.43738e+06 4.55812e+06 3.93863e+06 3.96744e+06 1.95386e+06 1.71774e+06 2.92772e+06
threshold=30468.750000000004 9168.9805555555577 0.11250000000000002 0.64534213713577271 160.50000000000003 4138.8888888888896 14283.333333333334 6811.1111111111122 1805.5555555555559 11740.741666666667 -0.021515898191483831 25.750000000000004 8655.5555555555566 5819.4444444444462 -0.081675638985454949 10231.480555555558 13.950000000000001 25.850000000000005 12.950000000000001
decision_type=2 2 2 2 2 2 2 2 2 2 2 2 2 2 2 2 2 2 2
left_child=1 2 3 4 -1 8 9 11 -4 14 -10 13 17 16 15 -3 -7 18 -9
right_child=-2 6 5 -5 -6 7 -8 12 10 -11 -12 -13 -14 -15 -16 -17 -18 -19 -20
leaf_value=-195.13502627654725 479.31438478917556 6.4255305719483733 -184.58001623819041 132.20646181171443 70.591429550260486 -79.509505664670954 115.96770427129039 -34.338455039044952 -143.74871303524787 63.825160272974166 -103.94794987016928 -89.818949915483543 -2.589126623830488 -50.813644348774844 36.64778782741066 29.776479369037787 -60.893817949770302 -35.662845355569331 -15.005872491278708
leaf_weight=30 31 44 30 44 51 32 51 30 34 41 43 30 34 58 34 31 30 30 57
leaf_count=30 31 44 30 44 51 32 51 30 34 41 43 30 34 58 34 31 30 30 57
internal_value=1.89242 -18.3337 -45.8958 28.4889 -27.945 -68.6867 54.7404 -43.4845 -139.476 33.8596 -121.686 -66.8954 -20.1997 -61.0944 22.54 16.1041 -70.6146 -25.3107 -21.7041
internal_weight=765 734 533 125 81 408 201 301 107 150 77 150 151 120 109 75 62 117 87
internal_count=765 734 533 125 81 408 201 301 107 150 77 150 151 120 109 75 62 117 87
is_linear=0
shrinkage=0.05


Tree=37
num_leaves=22
num_cat=0
split_feature=24 24 1 26 20 24 24 26 24 24 24 0 22 24 24 24 14 27 24 24 14
split_gain=2.66834e+09 5.33995e+08 3.264e+08 6.001e+08 3.28577e+08 2.62798e+08 9.27865e+07 9.13121e+07 4.5667e+07 4.10122e+07 2.75621e+07 2.62756e+07 2.23863e+07 6.83143e+06 4.90871e+06 4.37344e+06 3.5561e+06 3.48519e+06 2.37607e+06 1.66197e+06 1.49604e+06
threshold=30468.750000000004 9168.9805555555577 0.11250000000000002 8.7500000000000018 11.968750000000002 4825.9250000000002 16694.444444444449 6.2999999999999998 6811.1111111111122 1805.5555555555559 11740.741666666667 42.600000000000009 -0.24999999999999994 5641.2027777777785 8655.5555555555566 3111.1111111111118 200.50000000000003 0.26781182513105634 10076.388888888891 7416.666666666667 176.50000000000003
decision_type=2 2 2 2 2 2 2 2 2 2 2 2 2 2 2 2 2 2 2 2 2
left_child=1 2 3 4 -1 9 10 -6 11 -4 16 -7 -11 -13 19 -14 -3 -15 -18 -10 -21
right_child=-2 6 5 -5 7 8 -8 -9 14 12 -12 13 15 17 -16 -17 18 -19 -20 20 -22
leaf_value=-161.74949151641292 455.42570761530351 33.27169968707306 -175.38167651610516 221.62269664270138 -27.334393235111545 -100.76549850413174 124.63979879363421 93.857638991377371 -32.186569063506859 -144.65656650327762 64.583027620706545 -65.66874732625449 -106.5530551993587 -48.840277044290502 -2.4600499080423042 -80.538702985307992 4.7913732865785903 -25.341787202411908 23.371839584604196 -12.174399688171217 -26.277854808131952
leaf_weight=33 31 40 30 30 31 30 36 31 41 30 56 33 32 33 34 38 33 31 36 36 40
leaf_count=33 31 40 30 30 31 30 36 31 41 30 56 33 32 33 34 38 33 31 36 36 40
internal_value=1.7974 -17.4207 -43.6085 27.0648 -34.543 -65.2622 52.0096 33.3151 -37.7974 -123.92 36.0971 -59.8854 -108.322 -47.1513 -19.1926 -92.5661 21.4163 -37.5156 14.5054 -24.0488 -19.6221
internal_weight=765 734 533 125 95 408 201 62 278 130 165 127 100 97 151 70 109 64 69 117 76
internal_count=765 734 533 125 95 408 201 62 278 130 165 127 100 97 151 70 109 64 69 117 76
is_linear=0
shrinkage=0.05


Tree=38
num_leaves=21
num_cat=0
split_feature=24 24 1 26 24 8 24 11 24 0 24 26 24 24 24 27 24 27 21 24
split_gain=2.40899e+09 4.82066e+08 2.94677e+08 5.41776e+08 2.38252e+08 1.50895e+08 8.41493e+07 7.974e+07 5.32009e+07 2.90474e+07 2.7089e+07 1.74178e+07 1.63742e+07 1.1314e+07 4.43126e+06 3.27897e+06 3.32892e+06 3.02484e+06 1.64179e+06 2.17737e+06
threshold=30468.750000000004 9168.9805555555577 0.11250000000000002 8.7500000000000018 4138.8888888888896 20.250000000000004 14283.333333333334 2.5000000000000004 6811.1111111111122 34.750000000000007 1805.5555555555559 7.6500000000000012 11740.741666666667 5641.2027777777785 8655.5555555555566 -0.081675638985454949 10231.480555555558 0.26781182513105634 0.7190276859807595 7416.666666666667
decision_type=2 2 2 2 2 2 2 2 2 2 2 2 2 2 2 2 2 2 2 2
left_child=1 2 3 5 10 7 12 -1 9 -6 -4 -12 15 -11 18 16 -3 -15 -10 -20
right_child=-2 6 4 -5 8 -7 -8 -9 14 13 11 -13 -14 17 -16 -17 -18 -19 19 -21
leaf_value=-137.79556904029212 432.72764244938207 5.6117791425614127 -166.64172744497509 210.57837741382889 -103.38413757127965 51.487791428328265 104.84233165151218 -23.451655541815558 -30.638743252765281 -66.201472085209204 -134.30719695804626 -86.147934514116443 57.420372406525622 -45.477587174670091 -2.3374082509373642 33.220129754746068 27.000278770961945 -23.918533250030325 -28.377250448147205 -10.964997035334115
leaf_weight=30 31 44 30 30 31 34 51 31 43 53 38 39 41 34 34 34 31 32 31 43
leaf_count=30 31 44 30 30 31 34 51 31 43 53 38 39 41 34 34 34 31 32 31 43
internal_value=1.7076 -16.5527 -41.4346 25.7166 -62.0091 -32.8208 49.4154 -79.8199 -39.2046 -60.2873 -126.064 -110.058 30.5129 -48.983 -18.2354 20.3483 14.4766 -35.0768 -22.8494 -18.2878
internal_weight=765 734 533 125 408 95 201 61 301 150 107 77 150 119 151 109 75 66 117 74
internal_count=765 734 533 125 408 95 201 61 301 150 107 77 150 119 151 109 75 66 117 74
is_linear=0
shrinkage=0.05


Tree=39
num_leaves=18
num_cat=0
split_feature=24 24 26 3 3 1 27 24 24 1 29 24 24 24 5 4 24
split_gain=2.17485e+09 4.35178e+08 2.72457e+08 1.17602e+08 1.80413e+08 1.11907e+08 7.97359e+07 3.46368e+08 6.07867e+07 9.10267e+07 1.30613e+08 4.21445e+07 1.17078e+07 8.20284e+06 3.6143e+06 2.12302e+06 1.45415e+06
threshold=30468.750000000004 9168.9805555555577 11.250000000000002 51.350000000000001 55.350000000000001 0.65000000000000013 0.64534213713577271 14283.333333333334 6263.8888888888896 0.13392857142857142 -1.0000000180025095e-35 4138.8888888888896 10805.555555555557 7268.5194444444451 13.850000000000003 1010.1500000000002 11791.666666666668
decision_type=2 2 2 2 2 2 2 2 2 2 2 2 2 2 2 2 2
left_child=1 2 3 5 -5 -1 7 12 9 10 -6 -11 15 -10 -15 -3 -14
right_child=-2 6 -4 4 8 -7 -8 -9 13 11 -12 -13 16 14 -16 -17 -18
leaf_value=-176.26264412663065 411.16083701768486 0.49684624967084434 89.495534401740926 79.833756599552999 60.936553869572201 -58.600842095459875 -22.789146946881871 203.32612557061606 -37.145494035375506 -118.44908306818114 -67.786706862975748 -63.379912199151505 31.543317298002023 0.33627137935421553 -20.52533398900944 18.226373220582534 46.845429605772011
leaf_weight=32 31 31 38 30 30 55 34 34 59 64 57 77 30 32 59 37 35
leaf_count=32 31 31 38 30 30 55 34 34 59 64 57 77 30 32 59 37 35
internal_value=1.62263 -15.7276 -39.3685 -49.2771 -38.0058 -102.031 46.9503 61.1539 -47.3768 -63.6371 -23.3803 -88.4421 24.6836 -22.6353 -13.197 10.1565 39.8423
internal_weight=765 734 533 495 408 87 201 167 378 228 87 141 133 150 91 68 65
internal_count=765 734 533 495 408 87 201 167 378 228 87 141 133 150 91 68 65
is_linear=0
shrinkage=0.05


Tree=40
num_leaves=18
num_cat=0
split_feature=24 24 14 1 2 24 1 24 29 24 24 24 24 2 7 24 9
split_gain=2.07424e+09 4.54357e+08 1.60242e+08 3.26521e+08 3.59759e+08 2.12064e+08 1.82773e+08 8.86277e+07 8.34832e+07 6.3845e+07 2.21301e+07 1.40294e+07 1.32485e+07 7.39847e+06 5.58953e+06 2.78458e+06 1.54723e+06
threshold=30468.750000000004 9673.6111111111113 44.000000000000007 0.13392857142857142 8.9500000000000011 2180.0000000000005 0.65000000000000013 5778.7694444444451 1.0000000180025095e-35 14283.333333333334 7935.186111111112 3111.1111111111118 11300.925000000001 7.0500000000000007 20.450000000000003 7376.3888888888896 1.0000000180025095e-35
decision_type=2 2 2 2 2 2 2 2 2 2 2 2 2 2 2 2 2
left_child=1 2 5 4 -4 -1 -5 11 -6 12 15 -8 16 -13 -12 -9 -3
right_child=-2 9 3 6 8 -7 7 10 -10 -11 14 13 -14 -15 -16 -17 -18
leaf_value=-205.53595143407102 407.3272232207745 27.682413644423022 151.10812933717597 -163.30204621787382 24.256059546620079 -32.299284088130314 -101.53497805016063 -37.363293557162557 -88.26914312049891 101.85362893749853 11.548800887546177 -83.460005760826547 54.3440910044812 -53.012538013972112 -12.94910556103126 -21.48042113937418 13.030931632081796
leaf_weight=31 30 44 48 32 35 41 32 106 31 50 42 30 53 63 52 38 31
leaf_count=31 30 44 48 32 35 41 32 106 31 50 42 30 53 63 52 38 31
internal_value=0.253934 -15.8875 -37.2996 -27.4113 47.1036 -107.069 -48.9234 -38.7982 -28.6502 53.9843 -20.8782 -72.8739 35.2204 -62.9135 -2.00254 -33.1898 21.6519
internal_weight=789 759 581 509 114 72 395 363 66 178 238 125 128 93 94 144 75
internal_count=789 759 581 509 114 72 395 363 66 178 238 125 128 93 94 144 75
is_linear=0
shrinkage=0.05


Tree=41
num_leaves=20
num_cat=0
split_feature=24 24 14 24 2 24 24 29 6 0 24 24 0 29 0 24 5 24 24
split_gain=1.87266e+09 4.1016e+08 1.44668e+08 2.94747e+08 3.24761e+08 1.91456e+08 1.40707e+08 7.53685e+07 5.89431e+07 4.52621e+07 7.57319e+07 4.25325e+07 2.08676e+07 1.74767e+07 2.65005e+07 5.70892e+06 5.5381e+06 3.52945e+06 2.81772e+06
threshold=30468.750000000004 9673.6111111111113 44.000000000000007 1.0000000180025095e-35 8.9500000000000011 2180.0000000000005 4868.5194444444451 1.0000000180025095e-35 2.1500000000000008 11.050000000000002 12603.175000000001 7587.9638888888894 32.45000000000001 1.0000000180025095e-35 37.650000000000006 5641.2027777777785 21.650000000000002 8458.3333333333339 10805.555555555557
decision_type=2 2 2 2 2 2 2 2 2 2 2 2 2 2 2 2 2 2 2
left_child=1 2 5 4 -4 -1 13 -6 -3 -10 18 12 -8 14 -5 -14 17 -13 -11
right_child=-2 8 3 6 7 -7 11 -9 9 10 -12 16 15 -15 -16 -17 -18 -19 -20
leaf_value=-195.29219900051498 387.02851676053774 112.66533930413075 143.56843318899556 -147.45542153393311 23.046713976303057 -30.688248724136912 -81.086406361865087 -83.869880403966391 -15.809325323074194 16.369287958170172 116.0629216542777 -7.4825031614689168 -54.353771207411846 -71.558838060972533 -81.002344221010858 -30.707326807059879 -20.031220942219409 14.328689831479219 35.025266263044344
leaf_weight=31 30 32 48 30 35 41 31 31 31 38 33 37 33 42 31 116 38 37 44
leaf_count=31 30 32 48 30 35 41 31 31 31 38 33 37 33 42 31 116 38 37 44
internal_value=0.241185 -15.0958 -35.4399 -26.0444 44.7522 -101.732 -46.483 -27.2225 51.2906 37.7707 52.2153 -28.7409 -43.7869 -96.7043 -113.872 -35.9774 -4.54234 3.42765 26.4103
internal_weight=789 759 581 509 114 72 395 66 178 146 115 292 180 103 61 149 112 74 82
internal_count=789 759 581 509 114 72 395 66 178 146 115 292 180 103 61 149 112 74 82
is_linear=0
shrinkage=0.05


Tree=42
num_leaves=21
num_cat=0
split_feature=24 24 24 11 24 6 24 21 24 24 6 0 29 24 22 7 14 14 24 2
split_gain=1.69461e+09 3.17984e+08 1.35176e+08 2.51901e+08 1.38418e+08 1.26428e+08 5.26906e+07 5.01789e+07 2.36845e+07 1.95735e+07 1.93447e+07 1.8197e+07 1.38609e+07 8.01044e+06 3.97323e+06 3.792e+06 3.53054e+06 2.80885e+06 2.43734e+06 1.33106e+06
threshold=25166.666666666668 8828.7027777777785 1.0000000180025095e-35 3.5000000000000004 4562.5000000000009 2.7500000000000004 11300.925000000001 0.64850320604842582 6675.9250000000011 1981.4805555555556 2.8500000000000001 34.750000000000007 1.0000000180025095e-35 5641.2027777777785 -0.6830127018922193 11.350000000000003 192.50000000000003 180.00000000000003 7874.0750000000007 11.65
decision_type=2 2 2 2 2 2 2 2 2 2 2 2 2 2 2 2 2 2 2 2
left_child=1 2 3 5 9 -1 14 -8 11 -4 -9 -6 -11 -13 -3 -16 19 -15 -18 -10
right_child=-2 6 4 -5 8 -7 7 10 16 12 -12 13 -14 17 15 -17 18 -19 -20 -21
leaf_value=-107.96455848479209 325.53926880203204 -0.27344530092175962 -132.94250038121626 107.7731809456388 -81.694897671316156 12.57003407531746 111.02753442109855 62.833470207165298 -18.172865421966485 -101.89506382055711 6.5319693395861753 -54.638675129757225 -59.925846927331662 -19.478567152620748 4.6765633967429698 26.7867965753628 -35.679948190542369 -39.492906954438979 -16.344999062516681 -4.6773532595947716
leaf_weight=39 38 39 30 42 30 49 34 31 33 51 30 45 33 43 30 55 35 30 31 41
leaf_count=39 38 39 30 42 30 49 34 31 33 51 30 45 33 43 30 55 35 30 31 41
internal_value=0.229307 -16.2723 -37.1451 7.1716 -51.4746 -40.9106 34.4263 62.4267 -32.9954 -98.0891 35.2003 -46.9379 -85.4981 -38.0396 12.9414 18.9979 -18.2332 -27.7465 -26.6369 -10.7121
internal_weight=789 751 532 130 402 88 219 95 288 114 61 148 84 118 124 85 140 73 66 74
internal_count=789 751 532 130 402 88 219 95 288 114 61 148 84 118 124 85 140 73 66 74
is_linear=0
shrinkage=0.05


Tree=43
num_leaves=20
num_cat=0
split_feature=24 24 14 24 4 24 28 24 6 0 24 24 0 0 24 24 5 26 24
split_gain=1.5448e+09 3.32594e+08 1.20066e+08 2.43462e+08 2.95134e+08 1.78709e+08 1.2116e+08 1.2013e+08 4.57818e+07 4.88967e+07 6.35411e+07 3.85015e+07 1.73792e+07 1.59131e+07 1.05384e+07 4.55175e+06 4.34403e+06 2.6099e+06 1.06412e+06
threshold=30468.750000000004 10011.111111111113 44.000000000000007 1.0000000180025095e-35 1004.85 2180.0000000000005 -0.90146829171281539 4868.5194444444451 2.2500000000000004 12.350000000000003 12603.175000000001 7587.9638888888894 32.45000000000001 19.450000000000003 3763.8888888888891 5641.2027777777785 21.650000000000002 7.6500000000000012 11083.333333333334
decision_type=2 2 2 2 2 2 2 2 2 2 2 2 2 2 2 2 2 2 2
left_child=1 2 5 4 6 -1 -4 13 -3 -10 18 12 -9 -5 -15 -14 17 -13 -11
right_child=-2 8 3 7 -6 -7 -8 11 9 10 -12 16 15 14 -16 -17 -18 -19 -20
leaf_value=-181.95549964046171 351.5185001005762 96.556927704628151 47.457114494361754 -116.76104901275158 136.14374739553725 -24.54808521315006 -88.403035497269144 -73.675491173397688 -19.900595867978797 16.843447271880613 110.93915491380108 14.11664452351112 -48.920613900268194 -90.471077585336346 -51.129273738417517 -27.803922342543046 -16.486842571690925 -4.0509444976775564 29.955782405349698
leaf_weight=31 30 39 30 32 48 43 36 31 31 31 31 33 33 41 30 116 42 49 32
leaf_count=31 30 39 30 32 48 43 36 31 31 31 31 33 33 41 30 116 42 49 32
internal_value=0.217742 -13.7121 -31.0889 -22.614 41.9424 -90.6457 -26.67 -40.702 49.312 34.5061 52.4509 -24.8746 -39.637 -87.3462 -73.9431 -32.5105 -3.43059 3.26863 23.5407
internal_weight=789 759 595 521 114 74 66 407 164 125 94 304 180 103 71 149 124 82 63
internal_count=789 759 595 521 114 74 66 407 164 125 94 304 180 103 71 149 124 82 63
is_linear=0
shrinkage=0.05


Tree=44
num_leaves=19
num_cat=0
split_feature=24 24 1 9 7 24 6 0 24 0 1 24 24 24 24 21 27 24
split_gain=1.39467e+09 3.01147e+08 1.03138e+08 2.00295e+08 2.42369e+08 1.18278e+08 6.74588e+07 4.39122e+07 7.19008e+07 2.4675e+07 1.90862e+07 1.60702e+07 1.38252e+07 1.17004e+07 6.27398e+06 6.25921e+06 5.57914e+06 2.29946e+06
threshold=30468.750000000004 9037.0361111111124 0.13392857142857142 0.35000000000000003 20.950000000000003 4825.9250000000002 2.0500000000000003 10.250000000000002 13111.111111111111 18.150000000000002 0.65000000000000013 5641.2027777777785 2126.9841269841277 10805.555555555557 8118.0555555555566 0.74113962619479101 -0.2595093939220976 9673.6111111111113
decision_type=2 2 2 2 2 2 2 2 2 2 2 2 2 2 2 2 2 2
left_child=1 2 3 4 -1 10 -3 -8 13 -7 -4 -11 -12 17 16 -14 -13 -9
right_child=-2 6 5 -5 -6 9 7 8 -10 11 12 14 15 -15 -16 -17 -18 -19
leaf_value=-145.90852867426108 334.00096435546874 104.062600987574 -120.66300083299808 87.113571522290385 29.177283891495279 -70.376635209904165 -29.790826870991147 -3.998878249349624 105.54382392005667 -50.446137649996381 -101.99339673204821 -33.741274912033461 -77.533720690388222 37.175390954118313 -1.6593132489348112 -45.656246989731343 -14.742388051888723 14.171529635231639
leaf_weight=33 30 32 30 48 49 30 30 32 30 43 31 61 30 52 51 33 106 38
leaf_count=33 30 32 30 48 49 30 30 32 30 43 31 61 30 52 51 33 106 38
internal_value=0.20723 -13.0285 -32.7626 6.09681 -41.3759 -44.934 37.2209 25.4178 36.3266 -27.4927 -85.8094 -22.5385 -74.5695 19.2335 -17.0131 -60.9349 -21.6982 5.87113
internal_weight=789 759 545 130 82 415 214 182 152 291 124 261 94 122 218 63 167 70
internal_count=789 759 545 130 82 415 214 182 152 291 124 261 94 122 218 63 167 70
is_linear=0
shrinkage=0.05


Tree=45
num_leaves=20
num_cat=0
split_feature=24 26 24 27 21 27 24 6 24 6 1 1 24 24 24 7 21 24 5
split_gain=1.98887e+09 1.75177e+08 1.97712e+08 1.36232e+08 2.49635e+08 5.79426e+07 1.60853e+08 5.73047e+07 7.9531e+07 7.71913e+07 1.703e+08 8.1918e+07 1.99937e+07 1.39414e+07 7.90021e+06 7.60578e+06 5.87627e+06 3.95663e+06 1.11855e+06
threshold=30468.750000000004 10.950000000000005 8090.2777777777783 -0.71461382420154484 0.6130562294956895 0.64534213713577271 15750.000000000002 3.5500000000000003 1577.7777777777781 2.7500000000000004 0.45000000000000007 0.65000000000000013 6229.166666666667 5641.2027777777785 9561.1111111111113 15.850000000000003 0.52232847722162401 11712.963888888889 19.525000000000002
decision_type=2 2 2 2 2 2 2 2 2 2 2 2 2 2 2 2 2 2 2
left_child=1 2 3 4 -1 6 14 9 -9 11 -11 -5 -12 -13 18 -10 -16 -18 -4
right_child=-2 -3 5 7 -6 -7 -8 8 15 10 12 13 -14 -15 16 -17 17 -19 -20
leaf_value=135.49397349817013 397.71516517565561 73.103030270758666 3.0769899982946658 -109.93247289383021 -46.025232600979145 -36.920408051983081 135.68000632251218 -138.03397000230203 -37.255408072316463 96.762308555425605 -68.93951468504298 -56.791102169201622 -16.45057829370247 -13.994754354143783 0.68643553501699683 -66.855186538741592 17.337417589916907 39.880829250931349 -10.447430813657508
leaf_weight=30 31 58 30 52 51 40 30 38 46 30 39 30 34 52 34 42 56 30 31
leaf_count=30 31 58 30 52 51 40 30 38 46 30 39 30 34 52 34 42 56 30 31
internal_value=5.87828 -10.3038 -17.2739 -37.322 21.2882 18.1904 28.6506 -50.4026 -77.6462 -35.892 -3.33612 -60.8951 -44.5486 -29.7021 10.8457 -51.4425 18.2886 25.2386 -3.80184
internal_weight=784 753 695 444 81 251 211 363 126 237 103 134 73 82 181 88 120 86 61
internal_count=784 753 695 444 81 251 211 363 126 237 103 134 73 82 181 88 120 86 61
is_linear=0
shrinkage=0.05


Tree=46
num_leaves=18
num_cat=0
split_feature=24 26 24 27 21 7 7 29 28 27 24 22 24 24 21 24 8
split_gain=1.79555e+09 1.58125e+08 1.78479e+08 1.2299e+08 2.25366e+08 5.23364e+07 8.86213e+07 1.42579e+08 8.43207e+07 5.23083e+07 1.45222e+08 4.78264e+07 1.2508e+08 7.13199e+06 5.3048e+06 3.57256e+06 1.00983e+06
threshold=30468.750000000004 10.950000000000005 8090.2777777777783 -0.71461382420154484 0.6130562294956895 25.950000000000003 21.750000000000004 1.0000000180025095e-35 -0.96227343267549392 0.64534213713577271 15750.000000000002 0.93301270189221952 1577.7777777777781 9561.1111111111113 0.52232847722162401 11712.963888888889 16.850000000000005
decision_type=2 2 2 2 2 2 2 2 2 2 2 2 2 2 2 2 2
left_child=1 2 3 4 -1 6 11 -8 -7 10 13 12 -5 16 -15 -16 -4
right_child=-2 -3 9 5 -6 8 7 -9 -10 -11 -12 -13 -14 14 15 -17 -18
leaf_value=128.74177749988644 377.89334215366574 69.454170967666698 2.9236516863800759 -133.10587417537747 -43.728473957644056 -30.951802487266335 93.248078479956959 -59.411700425653976 -132.42904099761165 -35.078990779791091 128.91854621152149 -0.53869030790508921 -38.512258061199482 0.65221420467074664 16.472091876164267 37.893412086892369 -9.9267388469536595
leaf_weight=30 31 58 30 47 51 40 30 31 42 40 30 37 136 34 56 30 31
leaf_count=30 31 58 30 47 51 40 30 31 42 40 30 37 136 34 56 30 31
internal_value=5.58626 -9.78926 -16.4114 -35.4595 20.2293 -47.8881 -37.6085 15.6965 -83.026 17.2839 27.2225 -52.3889 -62.8662 10.3048 17.3766 23.98 -3.61235
internal_weight=784 753 695 444 81 363 281 61 82 251 211 220 183 181 120 86 61
internal_count=784 753 695 444 81 363 281 61 82 251 211 220 183 181 120 86 61
is_linear=0
shrinkage=0.05


Tree=47
num_leaves=17
num_cat=0
split_feature=24 1 6 6 1 24 24 24 24 3 22 24 24 5 8 25
split_gain=1.62102e+09 1.55316e+08 4.2497e+08 1.05165e+09 3.40717e+08 5.81209e+08 1.38569e+08 4.28864e+07 2.16566e+07 1.98645e+07 7.00323e+06 7.938e+06 3.59608e+06 3.10609e+06 2.24588e+06 1.84085e+06
threshold=30468.750000000004 1.0000000180025095e-35 2.7500000000000004 3.6500000000000008 0.65000000000000013 15314.813888888892 6811.1111111111122 2794.4444444444448 9189.8138888888916 65.15000000000002 0.68301270189221941 5346.666666666667 11740.741666666667 22.650000000000002 2.6000000000000005 19.954380000000004
decision_type=2 2 2 2 2 2 2 2 2 2 2 2 2 2 2 2
left_child=1 2 -1 -4 9 6 7 -6 13 -3 11 -9 15 14 -8 -10
right_child=-2 4 3 -5 5 -7 8 10 12 -11 -12 -13 -14 -15 -16 -17
leaf_value=-64.443172680642689 359.05943052163076 -155.53656255716282 298.29910611545341 -68.511736162971047 -94.70326846161251 206.47677658942845 -17.891092246837939 -47.273332553273775 18.155767137032971 -99.428985747815659 -53.382869715699115 -21.661012827889742 31.242175067515536 -23.24346058910389 -2.279284978902969 5.1786302582066801
leaf_weight=57 31 33 39 39 42 30 31 51 62 32 56 75 33 35 89 49
leaf_count=57 31 33 39 39 42 30 31 51 62 32 56 75 33 35 89 49
internal_value=5.30932 -9.29983 39.267 115.041 -19.9137 -7.17544 -19.468 -49.1933 2.81014 -128.11 -38.6447 -32.0572 16.7652 -10.157 -6.32392 12.437
internal_weight=784 753 135 78 618 553 523 224 299 65 182 126 144 155 120 111
internal_count=784 753 135 78 618 553 523 224 299 65 182 126 144 155 120 111
is_linear=0
shrinkage=0.05


Tree=48
num_leaves=19
num_cat=0
split_feature=26 0 26 20 10 14 26 6 25 26 0 6 0 3 5 26 0 2
split_gain=3.81136e+08 7.34701e+08 2.3289e+08 1.96863e+08 1.73981e+08 1.46441e+08 1.9452e+08 5.74515e+07 5.08157e+07 1.63644e+08 1.53702e+08 2.51875e+08 1.98566e+07 3.79764e+07 1.78426e+07 1.37786e+07 1.32827e+07 6.29667e+06
threshold=10.950000000000005 57.800000000000004 10.350000000000003 1.1714 7.5000000000000009 267.50000000000006 6.6000000000000005 3.1500000000000008 7.9360200000000001 7.5000000000000018 10.700000000000001 3.3500000000000001 119.65000000000002 71.550000000000011 19.125000000000004 6.5000000000000018 286.50000000000006 14.350000000000003
decision_type=2 2 2 2 2 2 2 2 2 2 2 2 2 2 2 2 2 2
left_child=2 -2 3 -1 8 6 7 -6 9 -5 11 -10 13 -12 15 -7 -14 -17
right_child=1 -3 -4 4 5 14 -8 -9 10 -11 12 -13 16 -15 -16 17 -18 -19
leaf_value=91.972079751787945 301.2431872523108 -42.762588914532529 -128.95849439034501 99.892108046572872 -18.474213576248907 33.06968003396576 177.14093766856422 74.875492446138921 -20.475713748885482 -48.760281275711542 -64.025070842138248 -211.00020013600093 9.3794369921336251 -8.4156712758401948 -39.263218829639726 -19.190288641394641 -29.715421259046792 7.3832917617832452
leaf_weight=55 30 32 36 30 35 30 31 31 41 48 51 30 78 77 30 45 30 44
leaf_count=55 30 32 36 30 35 30 31 31 41 48 51 30 78 77 30 45 30 44
internal_value=5.04558 123.909 -5.17725 1.3364 -6.57701 26.2615 74.0398 25.4187 -27.5609 8.46835 -36.7148 -101.163 -17.2911 -30.6053 -4.87122 3.82467 -1.49764 -6.05919
internal_weight=784 62 722 686 631 246 97 66 385 78 307 71 236 128 149 119 108 89
internal_count=784 62 722 686 631 246 97 66 385 78 307 71 236 128 149 119 108 89
is_linear=0
shrinkage=0.05


Tree=49
num_leaves=15
num_cat=0
split_feature=24 0 24 0 5 0 24 0 8 2 24 24 5 9
split_gain=1.44844e+09 3.57613e+08 2.70758e+08 1.48834e+08 2.28219e+08 7.28334e+07 8.85501e+07 8.05658e+07 7.15697e+07 6.0634e+07 5.68196e+07 1.13814e+07 4.36518e+06 2.88638e+06
threshold=30468.750000000004 1.0500000000000003 15750.000000000002 10.700000000000001 19.625000000000004 22.450000000000003 6375.186111111112 16.850000000000005 13.350000000000003 15.950000000000001 1693.3333333333337 9561.1111111111113 22.650000000000002 0.35000000000000003
decision_type=2 2 2 2 2 2 2 2 2 2 2 2 2 2
left_child=1 -1 3 4 -3 7 8 -5 10 -10 -7 12 -8 -13
right_child=-2 2 -4 5 -6 6 11 -9 9 -11 -12 13 -14 -15
leaf_value=146.82007909486774 339.18395854790492 -17.181182588970582 125.3056741969979 -18.078398777134829 -193.36148283243946 -110.22435686534874 -4.9522681250134841 94.990824573301396 8.4961921635861977 -70.417529431116549 -42.857350461053244 17.28800754280206 -22.257205738897571 0.52427154867213011
leaf_weight=35 31 45 32 33 31 49 134 30 85 34 87 66 50 42
leaf_count=35 31 45 32 33 31 49 134 30 85 34 87 66 50 42
internal_value=4.79434 -9.01523 -16.6311 -23.2693 -89.2039 -15.0412 -20.9057 35.8292 -42.4269 -14.0907 -67.1925 -2.10329 -9.66426 10.7753
internal_weight=784 753 718 686 76 610 547 63 255 119 136 292 184 108
internal_count=784 753 718 686 76 610 547 63 255 119 136 292 184 108
is_linear=0
shrinkage=0.05


Tree=50
num_leaves=18
num_cat=0
split_feature=24 0 24 24 0 20 1 24 0 24 14 7 8 27 14 24 14
split_gain=1.03313e+09 3.54918e+08 3.40765e+08 1.05283e+08 9.48992e+07 1.0996e+08 2.2901e+08 3.34279e+07 4.78665e+07 1.71307e+07 1.2723e+07 6.45578e+06 5.78301e+06 4.97552e+06 4.33154e+06 3.52964e+06 1.93846e+06
threshold=29666.666666666672 2.1500000000000004 14283.333333333334 7376.3888888888896 11.050000000000002 13.672800000000002 0.15476190476190474 3763.8888888888891 47.400000000000006 10569.444444444447 184.50000000000003 25.850000000000005 1.7500000000000002 -0.38168568572378597 123.50000000000001 5641.2027777777785 224.50000000000003
decision_type=2 2 2 2 2 2 2 2 2 2 2 2 2 2 2 2 2
left_child=1 -1 3 4 -3 7 -7 8 -6 11 -8 12 -5 -11 -14 -9 -13
right_child=-2 2 -4 9 5 6 10 15 -10 13 -12 16 14 -15 -16 -17 -18
leaf_value=137.87496659013831 295.71600317463924 -96.746716989739326 152.9569560782854 -15.416498441474381 -26.787328328887163 100.72811035313471 -21.992233751280104 -38.74178115822761 -96.208573002823314 15.092810904549438 -64.151530355861823 -7.2378442048259863 23.396435685303075 41.185665787098024 1.5420254259374842 -21.816395459255517 -25.084897396810032
leaf_weight=42 30 54 30 30 43 46 38 52 59 47 34 31 36 30 61 77 30
leaf_count=42 30 54 30 30 43 46 38 52 59 47 34 31 36 30 61 77 30
internal_value=8.56762 -3.11191 -11.6139 -19.0266 -35.12 -25.5597 13.701 -45.6121 -66.9977 5.45153 -41.9622 -2.68666 3.73558 25.2992 9.66873 -28.6638 -16.0419
internal_weight=770 740 698 668 403 349 118 231 102 265 72 188 127 77 97 129 61
internal_count=770 740 698 668 403 349 118 231 102 265 72 188 127 77 97 129 61
is_linear=0
shrinkage=0.05


Tree=51
num_leaves=18
num_cat=0
split_feature=24 0 24 24 0 8 1 24 0 24 24 24 7 8 9 14 14
split_gain=9.32719e+08 3.2039e+08 3.07643e+08 9.50376e+07 8.5663e+07 1.0035e+08 2.28173e+08 3.78677e+07 4.3495e+07 1.54654e+07 1.2603e+07 8.14794e+06 5.82821e+06 5.22086e+06 4.07914e+06 3.99353e+06 1.75008e+06
threshold=29666.666666666672 2.1500000000000004 14283.333333333334 7376.3888888888896 11.050000000000002 16.450000000000003 0.15476190476190474 1693.3333333333337 80.300000000000011 10569.444444444447 5868.0555555555566 5509.2583333333341 25.850000000000005 1.7500000000000002 0.25000000000000006 200.50000000000003 224.50000000000003
decision_type=2 2 2 2 2 2 2 2 2 2 2 2 2 2 2 2 2
left_child=1 -1 3 4 -3 7 -7 8 -6 12 -8 -9 13 -5 -11 -15 -14
right_child=-2 2 -4 9 5 6 10 11 -10 14 -12 -13 16 15 -16 -17 -18
leaf_value=130.99759205435348 280.97933154945753 -91.918320169532592 145.33451622490867 -14.648234532758643 -33.391887022685431 100.06613653021624 -66.31202528609559 -41.18200156657506 -114.05718963712542 33.730539282145365 -22.15643454425971 -19.314289446347892 -6.8771156412228898 19.634134035859645 10.344735128337348 -0.65360060628064853 -23.834819201852792
leaf_weight=42 30 54 30 30 33 46 34 84 34 45 31 87 31 47 32 50 30
leaf_count=42 30 54 30 30 33 46 34 84 34 45 31 87 31 47 32 50 30
internal_value=8.14154 -2.95592 -11.0338 -18.077 -33.3673 -24.2841 14.9661 -42.5885 -74.4356 5.17958 -45.3197 -30.0741 -2.55293 3.54918 24.0379 9.18658 -15.2424
internal_weight=770 740 698 668 403 349 111 238 67 265 65 171 188 127 77 97 61
internal_count=770 740 698 668 403 349 111 238 67 265 65 171 188 127 77 97 61
is_linear=0
shrinkage=0.05


Tree=52
num_leaves=15
num_cat=0
split_feature=26 0 2 20 26 4 30 1 1 14 14 7 26 6
split_gain=2.80322e+08 1.73826e+08 4.72981e+08 9.00024e+07 8.27013e+07 1.04956e+08 5.05491e+07 1.46838e+08 9.07345e+07 1.23389e+08 1.05246e+07 9.76596e+06 1.17852e+07 2.50853e+06
threshold=10.950000000000005 3.8000000000000003 12.65 1.1714 4.4000000000000012 1004.6500000000002 -0.56174490092936669 0.11250000000000002 0.65000000000000013 133.50000000000003 302.00000000000006 26.050000000000004 7.2000000000000028 2.7500000000000004
decision_type=2 2 2 2 2 2 2 2 2 2 2 2 2 2
left_child=1 2 -1 -3 5 -5 7 -6 9 -8 13 12 -9 -10
right_child=-2 3 -4 4 6 -7 8 11 10 -11 -12 -13 -14 -15
leaf_value=61.903215503980746 113.33951489026697 72.336279136003142 -198.15131960969086 -2.8503029969209051 116.90108640550378 110.73649779471425 -141.37092238055163 29.813588879670814 -2.158240581701047 -11.82822085632189 16.373459531682911 -25.012653943082217 -7.8427799905643383 -13.112511819606377
leaf_weight=33 58 49 37 45 30 37 31 30 98 45 56 42 67 112
leaf_count=33 58 49 37 45 30 37 31 30 98 45 56 42 67 112
internal_value=7.73632 -0.880889 -75.6407 7.28099 1.89413 48.4747 -5.58864 16.776 -16.6419 -64.7844 -2.86766 -4.90219 3.82218 -8.004
internal_weight=770 712 70 642 593 82 511 169 342 76 266 139 97 210
internal_count=770 712 70 642 593 82 511 169 342 76 266 139 97 210
is_linear=0
shrinkage=0.05


Tree=53
num_leaves=13
num_cat=0
split_feature=26 0 2 3 20 20 3 14 1 1 14 21
split_gain=2.53036e+08 1.56921e+08 4.2699e+08 9.9217e+07 7.36429e+07 8.73061e+07 1.33456e+08 5.06443e+07 1.25119e+08 5.8879e+07 1.19939e+07 7.97262e+06
threshold=10.950000000000005 3.8000000000000003 12.65 91.450000000000017 1.1714 20.971350000000005 82.90000000000002 133.50000000000003 0.22500000000000003 0.15476190476190474 345.00000000000006 1.5938937148696988
decision_type=2 2 2 2 2 2 2 2 2 2 2 2
left_child=1 2 -1 4 -3 7 -7 8 -6 -9 -11 -10
right_child=-2 3 -4 -5 5 6 -8 9 11 10 -12 -13
leaf_value=58.817407427093421 107.68229578645217 62.626203435646758 -188.2704595971943 95.542748014633844 -99.872455452583935 -14.331420048553378 129.21802845571523 58.114648014263516 -12.183537978474641 -9.4742162922162496 23.914002149841714 17.235378909190231
leaf_weight=33 58 47 37 30 48 35 30 41 98 253 30 30
leaf_count=33 58 47 37 30 48 35 30 41 98 253 30 30
internal_value=7.35028 -0.836804 -71.8684 6.91805 2.55879 -2.44815 52.0188 -9.53785 -31.1203 2.19191 -5.92761 -5.28037
internal_weight=770 712 70 642 612 565 65 500 176 324 283 128
internal_count=770 712 70 642 612 565 65 500 176 324 283 128
is_linear=0
shrinkage=0.05


Tree=54
num_leaves=18
num_cat=0
split_feature=1 1 2 4 3 20 14 3 23 21 29 28 5 3 27 4 25
split_gain=2.03589e+08 5.30269e+08 2.71691e+08 3.29839e+08 2.07179e+08 1.5406e+08 1.25432e+08 7.03628e+07 8.64243e+07 1.94433e+07 2.94591e+07 3.82115e+07 1.95451e+07 7.42146e+06 7.95366e+06 5.0273e+06 4.60225e+06
threshold=1.0000000180025095e-35 0.65000000000000013 8.9500000000000011 1005.85 38.350000000000001 11.968750000000002 78.500000000000014 84.050000000000011 -0.68301270189221952 0.60245903330386097 0.6078576107927941 0.83343227155616861 15.65 51.350000000000001 0.40542197401079721 1012.6000000000001 23.666230000000002
decision_type=2 2 2 2 2 2 2 2 2 2 2 2 2 2 2 2 2
left_child=2 6 3 -1 -3 -4 -2 9 -9 10 11 12 -6 -11 16 -16 -15
right_child=1 4 5 -5 7 -7 -8 8 -10 13 -12 -13 -14 14 15 -17 -18
leaf_value=20.030734105738798 -46.490738958606549 130.61927892054587 -83.389952101232069 247.06400546624218 -52.969276370572892 71.595883934290853 -172.22010895201785 -7.5967194413262709 95.268674814133419 11.902459718579443 43.363382283539011 41.226222312904873 -2.0811662380511944 -3.12122321308438 -43.316043065473487 -16.338309682952808 -21.366872182216362
leaf_weight=31 33 35 33 33 31 31 50 38 44 32 49 34 48 130 30 41 47
leaf_count=31 33 35 33 33 31 31 50 38 44 32 49 34 48 130 30 41 47
internal_value=6.98425 -4.49872 64.5371 137.298 13.0181 -8.32403 -122.347 5.13967 47.6481 -2.75549 11.0272 -3.02064 -22.0917 -10.7308 -13.6549 -27.7823 -7.97547
internal_weight=770 642 128 64 559 64 83 524 82 442 162 113 79 280 248 71 177
internal_count=770 642 128 64 559 64 83 524 82 442 162 113 79 280 248 71 177
is_linear=0
shrinkage=0.05


Tree=55
num_leaves=14
num_cat=0
split_feature=27 24 0 24 0 0 24 3 1 24 0 24 9
split_gain=2.22337e+08 7.80112e+08 2.67554e+08 1.30028e+08 1.19921e+08 8.21027e+07 3.17366e+07 3.0633e+07 4.56294e+07 3.86253e+07 1.18723e+07 4.32948e+06 1.99777e+06
threshold=0.97692944606901266 21557.869444444448 2.1500000000000004 8828.7027777777785 11.050000000000002 21.200000000000006 13569.444444444447 69.550000000000011 0.22500000000000003 5778.7694444444451 26.150000000000002 10805.555555555557 1.0000000180025095e-35
decision_type=2 2 2 2 2 2 2 2 2 2 2 2 2
left_child=1 2 -1 4 -4 -6 10 9 -9 -7 -5 12 -12
right_child=-2 -3 3 6 5 7 -8 8 -10 -11 11 -13 -14
leaf_value=133.96093784712517 -101.84280272828255 232.28581041950108 -98.076774021158485 37.551618748385806 54.777784778848513 -61.347755878423555 65.180380715664555 30.951907822298111 -26.77671812602452 -16.472196179005639 3.189718507417874 14.852198640819399 -12.843710125846545
leaf_weight=31 55 35 57 31 33 107 31 45 142 87 42 48 36
leaf_count=31 55 35 57 31 33 107 31 45 142 87 42 48 36
internal_value=-5.01637 2.3421 -9.35367 -16.1146 -30.1447 -20.7703 19.0324 -27.3265 -12.8757 -41.242 9.88466 3.05329 -4.21723
internal_weight=780 725 690 659 471 414 188 381 187 194 157 126 78
internal_count=780 725 690 659 471 414 188 381 187 194 157 126 78
is_linear=0
shrinkage=0.05


Tree=56
num_leaves=20
num_cat=0
split_feature=20 7 11 14 24 0 7 1 0 24 24 0 24 24 6 24 14 24 24
split_gain=2.08184e+08 4.28591e+08 4.49207e+08 1.86859e+08 3.23792e+08 3.19167e+08 1.12005e+08 2.53237e+08 2.24161e+08 7.63462e+07 5.96219e+07 1.84978e+07 1.54894e+07 1.32135e+07 2.2822e+07 1.29432e+07 3.44752e+06 2.64456e+06 2.07634e+06
threshold=2.6890000000000005 7.0000000000000009 2.5000000000000004 114.50000000000001 15466.666666666668 5.3500000000000005 25.950000000000003 0.15476190476190474 17.450000000000003 5346.666666666667 5583.3333333333348 112.15000000000002 9037.0361111111124 8157.4083333333338 3.0500000000000003 6030.5555555555557 300.00000000000006 10412.036111111114 7268.5194444444451
decision_type=2 2 2 2 2 2 2 2 2 2 2 2 2 2 2 2 2 2 2
left_child=1 -1 -3 5 6 -2 7 -5 -8 -9 11 -7 18 14 15 -10 -14 -15 -11
right_child=3 2 -4 4 -6 10 8 9 13 12 -12 -13 16 17 -16 -17 -18 -19 -20
leaf_value=-48.63504463943228 -195.10485413597519 283.72078300298648 21.920495176447396 107.04861357683615 158.87287023043712 -73.237754907627448 -164.95885912112618 -67.353868046292106 -67.976708585079592 -16.156075197819508 12.395948418569647 -23.297470483114552 32.23846348452772 -8.2193028758478288 6.6166961774182091 -22.187889508472328 9.1132294155830547 11.727019944301871 -1.4511428755988984
leaf_weight=54 35 30 36 54 30 49 30 51 32 56 58 30 35 37 31 30 30 30 42
leaf_count=54 35 30 36 54 30 49 30 51 32 56 58 30 35 37 31 30 30 30 42
internal_value=-4.76392 55.7883 141.17 -15.7802 0.0178181 -60.5765 -10.4199 10.399 -39.7756 -14.0278 -26.0906 -54.3266 2.68807 -16.2154 -28.401 -45.8923 21.5957 0.715979 -9.86192
internal_weight=780 120 66 660 488 172 458 268 190 214 137 79 163 160 93 62 65 67 98
internal_count=780 120 66 660 488 172 458 268 190 214 137 79 163 160 93 62 65 67 98
is_linear=0
shrinkage=0.05


Tree=57
num_leaves=16
num_cat=0
split_feature=27 24 26 24 27 3 24 7 24 24 20 21 27 24 14
split_gain=1.93472e+08 6.85583e+08 1.65507e+08 1.14378e+08 7.71553e+07 6.12227e+07 1.01871e+08 7.36825e+07 1.68827e+08 1.76223e+07 2.0108e+07 1.33301e+07 4.69587e+06 2.35031e+06 1.94024e+06
threshold=0.97692944606901266 21557.869444444448 10.950000000000005 7935.186111111112 -0.93535928755917819 65.950000000000017 860.00000000000011 28.650000000000002 1.0000000180025095e-35 11300.925000000001 11.460400000000002 0.63519230769230783 0.13301347478292308 10291.666666666668 273.50000000000006
decision_type=2 2 2 2 2 2 2 2 2 2 2 2 2 2 2
left_child=1 2 3 4 -1 6 -6 8 -7 12 -11 -8 13 14 -5
right_child=-2 -3 -4 9 5 7 11 -9 -10 10 -12 -13 -14 -15 -16
leaf_value=37.478490038252261 -94.848783297807032 217.9006525979762 79.849210648235612 -13.06046579830398 -134.61523787917471 74.256947091654936 -57.994459663288609 -87.696834638111966 -36.151216379929089 62.308405499443467 10.940507765686942 -23.74263891093138 20.074781016751501 10.442214266247923 1.4541298104446154
leaf_weight=37 55 35 49 45 37 46 52 35 139 32 47 63 31 30 47
leaf_count=37 55 35 49 45 37 46 52 35 139 32 47 63 31 30 47
internal_value=-4.52601 2.33819 -8.62612 -15.4009 -31.3053 -38.155 -62.5503 -21.2792 -8.67306 12.639 31.8003 -39.2674 2.73092 -1.68892 -5.65182
internal_weight=780 725 690 641 409 372 152 220 185 232 79 115 153 122 92
internal_count=780 725 690 641 409 372 152 220 185 232 79 115 153 122 92
is_linear=0
shrinkage=0.05


Tree=58
num_leaves=20
num_cat=0
split_feature=20 7 28 14 1 28 1 1 9 21 20 29 11 4 29 8 21 26 26
split_gain=1.78946e+08 3.86504e+08 4.2926e+08 1.59746e+08 2.3523e+08 1.19782e+08 1.6389e+08 5.97214e+07 9.89217e+07 3.92106e+07 7.19745e+07 1.1106e+07 1.07436e+07 1.12208e+07 1.03365e+07 5.17968e+06 3.69846e+06 3.21975e+06 1.95626e+06
threshold=2.6890000000000005 7.0000000000000009 0.87377473702374975 114.50000000000001 0.45000000000000007 -0.61186373645567615 0.15476190476190474 0.65000000000000013 0.75000000000000011 0.6130562294956895 9.2822000000000013 0.6078576107927941 3.5000000000000004 1010.6500000000002 0.87837969732492682 6.6500000000000012 0.89726163803833725 5.3000000000000034 7.3500000000000014
decision_type=2 2 2 2 2 2 2 2 2 2 2 2 2 2 2 2 2 2 2
left_child=1 -1 -3 4 -2 7 -7 8 -5 10 -8 15 13 -11 16 -6 17 -9 -19
right_child=3 2 -4 5 11 6 9 14 -10 12 -12 -13 -14 -15 -16 -17 -18 18 -20
leaf_value=-47.322188152094647 -148.4549044109896 260.14663086398485 5.2946268502318965 -105.76370549192052 -15.589895737666502 126.46463358143556 -3.6479439315464912 -30.355250742356226 3.8206971060206025 26.516584382409839 93.900275742004965 1.8825421303864613 -26.769101407425957 -11.302952248632572 19.645975214341945 -41.090098178465986 2.1538355302963992 -2.6080861832079933 -19.954014389537207
leaf_weight=54 49 33 33 48 36 34 46 33 36 31 32 42 49 53 30 45 31 33 32
leaf_count=54 49 33 33 48 36 34 46 33 36 31 32 42 49 53 30 45 31 33 32
internal_value=-4.29928 51.8399 132.921 -14.5127 -55.9317 0.0942215 24.7596 -24.7741 -58.8502 8.31897 36.4408 -18.9822 -8.18846 2.66913 -6.74596 -29.7899 -12.8941 -17.6516 -11.1652
internal_weight=780 120 66 660 172 488 245 243 84 211 78 123 133 84 159 81 129 98 65
internal_count=780 120 66 660 172 488 245 243 84 211 78 123 133 84 159 81 129 98 65
is_linear=0
shrinkage=0.05


Tree=59
num_leaves=20
num_cat=0
split_feature=20 7 28 0 25 28 24 21 24 24 24 6 24 8 22 24 10 29 28
split_gain=1.6155e+08 3.48919e+08 3.8753e+08 1.62558e+08 3.21475e+08 7.73101e+08 2.72752e+08 4.6274e+07 9.32519e+07 7.99593e+07 3.32479e+07 2.07023e+07 1.33085e+07 4.28893e+06 4.12187e+06 3.83104e+06 3.04888e+06 1.5872e+06 1.11568e+06
threshold=2.6890000000000005 7.0000000000000009 0.87377473702374975 11.350000000000003 20.605329999999999 -0.11593459959550052 13111.111111111111 0.67792972831765952 1.0000000180025095e-35 3652.7777777777778 5509.2583333333341 3.5500000000000003 7874.0750000000007 14.550000000000002 -0.6830127018922193 9561.1111111111113 5.5000000000000009 0.6078576107927941 -0.76107606668641947
decision_type=2 2 2 2 2 2 2 2 2 2 2 2 2 2 2 2 2 2 2
left_child=1 -1 -3 4 5 -2 7 8 -5 11 -10 -9 14 -14 -11 16 -12 -16 -15
right_child=3 2 -4 6 -6 -7 -8 9 10 12 15 -13 13 18 17 -17 -18 -19 -20
leaf_value=-44.960452199995849 184.73100647267037 247.17860268307595 5.0306963191651874 64.204322454305242 -188.83572555089575 -132.6407870279339 144.06950801931742 -93.965096536003728 -46.927210317976517 -35.183558043972603 8.1205685221205002 -38.838156827502075 18.014985079906701 3.3300091331583319 -19.318866752650333 16.16953101392485 -11.186019353344015 -5.3271703174259883 -10.1766205146765
leaf_weight=54 31 33 33 53 37 50 30 40 48 33 34 30 37 30 59 35 51 31 31
leaf_count=54 31 33 33 53 37 50 30 40 48 33 34 30 37 30 59 35 51 31 31
internal_value=-4.08376 49.257 126.296 -13.7881 -66.9431 -11.0994 -2.20538 -10.8026 6.44463 -23.8988 -11.8045 -70.4284 -9.13571 4.60853 -20.0813 2.27191 -3.46286 -14.5108 -3.53936
internal_weight=780 120 66 660 118 81 542 512 221 291 168 70 221 98 123 120 85 90 61
internal_count=780 120 66 660 118 81 542 512 221 291 168 70 221 98 123 120 85 90 61
is_linear=0
shrinkage=0.05


Tree=60
num_leaves=12
num_cat=0
split_feature=24 27 0 24 14 24 2 1 0 14 24
split_gain=3.2714e+08 1.30833e+08 1.27022e+08 1.36767e+08 4.98776e+07 7.05711e+07 3.5038e+07 8.93959e+07 5.07089e+07 3.69894e+07 2.46682e+07
threshold=29666.666666666672 -0.98801351631316325 2.9500000000000006 13870.369444444446 40.000000000000007 2027.7777777777781 15.597000000000003 0.15476190476190474 11.350000000000003 84.500000000000014 9189.8138888888916
decision_type=2 2 2 2 2 2 2 2 2 2 2
left_child=1 -1 -3 4 5 -4 8 -8 -6 -10 -9
right_child=-2 2 3 -5 6 -7 7 10 9 -11 -12
leaf_value=86.840257829625799 152.56634517681559 -93.326404946658315 -111.5419839725938 94.951615860137437 -83.166949222095781 -14.234623398557458 75.494070919890291 -18.105025486586662 30.892666441749714 -22.822504498538613 14.39663906529392
leaf_weight=33 32 48 30 30 30 49 37 177 38 202 87
leaf_count=33 32 48 30 30 30 49 37 177 38 202 87
internal_value=-3.79001 -10.384 -14.8024 -9.24666 -14.0697 -51.2811 -8.91326 2.81759 -21.9872 -14.3083 -7.39284
internal_weight=793 761 728 680 650 79 571 301 270 240 264
internal_count=793 761 728 680 650 79 571 301 270 240 264
is_linear=0
shrinkage=0.05


Tree=61
num_leaves=16
num_cat=0
split_feature=24 22 0 21 24 14 24 25 24 0 24 4 24 5 14
split_gain=2.95336e+08 9.15156e+07 1.12291e+08 1.101e+08 7.7845e+07 5.59301e+07 4.14836e+07 4.06603e+07 7.48317e+07 1.38298e+08 1.64638e+07 2.63255e+07 1.6272e+07 2.64645e+06 3.62607e+06
threshold=29666.666666666672 -0.93301270189221908 2.9500000000000006 0.68911716281760349 8828.7027777777785 40.000000000000007 2027.7777777777781 25.618795000000002 1.0000000180025095e-35 61.250000000000007 11300.925000000001 1007.6500000000002 4868.5194444444451 8.8500000000000032 203.50000000000003
decision_type=2 2 2 2 2 2 2 2 2 2 2 2 2 2 2
left_child=1 3 -3 -1 5 6 -4 8 9 -7 13 -12 -10 -6 -15
right_child=-2 2 4 -5 10 7 -8 -9 12 -11 11 -13 -14 14 -16
leaf_value=116.91745169123145 144.96179223937037 -88.669788993470632 -105.98341492307543 -18.379170969712771 -5.4367267402699619 103.64300862309813 -26.345373756535498 -65.390824430359416 -37.892734753252 -25.764205228885899 8.511179085560908 72.194415724775794 -12.387932087002239 25.671957040387532 3.6975145675702965
leaf_weight=30 32 48 30 30 30 38 36 34 90 45 34 31 205 30 50
leaf_count=30 32 48 30 30 30 38 36 34 90 45 34 31 205 30 50
internal_value=-3.59981 -9.86504 -14.9398 49.351 -9.50737 -19.9521 -62.6501 -13.0985 -8.37893 33.5358 19.0166 38.9475 -20.1793 7.21459 11.9598
internal_weight=793 761 701 60 653 478 66 412 378 83 175 65 295 110 80
internal_count=793 761 701 60 653 478 66 412 378 83 175 65 295 110 80
is_linear=0
shrinkage=0.05


Tree=62
num_leaves=18
num_cat=0
split_feature=24 27 24 21 21 26 20 26 5 20 7 20 24 27 5 28 24
split_gain=2.69165e+08 1.15202e+08 6.67068e+07 6.20764e+07 1.88406e+08 8.39936e+07 6.79741e+07 9.73638e+07 6.63623e+07 3.81852e+07 4.50842e+07 2.22476e+07 1.89306e+07 1.68509e+07 9.42269e+06 7.94158e+06 7.91366e+06
threshold=25166.666666666668 -0.99166813670569331 7376.3888888888896 0.94058823529411761 1.0611550836550838 10.550000000000002 12.157150000000003 7.1500000000000021 25.150000000000002 8.8281000000000009 13.15 1.4809000000000003 5036.1111111111122 0.56314550935064711 9.0500000000000025 0.59809228744854648 10291.666666666668
decision_type=2 2 2 2 2 2 2 2 2 2 2 2 2 2 2 2 2
left_child=1 -1 3 5 -5 6 9 8 -8 10 -3 -4 -6 14 -13 16 -16
right_child=-2 2 11 4 12 -7 7 -9 -10 -11 -12 13 -14 -15 15 -17 -18
leaf_value=85.706294087318099 122.80540954133221 -73.88108953446347 -34.880254716527432 109.58098838781619 -67.320578157545327 -112.29905059456473 -4.3561065419020206 65.980006223768413 -91.920537310818901 -95.384653546150176 -5.5565659939441936 27.601362998091918 -16.269272414205389 34.719702040506697 -7.4263550947719539 -23.940649943625459 15.297153033720628
leaf_weight=30 40 45 33 31 30 34 77 36 30 40 52 32 46 50 83 33 71
leaf_count=30 40 45 33 31 30 34 77 36 30 40 52 32 46 50 83 33 71
internal_value=-3.41925 -10.1398 -14.1282 -26.989 5.89725 -38.1938 -29.1584 -5.03694 -28.9698 -54.3141 -37.297 3.80331 -36.4832 8.5601 2.57444 -1.72067 3.05316
internal_weight=793 753 723 421 107 314 280 143 107 137 97 302 76 269 219 187 154
internal_count=793 753 723 421 107 314 280 143 107 137 97 302 76 269 219 187 154
is_linear=0
shrinkage=0.05


Tree=63
num_leaves=10
num_cat=0
split_feature=24 27 0 24 3 0 24 8 24
split_gain=2.43385e+08 1.02373e+08 1.06256e+08 1.12228e+08 4.04932e+07 3.03803e+07 3.2119e+07 5.24912e+07 1.06074e+07
threshold=29666.666666666672 -0.99166813670569331 2.9500000000000006 13870.369444444446 34.900000000000006 5.7500000000000009 6375.186111111112 18.050000000000004 10412.036111111114
decision_type=2 2 2 2 2 2 2 2 2
left_child=1 -1 -3 4 -4 -6 7 -7 -8
right_child=-2 2 3 -5 5 6 8 -9 -10
leaf_value=81.43521423339844 131.61513303952796 -84.484868743959922 -63.418334266683736 86.801976820400796 39.228384895570031 -35.916196654612413 -5.7092804514888442 13.16657141125806 15.553418557384937
leaf_weight=30 32 48 36 30 31 214 219 73 80
leaf_count=30 32 48 36 30 31 214 219 73 80
internal_value=-3.24874 -8.93631 -12.6558 -7.59611 -11.9456 -8.9325 -11.4865 -23.4315 -0.0169492
internal_weight=793 761 731 683 653 617 586 287 299
internal_count=793 761 731 683 653 617 586 287 299
is_linear=0
shrinkage=0.05


Tree=64
num_leaves=16
num_cat=0
split_feature=1 1 1 6 6 14 3 7 7 3 26 14 26 11 30
split_gain=1.79382e+08 5.29287e+08 3.74634e+08 2.43614e+08 3.46145e+08 1.20742e+08 9.30739e+07 6.17017e+07 8.18364e+07 3.79043e+07 2.3845e+07 1.33395e+07 9.689e+06 9.53565e+06 6.82591e+06
threshold=0.65000000000000013 1.0000000180025095e-35 0.18333333333333332 3.5500000000000003 2.7500000000000004 38.000000000000007 55.550000000000004 28.550000000000004 30.700000000000006 89.050000000000011 10.950000000000005 70.000000000000014 6.1000000000000005 2.5000000000000004 -0.56174490092936669
decision_type=2 2 2 2 2 2 2 2 2 2 2 2 2 2 2
left_child=1 3 -3 4 -1 6 -2 9 -9 10 11 -7 14 -14 -13
right_child=5 2 -4 -5 -6 7 -8 8 -10 -11 -12 12 13 -15 -16
leaf_value=-10.130014287698291 141.02171683454037 -280.09455872595908 -61.888326393033907 -69.404846850237874 191.543671532438 -29.283244190815992 16.514175336463904 109.78417546471883 0.64117176740841375 41.508078854377203 -48.495048854862461 2.6198662039121925 15.397060951555668 -4.9689472892322435 -26.17296329354599
leaf_weight=54 30 30 57 49 35 46 30 30 40 43 33 34 111 119 52
leaf_count=54 30 30 57 49 35 46 30 30 40 43 33 34 111 119 52
internal_value=-3.08518 -40.8588 -137.367 20.0388 69.3058 11.8825 78.8991 3.95317 47.5067 -3.01668 -7.87297 -4.15747 -0.491797 4.86226 -14.7999
internal_weight=793 225 87 138 89 568 60 508 70 438 395 362 316 230 86
internal_count=793 225 87 138 89 568 60 508 70 438 395 362 316 230 86
is_linear=0
shrinkage=0.05


Tree=65
num_leaves=14
num_cat=0
split_feature=24 0 24 24 20 20 14 21 8 0 14 9 24
split_gain=8.89591e+08 1.65909e+08 7.93957e+07 3.92637e+07 5.6619e+07 8.21476e+07 3.71582e+07 2.43672e+07 8.17123e+06 6.25261e+06 5.29589e+06 2.63367e+06 1.16988e+06
threshold=25166.666666666668 2.1500000000000004 13770.138888888891 7376.3888888888896 21.317800000000002 19.347500000000004 40.000000000000007 1.0521689928328934 -0.44999999999999996 23.700000000000006 189.50000000000003 0.55000000000000016 8287.0361111111124
decision_type=2 2 2 2 2 2 2 2 2 2 2 2 2
left_child=1 -1 3 4 5 6 -3 -8 -5 -10 12 -12 -11
right_child=-2 2 -4 8 -6 -7 7 -9 9 10 11 -13 -14
leaf_value=103.31413973514164 249.76048805693279 -64.89154178866572 66.553841306363239 -25.4515012060331 -92.105681369312578 54.433114426949956 -27.790811787904541 8.8665250222313201 22.704175842383282 3.2853604193145651 -2.1589046991086795 -16.972109307399414 16.836360154473535
leaf_weight=32 35 57 30 31 30 33 237 56 31 30 94 44 34
leaf_count=32 35 57 30 31 30 33 237 56 31 30 94 44 34
internal_value=3.81663 -7.8638 -12.9098 -16.4404 -26.0657 -20.8702 -27.9837 -20.784 -1.37846 1.83392 -1.37857 -6.89086 10.4994
internal_weight=774 739 707 677 413 383 350 293 264 233 202 138 64
internal_count=774 739 707 677 413 383 350 293 264 233 202 138 64
is_linear=0
shrinkage=0.05


Tree=66
num_leaves=15
num_cat=0
split_feature=24 1 26 20 26 1 24 24 26 24 24 8 29 14
split_gain=8.03087e+08 1.22286e+08 4.53458e+08 1.87512e+08 2.47031e+08 1.55003e+08 8.65568e+07 5.03724e+07 1.66871e+07 1.38351e+07 1.04981e+07 6.94178e+06 6.15033e+06 4.55443e+06
threshold=25166.666666666668 0.088461538461538466 9.4500000000000046 11.460400000000002 6.5000000000000018 0.45000000000000007 13972.222222222224 4868.5194444444451 10.950000000000005 8655.5555555555566 2027.7777777777781 2.6000000000000005 1.0000000180025095e-35 162.50000000000003
decision_type=2 2 2 2 2 2 2 2 2 2 2 2 2 2
left_child=1 2 3 -1 -5 -3 7 10 9 11 -7 -9 -12 -11
right_child=-2 5 -4 4 -6 6 -8 8 -10 13 12 -13 -14 -15
leaf_value=-112.00433341311543 237.30804265992253 -105.24065139627248 206.61136785361455 -56.772135014171049 127.10151236335776 -68.620469477169237 72.634276181598054 -31.477077186461088 -40.614673796593245 24.689162121555047 -47.025192150885829 -7.7601770304455062 -18.867651852990829 3.4009560715415663
leaf_weight=33 35 46 30 38 35 32 30 37 33 31 44 184 35 131
leaf_count=33 35 46 30 38 35 32 30 37 33 31 44 184 35 131
internal_value=3.62772 -7.47029 35.3409 -13.2809 31.4397 -17.1302 -9.83593 -14.5435 -6.55394 -3.60936 -44.4536 -11.7433 -34.59 7.48737
internal_weight=774 739 136 106 73 603 557 527 416 383 111 221 79 162
internal_count=774 739 136 106 73 603 557 527 416 383 111 221 79 162
is_linear=0
shrinkage=0.05


Tree=67
num_leaves=13
num_cat=0
split_feature=24 0 24 24 20 20 14 8 8 0 27 4
split_gain=7.24999e+08 1.48014e+08 6.52731e+07 3.35633e+07 4.95492e+07 7.56239e+07 3.10811e+07 2.36289e+07 7.19435e+06 5.63838e+06 5.01789e+06 1.89724e+06
threshold=25166.666666666668 2.1500000000000004 13770.138888888891 7376.3888888888896 21.317800000000002 19.347500000000004 40.000000000000007 17.950000000000003 -0.44999999999999996 23.700000000000006 0.10738035228456499 1006.0000000000001
decision_type=2 2 2 2 2 2 2 2 2 2 2 2
left_child=1 -1 3 4 5 6 -3 -8 -5 -10 11 -11
right_child=-2 2 -4 8 -6 -7 7 -9 9 10 -12 -13
leaf_value=97.914080097519346 225.47644542683224 -59.684300416321754 60.18732115343164 -23.727164195511502 -85.742783851243345 53.14692735441502 -12.354824821437028 -48.209473969347634 21.693977273775449 -13.242395990362184 12.023991385332385 -1.5553244847166932
leaf_weight=32 35 57 30 31 30 33 236 57 31 55 53 94
leaf_count=32 35 57 30 31 30 33 236 57 31 55 53 94
internal_value=3.44751 -7.09714 -11.8633 -15.0645 -23.9637 -19.1035 -25.9289 -19.344 -1.13885 1.87533 -1.17535 -5.87537
internal_weight=774 739 707 677 413 383 350 293 264 233 202 149
internal_count=774 739 707 677 413 383 350 293 264 233 202 149
is_linear=0
shrinkage=0.05


Tree=68
num_leaves=10
num_cat=0
split_feature=24 0 24 20 3 6 1 0 24
split_gain=6.54502e+08 1.33624e+08 5.89274e+07 3.12869e+07 3.38732e+07 2.53589e+07 5.50622e+07 2.58496e+08 3.79145e+07
threshold=25166.666666666668 2.1500000000000004 13770.138888888891 22.470000000000002 34.900000000000006 1.8500000000000003 0.13392857142857142 59.000000000000007 3959.7222222222226
decision_type=2 2 2 2 2 2 2 2 2
left_child=1 -1 3 4 -3 -6 7 -7 -8
right_child=-2 2 -4 -5 5 6 8 -9 -10
leaf_value=93.033626791695568 214.23474674061833 -55.83677281474835 57.187952473155683 -62.495223663900504 -41.922809279705852 136.17089214270609 -45.270754407526809 -36.846139270694074 -6.4309396771510468
leaf_weight=32 35 41 30 32 53 35 75 56 385
leaf_count=32 35 41 30 32 53 35 75 56 385
internal_value=3.2766 -6.74228 -11.2708 -14.3125 -11.9127 -8.92231 -5.741 29.7752 -12.772
internal_weight=774 739 707 677 645 604 551 91 460
internal_count=774 739 707 677 645 604 551 91 460
is_linear=0
shrinkage=0.05


Tree=69
num_leaves=15
num_cat=0
split_feature=24 0 24 25 5 1 14 24 4 1 24 0 4 0
split_gain=5.90859e+08 1.20632e+08 5.57739e+07 4.05358e+07 5.55701e+07 5.35284e+07 2.91959e+07 3.76824e+07 3.36386e+07 7.41563e+07 2.39244e+07 3.31705e+06 3.4189e+06 532312
threshold=25166.666666666668 2.1500000000000004 9069.4444444444471 24.792200000000005 23.675000000000001 0.65000000000000013 40.000000000000007 2180.0000000000005 1001.7500000000001 0.13392857142857142 13770.138888888891 26.150000000000002 1007.0500000000001 124.45
decision_type=2 2 2 2 2 2 2 2 2 2 2 2 2 2
left_child=1 -1 3 4 6 -5 7 -3 -8 -10 11 -4 -13 -14
right_child=-2 2 10 5 -6 -7 8 -9 9 -11 -12 12 13 -15
leaf_value=88.396443147748428 203.55352284140736 -88.798610598941323 19.531936690666221 -103.1357350708204 52.114056014380985 -12.326085124756933 -52.153199120843489 -13.118481736738458 46.507255122666002 -17.627763429097623 54.338054787518573 -9.1673311705185903 4.3640985758350821 13.313561518322615
leaf_weight=32 35 31 32 31 30 34 47 35 54 270 30 46 36 31
leaf_count=32 35 31 32 31 30 34 47 35 54 270 30 46 36 31
internal_value=3.11439 -6.40491 -10.7077 -18.7614 -13.6054 -55.7273 -18.128 -48.7458 -12.6694 -6.92753 13.7724 5.34777 1.31726 8.51864
internal_weight=774 739 707 532 467 65 437 66 371 324 175 145 113 67
internal_count=774 739 707 532 467 65 437 66 371 324 175 145 113 67
is_linear=0
shrinkage=0.05


Tree=70
num_leaves=14
num_cat=0
split_feature=27 24 8 1 3 1 4 24 0 24 24 8 0
split_gain=1.82655e+08 8.10918e+08 2.3109e+08 1.54099e+08 3.90644e+08 2.07569e+08 1.62882e+08 1.06899e+08 7.75032e+07 3.71124e+07 2.09735e+07 1.33815e+07 5.42679e+06
threshold=0.96230016621822489 25166.666666666668 9.1500000000000004 0.064583333333333312 53.850000000000001 0.65000000000000013 1004.5500000000001 13972.222222222224 8.1000000000000014 2794.4444444444448 9673.6111111111113 0.15000000000000005 27.250000000000004
decision_type=2 2 2 2 2 2 2 2 2 2 2 2 2
left_child=1 3 -2 4 -1 8 -6 9 -5 -7 11 -11 -12
right_child=2 -3 -4 5 6 7 -8 -9 -10 10 12 -13 -14
leaf_value=200.57667736286518 6.292081344689028 257.44847981247489 -181.41791053214342 -156.71217323254157 53.207394757700968 -59.106780704813474 -81.812678761982255 87.511447840592396 -43.865121927609877 -40.044818820947114 30.239311136080143 -8.5631495569579652 5.9310105905731749
leaf_weight=31 36 31 30 31 52 35 39 30 30 38 31 297 88
leaf_count=31 36 31 30 31 52 35 39 30 30 38 31 297 88
internal_value=0.428951 7.60648 -79.1759 -3.46152 47.5935 -14.207 -4.68458 -3.94414 -101.376 -9.57167 -5.7407 -12.1451 12.2835
internal_weight=799 733 66 702 122 580 91 519 61 489 454 335 119
internal_count=799 733 66 702 122 580 91 519 61 489 454 335 119
is_linear=0
shrinkage=0.05


Tree=71
num_leaves=15
num_cat=0
split_feature=26 0 0 24 24 3 8 8 0 0 24 3 4 8
split_gain=2.47226e+08 4.92903e+08 2.97778e+08 3.90952e+08 2.10125e+08 3.16365e+07 2.9273e+07 8.55843e+07 3.0916e+07 2.72355e+07 2.61919e+07 2.58907e+07 7.35456e+06 5.61142e+06
threshold=10.950000000000005 49.150000000000006 3.8000000000000003 16263.888888888891 17130.555555555558 47.550000000000004 21.950000000000003 21.050000000000004 71.250000000000014 12.65 2180.0000000000005 53.850000000000001 1001.9500000000002 1.1500000000000001
decision_type=2 2 2 2 2 2 2 2 2 2 2 2 2 2
left_child=2 -2 4 5 -1 10 7 9 -8 -7 -4 -11 -10 -12
right_child=1 -3 3 -5 -6 6 8 -9 12 11 13 -13 -14 -15
leaf_value=-23.735124200835195 241.9497172355652 -35.775392153256107 -70.408317005753119 178.97157131461211 -191.4309891355683 44.746631163536911 -56.447502997413871 85.310203237012274 13.032700886554665 39.576505782041835 -30.484039309650566 -8.8958152308386307 -18.668358402303607 -1.5790202716517012
leaf_weight=40 30 34 30 30 35 30 43 31 36 30 30 325 37 38
leaf_count=40 30 34 30 30 35 30 43 31 36 30 30 325 37 38
internal_value=0.407939 94.5825 -7.80404 2.93025 -102.144 -5.47974 -0.668575 5.52571 -22.8682 -0.918964 -31.5701 -4.78956 -3.03845 -14.3573
internal_weight=799 64 735 660 75 630 532 416 116 385 98 355 73 68
internal_count=799 64 735 660 75 630 532 416 116 385 98 355 73 68
is_linear=0
shrinkage=0.05


Tree=72
num_leaves=15
num_cat=0
split_feature=26 0 0 24 24 3 8 8 0 0 24 3 14 20
split_gain=2.23197e+08 4.44999e+08 2.68829e+08 3.52954e+08 1.89695e+08 2.85639e+07 2.64279e+07 7.72638e+07 2.79085e+07 2.45874e+07 2.36464e+07 2.33731e+07 5.85342e+06 5.07187e+06
threshold=10.950000000000005 49.150000000000006 3.8000000000000003 16263.888888888891 17130.555555555558 47.550000000000004 21.950000000000003 21.050000000000004 71.250000000000014 12.65 2180.0000000000005 53.850000000000001 218.50000000000003 1.62405
decision_type=2 2 2 2 2 2 2 2 2 2 2 2 2 2
left_child=2 -2 4 5 -1 10 7 9 -8 -7 -4 -11 -10 -12
right_child=1 -3 3 -5 -6 6 8 -9 12 11 13 -13 -14 -15
leaf_value=-22.551322288227794 229.89243278376682 -33.991868173481784 -66.899597000679705 170.05272058379214 -181.88671102061909 42.51673393376246 -53.631676439785352 81.058406428738806 11.064518648851914 37.604253986586762 -28.973641217982653 -8.4511612340528313 -17.21694285084811 -1.4933714740232533
leaf_weight=40 30 34 30 30 35 30 43 31 37 30 30 325 36 38
leaf_count=40 30 34 30 30 35 30 43 31 37 30 30 325 36 38
internal_value=0.388581 89.8695 -7.41411 2.78506 -97.0511 -5.20578 -0.634218 5.25136 -21.7275 -0.872035 -29.9969 -4.54965 -2.88691 -13.6418
internal_weight=799 64 735 660 75 630 532 416 116 385 98 355 73 68
internal_count=799 64 735 660 75 630 532 416 116 385 98 355 73 68
is_linear=0
shrinkage=0.05


Tree=73
num_leaves=13
num_cat=0
split_feature=26 6 26 26 0 24 3 4 26 24 7 14
split_gain=2.01503e+08 5.20094e+08 2.52094e+08 1.56515e+08 3.87641e+08 3.99861e+08 1.33484e+08 2.44775e+07 9.02471e+07 2.51723e+07 2.5296e+07 7.88745e+06
threshold=10.950000000000005 2.7500000000000004 10.350000000000003 9.8500000000000032 3.8000000000000003 15466.666666666668 69.550000000000011 999.6500000000002 6.2999999999999998 6340.2777777777783 13.250000000000002 200.50000000000003
decision_type=2 2 2 2 2 2 2 2 2 2 2 2
left_child=2 -2 3 4 6 7 -1 8 -6 10 -9 -11
right_child=1 -3 -4 -5 5 -7 -8 9 -10 11 -12 -13
leaf_value=-201.94619681019321 -48.484554551423827 236.77442239907097 -144.06968158115851 89.321900948611173 -17.06061597847896 182.90007009918111 -53.884979843556692 -44.706128856849418 90.268013539742 12.815455330516622 -8.9103920736319306 -5.0054435590877517
leaf_weight=30 34 30 32 45 56 30 31 74 30 103 148 156
leaf_count=30 34 30 32 45 56 30 31 74 30 103 148 156
internal_value=0.370133 85.3913 -7.04367 -0.786746 -6.96184 5.31372 -126.913 -4.11297 20.4409 -8.50641 -20.8571 2.08382
internal_weight=799 64 735 703 658 597 61 567 86 481 222 259
internal_count=799 64 735 703 658 597 61 567 86 481 222 259
is_linear=0
shrinkage=0.05


Tree=74
num_leaves=13
num_cat=0
split_feature=26 6 26 26 0 3 3 1 8 8 0 21
split_gain=1.8192e+08 4.69546e+08 2.27591e+08 1.41286e+08 3.49972e+08 1.20512e+08 6.25273e+07 4.02485e+07 1.29956e+08 1.73768e+08 4.26672e+07 1.73338e+07
threshold=10.950000000000005 2.7500000000000004 10.350000000000003 9.8500000000000032 3.8000000000000003 69.550000000000011 93.050000000000011 0.36666666666666675 14.250000000000002 21.750000000000004 17.050000000000001 1.7341365461847391
decision_type=2 2 2 2 2 2 2 2 2 2 2 2
left_child=2 -2 3 4 5 -1 7 8 -6 -10 -9 -12
right_child=1 -3 -4 -5 6 -7 -8 10 9 -11 11 -13
leaf_value=-191.88243083763757 -46.067436775364143 224.97503445140546 -136.88863650125879 84.865704731402005 -81.887814077916744 -51.199392969431983 74.075291738479464 54.860618245736816 98.845613956994811 -63.475621898687919 -0.63846535307958452 32.25880077794492
leaf_weight=30 34 30 32 45 54 31 31 44 35 31 357 45
leaf_count=30 34 30 32 45 54 31 31 44 35 31 357 45
internal_value=0.352176 81.1364 -6.69217 -0.747098 -6.61409 -120.589 5.04979 1.25681 -24.4358 22.6231 8.17357 3.05116
internal_weight=799 64 735 703 658 61 597 566 120 66 446 402
internal_count=799 64 735 703 658 61 597 566 120 66 446 402
is_linear=0
shrinkage=0.05


Tree=75
num_leaves=11
num_cat=0
split_feature=27 24 0 0 0 0 8 2 24 24
split_gain=1.79432e+08 5.00635e+08 3.15113e+08 1.85816e+08 4.87657e+07 5.06761e+07 1.86898e+07 1.99351e+07 4.08442e+07 3.47022e+07
threshold=0.95747632178960107 20340.277777777781 3.0500000000000003 13.450000000000001 11.050000000000002 22.450000000000003 0.45000000000000007 1.0000000180025095e-35 1220.0000000000002 1346.6666666666667
decision_type=2 2 2 2 2 2 2 2 2 2
left_child=1 2 -1 -2 -4 -6 -7 8 -8 -9
right_child=3 -3 4 -5 5 6 7 9 -10 -11
leaf_value=150.37260535506957 -172.85786363595346 183.64056003498581 -55.878998580438832 -8.3768260724526691 37.419941363360621 -39.731676294060875 58.038872865188956 -51.59677534086692 -8.3890743188448376 -8.8224699132423741
leaf_weight=31 30 37 59 40 55 58 30 57 100 280
leaf_count=31 30 37 59 40 55 58 30 57 100 280
internal_value=-2.71321 4.8515 -5.04785 -79.0148 -12.6102 -8.1998 -12.9852 -9.6556 6.97324 -16.0705
internal_weight=777 707 670 70 639 580 525 467 130 337
internal_count=777 707 670 70 639 580 525 467 130 337
is_linear=0
shrinkage=0.05


Tree=76
num_leaves=16
num_cat=0
split_feature=27 0 0 7 28 0 21 7 14 14 1 2 1 0 2
split_gain=1.61998e+08 2.09022e+08 1.67758e+08 1.04386e+08 2.47221e+08 8.83939e+07 1.53561e+08 7.49537e+07 8.27614e+07 3.25253e+07 5.71023e+07 2.56377e+07 7.48469e+07 1.04612e+07 5.91628e+06
threshold=0.95747632178960107 1.0500000000000003 13.450000000000001 8.2500000000000018 0.93225468035816128 11.050000000000002 0.68170440464120774 28.250000000000004 216.50000000000003 133.50000000000003 0.15476190476190474 15.950000000000001 0.18333333333333332 142.95000000000002 14.550000000000002
decision_type=2 2 2 2 2 2 2 2 2 2 2 2 2 2 2
left_child=1 -1 -2 4 -3 6 -5 9 -9 10 -7 12 -11 -13 -12
right_child=2 3 -4 5 -6 7 -8 8 -10 11 14 13 -14 -15 -16
leaf_value=121.81249014941609 -164.24368681289823 162.07284345718824 -7.9590285822043088 -133.18317483917826 -18.860312462265057 -87.396882902352345 17.206207732768075 -7.453365241068564 86.33333387230067 81.527601233194048 -21.552718763301339 -38.302018448582977 -4.2867256147593968 -7.3921935507640741 4.5439394795996515
leaf_weight=36 30 31 40 36 48 34 32 48 46 30 57 49 163 62 35
leaf_count=36 30 31 40 36 48 34 32 48 46 30 57 49 163 62 35
internal_value=-2.57701 4.6108 -75.077 -1.69443 52.2538 -8.90122 -62.4903 -1.93631 38.4852 -10.7795 -32.1285 -1.92329 9.08758 -21.0593 -11.6304
internal_weight=777 707 70 671 79 592 68 524 94 430 126 304 193 111 92
internal_count=777 707 70 671 79 592 68 524 94 430 126 304 193 111 92
is_linear=0
shrinkage=0.05


Tree=77
num_leaves=19
num_cat=0
split_feature=20 4 0 4 4 24 2 21 1 24 24 22 24 24 5 2 14 4
split_gain=1.11528e+08 3.44907e+08 1.60237e+08 2.4585e+08 1.48961e+08 1.33649e+08 5.35369e+07 4.69384e+07 1.05997e+08 9.07217e+07 1.13002e+07 6.25601e+06 4.16366e+06 4.0521e+06 3.73126e+06 2.636e+06 2.15453e+06 1.26969e+06
threshold=2.5982750000000006 1013.8000000000001 11.050000000000002 1005.1500000000002 1009.85 12831.349206349209 4.6500000000000012 0.72294813055037055 0.18333333333333332 1693.3333333333337 6263.8888888888896 -0.6830127018922193 7935.186111111112 8231.4805555555577 23.500000000000004 14.550000000000002 172.00000000000003 1009.7500000000001
decision_type=2 2 2 2 2 2 2 2 2 2 2 2 2 2 2 2 2 2
left_child=1 -1 3 -2 -5 7 -3 8 -4 -9 16 13 15 -11 17 -13 -10 -12
right_child=2 6 5 4 -6 -7 -8 9 10 11 14 12 -14 -15 -16 -17 -18 -19
leaf_value=188.44893628243986 -169.40758241977332 -62.650902837455469 70.207204131292187 74.335787539307859 -64.43364514652329 100.35073963266296 21.410408178094315 -88.325704263511142 -15.507318157813266 -29.24316649584193 3.0943433157728104 -17.757504173338884 9.8175223901840312 -5.616765866621261 -10.399328364427731 -1.4522640198930241 -33.200852592759752 16.499855711957121
leaf_weight=30 37 30 58 30 54 32 51 40 41 42 38 38 54 32 36 71 30 33
leaf_count=30 37 30 58 30 54 32 51 40 41 42 38 38 54 32 36 71 30 33
internal_value=-2.44827 43.9297 -10.1834 -62.2079 -14.8436 1.3763 -9.76221 -4.81589 11.567 -18.773 -7.56919 -7.00183 -1.52476 -19.0478 2.6949 -7.14777 -23.0197 9.33959
internal_weight=777 111 666 121 84 545 81 513 236 277 178 237 163 74 107 109 71 71
internal_count=777 111 666 121 84 545 81 513 236 277 178 237 163 74 107 109 71 71
is_linear=0
shrinkage=0.05


Tree=78
num_leaves=16
num_cat=0
split_feature=27 4 27 4 27 22 22 21 1 28 21 27 27 26 4
split_gain=1.4041e+08 1.18599e+08 1.02134e+08 1.57898e+08 9.40654e+07 1.11962e+08 6.74494e+07 1.30576e+08 1.29776e+08 6.93701e+07 5.92363e+07 3.16089e+07 2.02582e+07 1.50821e+07 6.46878e+06
threshold=0.95747632178960107 1011.0500000000001 0.85206963063867758 1010.7500000000001 0.76665171983724034 0.68301270189221941 -0.6830127018922193 0.60947802612131652 0.65000000000000013 -0.94128245028753155 0.71708912823730364 0.45972848220565493 -0.8779519545588893 9.9500000000000028 1008.7500000000001
decision_type=2 2 2 2 2 2 2 2 2 2 2 2 2 2 2
left_child=2 -2 4 -4 5 6 7 -1 9 -8 -11 13 14 -10 -9
right_child=1 -3 3 -5 -6 -7 8 12 11 10 -12 -13 -14 -15 -16
leaf_value=83.784693542390102 -129.42504263975488 1.1378859350614456 145.30532274276879 -12.861844336726584 -76.744195772741762 81.92624449152278 3.6407601720866967 -39.308921074792977 2.3902354832933437 -133.93378042889455 -45.7561243632627 47.345312023955373 26.206799482031915 -32.117999624884675 -10.031205782817915
leaf_weight=59 38 32 31 32 39 42 30 32 216 35 42 36 30 37 46
leaf_count=59 38 32 31 32 39 42 30 32 216 35 42 36 30 37 46
internal_value=-2.32595 -69.8226 4.36581 65.0733 -1.58214 3.27489 -2.60603 24.0349 -13.8442 -60.8573 -85.9587 3.57702 -8.65338 -2.6671 -22.0776
internal_weight=777 70 707 63 644 605 563 167 396 107 77 289 108 253 78
internal_count=777 70 707 63 644 605 563 167 396 107 77 289 108 253 78
is_linear=0
shrinkage=0.05


Tree=79
num_leaves=14
num_cat=0
split_feature=27 24 4 1 26 14 1 26 24 27 20 2 9
split_gain=1.27003e+08 4.23234e+08 1.01782e+08 9.29412e+07 4.21264e+08 1.48404e+08 7.67371e+07 3.63933e+07 3.51183e+07 3.01706e+07 1.59357e+07 6.10609e+06 3.4001e+06
threshold=0.95236875646279973 20340.277777777781 1011.0500000000001 0.15476190476190474 8.7500000000000018 149.50000000000003 0.65000000000000013 11.250000000000002 9768.5194444444442 -0.021515898191483831 1.2817000000000003 21.850000000000005 2.2500000000000004
decision_type=2 2 2 2 2 2 2 2 2 2 2 2 2
left_child=1 3 -2 4 5 -1 -5 8 10 12 -8 -12 -10
right_child=2 -3 -4 6 -6 -7 7 -9 9 -11 11 -13 -14
leaf_value=-105.38011548288885 -118.48631125661797 168.62873301338956 1.0811679346910519 -75.380377418203622 196.912106292826 28.176179285904681 -47.561486428599821 -57.831707624955612 10.704117769028793 61.631668496211105 -6.2417635897849886 -25.03128949090295 -9.206359140972614
leaf_weight=32 40 37 32 46 30 59 30 34 69 30 255 52 31
leaf_count=32 40 37 32 46 30 59 30 34 69 30 255 52 31
internal_value=-2.21022 4.25333 -65.4173 -4.87516 34.7611 -18.8527 -13.6477 -7.96573 -4.32361 17.7437 -12.839 -9.43149 4.52879
internal_weight=777 705 72 668 121 91 547 501 467 130 337 307 100
internal_count=777 705 72 668 121 91 547 501 467 130 337 307 100
is_linear=0
shrinkage=0.05


Tree=80
num_leaves=16
num_cat=0
split_feature=27 24 0 24 9 8 8 24 24 26 24 4 9 20 22
split_gain=2.2438e+08 3.82799e+08 1.89144e+08 3.34857e+07 5.69468e+07 5.87053e+07 6.19878e+07 7.13492e+07 3.69038e+07 3.66656e+07 7.72167e+06 1.21983e+07 8.77772e+06 8.14345e+06 9.61617e+06
threshold=0.97692944606901266 24187.500000000004 2.1500000000000004 5346.666666666667 0.35000000000000003 18.650000000000002 13.550000000000002 1163.3333333333337 1414.2857142857144 11.050000000000002 10412.036111111114 1013.4500000000002 0.25000000000000006 2.6890000000000005 -0.6830127018922193
decision_type=2 2 2 2 2 2 2 2 2 2 2 2 2 2 2
left_child=1 2 -1 4 5 6 7 -4 -6 10 13 12 -12 -5 -15
right_child=-2 -3 3 9 8 -7 -8 -9 -10 -11 11 -13 -14 14 -16
leaf_value=109.79906960109929 -106.43464147371888 172.60308564115564 -110.85273158943913 -27.409148136825724 39.340040798595005 -106.21786127121118 29.450081894981182 -19.930948207237719 -29.561233121470401 -57.111662054220318 15.733214732190493 38.681316263097472 -19.293217346829234 -15.386762870808113 5.9489902871580389
leaf_weight=33 52 31 32 33 42 31 33 66 36 30 42 30 31 78 163
leaf_count=33 52 31 32 33 42 31 33 66 36 30 42 30 31 78 163
internal_value=-6.27617 1.06299 -6.78144 -12.7436 -27.5524 -44.4441 -29.756 -49.7025 7.54226 -4.00657 0.233315 11.8977 0.852863 -4.15421 -0.959854
internal_weight=763 711 680 647 240 162 131 98 78 407 377 103 73 274 241
internal_count=763 711 680 647 240 162 131 98 78 407 377 103 73 274 241
is_linear=0
shrinkage=0.05


Tree=81
num_leaves=16
num_cat=0
split_feature=27 24 22 25 5 24 24 24 8 28 4 24 24 8 20
split_gain=2.02544e+08 3.45593e+08 1.1881e+08 6.32932e+07 1.57497e+08 3.0551e+08 1.28117e+08 3.46657e+07 3.6893e+07 3.47535e+07 2.86425e+07 1.51525e+07 7.4288e+06 2.35269e+06 1.32346e+06
threshold=0.97692944606901266 24187.500000000004 0.93301270189221952 21.885815000000004 17.125000000000004 1220.0000000000002 1346.6666666666667 1693.3333333333337 1.9500000000000002 0.88999460902669758 1009.0500000000001 7146.2972222222224 6287.0361111111115 23.750000000000004 19.245375000000003
decision_type=2 2 2 2 2 2 2 2 2 2 2 2 2 2 2
left_child=1 2 3 4 7 -6 -5 -1 9 -9 -10 -7 -8 14 -14
right_child=-2 -3 -4 6 5 11 12 8 10 -11 -12 -13 13 -15 -16
leaf_value=-55.248061989564555 -101.12312497598424 164.000679688285 85.953252081280397 -106.32798119806181 170.10044268874913 -23.565074940637054 -32.793645645310676 -71.165246947722423 -30.143652520354557 -8.5026106531059913 14.971692928626211 18.965283244345194 -7.3391175447407768 0.83329808504876723 -20.972976742234341
leaf_weight=54 52 31 33 47 36 45 36 41 49 48 124 39 44 54 30
leaf_count=54 52 31 33 47 36 45 36 41 49 48 124 39 44 54 30
internal_value=-5.96289 1.01002 -6.44345 -11.1687 -0.287721 48.4545 -33.6417 -18.8069 -11.2779 -37.4172 2.1833 -3.81971 -12.7588 -7.10273 -12.8873
internal_weight=763 711 680 647 436 120 211 316 262 89 173 84 164 128 74
internal_count=763 711 680 647 436 120 211 316 262 89 173 84 164 128 74
is_linear=0
shrinkage=0.05


Tree=82
num_leaves=15
num_cat=0
split_feature=1 24 24 0 27 7 28 26 24 0 27 22 20 20
split_gain=2.291e+08 1.3193e+09 9.08473e+08 3.76862e+08 9.16314e+07 8.1588e+07 1.90766e+08 4.54997e+07 2.01114e+07 2.41401e+07 1.25385e+07 5.54924e+06 7.24688e+06 4.61243e+06
threshold=0.65000000000000013 15466.666666666668 13569.444444444447 6.4500000000000011 0.74981945761428193 25.950000000000003 0.78298010367706283 11.150000000000004 4902.7777777777783 12.350000000000003 0.8382098418594357 -0.93301270189221908 2.7852500000000004 8.6603000000000012
decision_type=2 2 2 2 2 2 2 2 2 2 2 2 2 2
left_child=2 7 3 -1 5 6 -5 8 13 -10 11 -11 -13 -2
right_child=1 -3 -4 4 -6 -7 -8 -9 9 10 -12 12 -14 -15
leaf_value=164.46296099475848 -15.326158172292978 333.5339326674756 -246.02899074595817 112.31367584355287 -101.63231642490956 -57.870353786201235 -60.163550628956493 -56.877371969698736 44.295860435265055 -23.635097846628227 22.732311186614627 -20.445709698809907 0.89467943808349615 -39.860145174700691
leaf_weight=30 46 30 46 33 34 47 31 42 31 36 46 48 230 33
leaf_count=30 46 30 46 33 34 47 31 42 31 36 46 48 230 33
internal_value=-5.66477 11.8312 -48.5593 3.45783 -29.9439 -7.91357 28.8064 -7.08004 -2.6189 2.03212 -1.61854 -5.19198 -2.796 -25.612
internal_weight=763 542 221 175 145 111 64 512 470 391 360 314 278 79
internal_count=763 542 221 175 145 111 64 512 470 391 360 314 278 79
is_linear=0
shrinkage=0.05


Tree=83
num_leaves=16
num_cat=0
split_feature=1 24 24 7 0 8 26 24 0 15 23 28 3 14 8
split_gain=2.0681e+08 1.19109e+09 8.20093e+08 3.67691e+08 5.81295e+08 1.1174e+08 4.10737e+07 1.81558e+07 2.17939e+07 1.03149e+07 4.85638e+06 5.70064e+06 4.74278e+06 3.88051e+06 1.95591e+06
threshold=0.65000000000000013 15466.666666666668 13569.444444444447 25.950000000000003 12.65 13.550000000000002 11.150000000000004 4902.7777777777783 12.350000000000003 1.0000000180025095e-35 0.6830127018922193 -0.82389248692129191 69.050000000000011 319.00000000000006 10.950000000000001
decision_type=2 2 2 2 2 2 2 2 2 2 2 2 2 2 2
left_child=2 6 3 4 -1 -6 7 12 -9 10 11 -10 -2 -12 -11
right_child=1 -3 -4 -5 5 -7 -8 8 9 14 13 -13 -14 -15 -16
leaf_value=243.70118684927093 -14.700149486506787 316.91263841457936 -233.75422324886031 -99.54895410718278 -53.33710448831161 64.825805554282624 -54.040258126021001 42.088189947490143 0.63907559137306769 26.046338864180729 14.361325100520233 -16.886651609005998 -39.970429313380862 -5.2613658833211439 8.3833641104107528
leaf_weight=30 49 30 46 58 56 31 42 31 76 30 45 119 30 57 33
leaf_count=30 49 30 46 58 56 31 42 31 76 30 45 119 30 57 33
internal_value=-5.38116 11.2419 -46.1356 3.28656 54.3064 -11.2069 -6.7269 -2.48829 1.93082 -1.53789 -5.43686 -10.0593 -24.3349 3.40124 16.8223
internal_weight=763 542 221 175 117 87 512 470 391 360 297 195 79 102 63
internal_count=763 542 221 175 117 87 512 470 391 360 297 195 79 102 63
is_linear=0
shrinkage=0.05


Tree=84
num_leaves=16
num_cat=0
split_feature=1 1 7 26 1 3 22 26 9 9 21 29 7 29 8
split_gain=1.86675e+08 4.78093e+08 3.91111e+08 2.42078e+08 2.3018e+08 1.32858e+08 2.89798e+07 4.0862e+07 1.5288e+07 1.32756e+07 1.26336e+07 1.05517e+07 3.3229e+06 2.61122e+06 1.94879e+06
threshold=0.65000000000000013 1.0000000180025095e-35 25.950000000000003 7.9500000000000011 0.18333333333333332 38.350000000000001 0.93301270189221952 11.150000000000004 20.850000000000005 1.0000000180025095e-35 0.60947802612131652 0.6078576107927941 25.450000000000003 0.6078576107927941 9.8500000000000032
decision_type=2 2 2 2 2 2 2 2 2 2 2 2 2 2 2
left_child=1 2 3 -1 -3 -2 7 8 9 10 11 -7 -12 14 -11
right_child=5 4 -4 -5 -6 6 -8 -9 -10 13 12 -13 -14 -15 -16
leaf_value=-2.7199254457431028 99.463620874156106 -245.89343981948801 -113.78554208427295 159.73236465277085 -75.764169348597321 11.226719363625655 44.014064972592102 -51.658235583074422 36.577404958271913 -22.356258180483707 6.4579931946704878 48.727933839943717 -8.7133443154303283 0.35067660182144988 -8.6169068513345106
leaf_weight=49 39 30 40 43 59 50 41 35 34 41 98 30 57 47 70
leaf_count=49 39 30 40 43 59 50 41 35 34 41 98 30 57 47 70
internal_value=-5.11079 -43.8306 16.564 73.2998 -133.323 10.6823 3.78029 0.200999 4.46287 1.6759 9.20958 25.333 0.876803 -9.52796 -13.7074
internal_weight=763 221 132 92 89 542 503 462 427 393 235 80 155 158 111
internal_count=763 221 132 92 89 542 503 462 427 393 235 80 155 158 111
is_linear=0
shrinkage=0.05


Tree=85
num_leaves=16
num_cat=0
split_feature=24 22 3 3 26 24 20 11 7 4 14 21 2 9 24
split_gain=1.42657e+08 1.50557e+08 4.9207e+07 1.02053e+08 4.87977e+07 4.85385e+07 7.11579e+07 1.08648e+08 1.07011e+08 1.66477e+07 1.12498e+07 1.19084e+07 6.70368e+06 5.54903e+06 4.35342e+06
threshold=18361.111111111113 0.93301270189221952 47.350000000000001 53.850000000000001 9.9500000000000028 4868.5194444444451 18.048600000000004 3.5000000000000004 21.350000000000005 1013.9500000000002 203.50000000000003 1.0000000180025095e-35 13.750000000000002 1.5500000000000003 8231.4805555555577
decision_type=2 2 2 2 2 2 2 2 2 2 2 2 2 2 2
left_child=1 2 4 -4 9 6 7 8 -5 -1 11 -7 -13 14 -12
right_child=-2 -3 3 5 -6 10 -8 -9 -10 -11 13 12 -14 -15 -16
leaf_value=3.0980037910385327 81.772286340063559 73.398636667532173 62.83525401332421 -29.861325121965734 -89.635694749995949 33.416209839585747 12.445904353050052 4.2584763683159066 -155.55824108387955 -46.120502330773697 -14.280853384177153 -19.732414826047776 7.14798933292355 -22.968500984246294 3.5892759083155377
leaf_weight=40 51 57 50 32 36 36 55 44 36 30 61 30 101 56 77
leaf_count=40 51 57 50 32 36 36 55 44 36 30 61 30 101 56 77
internal_value=0.969423 -4.60218 -11.112 -5.36567 -42.4114 -11.8348 -34.1151 -56.9706 -96.5375 -18.0313 -1.52122 7.98947 0.981778 -9.70819 -4.31442
internal_weight=792 741 684 578 106 528 167 112 68 70 361 167 131 194 138
internal_count=792 741 684 578 106 528 167 112 68 70 361 167 131 194 138
is_linear=0
shrinkage=0.05


Tree=86
num_leaves=21
num_cat=0
split_feature=25 1 1 24 24 24 27 6 6 24 26 27 24 24 0 23 14 0 8 5
split_gain=1.32709e+08 3.59158e+08 1.89718e+08 3.55281e+08 2.84573e+08 1.17652e+08 9.82017e+07 6.31718e+07 9.68856e+07 1.6186e+07 1.30235e+07 8.09084e+06 8.48129e+06 5.22355e+06 3.41853e+06 2.69203e+06 5.05214e+06 2.48143e+06 2.10551e+06 407450
threshold=7.9360200000000001 0.29166666666666669 0.65000000000000013 13183.333333333334 6661.1111111111122 11083.333333333334 -0.63540876391619894 2.4500000000000006 4.2500000000000009 4868.5194444444451 9.1500000000000039 0.96230016621822489 8828.7027777777785 6308.3333333333348 53.300000000000004 -0.68301270189221952 280.00000000000006 41.650000000000006 19.350000000000005 22.350000000000005
decision_type=2 2 2 2 2 2 2 2 2 2 2 2 2 2 2 2 2 2 2 2
left_child=1 -1 4 9 6 10 -2 -8 -9 14 13 12 15 -3 -4 19 -17 -14 -19 -11
right_child=2 5 3 -5 -6 -7 7 8 -10 11 -12 -13 17 -15 -16 16 -18 18 -20 -21
leaf_value=182.39144636681277 53.394232295978114 -24.456528583753531 -39.342874315331549 167.78767804772681 -188.36567296773845 90.901635214973524 -103.80961106176463 24.461247929494093 -87.174680356028588 1.4315407981769739 -45.843661031695859 23.11789778049619 19.485718266750094 2.4380268291641554 -17.185918289408828 -25.691764544118577 -4.2580994339125251 11.120559488456536 -3.6620840104959775 -6.3993160493350105
leaf_weight=35 32 31 30 32 32 30 33 47 33 37 35 33 30 43 42 54 56 44 53 30
leaf_count=35 32 31 30 32 32 30 33 47 33 37 35 33 30 43 42 54 56 44 53 30
internal_value=0.920345 39.4799 -9.94085 7.61187 -53.6535 3.38967 -23.8146 -45.7069 -21.6399 -4.95816 -20.7574 -0.357833 -2.91297 -8.84634 -26.4598 -9.98486 -14.7939 6.9432 3.04794 -2.07905
internal_weight=792 174 618 441 177 139 145 113 80 409 109 337 304 74 72 177 110 127 97 67
internal_count=792 174 618 441 177 139 145 113 80 409 109 337 304 74 72 177 110 127 97 67
is_linear=0
shrinkage=0.05


Tree=87
num_leaves=16
num_cat=0
split_feature=24 0 21 0 4 26 0 24 14 26 0 26 0 22 27
split_gain=1.32955e+08 2.39808e+08 3.73353e+07 1.35359e+08 4.31392e+07 2.89344e+07 2.35386e+07 2.53048e+07 6.97136e+07 7.5786e+06 2.19002e+07 1.77771e+07 9.11878e+06 7.12068e+06 3.74696e+06
threshold=18361.111111111113 3.0500000000000003 0.52232847722162401 11.350000000000003 999.6500000000002 9.9500000000000028 10.050000000000002 3763.8888888888891 84.500000000000014 7.9500000000000011 55.800000000000004 6.0499999999999998 118.35000000000001 -0.93301270189221908 0.84753307444029569
decision_type=2 2 2 2 2 2 2 2 2 2 2 2 2 2 2
left_child=1 -1 3 -3 -4 9 -6 8 -8 10 -5 -12 -11 -9 -15
right_child=-2 2 4 5 6 -7 7 13 -10 12 11 -13 -14 14 -16
leaf_value=125.00470020819967 78.881177960449932 -122.39840061033254 41.267639052035094 -27.551959864298507 34.788847340143398 -53.300151920590309 16.296539756097353 -24.242921390173574 -69.446048955356375 1.8753432520453435 45.336226049090357 -4.6605402647599874 -35.836178824760466 -3.3309424107198269 13.663616779157181
leaf_weight=34 51 32 50 35 30 35 41 37 56 32 36 35 32 218 38
leaf_count=34 51 32 50 35 30 35 41 37 56 32 36 35 32 218 38
internal_value=0.874518 -4.50427 -10.7492 -26.9253 -2.58834 -11.9698 -7.81788 -11.1034 -33.2248 -3.43424 4.76879 20.718 -17.0068 -3.77109 -0.803943
internal_weight=792 741 707 237 470 205 420 390 97 170 106 71 64 293 256
internal_count=792 741 707 237 470 205 420 390 97 170 106 71 64 293 256
is_linear=0
shrinkage=0.05


Tree=88
num_leaves=15
num_cat=0
split_feature=24 0 21 0 21 0 24 15 28 28 5 22 24 3
split_gain=1.20016e+08 2.16492e+08 3.37074e+07 1.22201e+08 3.93732e+07 3.40852e+07 2.57895e+07 4.02688e+07 1.82387e+07 1.9401e+07 1.83583e+07 6.06725e+06 4.3864e+06 4.33717e+06
threshold=18361.111111111113 3.0500000000000003 0.52232847722162401 11.350000000000003 0.60947802612131652 9.0500000000000025 1693.3333333333337 1.0000000180025095e-35 0.1500498401600889 0.70242338714296659 21.750000000000004 -0.93301270189221908 7874.0750000000007 53.45000000000001
decision_type=2 2 2 2 2 2 2 2 2 2 2 2 2 2
left_child=1 -1 3 -3 -4 -6 7 -7 10 -10 -5 -8 -13 -11
right_child=-2 2 4 8 5 6 11 -9 9 13 -12 12 -14 -15
leaf_value=118.7727971655882 74.944839916490523 -116.29754603377012 50.99372506126808 26.547270539297632 43.227690614123958 0.21287023538549141 -24.116912395868276 -77.838306562994191 -56.946428477800147 -22.900286875676066 -18.38776252153578 -7.316857905097506 4.9490217304741622 0.22674756085783465
leaf_weight=34 51 32 32 48 32 33 36 33 33 41 43 183 121 40
leaf_count=34 51 32 32 48 32 33 36 33 33 41 43 183 121 40
internal_value=0.830896 -4.27948 -10.2131 -25.5832 -2.45883 -6.3748 -10.294 -38.8714 -11.3731 -24.6892 5.3173 -4.73687 -2.43468 -11.4933
internal_weight=792 741 707 237 470 438 406 66 205 114 91 340 304 81
internal_count=792 741 707 237 470 438 406 66 205 114 91 340 304 81
is_linear=0
shrinkage=0.05


Tree=89
num_leaves=16
num_cat=0
split_feature=26 6 0 4 11 7 7 7 8 1 21 14 14 8 21
split_gain=1.13309e+08 2.91707e+08 1.40037e+08 2.43862e+08 2.30618e+08 5.57659e+07 1.04988e+08 2.38558e+07 3.06209e+07 5.40712e+07 2.21692e+07 2.01101e+07 1.22678e+07 1.05178e+07 5.76065e+06
threshold=10.950000000000005 2.5500000000000003 11.050000000000002 1006.4500000000002 3.5000000000000004 28.250000000000004 29.950000000000003 25.950000000000003 16.750000000000004 0.45000000000000007 0.74898373983739841 36.000000000000007 56.000000000000007 20.150000000000002 0.7190276859807595
decision_type=2 2 2 2 2 2 2 2 2 2 2 2 2 2 2
left_child=2 -2 3 -1 -5 7 -7 8 9 10 -4 -11 -13 -9 -10
right_child=1 -3 5 4 -6 6 -8 13 14 11 -12 12 -14 -15 -16
leaf_value=-142.5287274665387 -46.330565332811936 170.40522972653588 -14.001372036981422 -69.620610868300943 95.465476485698829 116.27757400316439 2.0621477788467542 -46.015365833774254 50.662927745426217 36.919615489307738 -74.304523916336493 -28.649330466134213 5.4219561080533234 -9.9745582574122658 21.757261472128317
leaf_weight=47 30 32 30 51 36 31 57 35 30 47 31 30 216 48 41
leaf_count=47 30 32 30 51 36 31 57 35 30 47 31 30 216 48 41
internal_value=0.789326 65.6273 -4.72569 -50.8905 -1.27789 5.66043 42.3835 -0.708121 4.08167 -1.93182 -44.7188 6.98824 1.25695 -25.2096 34.0251
internal_weight=792 62 730 134 87 596 88 508 425 354 61 293 246 83 71
internal_count=792 62 730 134 87 596 88 508 425 354 61 293 246 83 71
is_linear=0
shrinkage=0.05


Tree=90
num_leaves=13
num_cat=0
split_feature=24 27 0 26 24 20 0 26 24 6 26 28
split_gain=2.13968e+08 1.01944e+08 9.88758e+07 4.5196e+07 4.65975e+07 2.27753e+07 3.85329e+07 5.46111e+07 1.48473e+07 1.92229e+07 1.36749e+07 8.29307e+06
threshold=29666.666666666672 0.97957740588863318 3.8000000000000003 9.6500000000000039 2794.4444444444448 22.594900000000006 22.450000000000003 7.1500000000000021 6308.3333333333348 3.6500000000000008 10.950000000000005 0.91234096280339505
decision_type=2 2 2 2 2 2 2 2 2 2 2 2
left_child=1 2 -1 5 -5 6 7 -4 9 -8 -6 -10
right_child=-2 -3 3 4 10 -7 8 -9 11 -11 -12 -13
leaf_value=-79.487174625726212 122.83930005225064 74.102414506656828 1.628608188867144 -89.55077059863018 -0.25549498803601289 -43.861504937168775 -27.987833072793979 84.263115063395915 -1.1863416350162364 7.7869555040626039 -40.018533196536893 25.451974861642835
leaf_weight=52 32 35 56 30 50 30 118 31 204 55 38 34
leaf_count=52 32 35 56 30 50 30 118 31 204 55 38 34
internal_value=-3.51449 -9.04663 -13.226 -7.88082 -35.8425 -1.6262 0.926382 31.1361 -5.47438 -16.6164 -17.4519 2.6282
internal_weight=765 733 698 646 118 528 498 87 411 173 88 238
internal_count=765 733 698 646 118 528 498 87 411 173 88 238
is_linear=0
shrinkage=0.05


Tree=91
num_leaves=12
num_cat=0
split_feature=24 27 0 26 24 0 26 26 3 26 9
split_gain=1.93167e+08 9.31704e+07 1.10212e+08 3.78155e+07 3.61357e+07 1.8989e+07 7.1935e+07 1.52076e+07 1.88864e+07 1.21761e+07 8.48086e+06
threshold=29666.666666666672 0.97109105924028427 3.8000000000000003 9.6500000000000039 3290.0000000000005 22.450000000000003 6.6500000000000021 3.3999999999999999 89.700000000000003 10.950000000000005 2.5500000000000003
decision_type=2 2 2 2 2 2 2 2 2 2 2
left_child=1 2 -1 5 -5 6 -4 -7 10 -6 -9
right_child=-2 -3 3 4 9 7 -8 8 -10 -11 -12
leaf_value=-84.516016227661254 116.71647012775932 61.863626716250465 -17.797735121157608 -80.41010169000721 -0.33669463039172887 27.55820512372965 72.607880459834305 -1.9150899991467818 -46.161298829106272 -38.022857777903397 -21.23859917609056
leaf_weight=50 32 44 54 30 49 31 37 299 31 38 70
leaf_count=50 32 44 54 30 49 31 37 299 31 38 70
internal_value=-3.33854 -8.5949 -13.1028 -7.50251 -33.1815 -1.74161 18.9999 -6.12431 -8.74095 -16.8221 -5.58557
internal_weight=765 733 689 639 117 522 91 431 400 87 369
internal_count=765 733 689 639 117 522 91 431 400 87 369
is_linear=0
shrinkage=0.05


Tree=92
num_leaves=13
num_cat=0
split_feature=24 27 0 26 21 24 20 0 3 24 27 7
split_gain=1.74389e+08 8.41061e+07 9.94867e+07 3.41404e+07 3.32076e+07 4.15901e+07 1.97178e+07 3.27249e+07 5.17382e+07 1.34228e+07 1.85774e+07 7.03412e+06
threshold=29666.666666666672 0.97109105924028427 3.8000000000000003 9.6500000000000039 0.98599036837826015 4712.9638888888903 22.594900000000006 22.450000000000003 63.20000000000001 6199.0750000000007 0.047317444494269389 26.750000000000004
decision_type=2 2 2 2 2 2 2 2 2 2 2 2
left_child=1 2 -1 6 5 -5 7 8 -4 10 -9 -11
right_child=-2 -3 3 4 -6 -7 -8 9 -10 11 -12 -13
leaf_value=-80.298650043358109 110.8988221165547 58.777458933097165 -24.542395804649175 -95.117068361047899 11.859980666971651 -21.95199365875466 -40.938955339324046 6.0893207253134998 56.491868971442173 7.6243603482334557 -29.020363034088952 -11.245999998294153
leaf_weight=50 32 44 30 30 32 55 30 59 57 173 104 69
leaf_count=50 32 44 30 30 32 55 30 59 57 173 104 69
internal_value=-3.17169 -8.16604 -12.449 -7.12822 -31.5275 -47.8564 -1.65441 0.748815 28.5529 -5.22947 -16.316 2.24152
internal_weight=765 733 689 639 117 85 522 492 87 405 163 242
internal_count=765 733 689 639 117 85 522 492 87 405 163 242
is_linear=0
shrinkage=0.05


Tree=93
num_leaves=12
num_cat=0
split_feature=0 24 26 1 0 5 21 1 24 5 26
split_gain=1.70002e+08 8.63715e+08 2.67799e+07 2.30788e+07 3.20952e+07 1.3279e+08 2.95323e+07 1.28626e+08 6.44742e+07 6.62924e+06 6.0235e+06
threshold=1.9000000000000001 17354.166666666672 11.050000000000002 1.2500000000000002 11.350000000000003 19.450000000000003 0.67792972831765952 0.18333333333333332 1693.3333333333337 23.500000000000004 4.0499999999999998
decision_type=2 2 2 2 2 2 2 2 2 2 2
left_child=-1 2 3 4 5 -2 7 -6 -8 -9 -10
right_child=1 -3 -4 -5 6 -7 8 9 10 -11 -12
leaf_value=-95.035000218352934 24.00425944288682 260.75074319195517 -42.07494882005529 37.001266261509492 79.718289483923272 -118.24601612281165 -64.583695210696632 -4.3519974917525106 -23.153686033176186 -25.990834448245295 -0.58938942479478151
leaf_weight=47 36 31 55 30 51 30 52 127 34 49 223
leaf_count=47 36 31 55 30 51 30 52 127 34 49 223
internal_value=-3.01344 3.02264 -8.64326 -5.72766 -7.8628 -40.736 -3.80814 9.88246 -13.8656 -10.3878 -3.58241
internal_weight=765 718 687 632 602 66 536 227 309 176 257
internal_count=765 718 687 632 602 66 536 227 309 176 257
is_linear=0
shrinkage=0.05


Tree=94
num_leaves=15
num_cat=0
split_feature=0 24 2 0 14 24 21 4 24 4 24 24 20 0
split_gain=1.53462e+08 7.79765e+08 2.0663e+07 4.57591e+07 5.29339e+07 3.92587e+07 2.43782e+07 2.75735e+07 4.14285e+07 2.039e+07 1.29813e+07 6.17063e+06 5.03825e+06 4.28757e+06
threshold=1.9000000000000001 17354.166666666672 5.5500000000000007 12.350000000000003 40.000000000000007 1.0000000180025095e-35 0.60947802612131652 1002.0500000000001 4319.4444444444453 1005.2500000000001 1693.3333333333337 10680.555555555557 3.34355 49.150000000000006
decision_type=2 2 2 2 2 2 2 2 2 2 2 2 2 2
left_child=-1 2 3 -2 -5 -6 -4 8 -8 -9 -11 -12 -7 -14
right_child=1 -3 6 4 5 12 7 9 -10 10 11 -13 13 -15
leaf_value=-90.293336814021856 -77.910682434893133 247.75512468147892 36.234088345024531 -67.532587407864739 47.012215071458087 -30.512834939291309 -78.457675779222257 30.47919245063639 -1.2079877185125421 -33.631177301490759 -3.780817711759056 18.997681375507735 -22.58163422464941 -0.22041621223717456
leaf_weight=47 30 31 38 35 35 30 30 48 41 34 232 34 31 69
leaf_count=47 30 31 38 35 35 30 30 48 41 34 232 34 31 69
internal_value=-2.86259 2.87236 -8.21211 -20.4318 -11.7753 0.0857531 -2.05904 -5.53975 -33.9132 0.257151 -4.5869 -0.863216 -12.5747 -7.16808
internal_weight=765 718 687 230 200 165 457 419 71 348 300 266 130 100
internal_count=765 718 687 230 200 165 457 419 71 348 300 266 130 100
is_linear=0
shrinkage=0.05


Tree=95
num_leaves=13
num_cat=0
split_feature=1 1 24 0 21 0 8 28 0 22 24 9
split_gain=1.2402e+08 6.53304e+08 1.13085e+09 4.92226e+08 8.72449e+07 7.56235e+07 2.41041e+07 2.66933e+07 1.78413e+07 1.04399e+07 4.35845e+06 3.90039e+06
threshold=0.05131578947368421 0.22500000000000003 18828.70277777778 29.150000000000002 0.68170440464120774 4.4500000000000011 0.15000000000000005 0.89771014032557062 10.700000000000001 -0.6830127018922193 3652.7777777777778 4.4500000000000011
decision_type=2 2 2 2 2 2 2 2 2 2 2 2
left_child=3 -2 5 -1 -5 -3 7 -7 -8 11 -11 -10
right_child=1 2 -4 4 -6 6 8 -9 9 10 -12 -13
leaf_value=182.05376606290304 -227.36153544726031 -87.426737473172011 297.81629179436294 30.677035373956912 -69.022592374878585 -70.032381010847629 34.120591652195323 -9.7005273186224024 -12.631161318556069 -15.470739743715095 1.633763616583461 -32.864236629124242
leaf_weight=44 32 31 31 41 47 30 30 47 103 43 274 31
leaf_count=44 32 31 31 41 47 30 30 47 103 43 274 31
internal_value=1.53304 -7.41661 3.97022 45.7111 -22.5895 -11.5433 -7.31262 -33.2669 -3.15173 -5.63806 -0.690537 -17.333
internal_weight=784 652 620 132 88 589 558 77 481 451 317 134
internal_count=784 652 620 132 88 589 558 77 481 451 317 134
is_linear=0
shrinkage=0.05


Tree=96
num_leaves=13
num_cat=0
split_feature=1 1 24 0 21 0 8 28 0 22 24 4
split_gain=1.11956e+08 5.89801e+08 1.02093e+09 4.44338e+08 7.87569e+07 6.82737e+07 2.17614e+07 2.40996e+07 1.61072e+07 9.4238e+06 3.93439e+06 3.57176e+06
threshold=0.05131578947368421 0.22500000000000003 18828.70277777778 29.150000000000002 0.68170440464120774 4.4500000000000011 0.15000000000000005 0.89771014032557062 10.700000000000001 -0.6830127018922193 3652.7777777777778 1005.6500000000002
decision_type=2 2 2 2 2 2 2 2 2 2 2 2
left_child=3 -2 5 -1 -5 -3 7 -7 -8 11 -11 -10
right_child=1 2 -4 4 -6 6 8 -9 9 10 -12 -13
leaf_value=172.97171993471866 -216.0288770390448 -83.069455662570974 282.97335515896219 29.146915638127759 -65.578791213794872 -66.542394869984989 32.420229538572194 -9.2165308033078599 -24.999067094061942 -14.698997397323218 1.5521051733913929 -8.6436553191212937
leaf_weight=44 32 31 31 41 47 30 30 47 64 43 274 70
leaf_count=44 32 31 31 41 47 30 30 47 64 43 274 70
internal_value=1.45653 -7.04671 3.77255 43.431 -21.4622 -10.9678 -6.94793 -31.6087 -2.9944 -5.35682 -0.656228 -16.468
internal_weight=784 652 620 132 88 589 558 77 481 451 317 134
internal_count=784 652 620 132 88 589 558 77 481 451 317 134
is_linear=0
shrinkage=0.05


Tree=97
num_leaves=14
num_cat=0
split_feature=24 0 24 0 21 26 8 25 24 3 0 28 6
split_gain=1.01066e+08 4.43647e+08 5.2517e+08 4.01109e+08 7.10947e+07 2.404e+07 1.10111e+07 1.49033e+07 9.48261e+06 7.96186e+06 7.90333e+06 6.12386e+06 1.92185e+06
threshold=1.0000000180025095e-35 1.9000000000000001 18828.70277777778 29.150000000000002 0.68170440464120774 11.050000000000002 0.15000000000000005 18.852220000000003 9189.8138888888916 67.000000000000014 26.150000000000002 0.95989713290459389 3.1500000000000008
decision_type=2 2 2 2 2 2 2 2 2 2 2 2 2
left_child=3 -2 5 -1 -5 6 11 8 12 -9 -11 -3 -8
right_child=1 2 -4 4 -6 -7 7 9 -10 10 -12 -13 -14
leaf_value=164.3427368198663 -182.26465663518374 -37.655575335389031 203.22248438991534 27.6931147220361 -62.30681118327341 -42.690544278975864 6.6830393618308053 -31.832514712145873 26.108430173295098 16.00717067319864 -11.598587653760649 -7.3286829123543002 -3.1228103218115262
leaf_weight=44 34 36 31 41 47 45 96 39 49 31 156 31 104
leaf_count=44 34 36 31 41 47 45 96 39 49 31 156 31 104
internal_value=1.38389 -6.69519 2.99188 41.2646 -20.3911 -7.61528 -4.69578 -2.01701 6.41943 -11.3108 -7.0161 -23.6556 1.58496
internal_weight=784 652 618 132 88 587 542 475 249 226 187 67 200
internal_count=784 652 618 132 88 587 542 475 249 226 187 67 200
is_linear=0
shrinkage=0.05


Tree=98
num_leaves=12
num_cat=0
split_feature=1 1 24 0 21 0 24 8 28 0 24
split_gain=9.12335e+07 5.27152e+08 8.88424e+08 3.62086e+08 6.4178e+07 5.74823e+07 1.92636e+07 1.69361e+07 1.38126e+07 1.34644e+07 6.71616e+06
threshold=0.05131578947368421 0.22500000000000003 18828.70277777778 29.150000000000002 0.68170440464120774 4.4500000000000011 13183.333333333334 0.15000000000000005 0.91234096280339505 12.350000000000003 5346.666666666667
decision_type=2 2 2 2 2 2 2 2 2 2 2
left_child=3 -2 5 -1 -5 -3 7 8 -7 -9 -11
right_child=1 2 -4 4 -6 6 -8 9 -10 10 -12
leaf_value=156.1442319934871 -203.93250487140403 -76.041431510410121 264.31951372937755 26.311828286572389 -59.198086738991378 -51.629829594406672 -44.434313566201752 30.31298123731354 -7.1828160338270992 -14.191074398956918 0.68322964968853472
leaf_weight=44 32 31 31 41 47 31 31 33 40 99 324
leaf_count=44 32 31 31 41 47 31 31 33 40 99 324
internal_value=1.31511 -6.36093 3.86755 39.2063 -19.3735 -9.88298 -6.19454 -3.93713 -26.6347 -0.398007 -2.80051
internal_weight=784 652 620 132 88 589 558 527 71 456 423
internal_count=784 652 620 132 88 589 558 527 71 456 423
is_linear=0
shrinkage=0.05


Tree=99
num_leaves=17
num_cat=0
split_feature=5 0 0 7 7 1 14 3 14 24 8 0 8 27 0 24
split_gain=9.19753e+07 6.55579e+08 2.99696e+08 6.48039e+07 1.11076e+08 5.38121e+07 1.39316e+08 7.76061e+07 3.15823e+07 3.6684e+07 1.67245e+07 1.49697e+07 7.69562e+06 3.55719e+06 2.80925e+06 5.80764e+06
threshold=8.6500000000000004 7.7500000000000009 3.4000000000000008 28.250000000000004 29.450000000000003 0.36666666666666675 125.00000000000001 76.700000000000003 38.000000000000007 6375.186111111112 1.1500000000000001 18.150000000000002 25.050000000000004 -0.97505550290239429 34.45000000000001 10076.388888888891
decision_type=2 2 2 2 2 2 2 2 2 2 2 2 2 2 2 2
left_child=1 -1 -2 5 -5 6 -4 -8 9 -3 -10 -7 -6 -13 -15 -16
right_child=2 8 3 4 12 11 7 -9 10 -11 -12 13 -14 14 15 -17
leaf_value=245.56649432768455 -123.33964237933424 -15.034980700980263 -128.43212754766014 113.30943983832874 -15.60619512584722 32.038678737430622 58.406449011897735 -54.217616514351676 -42.810703340294957 58.44760801992684 -3.2420462222015325 -16.339637523547399 17.244400266281087 -12.307295251661731 -0.18250050485473665 22.78554582655244
leaf_weight=30 52 36 30 33 32 39 31 30 56 32 51 33 40 34 193 32
leaf_count=30 52 36 30 33 32 39 31 30 56 32 51 33 40 34 193 32
internal_value=1.24949 30.0224 -8.94123 2.36791 37.4984 -6.3799 -40.4096 3.0194 -7.04711 19.58 -23.9716 2.98507 2.64267 -0.905 1.0671 3.09272
internal_weight=784 205 579 527 105 422 91 61 175 68 107 331 72 292 259 225
internal_count=784 205 579 527 105 422 91 61 175 68 107 331 72 292 259 225
is_linear=0
shrinkage=0.05


Tree=100
num_leaves=14
num_cat=0
split_feature=0 24 24 21 0 0 26 0 27 27 4 23 20
split_gain=1.716e+08 1.44101e+08 3.45207e+07 8.53801e+07 1.14851e+08 6.19315e+07 1.71658e+07 1.18184e+07 8.74148e+06 8.31564e+06 4.60711e+06 6.96201e+06 5.4421e+06
threshold=2.1500000000000004 16263.888888888891 1693.3333333333337 0.55359574468085126 102.15000000000002 37.650000000000006 11.050000000000002 17.450000000000003 -0.20087381264151988 0.88203985695844977 1005.1500000000002 -0.68301270189221952 1.1714
decision_type=2 2 2 2 2 2 2 2 2 2 2 2 2
left_child=-1 2 3 4 -2 -5 7 8 -4 10 11 -9 -12
right_child=1 -3 6 5 -6 -7 -8 9 -10 -11 12 -13 -14
leaf_value=85.342952740296795 -141.03706131456795 102.46204434264935 37.568582047833509 58.043480738796227 -4.9475272967569852 -31.445992507486661 -34.308143330752991 -3.9697596367733343 2.7631856951525484 13.960510321753858 -23.222679693279076 -28.466592282584386 -0.65761089653390048
leaf_weight=57 32 30 31 31 30 51 42 64 43 55 30 53 238
leaf_count=57 32 30 31 31 30 51 42 64 43 55 30 53 238
internal_value=1.86754 -4.6612 -9.26618 -31.0753 -75.3014 2.41482 -3.61319 -1.09885 17.3749 -4.20905 -6.80767 -15.0815 -3.19129
internal_weight=787 730 700 144 62 82 556 514 74 440 385 117 268
internal_count=787 730 700 144 62 82 556 514 74 440 385 117 268
is_linear=0
shrinkage=0.05


Tree=101
num_leaves=15
num_cat=0
split_feature=0 1 0 4 14 0 26 7 8 7 28 4 4 9
split_gain=1.54898e+08 8.09395e+07 1.15862e+08 5.37168e+07 3.89452e+07 3.60161e+07 5.37292e+07 2.62144e+07 1.3993e+07 1.03018e+07 3.82045e+06 2.74366e+06 2.54859e+06 2.32537e+06
threshold=2.1500000000000004 0.65000000000000013 13.450000000000001 1003.9500000000002 36.000000000000007 18.150000000000002 8.4500000000000028 17.850000000000005 -0.34999999999999992 26.750000000000004 -0.7721279831368929 1004.0500000000001 1011.2500000000001 4.8500000000000005
decision_type=2 2 2 2 2 2 2 2 2 2 2 2 2 2
left_child=-1 2 -2 -4 -3 6 -6 -5 -7 11 -11 13 -13 -10
right_child=1 4 3 7 5 8 -8 -9 9 10 -12 12 -14 -15
leaf_value=81.083277665921557 -100.27658095865388 45.548594841310539 28.591840316010934 -7.0863309985212446 84.06321403021829 -34.672151470999431 -10.457210525563388 -68.261175017615003 2.1620440623188277 -6.8640807600073295 -26.514026845268031 11.261249235853128 0.87347067598722772 -16.547914629204328
leaf_weight=57 48 53 54 35 30 35 30 35 37 55 45 101 142 30
leaf_count=57 48 53 54 35 30 35 30 35 37 55 45 101 142 30
internal_value=1.77436 -4.4285 -34.4055 -8.84673 4.81622 0.533155 36.8642 -37.7276 -4.37258 -1.77819 -15.7243 2.72414 5.1939 -6.22765
internal_weight=787 730 172 124 558 505 60 70 445 410 100 310 243 67
internal_count=787 730 172 124 558 505 60 70 445 410 100 310 243 67
is_linear=0
shrinkage=0.05


Tree=102
num_leaves=14
num_cat=0
split_feature=0 24 24 9 0 29 26 0 27 9 23 24 27
split_gain=1.39822e+08 1.30963e+08 2.86249e+07 9.33116e+07 6.36487e+07 7.87782e+07 1.53498e+07 1.06913e+07 8.04044e+06 4.62532e+06 4.12751e+06 2.60199e+06 1.28e+06
threshold=2.1500000000000004 16263.888888888891 1693.3333333333337 0.35000000000000003 41.650000000000006 1.0000000180025095e-35 11.050000000000002 12.350000000000003 0.88203985695844977 1.0000000180025095e-35 -0.68301270189221952 5204.166666666667 0.96230016621822489
decision_type=2 2 2 2 2 2 2 2 2 2 2 2 2
left_child=-1 2 3 4 -2 -6 7 -4 9 11 -11 -9 -10
right_child=1 -3 6 -5 5 -7 -8 8 12 10 -12 -13 -14
leaf_value=77.036217916993039 -110.26868437416532 97.915332050260133 20.173337899044636 29.322544947703179 30.373164760184824 -82.18620136911079 -32.476081483890781 -14.077611678366786 5.9834871044982707 -1.9487651829485282 -17.947243706718503 0.9159670322494069 20.488042399660952
leaf_weight=57 35 30 53 47 31 31 42 34 30 63 112 191 31
leaf_count=57 35 30 53 47 31 31 42 34 30 63 112 191 31
internal_value=1.68553 -4.20775 -8.59782 -28.4575 -56.4554 -25.9482 -3.45012 -1.07248 -3.51892 -6.09813 -12.1922 -1.35495 13.3762
internal_weight=787 730 700 144 97 62 556 514 461 400 175 225 61
internal_count=787 730 700 144 97 62 556 514 461 400 175 225 61
is_linear=0
shrinkage=0.05


Tree=103
num_leaves=13
num_cat=0
split_feature=0 24 24 9 0 29 26 0 27 20 4 27
split_gain=1.26213e+08 1.18235e+08 2.58436e+07 8.42374e+07 5.74595e+07 7.11214e+07 1.38569e+07 9.65055e+06 7.25853e+06 5.31762e+06 5.18467e+06 1.15558e+06
threshold=2.1500000000000004 16263.888888888891 1693.3333333333337 0.35000000000000003 41.650000000000006 1.0000000180025095e-35 11.050000000000002 12.350000000000003 0.88203985695844977 1.1714 1005.6500000000002 0.96230016621822489
decision_type=2 2 2 2 2 2 2 2 2 2 2 2
left_child=-1 2 3 4 -2 -6 7 -4 9 -9 -11 -10
right_child=1 -3 6 -5 5 -7 -8 8 11 10 -12 -13
leaf_value=73.191150396717816 -104.77095506456163 93.035835364965905 19.166570478823676 27.859531890966334 28.859388379652017 -78.090104286157043 -30.856134621264534 -24.679431742447214 5.6853066194097073 -12.291626411814581 0.2539002462028716 19.466934170983613
leaf_weight=57 35 30 53 47 31 31 42 34 30 125 241 31
leaf_count=57 35 30 53 47 31 31 42 34 30 125 241 31
internal_value=1.60141 -3.99773 -8.16901 -27.0392 -53.6409 -24.6549 -3.27778 -1.01872 -3.34304 -5.79364 -4.03295 12.7096
internal_weight=787 730 700 144 97 62 556 514 461 400 366 61
internal_count=787 730 700 144 97 62 556 514 461 400 366 61
is_linear=0
shrinkage=0.05


Tree=104
num_leaves=13
num_cat=0
split_feature=0 24 24 21 0 0 26 0 27 20 22 27
split_gain=1.13928e+08 1.06744e+08 2.33325e+07 7.48016e+07 9.9037e+07 6.59437e+07 1.25092e+07 8.71119e+06 6.5527e+06 4.80085e+06 5.46277e+06 1.04326e+06
threshold=2.1500000000000004 16263.888888888891 1693.3333333333337 0.55359574468085126 102.15000000000002 37.650000000000006 11.050000000000002 12.350000000000003 0.88203985695844977 1.1714 -0.6830127018922193 0.96230016621822489
decision_type=2 2 2 2 2 2 2 2 2 2 2 2
left_child=-1 2 3 4 -2 -5 7 -4 9 -9 -11 -10
right_child=1 -3 6 5 -6 -7 -8 8 11 10 -12 -13
leaf_value=69.538003048337274 -128.12994535452108 88.399493002653912 18.210047158278989 63.050239695460085 -1.7662287715265521 -29.293203975729746 -29.316992234617402 -23.449078605182009 5.4019857457309861 -12.793998185629276 0.33058468636299604 18.496717255828464
leaf_weight=57 32 30 53 31 30 51 42 34 30 116 250 31
leaf_count=57 32 30 53 31 30 51 42 34 30 116 250 31
internal_value=1.52144 -3.79823 -7.76163 -25.6916 -67.0876 5.65134 -3.1141 -0.967713 -3.17601 -5.50442 -3.83146 12.0761
internal_weight=787 730 700 144 62 82 556 514 461 400 366 61
internal_count=787 730 700 144 62 82 556 514 461 400 366 61
is_linear=0
shrinkage=0.05


Tree=105
num_leaves=13
num_cat=0
split_feature=0 24 28 25 25 24 24 9 0 26 20 7
split_gain=1.65483e+08 2.68108e+08 1.6282e+07 2.59632e+07 3.62869e+07 2.85749e+07 2.12665e+07 4.89259e+07 3.47549e+07 1.04564e+07 9.49302e+06 6.62811e+06
threshold=1.9000000000000001 18828.70277777778 -0.9668120007078248 24.806425000000001 23.433975000000004 6009.2583333333341 1693.3333333333337 1.0000000180025095e-35 54.650000000000013 11.350000000000003 20.069600000000001 12.750000000000002
decision_type=2 2 2 2 2 2 2 2 2 2 2 2
left_child=-1 2 10 4 6 -5 7 8 -4 11 -2 -8
right_child=1 -3 3 5 -6 -7 9 -9 -10 -11 -12 -13
leaf_value=-95.398294637562614 0.35627957923619313 147.41995874575997 -91.630407527277242 -71.108622238797011 49.175528943960309 -11.117480140329489 -7.8744827990156807 21.203325111845619 -19.638047203804877 -26.920486404439512 39.778709245916225 5.6120907717667308
leaf_weight=47 31 30 30 31 31 55 141 35 38 37 30 257
leaf_count=47 31 30 30 31 31 55 141 35 38 37 30 257
internal_value=-4.50285 1.23582 -4.90894 -7.21069 -3.33801 -32.7997 -6.37247 -26.79 -51.4874 -1.53291 19.7778 0.833394
internal_weight=793 746 716 655 569 86 538 103 68 435 61 398
internal_count=793 746 716 655 569 86 538 103 68 435 61 398
is_linear=0
shrinkage=0.05


Tree=106
num_leaves=16
num_cat=0
split_feature=0 24 1 28 24 0 27 24 1 24 5 22 24 0 27
split_gain=1.51588e+08 2.9113e+08 2.65224e+08 2.38935e+08 1.30295e+08 2.68251e+07 1.00256e+07 3.89675e+07 2.59736e+07 1.01109e+07 4.7996e+06 2.64651e+06 1.1299e+06 1.1148e+06 288643
threshold=13.000000000000002 14283.333333333334 0.36666666666666675 -0.21772323039653199 9189.8138888888916 22.450000000000003 0.30081702196488996 1693.3333333333337 0.22500000000000003 5641.2027777777785 6.1500000000000012 -0.93301270189221908 5509.2583333333341 57.800000000000004 0.86958133671945947
decision_type=2 2 2 2 2 2 2 2 2 2 2 2 2 2 2
left_child=2 5 3 -1 -4 -2 8 -8 -7 -10 -9 -11 -12 -13 -14
right_child=1 -3 4 -5 -6 6 7 10 9 11 12 13 14 -15 -16
leaf_value=-1.9613937525120582 33.656288791216049 158.28701165966021 -34.957908710006144 -178.58021009220573 99.9879995872016 36.034473020342581 -47.636736141342716 -17.299880752072838 -26.109059488588322 -14.04831058480732 -1.2054087510365927 -5.0224167223581055 5.7463056210298822 3.463987626098556 11.985730771067638
leaf_weight=31 51 30 44 50 30 46 58 31 45 31 50 50 43 170 33
leaf_count=31 51 30 44 50 30 46 58 31 45 31 50 50 43 170 33
internal_value=-4.27809 6.49886 -48.613 -111.071 19.8109 -1.01548 -4.19557 -12.6533 1.12353 -4.31214 0.292624 -0.395465 4.63126 1.53383 8.46779
internal_weight=793 638 155 81 74 608 557 215 342 296 157 251 126 220 76
internal_count=793 638 155 81 74 608 557 215 342 296 157 251 126 220 76
is_linear=0
shrinkage=0.05


Tree=107
num_leaves=13
num_cat=0
split_feature=0 24 1 29 7 0 26 14 14 21 1 24
split_gain=1.36834e+08 2.62837e+08 2.45993e+08 1.26538e+08 8.47312e+07 2.42148e+07 2.12756e+07 8.06827e+06 1.73556e+07 8.27826e+06 2.68828e+07 2.1142e+07
threshold=13.000000000000002 14283.333333333334 0.13392857142857142 0.6078576107927941 18.350000000000005 22.450000000000003 10.950000000000005 17.000000000000004 54.000000000000007 0.74898373983739841 0.22500000000000003 1932.2222222222224
decision_type=2 2 2 2 2 2 2 2 2 2 2 2
left_child=2 5 -1 4 -4 -2 7 -7 -9 10 -10 -11
right_child=1 -3 3 -5 -6 6 -8 8 9 11 -12 -13
leaf_value=-141.53760916351513 31.976767769904985 150.39895288714538 -97.070117747880047 65.870740940921621 14.882297611543221 22.755485471857998 -37.312360396352759 -33.038098056908275 41.084864583708459 -45.462479154770563 -2.0732001987083502 -0.43961799203402452
leaf_weight=47 51 30 37 40 31 33 44 43 46 30 166 195
leaf_count=47 51 30 37 40 31 33 44 43 46 30 166 195
internal_value=-4.06404 6.175 -46.1861 -4.59792 -46.086 -0.964873 -3.98628 -1.12118 -2.76711 0.218368 7.30622 -6.46022
internal_weight=793 638 155 108 68 608 557 513 480 437 212 225
internal_count=793 638 155 108 68 608 557 513 480 437 212 225
is_linear=0
shrinkage=0.05


Tree=108
num_leaves=12
num_cat=0
split_feature=0 24 24 0 24 0 26 6 21 24 24
split_gain=1.24941e+08 2.38244e+08 1.5742e+07 2.10985e+07 9.23857e+07 7.9204e+07 1.70636e+07 8.54305e+06 6.93244e+06 2.01861e+07 1.79634e+07
threshold=1.9000000000000001 18828.70277777778 13183.333333333334 19.750000000000004 1346.6666666666667 25.850000000000005 10.950000000000005 2.9500000000000006 0.72294813055037055 1.0000000180025095e-35 1693.3333333333337
decision_type=2 2 2 2 2 2 2 2 2 2 2
left_child=-1 2 3 4 -2 -5 8 -6 9 -7 -10
right_child=1 -3 -4 5 7 6 -8 -9 10 -11 -12
leaf_value=-82.841119525690743 -94.766266377766925 138.92780454515221 -39.459416905246748 79.925507083525304 24.157935955229121 34.271941256770972 -34.392143043462383 -7.6684139856372973 -36.35328740280768 -2.1267314377376643 -0.67780145493629396
leaf_weight=47 32 30 31 30 33 48 41 58 42 183 218
leaf_count=47 32 30 31 30 33 48 41 58 42 183 218
internal_value=-3.86103 1.12536 -4.66708 -3.08699 -21.8351 1.01939 -3.44438 3.8868 -0.853657 5.44816 -6.45254
internal_weight=793 746 716 685 123 562 532 91 491 231 260
internal_count=793 746 716 685 123 562 532 91 491 231 260
is_linear=0
shrinkage=0.05


Tree=109
num_leaves=22
num_cat=0
split_feature=0 24 1 3 24 6 1 6 24 2 1 14 24 10 0 5 24 20 3 29 21
split_gain=1.1746e+08 2.30974e+08 2.17905e+08 3.30452e+08 1.18124e+08 2.65252e+07 4.90546e+07 1.4059e+07 4.04021e+07 1.59841e+07 5.80439e+07 1.64181e+07 2.61441e+07 5.53469e+06 3.09914e+06 2.72231e+06 2.50227e+06 2.46829e+06 1.41524e+06 2.09118e+06 1.13577e+06
threshold=13.000000000000002 14283.333333333334 0.36666666666666675 65.950000000000017 9189.8138888888916 2.3500000000000001 0.65000000000000013 2.7500000000000004 4253.9682539682553 9.6000000000000014 0.15476190476190474 135.50000000000003 4625.0000000000009 6.5000000000000009 42.600000000000009 7.6500000000000012 7874.0750000000007 17.980400000000007 57.350000000000001 1.0000000180025095e-35 0.68911716281760349
decision_type=2 2 2 2 2 2 2 2 2 2 2 2 2 2 2 2 2 2 2 2 2
left_child=2 5 3 -1 -4 6 -2 8 -7 10 -9 12 -11 -13 -12 -16 -15 18 -8 -20 -10
right_child=1 -3 4 -5 -6 7 17 9 20 11 14 13 -14 16 15 -17 -18 -19 19 -21 -22
leaf_value=-189.48177881135115 73.664746950472704 141.01819254219333 -32.824446742658985 13.622366282286075 95.664374073320062 -72.359074764315082 -1.5449807123835353 71.812843839829142 -10.57800374636696 -66.556315460712014 -18.915502459282749 17.001072534334622 -1.6360028486756892 -14.69477097331486 -11.81749486548663 6.9773818758330481 1.4609736078576534 -8.2810998870480432 4.2241521454224413 21.115728380513744 2.0887983000771553
leaf_weight=45 30 30 44 36 30 30 33 30 31 30 34 30 32 54 33 46 43 34 47 30 41
leaf_count=45 30 30 44 36 30 30 33 30 31 30 34 30 32 54 33 46 43 34 47 30 41
internal_value=-3.66811 5.81842 -42.6945 -99.3077 19.3244 -0.874709 15.6136 -7.48731 -23.7134 -2.49654 10.1121 -12.0367 -33.1057 -1.7331 -6.3176 -0.878594 -7.53877 3.47683 7.11537 10.8242 -3.372
internal_weight=793 638 155 81 74 608 174 434 102 332 143 189 62 127 113 79 97 144 110 77 72
internal_count=793 638 155 81 74 608 174 434 102 332 143 189 62 127 113 79 97 144 110 77 72
is_linear=0
shrinkage=0.05


Tree=110
num_leaves=11
num_cat=0
split_feature=24 0 0 24 21 0 24 0 8 8
split_gain=1.39145e+08 3.22795e+08 2.4057e+08 1.18901e+08 7.93332e+07 1.82428e+07 1.06323e+07 7.96096e+06 5.68481e+06 6.30139e+06
threshold=1.0000000180025095e-35 29.150000000000002 1.9000000000000001 17130.555555555558 0.68170440464120774 6.1500000000000012 12319.444444444445 12.65 1.0000000180025095e-35 21.250000000000004
decision_type=2 2 2 2 2 2 2 2 2 2
left_child=1 -1 -2 5 -3 -4 7 -7 -9 -10
right_child=2 4 3 -5 -6 6 -8 8 9 -11
leaf_value=163.36947553276732 -134.57972931712442 46.820480163646714 -42.900360746478725 96.936229728622692 -46.291309141969968 22.914976949483805 -31.302415624538806 -18.74427891362927 2.2769758376646734 -12.241987872954837
leaf_weight=42 35 42 30 30 50 32 31 50 336 96
leaf_count=42 35 42 30 30 50 32 31 50 336 96
internal_value=2.38256 48.6935 -7.31989 0.063268 -3.77902 -5.00694 -2.91357 -1.19564 -2.80077 -0.951535
internal_weight=774 134 640 605 92 575 545 514 482 432
internal_count=774 134 640 605 92 575 545 514 482 432
is_linear=0
shrinkage=0.05


Tree=111
num_leaves=11
num_cat=0
split_feature=1 0 0 24 21 0 24 0 22 8
split_gain=1.25611e+08 2.91394e+08 2.1718e+08 1.07346e+08 7.16147e+07 1.647e+07 9.59897e+06 7.18704e+06 5.13618e+06 6.1964e+06
threshold=1.0000000180025095e-35 29.150000000000002 1.9000000000000001 17130.555555555558 0.68170440464120774 6.1500000000000012 12319.444444444445 12.65 -0.93301270189221908 1.0000000180025095e-35
decision_type=2 2 2 2 2 2 2 2 2 2
left_child=1 -1 -2 5 -3 -4 7 -7 -9 -10
right_child=2 4 3 -5 -6 6 -8 8 9 -11
leaf_value=155.22040683628543 -127.86991383261829 44.485017578448939 -40.762469458659233 92.105517495747819 -43.981365065279597 21.772797307344241 -29.742327468801541 -21.367256382138322 -17.808935745414384 0.84895335994932219
leaf_weight=42 35 42 30 30 50 32 31 34 50 398
leaf_count=42 35 42 30 30 50 32 31 34 50 398
internal_value=2.26373 46.265 -6.95481 0.0602435 -3.59003 -4.75729 -2.76823 -1.13591 -2.66103 -1.2369
internal_weight=774 134 640 605 92 575 545 514 482 448
internal_count=774 134 640 605 92 575 545 514 482 448
is_linear=0
shrinkage=0.05


Tree=112
num_leaves=18
num_cat=0
split_feature=26 3 0 11 1 20 0 21 24 1 24 20 20 25 2 24 14
split_gain=1.24837e+08 2.15613e+08 9.58272e+07 2.33449e+08 2.38976e+08 5.04377e+07 8.03659e+07 1.32342e+07 4.08445e+07 3.08877e+07 6.9793e+06 7.61351e+06 1.19988e+07 3.82049e+06 3.47376e+06 1.48239e+06 1.17171e+06
threshold=10.950000000000005 56.750000000000007 13.000000000000002 3.5000000000000004 0.45000000000000007 20.747250000000005 91.350000000000009 0.72294813055037055 860.00000000000011 0.18333333333333332 6287.0361111111115 15.335050000000001 5.1491000000000016 4.0676000000000014 21.650000000000002 8118.0555555555566 143.50000000000003
decision_type=2 2 2 2 2 2 2 2 2 2 2 2 2 2 2 2 2
left_child=2 -2 3 4 -1 7 -7 9 -9 -4 16 12 -12 -10 15 -15 -11
right_child=1 -3 5 -5 -6 6 -8 8 13 10 11 -13 -14 14 -16 -17 -18
leaf_value=-177.31097125599334 165.91049421253393 -23.429960533471601 49.228040167540705 43.226233292402902 -4.3451751939424375 104.67102908076197 1.4882985929937225 -51.113097058873372 -15.715549104161722 -7.1469801272422151 -6.7217547229409575 -10.211117140923996 32.93602291935035 3.2963791386272492 -9.2526447933563176 14.00985631514547 -20.633552149522345
leaf_weight=42 30 30 38 49 38 31 48 46 32 35 33 42 45 114 46 45 30
leaf_count=42 30 30 38 49 38 31 48 46 32 35 33 42 45 114 46 45 30
internal_value=2.15075 71.3587 -3.67421 -42.6641 -95.2603 4.92937 42.0589 -0.874694 -8.05146 8.23255 -0.21017 6.93611 16.1705 0.324506 2.83479 6.33543 -13.3938
internal_weight=774 60 714 129 80 585 79 506 283 223 185 120 78 237 205 159 65
internal_count=774 60 714 129 80 585 79 506 283 223 185 120 78 237 205 159 65
is_linear=0
shrinkage=0.05


Tree=113
num_leaves=17
num_cat=0
split_feature=0 0 4 20 0 21 26 6 4 4 26 30 14 25 27 3
split_gain=1.17023e+08 5.30646e+07 1.0573e+08 5.16271e+07 7.25549e+07 4.34434e+07 1.97431e+07 1.13611e+07 4.36562e+07 2.9187e+07 1.50063e+07 1.15036e+07 9.82533e+06 8.50684e+06 8.38045e+06 7.47655e+06
threshold=2.1500000000000004 13.000000000000002 1004.1500000000002 20.747250000000005 91.350000000000009 0.87634587634587657 10.850000000000003 2.8500000000000001 1004.2500000000001 1001.35 6.8500000000000005 -0.56174490092936669 50.000000000000007 22.712670000000006 0.098819223632317002 62.050000000000004
decision_type=2 2 2 2 2 2 2 2 2 2 2 2 2 2 2 2
left_child=-1 2 -2 6 -5 -4 7 9 10 -3 -9 15 -13 14 -11 -10
right_child=1 3 5 4 -6 -7 -8 8 11 13 -12 12 -14 -15 -16 -17
leaf_value=75.946254387372974 -115.35359372870865 -49.163675334447163 -39.793198136386707 99.454307197987845 1.4140385700610474 42.075849972333629 -33.839474515855436 19.089459727214418 29.381765212341488 16.571437980766664 69.146744971101072 -37.491492474831617 -5.3966398602770687 -23.680769342998904 -6.6400509298923653 -3.0653350210575403
leaf_weight=50 30 37 35 31 48 30 48 30 34 73 30 30 115 33 83 37
leaf_count=50 30 37 35 31 48 30 48 30 34 73 30 30 115 33 83 37
internal_value=2.04379 -3.06975 -37.8801 2.19296 39.9627 -2.00082 -3.23842 -0.306254 6.49928 -8.61666 44.1916 -3.98639 -12.0583 -0.657058 4.22536 12.4921
internal_weight=774 724 95 629 79 65 550 502 276 226 60 216 145 189 156 71
internal_count=774 724 95 629 79 65 550 502 276 226 60 216 145 189 156 71
is_linear=0
shrinkage=0.05


Tree=114
num_leaves=14
num_cat=0
split_feature=26 3 26 27 0 7 7 4 0 0 14 0 3
split_gain=1.15893e+08 1.9345e+08 8.70316e+07 5.7374e+07 1.01902e+08 2.66556e+07 1.57058e+08 2.22806e+07 2.48753e+07 1.90236e+07 2.28711e+07 1.62634e+07 4.45164e+06
threshold=10.950000000000005 56.750000000000007 10.350000000000003 -0.98801351631316325 2.9500000000000006 28.250000000000004 29.550000000000004 1022.85 47.400000000000006 27.950000000000003 97.500000000000014 57.800000000000004 76.450000000000017
decision_type=2 2 2 2 2 2 2 2 2 2 2 2 2
left_child=2 -2 3 -1 -5 7 -7 9 -9 10 -6 -11 -8
right_child=1 -3 -4 4 5 6 12 8 -10 11 -12 -13 -14
leaf_value=67.607301462369904 158.18460431273195 -21.163278456779807 -84.128440200948276 -78.235573991064214 -55.122362910512166 120.77901386248311 -4.9309373791715441 58.482461251927376 -4.823625113585285 19.396175347387267 -6.4283405698422591 -6.3399615202581572 -31.51324231969582
leaf_weight=30 30 30 32 42 39 30 32 30 32 79 63 274 31
leaf_count=30 30 30 32 42 39 30 32 30 32 79 63 274 31
internal_value=1.94185 68.6246 -3.67056 0.116362 -2.99893 2.19326 26.8216 -2.24131 25.8531 -6.07441 -25.0824 -0.57644 -18.0404
internal_weight=774 60 714 682 652 610 93 517 62 455 102 353 63
internal_count=774 60 714 682 652 610 93 517 62 455 102 353 63
is_linear=0
shrinkage=0.05


Tree=115
num_leaves=14
num_cat=0
split_feature=1 0 1 0 14 26 28 8 25 20 0 11 9
split_gain=2.18739e+08 2.93058e+08 2.17376e+08 8.72095e+07 4.24447e+07 4.05373e+07 6.28965e+07 1.38669e+07 7.37416e+06 7.72552e+06 7.51619e+06 1.15215e+07 3.61095e+06
threshold=0.65000000000000013 13.450000000000001 0.13392857142857142 10.700000000000001 36.000000000000007 6.8500000000000005 -0.0387208465846701 24.850000000000005 24.987355000000004 2.6890000000000005 286.50000000000006 2.5000000000000004 7.0500000000000007
decision_type=2 2 2 2 2 2 2 2 2 2 2 2 2
left_child=1 2 -1 -2 -5 -3 -7 8 9 -6 12 -12 -11
right_child=3 5 -4 4 7 6 -8 -9 -10 10 11 -13 -14
leaf_value=-194.6738302970937 74.003076613944799 32.716556061525402 -41.685373380495207 48.457355432646338 -20.165432160847104 -64.322909601587455 30.824921576921334 28.47187580511639 -24.003041334227319 0.56865235950511495 -5.5972927937255106 35.332375989641463 -14.524191013145842
leaf_weight=45 49 56 48 49 46 41 30 38 38 225 32 37 48
leaf_count=45 49 56 48 49 46 41 30 38 38 225 32 37 48
internal_value=-6.20292 -48.4566 -115.842 10.3433 4.24953 0.940656 -24.1327 -0.42839 -3.01244 -0.950988 1.63854 16.3698 -2.08936
internal_weight=782 220 93 562 513 127 71 464 426 388 342 69 273
internal_count=782 220 93 562 513 127 71 464 426 388 342 69 273
is_linear=0
shrinkage=0.05


Tree=116
num_leaves=16
num_cat=0
split_feature=24 0 27 24 25 24 25 24 5 11 0 24 25 24 24
split_gain=1.98597e+08 9.25616e+07 1.84126e+08 1.82106e+07 1.33732e+07 2.08124e+07 1.79545e+07 3.60838e+07 2.5302e+07 1.58595e+07 1.38657e+07 1.30843e+07 4.55112e+06 2.12745e+06 1.92168e+06
threshold=30468.750000000004 4.1000000000000005 0.74409704927257569 13416.666666666668 23.967375000000004 1163.3333333333337 20.297460000000004 4712.9638888888903 18.950000000000003 4.5000000000000009 31.050000000000004 4319.4444444444453 27.299700000000005 7913.8888888888896 8287.0361111111124
decision_type=2 2 2 2 2 2 2 2 2 2 2 2 2 2 2
left_child=1 2 -1 4 6 -6 8 -8 9 10 -3 -11 13 -7 -9
right_child=-2 3 -4 -5 5 12 7 14 -10 11 -12 -13 -14 -15 -16
leaf_value=-152.83274300358377 120.04430342259201 20.079404477198121 17.962660633712719 -40.709715292188861 -54.567646898542137 -24.698397986605237 64.555263990421238 -8.2072588883047022 -46.753387947313016 -47.94483676923074 -3.0832882559081436 -2.672465097729412 6.4922346260291066 -6.0088345971218375 7.8916849672629228
leaf_weight=32 30 89 31 35 30 31 30 38 33 30 235 34 38 30 36
leaf_count=32 30 89 31 35 30 31 30 38 33 30 235 34 38 30 36
internal_value=-5.8935 -10.9329 -68.8952 -5.62379 -3.74016 -18.1574 -0.194843 18.3987 -4.79132 -1.21124 3.28352 -23.9357 -7.08004 -15.5318 -0.375192
internal_weight=782 752 63 689 654 129 525 104 421 388 324 64 99 61 74
internal_count=782 752 63 689 654 129 525 104 421 388 324 64 99 61 74
is_linear=0
shrinkage=0.05


Tree=117
num_leaves=19
num_cat=0
split_feature=1 24 24 7 0 0 25 24 0 8 7 20 20 27 7 0 6 20
split_gain=1.96135e+08 7.90682e+08 2.93242e+08 1.15491e+08 1.66513e+08 5.83322e+07 4.7389e+07 9.54683e+06 8.09095e+06 6.83312e+06 6.28987e+06 5.29011e+06 5.91154e+06 2.61659e+06 2.21791e+06 1.86727e+06 1.69018e+06 1.15661e+06
threshold=0.65000000000000013 16263.888888888891 13569.444444444447 19.700000000000006 13.450000000000001 29.150000000000002 20.664967500000007 5778.7694444444451 11.050000000000002 16.850000000000005 12.65 2.7852500000000004 18.852200000000007 0.10738035228456499 30.350000000000005 57.800000000000004 2.3500000000000001 8.8222500000000021
decision_type=2 2 2 2 2 2 2 2 2 2 2 2 2 2 2 2 2 2
left_child=2 7 3 5 -5 -1 -6 9 -9 10 -2 -10 13 15 -14 -13 -15 -12
right_child=1 -3 -4 4 6 -7 -8 8 11 -11 17 12 14 16 -16 -17 -18 -19
leaf_value=82.869305932113321 -27.188979184015281 259.37658798876788 -167.88849350508312 -137.42014364311237 -57.180283591438368 -11.767901743862923 22.5013600429061 23.93714256286621 -16.370844296933072 -35.665213537958927 5.3272373713573034 -10.259736801456439 -16.452984961361061 20.508517153017991 -0.009536443692501461 3.6158431292783124 6.1466219908719308 -7.5296326964283269
leaf_weight=32 33 30 40 36 30 33 49 32 56 32 37 32 57 32 32 99 57 33
leaf_count=32 33 30 40 36 30 33 49 32 56 32 37 32 57 32 32 99 57 33
internal_value=-5.59979 10.0682 -45.6107 -18.3597 -48.4551 34.8784 -7.79146 -4.03667 -0.129692 -15.5174 -9.22935 -2.24565 0.318704 4.71737 -10.5474 0.22111 11.3277 -0.735882
internal_weight=782 562 220 180 115 65 79 532 397 135 103 365 309 220 89 131 89 70
internal_count=782 562 220 180 115 65 79 532 397 135 103 365 309 220 89 131 89 70
is_linear=0
shrinkage=0.05


Tree=118
num_leaves=16
num_cat=0
split_feature=24 0 27 24 7 26 24 14 7 30 14 21 5 21 24
split_gain=1.80136e+08 7.36967e+07 1.60364e+08 2.26584e+07 1.52834e+07 1.95833e+07 5.53496e+07 1.43737e+07 1.3938e+07 2.51955e+07 1.03605e+07 1.63322e+07 6.8748e+06 3.4734e+06 2.87432e+06
threshold=30468.750000000004 4.1000000000000005 0.74409704927257569 13416.666666666668 7.9500000000000011 9.6500000000000039 2408.3333333333335 52.000000000000007 28.050000000000004 -0.56174490092936669 40.000000000000007 0.74898373983739841 9.2500000000000018 0.58990616621983927 7146.2972222222224
decision_type=2 2 2 2 2 2 2 2 2 2 2 2 2 2 2
left_child=1 2 -1 4 7 8 -7 -3 10 -10 -6 -12 -8 -11 -14
right_child=-2 3 -4 -5 5 6 12 -9 9 13 11 -13 14 -15 -16
leaf_value=-140.17452157754391 114.62139655331835 44.334477443633745 19.213483814104578 -44.51891704081131 -24.450946371884974 -82.438032415855773 -24.084246110124049 -3.7646456997494222 -55.143520383436197 11.82003411050778 17.64992971756304 -4.2023725809108825 -5.2195092146490278 -11.810958197492495 16.134124328765363
leaf_weight=32 30 31 31 35 31 30 30 31 31 31 156 189 33 31 30
leaf_count=32 30 31 31 35 31 30 30 31 31 31 156 189 33 31 30
internal_value=-5.32021 -10.1197 -61.8393 -5.38236 -3.2814 -5.75593 -23.5049 20.3175 -1.09705 -18.4176 3.19078 5.68091 -4.42604 0.00446475 4.95826
internal_weight=782 752 63 689 654 592 123 62 469 93 376 345 93 62 63
internal_count=782 752 63 689 654 592 123 62 469 93 376 345 93 62 63
is_linear=0
shrinkage=0.05


Tree=119
num_leaves=18
num_cat=0
split_feature=1 24 24 14 9 0 1 20 28 26 24 14 0 0 14 21 0
split_gain=1.73885e+08 7.09225e+08 2.72799e+08 9.71532e+07 1.37331e+08 1.59916e+08 8.75152e+06 6.83122e+06 1.04078e+07 4.68825e+06 3.32734e+06 2.81671e+06 2.37674e+06 2.28597e+06 1.90316e+06 1.82675e+06 1.15603e+06
threshold=0.65000000000000013 16263.888888888891 13569.444444444447 94.500000000000014 0.75000000000000011 52.150000000000013 1.2500000000000002 2.7852500000000004 0.93225468035816128 6.1500000000000021 7453.7027777777785 172.00000000000003 89.600000000000009 37.650000000000006 162.50000000000003 0.68911716281760349 173.85000000000005
decision_type=2 2 2 2 2 2 2 2 2 2 2 2 2 2 2 2 2
left_child=2 6 3 -1 5 -5 7 8 -2 12 13 -12 -9 -11 -15 -13 -14
right_child=1 -3 -4 4 -6 -7 -8 9 -10 10 11 15 16 14 -16 -17 -18
leaf_value=49.046205532135929 -41.991450348407334 245.81454290092188 -160.66672320663187 -131.19790033762237 33.34019330204697 2.2819232445999869 21.237470878070937 -20.61982215600456 -3.2647961302975377 -17.187984850557143 16.313645949331271 -6.0966933430633219 -0.16200650972878283 4.2195389180751617 -8.7399813661190926 6.9164798967434002 -11.629989273274022
leaf_weight=43 30 30 40 51 46 40 33 42 41 30 44 47 42 62 52 63 46
leaf_count=43 30 30 40 51 46 40 33 42 41 30 44 47 42 62 52 63 46
internal_value=-5.0553 9.69721 -42.7286 -16.4454 -37.022 -72.5873 -3.66136 -5.31191 -19.6643 -2.92698 0.530105 5.6373 -10.846 -4.93184 -1.69426 1.35577 -6.16309
internal_weight=782 562 220 180 137 91 532 499 71 428 298 154 130 144 114 110 88
internal_count=782 562 220 180 137 91 532 499 71 428 298 154 130 144 114 110 88
is_linear=0
shrinkage=0.05


Tree=120
num_leaves=15
num_cat=0
split_feature=24 1 24 26 4 29 1 4 24 5 24 27 24 2
split_gain=2.04362e+08 3.97232e+07 4.61088e+07 3.62279e+07 5.07728e+07 3.87773e+07 1.31365e+08 5.27324e+07 1.26732e+08 6.81028e+07 7.83823e+06 6.59954e+06 6.72875e+06 1.67967e+06
threshold=28069.444444444449 1.2500000000000002 13416.666666666668 10.550000000000002 1014.85 -1.0000000180025095e-35 0.18333333333333332 999.6500000000002 1163.3333333333337 24.350000000000005 7703.7027777777785 -0.35769492645306972 8287.0361111111124 9.1500000000000004
decision_type=2 2 2 2 2 2 2 2 2 2 2 2 2 2
left_child=1 2 3 5 -5 6 -1 9 -9 -7 -10 12 -8 -13
right_child=-2 -3 -4 4 -6 7 11 8 10 -11 -12 13 -14 -15
leaf_value=97.952922562292386 122.98133651400651 44.547069568068515 -54.766425786046923 -85.160791151100227 3.15142786884596 -18.967473887783921 -33.355231095627694 -85.427052531601461 -11.51285398283634 86.569060950421814 5.1109474278868019 -3.6650550977210141 -1.3178245253840313 11.190815002600189
leaf_weight=40 32 37 50 32 33 31 30 57 153 30 132 31 36 49
leaf_count=40 32 37 50 32 33 31 30 57 153 30 132 31 36 49
internal_value=-0.530881 -5.88062 -8.5369 -4.99469 -40.3893 -1.08246 17.7959 -9.79783 -17.4374 32.9924 -3.8143 -4.21687 -15.9088 5.43671
internal_weight=773 741 704 654 65 589 186 403 342 61 285 146 66 80
internal_count=773 741 704 654 65 589 186 403 342 61 285 146 66 80
is_linear=0
shrinkage=0.05


Tree=121
num_leaves=14
num_cat=0
split_feature=24 1 24 26 0 11 1 0 7 24 27 24 2
split_gain=1.84495e+08 3.58597e+07 4.16223e+07 3.27074e+07 3.8744e+07 3.50024e+07 1.18589e+08 5.94658e+07 3.99271e+07 2.92757e+07 5.9579e+06 6.07483e+06 1.51628e+06
threshold=28069.444444444449 1.2500000000000002 13416.666666666668 10.550000000000002 72.450000000000017 3.5000000000000004 0.18333333333333332 11.050000000000002 28.250000000000004 2027.7777777777781 -0.35769492645306972 8287.0361111111124 9.1500000000000004
decision_type=2 2 2 2 2 2 2 2 2 2 2 2 2
left_child=1 2 3 5 -5 7 -7 -1 9 -9 11 -8 -12
right_child=-2 -3 -4 4 -6 6 10 8 -10 -11 12 -13 -14
leaf_value=-58.084866823771087 116.85143050434434 42.325719399465065 -52.03357039468731 -79.970476097284362 -2.5974444397494327 93.067490398616258 -31.693009909442893 -41.747405898681194 41.072402201286046 -1.1516770019016167 -3.4823915849544615 -1.2521158514921025 10.632413936389682
leaf_weight=54 32 37 50 30 35 40 30 54 47 248 31 36 49
leaf_count=54 32 37 50 30 35 40 30 54 47 248 31 36 49
internal_value=-0.503836 -5.5869 -8.1107 -4.74523 -38.3761 -1.02794 16.908 -9.30824 -1.74665 -8.42195 -4.00696 -15.116 5.16535
internal_weight=773 741 704 654 65 589 186 403 349 302 146 66 80
internal_count=773 741 704 654 65 589 186 403 349 302 146 66 80
is_linear=0
shrinkage=0.05


Tree=122
num_leaves=19
num_cat=0
split_feature=24 6 0 0 6 26 26 24 24 0 22 27 28 4 3 4 20 14
split_gain=1.66561e+08 3.37644e+07 1.25996e+08 6.13599e+07 1.82555e+08 2.54776e+07 2.11593e+07 1.34905e+07 1.34465e+07 2.96761e+07 4.48182e+06 3.62185e+06 3.32258e+06 2.14702e+06 2.79399e+06 5.09307e+06 1.61217e+06 1.24086e+06
threshold=28069.444444444449 3.3500000000000001 6.1500000000000012 22.450000000000003 2.5500000000000003 9.6500000000000039 4.0499999999999998 2408.3333333333335 1163.3333333333337 105.25000000000001 -0.93301270189221908 -0.35769492645306972 0.80392796183282111 1005.2500000000001 57.350000000000001 1012.0500000000001 17.752200000000002 288.00000000000006
decision_type=2 2 2 2 2 2 2 2 2 2 2 2 2 2 2 2 2 2
left_child=1 3 -3 4 -1 6 -4 -8 9 -5 -10 -9 -13 16 15 -15 -12 -16
right_child=-2 2 5 8 -6 -7 7 11 10 -11 13 12 -14 14 17 -17 -18 -19
leaf_value=-22.904521479340374 111.02705545871056 -112.44272566940924 -32.465840648734655 -60.817510677464419 108.3030715260337 -48.986176761246952 36.725953488929257 -11.117845251338551 -20.546212311956278 6.690070693589445 -0.48380939572356463 -0.99024031633906717 19.251385987956205 8.5994594437310994 9.0146974807821305 -18.280144996838192 -16.731964311262416 -1.4154395548705747
leaf_weight=59 32 32 41 33 48 31 32 44 31 32 30 55 32 32 99 39 31 40
leaf_count=59 32 32 41 33 48 31 32 44 31 32 30 55 32 32 99 39 31 40
internal_value=-0.478439 -5.30813 -19.5254 2.70273 36.0011 -6.83032 -0.403394 7.67632 -7.01266 -27.6237 -2.56881 0.557592 6.46845 -0.505516 1.89377 -6.17027 -8.75502 6.01432
internal_weight=773 741 267 474 107 235 204 163 367 65 302 131 87 271 210 71 61 139
internal_count=773 741 267 474 107 235 204 163 367 65 302 131 87 271 210 71 61 139
is_linear=0
shrinkage=0.05


Tree=123
num_leaves=15
num_cat=0
split_feature=3 1 11 0 21 7 0 3 27 4 9 21 0 21
split_gain=1.45022e+08 5.53542e+07 1.35379e+08 2.57238e+08 9.3474e+07 7.66268e+07 5.22027e+07 2.23772e+07 3.51833e+06 3.26545e+06 5.13706e+06 2.59973e+06 3.90548e+06 1.65003e+06
threshold=32.350000000000009 0.65000000000000013 4.5000000000000009 3.8000000000000003 0.45607872919435483 23.050000000000004 18.150000000000002 73.200000000000003 -0.97505550290239429 997.95000000000016 12.800000000000002 0.63920845893852207 48.300000000000004 0.79633482334520311
decision_type=2 2 2 2 2 2 2 2 2 2 2 2 2 2
left_child=-1 2 3 -2 -5 -6 7 -3 -8 -10 11 12 -11 -13
right_child=1 6 -4 4 5 -7 8 -9 9 10 -12 13 -14 -15
leaf_value=107.13765545208194 -164.06859666079365 19.548036940080408 58.754854921781487 -72.775729951229422 -25.376109239313237 66.966290564786775 -17.370576332018313 76.387176371729652 -16.712157162669385 -22.9784619252151 18.96993372793284 11.462698215791063 -2.5458143757367342 -0.19330524138010716
leaf_weight=30 36 41 38 45 51 40 36 30 31 30 33 36 105 191
leaf_count=30 36 41 38 45 51 40 36 30 31 30 33 36 105 191
internal_value=-0.454826 -4.81291 -26.5487 -45.418 -13.913 15.2429 3.75425 43.6383 -2.38322 -1.11289 0.115264 -1.60828 -7.10009 1.65944
internal_weight=773 743 210 172 136 91 533 71 462 426 395 362 135 227
internal_count=773 743 210 172 136 91 533 71 462 426 395 362 135 227
is_linear=0
shrinkage=0.05


end of trees

feature_importances:
avg_weight_price_ratio=689
trade_quantity=237
avg_weight_kg=116
temp_range=101
day_of_year_sin=97
day_of_year=92
humidity=65
temp_humidity=63
water_temp_ratio=61
max_temperature=59
min_temperature=58
pressure=49
wind_speed=41
water_temperature=35
day_of_year_cos=34
avg_temperature=28
rainfall=28
month_sin=27
temp_pressure=22
day_of_week_sin=21
day_of_week=12
month=9
month_cos=6
day_of_week_cos=4
spring=3
winter=1

parameters:
[boosting: gbdt]
[objective: regression]
[metric: l1]
[tree_learner: serial]
[device_type: cpu]
[data_sample_strategy: bagging]
[data: ]
[valid: ]
[num_iterations: 500]
[learning_rate: 0.05]
[num_leaves: 31]
[num_threads: 0]
[seed: 42]
[deterministic: 0]
[force_col_wise: 0]
[force_row_wise: 0]
[histogram_pool_size: -1]
[max_depth: 8]
[min_data_in_leaf: 30]
[min_sum_hessian_in_leaf: 0.001]
[bagging_fraction: 0.8]
[pos_bagging_fraction: 1]
[neg_bagging_fraction: 1]
[bagging_freq: 5]
[bagging_seed: 400]
[bagging_by_query: 0]
[feature_fraction: 0.8]
[feature_fraction_bynode: 1]
[feature_fraction_seed: 30056]
[extra_trees: 0]
[extra_seed: 12879]
[early_stopping_round: 0]
[early_stopping_min_delta: 0]
[first_metric_only: 0]
[max_delta_step: 0]
[lambda_l1: 0.1]
[lambda_l2: 0.1]
[linear_lambda: 0]
[min_gain_to_split: 0.05]
[drop_rate: 0.1]
[max_drop: 50]
[skip_drop: 0.5]
[xgboost_dart_mode: 0]
[uniform_drop: 0]
[drop_seed: 17869]
[top_rate: 0.2]
[other_rate: 0.1]
[min_data_per_group: 100]
[max_cat_threshold: 32]
[cat_l2: 10]
[cat_smooth: 10]
[max_cat_to_onehot: 4]
[top_k: 20]
[monotone_constraints: ]
[monotone_constraints_method: basic]
[monotone_penalty: 0]
[feature_contri: ]
[forcedsplits_filename: ]
[refit_decay_rate: 0.9]
[cegb_tradeoff: 1]
[cegb_penalty_split: 0]
[cegb_penalty_feature_lazy: ]
[cegb_penalty_feature_coupled: ]
[path_smooth: 0]
[interaction_constraints: ]
[verbosity: -1]
[saved_feature_importance_type: 0]
[use_quantized_grad: 0]
[num_grad_quant_bins: 4]
[quant_train_renew_leaf: 0]
[stochastic_rounding: 1]
[linear_tree: 0]
[max_bin: 255]
[max_bin_by_feature: ]
[min_data_in_bin: 3]
[bin_construct_sample_cnt: 200000]
[data_random_seed: 175]
[is_enable_sparse: 1]
[enable_bundle: 1]
[use_missing: 1]
[zero_as_missing: 0]
[feature_pre_filter: 1]
[pre_partition: 0]
[two_round: 0]
[header: 0]
[label_column: ]
[weight_column: ]
[group_column: ]
[ignore_column: ]
[categorical_feature: ]
[forcedbins_filename: ]
[precise_float_parser: 0]
[parser_config_file: ]
[objective_seed: 16083]
[num_class: 1]
[is_unbalance: 0]
[scale_pos_weight: 1]
[sigmoid: 1]
[boost_from_average: 1]
[reg_sqrt: 0]
[alpha: 0.9]
[fair_c: 1]
[poisson_max_delta_step: 0.7]
[tweedie_variance_power: 1.5]
[lambdarank_truncation_level: 30]
[lambdarank_norm: 1]
[label_gain: ]
[lambdarank_position_bias_regularization: 0]
[eval_at: ]
[multi_error_top_k: 1]
[auc_mu_weights: ]
[num_machines: 1]
[local_listen_port: 12400]
[time_out: 120]
[machine_list_filename: ]
[machines: ]
[gpu_platform_id: -1]
[gpu_device_id: -1]
[gpu_use_dp: 0]
[num_gpu: 1]

end of parameters

pandas_categorical:[]
