tree
version=v4
num_class=1
num_tree_per_iteration=1
label_index=0
max_feature_idx=30
objective=regression
feature_names=trade_quantity avg_weight_kg water_temperature humidity pressure avg_temperature wind_speed max_temperature min_temperature rainfall month day_of_week is_weekend quarter day_of_year spring summer fall winter peak_season temp_humidity water_temp_ratio month_sin month_cos avg_weight_price_ratio temp_pressure temp_range day_of_year_sin day_of_year_cos day_of_week_sin day_of_week_cos
feature_infos=[1.6000000000000001:3134.5999999999999] [0:1.5] [-0.69999999999999996:26.199999999999999] [20:99.900000000000006] [990:1034.7] [-7.9000000000000004:30.399999999999999] [0.90000000000000002:11.699999999999999] [-5.2999999999999998:35.600000000000001] [-11.300000000000001:27.300000000000001] [0:207.80000000000001] [1:12] [0:5] [0:1] [1:4] [2:364] [0:1] [0:1] [0:1] [0:1] [0:1] [-6.3121:24.270300000000002] [-52.500000000000014:31.500000000000007] [-1:1] [-1:1] [0:7916.6666666666661] [-8.1243600000000011:30.22064] [1.3999999999999986:16.699999999999999] [-0.99999073973619013:0.99991665865473789] [-0.99996295911626554:0.99985183920911624] [-0.97492791218182362:0.97492791218182362] [-0.90096886790241903:1]
tree_sizes=1047 1066 1062 1061 1062 1061 972 1066 1055 1057 1147 1061 1061 1045 1064 980 983 985 976 985 985 1045 981 981 986 1131 1059 1047 1060 1136 1048 1074 1065 1058 1044 1148 1128 1055 1059 1051 1055 1132 968 1051 1059 1036 1130 1035 985 966 1138 1041 975 1042 1046 1046 1047 1134 967 1053 889 968 979 970 1018 1043 1052 1051 1052 1035 1048 973 967 1126 968 1041 1044 1037 1056 1040 1122 1038 1067 1125 1038 1122 1205 1129 1139 1016 1048 1049 1048 1046 1136 1042 1040 1059 1041 971 1117 1051 1120 1057 1053 955 1138 1049 893 975 964 1131 1011 964 1138 1038 1057 1134 942 957 1129 889 1124 888 1048 1016 1019 1010 1000 949 1033 1062 973 1048 976 1032 1126 1053 1093

Tree=0
num_leaves=11
num_cat=0
split_feature=24 24 24 1 27 24 24 24 24 24
split_gain=1.37339e+09 2.53608e+08 1.30432e+08 1.79939e+08 1.07642e+08 8.93197e+07 2.40778e+07 1.8438e+07 1.53141e+07 7.25145e+06
threshold=3750.0000000000005 5009.2583333333341 2844.4444444444448 1.0000000180025095e-35 0.56314550935064711 2074.0750000000003 4347.2222222222235 1652.7777777777781 3291.6666666666674 2509.2583333333337
decision_type=2 2 2 2 2 2 2 2 2 2
left_child=2 6 3 4 -1 7 -2 -5 -4 -7
right_child=1 -3 8 5 -6 9 -8 -9 -10 -11
leaf_value=6022.9436170112449 6045.4440756628246 6221.8029377195016 5955.9232144226053 5798.52134448791 5900.6486546550605 5893.9617226287564 6101.9549399824027 5851.0341693295522 6000.8937138204001 5926.2648304642244
leaf_weight=38 47 41 41 30 34 42 32 42 35 31
leaf_count=38 47 41 41 30 34 42 32 42 35 31
internal_value=5978.6 6121.01 5920.25 5900.52 5965.16 5868.45 6068.46 5828.93 5976.63 5907.59
internal_weight=413 120 293 217 72 145 79 72 76 73
internal_count=413 120 293 217 72 145 79 72 76 73
is_linear=0
shrinkage=1


Tree=1
num_leaves=11
num_cat=0
split_feature=24 24 24 1 27 24 24 24 24 24
split_gain=1.24003e+09 2.27448e+08 1.23815e+08 1.52755e+08 9.71754e+07 9.21253e+07 3.64918e+07 1.80214e+07 1.15753e+07 8.16496e+06
threshold=3791.6666666666674 5305.5555555555557 2902.7777777777778 1.0000000180025095e-35 0.56314550935064711 2115.5555555555561 4462.9638888888903 1652.7777777777781 3361.1111111111113 2574.0750000000003
decision_type=2 2 2 2 2 2 2 2 2 2
left_child=2 6 3 4 -1 7 -2 -5 -4 -7
right_child=1 -3 8 5 -6 9 -8 -9 -10 -11
leaf_value=40.041170784056661 67.679289451500395 250.9764358765826 -17.445111004261207 -173.19579567132993 -76.156326884608106 -79.284658668154748 134.64788390560091 -122.12145303189094 23.310794685339999 -46.368769635063465
leaf_weight=38 54 31 38 30 34 44 33 45 32 34
leaf_count=38 54 31 38 30 34 44 33 45 32 34
internal_value=-2.08807 134.832 -56.8833 -74.9439 -14.8593 -103.191 93.2067 -142.755 1.19276 -65.0145
internal_weight=413 118 295 225 72 153 87 75 70 78
internal_count=413 118 295 225 72 153 87 75 70 78
is_linear=0
shrinkage=0.05


Tree=2
num_leaves=11
num_cat=0
split_feature=24 24 24 1 24 14 24 24 24 24
split_gain=1.11948e+09 2.0983e+08 1.0645e+08 1.43381e+08 7.67467e+07 4.66115e+07 3.44691e+07 1.37226e+07 1.13977e+07 7.7532e+06
threshold=3750.0000000000005 5305.5555555555557 2879.6305555555559 1.0000000180025095e-35 2041.666666666667 136.50000000000003 4462.9638888888903 1652.7777777777781 3291.6666666666674 2541.6666666666674
decision_type=2 2 2 2 2 2 2 2 2 2
left_child=2 6 3 5 7 -1 -2 -5 -4 -6
right_child=1 -3 8 4 9 -7 -8 -9 -10 -11
leaf_value=-53.179103072955606 63.312655177260893 238.46796121382636 -21.274001522514766 -164.56477448219476 -79.009539477691334 27.207124702475355 127.93582619842806 -118.41111420536284 18.219161827543861 -46.612784196172882
leaf_weight=37 56 31 38 30 48 35 33 39 35 31
leaf_count=37 56 31 38 30 48 35 33 39 35 31
internal_value=-1.98364 126.585 -54.6651 -72.0185 -100.157 -14.1189 87.3908 -138.687 -2.33983 -66.372
internal_weight=413 120 293 220 148 72 89 69 73 79
internal_count=413 120 293 220 148 72 89 69 73 79
is_linear=0
shrinkage=0.05


Tree=3
num_leaves=11
num_cat=0
split_feature=24 24 24 1 27 24 24 24 24 24
split_gain=1.01136e+09 1.76981e+08 1.1137e+08 1.21744e+08 8.43693e+07 7.88199e+07 2.68672e+07 1.46013e+07 1.00542e+07 7.26808e+06
threshold=3840.2777777777778 5305.5555555555557 2921.2972222222229 1.0000000180025095e-35 0.44434114302944505 2115.5555555555561 4462.9638888888903 1652.7777777777781 3479.166666666667 2620.369444444445
decision_type=2 2 2 2 2 2 2 2 2 2
left_child=2 6 3 4 -1 7 -2 -5 -4 -7
right_child=1 -3 8 5 -6 9 -8 -9 -10 -11
leaf_value=43.738136524189258 63.184800784173845 226.5828921793358 -11.604517839714848 -156.36387432516611 -64.532181464968701 -70.819397939156559 121.55836100506276 -110.38358955467885 26.431649506527719 -40.347390599264379
leaf_weight=34 50 31 41 30 38 46 33 45 30 35
leaf_count=34 50 31 41 30 38 46 33 45 30 35
internal_value=-1.88456 124.767 -50.1986 -67.2207 -13.4147 -92.0297 86.512 -128.959 4.4816 -57.7185
internal_weight=413 114 299 228 72 156 83 75 71 81
internal_count=413 114 299 228 72 156 83 75 71 81
is_linear=0
shrinkage=0.05


Tree=4
num_leaves=11
num_cat=0
split_feature=24 24 24 24 27 24 24 24 24 24
split_gain=9.1302e+08 1.59786e+08 1.00698e+08 1.07395e+08 7.61653e+07 7.43067e+07 2.42582e+07 1.31861e+07 8.06219e+06 7.18698e+06
threshold=3840.2777777777778 5305.5555555555557 2953.702777777778 1.0000000180025095e-35 0.44434114302944505 2115.5555555555561 4462.9638888888903 1652.7777777777781 3479.166666666667 2657.4083333333338
decision_type=2 2 2 2 2 2 2 2 2 2
left_child=2 6 3 4 -1 7 -2 -5 -4 -7
right_child=1 -3 8 5 -6 9 -8 -9 -10 -11
leaf_value=41.557643295243338 60.031865931223493 215.29018248530443 -9.5096189448839716 -148.57165989669849 -61.314040675125732 -66.656618152388418 115.49880544426217 -104.87664196750278 25.114456947301314 -36.901159532710786
leaf_weight=34 50 31 38 30 38 48 33 45 30 36
leaf_count=34 50 31 38 30 38 48 33 45 30 36
internal_value=-1.79 118.546 -47.6951 -63.4324 -12.7454 -86.3625 82.1975 -122.529 5.78008 -53.9634
internal_weight=413 114 299 231 72 159 83 75 68 84
internal_count=413 114 299 231 72 159 83 75 68 84
is_linear=0
shrinkage=0.05


Tree=5
num_leaves=11
num_cat=0
split_feature=24 24 24 1 24 14 24 24 24 24
split_gain=9.04872e+08 1.36181e+08 1.1496e+08 8.80689e+07 7.63051e+07 3.91461e+07 1.78037e+07 1.25151e+07 9.48955e+06 7.89885e+06
threshold=3962.963888888889 5458.3333333333339 3009.2583333333337 1.0000000180025095e-35 2009.2583333333334 134.50000000000003 4569.4444444444453 2509.2583333333337 1652.7777777777781 3509.2583333333337
decision_type=2 2 2 2 2 2 2 2 2 2
left_child=2 6 3 5 8 -1 -2 -6 -5 -4
right_child=1 -3 9 4 7 -7 -8 -9 -10 -11
leaf_value=-47.154059397261548 65.976797700682411 212.04575560382591 -4.6731123639691265 -142.49818974520863 -72.33228978942752 24.552692623641835 117.0248554622612 -38.109700624161967 -102.47586653699908 28.897769883597
leaf_weight=43 41 32 34 33 51 34 30 57 30 36
leaf_count=43 41 32 34 33 51 34 30 57 30 36
internal_value=-2.24158 126.487 -43.9632 -59.9297 -79.9151 -15.5005 87.6807 -54.3224 -123.633 12.6084
internal_weight=421 103 318 248 171 77 71 108 63 70
internal_count=421 103 318 248 171 77 71 108 63 70
is_linear=0
shrinkage=0.05


Tree=6
num_leaves=10
num_cat=0
split_feature=28 0 0 4 4 4 26 29 14
split_gain=1.29074e+08 7.60739e+07 5.27326e+07 3.51262e+07 2.95037e+07 2.54536e+07 2.1901e+07 1.47937e+07 4.83976e+06
threshold=0.57015780514270664 470.35000000000008 489.00000000000006 1021.5500000000001 1009.85 1015.7500000000001 6.9000000000000012 -1.0000000180025095e-35 104.50000000000001
decision_type=2 2 2 2 2 2 2 2 2
left_child=2 5 4 -3 6 -2 -1 -4 -9
right_child=1 3 7 -5 -6 -7 -8 8 -10
leaf_value=-8.1435651621035916 104.61757870017553 29.293807075569692 -28.020648007175669 -38.855425691172435 -32.754200503225057 45.274661436103592 38.73220485368627 -50.538413666253078 -78.727951957956179
leaf_weight=59 32 44 46 33 59 42 43 30 33
leaf_count=59 32 44 46 33 59 42 43 30 33
internal_value=-2.12902 34.8778 -22.8307 0.0744138 -4.64122 71.0431 11.6363 -49.6688 -65.4058
internal_weight=421 151 270 77 161 74 102 109 63
internal_count=421 151 270 77 161 74 102 109 63
is_linear=0
shrinkage=0.05


Tree=7
num_leaves=11
num_cat=0
split_feature=24 24 24 24 27 24 24 24 24 24
split_gain=7.96676e+08 1.19796e+08 1.0098e+08 7.65823e+07 7.72916e+07 6.89245e+07 1.52965e+07 1.11769e+07 8.9776e+06 6.29881e+06
threshold=3962.963888888889 5458.3333333333339 3041.6666666666674 1.0000000180025095e-35 0.74981945761428193 2074.0750000000003 4569.4444444444453 1694.4444444444446 2574.0750000000003 3509.2583333333337
decision_type=2 2 2 2 2 2 2 2 2 2
left_child=2 6 3 4 -1 7 -2 -5 -7 -4
right_child=1 -3 9 5 -6 8 -8 -9 -10 -11
leaf_value=25.659454441273041 62.243584596211605 199.01180104288358 -3.3024035025979872 -132.50960717703882 -76.923219532507204 -63.971997115667719 109.57179028076983 -92.003972154442948 -34.090578060530923 27.156224478512925
leaf_weight=47 41 32 32 35 30 47 30 36 55 36
leaf_count=47 41 32 32 35 30 47 30 36 55 36
internal_value=-2.02279 118.764 -41.1707 -55.8606 -14.3557 -74.3149 82.3675 -112.13 -47.9087 12.8389
internal_weight=421 103 318 250 77 173 71 71 102 68
internal_count=421 103 318 250 77 173 71 71 102 68
is_linear=0
shrinkage=0.05


Tree=8
num_leaves=11
num_cat=0
split_feature=24 24 24 1 27 24 24 24 24 3
split_gain=7.1926e+08 1.03218e+08 9.74035e+07 6.91301e+07 6.97778e+07 6.239e+07 1.23362e+07 1.1389e+07 6.28466e+06 235009
threshold=4006.9444444444448 5458.3333333333339 3041.6666666666674 1.0000000180025095e-35 0.74981945761428193 1976.8527777777779 4569.4444444444453 2509.2583333333337 3541.6666666666674 66.850000000000009
decision_type=2 2 2 2 2 2 2 2 2 2
left_child=2 6 3 4 -1 9 -2 -7 -4 -5
right_child=1 -3 8 5 -6 7 -8 -9 -10 -11
leaf_value=24.37920552798391 60.842778852167413 189.09221115349979 -2.6985940967801838 -106.09128422024241 -73.089836783424957 -65.259216525770597 104.11140088052844 -33.377330520552427 27.101333445952008 -117.13783255035298
leaf_weight=47 38 32 33 30 30 54 30 59 38 30
leaf_count=47 38 32 33 30 30 54 30 59 38 30
internal_value=-1.9214 115.102 -38.4019 -53.0751 -13.6412 -70.6085 80.0568 -48.6572 13.2663 -111.8
internal_weight=421 100 321 250 77 173 68 113 71 60
internal_count=421 100 321 250 77 173 68 113 71 60
is_linear=0
shrinkage=0.05


Tree=9
num_leaves=11
num_cat=0
split_feature=24 24 24 1 27 24 24 24 24 26
split_gain=6.49482e+08 9.75999e+07 8.23806e+07 6.5113e+07 6.29945e+07 5.3168e+07 1.24481e+07 9.11385e+06 6.55458e+06 792592
threshold=3962.963888888889 5458.3333333333339 2953.702777777778 1.0000000180025095e-35 0.74981945761428193 1976.8527777777779 4569.4444444444453 2509.2583333333337 3398.1472222222224 7.7500000000000009
decision_type=2 2 2 2 2 2 2 2 2 2
left_child=2 6 3 4 -1 9 -2 -7 -4 -5
right_child=1 -3 8 5 -6 7 -8 -9 -10 -11
leaf_value=23.162833647515367 56.227385034120289 179.66705318462812 -7.9854566865411982 -113.23892522159208 -69.447486701439388 -62.002286497105501 98.923127498183135 -32.836327211164949 22.290176652559477 -98.865816703112031
leaf_weight=47 41 32 31 30 30 54 30 54 42 30
leaf_count=47 41 32 31 30 30 54 30 54 42 30
internal_value=-1.82524 107.234 -37.1722 -51.0589 -12.9623 -68.5017 74.3817 -47.4632 9.44 -106.229
internal_weight=421 103 318 245 77 168 71 108 73 60
internal_count=421 103 318 245 77 168 71 108 73 60
is_linear=0
shrinkage=0.05


Tree=10
num_leaves=12
num_cat=0
split_feature=28 4 3 7 4 11 26 26 3 11 11
split_gain=8.34636e+07 4.41163e+07 2.83201e+07 2.60003e+07 2.59672e+07 2.26308e+07 1.80131e+07 2.31898e+07 1.19534e+07 1.16244e+07 9.09272e+06
threshold=0.65180241000790706 1011.0500000000001 58.850000000000001 9.5500000000000025 1019.6500000000002 4.5000000000000009 8.9500000000000046 6.6500000000000021 58.850000000000001 1.5000000000000002 2.5000000000000004
decision_type=2 2 2 2 2 2 2 2 2 2 2
left_child=1 5 3 -2 -4 6 7 9 -3 -1 -10
right_child=2 8 4 -5 -6 -7 -8 -9 10 -11 -12
leaf_value=-41.816818424871201 89.67210570427271 -13.095863884707226 45.330183952797654 27.708076203143811 -14.335865744009039 35.004736867426537 -41.165306362716819 26.218129015635114 -71.910818952896278 0.84466922234230379 -36.815204712038373
leaf_weight=30 30 30 31 39 44 37 33 50 30 34 49
leaf_count=30 30 30 31 39 44 37 33 50 30 34 49
internal_value=0.488423 -14.8297 31.6452 54.7398 10.3536 0.107275 -8.69423 0.733087 -40.0214 -19.1869 -50.2168
internal_weight=437 293 144 69 75 184 147 114 109 64 79
internal_count=437 293 144 69 75 184 147 114 109 64 79
is_linear=0
shrinkage=0.05


Tree=11
num_leaves=11
num_cat=0
split_feature=24 24 1 27 24 24 24 24 24 24
split_gain=5.25838e+08 8.13713e+07 8.20984e+07 7.45254e+07 7.44776e+07 5.62818e+07 1.11614e+07 7.76065e+06 5.4196e+06 1.80713e+06
threshold=4069.4444444444448 3069.4444444444448 1.0000000180025095e-35 0.7266007961912001 5527.7777777777783 1938.8888888888889 2458.3333333333335 4675.9250000000002 3620.369444444445 2763.8888888888891
decision_type=2 2 2 2 2 2 2 2 2 2
left_child=1 2 3 -1 7 -4 -7 -2 -3 -8
right_child=4 8 5 -5 -6 6 9 -9 -10 -11
leaf_value=33.180050994816639 56.696022849644784 1.1636447396965661 -106.37416865578369 -63.952273400113519 168.57346175705888 -61.079446223692798 -39.163334552728095 92.26598549269363 26.112356046955441 -22.657177175023165
leaf_weight=54 33 44 51 31 31 52 31 30 43 37
leaf_count=54 33 44 51 31 31 52 31 30 43 37
internal_value=0.464066 -28.2531 -42.446 -2.27814 105.17 -62.3994 -43.6371 73.7536 13.5105 -30.2286
internal_weight=437 343 256 85 94 171 120 63 87 68
internal_count=437 343 256 85 94 171 120 63 87 68
is_linear=0
shrinkage=0.05


Tree=12
num_leaves=11
num_cat=0
split_feature=24 24 24 27 24 24 24 24 24 24
split_gain=4.7472e+08 7.3456e+07 7.41065e+07 6.72787e+07 6.72389e+07 5.0998e+07 1.22492e+07 7.00679e+06 4.89238e+06 4.73364e+06
threshold=4069.4444444444448 3069.4444444444448 1.0000000180025095e-35 0.7266007961912001 5527.7777777777783 2115.5555555555561 1564.8138888888891 4675.9250000000002 3620.369444444445 2680.5555555555561
decision_type=2 2 2 2 2 2 2 2 2 2
left_child=1 2 3 -1 7 6 -4 -2 -3 -7
right_child=4 8 5 -5 -6 9 -8 -9 -10 -11
leaf_value=31.524113750578955 53.869785882771197 1.1055944894717125 -115.32808947388911 -60.764940587500668 160.17188752103846 -45.878492072510397 -73.404664580676027 87.668012914309088 24.809767922669167 -23.664389958247188
leaf_weight=54 33 44 30 31 31 51 44 30 43 46
leaf_count=54 33 44 30 31 31 51 44 30 43 46
internal_value=0.441832 -26.8438 -40.3287 -2.16604 99.9283 -59.2861 -90.5334 70.0777 12.8365 -35.3792
internal_weight=437 343 256 85 94 171 74 63 87 97
internal_count=437 343 256 85 94 171 74 63 87 97
is_linear=0
shrinkage=0.05


Tree=13
num_leaves=11
num_cat=0
split_feature=0 28 21 11 28 3 0 8 21 2
split_gain=7.57471e+07 5.27513e+07 3.3565e+07 2.45542e+07 2.08539e+07 1.96657e+07 1.90952e+07 5.45567e+06 9.63676e+06 2.60031e+06
threshold=622.50000000000011 0.65180241000790706 0.54024256428486794 4.5000000000000009 0.57015780514270664 64.15000000000002 234.20000000000002 19.650000000000002 0.84250992063492081 13.15
decision_type=2 2 2 2 2 2 2 2 2 2
left_child=1 2 6 4 9 -3 -1 8 -4 -2
right_child=3 5 7 -5 -6 -7 -8 -9 -10 -11
leaf_value=53.907075930760406 -63.849893990398328 64.371157778437905 -46.19195793379977 6.2617762063804108 -11.488367450652156 17.671791111234064 3.2596646717285007 1.2005189889293177 -10.486950768323327 -44.414780813437012
leaf_weight=34 41 58 30 40 43 37 41 30 51 32
leaf_count=34 41 58 30 40 43 37 41 30 51 32
internal_value=0.4202 15.9291 0.441043 -27.508 -39.1482 46.2207 26.2611 -17.0128 -23.7517 -55.4029
internal_weight=437 281 186 156 116 95 75 111 81 73
internal_count=437 281 186 156 116 95 75 111 81 73
is_linear=0
shrinkage=0.05


Tree=14
num_leaves=11
num_cat=0
split_feature=24 24 1 24 24 0 24 24 24 24
split_gain=4.17941e+08 6.35132e+07 6.64914e+07 5.89869e+07 4.51528e+07 3.68362e+07 8.85541e+06 5.84141e+06 4.06991e+06 1.41899e+06
threshold=4069.4444444444448 3069.4444444444448 1.0000000180025095e-35 5527.7777777777783 1938.8888888888889 420.30000000000001 2458.3333333333335 4675.9250000000002 3620.369444444445 2791.6666666666674
decision_type=2 2 2 2 2 2 2 2 2 2
left_child=1 2 5 7 -4 -1 -6 -2 -3 -8
right_child=3 8 4 -5 6 -7 9 -9 -10 -11
leaf_value=35.842514822618021 50.973796242889684 0.99486247633590175 -95.086713494526663 150.17257931822749 -54.430632144979235 -30.46583384773588 -33.781457840768915 81.857670436111405 22.614916434586743 -19.184677965395917
leaf_weight=37 33 44 51 31 52 48 36 30 43 32
leaf_count=37 33 44 51 31 52 48 36 30 43 32
internal_value=0.398849 -25.2031 -37.7422 93.7463 -55.6991 -1.59394 -38.8941 65.7869 11.6944 -26.9507
internal_weight=437 343 256 94 171 85 120 63 87 68
internal_count=437 343 256 94 171 85 120 63 87 68
is_linear=0
shrinkage=0.05


Tree=15
num_leaves=10
num_cat=0
split_feature=24 24 1 24 27 24 24 24 24
split_gain=3.5218e+08 5.93272e+07 5.66129e+07 5.08303e+07 4.63036e+07 4.32349e+07 8.73118e+06 4.02316e+06 3.1133e+06
threshold=4069.4444444444448 3125.0000000000005 1.0000000180025095e-35 5250.0000000000009 0.67125374152323958 2115.5555555555561 1652.7777777777781 2731.4805555555558 3620.369444444445
decision_type=2 2 2 2 2 2 2 2 2
left_child=1 2 4 -2 -1 6 -4 -7 -3
right_child=3 8 5 -5 -6 7 -8 -9 -10
leaf_value=33.430247991385201 56.960330580932855 0.93043226312707972 -99.519000333634978 136.43626506148507 -46.293192091612063 -40.001228643586188 -65.814906780785563 -19.598002658344956 21.007327536031987
leaf_weight=42 52 35 34 33 32 53 47 45 43
leaf_count=42 52 35 34 33 32 53 47 45 43
internal_value=-2.78361 -26.1007 -37.8508 87.9398 -1.06063 -53.051 -80.0676 -30.662 12.0113
internal_weight=416 331 253 85 74 179 81 98 78
internal_count=416 331 253 85 74 179 81 98 78
is_linear=0
shrinkage=0.05


Tree=16
num_leaves=10
num_cat=0
split_feature=24 24 24 27 24 24 24 24 24
split_gain=3.18219e+08 5.87864e+07 5.11043e+07 4.18014e+07 4.13739e+07 3.90314e+07 7.88367e+06 3.64008e+06 3.32571e+06
threshold=4125.0000000000009 3125.0000000000005 1.0000000180025095e-35 0.67125374152323958 5305.5555555555557 2115.5555555555561 1652.7777777777781 2680.5555555555561 3643.5194444444446
decision_type=2 2 2 2 2 2 2 2 2
left_child=1 2 3 -1 -2 6 -4 -7 -3
right_child=4 8 5 -5 -6 7 -8 -9 -10
leaf_value=31.762705366175421 58.118979248544115 2.1264604528051363 -94.55764274709037 -43.985743998589925 132.09300203476687 -38.773625261574807 -62.531148507994956 -19.430781710560602 22.151543715049939
leaf_weight=42 49 40 34 32 31 49 47 49 43
leaf_count=42 49 40 34 32 31 49 47 49 43
internal_value=-2.6447 -23.9875 -35.9629 -1.00847 86.9131 -50.4047 -76.0744 -29.1319 12.5151
internal_weight=416 336 253 74 80 179 81 98 83
internal_count=416 336 253 74 80 179 81 98 83
is_linear=0
shrinkage=0.05


Tree=17
num_leaves=10
num_cat=0
split_feature=24 24 1 27 24 24 24 24 24
split_gain=2.87274e+08 5.30684e+07 4.61318e+07 3.77369e+07 3.73562e+07 3.52364e+07 7.11842e+06 3.30493e+06 3.00218e+06
threshold=4125.0000000000009 3125.0000000000005 1.0000000180025095e-35 0.67125374152323958 5305.5555555555557 2115.5555555555561 1652.7777777777781 2731.4805555555558 3643.5194444444446
decision_type=2 2 2 2 2 2 2 2 2
left_child=1 2 3 -1 -2 6 -4 -7 -3
right_child=4 8 5 -5 -6 7 -8 -9 -10
leaf_value=30.178341850135787 55.218949116320324 2.0204025282824132 -89.843625567036298 -41.793307233673765 125.50958993795217 -36.142757306574879 -59.411229069217761 -17.650890365566752 21.046536269044104
leaf_weight=42 49 40 34 32 31 53 47 45 43
leaf_count=42 49 40 34 32 31 53 47 45 43
internal_value=-2.51262 -22.7912 -34.1693 -0.958866 82.5793 -47.8905 -72.2804 -27.6783 11.8908
internal_weight=416 336 253 74 80 179 81 98 83
internal_count=416 336 253 74 80 179 81 98 83
is_linear=0
shrinkage=0.05


Tree=18
num_leaves=10
num_cat=0
split_feature=24 24 1 24 27 24 24 24 24
split_gain=2.59538e+08 4.11326e+07 4.49873e+07 4.0075e+07 3.42824e+07 2.8654e+07 6.46672e+06 3.3726e+06 693795
threshold=4006.9444444444448 2953.702777777778 1.0000000180025095e-35 5203.7027777777785 0.60500564346204555 1847.2222222222224 2430.5555555555561 3361.1111111111113 2763.8888888888891
decision_type=2 2 2 2 2 2 2 2 2
left_child=1 2 4 -2 -1 -4 -7 -3 -8
right_child=3 7 5 -5 -6 6 8 -9 -10
leaf_value=31.290423955941748 46.250018253074984 -6.6638703336747387 -78.960362778157872 115.29280612869479 -36.78113348110449 -46.937214758346762 -28.500997344875636 14.088140308665718 -17.944124795788916
leaf_weight=39 53 30 51 35 35 53 32 56 32
leaf_count=39 53 30 51 35 35 53 32 56 32
internal_value=-2.38712 -22.8465 -33.3982 73.81 -0.911703 -47.6987 -34.0159 6.84968 -23.2589
internal_weight=416 328 242 88 74 168 117 86 64
internal_count=416 328 242 88 74 168 117 86 64
is_linear=0
shrinkage=0.05


Tree=19
num_leaves=10
num_cat=0
split_feature=24 24 1 24 27 24 24 24 24
split_gain=2.3493e+08 4.56935e+07 3.58265e+07 3.12646e+07 3.09998e+07 2.84289e+07 5.98838e+06 3.1368e+06 1.99414e+06
threshold=4194.4444444444453 3194.4444444444448 1.0000000180025095e-35 2115.5555555555561 0.67125374152323958 5305.5555555555557 1652.7777777777781 2731.4805555555558 3750.0000000000005
decision_type=2 2 2 2 2 2 2 2 2
left_child=1 2 4 6 -1 -2 -4 -5 -3
right_child=5 8 3 7 -6 -7 -8 -9 -10
leaf_value=27.354739339108143 51.391295698252783 6.3586999479446904 -81.428176978326618 -32.517379119930517 -37.876824219130285 113.50818387243142 -53.527184203324047 -15.185590958549515 22.472489541967107
leaf_weight=42 46 46 34 53 32 31 47 52 33
leaf_count=42 46 46 34 53 32 31 47 52 33
internal_value=-2.26787 -20.1796 -30.2957 -41.9973 -0.866485 76.5142 -65.3247 -23.9567 13.1097
internal_weight=416 339 260 186 74 77 81 105 79
internal_count=416 339 260 186 74 77 81 105 79
is_linear=0
shrinkage=0.05


Tree=20
num_leaves=10
num_cat=0
split_feature=24 24 24 1 11 24 24 24 24
split_gain=2.2073e+08 4.38364e+07 2.11147e+07 3.88393e+07 2.8081e+07 1.65138e+07 3.4957e+06 3.29033e+06 2.47718e+06
threshold=3791.6666666666674 5009.2583333333341 2844.4444444444448 1.0000000180025095e-35 2.5000000000000004 1847.2222222222224 4250.0000000000009 2430.5555555555561 3194.4444444444448
decision_type=2 2 2 2 2 2 2 2 2
left_child=2 6 3 4 -1 -5 -2 -7 -4
right_child=1 -3 8 5 -6 7 -8 -9 -10
leaf_value=-32.875440937360985 22.779913634358962 98.48956651121307 -10.983846312397162 -69.784874841130929 27.851254522221172 -43.423771275910731 44.466464704572445 -25.257099150146956 7.4433124215694777
leaf_weight=37 34 42 31 48 39 49 42 52 44
leaf_count=37 34 42 31 48 39 49 42 52 44
internal_value=-0.367012 57.5381 -23.1546 -30.8101 -1.71734 -45.6383 34.8073 -34.1049 -0.177664
internal_weight=418 118 300 225 76 149 76 101 75
internal_count=418 118 300 225 76 149 76 101 75
is_linear=0
shrinkage=0.05


Tree=21
num_leaves=11
num_cat=0
split_feature=0 28 29 2 28 5 0 7 2 14
split_gain=4.37174e+07 2.91573e+07 2.1827e+07 1.07469e+07 9.16103e+06 8.81854e+06 1.20485e+07 8.98918e+06 5.58869e+06 2.68148e+06
threshold=622.50000000000011 0.76110425866077458 0.6078576107927941 9.1500000000000004 0.51229549877477665 22.850000000000005 156.75000000000003 20.350000000000005 13.15 158.00000000000003
decision_type=2 2 2 2 2 2 2 2 2 2
left_child=1 2 5 -3 8 6 -1 -8 -2 -4
right_child=4 3 9 -5 -6 -7 7 -9 -10 -11
leaf_value=33.186621746296289 -42.923103787846671 60.900791373353712 -31.782662328852627 20.170361849229284 -6.2317708900175894 37.454205912846668 12.495388307594615 -21.454450055145511 -18.278529256125889 -11.086986877435068
leaf_weight=31 50 33 33 32 58 30 41 37 43 30
leaf_count=31 50 33 33 32 58 30 41 37 43 30
internal_value=-0.348438 11.8107 2.4312 40.9107 -21.842 13.4945 6.87172 -3.61581 -31.5602 -21.9608
internal_weight=418 267 202 65 151 139 109 78 93 63
internal_count=418 267 202 65 151 139 109 78 93 63
is_linear=0
shrinkage=0.05


Tree=22
num_leaves=10
num_cat=0
split_feature=24 24 24 24 27 24 24 24 24
split_gain=1.93481e+08 2.96304e+07 3.18924e+07 2.73968e+07 2.55027e+07 1.68727e+07 3.98995e+06 2.48747e+06 614548
threshold=4069.4444444444448 2953.702777777778 1.0000000180025095e-35 5009.2583333333341 0.7025209685794126 1847.2222222222224 2430.5555555555561 3398.1472222222224 2680.5555555555561
decision_type=2 2 2 2 2 2 2 2 2
left_child=1 2 4 -2 -1 -4 -7 -3 -8
right_child=3 7 5 -5 -6 6 8 -9 -10
leaf_value=21.988935262055307 38.264029207070962 -4.0451603538969643 -65.516456562763935 92.200301696342407 -37.181872279778666 -40.756005986790555 -26.714739597725334 13.247859998131919 -16.70259622829354
leaf_weight=46 54 35 48 42 30 49 31 51 32
leaf_count=46 54 35 48 42 30 49 31 51 32
internal_value=-0.330628 -18.9071 -28.0599 61.9326 -1.38606 -40.7212 -30.0456 6.21342 -21.6638
internal_weight=418 322 236 96 76 160 112 86 63
internal_count=418 322 236 96 76 160 112 86 63
is_linear=0
shrinkage=0.05


Tree=23
num_leaves=10
num_cat=0
split_feature=24 24 24 11 24 24 24 24 24
split_gain=1.74659e+08 2.67481e+07 2.87885e+07 2.47643e+07 2.47327e+07 1.52304e+07 3.6012e+06 2.24545e+06 554823
threshold=4069.4444444444448 2953.702777777778 1.0000000180025095e-35 2.5000000000000004 5009.2583333333341 1847.2222222222224 2430.5555555555561 3398.1472222222224 2680.5555555555561
decision_type=2 2 2 2 2 2 2 2 2
left_child=1 2 3 -1 -2 -4 -7 -3 -8
right_child=4 7 5 -5 -6 6 8 -9 -10
leaf_value=-30.578306355437821 36.354364044697142 -3.8434786863136838 -62.247444428822604 26.449334232886429 87.601238158309826 -38.722356161517673 -25.383297307544964 12.586763184504498 -15.870067962456345
leaf_weight=37 54 35 48 39 42 49 31 51 32
leaf_count=37 54 35 48 39 42 49 31 51 32
internal_value=-0.314398 -17.9641 -26.6604 -1.31776 58.8427 -38.6898 -28.5471 5.90328 -20.5841
internal_weight=418 322 236 76 96 160 112 86 63
internal_count=418 322 236 76 96 160 112 86 63
is_linear=0
shrinkage=0.05


Tree=24
num_leaves=10
num_cat=0
split_feature=24 24 24 1 0 24 24 24 24
split_gain=1.57923e+08 3.1329e+07 1.49338e+07 2.81323e+07 2.38899e+07 1.20275e+07 2.58462e+06 2.23913e+06 1.86671e+06
threshold=3791.6666666666674 4902.7777777777783 2844.4444444444448 1.0000000180025095e-35 494.15000000000003 1791.6666666666667 2430.5555555555561 4250.0000000000009 3194.4444444444448
decision_type=2 2 2 2 2 2 2 2 2
left_child=2 7 3 4 -1 -5 -7 -2 -4
right_child=1 -3 8 5 -6 6 -8 -9 -10
leaf_value=27.490441127478917 18.918875403977559 81.460673979697901 -9.630624501881492 -60.227447212033155 -28.521429594093576 -37.137202263244511 -21.283690767782435 36.575610000337178 6.3656228603959892
leaf_weight=37 34 45 31 45 39 52 52 39 44
leaf_count=37 34 45 31 45 39 52 52 39 44
internal_value=-0.298842 48.6802 -19.5737 -26.0119 -1.25214 -38.6318 -29.2386 28.3891 -0.250113
internal_weight=418 118 300 225 76 149 104 73 75
internal_count=418 118 300 225 76 149 104 73 75
is_linear=0
shrinkage=0.05


Tree=25
num_leaves=12
num_cat=0
split_feature=24 24 24 4 24 1 24 24 24 24 24
split_gain=1.52124e+08 2.66517e+07 2.26547e+07 1.18577e+07 8.31735e+06 6.01988e+06 6.62707e+06 1.74075e+06 908733 662915 357884
threshold=4069.4444444444448 3194.4444444444448 5458.3333333333339 999.6500000000002 2509.2583333333337 1.0000000180025095e-35 1731.4805555555556 4569.4444444444453 3643.5194444444446 2115.5555555555561 2844.4444444444448
decision_type=2 2 2 2 2 2 2 2 2 2 2
left_child=1 3 7 -1 5 -5 -7 -2 -3 -8 -6
right_child=2 8 -4 4 10 6 9 -9 -10 -11 -12
leaf_value=1.8884918212890627 29.668950313199719 3.5484177444119869 90.384627569756717 -21.533995911473589 -17.330428062506083 -58.343883902703411 -37.489644868666943 46.681885536168501 14.505058010795764 -26.923808496019991 -9.8967314582004722
leaf_weight=37 32 36 31 55 34 39 30 30 40 33 32
leaf_count=37 32 36 31 55 34 39 30 30 40 33 32
internal_value=-1.04348 -16.71 55.5153 -24.3214 -28.669 -34.9293 -42.1241 37.963 9.32662 -32.0067 -13.7467
internal_weight=429 336 93 260 223 157 102 62 76 63 66
internal_count=429 336 93 260 223 157 102 62 76 63 66
is_linear=0
shrinkage=0.05


Tree=26
num_leaves=11
num_cat=0
split_feature=24 24 24 1 24 20 24 24 24 24
split_gain=1.37336e+08 2.40599e+07 2.04527e+07 1.06506e+07 1.47707e+07 9.99681e+06 2.85498e+06 1.83155e+06 1.57163e+06 820337
threshold=4069.4444444444448 3194.4444444444448 5458.3333333333339 1.0000000180025095e-35 2115.5555555555561 9.3500000000000014 1652.7777777777781 2680.5555555555561 4569.4444444444453 3643.5194444444446
decision_type=2 2 2 2 2 2 2 2 2 2
left_child=1 3 8 5 6 -1 -5 -6 -2 -3
right_child=2 9 -4 4 7 -7 -8 -9 -10 -11
leaf_value=-29.510151775017928 28.19012442615545 3.3714883299745679 85.879928549616295 -57.914073917947455 -24.76750244627932 7.7017975513263712 -38.018677837345876 -11.727708753918229 44.355545814488814 13.781613840307678
leaf_weight=30 32 36 31 32 50 45 44 59 30 40
leaf_count=30 32 36 31 32 50 45 44 59 30 40
internal_value=-0.991133 -15.8768 52.7485 -23.1086 -29.5496 -7.20239 -46.4608 -17.7265 36.071 8.86148
internal_weight=429 336 93 260 185 75 76 109 62 76
internal_count=429 336 93 260 185 75 76 109 62 76
is_linear=0
shrinkage=0.05


Tree=27
num_leaves=11
num_cat=0
split_feature=24 24 24 4 24 1 24 24 24 24
split_gain=1.24163e+08 2.48803e+07 1.58292e+07 1.01528e+07 6.93097e+06 4.69214e+06 5.46466e+06 943042 521397 302698
threshold=4194.4444444444453 3194.4444444444448 5458.3333333333339 999.6500000000002 2509.2583333333337 1.0000000180025095e-35 1731.4805555555556 3643.5194444444446 2115.5555555555561 2844.4444444444448
decision_type=2 2 2 2 2 2 2 2 2 2
left_child=1 3 -2 -1 5 -5 -7 -3 -8 -6
right_child=2 7 -4 4 9 6 8 -9 -10 -11
leaf_value=2.2950951177797552 36.675007231707056 3.2033809055581979 81.599739280774287 -19.86437945391868 -15.652342721374152 -52.774828282036744 -33.726771114514122 13.915468162806267 -24.347051209049283 -8.818877876027722
leaf_weight=37 54 36 31 55 34 39 30 48 33 32
leaf_count=37 54 36 31 55 34 39 30 48 33 32
internal_value=-0.941327 -14.315 53.136 -21.9561 -25.9791 -31.6938 -38.0467 9.3339 -28.86 -12.3576
internal_weight=429 344 85 260 223 157 102 84 63 66
internal_count=429 344 85 260 223 157 102 84 63 66
is_linear=0
shrinkage=0.05


Tree=28
num_leaves=11
num_cat=0
split_feature=24 24 24 4 24 26 24 24 24 24
split_gain=1.12088e+08 2.24605e+07 1.42924e+07 9.16553e+06 6.25677e+06 4.44548e+06 7.48477e+06 1.96728e+06 857629 273260
threshold=4194.4444444444453 3194.4444444444448 5458.3333333333339 999.6500000000002 2509.2583333333337 6.0499999999999998 1.0000000180025095e-35 1791.6666666666667 3750.0000000000005 2844.4444444444448
decision_type=2 2 2 2 2 2 2 2 2 2
left_child=1 3 -2 -1 5 -5 -7 -8 -3 -6
right_child=2 8 -4 4 9 6 7 -9 -10 -11
leaf_value=2.1806493877400608 34.844646353730433 4.4779000246599159 77.532870630589343 -45.840353069685804 -14.872020712206439 -9.0501818596370622 -44.965251945419567 -28.466155314296795 14.693237355409236 -8.3793076093323133
leaf_weight=37 54 48 31 35 34 44 30 48 36 32
leaf_count=37 54 48 31 35 34 44 30 48 36 32
internal_value=-0.894464 -13.6013 50.4862 -20.8613 -24.6836 -30.1133 -25.5676 -34.8615 8.86823 -11.7416
internal_weight=429 344 85 260 223 157 122 78 84 66
internal_count=429 344 85 260 223 157 122 78 84 66
is_linear=0
shrinkage=0.05


Tree=29
num_leaves=12
num_cat=0
split_feature=24 24 24 1 4 24 24 24 24 24 25
split_gain=1.01192e+08 1.64855e+07 1.60201e+07 1.07448e+07 1.04066e+07 8.52215e+06 1.85241e+06 1.58912e+06 1.50459e+06 248221 197520
threshold=4006.9444444444448 2921.2972222222229 5458.3333333333339 1.0000000180025095e-35 1005.2500000000001 1847.2222222222224 3361.1111111111113 4569.4444444444453 2509.2583333333337 3687.5000000000005 14.395395000000002
decision_type=2 2 2 2 2 2 2 2 2 2 2
left_child=1 3 7 4 -1 -5 -3 -2 10 -8 -7
right_child=2 6 -4 5 -6 8 9 -9 -10 -11 -12
leaf_value=13.790932449805769 22.847406073488358 -5.7740306978410629 73.66869367495228 -46.137657917363725 -23.441102506437574 -22.895199318763993 5.1757768303848977 38.581034825727393 -14.052830893927572 11.533042174484869 -28.807288063500906
leaf_weight=36 36 36 31 48 39 32 30 30 47 32 32
leaf_count=36 36 36 31 48 39 32 30 30 47 32 32
internal_value=-0.849949 -13.9774 44.0493 -21.1853 -5.57509 -28.5404 3.2371 30.0467 -20.896 8.47031 -25.8917
internal_weight=429 332 97 234 75 159 98 66 111 62 64
internal_count=429 332 97 234 75 159 98 66 111 62 64
is_linear=0
shrinkage=0.05


Tree=30
num_leaves=11
num_cat=0
split_feature=0 7 27 4 11 1 4 4 4 14
split_gain=1.1675e+07 1.19627e+07 1.09982e+07 1.01888e+07 7.24241e+06 6.64867e+06 4.12153e+06 3.10961e+06 2.47388e+06 2.27895e+06
threshold=622.50000000000011 9.8500000000000032 -0.21772121422198129 1004.85 4.5000000000000009 0.6000000000000002 1008.1500000000002 1015.7500000000001 1013.1500000000002 132.50000000000003
decision_type=2 2 2 2 2 2 2 2 2 2
left_child=1 -1 3 -3 6 -4 -2 -8 -5 -7
right_child=4 2 5 8 -6 9 7 -9 -10 -11
leaf_value=29.29758281500893 -32.698638478122724 36.693680388663793 -29.24561398274875 11.469638759095956 8.5312781458085922 4.7280781853908307 -2.2975576980150989 -21.095128792233922 -6.9583337375495438 -11.129221797762369
leaf_weight=46 31 32 30 39 36 52 45 43 34 40
leaf_count=46 31 32 30 39 36 52 45 43 34 40
internal_value=-0.145622 6.07626 1.35977 13.2165 -11.1011 -8.84719 -17.0425 -11.4963 2.8889 -2.17094
internal_weight=428 273 227 105 155 122 119 88 73 92
internal_count=428 273 227 105 155 122 119 88 73 92
is_linear=0
shrinkage=0.05


Tree=31
num_leaves=11
num_cat=0
split_feature=0 21 14 5 27 28 21 12 14 21
split_gain=1.0614e+07 1.24534e+07 9.01803e+06 6.06972e+06 5.55909e+06 4.58867e+06 5.21711e+06 3.94184e+06 2.9384e+06 2.05701e+06
threshold=489.00000000000006 0.54024256428486794 196.00000000000003 16.850000000000005 0.7266007961912001 -0.77748193756534212 0.97327160493827181 1.0000000180025095e-35 117.00000000000001 0.88250936329588026
decision_type=2 2 2 2 2 2 2 2 2 2
left_child=1 2 -1 7 5 -3 -7 8 9 -2
right_child=3 4 -4 -5 -6 6 -8 -9 -10 -11
leaf_value=5.3290196712051046 -22.233654610519217 -13.888683126517046 35.661406123128295 -26.596762301549887 -21.708994663276545 25.230487298965453 -0.92375434831557035 11.385343544582845 3.0039692161539495 -6.1827412596004141
leaf_weight=49 39 31 49 39 30 30 52 31 37 41
leaf_count=49 39 31 49 39 30 30 52 31 37 41
internal_value=-0.138489 6.79617 20.5162 -9.07455 -2.61407 2.47004 8.66389 -4.44234 -8.64218 -14.0256
internal_weight=428 241 98 187 143 113 82 148 117 80
internal_count=428 241 98 187 143 113 82 148 117 80
is_linear=0
shrinkage=0.05


Tree=32
num_leaves=11
num_cat=0
split_feature=28 11 8 3 21 27 1 27 27 3
split_gain=9.51238e+06 8.70603e+06 1.05874e+07 6.54706e+06 9.52256e+06 5.12472e+06 1.45601e+07 3.81114e+06 2.02876e+06 1.25679e+06
threshold=0.77204218116891865 3.5000000000000004 18.050000000000004 61.20000000000001 0.84250992063492081 -0.28435655403991289 0.6000000000000002 -0.8628543983358854 0.7025209685794126 69.450000000000017
decision_type=2 2 2 2 2 2 2 2 2 2
left_child=1 5 8 4 -2 7 -7 -1 -3 -8
right_child=3 2 -4 -5 -6 6 9 -9 -10 -11
leaf_value=-10.878836748845552 43.559140944243268 -13.067604851326672 31.502227406639765 -1.0742767529031592 3.740054606440852 -42.705299216010822 -1.1085721588827089 14.282608492271448 3.1821566745161789 -11.844218209049838
leaf_weight=30 30 30 31 48 30 37 55 30 53 54
leaf_count=30 30 30 31 48 30 37 55 30 53 54
internal_value=-0.131693 -4.4624 6.62013 12.6923 23.689 -10.5957 -15.6484 1.70463 -2.69985 -6.43318
internal_weight=428 320 114 108 60 206 146 60 83 109
internal_count=428 320 114 108 60 206 146 60 83 109
is_linear=0
shrinkage=0.05


Tree=33
num_leaves=11
num_cat=0
split_feature=24 24 1 11 24 24 24 24 24 24
split_gain=8.81906e+07 1.4276e+07 1.67653e+07 1.7319e+07 1.31176e+07 9.80241e+06 2.00538e+06 1.728e+06 1.01031e+06 479936
threshold=4125.0000000000009 3069.4444444444448 1.0000000180025095e-35 2.5000000000000004 5458.3333333333339 1976.8527777777779 1652.7777777777781 2430.5555555555561 3620.369444444445 2791.6666666666674
decision_type=2 2 2 2 2 2 2 2 2 2
left_child=1 2 3 -1 -2 6 -4 -7 -3 -9
right_child=4 8 5 -5 -6 7 -8 9 -10 -11
leaf_value=-22.461810488103296 30.354222076471405 -0.3233127379356443 -50.886876362357924 24.02290190791852 71.095856260774227 -27.065387438242311 -32.760069780257737 -16.600739663456075 10.407855796623611 -8.6147092136371537
leaf_weight=39 55 39 32 41 31 32 31 45 50 33
leaf_count=39 55 39 32 41 31 32 31 45 50 33
internal_value=-0.124926 -11.5086 -17.5657 1.36179 45.1057 -26.3141 -42.0335 -17.2811 5.71029 -13.2375
internal_weight=428 342 253 80 86 173 63 110 89 78
internal_count=428 342 253 80 86 173 63 110 89 78
is_linear=0
shrinkage=0.05


Tree=34
num_leaves=11
num_cat=0
split_feature=24 24 1 2 24 24 24 24 24 24
split_gain=7.97907e+07 1.57937e+07 1.38774e+07 1.6676e+07 1.04152e+07 9.208e+06 3.32961e+06 760827 650492 152617
threshold=4305.5555555555557 3194.4444444444448 1.0000000180025095e-35 11.450000000000001 2430.5555555555561 5458.3333333333339 1652.7777777777781 3791.6666666666674 2791.6666666666674 1976.8527777777779
decision_type=2 2 2 2 2 2 2 2 2 2
left_child=1 2 3 -1 6 -2 -4 -3 -6 -8
right_child=5 7 4 -5 8 -7 9 -9 -10 -11
leaf_value=-16.380115416140377 31.857305001671893 3.9850610183273121 -48.350458053636402 30.707036755647376 -15.772543027924328 67.552493065346468 -31.127333181694009 13.358846286671586 -7.2920449565134433 -25.716334058339726
leaf_weight=50 44 46 32 30 45 31 31 41 46 32
leaf_count=50 44 46 32 30 45 31 31 41 46 32
internal_value=-0.118948 -10.0728 -16.1198 1.2938 -23.6063 46.6817 -35.18 8.41291 -11.4985 -28.4241
internal_weight=428 353 266 80 186 75 95 87 91 63
internal_count=428 353 266 80 186 75 95 87 91 63
is_linear=0
shrinkage=0.05


Tree=35
num_leaves=12
num_cat=0
split_feature=0 7 21 11 0 14 20 2 28 14 21
split_gain=1.08773e+07 9.23156e+06 5.6934e+06 8.28433e+06 6.20394e+06 3.75592e+06 3.37804e+06 4.62122e+06 2.92214e+06 3.53445e+06 1.54471e+06
threshold=622.50000000000011 8.9500000000000011 0.57686305179005914 3.5000000000000004 269.55000000000001 108.50000000000001 4.6356500000000009 15.597000000000003 -0.77748193756534212 270.50000000000006 0.57686305179005914
decision_type=2 2 2 2 2 2 2 2 2 2 2
left_child=1 -1 3 4 -3 -4 -2 10 -7 -10 -8
right_child=6 2 5 -5 -6 8 7 -9 9 -11 -12
leaf_value=28.725284608168906 1.5047880119072659 15.266441538625228 -17.460970993259352 32.752970753695671 -14.768358022905268 -12.003116948105568 -14.335258021845313 -1.1162319877795743 19.826561141885396 -1.7761912433601872 -29.639181768993264
leaf_weight=41 47 40 35 33 30 30 31 40 30 51 36
leaf_count=41 47 40 35 33 30 30 31 40 30 51 36
internal_value=1.06852 6.77086 3.14577 12.1414 2.39161 -3.2044 -9.66704 -14.5712 1.30254 6.23935 -22.5903
internal_weight=444 290 249 103 70 146 154 107 111 81 67
internal_count=444 290 249 103 70 146 154 107 111 81 67
is_linear=0
shrinkage=0.05


Tree=36
num_leaves=12
num_cat=0
split_feature=24 24 24 1 27 24 24 24 28 4 24
split_gain=6.45046e+07 8.8821e+06 8.5204e+06 1.42642e+07 2.21118e+07 7.7354e+06 1.4207e+06 771720 513971 178669 107765
threshold=4069.4444444444448 4902.7777777777783 3194.4444444444448 1.0000000180025095e-35 0.69636977696931246 1976.8527777777779 2680.5555555555561 1652.7777777777781 0.57015780514270664 1013.5500000000001 2902.7777777777778
decision_type=2 2 2 2 2 2 2 2 2 2 2
left_child=2 -2 3 4 -1 7 9 -5 -4 -7 -8
right_child=1 -3 8 5 -6 6 10 -9 -10 -11 -12
leaf_value=27.069249028271425 20.497771666191824 49.637325881699383 9.6432210054183543 -40.783580860839088 -27.733110382472589 -21.212989373219944 -10.437276075686331 -29.381614572212243 0.98642571724926498 -15.920242960802121 -6.186696821317029
leaf_weight=45 52 53 40 32 31 37 30 31 30 32 31
leaf_count=45 52 53 40 32 31 37 30 31 30 32 31
internal_value=1.01517 35.2396 -9.59256 -13.6352 4.70852 -20.8574 -13.8711 -35.2286 5.93994 -18.785 -8.29089
internal_weight=444 105 339 269 76 193 130 63 70 69 61
internal_count=444 105 339 269 76 193 130 63 70 69 61
is_linear=0
shrinkage=0.05


Tree=37
num_leaves=11
num_cat=0
split_feature=24 24 1 27 24 24 24 24 24 27
split_gain=5.83231e+07 1.15381e+07 9.14862e+06 1.99616e+07 1.18851e+07 2.18993e+06 1.97019e+06 731502 475881 138542
threshold=3750.0000000000005 4902.7777777777783 1.0000000180025095e-35 0.69636977696931246 2430.5555555555561 3194.4444444444448 1731.4805555555556 4305.5555555555557 2763.8888888888891 0.42888796625999276
decision_type=2 2 2 2 2 2 2 2 2 2
left_child=2 7 3 -1 6 8 -4 -2 -6 -8
right_child=1 -3 4 -5 5 -7 9 -9 -10 -11
leaf_value=25.718787269846036 12.512360177505045 47.160133460506437 -37.199539468056543 -26.350913299854934 -14.592561002765471 2.9476760239508044 -25.305288179213818 22.510132106887959 -7.3195339388059111 -20.160550897541235
leaf_weight=45 44 53 40 31 39 46 30 32 54 30
leaf_count=45 44 53 40 31 39 46 30 32 54 30
internal_value=0.963918 29.2687 -10.6331 4.47305 -15.4367 -5.97173 -28.5738 16.7461 -10.382 -22.7708
internal_weight=444 129 315 76 239 139 100 76 93 60
internal_count=444 129 315 76 239 139 100 76 93 60
is_linear=0
shrinkage=0.05


Tree=38
num_leaves=11
num_cat=0
split_feature=24 24 1 27 24 24 24 24 24 24
split_gain=5.26591e+07 7.91034e+06 6.81117e+06 1.82705e+07 1.37927e+07 2.60534e+06 2.39745e+06 1.37222e+06 351591 297747
threshold=4006.9444444444448 5458.3333333333339 1.0000000180025095e-35 0.56314550935064711 2509.2583333333337 3361.1111111111113 1847.2222222222224 4675.9250000000002 2902.7777777777778 2115.5555555555561
decision_type=2 2 2 2 2 2 2 2 2 2
left_child=2 7 3 -1 6 8 -4 -2 -6 -8
right_child=1 -3 4 -5 5 -7 9 -9 -10 -11
leaf_value=30.048313910148813 16.659635394111174 51.964989692474084 -34.222037518252236 -18.986623172331928 -10.680601337162194 6.3476387966582601 -23.166969094915181 30.283498613113927 -4.3443397600523559 -16.464008779851156
leaf_weight=36 45 32 47 40 45 54 32 32 43 38
leaf_count=36 45 32 47 40 45 54 32 32 43 38
internal_value=0.915495 31.0865 -8.90767 4.24935 -12.7686 -2.29084 -25.4723 22.3535 -7.59298 -19.557
internal_weight=444 109 335 76 259 142 117 77 88 70
internal_count=444 109 335 76 259 142 117 77 88 70
is_linear=0
shrinkage=0.05


Tree=39
num_leaves=11
num_cat=0
split_feature=24 24 1 27 24 24 27 24 24 29
split_gain=4.76329e+07 9.45075e+06 7.4677e+06 1.66237e+07 9.7256e+06 2.34466e+06 1.41487e+06 597202 494666 328045
threshold=3750.0000000000005 4902.7777777777783 1.0000000180025095e-35 0.69636977696931246 2115.5555555555561 2902.7777777777778 0.89773508019357628 4305.5555555555557 3361.1111111111113 0.6078576107927941
decision_type=2 2 2 2 2 2 2 2 2 2
left_child=2 7 3 -1 6 9 -4 -2 -7 -6
right_child=1 -3 4 -5 5 8 -8 -9 -10 -11
leaf_value=23.425876662260677 11.290899988772377 42.641941291823457 -33.549437534930512 -24.091325610243622 -15.306329035127721 -4.1276267917969385 -19.62629085743546 20.32431425766039 3.9321599669470468 -8.8598277273765405
leaf_weight=45 44 53 49 31 49 43 30 32 34 34
leaf_count=45 44 53 49 31 49 43 30 32 34 34
internal_value=0.870028 26.4495 -9.61045 4.03761 -13.9503 -6.85497 -28.2937 15.1162 -0.568211 -12.6795
internal_weight=444 129 315 76 239 160 79 76 77 83
internal_count=444 129 315 76 239 160 79 76 77 83
is_linear=0
shrinkage=0.05


Tree=40
num_leaves=11
num_cat=0
split_feature=24 24 3 24 7 26 26 24 24 0
split_gain=5.26971e+07 1.15331e+07 9.32802e+06 1.34983e+07 1.01422e+07 4.34479e+06 3.5929e+06 2.05129e+06 1.41961e+06 327157
threshold=4305.5555555555557 5527.7777777777783 81.15000000000002 2731.4805555555558 19.700000000000006 6.5000000000000018 8.7500000000000018 1340.2777777777781 3620.369444444445 457.05000000000007
decision_type=2 2 2 2 2 2 2 2 2 2
left_child=2 -2 3 5 -4 -1 -7 -8 9 -5
right_child=1 -3 4 8 -6 6 7 -9 -10 -11
leaf_value=-39.050263728651892 21.933074683153226 61.183375891498557 -10.536838902317147 -6.6453646301331366 24.602674644070675 -8.6276619137051593 -35.079804335223137 -18.041707139003872 7.9219607388321966 0.1934603332323277
leaf_weight=30 50 30 42 40 40 58 31 42 42 31
leaf_count=30 50 30 42 40 40 58 31 42 42 31
internal_value=0.0670882 36.71 -8.17526 -12.6019 6.61341 -21.8947 -17.9391 -25.3152 0.645907 -3.66326
internal_weight=436 80 356 274 82 161 131 73 113 71
internal_count=436 80 356 274 82 161 131 73 113 71
is_linear=0
shrinkage=0.05


Tree=41
num_leaves=12
num_cat=0
split_feature=24 24 24 20 24 14 20 2 24 24 28
split_gain=4.76114e+07 9.57276e+06 9.16341e+06 1.20992e+07 4.03976e+06 3.80254e+06 6.68377e+06 6.64299e+06 535186 226930 189972
threshold=4398.1472222222228 5527.7777777777783 3194.4444444444448 16.795500000000001 2509.2583333333337 143.00000000000003 9.2822000000000013 5.5500000000000007 3620.369444444445 2844.4444444444448 0.42887605137607665
decision_type=2 2 2 2 2 2 2 2 2 2 2
left_child=2 -2 3 4 5 6 7 -1 -4 -6 -10
right_child=1 -3 8 -5 9 -7 -8 -9 10 -11 -12
leaf_value=-8.5129973563461085 21.623759621157088 58.134370638128132 0.66074511442469597 10.049905223427658 -9.2455929673369663 -33.331622030983056 2.5213443006993783 -37.79725092255871 11.567826375930638 -3.1342037803706937 5.9960689221164429
leaf_weight=36 45 30 30 50 31 47 33 42 31 30 31
leaf_count=36 45 30 30 50 31 47 33 42 31 30 31
internal_value=0.0637081 36.286 -7.46966 -12.1272 -17.1928 -21.4108 -16.3378 -24.3097 6.14697 -6.25012 8.79617
internal_weight=436 75 361 269 219 158 111 78 92 61 62
internal_count=436 75 361 269 219 158 111 78 92 61 62
is_linear=0
shrinkage=0.05


Tree=42
num_leaves=10
num_cat=0
split_feature=24 24 7 24 4 24 24 3 27
split_gain=4.30012e+07 9.38409e+06 8.19671e+06 1.14297e+07 3.99956e+06 4.44168e+06 1.57627e+06 419006 380616
threshold=4305.5555555555557 5527.7777777777783 28.250000000000004 2763.8888888888891 1005.2500000000001 1340.2777777777781 3620.369444444445 61.95000000000001 0.7266007961912001
decision_type=2 2 2 2 2 2 2 2 2
left_child=2 -2 3 4 -1 -6 8 -7 -5
right_child=1 -3 -4 6 5 7 -8 -9 -10
leaf_value=-5.492583069922639 19.832001865409808 55.237308753130847 17.585691131072185 -5.8636729893411044 -32.456701759955557 -18.788392228878518 8.0110283823065238 -11.467094008698911 1.1996941022783796
leaf_weight=51 50 30 30 47 58 33 55 50 32
leaf_count=51 50 30 30 47 58 33 55 50 32
internal_value=0.0607358 33.1614 -7.38483 -9.68744 -17.5056 -21.8437 1.51931 -14.3971 -3.0046
internal_weight=436 80 356 326 192 141 134 83 79
internal_count=436 80 356 326 192 141 134 83 79
is_linear=0
shrinkage=0.05


Tree=43
num_leaves=11
num_cat=0
split_feature=24 24 24 20 21 28 24 24 24 28
split_gain=3.88532e+07 7.78662e+06 7.49226e+06 1.01169e+07 3.57451e+06 5.3209e+06 5.27429e+06 3.156e+06 413844 173540
threshold=4398.1472222222228 5527.7777777777783 3194.4444444444448 16.795500000000001 0.73365472005487453 -0.317191288589106 1250.0000000000002 1953.7027777777778 3620.369444444445 0.42887605137607665
decision_type=2 2 2 2 2 2 2 2 2 2
left_child=2 -2 3 4 6 -6 -1 -7 -4 -10
right_child=1 -3 8 -5 5 7 -8 -9 9 -11
leaf_value=-37.264556452233023 19.555567627629792 52.484619062049845 0.74027682998251676 9.3202484481111014 7.9893991891977478 -27.732738568776018 -13.359886340804511 -8.5855120602882273 10.542239964813282 5.2219469509324083
leaf_weight=38 45 30 30 50 31 35 59 56 31 31
leaf_count=38 45 30 30 50 31 35 59 56 31 31
internal_value=0.058017 32.7796 -6.74728 -10.9588 -15.5908 -9.88203 -22.7534 -15.9722 5.56524 7.89487
internal_weight=436 75 361 269 219 122 97 91 92 62
internal_count=436 75 361 269 219 122 97 91 92 62
is_linear=0
shrinkage=0.05


Tree=44
num_leaves=11
num_cat=0
split_feature=24 24 7 24 9 20 30 24 24 0
split_gain=3.50894e+07 7.63517e+06 6.95728e+06 9.4556e+06 3.28308e+06 3.28382e+06 5.4936e+06 3.85946e+06 1.11271e+06 305084
threshold=4305.5555555555557 5527.7777777777783 28.250000000000004 2791.6666666666674 2.2500000000000004 7.0585000000000013 1.0000000180025095e-35 1250.0000000000002 3620.369444444445 437.70000000000005
decision_type=2 2 2 2 2 2 2 2 2 2
left_child=2 -2 3 4 5 7 -7 -1 9 -5
right_child=1 -3 -4 8 -6 6 -8 -9 -10 -11
leaf_value=-40.034985181066389 17.932769693919049 49.869106391577233 16.334650344468429 -5.5622960976386011 -2.365086801283629 -2.242287487199258 -27.042293816914395 -16.207607968147659 7.2154005719615846 0.94262222768161497
leaf_weight=31 50 30 30 35 38 54 38 38 55 37
leaf_count=31 50 30 30 35 38 54 38 38 55 37
internal_value=0.0553342 29.9563 -6.67049 -8.7919 -15.5919 -18.7103 -12.5041 -26.9552 1.86706 -2.22275
internal_weight=436 80 356 326 199 161 92 69 127 72
internal_count=436 80 356 326 199 161 92 69 127 72
is_linear=0
shrinkage=0.05


Tree=45
num_leaves=11
num_cat=0
split_feature=24 24 1 2 24 24 27 4 28 24
split_gain=2.89305e+07 6.48491e+06 5.60905e+06 1.44286e+07 1.11515e+07 2.81673e+06 2.18995e+06 591418 372955 165328
threshold=4125.0000000000009 5458.3333333333339 1.0000000180025095e-35 11.450000000000001 2115.5555555555561 3194.4444444444448 0.76665171983724034 1010.85 0.65180241000790706 4569.4444444444453
decision_type=2 2 2 2 2 2 2 2 2 2
left_child=2 9 3 -1 6 7 -4 -6 -7 -2
right_child=1 -3 4 -5 5 8 -8 -9 -10 -11
leaf_value=-10.952768244062151 13.179772456856661 44.03075727297179 -32.583065154392138 32.687039939905723 -13.258714927283307 6.951399457328133 -15.472005295085015 -5.2870184705006666 -0.043523184458414715 18.535869976178628
leaf_weight=51 30 31 46 30 40 47 32 56 32 31
leaf_count=51 30 31 46 30 40 47 32 56 32 31
internal_value=0.623618 25.4348 -6.21615 5.23044 -9.8815 -2.86846 -25.592 -8.61895 4.12148 15.9277
internal_weight=426 92 334 81 253 175 78 96 79 61
internal_count=426 92 334 81 253 175 78 96 79 61
is_linear=0
shrinkage=0.05


Tree=46
num_leaves=12
num_cat=0
split_feature=24 24 1 24 27 24 24 21 28 27 24
split_gain=2.61179e+07 5.85459e+06 5.06394e+06 1.01567e+07 8.60369e+06 2.90702e+06 1.24933e+06 399121 314247 171168 149251
threshold=4125.0000000000009 5458.3333333333339 1.0000000180025095e-35 2574.0750000000003 0.18398301698752706 1652.7777777777781 3361.1111111111113 0.79270017406440385 0.62531791166012562 0.42888796625999276 4569.4444444444453
decision_type=2 2 2 2 2 2 2 2 2 2 2
left_child=2 10 4 5 -1 -4 9 -7 -8 -5 -2
right_child=1 -3 3 6 -6 7 8 -9 -10 -11 -12
leaf_value=25.622630812960804 12.522973184807356 41.836298136695795 -32.557433123322873 -7.45749255856897 -7.8597072844971683 -18.478361880309066 7.4811596228948334 -11.421856683111557 0.73780224545592277 -2.390262175423334 17.612056570267754
leaf_weight=31 30 31 34 35 50 43 39 39 31 32 31
leaf_count=31 30 31 34 35 50 43 39 39 31 32 31
internal_value=0.592879 24.1672 -5.90591 -9.38861 4.97025 -20.269 -0.167917 -15.1403 4.5002 -5.04457 15.1339
internal_weight=426 92 334 253 81 116 137 82 70 67 61
internal_count=426 92 334 253 81 116 137 82 70 67 61
is_linear=0
shrinkage=0.05


Tree=47
num_leaves=11
num_cat=0
split_feature=24 24 1 2 24 24 24 4 28 21
split_gain=2.3579e+07 5.28553e+06 4.57179e+06 1.32203e+07 9.18247e+06 2.29279e+06 1.44523e+06 519157 308795 146358
threshold=4125.0000000000009 5458.3333333333339 1.0000000180025095e-35 11.450000000000001 2115.5555555555561 3194.4444444444448 1652.7777777777781 1010.85 0.67751439310362949 0.60245903330386097
decision_type=2 2 2 2 2 2 2 2 2 2
left_child=2 9 3 -1 6 7 -4 -6 -7 -2
right_child=1 -3 4 -5 5 8 -8 -9 -10 -11
leaf_value=-10.767501642232773 11.883213350857185 39.75120910938913 -30.93433516591875 31.004849821071691 -12.091360404188199 6.2577575758936002 -17.125398482757358 -4.6240128622123047 -0.14104629620861778 16.911141763731489
leaf_weight=51 31 31 34 30 40 48 44 56 31 30
leaf_count=51 31 31 34 30 40 48 44 56 31 30
internal_value=0.563536 22.9627 -5.61131 4.72283 -8.92045 -2.55662 -23.1766 -7.7448 3.74977 14.3797
internal_weight=426 92 334 81 253 175 78 96 79 61
internal_count=426 92 334 81 253 175 78 96 79 61
is_linear=0
shrinkage=0.05


Tree=48
num_leaves=10
num_cat=0
split_feature=28 0 7 9 7 28 28 0 0
split_gain=5.18967e+06 6.34866e+06 4.67076e+06 4.1919e+06 7.22409e+06 2.89478e+06 3.8623e+06 2.08578e+06 1.75562e+06
threshold=-0.91583036384466887 150.85000000000005 19.450000000000003 1.9500000000000002 24.750000000000004 -0.4288283929437588 0.047319635496388741 836.15000000000009 521.30000000000007
decision_type=2 2 2 2 2 2 2 2 2
left_child=-1 2 -2 4 5 -3 -7 8 -8
right_child=1 3 -4 -5 -6 6 7 -9 -10
leaf_value=-18.173590141167736 4.1261788238778996 14.231823413316594 30.828639115051573 11.870802987855058 -25.528258693403917 -16.748912177092134 -0.1571245171779628 -7.9749066402411506 12.295850834230176
leaf_weight=34 36 30 30 55 32 38 79 48 44
leaf_count=34 36 30 30 55 32 38 79 48 44
internal_value=0.535711 2.16269 16.292 -0.701951 -3.25707 -0.265706 -2.35253 0.854561 4.30393
internal_weight=426 392 66 326 271 239 209 171 123
internal_count=426 392 66 326 271 239 209 171 123
is_linear=0
shrinkage=0.05


Tree=49
num_leaves=10
num_cat=0
split_feature=24 24 1 2 24 24 24 28 21
split_gain=2.08896e+07 6.02637e+06 7.50193e+06 1.15159e+07 4.13119e+06 756155 490356 327675 294684
threshold=4787.0361111111115 3194.4444444444448 1.0000000180025095e-35 11.450000000000001 1731.4805555555556 2680.5555555555561 3791.6666666666674 0.57015780514270664 0.85815109133290968
decision_type=2 2 2 2 2 2 2 2 2
left_child=1 2 3 -1 -4 8 -3 -8 -6
right_child=-2 6 4 -5 5 -7 7 -9 -10
leaf_value=-9.9135740716863285 29.539703333355806 1.8610639527470418 -27.100149452443027 29.073297022822686 -15.128939196592952 -4.6919463704964022 12.328695874515166 5.3184917397386444 -8.8508470316307779
leaf_weight=51 54 49 44 30 45 52 30 38 33
leaf_count=51 54 49 44 30 45 52 30 38 33
internal_value=0.508981 -3.71195 -8.02171 4.54399 -13.8705 -9.37539 5.6799 8.42486 -12.4876
internal_weight=426 372 255 81 174 130 117 68 78
internal_count=426 372 255 81 174 130 117 68 78
is_linear=0
shrinkage=0.05


Tree=50
num_leaves=12
num_cat=0
split_feature=24 24 22 0 12 24 5 27 24 23 28
split_gain=1.65982e+07 4.4815e+06 4.4335e+06 4.09131e+06 3.46668e+06 4.34224e+06 3.88704e+06 1.99776e+06 703915 343137 342191
threshold=4125.0000000000009 5527.7777777777783 -0.6830127018922193 117.55000000000003 1.0000000180025095e-35 2250.0000000000005 17.250000000000004 0.84753307444029569 3361.1111111111113 0.25000000000000017 0.67751439310362949
decision_type=2 2 2 2 2 2 2 2 2 2 2
left_child=2 10 -1 -4 5 6 7 -5 9 -7 -2
right_child=1 -3 3 4 -6 8 -8 -9 -10 -11 -12
leaf_value=8.0967858647683197 14.922346131587739 34.465995835184671 -24.643753846588623 1.0904759814884883 8.6979563324920566 -0.87994106512000081 -28.556101033430021 -16.702113776043568 4.5896106889627051 -7.8472058035553065 7.3896311411711935
leaf_weight=54 30 31 31 31 37 41 36 32 37 31 31
leaf_count=54 30 31 31 31 37 41 36 32 37 31 31
internal_value=0.242001 19.0107 -4.99463 -7.55802 -5.38696 -7.89545 -15.4702 -7.9591 -1.00769 -3.88653 11.1127
internal_weight=422 92 330 276 245 208 99 63 109 72 61
internal_count=422 92 330 276 245 208 99 63 109 72 61
is_linear=0
shrinkage=0.05


Tree=51
num_leaves=11
num_cat=0
split_feature=24 1 11 24 24 24 0 28 21 28
split_gain=1.50048e+07 5.34754e+06 1.16262e+07 4.99348e+06 4.632e+06 1.20303e+06 933343 883899 460683 413159
threshold=3840.2777777777778 1.0000000180025095e-35 2.5000000000000004 5527.7777777777783 1976.8527777777779 2791.6666666666674 630.65000000000009 0.59809228744854648 0.77373121131741829 0.59809228744854648
decision_type=2 2 2 2 2 2 2 2 2 2
left_child=1 2 -1 7 6 8 -3 -2 -6 -7
right_child=3 4 -4 -5 5 9 -8 -9 -10 -11
leaf_value=-16.121981362057596 15.336274908342933 -27.093351133479629 23.484884255742237 32.748237029379204 -13.664257929739449 1.7750039674192939 -14.984402347358202 4.925448449129 -5.91857142005885 -5.2278220725548934
leaf_weight=33 35 30 42 31 35 55 35 49 43 34
leaf_count=33 35 30 42 31 35 55 35 49 43 34
internal_value=0.229909 -5.54078 6.05953 15.6266 -9.2919 -4.87838 -20.6063 9.27643 -9.40731 -0.903042
internal_weight=422 307 75 115 232 167 65 84 78 89
internal_count=422 307 75 115 232 167 65 84 78 89
is_linear=0
shrinkage=0.05


Tree=52
num_leaves=10
num_cat=0
split_feature=14 14 1 7 17 29 6 0 4
split_gain=4.82754e+06 6.76324e+06 1.04289e+07 7.54442e+06 1.85655e+06 1.66795e+06 625587 368391 443732
threshold=42.000000000000007 196.00000000000003 0.6000000000000002 26.650000000000002 1.0000000180025095e-35 1.0000000180025095e-35 4.1500000000000012 280.25000000000006 1014.4500000000002
decision_type=2 2 2 2 2 2 2 2 2
left_child=-1 2 -2 4 -3 -6 7 -4 -9
right_child=1 3 6 -5 5 -7 -8 8 -10
leaf_value=13.602626029800835 -28.140969645605267 8.7704754441595441 -6.7527881485508772 26.115758662606876 -10.941437736822635 4.0442506515348446 4.2439735600072099 2.3479311807704937 -5.0019575896926058
leaf_weight=58 48 39 48 36 44 32 35 42 40
leaf_count=58 48 39 48 36 44 32 35 42 40
internal_value=0.218356 -1.91744 -7.65442 6.1748 -0.0848077 -4.63459 -1.68123 -3.27855 -1.23905
internal_weight=422 364 213 151 115 76 165 130 82
internal_count=422 364 213 151 115 76 165 130 82
is_linear=0
shrinkage=0.05


Tree=53
num_leaves=11
num_cat=0
split_feature=28 14 3 1 21 5 4 7 5 0
split_gain=4.62956e+06 5.13053e+06 1.09688e+07 9.41413e+06 2.87606e+06 4.82033e+06 937071 270469 780189 372945
threshold=0.76110425866077458 196.00000000000003 75.700000000000003 0.6000000000000002 1.6204693611473273 7.8750000000000009 1011.2500000000001 12.950000000000001 13.850000000000003 208.15000000000003
decision_type=2 2 2 2 2 2 2 2 2 2
left_child=1 3 6 -1 5 -2 -3 -5 -9 -10
right_child=4 2 -4 7 -6 -7 -8 8 9 -11
leaf_value=-26.736845692973624 24.287902858758429 -11.088486389420989 29.465765338349556 -5.7982175134002594 -3.3202561930947434 -1.350369989515539 0.94308061124478459 4.5629545203692841 -7.4073081307261752 -0.73526524573049712
leaf_weight=48 47 35 34 31 33 30 30 47 35 52
leaf_count=48 47 35 34 31 33 30 30 47 35 52
internal_value=0.207537 -2.90227 6.49812 -7.27248 9.02274 14.3101 -5.54246 -1.59732 -0.621839 -3.4249
internal_weight=422 312 99 213 110 77 65 165 134 87
internal_count=422 312 99 213 110 77 65 165 134 87
is_linear=0
shrinkage=0.05


Tree=54
num_leaves=11
num_cat=0
split_feature=28 4 28 1 27 14 2 7 30 7
split_gain=4.34054e+06 6.51109e+06 5.33902e+06 5.56973e+06 3.41311e+06 2.49435e+06 680656 351686 433298 710770
threshold=-0.91583036384466887 1002.1500000000002 0.76110425866077458 0.6000000000000002 -0.21772121422198129 23.000000000000004 16.350000000000005 12.950000000000001 -0.56174490092936669 18.950000000000003
decision_type=2 2 2 2 2 2 2 2 2 2
left_child=-1 -2 3 -3 -4 -6 7 -5 -9 -10
right_child=1 2 4 6 5 -7 -8 8 9 -11
leaf_value=-15.899750651837648 19.641748748068803 -23.877804503195957 -2.86132535580591 -5.2316021112767066 5.5038622184102266 24.672939561914518 -8.4984973472030969 4.9484035503545236 3.2323968481862368 -5.4562745743258825
leaf_weight=38 45 33 41 31 33 35 31 41 46 48
leaf_count=38 45 33 41 31 33 35 31 41 46 48
internal_value=0.197192 1.79386 -0.580412 -4.8997 8.52977 15.3921 -1.7101 -0.438 0.665774 -1.2054
internal_weight=422 384 339 230 109 68 197 166 135 94
internal_count=422 384 339 230 109 68 197 166 135 94
is_linear=0
shrinkage=0.05


Tree=55
num_leaves=11
num_cat=0
split_feature=24 1 0 24 24 24 27 24 27 24
split_gain=1.22457e+07 5.8306e+06 1.91781e+07 7.15878e+06 2.89302e+06 2.83369e+06 690957 684512 525131 366863
threshold=4305.5555555555557 1.0000000180025095e-35 420.30000000000001 1564.8138888888891 2902.7777777777778 5527.7777777777783 0.91236630913977501 2115.5555555555561 0.82876241254485883 3541.6666666666674
decision_type=2 2 2 2 2 2 2 2 2 2
left_child=1 2 -1 -3 6 -2 7 -5 9 -6
right_child=5 3 -4 4 8 -7 -8 -9 -10 -11
leaf_value=38.669084509699296 10.498372067805388 -30.292179704742182 -11.926828370630867 -18.000196730438919 -4.5238972565804163 30.104693232818303 -4.0075616192024999 -8.7700646718890241 6.7002920361083795 2.2735999945880603
leaf_weight=31 48 30 47 31 36 30 39 58 33 44
leaf_count=31 48 30 47 31 36 30 39 58 33 44
internal_value=0.1706 -3.83346 8.2055 -7.30031 -4.42686 18.0682 -9.57106 -12.0017 1.40347 -0.78704
internal_weight=427 349 78 271 241 78 128 89 113 80
internal_count=427 349 78 271 241 78 128 89 113 80
is_linear=0
shrinkage=0.05


Tree=56
num_leaves=11
num_cat=0
split_feature=24 1 0 24 24 24 27 28 27 2
split_gain=1.11076e+07 6.46522e+06 1.73136e+07 5.50886e+06 3.69188e+06 1.43404e+06 774763 473039 433336 281349
threshold=3791.6666666666674 1.0000000180025095e-35 420.30000000000001 1564.8138888888891 5527.7777777777783 2351.8527777777786 0.77753234098132629 0.54154757264970865 0.78829775591774609 6.6000000000000005
decision_type=2 2 2 2 2 2 2 2 2 2
left_child=1 2 -1 -3 7 8 9 -2 -5 -7
right_child=4 3 -4 5 -6 6 -8 -9 -10 -11
leaf_value=36.741846824228958 12.906542704335624 -28.782602141307439 -11.3317521842422 -15.613927854923659 28.604459528748777 -9.0875992181723788 2.2427946641946295 5.1396766249214361 -7.5087328377260647 -3.4158065326711076
leaf_weight=31 32 30 47 36 30 36 47 51 31 56
leaf_count=31 32 30 47 36 30 36 47 51 31 56
internal_value=0.162195 -4.67578 7.79694 -8.7997 13.5981 -5.87699 -2.97666 8.14612 -11.8806 -5.64272
internal_weight=427 314 78 236 113 206 139 83 67 92
internal_count=427 314 78 236 113 206 139 83 67 92
is_linear=0
shrinkage=0.05


Tree=57
num_leaves=12
num_cat=0
split_feature=24 24 27 24 24 24 27 24 27 24 29
split_gain=1.00778e+07 4.76807e+06 1.50089e+07 5.82233e+06 2.39917e+06 2.27639e+06 576832 575796 438108 292405 225850
threshold=4305.5555555555557 1.0000000180025095e-35 0.67125374152323958 1564.8138888888891 2902.7777777777778 5527.7777777777783 0.92591620288614507 2115.5555555555561 0.82876241254485883 3541.6666666666674 1.0000000180025095e-35
decision_type=2 2 2 2 2 2 2 2 2 2 2
left_child=1 2 -1 -3 6 -2 7 -5 9 -6 -9
right_child=5 3 -4 4 8 -7 -8 10 -10 -11 -12
leaf_value=26.166461410014961 9.6050640004092589 -27.348253425015169 -18.171655001453043 -16.221861257582809 -4.0494002132204434 27.178988128049031 -3.3283537407000638 -10.960100225277516 6.1256214512078788 2.0192171747722325 -4.8009455519261159
leaf_weight=45 48 30 33 32 36 30 36 30 33 44 30
leaf_count=45 48 30 33 32 36 30 36 30 33 44 30
internal_value=0.1542 -3.47818 7.40871 -6.61327 -4.02186 16.3905 -8.70646 -10.805 1.28755 -0.713244 -7.89372
internal_weight=427 349 78 271 241 78 128 92 113 80 60
internal_count=427 349 78 271 241 78 128 92 113 80 60
is_linear=0
shrinkage=0.05


Tree=58
num_leaves=10
num_cat=0
split_feature=28 1 20 20 7 28 26 18 6
split_gain=2.2934e+06 4.67759e+06 1.55392e+07 2.0608e+06 797046 574652 466566 644242 354798
threshold=-0.91583036384466887 1.0000000180025095e-35 8.258200000000004 16.038750000000004 6.0500000000000016 0.89771014032557062 10.950000000000003 1.0000000180025095e-35 2.6500000000000008
decision_type=2 2 2 2 2 2 2 2 2
left_child=-1 2 -2 4 -3 6 7 8 -6
right_child=1 3 -4 -5 5 -7 -8 -9 -10
leaf_value=-12.706429072109708 -12.656345922527123 7.4473647385565531 36.648874342126931 -12.844732237561358 3.1929843982173001 -5.7895769155708843 -5.1622941235040969 7.60304107860496 -1.8810661417248906
leaf_weight=32 30 33 34 34 53 47 33 33 98
leaf_count=32 30 33 34 34 53 47 33 33 98
internal_value=0.146327 1.19053 13.5533 -1.20321 0.133347 -0.78336 0.30308 1.28558 -0.0991404
internal_weight=427 395 64 331 297 264 217 184 151
internal_count=427 395 64 331 297 264 217 184 151
is_linear=0
shrinkage=0.05


Tree=59
num_leaves=11
num_cat=0
split_feature=24 24 0 24 24 24 28 21 22 24
split_gain=9.11847e+06 4.88543e+06 1.51677e+07 4.46302e+06 2.97766e+06 1.16281e+06 456956 400189 309967 299678
threshold=3791.6666666666674 1.0000000180025095e-35 420.30000000000001 1564.8138888888891 5527.7777777777783 2351.8527777777786 0.54154757264970865 0.66641489361702144 0.68301270189221941 3069.4444444444448
decision_type=2 2 2 2 2 2 2 2 2 2
left_child=1 2 -1 -3 6 8 -2 -7 -5 -9
right_child=4 3 -4 5 -6 7 -8 9 -10 -11
leaf_value=33.690407913060817 12.093784380404749 -25.815428239404163 -11.304912622212857 -13.669798507073498 25.789657780339947 -6.1064196807764279 4.4631342844953741 -3.1428869765062197 -6.7912710222294965 2.7240201974463893
leaf_weight=31 32 30 47 37 30 51 51 49 30 39
leaf_count=31 32 30 47 37 30 51 51 49 30 39
internal_value=0.139054 -4.24438 6.59802 -7.82919 12.3126 -5.19855 7.41614 -2.58695 -10.6046 -0.542583
internal_weight=427 314 78 236 113 206 83 139 67 88
internal_count=427 314 78 236 113 206 83 139 67 88
is_linear=0
shrinkage=0.05


Tree=60
num_leaves=9
num_cat=0
split_feature=24 3 11 4 0 24 24 0
split_gain=9.73563e+06 2.89409e+06 3.54927e+06 4.85208e+06 2.79079e+06 2.6365e+06 666650 231491
threshold=4787.0361111111115 46.550000000000004 4.5000000000000009 1001.9500000000002 151.40000000000003 1340.2777777777781 3361.1111111111113 690.25000000000011
decision_type=2 2 2 2 2 2 2 2
left_child=1 -1 3 -3 -5 -6 7 -7
right_child=-2 2 -4 4 5 6 -8 -9
leaf_value=-14.37144441066914 19.089065704414935 -18.632513077041402 9.7509636414879779 12.697709910260555 -15.382455628202232 -4.6852627500648287 4.8594423540189959 0.24179798597536292
leaf_weight=52 55 47 56 32 36 55 44 42
leaf_count=52 55 47 56 32 36 55 44 42
internal_value=-0.498411 -3.4625 -1.64031 -4.135 -0.867418 -3.32568 -0.238603 -2.55379
internal_weight=419 364 312 256 209 177 141 97
internal_count=419 364 312 256 209 177 141 97
is_linear=0
shrinkage=0.05


Tree=61
num_leaves=10
num_cat=0
split_feature=24 3 24 11 24 24 24 29 14
split_gain=8.78812e+06 2.61244e+06 3.28267e+06 1.45035e+07 3.81353e+06 580248 384460 307459 166653
threshold=4787.0361111111115 46.550000000000004 1.0000000180025095e-35 2.5000000000000004 2791.6666666666674 1694.4444444444446 3361.1111111111113 0.6078576107927941 202.00000000000003
decision_type=2 2 2 2 2 2 2 2 2
left_child=1 -1 3 -3 5 -4 -6 -7 -8
right_child=-2 2 4 -5 6 7 8 -9 -10
leaf_value=-13.654251712205999 18.136344923860584 -16.277644571230724 -16.217908972743142 30.941196456193229 -1.7536658037411657 -10.668560885193088 5.9701957829438959 -4.6745426096467888 1.3312786229067339
leaf_weight=52 55 31 32 34 44 56 47 35 33
leaf_count=52 55 31 32 34 44 56 47 35 33
internal_value=-0.473566 -3.28973 -1.55847 8.43095 -4.18963 -10.4239 1.99778 -8.37089 4.06076
internal_weight=419 364 312 65 247 123 124 91 80
internal_count=419 364 312 65 247 123 124 91 80
is_linear=0
shrinkage=0.05


Tree=62
num_leaves=10
num_cat=0
split_feature=24 14 2 2 26 26 21 7 14
split_gain=7.98803e+06 2.26542e+06 3.80802e+06 5.48754e+06 6.89293e+06 3.52635e+06 2.73045e+06 2.06981e+06 794934
threshold=4006.9444444444448 31.500000000000004 10.450000000000001 4.6500000000000012 7.0000000000000018 5.6500000000000012 0.73365472005487453 16.750000000000004 134.50000000000003
decision_type=2 2 2 2 2 2 2 2 2
left_child=1 -1 3 4 -3 -4 -7 -2 -8
right_child=7 2 5 -5 -6 6 8 -9 -10
leaf_value=8.1818944349389771 18.402735856680099 -21.334371281859291 13.907755438870893 -29.709079417433266 6.4837087094426868 -17.577341118365823 3.5676833124721754 3.5057591350298574 -5.1925869334016674
leaf_weight=33 56 40 33 33 50 30 56 40 48
leaf_count=33 56 40 33 33 50 30 56 40 48
internal_value=-0.44997 -4.21407 -5.627 -12.2993 -5.88978 -0.708215 -4.31539 12.2058 -0.476574
internal_weight=419 323 290 123 90 167 134 96 104
internal_count=419 323 290 123 90 167 134 96 104
is_linear=0
shrinkage=0.05


Tree=63
num_leaves=10
num_cat=0
split_feature=24 3 24 11 24 27 24 24 28
split_gain=7.35437e+06 2.44016e+06 3.07103e+06 1.29847e+07 3.22318e+06 519731 662714 379065 206296
threshold=4787.0361111111115 46.550000000000004 1.0000000180025095e-35 2.5000000000000004 2763.8888888888891 0.89773508019357628 2009.2583333333334 3291.6666666666674 0.57015780514270664
decision_type=2 2 2 2 2 2 2 2 2
left_child=1 -1 3 -3 5 6 -4 -6 -9
right_child=-2 2 4 -5 7 -7 -8 8 -10
leaf_value=-13.020848194971652 16.596587322930894 -15.048612052068066 -17.472054333141472 29.629774399027447 -1.9259619694863224 -5.0684463582326735 -8.1933579946040052 5.9512355121084894 0.88530607030719433
leaf_weight=52 55 31 34 34 49 38 45 44 37
leaf_count=52 55 31 34 34 49 38 45 44 37
internal_value=-0.427706 -3.00392 -1.33078 8.33116 -3.87576 -9.8927 -12.2038 1.54289 3.64118
internal_weight=419 364 312 65 247 117 79 130 81
internal_count=419 364 312 65 247 117 79 130 81
is_linear=0
shrinkage=0.05


Tree=64
num_leaves=11
num_cat=0
split_feature=11 1 1 27 3 7 29 23 2 28
split_gain=3.0446e+06 4.14538e+06 3.43526e+06 1.26171e+06 1.23856e+06 812677 245296 212969 210472 102319
threshold=3.5000000000000004 0.6000000000000002 0.6000000000000002 0.44434114302944505 63.20000000000001 15.65 0.6078576107927941 0.25000000000000017 10.65 0.38167508216062845
decision_type=2 2 2 2 2 2 2 2 2 2
left_child=2 -2 -1 8 -3 -5 -7 -6 -4 -10
right_child=1 4 3 5 7 6 -8 -9 9 -11
leaf_value=-14.994007466562275 21.874406210053404 6.7663933466410686 -7.2894373625584468 8.6644547911950767 -0.85811024361222266 2.6893792325800119 -3.3079117622543297 -6.5247731199296215 -4.8863156315496203 -0.85184328419204203
leaf_weight=53 30 54 44 40 37 34 34 30 30 33
leaf_count=53 30 54 44 40 37 34 34 30 30 33
internal_value=-0.406412 5.26966 -3.60529 -0.792146 1.13807 3.01899 -0.309647 -3.40144 -4.63817 -2.7778
internal_weight=419 151 268 215 121 108 68 67 107 63
internal_count=419 151 268 215 121 108 68 67 107 63
is_linear=0
shrinkage=0.05


Tree=65
num_leaves=11
num_cat=0
split_feature=24 1 6 24 24 24 28 29 0 14
split_gain=5.06941e+06 2.77371e+06 9.12275e+06 5.06442e+06 961182 642677 340617 321726 200843 63940.4
threshold=5527.7777777777783 1.0000000180025095e-35 3.2500000000000004 2657.4083333333338 1731.4805555555556 3643.5194444444446 0.57015780514270664 1.0000000180025095e-35 690.25000000000011 166.00000000000003
decision_type=2 2 2 2 2 2 2 2 2 2
left_child=1 2 -1 4 -3 8 -7 -6 9 -5
right_child=-2 3 -4 5 7 6 -8 -9 -10 -11
leaf_value=21.624280145480206 19.172164000306175 -17.807757366751265 -12.650469545604896 -1.6957964535442842 -11.74651214812965 7.3781895017941084 1.5124455014504019 -5.2575797149070773 1.5646787431124836 -4.9146142576620031
leaf_weight=45 32 42 34 32 37 45 55 40 33 30
leaf_count=45 32 42 34 32 37 45 55 40 33 30
internal_value=0.0669898 -1.49312 6.87571 -3.60019 -11.7241 1.36093 4.15681 -8.38689 -1.58332 -3.25878
internal_weight=425 393 79 314 119 195 100 77 95 62
internal_count=425 393 79 314 119 195 100 77 95 62
is_linear=0
shrinkage=0.05


Tree=66
num_leaves=11
num_cat=0
split_feature=24 6 2 24 24 21 24 24 24 2
split_gain=4.57667e+06 2.61482e+06 4.88349e+06 7.9097e+06 3.95001e+06 2.87942e+06 1.37289e+06 484874 417805 288167
threshold=5527.7777777777783 2.5500000000000003 15.597000000000003 1250.0000000000002 1694.4444444444446 0.84469876099498731 3069.4444444444448 3643.5194444444446 2921.2972222222229 1.0000000180025095e-35
decision_type=2 2 2 2 2 2 2 2 2 2
left_child=1 4 3 -3 -1 -4 -6 9 -7 -5
right_child=-2 2 5 7 6 8 -8 -9 -10 -11
leaf_value=19.967916182996376 18.216542277232136 -26.899776310323404 14.757530883541726 -8.8099909172180766 -6.2641279402607211 -6.2533236333610782 5.6924509683038043 1.3851717655157061 1.8886651440712308 -2.348606260947864
leaf_weight=31 32 47 40 31 50 33 46 46 30 39
leaf_count=31 32 47 40 31 50 33 46 46 30 39
internal_value=0.063606 -1.41874 -4.23639 -9.61955 4.48144 4.28362 -0.53492 -2.6009 -2.37926 -5.21863
internal_weight=425 393 266 163 127 103 96 116 63 70
internal_count=425 393 266 163 127 103 96 116 63 70
is_linear=0
shrinkage=0.05


Tree=67
num_leaves=11
num_cat=0
split_feature=24 1 27 24 24 24 28 29 15 24
split_gain=4.13174e+06 2.68681e+06 1.06505e+07 4.41534e+06 921500 532014 302653 282367 202271 99765.4
threshold=5527.7777777777783 1.0000000180025095e-35 0.69636977696931246 2657.4083333333338 1731.4805555555556 3643.5194444444446 0.57015780514270664 1.0000000180025095e-35 1.0000000180025095e-35 3069.4444444444448
decision_type=2 2 2 2 2 2 2 2 2 2
left_child=1 2 -1 4 -3 8 -7 -6 9 -5
right_child=-2 3 -4 5 7 6 -8 -9 -10 -11
leaf_value=22.018270940436427 17.308552617818766 -16.962967442673346 -15.331947086607554 -5.1510469954113489 -10.887901327230859 6.7908899209451778 1.2621399191460032 -4.8095904385359809 1.6907719692794938 -1.1379227813033812
leaf_weight=47 32 42 32 31 37 45 55 40 33 31
leaf_count=47 32 42 32 31 37 45 55 40 33 31
internal_value=0.0605589 -1.34789 6.88875 -3.42172 -11.0072 1.21061 3.75443 -7.74074 -1.46816 -3.14963
internal_weight=425 393 79 314 119 195 100 77 95 62
internal_count=425 393 79 314 119 195 100 77 95 62
is_linear=0
shrinkage=0.05


Tree=68
num_leaves=11
num_cat=0
split_feature=24 27 3 24 26 22 3 24 28 24
split_gain=3.73015e+06 2.49885e+06 8.93063e+06 3.26564e+06 5.02463e+06 4.2241e+06 1.07087e+06 861684 366563 223903
threshold=5527.7777777777783 -0.3696697642099897 74.700000000000003 2731.4805555555558 6.1500000000000021 0.68301270189221941 63.45000000000001 3125.0000000000005 0.80392796183282111 3840.2777777777778
decision_type=2 2 2 2 2 2 2 2 2 2
left_child=1 2 7 4 -3 -6 -7 -1 9 -5
right_child=-2 3 -4 8 5 6 -8 -9 -10 -11
leaf_value=-10.022814007430334 16.445820719876391 -22.450528862057439 27.296168393286592 1.8765059488593101 8.1261971656271008 -18.309082468324323 -4.9377488993331049 0.91079281719547078 -1.6318230125697912 7.011433958531784
leaf_weight=35 32 46 32 54 49 30 30 37 45 35
leaf_count=35 32 46 32 54 49 30 30 37 45 35
internal_value=0.0574685 -1.28078 5.36212 -3.67235 -8.61191 -2.75649 -11.6428 -4.41062 2.04344 3.90152
internal_weight=425 393 104 289 155 109 60 72 134 89
internal_count=425 393 104 289 155 109 60 72 134 89
is_linear=0
shrinkage=0.05


Tree=69
num_leaves=11
num_cat=0
split_feature=24 1 27 24 24 24 21 4 15 24
split_gain=3.36754e+06 2.47112e+06 9.38766e+06 3.73224e+06 816738 453996 292315 255520 183862 88515.4
threshold=5527.7777777777783 1.0000000180025095e-35 0.69636977696931246 2657.4083333333338 1731.4805555555556 3643.5194444444446 0.65118305509987462 1015.35 1.0000000180025095e-35 3069.4444444444448
decision_type=2 2 2 2 2 2 2 2 2 2
left_child=1 2 -1 4 -3 8 -7 -6 9 -5
right_child=-2 3 -4 5 7 6 -8 -9 -10 -11
leaf_value=20.886258768579765 15.626091571463229 -15.786470878605606 -14.179960272245317 -4.9096864724849203 -9.5323057778923044 0.69688049514374573 6.1025013057771558 -3.6725278032902988 1.5904799887420911 -1.1292848807822471
leaf_weight=47 32 42 32 31 45 50 50 32 33 31
leaf_count=47 32 42 32 31 45 50 50 32 33 31
internal_value=0.0546459 -1.2169 6.68219 -3.20576 -10.1798 1.05321 3.40314 -7.10506 -1.42132 -3.02443
internal_weight=425 393 79 314 119 195 100 77 95 62
internal_count=425 393 79 314 119 195 100 77 95 62
is_linear=0
shrinkage=0.05


Tree=70
num_leaves=11
num_cat=0
split_feature=3 3 24 3 1 24 20 21 6 27
split_gain=3.58233e+06 7.87528e+06 3.28537e+06 4.09309e+06 4.35551e+06 1.13304e+06 933949 803238 405861 212242
threshold=86.050000000000011 82.200000000000003 3750.0000000000005 45.400000000000006 1.0000000180025095e-35 2458.3333333333335 4.7707000000000006 0.63667604752970619 2.6500000000000008 -0.28435655403991289
decision_type=2 2 2 2 2 2 2 2 2 2
left_child=1 2 3 -1 -5 8 -4 -8 -6 -7
right_child=-2 -3 6 4 5 9 7 -9 -10 -11
leaf_value=-20.379510514407563 -13.478816277813758 24.44497938372217 11.243310704396357 12.67362763071853 -13.85079474798745 -4.7056195838429105 -3.838819250949594 7.7133185434183007 -6.5157607950356606 0.39318000666810438
leaf_weight=34 47 33 49 42 34 32 30 30 43 56
leaf_count=34 47 33 49 42 34 32 30 30 43 56
internal_value=-0.466334 1.13359 -1.07069 -4.32817 -1.68312 -5.34306 6.12895 1.94039 -9.76844 -1.46411
internal_weight=430 383 350 241 207 165 109 60 77 88
internal_count=430 383 350 241 207 165 109 60 77 88
is_linear=0
shrinkage=0.05


Tree=71
num_leaves=10
num_cat=0
split_feature=3 3 24 0 24 26 24 15 3
split_gain=3.23376e+06 7.10975e+06 3.04752e+06 3.00752e+06 3.03094e+06 1.00894e+06 1.90808e+06 239206 128090
threshold=86.050000000000011 82.200000000000003 3194.4444444444448 277.45000000000005 1250.0000000000002 10.050000000000002 4902.7777777777783 1.0000000180025095e-35 65.350000000000009
decision_type=2 2 2 2 2 2 2 2 2
left_child=1 2 3 -1 -5 6 8 -6 -4
right_child=-2 -3 5 4 7 -7 -8 -9 -10
leaf_value=5.0509439832622149 -12.806305930265195 23.226423174809113 0.48941558136598662 -18.576913791066747 -5.5157628222710091 -3.3064784778929188 15.947236853339923 -0.41248923011339245 4.5694812142236714
leaf_weight=54 47 33 46 51 58 33 37 38 33
leaf_count=54 47 33 46 51 58 33 37 38 33
internal_value=-0.443091 1.077 -1.0174 -5.03337 -8.73876 4.39983 6.59315 -3.4983 2.19743
internal_weight=430 383 350 201 147 149 116 96 79
internal_count=430 383 350 201 147 149 116 96 79
is_linear=0
shrinkage=0.05


Tree=72
num_leaves=10
num_cat=0
split_feature=3 8 24 2 24 26 24 3 29
split_gain=2.91919e+06 6.64191e+06 3.05339e+06 2.51245e+06 3.5454e+06 954476 1.60984e+06 662197 157742
threshold=86.050000000000011 21.950000000000003 3194.4444444444448 5.2500000000000009 1250.0000000000002 8.1500000000000039 4398.1472222222228 54.000000000000007 1.0000000180025095e-35
decision_type=2 2 2 2 2 2 2 2 2
left_child=1 2 3 -1 -5 6 -4 -7 -6
right_child=-2 -3 5 4 8 7 -8 -9 -10
leaf_value=3.8854071441757281 -12.167350235916754 22.793657116280912 1.4241425456432757 -19.945754593623693 -5.1308195329003805 -3.5004898399875226 16.705523393521496 5.5473901440074123 -1.1177873323988283
leaf_weight=57 47 32 36 46 49 43 33 38 49
leaf_count=57 47 32 36 46 49 43 33 38 49
internal_value=-0.420835 1.02343 -0.967232 -4.9948 -8.51017 4.42941 8.7463 0.745739 -3.12754
internal_weight=430 383 351 201 144 150 69 81 98
internal_count=430 383 351 201 144 150 69 81 98
is_linear=0
shrinkage=0.05


Tree=73
num_leaves=12
num_cat=0
split_feature=3 3 24 2 24 24 26 24 4 0 14
split_gain=2.63523e+06 6.23575e+06 2.51715e+06 3.17132e+06 3.5937e+06 3.39144e+06 854775 1.62878e+06 197817 109940 105319
threshold=86.050000000000011 82.200000000000003 3194.4444444444448 5.2500000000000009 1938.8888888888889 1250.0000000000002 10.050000000000002 4902.7777777777783 1011.2500000000001 543.65000000000009 110.50000000000001
decision_type=2 2 2 2 2 2 2 2 2 2 2
left_child=1 2 3 4 -1 -5 7 9 -7 -4 -10
right_child=-2 -3 6 5 -6 8 -8 -9 10 -11 -12
leaf_value=17.193078176365344 -11.560274098228243 21.715922779763215 0.43017808611366271 -19.86240114122306 -7.2429981950905633 -6.4519053209944435 -3.1585031080101915 14.595633255375041 -3.7836785528746955 4.2706382677008543 0.33536215125586016
leaf_weight=30 47 33 49 46 30 33 33 37 30 30 32
leaf_count=30 47 33 49 46 30 33 33 37 30 30 32
internal_value=-0.399694 0.972528 -0.988907 -4.63872 4.98323 -8.73383 3.93444 5.95328 -3.32999 1.8922 -1.66052
internal_weight=430 383 350 201 60 141 149 116 95 79 62
internal_count=430 383 350 201 60 141 149 116 95 79 62
is_linear=0
shrinkage=0.05


Tree=74
num_leaves=10
num_cat=0
split_feature=11 26 26 0 1 0 2 27 14
split_gain=2.38648e+06 4.16444e+06 5.61286e+06 3.56597e+06 1.10435e+07 2.73293e+06 1.15312e+06 746402 218726
threshold=3.5000000000000004 8.5500000000000025 6.6500000000000021 277.45000000000005 0.6000000000000002 130.00000000000003 14.450000000000001 0.67760851415498091 290.00000000000006
decision_type=2 2 2 2 2 2 2 2 2
left_child=3 2 -2 5 -5 -1 -3 8 -6
right_child=1 6 -4 4 7 -7 -8 -9 -10
leaf_value=-5.0563145747303713 1.1960264877559077 -10.423612531676621 26.458702519126337 -32.778386691221151 -7.0704952371088314 10.996809777793949 2.369229702786122 3.3751762295826966 -1.554420972345901
leaf_weight=48 54 39 37 35 37 59 32 54 35
leaf_count=48 54 39 37 35 37 59 32 54 35
internal_value=-0.379633 4.40973 11.4855 -3.27528 -7.9752 3.79736 -4.66253 -1.06486 -4.39501
internal_weight=430 162 91 268 161 107 71 126 72
internal_count=430 162 91 268 161 107 71 126 72
is_linear=0
shrinkage=0.05


Tree=75
num_leaves=11
num_cat=0
split_feature=24 1 27 24 24 24 11 11 27 21
split_gain=6.43836e+06 4.0473e+06 5.97496e+06 3.40057e+06 745190 588965 402196 331599 272759 180609
threshold=5527.7777777777783 1.0000000180025095e-35 0.69636977696931246 2680.5555555555561 1694.4444444444446 3791.6666666666674 2.5000000000000004 3.5000000000000004 0.76665171983724034 0.76417112299465251
decision_type=2 2 2 2 2 2 2 2 2 2
left_child=1 2 -1 4 -3 8 -6 -7 9 -5
right_child=-2 3 -4 5 6 7 -8 -9 -10 -11
leaf_value=20.787954481847422 23.811240475676783 -15.274102608689114 -7.2305953930428544 -5.7616026217755296 -3.5429249765392314 7.4797641590601067 -10.066165226684705 1.4740484266017908 2.4711330443379698 -0.6849842053411126
leaf_weight=49 30 34 31 30 50 45 45 47 37 42
leaf_count=49 30 34 31 30 50 45 45 47 37 42
internal_value=1.49142 -0.147129 9.93523 -2.59362 -8.92596 1.47281 -6.64027 4.41661 -1.01359 -2.80537
internal_weight=440 410 80 330 129 201 95 92 109 72
internal_count=440 410 80 330 129 201 95 92 109 72
is_linear=0
shrinkage=0.05


Tree=76
num_leaves=11
num_cat=0
split_feature=1 2 20 3 0 0 2 14 27 0
split_gain=2.5208e+06 5.8464e+06 2.01549e+06 1.13902e+06 730842 495502 1.05148e+06 432250 196986 179284
threshold=1.0000000180025095e-35 11.450000000000001 17.599500000000003 45.400000000000006 117.55000000000003 374.35000000000008 9.2500000000000018 63.500000000000007 -0.15005400879207767 997.35000000000014
decision_type=2 2 2 2 2 2 2 2 2 2
left_child=1 -1 3 -2 -5 6 -6 -7 -9 -10
right_child=2 -3 -4 4 5 7 -8 8 9 -11
leaf_value=-1.0393964965840776 7.9126207225434406 26.849426666209069 -11.405236672712464 -6.9862359691524762 11.242830611384193 -5.7930386676407952 -0.93969441555492284 -2.0402397462646733 4.2353105073869939 -0.46869170958428735
leaf_weight=50 49 30 37 36 30 35 43 49 42 39
leaf_count=50 49 30 37 36 30 35 43 49 42 39
internal_value=1.41701 9.43931 -0.367842 0.899626 -0.356933 0.64831 4.07529 -0.869386 0.459608 1.97257
internal_weight=440 80 360 323 274 238 73 165 130 81
internal_count=440 80 360 323 274 238 73 165 130 81
is_linear=0
shrinkage=0.05


Tree=77
num_leaves=11
num_cat=0
split_feature=24 1 0 24 0 24 28 15 0 21
split_gain=5.84095e+06 3.3576e+06 5.67124e+06 3.03231e+06 653685 574111 341060 309772 222333 130280
threshold=5527.7777777777783 1.0000000180025095e-35 420.30000000000001 2574.0750000000003 331.85000000000008 3791.6666666666674 0.59809228744854648 1.0000000180025095e-35 654.95000000000016 0.795737222976029
decision_type=2 2 2 2 2 2 2 2 2 2
left_child=1 2 -1 4 -3 8 -7 -6 9 -5
right_child=-2 3 -4 5 7 6 -8 -9 -10 -11
leaf_value=25.668894247073453 22.605503434596269 -14.303683312305544 -1.6269708942492966 -5.191252644652339 -9.3172060850397127 7.3142274205173763 1.2201893900821217 -3.1990818401902845 1.9002929698796642 -1.0166341695562797
leaf_weight=31 30 37 49 31 42 44 48 41 40 47
leaf_count=31 30 37 49 31 42 44 48 41 40 47
internal_value=1.3464 -0.214267 8.96896 -2.44256 -8.77946 1.18096 4.13956 -6.30255 -1.12726 -2.68036
internal_weight=440 410 80 330 120 210 92 83 118 78
internal_count=440 410 80 330 120 210 92 83 118 78
is_linear=0
shrinkage=0.05


Tree=78
num_leaves=11
num_cat=0
split_feature=14 8 3 3 14 5 4 21 3 4
split_gain=2.48466e+06 2.59909e+06 2.14433e+06 5.18996e+06 1.75873e+06 2.14201e+06 2.50012e+06 1.64629e+06 1.02279e+06 703933
threshold=42.000000000000007 0.55000000000000016 83.500000000000014 80.250000000000014 110.50000000000001 19.450000000000003 1009.3000000000001 0.87316249696380877 69.700000000000003 1017.0000000000001
decision_type=2 2 2 2 2 2 2 2 2 2
left_child=1 -1 3 4 7 6 -6 -2 -7 -8
right_child=2 -3 -4 -5 5 8 9 -9 -10 -11
leaf_value=0.6253913546648352 -13.463183488461977 21.095242976983915 -9.0803656975291478 20.768634220258217 15.694468757996013 -12.384837951216587 -2.9798746627489119 0.36770198905836088 0.10378198729327513 5.6042348699504823
leaf_weight=32 44 30 58 31 41 30 52 42 36 44
leaf_count=32 44 30 58 31 41 30 52 42 36 44
internal_value=1.27935 10.5483 -0.243322 1.36071 -0.727552 1.81143 5.37519 -6.71592 -5.58294 0.956194
internal_weight=440 62 378 320 289 203 137 86 66 96
internal_count=440 62 378 320 289 203 137 86 66 96
is_linear=0
shrinkage=0.05


Tree=79
num_leaves=11
num_cat=0
split_feature=24 1 27 24 27 24 24 28 27 6
split_gain=5.29717e+06 3.01094e+06 5.31828e+06 2.71394e+06 677675 685416 527752 397312 246265 89657.6
threshold=5527.7777777777783 1.0000000180025095e-35 0.69636977696931246 2574.0750000000003 0.89773508019357628 1791.6666666666667 3840.2777777777778 0.59809228744854648 0.7266007961912001 3.0500000000000003
decision_type=2 2 2 2 2 2 2 2 2 2
left_child=1 2 -1 4 5 -3 8 -8 9 -5
right_child=-2 3 -4 6 -6 -7 7 -9 -10 -11
leaf_value=18.665233821247359 21.461022548738903 -16.871957207646016 -7.767137282760963 -1.069883693959053 -3.1494570972275562 -7.3128040284940701 7.5872809964084853 0.85447777851371998 1.9605894591028343 -4.4405513942698995
leaf_weight=49 30 31 31 40 41 48 41 47 43 39
leaf_count=49 30 31 31 40 41 48 41 47 43 39
internal_value=1.21568 -0.270543 8.42572 -2.38066 -8.37566 -11.0805 1.04739 3.99646 -1.0813 -2.73746
internal_weight=440 410 80 330 120 79 210 88 122 79
internal_count=440 410 80 330 120 79 210 88 122 79
is_linear=0
shrinkage=0.05


Tree=80
num_leaves=12
num_cat=0
split_feature=28 1 27 24 0 4 0 28 29 24 6
split_gain=3.69083e+06 2.2144e+06 7.45123e+06 2.18842e+06 889836 844936 976689 521471 242889 296082 184101
threshold=-0.91583036384466887 1.0000000180025095e-35 0.69636977696931246 3194.4444444444448 183.30000000000004 1017.4500000000002 264.35000000000008 0.70242338714296659 -1.0000000180025095e-35 2115.5555555555561 2.9500000000000006
decision_type=2 2 2 2 2 2 2 2 2 2 2
left_child=-1 2 -2 4 -3 6 -5 -8 -6 -10 -11
right_child=1 3 -4 5 8 -7 7 -9 9 10 -12
leaf_value=-16.624266039800784 25.469144496168617 -12.666862634170887 -8.9136083267059814 -4.8299873305584047 -6.14750286653911 9.6353264994023711 8.3773376981127292 -0.21100654195742591 -5.0323632995932943 3.16383808617576 -2.366286564348544
leaf_weight=34 33 30 30 43 49 39 41 31 43 30 30
leaf_count=34 33 30 30 43 49 39 41 31 43 30 30
internal_value=-0.835516 0.513707 9.10815 -1.09997 -4.81062 3.28559 1.12566 4.68435 -3.2527 -1.87089 0.399356
internal_weight=433 399 63 336 182 154 115 72 152 103 60
internal_count=433 399 63 336 182 154 115 72 152 103 60
is_linear=0
shrinkage=0.05


Tree=81
num_leaves=11
num_cat=0
split_feature=28 24 15 24 4 20 14 5 28 24
split_gain=3.332e+06 1.9991e+06 6.73463e+06 1.97641e+06 830007 783038 674932 762117 554096 250712
threshold=-0.91583036384466887 1.0000000180025095e-35 1.0000000180025095e-35 3291.6666666666674 1017.4500000000002 14.71245 317.00000000000006 12.000000000000002 0.70242338714296659 2250.0000000000005
decision_type=2 2 2 2 2 2 2 2 2 2
left_child=-1 2 -2 5 6 8 7 -5 9 -3
right_child=1 3 -4 4 -6 -7 -8 -9 -10 -11
leaf_value=-15.79549028642716 24.709521329885703 -3.3672536291799418 -7.9453446219588386 8.9992594364361889 9.6546607898602019 -11.051290460438608 -5.2932152825732572 -0.87731274309612461 -7.5158633923054801 1.4475042178713045
leaf_weight=34 32 53 31 35 38 36 30 44 45 55
leaf_count=34 32 53 31 35 38 36 30 44 45 55
internal_value=-0.793859 0.488101 8.65405 -1.04512 3.30181 -4.42605 1.08019 3.50417 -2.86093 -0.916177
internal_weight=433 399 63 336 147 189 109 79 153 108
internal_count=433 399 63 336 147 189 109 79 153 108
is_linear=0
shrinkage=0.05


Tree=82
num_leaves=11
num_cat=0
split_feature=28 20 5 9 0 21 24 0 7 30
split_gain=3.00807e+06 1.89995e+06 4.07075e+06 2.15069e+06 2.36036e+06 2.19067e+06 2.06253e+06 2.03207e+06 2.18392e+06 314965
threshold=-0.91583036384466887 15.461500000000001 19.450000000000003 1.5500000000000003 572.50000000000011 1.0066360089186179 2509.2583333333337 1067.4500000000003 15.350000000000003 -0.22252093395631442
decision_type=2 2 2 2 2 2 2 2 2 2
left_child=-1 2 3 4 5 6 -2 8 -6 -8
right_child=1 -3 -4 -5 7 -7 9 -9 -10 -11
leaf_value=-15.008031753361051 -20.401510668567525 9.2701357604420114 -18.457274618180488 10.403487185499577 2.2172313482191615 2.4168442468756144 -8.0949422790306542 -4.2371788852176087 19.783527587180913 -0.91038842597277059
leaf_weight=34 31 53 30 49 43 59 31 43 30 30
leaf_count=34 31 53 30 49 43 59 31 43 30 30
internal_value=-0.754248 0.463804 -0.887417 0.785902 -0.982338 -5.10134 -9.92022 4.37919 9.45351 -4.56891
internal_weight=433 399 346 316 267 151 92 116 73 61
internal_count=433 399 346 316 267 151 92 116 73 61
is_linear=0
shrinkage=0.05


Tree=83
num_leaves=12
num_cat=0
split_feature=28 1 15 24 0 5 28 26 11 24 8
split_gain=2.71556e+06 1.8414e+06 6.0069e+06 1.76252e+06 771953 702001 869659 493454 216003 254717 42432.2
threshold=-0.91583036384466887 1.0000000180025095e-35 1.0000000180025095e-35 3194.4444444444448 183.30000000000004 3.0500000000000003 0.70242338714296659 8.0500000000000025 3.5000000000000004 2115.5555555555561 7.0500000000000007
decision_type=2 2 2 2 2 2 2 2 2 2 2
left_child=-1 2 -2 4 -3 -5 7 -7 9 -6 -11
right_child=1 3 -4 5 8 6 -8 -9 -10 10 -12
leaf_value=-14.259830887925938 23.440909017877786 -11.678285017203651 -7.3993916441006666 9.7547040514771712 -4.5395631363109761 8.7095723599938477 -4.3011054913643454 0.7788724784784693 -5.6398363573730839 -0.83003250926832028 1.8251241099398794
leaf_weight=34 32 30 31 30 43 36 45 43 49 30 30
leaf_count=34 32 30 31 30 43 36 45 43 49 30 30
internal_value=-0.716801 0.440513 8.27777 -1.03098 -4.36104 2.90478 1.24098 4.39937 -2.91008 -1.60721 0.49829
internal_weight=433 399 63 336 182 154 124 79 152 103 60
internal_count=433 399 63 336 182 154 124 79 152 103 60
is_linear=0
shrinkage=0.05


Tree=84
num_leaves=11
num_cat=0
split_feature=3 3 10 1 3 26 6 7 2 10
split_gain=2.54806e+06 3.20137e+06 2.24645e+06 1.98213e+06 684220 569568 934958 429338 691510 223329
threshold=86.050000000000011 81.15000000000002 1.5000000000000002 0.6000000000000002 71.65000000000002 7.7500000000000009 4.0500000000000007 21.350000000000005 1.0000000180025095e-35 7.5000000000000009
decision_type=2 2 2 2 2 2 2 2 2 2
left_child=1 2 -1 -4 5 6 -5 8 -7 -6
right_child=-2 -3 3 4 9 7 -8 -9 -10 -11
leaf_value=10.566513930593576 -11.929915071220989 14.193631961705433 -11.299085163930158 9.4212335628314605 -2.1569497515728746 -8.6928922184751176 -2.1822214164607154 2.7367647960232553 0.79156563168480287 -8.0289133659129739
leaf_weight=38 45 39 51 41 34 34 30 46 44 31
leaf_count=38 45 39 51 41 34 34 30 46 44 31
internal_value=-0.68101 0.626356 -0.893375 -2.29658 -0.527021 0.954245 4.52212 -1.09061 -3.34846 -4.96553
internal_weight=433 388 349 311 260 195 71 124 78 65
internal_count=433 388 349 311 260 195 71 124 78 65
is_linear=0
shrinkage=0.05


Tree=85
num_leaves=12
num_cat=0
split_feature=2 7 14 24 24 8 24 14 4 24 7
split_gain=2.8195e+06 6.44655e+06 3.16687e+06 6.3696e+06 3.11251e+06 1.28206e+06 819578 583381 530916 234275 189494
threshold=15.250000000000002 24.850000000000005 31.500000000000004 1250.0000000000002 1564.8138888888891 2.3500000000000001 4194.4444444444453 296.00000000000006 1009.9500000000002 2250.0000000000005 21.150000000000002
decision_type=2 2 2 2 2 2 2 2 2 2 2
left_child=1 2 -1 -4 -2 -5 9 8 -7 -6 -11
right_child=4 -3 3 5 6 7 -8 -9 -10 10 -12
leaf_value=11.781479550693234 17.571979589548715 -26.206005423409596 -21.63795428310868 7.9621129153743198 -5.2153973633268746 -5.1318905336120197 7.8524085966851622 -7.84585329686767 3.335123041727563 -2.4349881928622583 2.3961846274330729
leaf_weight=37 33 30 41 42 30 30 30 33 48 41 40
leaf_count=37 33 30 41 42 30 30 30 33 48 41 40
internal_value=-1.15502 -4.4411 -1.60435 -4.1621 3.77378 0.532016 0.534217 -2.28396 0.0761141 -1.44892 -0.0491493
internal_weight=435 261 231 194 174 153 141 111 78 111 81
internal_count=435 261 231 194 174 153 141 111 78 111 81
is_linear=0
shrinkage=0.05


Tree=86
num_leaves=13
num_cat=0
split_feature=2 24 23 24 8 24 24 0 27 24 8 24
split_gain=2.54545e+06 5.69922e+06 6.35645e+06 2.81472e+06 1.20615e+06 1.55291e+06 713435 705489 351681 151997 151034 79160
threshold=15.250000000000002 1250.0000000000002 -0.24999999999999994 1472.2222222222224 2.9000000000000004 4125.0000000000009 4194.4444444444453 179.30000000000004 0.5772435042917955 2250.0000000000005 10.850000000000003 2574.0750000000003
decision_type=2 2 2 2 2 2 2 2 2 2 2 2
left_child=1 2 -1 -2 5 -3 9 -6 -9 -5 -11 -10
right_child=3 4 -4 6 7 -7 -8 8 11 10 -12 -13
leaf_value=-31.458796496269031 17.218221956357311 -1.3600520013156283 -1.1216557723685792 -4.1124080830273968 -9.3846771699645597 13.794321477834817 7.4610925756815654 -4.7387646971872561 -0.17101333212614853 -2.5179961618704674 1.8349242699379003 3.4282931858320325
leaf_weight=35 31 37 34 32 30 31 30 33 30 35 46 31
leaf_count=35 31 37 34 32 30 31 30 33 30 35 46 31
internal_value=-1.09747 -4.21977 -16.5334 3.58567 0.211718 5.5586 0.620363 -2.72252 -0.58853 -1.20071 -0.0466912 1.66068
internal_weight=435 261 69 174 192 68 143 124 94 113 81 61
internal_count=435 261 69 174 192 68 143 124 94 113 81 61
is_linear=0
shrinkage=0.05


Tree=87
num_leaves=12
num_cat=0
split_feature=2 24 26 24 27 24 24 24 4 6 24
split_gain=2.3127e+06 5.06689e+06 9.32248e+06 4.38471e+06 1.26422e+06 1.19178e+06 1.01121e+06 540002 218700 114785 126407
threshold=12.550000000000002 1250.0000000000002 7.4500000000000011 861.1111111111112 -0.21772121422198129 3962.963888888889 2115.5555555555561 4250.0000000000009 1011.7500000000001 2.4500000000000006 2953.702777777778
decision_type=2 2 2 2 2 2 2 2 2 2 2
left_child=1 2 -1 -2 -3 8 -5 9 -6 -8 -11
right_child=3 4 -4 6 5 -7 7 -9 -10 10 -12
leaf_value=-35.422218641239532 20.435407727897367 -7.8348578594529714 3.3350118820849448 -7.3081071759733689 -4.4475883728618566 8.7613854240206894 2.4471349482183107 7.6007618097630347 0.86045877647011437 -3.5081615858299786 0.75724193710480292
leaf_weight=32 30 39 30 39 32 47 35 31 49 30 41
leaf_count=32 30 39 30 39 32 47 35 31 49 30 41
internal_value=-1.04273 -4.49963 -16.6935 2.80043 0.0346753 2.43671 -0.2154 1.80751 -1.23938 0.107648 -1.04737
internal_weight=435 229 62 206 167 128 176 137 81 106 71
internal_count=435 229 62 206 167 128 176 137 81 106 71
is_linear=0
shrinkage=0.05


Tree=88
num_leaves=12
num_cat=0
split_feature=28 1 27 24 27 28 24 21 28 0 11
split_gain=4.98401e+06 2.12681e+06 9.21094e+06 1.53809e+06 1.50519e+06 1.38011e+06 583459 213674 356367 101116 67119.3
threshold=-0.88191734002287869 1.0000000180025095e-35 0.69636977696931246 3840.2777777777778 -0.21772121422198129 0.78298010367706283 1731.4805555555556 0.76417112299465251 0.70242338714296659 392.10000000000008 2.5000000000000004
decision_type=2 2 2 2 2 2 2 2 2 2 2
left_child=-1 2 -2 6 -5 -6 -3 9 10 -8 -9
right_child=1 3 -4 4 5 -7 7 8 -10 -11 -12
leaf_value=-17.129524431095874 27.046544025230972 -9.3564900574446419 -10.278135361923978 -4.3738001654411587 2.3891289671878861 16.226848870654436 -6.5308636722374604 2.6656323119797154 -5.0169316825978569 -2.740034256512494 -0.36386977911325702
leaf_weight=43 34 34 32 37 45 30 30 37 34 43 36
leaf_count=43 34 34 32 37 45 30 30 37 34 43 36
internal_value=-0.990755 0.783474 8.96148 -0.874422 3.87074 7.93852 -3.35854 -2.221 -0.796621 -4.30478 1.17311
internal_weight=435 392 66 326 112 75 214 180 107 73 73
internal_count=435 392 66 326 112 75 214 180 107 73 73
is_linear=0
shrinkage=0.05


Tree=89
num_leaves=11
num_cat=0
split_feature=28 20 10 1 4 27 29 5 8 3
split_gain=4.49918e+06 3.95815e+06 1.9712e+06 3.48945e+06 635229 588568 359405 603882 226368 115205
threshold=-0.88191734002287869 15.3256 1.5000000000000002 0.6000000000000002 1022.85 0.77753234098132629 0.6078576107927941 14.050000000000002 10.750000000000002 65.350000000000009
decision_type=2 2 2 2 2 2 2 2 2 2
left_child=-1 2 -2 -4 5 6 7 -5 9 -7
right_child=1 -3 3 4 -6 8 -8 -9 -10 -11
leaf_value=-16.275035430439111 8.4190140189638552 14.507255487121368 -15.237604087345511 -9.4641416822364164 5.0992949955479263 5.342266347756814 0.61265888784414901 -0.4376049906494533 -1.8191607726552097 1.0906649727800375
leaf_weight=43 47 46 46 46 45 30 30 31 37 34
leaf_count=43 47 46 46 46 45 30 30 31 37 34
internal_value=-0.941305 0.744421 -1.08897 -2.58587 -0.28042 -1.44622 -4.02862 -5.83543 1.29083 3.08891
internal_weight=435 392 346 299 253 208 107 77 101 64
internal_count=435 392 346 299 253 208 107 77 101 64
is_linear=0
shrinkage=0.05


Tree=90
num_leaves=11
num_cat=0
split_feature=3 1 26 24 27 24 25 21 14 20
split_gain=2.72598e+06 7.55238e+06 6.95565e+06 1.77693e+06 1.50092e+06 2.42445e+06 670351 477006 334536 37322.6
threshold=86.050000000000011 1.0000000180025095e-35 7.8500000000000005 2430.5555555555561 -0.21772121422198129 4902.7777777777783 9.2004850000000022 0.65118305509987462 82.000000000000014 9.9558000000000018
decision_type=2 2 2 2 2 2 2 2 2 2
left_child=1 2 -1 6 7 8 -3 -5 -6 -10
right_child=-2 3 -4 4 5 -7 -8 -9 9 -11
leaf_value=34.309642807693727 -11.440413876617846 -13.5371862608729 1.3494967987890329 -7.9238780354696603 -2.4347093640908208 16.654291704881228 -4.3547987013298846 -0.56411887757023982 1.841160937341741 4.3241385929070866
leaf_weight=31 44 30 33 44 49 30 59 44 30 31
leaf_count=31 44 30 33 44 49 30 59 44 30 31
internal_value=0.328527 1.69033 17.3433 -1.47434 0.865076 4.08033 -7.46176 -4.24887 0.639014 3.1081
internal_weight=425 381 64 317 228 140 89 88 110 61
internal_count=425 381 64 317 228 140 89 88 110 61
is_linear=0
shrinkage=0.05


Tree=91
num_leaves=11
num_cat=0
split_feature=3 1 21 24 27 24 27 0 14 11
split_gain=2.46086e+06 6.81822e+06 6.70105e+06 1.60419e+06 1.355e+06 2.18881e+06 618204 436014 305210 136848
threshold=86.050000000000011 1.0000000180025095e-35 0.60595497912939789 2430.5555555555561 -0.21772121422198129 4902.7777777777783 0.54879721697423822 420.30000000000001 58.000000000000007 3.5000000000000004
decision_type=2 2 2 2 2 2 2 2 2 2
left_child=1 2 -1 6 7 8 -3 -5 -6 -10
right_child=-2 3 -4 4 5 -7 -8 -9 9 -11
leaf_value=33.660771427598114 -10.869690372992535 -10.935713049676464 1.2639997437552621 -6.8254559164925332 -3.5898503170902707 15.824343483947045 -2.5712329098778053 0.39882982147753759 4.0162958270298423 -0.20062199031478328
leaf_weight=30 44 48 34 54 31 30 41 34 46 33
leaf_count=30 44 48 34 54 31 30 41 34 46 33
internal_value=0.312314 1.6062 16.4789 -1.40072 0.822082 3.87705 -7.08968 -4.03691 0.607233 2.25671
internal_weight=425 381 64 317 228 140 89 88 110 79
internal_count=425 381 64 317 228 140 89 88 110 79
is_linear=0
shrinkage=0.05


Tree=92
num_leaves=11
num_cat=0
split_feature=3 1 3 24 27 24 27 24 14 10
split_gain=2.22154e+06 6.15547e+06 6.35566e+06 1.46476e+06 1.23891e+06 1.49702e+06 489881 527855 106085 102908
threshold=86.050000000000011 1.0000000180025095e-35 65.850000000000009 3194.4444444444448 -0.21772121422198129 4902.7777777777783 0.54879721697423822 2319.4444444444448 86.000000000000014 3.5000000000000004
decision_type=2 2 2 2 2 2 2 2 2 2
left_child=1 2 -1 6 -5 9 7 -3 -8 -6
right_child=-2 3 -4 4 5 -7 8 -9 -10 -11
leaf_value=0.84125797965309834 -10.327438610102854 -11.041988610004328 32.390856958940581 -3.3851591636283347 -0.68088258623680797 15.035755213550553 -3.7698140742622805 -3.4083015838432709 0.010215017692842722 3.4217382890235193
leaf_weight=34 44 43 30 59 30 30 32 48 44 31
leaf_count=34 44 43 30 59 30 30 32 48 44 31
internal_value=0.296935 1.5263 15.6577 -1.33075 2.2547 5.91106 -4.55066 -7.02364 -1.58417 1.40616
internal_weight=425 381 64 317 150 91 167 91 76 61
internal_count=425 381 64 317 150 91 167 91 76 61
is_linear=0
shrinkage=0.05


Tree=93
num_leaves=11
num_cat=0
split_feature=11 4 24 0 7 11 15 24 21 27
split_gain=1.08471e+06 4.61085e+06 4.15017e+06 2.26528e+06 2.0223e+06 1.05049e+06 1.12965e+06 741606 696915 391883
threshold=3.5000000000000004 1001.35 1694.4444444444446 150.85000000000005 23.550000000000004 1.5000000000000002 1.0000000180025095e-35 3009.2583333333337 0.95660060975609784 0.45972848220565493
decision_type=2 2 2 2 2 2 2 2 2 2
left_child=1 -1 -2 -3 5 8 -7 -4 -5 -9
right_child=2 3 7 4 -6 6 -8 9 -10 -11
leaf_value=-17.988314573848342 19.957376410186868 11.641149865913855 -5.7851002652241288 8.2941863334567909 -13.193390953025943 -9.3539209584141023 2.9147594898361251 5.4155007817792784 -0.60873404938404951 -1.7503839293770562
leaf_weight=37 31 41 43 52 30 39 36 45 38 33
leaf_count=37 31 41 43 52 30 39 36 45 38 33
internal_value=0.282311 -1.60241 3.66623 0.973079 -1.27474 0.898933 -3.46885 -0.520532 4.53862 2.38536
internal_weight=425 273 152 236 195 165 75 121 90 78
internal_count=425 273 152 236 195 165 75 121 90 78
is_linear=0
shrinkage=0.05


Tree=94
num_leaves=12
num_cat=0
split_feature=6 8 27 24 23 6 20 21 4 21 11
split_gain=1.48907e+06 3.14272e+06 1.93739e+06 2.49939e+06 1.82508e+06 1.54285e+06 1.33891e+06 1.83296e+06 1.30019e+06 1.02395e+06 521375
threshold=2.2500000000000004 21.950000000000003 -0.21772121422198129 4675.9250000000002 -0.24999999999999994 2.6500000000000008 7.2712000000000012 0.73365472005487453 1013.35 0.60595497912939789 3.5000000000000004
decision_type=2 2 2 2 2 2 2 2 2 2 2
left_child=4 2 9 5 -1 -4 8 -8 -7 -2 -6
right_child=1 -3 3 -5 10 6 7 -9 -10 -11 -12
leaf_value=-15.473067730209756 -13.455279660799878 17.224491547003534 10.253666799998353 16.09383412991647 4.1146020466108411 -13.589105097224703 -4.8546101390190843 10.477047904738544 -0.7064473750685456 -1.8959224094649754 -5.1166271631107776
leaf_weight=30 31 30 34 30 31 33 37 41 48 50 30
leaf_count=30 31 30 34 30 31 33 37 41 48 50 30
internal_value=0.268189 1.81322 0.287194 2.69292 -5.39831 0.602595 -1.46627 3.20737 -5.96528 -6.33107 -0.426209
internal_weight=425 334 304 223 91 193 159 78 81 81 61
internal_count=425 334 304 223 91 193 159 78 81 81 61
is_linear=0
shrinkage=0.05


Tree=95
num_leaves=11
num_cat=0
split_feature=28 4 28 2 2 7 5 23 24 14
split_gain=3.57613e+06 3.56963e+06 2.24714e+06 1.58805e+06 2.73972e+06 1.36699e+06 1.53863e+06 690367 470519 342200
threshold=-0.91583036384466887 1002.6500000000002 -0.63872576220844934 5.5500000000000007 10.450000000000001 13.15 13.850000000000003 -0.24999999999999994 4006.9444444444448 294.00000000000006
decision_type=2 2 2 2 2 2 2 2 2 2
left_child=-1 -2 -3 5 -5 -4 -7 -6 9 -9
right_child=1 2 3 4 7 6 -8 8 -10 -11
leaf_value=-14.970988673566072 14.600849136387467 -13.123682117778992 11.981047672558205 -12.824766892463749 6.7441409784251469 -7.1885358953000695 8.5477204945228547 -4.8610899967539112 4.7514454477469634 1.5954071274696882
leaf_weight=35 47 30 51 42 45 30 32 54 31 33
leaf_count=35 47 30 51 42 45 30 32 54 31 33
internal_value=0.323797 1.68249 -0.0659103 1.16968 -1.45372 5.92607 0.934008 1.48227 -0.528341 -2.413
internal_weight=430 395 348 318 205 113 62 163 118 87
internal_count=430 395 348 318 205 113 62 163 118 87
is_linear=0
shrinkage=0.05


Tree=96
num_leaves=11
num_cat=0
split_feature=28 20 24 21 24 14 0 0 26 24
split_gain=3.22838e+06 3.95809e+06 2.41135e+06 5.11635e+06 1.17757e+06 488891 198995 204257 198758 84419.6
threshold=-0.91583036384466887 15.461500000000001 1250.0000000000002 0.73365472005487453 5203.7027777777785 50.000000000000007 607.80000000000007 872.55000000000007 9.5500000000000025 2879.6305555555559
decision_type=2 2 2 2 2 2 2 2 2 2
left_child=-1 2 3 -2 5 -4 8 -8 9 -7
right_child=1 -3 4 -5 -6 6 7 -9 -10 -11
leaf_value=-14.224572463456722 -23.21484520932967 15.040115056464181 -4.6237711914568127 4.230132449895061 10.499162800360985 -2.8075863205197691 6.5648826875419246 1.4499126846680861 3.4124409754850862 0.31387416588825362
leaf_weight=35 32 48 38 36 34 37 32 50 36 52
leaf_count=35 32 48 38 36 34 37 32 50 36 52
internal_value=0.307552 1.5985 -0.264647 -8.7002 1.79369 0.581776 1.53918 3.45162 0.282818 -0.98545
internal_weight=430 395 347 68 279 245 207 82 125 89
internal_count=430 395 347 68 279 245 207 82 125 89
is_linear=0
shrinkage=0.05


Tree=97
num_leaves=11
num_cat=0
split_feature=28 4 28 2 2 27 26 6 28 4
split_gain=2.91445e+06 3.11381e+06 2.09583e+06 1.48041e+06 2.4145e+06 1.73553e+06 1.40026e+06 808464 1.08593e+06 189280
threshold=-0.91583036384466887 1002.6500000000002 -0.63872576220844934 5.5500000000000007 10.450000000000001 0.67125374152323958 8.7500000000000018 4.2500000000000009 -0.098805497462961633 1013.7500000000001
decision_type=2 2 2 2 2 2 2 2 2 2
left_child=-1 -2 -3 5 -5 6 -4 8 -6 -10
right_child=1 2 3 4 7 -7 -8 -9 9 -11
leaf_value=-13.515369807077608 13.584106275129216 -12.724707908250167 17.734515640334866 -12.12867990742015 10.286549439520206 -1.6704152059656296 3.1393268286990201 -5.8105822053653799 -2.2050558478924152 2.2866381208339854
leaf_weight=35 47 30 35 42 37 47 31 32 44 50
leaf_count=35 47 30 35 42 37 47 31 32 44 50
internal_value=0.292136 1.51871 -0.114232 1.07905 -1.45387 5.67142 10.8944 1.30242 3.04309 0.183981
internal_weight=430 395 348 318 205 113 66 163 131 94
internal_count=430 395 348 318 205 113 66 163 131 94
is_linear=0
shrinkage=0.05


Tree=98
num_leaves=11
num_cat=0
split_feature=28 20 24 21 24 14 0 0 26 0
split_gain=2.63106e+06 3.48228e+06 2.22472e+06 4.66452e+06 1.03255e+06 466179 179260 194485 186025 76795.5
threshold=-0.91583036384466887 15.461500000000001 1250.0000000000002 0.73365472005487453 5203.7027777777785 50.000000000000007 607.80000000000007 872.55000000000007 9.5500000000000025 280.25000000000006
decision_type=2 2 2 2 2 2 2 2 2 2
left_child=-1 2 3 -2 5 -4 8 -8 9 -7
right_child=1 -3 4 -5 -6 6 7 -9 -10 -11
leaf_value=-12.841526746614026 -22.26602458419087 14.050779374770961 -4.5455476009939604 3.9392759270284978 9.8242934531829924 -2.5696061936102605 6.3254788885978153 1.3346426941082628 3.30780454408429 0.38022952934389442
leaf_weight=35 32 48 38 36 34 40 32 50 36 49
leaf_count=35 32 48 38 36 34 40 32 50 36 49
internal_value=0.277516 1.44293 -0.304625 -8.40714 1.67247 0.537629 1.47254 3.28768 0.280094 -0.946879
internal_weight=430 395 347 68 279 245 207 82 125 89
internal_count=430 395 347 68 279 245 207 82 125 89
is_linear=0
shrinkage=0.05


Tree=99
num_leaves=10
num_cat=0
split_feature=6 9 0 6 0 7 8 3 7
split_gain=1.75677e+06 2.46241e+06 4.79142e+06 1.96501e+06 2.63067e+06 4.41596e+06 1.49433e+06 984352 1.6192e+06
threshold=1.9500000000000002 1.2500000000000002 494.15000000000003 4.4500000000000011 150.85000000000005 25.050000000000004 11.850000000000003 52.250000000000007 12.450000000000001
decision_type=2 2 2 2 2 2 2 2 2
left_child=-1 3 -3 4 -2 6 7 -6 -9
right_child=1 2 -4 -5 5 -7 -8 8 -10
leaf_value=-9.8417242614814384 11.010298177117233 18.998594114934086 -6.4463589063118469 -9.4728275817217362 4.9193613462952017 -17.093434578517698 10.818727489944417 -13.149444377145102 1.4197161407251047
leaf_weight=39 53 48 30 53 51 37 37 30 52
leaf_count=39 53 48 30 53 51 37 37 30 52
internal_value=0.263606 1.27383 9.21629 -0.707741 1.08192 -1.46419 1.94549 -0.529239 -3.91993
internal_weight=430 391 78 313 260 207 170 133 82
internal_count=430 391 78 313 260 207 170 133 82
is_linear=0
shrinkage=0.05


Tree=100
num_leaves=12
num_cat=0
split_feature=1 0 24 3 6 28 24 21 25 21 26
split_gain=1.60741e+06 4.54874e+06 1.86158e+06 966313 2.45729e+06 879742 757288 253222 203097 174754 96189
threshold=1.0000000180025095e-35 446.85000000000008 3291.6666666666674 56.750000000000007 3.1500000000000008 0.59809228744854648 1731.4805555555556 0.66641489361702144 10.622040000000002 0.65118305509987462 8.5500000000000025
decision_type=2 2 2 2 2 2 2 2 2 2 2
left_child=1 -1 6 4 -4 9 -2 -8 -9 -5 -10
right_child=2 -3 3 5 -6 -7 7 8 10 -11 -12
leaf_value=21.686422593499959 -9.2063061703108851 -3.8176977748819443 -1.0353814112795126 1.9887260585132234 19.01779995669558 -4.557283196980328 -4.4130965446603705 -3.2936875056661123 -0.33893376627276023 7.3058762378039006 3.5410008759593645
leaf_weight=33 43 37 31 30 30 43 55 34 34 32 30
leaf_count=33 43 37 31 30 30 43 55 34 34 32 30
internal_value=1.28934 8.21939 -0.0526122 3.84224 8.84174 0.932068 -3.35161 -1.70121 -0.176231 4.74049 1.48239
internal_weight=432 70 362 166 61 105 196 153 98 62 64
internal_count=432 70 362 166 61 105 196 153 98 62 64
is_linear=0
shrinkage=0.05


Tree=101
num_leaves=11
num_cat=0
split_feature=11 26 0 1 28 5 0 2 15 28
split_gain=1.5404e+06 2.44168e+06 2.37606e+06 6.73264e+06 2.06688e+06 3.41571e+06 1.92066e+06 577570 388297 98316
threshold=3.5000000000000004 10.750000000000002 211.35000000000002 0.6000000000000002 0.88999460902669758 20.850000000000005 125.05000000000003 11.800000000000002 1.0000000180025095e-35 0.89771014032557062
decision_type=2 2 2 2 2 2 2 2 2 2
left_child=1 2 6 -4 5 7 -1 -2 9 -5
right_child=4 -3 3 8 -6 -7 -8 -9 -10 -11
leaf_value=-1.8473749353087621 -6.6406336059375679 12.535539611867099 -25.741951506718166 -1.7212552221769208 17.055164554031979 16.913692015587689 13.804892202014287 1.4534041334442003 2.5199414911510427 -5.2216367271552135
leaf_weight=48 44 30 34 57 30 30 33 44 51 31
leaf_count=48 44 30 34 57 30 30 33 44 51 31
internal_value=1.22518 -0.930324 -2.52511 -5.83312 5.35929 2.3738 4.53857 -2.5965 -0.948293 -2.95893
internal_weight=432 284 254 173 148 118 81 88 139 88
internal_count=432 284 254 173 148 118 81 88 139 88
is_linear=0
shrinkage=0.05


Tree=102
num_leaves=12
num_cat=0
split_feature=1 27 24 3 6 18 24 21 4 21 0
split_gain=1.66151e+06 4.05488e+06 1.66181e+06 856126 2.23435e+06 850101 671518 228694 207622 182681 51887
threshold=1.0000000180025095e-35 0.41324416458776364 3291.6666666666674 56.750000000000007 3.1500000000000008 1.0000000180025095e-35 1731.4805555555556 0.66641489361702144 1006.9500000000002 0.89272727272727292 385.7000000000001
decision_type=2 2 2 2 2 2 2 2 2 2 2
left_child=1 -1 6 4 -4 8 -2 -8 -5 -9 -11
right_child=2 -3 3 5 -6 -7 7 9 -10 10 -12
leaf_value=21.294412022290572 -8.8303271074582685 -2.8354597046619325 -1.2319952646635737 0.85667612528880166 17.889188359979777 -5.4784084633116583 -4.3400001059859283 2.3954519075984404 6.3897756303362829 -0.55637524679451678 -3.4970888796834849
leaf_weight=32 43 38 31 30 30 36 55 38 39 30 30
leaf_count=32 43 38 31 30 30 36 55 38 39 30 30
internal_value=1.16419 8.20991 -0.20012 3.47986 8.18567 0.740777 -3.31705 -1.76278 3.98887 -0.31338 -2.03019
internal_weight=432 70 362 166 61 105 196 153 69 98 60
internal_count=432 70 362 166 61 105 196 153 69 98 60
is_linear=0
shrinkage=0.05


Tree=103
num_leaves=11
num_cat=0
split_feature=1 0 24 20 28 24 23 21 28 30
split_gain=1.49999e+06 3.82825e+06 1.52405e+06 1.22877e+06 1.24046e+06 736737 252801 271738 162799 56457.4
threshold=1.0000000180025095e-35 420.30000000000001 3791.6666666666674 4.7707000000000006 0.38167508216062845 1731.4805555555556 -0.68301270189221952 0.67357463896257019 0.70242338714296659 -0.22252093395631442
decision_type=2 2 2 2 2 2 2 2 2 2
left_child=1 -1 5 -4 -5 -2 -7 -8 9 -9
right_child=2 -3 3 4 -6 6 7 8 -10 -11
leaf_value=20.885897290514979 -8.3898351892517766 -2.6269941286052894 10.105775803406136 6.3312331939354918 -7.3825056603100512 2.2113255042764264 -4.9021930404737883 -0.52078098299348119 -3.4375473702422088 2.3619986329123241
leaf_weight=31 43 39 53 35 31 43 56 36 33 32
leaf_count=31 43 39 53 35 31 43 56 36 33 32
internal_value=1.10623 7.80073 -0.190065 4.44372 -0.111417 -2.4602 -1.18175 -2.11191 -0.561453 0.837224
internal_weight=432 70 362 119 66 243 200 157 101 68
internal_count=432 70 362 119 66 243 200 157 101 68
is_linear=0
shrinkage=0.05


Tree=104
num_leaves=11
num_cat=0
split_feature=24 3 24 3 18 24 23 21 28 5
split_gain=1.35422e+06 3.67098e+06 1.37573e+06 1.20789e+06 969099 665073 228205 245286 146974 55014.3
threshold=1.0000000180025095e-35 75.700000000000003 3791.6666666666674 56.750000000000007 1.0000000180025095e-35 1731.4805555555556 -0.68301270189221952 0.67357463896257019 0.70242338714296659 13.750000000000002
decision_type=2 2 2 2 2 2 2 2 2 2
left_child=1 -1 5 -4 -5 -2 -7 -8 9 -9
right_child=2 -3 3 4 -6 6 7 8 -10 -11
leaf_value=-2.5075377685470777 -7.9713167866532038 20.602581566591994 10.234152864347649 5.2440938237987815 -6.5823467700044453 2.1010157551953523 -4.6575203159913654 2.0568791268378734 -3.2661892905336134 -0.8036187620258014
leaf_weight=40 43 30 49 39 31 43 56 38 33 30
leaf_count=40 43 30 49 39 31 43 56 38 33 30
internal_value=1.05109 7.41199 -0.180612 4.22191 0.00468023 -2.33745 -1.12277 -2.00652 -0.533459 0.795494
internal_weight=432 70 362 119 70 243 200 157 101 68
internal_count=432 70 362 119 70 243 200 157 101 68
is_linear=0
shrinkage=0.05


Tree=105
num_leaves=10
num_cat=0
split_feature=20 24 11 8 8 28 8 21 25
split_gain=1.25623e+06 1.57772e+06 3.84129e+06 804442 954959 867314 476971 220209 224274
threshold=19.490500000000001 1250.0000000000002 2.5000000000000004 -0.89999999999999991 2.9000000000000004 0.70242338714296659 6.7500000000000009 0.65118305509987462 19.494090000000003
decision_type=2 2 2 2 2 2 2 2 2
left_child=1 2 -1 -3 -5 6 -6 -8 -9
right_child=-2 3 -4 4 5 -7 7 8 -10
leaf_value=-17.450879822566272 9.2655580504779333 -5.5703618183770143 4.1713683952090221 8.8361432343113169 7.9299384773705972 -5.0911257256315583 -1.3759782737075386 0.84361516135518311 5.8937510019872903
leaf_weight=41 36 39 41 44 32 49 53 62 34
leaf_count=41 36 39 41 44 32 49 53 62 34
internal_value=0.337402 -0.478429 -6.64778 1.13941 2.09616 0.803467 2.4012 1.20926 2.63653
internal_weight=431 395 82 313 274 230 181 149 96
internal_count=431 395 82 313 274 230 181 149 96
is_linear=0
shrinkage=0.05


Tree=106
num_leaves=12
num_cat=0
split_feature=6 1 27 24 6 8 22 28 29 24 21
split_gain=1.30274e+06 1.45349e+06 9.08984e+06 1.26972e+06 1.45402e+06 693403 257194 232571 82273 101079 52880.5
threshold=1.9500000000000002 1.0000000180025095e-35 0.56314550935064711 4398.1472222222228 3.1500000000000008 -0.59999999999999987 -0.6830127018922193 0.70242338714296659 1.0000000180025095e-35 2791.6666666666674 0.77373121131741829
decision_type=2 2 2 2 2 2 2 2 2 2 2
left_child=-1 2 -2 5 -5 -3 -7 8 10 -10 -8
right_child=1 3 -4 4 -6 6 7 -9 9 -11 -12
leaf_value=-8.3824529616119303 26.875801303091368 -8.9877626973529186 -8.7339281796799284 -1.0704573381320703 13.783945262087119 -4.7072942268494975 -1.9671004372222403 -3.5796837750603174 0.38622404508738717 4.0941857987278141 0.75615455551337718
leaf_weight=39 33 30 39 35 31 37 32 39 45 31 40
leaf_count=39 33 30 39 35 31 37 32 39 45 31 40
internal_value=0.320619 1.18842 7.60177 -0.256496 5.91683 -1.86231 -0.904398 -0.149812 0.755778 1.90214 -0.455161
internal_weight=431 392 72 320 66 254 224 187 148 76 72
internal_count=431 392 72 320 66 254 224 187 148 76 72
is_linear=0
shrinkage=0.05


Tree=107
num_leaves=11
num_cat=0
split_feature=5 14 3 24 1 27 27 0 24 0
split_gain=1.12596e+06 4.06621e+06 1.56054e+06 6.14477e+06 4.10481e+06 971661 617140 417170 341749 130612
threshold=2.5750000000000006 42.000000000000007 75.700000000000003 1250.0000000000002 1.0000000180025095e-35 -0.030117794580182808 -0.71461382420154484 280.25000000000006 2844.4444444444448 710.45000000000016
decision_type=2 2 2 2 2 2 2 2 2 2
left_child=-1 -2 3 -3 -4 -6 -5 -8 -7 -9
right_child=1 2 4 6 5 8 7 9 -10 -11
leaf_value=-8.414353745633905 16.814216595647149 -18.939127050070656 19.324440380345994 6.8134553640846178 -8.755460479964448 -1.5106210920468106 -4.3939086513995047 -0.12733597097797697 5.5698295561099691 3.5199326823316426
leaf_weight=34 37 48 32 38 30 34 44 57 34 43
leaf_count=34 37 48 32 38 30 34 44 57 34 43
internal_value=0.304685 1.05335 -0.570726 -3.04525 3.80622 -1.27544 1.15461 -0.342354 2.03251 1.44289
internal_weight=431 397 360 230 130 98 182 144 68 100
internal_count=431 397 360 230 130 98 182 144 68 100
is_linear=0
shrinkage=0.05


Tree=108
num_leaves=9
num_cat=0
split_feature=6 20 6 7 5 14 24 0
split_gain=1.2094e+06 1.77997e+06 1.30008e+06 1.9353e+06 1.25784e+06 4.07555e+06 1.0774e+06 890819
threshold=1.9500000000000002 19.490500000000001 2.1500000000000008 24.850000000000005 2.5750000000000006 44.000000000000007 1250.0000000000002 323.15000000000003
decision_type=2 2 2 2 2 2 2 2
left_child=-1 2 -2 4 -4 -6 -7 -8
right_child=1 -3 3 -5 5 6 7 -9
leaf_value=-8.0959507997078664 9.4461339315710884 12.808561601353643 -8.6869457954929619 -10.959126389403703 19.093933353233972 -7.7084850839084798 -3.890856178248594 3.5677879382828426
leaf_weight=39 34 30 32 41 30 42 59 124
leaf_count=39 34 30 32 41 30 42 59 124
internal_value=0.289564 1.1257 0.154226 -0.81153 0.641421 1.81501 -0.496288 1.16225
internal_weight=431 392 362 328 287 255 225 183
internal_count=431 392 362 328 287 255 225 183
is_linear=0
shrinkage=0.05


Tree=109
num_leaves=10
num_cat=0
split_feature=6 20 6 24 14 8 24 28 0
split_gain=1.09179e+06 1.60699e+06 1.17368e+06 1.78862e+06 4.57108e+06 714959 1.11817e+06 152553 215333
threshold=1.9500000000000002 19.490500000000001 2.1500000000000008 1250.0000000000002 120.50000000000001 -0.74999999999999989 4398.1472222222228 -0.58427653070765284 276.50000000000006
decision_type=2 2 2 2 2 2 2 2 2
left_child=-1 2 -2 4 -4 -5 7 -7 -9
right_child=1 -3 3 5 -6 6 -8 8 -10
leaf_value=-7.6921886315736003 8.9752122546920319 12.170261101706876 4.4680416659525761 -5.3686100092216966 -22.045741391565258 3.4599008609160919 9.263639924099115 -3.7170975417493075 0.76122373630873064
leaf_weight=39 34 30 34 37 31 33 44 35 114
leaf_count=39 34 30 34 37 31 33 44 35 114
internal_value=0.27515 1.06959 0.146525 -0.771085 -8.19136 1.06522 2.12048 0.389392 -0.292485
internal_weight=431 392 362 328 65 263 226 182 149
internal_count=431 392 362 328 65 263 226 182 149
is_linear=0
shrinkage=0.05


Tree=110
num_leaves=10
num_cat=0
split_feature=29 24 24 24 27 3 9 14 14
split_gain=2.58614e+06 9.15013e+06 8.12008e+06 683603 1.34748e+06 196537 331840 392088 139706
threshold=-1.0000000180025095e-35 1063.4920634920638 1092.5916666666669 3009.2583333333337 0.25116912936697861 80.250000000000014 1.0500000000000003 103.00000000000001 300.00000000000006
decision_type=2 2 2 2 2 2 2 2 2
left_child=1 -1 -2 -3 -5 6 7 -4 -9
right_child=2 3 5 4 -6 -7 -8 8 -10
leaf_value=28.984231661166071 -20.665904868003992 -5.94131995588255 -2.4337337722229679 7.6047230733796232 -4.7589880361789607 3.3344242328797686 -4.9886168025314239 4.6453688078015851 0.58730503693027447
leaf_weight=30 57 52 59 43 45 47 31 48 38
leaf_count=30 57 52 59 43 45 47 31 48 38
internal_value=-0.88894 3.9742 -3.84194 -1.40192 1.28409 0.465667 -0.301852 0.702859 2.85509
internal_weight=450 170 280 140 88 223 176 145 86
internal_count=450 170 280 140 88 223 176 145 86
is_linear=0
shrinkage=0.05


Tree=111
num_leaves=12
num_cat=0
split_feature=28 20 0 24 1 27 4 24 0 2 25
split_gain=2.35046e+06 1.58371e+06 1.85461e+06 3.80189e+06 1.28185e+06 1.01897e+06 860655 676910 312306 284221 142452
threshold=-0.88191734002287869 15.528450000000001 562.95000000000016 1340.2777777777781 0.6000000000000002 -0.71461382420154484 1021.2000000000002 4787.0361111111115 836.15000000000009 13.600000000000001 11.390965000000003
decision_type=2 2 2 2 2 2 2 2 2 2 2
left_child=-1 2 3 -2 -4 -5 7 10 -6 -10 -7
right_child=1 -3 4 5 8 6 -8 -9 9 -11 -12
leaf_value=-11.67200165513878 -20.2544504897539 9.5412079754464703 12.650840585651586 6.885258096798669 4.3138621075818584 -5.1869491115113426 4.6541648915439744 -11.141578622799594 1.8423141890248809 -4.2070618464450336 -0.84713544143024844
leaf_weight=45 30 42 30 33 49 30 30 31 45 34 51
leaf_count=45 30 42 30 33 49 30 30 31 45 34 51
internal_value=-0.844422 0.361214 -0.703255 -3.84003 3.36644 -1.01614 -2.85597 -4.87002 1.18219 -0.763179 -2.45895
internal_weight=450 405 363 205 158 175 142 112 128 79 81
internal_count=450 405 363 205 158 175 142 112 128 79 81
is_linear=0
shrinkage=0.05


Tree=112
num_leaves=11
num_cat=0
split_feature=11 24 24 24 27 26 21 0 23 2
split_gain=2.29124e+06 8.20349e+06 7.1328e+06 643082 1.19837e+06 183481 328610 252358 436661 51035.1
threshold=3.5000000000000004 1063.4920634920638 1092.5916666666669 3009.2583333333337 0.25116912936697861 8.8500000000000032 0.86543209876543215 323.15000000000003 -0.5 14.65
decision_type=2 2 2 2 2 2 2 2 2 2
left_child=2 -2 -1 -3 -5 7 -7 8 -4 -9
right_child=1 3 5 4 -6 6 -8 9 -10 -11
leaf_value=-19.349952225426243 27.456107146557784 -5.7181441690894328 1.7351616045169262 7.2504165322210845 -4.4091911365081895 5.7340534829561474 -0.60759974018229235 2.619785598864282 -6.2792821054263488 -0.057361177046350964
leaf_weight=57 30 52 30 43 45 38 44 40 39 32
leaf_count=57 30 52 30 43 45 38 44 40 39 32
internal_value=-0.802349 3.77511 -3.5819 -1.31532 1.28982 0.455347 2.33456 -0.638373 -2.7972 1.43144
internal_weight=450 170 280 140 88 223 82 141 69 72
internal_count=450 170 280 140 88 223 82 141 69 72
is_linear=0
shrinkage=0.05


Tree=113
num_leaves=10
num_cat=0
split_feature=28 24 27 24 4 14 4 0 24
split_gain=2.1283e+06 1.53987e+06 4.31834e+06 1.57467e+06 618928 769174 303215 203074 212586
threshold=-0.88191734002287869 1.0000000180025095e-35 0.7266007961912001 5638.8888888888896 1002.9000000000001 50.000000000000007 1022.85 151.40000000000003 2250.0000000000005
decision_type=2 2 2 2 2 2 2 2 2
left_child=-1 2 -2 4 -3 -6 7 -7 -9
right_child=1 3 -4 -5 5 6 -8 8 -10
leaf_value=-11.065325967911342 19.670227468878991 -8.3640861055368543 -6.3222049548380399 9.9693123421399701 -6.7644598273148508 -4.5260505367751138 4.2995666518849864 -3.0104144278026763 1.0626609274101095
leaf_weight=45 34 34 30 30 51 30 35 44 117
leaf_count=45 34 34 30 30 51 30 35 44 117
internal_value=-0.762139 0.385096 7.49534 -0.95117 -2.00747 -1.22449 0.0281026 -0.756441 -0.0516243
internal_weight=450 405 64 341 311 277 226 191 161
internal_count=450 405 64 341 311 277 226 191 161
is_linear=0
shrinkage=0.05


Tree=114
num_leaves=12
num_cat=0
split_feature=11 5 5 28 0 14 14 0 5 29 14
split_gain=2.05319e+06 6.21803e+06 4.52081e+06 2.0557e+06 998583 1.2224e+06 881429 1.42935e+06 1.06286e+06 1.22645e+06 1.10436e+06
threshold=3.5000000000000004 22.550000000000004 20.950000000000003 0.91234096280339505 328.80000000000007 117.00000000000001 103.00000000000001 543.65000000000009 16.750000000000004 0.6078576107927941 311.00000000000006
decision_type=2 2 2 2 2 2 2 2 2 2 2
left_child=1 6 3 4 -2 -6 7 -1 10 -10 -8
right_child=2 -3 -4 -5 5 -7 8 -9 9 -11 -12
leaf_value=-9.1309750220497232 -11.099006228312305 -23.037326742645003 21.18857906252839 11.409103132007131 -5.8597990490116194 6.5831203364239119 13.51175319459351 2.8455414997729243 -8.6641310937321077 4.7995302384305996 1.1363648230643602
leaf_weight=59 30 35 30 30 45 35 30 43 37 31 45
leaf_count=59 30 35 30 30 45 35 30 43 37 31 45
internal_value=-0.724089 -3.35529 3.60906 -0.170382 -3.33596 -0.414537 -0.535303 -4.08416 1.9971 -2.52818 6.09799
internal_weight=450 280 170 140 110 80 245 102 143 68 75
internal_count=450 280 170 140 110 80 245 102 143 68 75
is_linear=0
shrinkage=0.05


Tree=115
num_leaves=11
num_cat=0
split_feature=20 4 28 1 25 4 27 0 4 5
split_gain=1.35213e+06 2.75076e+06 1.65124e+06 7.67412e+06 1.24372e+06 538747 762553 371634 75357.3 79696.8
threshold=3.1545000000000001 1019.6500000000002 -0.77748193756534212 0.6000000000000002 22.712670000000006 1017.4500000000002 0.7266007961912001 224.95000000000002 1012.4500000000002 14.300000000000002
decision_type=2 2 2 2 2 2 2 2 2 2
left_child=1 -1 4 -4 -2 6 7 -5 9 -8
right_child=2 -3 3 5 -6 -7 8 -9 -10 -11
leaf_value=-15.088398850970258 -12.581252369962378 3.5538112800912076 23.217762641257035 -9.1433914898340571 1.2385069004358482 4.0459183949513946 4.4371718937177747 -2.3889645215024284 -0.40196898276623694 0.85112623141126231
leaf_weight=39 32 40 41 32 33 57 31 56 30 31
leaf_count=39 32 40 41 32 33 57 31 56 30 31
internal_value=0.236444 -5.65668 1.59502 3.27262 -5.57387 -0.186124 -1.5278 -4.85277 1.65436 2.64849
internal_weight=422 79 343 278 65 237 180 88 92 62
internal_count=422 79 343 278 65 237 180 88 92 62
is_linear=0
shrinkage=0.05


Tree=116
num_leaves=11
num_cat=0
split_feature=27 21 28 28 3 24 26 3 29 0
split_gain=1.357e+06 1.83283e+06 3.00113e+06 3.67383e+06 2.11038e+06 1.92552e+06 1.51796e+06 974109 753996 488936
threshold=-0.92906397550800912 0.51795943708609282 -0.44437817810461328 -0.77748193756534212 55.350000000000001 1731.4805555555556 7.6500000000000012 70.40000000000002 1.0000000180025095e-35 470.35000000000008
decision_type=2 2 2 2 2 2 2 2 2 2
left_child=-1 5 3 -3 -4 -2 9 -8 -7 -6
right_child=1 2 4 -5 6 8 7 -9 -10 -11
leaf_value=9.943474129823759 -16.471953768112336 0.79547201641381771 -9.9404506588442416 23.469251363453758 -8.0461052828848949 -5.8229531546131206 13.991028167718273 1.4554440082419327 2.7623382993389392 0.53412889457455859
leaf_weight=33 30 42 53 31 30 59 30 32 45 37
leaf_count=33 30 42 53 31 30 59 30 32 45 37
internal_value=0.224595 -0.602217 1.88567 10.4431 -1.55052 -5.33453 1.9015 7.53389 -2.10903 -3.31396
internal_weight=422 389 255 73 182 134 129 62 104 67
internal_count=422 389 255 73 182 134 129 62 104 67
is_linear=0
shrinkage=0.05


Tree=117
num_leaves=12
num_cat=0
split_feature=2 24 2 24 28 24 29 28 9 6 28
split_gain=1.42527e+06 3.21902e+06 2.89742e+06 3.81622e+06 3.38027e+06 3.65167e+06 913146 406319 124269 140737 106135
threshold=11.450000000000001 1652.7777777777781 4.7500000000000009 2074.0750000000003 -0.63872576220844934 2148.1472222222224 1.0000000180025095e-35 -0.77748193756534212 0.95000000000000007 3.0500000000000003 0.1500498401600889
decision_type=2 2 2 2 2 2 2 2 2 2 2
left_child=2 -2 4 -4 -1 -6 -7 -3 9 10 -9
right_child=1 7 3 -5 5 6 -8 8 -10 -11 -12
leaf_value=-13.459868085582389 16.061593300119384 5.2536538804431574 -24.468194418016857 -0.76808359665638948 20.300173040481894 -4.6072619527261978 6.135857658512081 -0.94724052228344979 -3.828355135553303 -2.4416971039606086 3.014023073436316
leaf_weight=30 39 32 30 39 30 47 34 31 30 43 37
leaf_count=30 39 32 30 39 30 47 34 31 30 43 37
internal_value=0.213516 3.10484 -2.70541 -11.093 1.4041 5.42994 -0.0957373 0.17633 -0.978842 -0.205905 1.20934
internal_weight=422 212 210 69 141 111 81 173 141 111 68
internal_count=422 212 210 69 141 111 81 173 141 111 68
is_linear=0
shrinkage=0.05


Tree=118
num_leaves=10
num_cat=0
split_feature=2 24 14 24 11 14 23 3 3
split_gain=1.28668e+06 2.90594e+06 2.67383e+06 5.33661e+06 525926 751894 279671 138099 265857
threshold=11.450000000000001 1652.7777777777781 196.00000000000003 1092.5916666666669 1.5000000000000002 66.000000000000014 -0.5 76.15000000000002 61.20000000000001
decision_type=2 2 2 2 2 2 2 2 2
left_child=2 -2 3 -1 -5 -6 -3 8 -8
right_child=1 6 -4 4 5 -7 7 -9 -10
leaf_value=-21.446269917546111 15.260567624123809 3.6582354386278761 6.555348381754043 4.4077572549109076 -8.8989753143335886 1.4018423810635809 -2.2637190804381295 -3.8353053348458079 3.0099284789858078
leaf_weight=41 39 43 58 38 30 43 57 32 41
leaf_count=41 39 43 58 38 30 43 57 32 41
internal_value=0.202841 2.95 -2.57054 -6.05484 -0.355483 -2.83768 0.167541 -0.988959 -0.056527
internal_weight=422 212 210 152 111 73 173 130 98
internal_count=422 212 210 152 111 73 173 130 98
is_linear=0
shrinkage=0.05


Tree=119
num_leaves=10
num_cat=0
split_feature=2 24 6 24 4 27 28 24 4
split_gain=1.16158e+06 2.62332e+06 2.62226e+06 7.63419e+06 671625 1.22696e+06 340842 119174 92037.8
threshold=11.450000000000001 1652.7777777777781 2.4500000000000006 1092.5916666666669 1022.85 0.51225279916095534 -0.77748193756534212 3509.2583333333337 1011.0500000000001
decision_type=2 2 2 2 2 2 2 2 2
left_child=2 -2 -1 -4 5 -5 -3 8 -8
right_child=1 6 3 4 -6 -7 7 -9 -10
leaf_value=6.4886414104306755 14.499490635352366 4.8094475512935366 -26.751886606076596 -9.316028011354625 6.571761602420743 2.7788319330526634 -4.2347248603293366 0.91779700026538102 -0.82931150573892298
leaf_weight=59 39 32 34 35 30 52 31 55 55
leaf_count=59 39 32 34 35 30 52 31 55 55
internal_value=0.192675 2.80287 -2.44244 -5.93408 0.133173 -2.09197 0.159179 -0.898826 -2.06039
internal_weight=422 212 210 151 117 87 173 141 86
internal_count=422 212 210 151 117 87 173 141 86
is_linear=0
shrinkage=0.05


Tree=120
num_leaves=12
num_cat=0
split_feature=26 7 24 8 1 4 26 28 2 6 24
split_gain=947810 4.78521e+06 3.65097e+06 2.73235e+06 1.65605e+06 1.04247e+06 355484 328353 367821 298938 384392
threshold=6.6500000000000021 26.650000000000002 1250.0000000000002 15.350000000000003 1.0000000180025095e-35 1021.5500000000001 8.4500000000000028 0.59809228744854648 15.597000000000003 4.6500000000000012 3750.0000000000005
decision_type=2 2 2 2 2 2 2 2 2 2 2
left_child=2 3 -1 4 -2 6 -6 -8 -9 10 -4
right_child=1 -3 9 -5 5 -7 7 8 -10 -11 -12
leaf_value=-19.23383606692089 11.686060011425202 20.099052106660864 -0.70611535700764538 -14.618505350191644 -6.3896216779439694 7.4906480994179976 1.6624301171822193 -7.5121011166081475 0.18691361724773303 -3.6978449813082075 6.2709128011844548
leaf_weight=30 31 30 54 32 41 32 59 30 32 34 31
leaf_count=30 31 30 54 32 41 32 59 30 32 34 31
internal_value=-0.442719 1.23699 -3.67683 -0.971746 0.974736 -0.74198 -2.37183 -1.00623 -3.54443 0.257918 1.84277
internal_weight=436 287 149 257 225 194 162 121 62 119 85
internal_count=436 287 149 257 225 194 162 121 62 119 85
is_linear=0
shrinkage=0.05


Tree=121
num_leaves=9
num_cat=0
split_feature=3 20 5 1 9 24 24 5
split_gain=1.14979e+06 3.43285e+06 2.91341e+06 1.08223e+06 482654 500187 447280 182203
threshold=86.050000000000011 16.038750000000004 19.925000000000004 1.0000000180025095e-35 1.5500000000000003 5250.0000000000009 2009.2583333333334 9.2500000000000018
decision_type=2 2 2 2 2 2 2 2
left_child=1 2 3 -1 5 6 -5 -8
right_child=-2 -3 -4 4 -6 -7 7 -9
leaf_value=8.0530730763132485 -7.7988620668966036 12.689253554277553 -15.665043447842107 -5.4462405739374224 4.9078891659089612 -7.7399646442197882 -1.4345867620616506 1.8824768375727974
leaf_weight=38 47 50 32 42 31 30 78 88
leaf_count=38 47 50 32 42 31 30 78 88
internal_value=-0.420637 0.472582 -1.33248 0.166062 -0.950648 -1.7155 -0.843257 0.323901
internal_weight=436 389 339 307 269 238 208 166
internal_count=436 389 339 307 269 238 208 166
is_linear=0
shrinkage=0.05


Tree=122
num_leaves=12
num_cat=0
split_feature=0 0 25 7 4 0 27 3 28 27 27
split_gain=1.10289e+06 1.79846e+06 2.04409e+06 2.37607e+06 1.45517e+06 1.64221e+06 1.45977e+06 1.2885e+06 754526 421672 680568
threshold=94.600000000000009 150.85000000000005 20.014285000000005 27.150000000000002 1008.35 453.85000000000008 0.76665171983724034 56.45000000000001 0.91234096280339505 0.59125596962661842 0.94130860066615818
decision_type=2 2 2 2 2 2 2 2 2 2 2
left_child=-1 -2 4 -4 6 7 -3 -6 9 -7 -11
right_child=1 2 3 -5 5 8 -8 -9 -10 10 -12
leaf_value=-7.2261424196429989 10.836710428503242 15.599469147924442 -17.98462997448048 1.1193260685143256 -14.765217640708848 -4.4886049450372241 0.80784673558708031 -1.3367207490870743 8.7569314393732274 6.4125478139332985 -3.3870665522508845
leaf_weight=52 38 31 33 32 30 32 36 44 35 43 30
leaf_count=52 38 31 33 32 30 32 36 44 35 43 30
internal_value=-0.399727 0.526312 -0.608834 -8.59226 1.24025 -0.773812 7.66485 -6.79335 2.41049 0.288638 2.38612
internal_weight=436 384 346 65 281 214 67 74 140 105 73
internal_count=436 384 346 65 281 214 67 74 140 105 73
is_linear=0
shrinkage=0.05


Tree=123
num_leaves=9
num_cat=0
split_feature=3 20 5 1 11 28 7 20
split_gain=1.05815e+06 3.11017e+06 2.46107e+06 979929 446791 582993 571037 330486
threshold=86.050000000000011 16.038750000000004 19.925000000000004 1.0000000180025095e-35 4.5000000000000009 0.95989713290459389 8.7500000000000018 4.6356500000000009
decision_type=2 2 2 2 2 2 2 2
left_child=1 2 3 -1 5 6 -5 -8
right_child=-2 -3 -4 4 -6 -7 7 -9
leaf_value=7.6412242552739746 -7.457902244600267 12.105392194817405 -14.414082221747186 -7.3423726287791098 -5.3495116987046165 6.3606762217555399 4.7909066123594419 -0.9464338376213276
leaf_weight=38 47 50 32 30 47 31 31 130
leaf_count=38 47 50 32 30 47 31 31 130
internal_value=-0.379804 0.477074 -1.24107 0.136247 -0.926363 0.0120341 -1.02114 0.160529
internal_weight=436 389 339 307 269 222 191 161
internal_count=436 389 339 307 269 222 191 161
is_linear=0
shrinkage=0.05


Tree=124
num_leaves=11
num_cat=0
split_feature=3 20 7 28 30 24 2 7 7 24
split_gain=955187 2.80752e+06 2.22699e+06 1.15162e+06 1.0935e+06 2.09931e+06 1.981e+06 600334 314212 333711
threshold=86.050000000000011 16.038750000000004 24.850000000000005 -0.4288283929437588 -0.56174490092936669 1694.4444444444446 5.5500000000000007 12.550000000000002 17.450000000000003 4125.0000000000009
decision_type=2 2 2 2 2 2 2 2 2 2
left_child=1 2 3 -1 6 -6 -5 -8 9 -7
right_child=-2 -3 -4 4 5 8 7 -9 -10 -11
leaf_value=8.4117416797622511 -7.0857985393256904 11.501331126761293 -13.49918866359215 12.547601684960961 -15.361085437698618 -1.4128325863318012 -7.2628501394658391 2.724945142657258 -4.5234523410054601 4.6041029102781899
leaf_weight=37 47 50 33 36 30 67 30 30 41 35
leaf_count=37 47 50 33 36 30 67 30 30 41 35
internal_value=-0.360867 0.453256 -1.17915 0.153442 -0.985144 -3.35924 3.29217 -2.27264 -0.832362 0.65424
internal_weight=436 389 339 306 269 173 96 60 143 102
internal_count=436 389 339 306 269 173 96 60 143 102
is_linear=0
shrinkage=0.05


Tree=125
num_leaves=11
num_cat=0
split_feature=24 6 4 6 3 7 21 28 23 4
split_gain=4.13328e+06 6.07535e+06 790298 868282 1.69576e+06 737486 528778 409132 211405 100393
threshold=1250.0000000000002 2.8500000000000001 1006.4500000000002 3.1500000000000008 56.750000000000007 21.350000000000005 1.0000000180025095e-35 0.67751439310362949 -0.5 1018.2500000000001
decision_type=2 2 2 2 2 2 2 2 2 2
left_child=1 -1 8 5 -5 6 -4 -6 -2 -8
right_child=2 -3 3 4 7 -7 9 -9 -10 -11
leaf_value=-26.185692753511319 -1.176284870810786 -0.098361714925052121 -7.3694517468573739 14.388603725868073 4.1722305732060869 4.7312057421936649 -2.060613363554173 -3.050850894191834 -6.5588003713808281 1.8638452027139349
leaf_weight=39 36 52 40 35 48 46 32 33 37 33
leaf_count=39 36 52 40 35 48 46 32 33 37 33
internal_value=-1.83695 -11.2952 0.69708 1.95763 5.2088 -0.54172 -2.85411 1.2293 -3.90972 -0.0683166
internal_weight=431 91 340 267 116 151 105 81 73 65
internal_count=431 91 340 267 116 151 105 81 73 65
is_linear=0
shrinkage=0.05


Tree=126
num_leaves=11
num_cat=0
split_feature=24 26 25 4 27 24 3 25 22 9
split_gain=3.73128e+06 4.11189e+06 727456 498512 588337 487404 302755 111088 91463.6 58288.6
threshold=1250.0000000000002 6.8500000000000005 23.253940000000004 1022.85 -0.73826482089152123 5009.2583333333341 59.050000000000004 18.228162500000003 0.68301270189221941 2.5500000000000003
decision_type=2 2 2 2 2 2 2 2 2 2
left_child=1 -1 3 4 -2 6 8 9 -6 -8
right_child=2 -3 -4 -5 5 -7 7 -9 -10 -11
leaf_value=-23.260778425121558 6.3571435764472115 -1.721878266738633 -6.7591548491157969 6.0613339891180917 -3.5879128540809426 -6.360424514466346 0.24559959529216721 4.6756779385563538 -0.10942330645699788 2.950084477900667
leaf_weight=38 37 53 30 48 41 30 59 30 35 30
leaf_count=38 37 53 30 48 41 30 59 30 35 30
internal_value=-1.74535 -10.7319 0.662297 1.38247 0.523265 -0.43846 0.475379 2.04921 -1.98829 1.15957
internal_weight=431 91 340 310 262 225 195 119 76 89
internal_count=431 91 340 310 262 225 195 119 76 89
is_linear=0
shrinkage=0.05


Tree=127
num_leaves=11
num_cat=0
split_feature=24 6 4 24 14 23 3 22 4 21
split_gain=3.36836e+06 5.51257e+06 690336 787109 349267 189911 173490 117989 60564 58778.3
threshold=1250.0000000000002 2.8500000000000001 1006.4500000000002 4986.1111111111122 44.000000000000007 -0.5 61.45000000000001 -0.24999999999999994 1012.4500000000002 0.92923180732897348
decision_type=2 2 2 2 2 2 2 2 2 2
left_child=1 -1 5 4 -4 -2 8 -8 -6 -9
right_child=2 -3 3 -5 6 -7 7 9 -10 -11
leaf_value=-24.380732756929326 -1.0856977008056112 0.46771072416982817 -3.814665238645929 8.4618159797247934 1.0272392899179092 -6.1871411799099247 0.30167516025043284 4.8998617505333275 -1.8130038159705926 2.1955938864297679
leaf_weight=39 36 52 36 38 39 37 35 48 36 35
leaf_count=39 36 52 36 38 39 37 35 48 36 35
internal_value=-1.65833 -10.1966 0.629233 1.80737 0.699907 -3.67636 1.54357 2.73791 -0.33661 3.76358
internal_weight=431 91 340 267 229 73 193 118 75 83
internal_count=431 91 340 267 229 73 193 118 75 83
is_linear=0
shrinkage=0.05


Tree=128
num_leaves=11
num_cat=0
split_feature=24 6 7 4 28 20 7 0 4 6
split_gain=3.04076e+06 4.97643e+06 640612 444400 670543 634526 682207 442772 327517 130342
threshold=1250.0000000000002 2.8500000000000001 27.050000000000004 1022.85 0.89771014032557062 5.0563000000000011 21.350000000000005 264.35000000000008 1009.85 3.2500000000000004
decision_type=2 2 2 2 2 2 2 2 2 2
left_child=1 -1 3 4 5 -2 7 -7 -8 -9
right_child=2 -3 -4 -5 -6 6 8 9 -10 -11
leaf_value=-23.164814478783963 7.6789540919570705 0.44436990770863477 -6.2426066746857387 5.7022232652701854 -5.0738142682813487 -6.8302933657099416 1.1743873730773184 -1.8463080070857101 7.9217415504366429 2.3928615498038579
leaf_weight=39 36 52 31 48 45 34 41 40 32 33
leaf_count=39 36 52 31 48 45 34 41 40 32 33
internal_value=-1.57564 -9.68812 0.59783 1.2859 0.471812 1.62899 0.415375 -2.12648 4.13899 0.0706124
internal_weight=431 91 340 309 261 216 180 107 73 73
internal_count=431 91 340 309 261 216 180 107 73 73
is_linear=0
shrinkage=0.05


Tree=129
num_leaves=10
num_cat=0
split_feature=24 26 5 27 7 24 23 5 5
split_gain=2.74502e+06 3.76424e+06 579563 439539 552008 617795 263285 117652 127615
threshold=1250.0000000000002 6.8500000000000005 23.200000000000006 -0.71461382420154484 7.6500000000000012 4787.0361111111115 0.6830127018922193 18.550000000000004 14.300000000000002
decision_type=2 2 2 2 2 2 2 2 2
left_child=1 -1 3 -2 -5 6 7 8 -6
right_child=2 -3 -4 4 5 -7 -8 -9 -10
leaf_value=-21.192385924331788 6.0267402495200901 -0.5863769843753448 -6.056211962493947 5.328995487199256 2.15479248324201 -7.1141796210187795 -2.7100785831527752 4.2333385185289236 -1.3321889391631374
leaf_weight=38 41 53 30 48 67 31 48 32 43
leaf_count=38 41 53 30 48 67 31 48 32 43
internal_value=-1.49707 -9.20496 0.56801 1.21083 0.474817 -0.581395 0.487636 1.56974 0.791682
internal_weight=431 91 340 310 269 221 190 142 110
internal_count=431 91 340 310 269 221 190 142 110
is_linear=0
shrinkage=0.05


Tree=130
num_leaves=11
num_cat=0
split_feature=27 6 1 5 3 2 25 4 28 6
split_gain=1.04552e+06 1.05368e+06 1.8696e+06 3.40981e+06 1.19434e+06 838064 747683 743341 435063 683994
threshold=0.98038744674281963 4.4500000000000011 1.0000000180025095e-35 18.125000000000004 44.500000000000007 5.8500000000000005 23.103020000000004 1008.35 0.38167508216062845 3.0500000000000003
decision_type=2 2 2 2 2 2 2 2 2 2
left_child=1 2 3 -1 -4 -3 7 -6 -9 -10
right_child=-2 5 4 -5 6 -7 -8 8 9 -11
leaf_value=20.835586651888761 -7.0272078616413669 -10.238076233647741 9.0980833688789087 -1.5365676354103426 5.4482224355438751 0.51591018506713637 -8.2760937406375152 1.7908778463706707 -0.55010749661377845 -9.6205801672653237
leaf_weight=34 44 33 34 34 50 40 30 58 59 32
leaf_count=34 44 33 34 34 50 40 30 58 59 32
internal_value=0.282978 1.08069 2.27998 9.66361 0.367933 -4.35277 -0.93163 0.179151 -1.59143 -3.74684
internal_weight=448 404 331 68 263 73 229 199 149 91
internal_count=448 404 331 68 263 73 229 199 149 91
is_linear=0
shrinkage=0.05


Tree=131
num_leaves=11
num_cat=0
split_feature=24 3 4 25 3 7 14 29 24 0
split_gain=3.01398e+06 1.39786e+06 3.30003e+06 1.79847e+06 1.25479e+06 1.237e+06 1.89661e+06 1.2989e+06 1.20174e+06 435956
threshold=5638.8888888888896 80.250000000000014 1003.3000000000001 22.591700000000003 39.050000000000004 9.7500000000000018 61.500000000000007 1.0000000180025095e-35 1847.2222222222224 309.45000000000005
decision_type=2 2 2 2 2 2 2 2 2 2
left_child=1 3 -3 4 -1 -6 -7 8 -8 -9
right_child=-2 2 -4 -5 5 6 7 9 -10 -11
leaf_value=-10.85635568517387 15.284436528552384 17.844501968212068 -2.4007323814565793 -13.997855187096073 -7.4515952889580124 13.13878953639059 -12.518159725974961 8.5970106219616103 -0.71267451929043546 1.319065975916935
leaf_weight=30 31 31 57 30 47 30 30 34 76 52
leaf_count=30 31 31 57 30 47 30 30 34 76 52
internal_value=0.268833 -0.85082 4.74321 -2.3481 -1.17492 -0.0915545 1.46928 -0.359941 -4.06255 4.20309
internal_weight=448 417 88 329 299 269 222 192 106 86
internal_count=448 417 88 329 299 269 222 192 106 86
is_linear=0
shrinkage=0.05


Tree=132
num_leaves=10
num_cat=0
split_feature=24 0 3 23 25 8 14 3 4
split_gain=2.72102e+06 1.36684e+06 1.93008e+06 3.15007e+06 1.95238e+06 1.57152e+06 1.95828e+06 1.65134e+06 1.1496e+06
threshold=5638.8888888888896 64.250000000000014 80.250000000000014 -0.5 20.014285000000005 0.55000000000000016 58.000000000000007 46.95000000000001 1011.4500000000002
decision_type=2 2 2 2 2 2 2 2 2
left_child=1 -1 4 -4 5 -3 -7 -8 -9
right_child=-2 2 3 -5 -6 6 7 8 -10
leaf_value=-10.892117843597264 14.52267205584854 -8.5600251063738266 19.030360531435576 -1.0383956916793855 -10.542833055614752 13.625320370500269 -10.840080358498911 7.1139290270639108 -1.8153110733851527
leaf_weight=31 31 44 32 50 53 30 30 63 84
leaf_count=31 31 44 32 50 53 30 30 63 84
internal_value=0.255482 -0.808364 0.00406991 6.80689 -1.83252 0.0101548 1.83511 -0.169764 2.01371
internal_weight=448 417 386 82 304 251 207 177 147
internal_count=448 417 386 82 304 251 207 177 147
is_linear=0
shrinkage=0.05


Tree=133
num_leaves=11
num_cat=0
split_feature=8 2 6 6 2 6 6 23 7 20
split_gain=970961 1.92952e+06 3.85594e+06 1.97111e+06 1.80438e+06 1.87241e+06 1.72968e+06 1.83566e+06 1.55838e+06 821942
threshold=6.5500000000000007 10.450000000000001 2.5500000000000003 3.3500000000000001 5.2500000000000009 3.4500000000000006 2.8500000000000001 -0.24999999999999994 23.550000000000004 3.7378500000000003
decision_type=2 2 2 2 2 2 2 2 2 2
left_child=4 2 -2 -4 5 -1 8 -8 -3 -6
right_child=1 6 3 -5 9 -7 7 -9 -10 -11
leaf_value=17.57747691295765 7.0775843205408737 4.276901961417094 -22.251229327305321 -5.456017648612363 -4.7768625016139845 0.85193560784479549 13.046527111263238 -2.0622257943726705 -8.6922939666920467 4.3654266979801966
leaf_weight=35 33 41 34 36 59 32 49 34 53 42
leaf_count=35 33 41 34 36 59 32 49 34 53 42
internal_value=0.242825 -1.56008 -6.99768 -13.6339 3.24684 9.60241 1.60631 6.86231 -3.03693 -0.974511
internal_weight=448 280 103 70 168 67 177 83 94 101
internal_count=448 280 103 70 168 67 177 83 94 101
is_linear=0
shrinkage=0.05


Tree=134
num_leaves=10
num_cat=0
split_feature=24 8 7 20 1 0 0 11 6
split_gain=2.43298e+06 1.35284e+06 1.5583e+06 1.23058e+06 2.21983e+06 1.20667e+06 734991 163298 123454
threshold=5638.8888888888896 21.950000000000003 24.850000000000005 3.1545000000000001 1.0000000180025095e-35 489.00000000000006 136.25000000000003 4.5000000000000009 3.6500000000000008
decision_type=2 2 2 2 2 2 2 2 2
left_child=1 2 3 5 -5 -1 -6 8 -8
right_child=-2 -3 -4 4 6 -7 7 -9 -10
leaf_value=-13.558535543515369 13.721650213137316 9.2571003496838529 -9.5377901806220731 11.208197749255795 -7.495437853560488 -0.27664002677587074 0.21473929966455751 -2.5594521268037451 3.4020904923812973
leaf_weight=31 31 31 53 46 35 38 103 37 43
leaf_count=31 31 31 53 46 35 38 103 37 43
internal_value=0.230728 -0.775232 -1.58314 -0.314585 1.23977 -6.25493 -0.867817 0.403135 1.1552
internal_weight=448 417 386 333 264 69 218 183 146
internal_count=448 417 386 333 264 69 218 183 146
is_linear=0
shrinkage=0.05


Tree=135
num_leaves=11
num_cat=0
split_feature=1 2 24 22 7 28 20 2 3 5
split_gain=927506 2.08857e+06 779984 425072 254278 782526 622824 463071 379884 151825
threshold=1.0000000180025095e-35 10.450000000000001 1564.8138888888891 -0.6830127018922193 7.7500000000000009 0.79345403275494197 5.221750000000001 9.6000000000000014 59.050000000000004 19.450000000000003
decision_type=2 2 2 2 2 2 2 2 2 2
left_child=1 -1 -2 -4 -5 6 -6 -7 -8 -10
right_child=2 -3 3 4 5 7 8 -9 9 -11
leaf_value=-2.5259708530587748 -8.6878749540764399 14.591658236304546 -4.9236014036275861 3.6147521786531147 7.8414185734682293 -9.6921928980817817 -4.9602118625518212 -0.9108104577492242 0.21179430260840851 4.3142448032417171
leaf_weight=40 31 32 45 48 30 30 31 30 90 30
leaf_count=40 31 32 45 48 30 30 31 30 90 30
internal_value=-0.0908758 5.09148 -1.11428 -0.408934 0.295485 -0.366818 1.27394 -5.31041 -0.0351499 1.24019
internal_weight=437 72 365 334 289 241 181 60 151 120
internal_count=437 72 365 334 289 241 181 60 151 120
is_linear=0
shrinkage=0.05


Tree=136
num_leaves=12
num_cat=0
split_feature=6 24 7 24 4 30 6 24 21 28 0
split_gain=2.05449e+06 4.84443e+06 2.66229e+06 2.90638e+06 2.08535e+06 818727 529894 904477 677103 282936 99487.5
threshold=2.8500000000000001 1.0000000180025095e-35 23.750000000000004 2041.666666666667 1009.9500000000002 -0.56174490092936669 4.2500000000000009 4305.5555555555557 0.60245903330386097 0.65180241000790706 463.30000000000007
decision_type=2 2 2 2 2 2 2 2 2 2 2
left_child=2 -2 4 -4 -1 -6 7 9 -8 10 -3
right_child=1 6 3 -5 5 -7 8 -9 -10 -11 -12
leaf_value=11.66059070156262 19.821133907349818 -0.28955062889471284 -23.646325020140587 -2.1546387375661613 -8.9905386803705056 0.4723568813391909 -8.045738786412036 9.3498449761001243 1.5135770873019572 -4.4424806467322417 3.2904037268105841
leaf_weight=30 36 45 30 33 39 55 38 31 36 30 34
leaf_count=30 36 45 30 33 39 55 38 31 36 30 34
internal_value=-0.086345 2.87823 -4.04913 -12.4101 0.205323 -3.45907 0.0200749 1.8287 -3.39943 -0.316908 1.25334
internal_weight=437 250 187 63 124 94 214 140 74 109 79
internal_count=437 250 187 63 124 94 214 140 74 109 79
is_linear=0
shrinkage=0.05


Tree=137
num_leaves=11
num_cat=0
split_feature=6 24 7 26 5 30 24 6 28 5
split_gain=1.85475e+06 4.37336e+06 2.40359e+06 2.79806e+06 1.94165e+06 1.07398e+06 483468 613588 318997 121397
threshold=2.8500000000000001 1.0000000180025095e-35 23.750000000000004 6.9000000000000012 15.050000000000002 -0.56174490092936669 3687.5000000000005 4.0500000000000007 0.70242338714296659 14.050000000000002
decision_type=2 2 2 2 2 2 2 2 2 2
left_child=2 -2 4 -4 5 -1 8 -8 9 -3
right_child=1 6 3 -5 -6 -7 7 -9 -10 -11
leaf_value=-10.376308145380428 18.832822660528063 1.6527587123267058 -22.816363754879646 -1.7303836805222621 10.784486527977702 0.73990666790100401 6.8522639651101986 -1.7885752475647274 -5.7255071334638616 -1.966577816770938
leaf_weight=35 36 43 30 33 32 57 46 37 38 50
leaf_count=35 36 43 30 33 32 57 46 37 38 50
internal_value=-0.0820437 2.73474 -3.84728 -11.7917 0.195184 -3.49571 0.0191021 3.00275 -1.87211 -0.29309
internal_weight=437 250 187 63 124 92 214 83 131 93
internal_count=437 250 187 63 124 92 214 83 131 93
is_linear=0
shrinkage=0.05


Tree=138
num_leaves=12
num_cat=0
split_feature=4 20 4 24 11 27 24 4 28 24 27
split_gain=891264 1.67015e+06 1.42621e+06 1.26557e+06 779690 1.23791e+06 1.23395e+06 578198 579638 535139 198054
threshold=998.75000000000011 14.71245 1008.35 2185.1861111111116 1.5000000000000002 -0.15005400879207767 1472.2222222222224 1022.85 0.65180241000790706 2458.3333333333335 0.89773508019357628
decision_type=2 2 2 2 2 2 2 2 2 2 2
left_child=-1 2 9 -3 5 -4 -6 8 10 -2 -8
right_child=1 3 4 -5 6 -7 7 -9 -10 -11 -12
leaf_value=7.2285362390082639 12.047747065300165 -15.686094693408851 -5.3118607666714786 -1.2877914746857915 -11.989531796691502 7.0134049144329254 3.3165705463127311 4.7914229457111883 -6.6848023711351958 3.1112218008266659 -2.200826380032598
leaf_weight=38 30 30 31 31 31 59 31 33 51 38 34
leaf_count=38 30 30 31 31 31 59 31 33 51 38 34
internal_value=-0.0780051 -0.775516 0.599508 -8.38309 -1.03103 2.7668 -2.93045 -1.03887 -2.70023 7.06578 0.431523
internal_weight=437 399 338 61 270 90 180 149 116 68 65
internal_count=437 399 338 61 270 90 180 149 116 68 65
is_linear=0
shrinkage=0.05


end of trees

feature_importances:
avg_weight_price_ratio=494
day_of_year_sin=85
day_of_year_cos=85
trade_quantity=79
avg_weight_kg=71
humidity=61
pressure=60
day_of_year=46
water_temp_ratio=44
water_temperature=43
wind_speed=41
max_temperature=41
day_of_week=32
temp_humidity=32
temp_range=32
avg_temperature=29
min_temperature=20
day_of_week_sin=18
month_cos=14
temp_pressure=12
rainfall=8
spring=8
month_sin=7
day_of_week_cos=7
month=4
winter=3
is_weekend=2
fall=1

parameters:
[boosting: gbdt]
[objective: regression]
[metric: l1]
[tree_learner: serial]
[device_type: cpu]
[data_sample_strategy: bagging]
[data: ]
[valid: ]
[num_iterations: 500]
[learning_rate: 0.05]
[num_leaves: 31]
[num_threads: 0]
[seed: 42]
[deterministic: 0]
[force_col_wise: 0]
[force_row_wise: 0]
[histogram_pool_size: -1]
[max_depth: 8]
[min_data_in_leaf: 30]
[min_sum_hessian_in_leaf: 0.001]
[bagging_fraction: 0.8]
[pos_bagging_fraction: 1]
[neg_bagging_fraction: 1]
[bagging_freq: 5]
[bagging_seed: 400]
[bagging_by_query: 0]
[feature_fraction: 0.8]
[feature_fraction_bynode: 1]
[feature_fraction_seed: 30056]
[extra_trees: 0]
[extra_seed: 12879]
[early_stopping_round: 0]
[early_stopping_min_delta: 0]
[first_metric_only: 0]
[max_delta_step: 0]
[lambda_l1: 0.1]
[lambda_l2: 0.1]
[linear_lambda: 0]
[min_gain_to_split: 0.05]
[drop_rate: 0.1]
[max_drop: 50]
[skip_drop: 0.5]
[xgboost_dart_mode: 0]
[uniform_drop: 0]
[drop_seed: 17869]
[top_rate: 0.2]
[other_rate: 0.1]
[min_data_per_group: 100]
[max_cat_threshold: 32]
[cat_l2: 10]
[cat_smooth: 10]
[max_cat_to_onehot: 4]
[top_k: 20]
[monotone_constraints: ]
[monotone_constraints_method: basic]
[monotone_penalty: 0]
[feature_contri: ]
[forcedsplits_filename: ]
[refit_decay_rate: 0.9]
[cegb_tradeoff: 1]
[cegb_penalty_split: 0]
[cegb_penalty_feature_lazy: ]
[cegb_penalty_feature_coupled: ]
[path_smooth: 0]
[interaction_constraints: ]
[verbosity: -1]
[saved_feature_importance_type: 0]
[use_quantized_grad: 0]
[num_grad_quant_bins: 4]
[quant_train_renew_leaf: 0]
[stochastic_rounding: 1]
[linear_tree: 0]
[max_bin: 255]
[max_bin_by_feature: ]
[min_data_in_bin: 3]
[bin_construct_sample_cnt: 200000]
[data_random_seed: 175]
[is_enable_sparse: 1]
[enable_bundle: 1]
[use_missing: 1]
[zero_as_missing: 0]
[feature_pre_filter: 1]
[pre_partition: 0]
[two_round: 0]
[header: 0]
[label_column: ]
[weight_column: ]
[group_column: ]
[ignore_column: ]
[categorical_feature: ]
[forcedbins_filename: ]
[precise_float_parser: 0]
[parser_config_file: ]
[objective_seed: 16083]
[num_class: 1]
[is_unbalance: 0]
[scale_pos_weight: 1]
[sigmoid: 1]
[boost_from_average: 1]
[reg_sqrt: 0]
[alpha: 0.9]
[fair_c: 1]
[poisson_max_delta_step: 0.7]
[tweedie_variance_power: 1.5]
[lambdarank_truncation_level: 30]
[lambdarank_norm: 1]
[label_gain: ]
[lambdarank_position_bias_regularization: 0]
[eval_at: ]
[multi_error_top_k: 1]
[auc_mu_weights: ]
[num_machines: 1]
[local_listen_port: 12400]
[time_out: 120]
[machine_list_filename: ]
[machines: ]
[gpu_platform_id: -1]
[gpu_device_id: -1]
[gpu_use_dp: 0]
[num_gpu: 1]

end of parameters

pandas_categorical:[]
