tree
version=v4
num_class=1
num_tree_per_iteration=1
label_index=0
max_feature_idx=30
objective=regression
feature_names=trade_quantity avg_weight_kg water_temperature humidity pressure avg_temperature wind_speed max_temperature min_temperature rainfall month day_of_week is_weekend quarter day_of_year spring summer fall winter peak_season temp_humidity water_temp_ratio month_sin month_cos avg_weight_price_ratio temp_pressure temp_range day_of_year_sin day_of_year_cos day_of_week_sin day_of_week_cos
feature_infos=[1:2962.9000000000001] [0:2.5] [-0.69999999999999996:28.199999999999999] [20:99.900000000000006] [984:1034.7] [-8.1999999999999993:31.5] [0.90000000000000002:11.699999999999999] [-5.2999999999999998:36.700000000000003] [-12.199999999999999:27.600000000000001] [0:208.69999999999999] [1:12] [0:5] [0:1] [1:4] [2:364] [0:1] [0:1] [0:1] [0:1] [0:1] [-6.3121:25.866200000000003] [-52.313333333333325:31.500000000000007] [-1:1] [-1:1] [0:129600.00000000001] [-8.3033199999999994:31.666949999999996] [1.2000000000000028:16.699999999999999] [-0.99999073973619013:0.99991665865473789] [-0.99996295911626554:0.99985183920911624] [-0.97492791218182362:0.97492791218182362] [-0.90096886790241903:1]
tree_sizes=1627 1824 1743 1743 1823 1906 1826 1913 1907 1902 1905 1994 1895 1822 1736 1654 1837 1914 1999 1653 1824 2079 1895 1995 1806 1732 1650 1644 1739 1730 1395 1590 1830 1748 1823 1751 1644 1674 1746 1580 1490 1566 1494 1328 1662 1406 1412 1584 1496 1651 1161 1249 1486 1575 1415 1834 1653 1665 1825 1164 1327 1415 1495 1249 1885 1406 1496 1073 1236 1078 1138 1231 1574 1327 1248 1652 1564 1317 1395 1236 1407 1414 1657 1574 1879 1746 1477 1485 1474 1572 1400 1403 1473 1152 1232 1404 1387 987 1484 1156 1150 1393 1155 1482 1405 1476 1407 1383 1399 1481 1420 1155 1335 1150 1071 1153 1240 1072 1071 1326 1302 1161 1070 1558 1496 1235 1239 1232 1240 1236 978 985 987 1727 1150 1321 990 989 1577 1157 1063 974 1129 1072 1069 1818 1312 1153 1155 1228 1866 1318 1491 1066 1558 1729 1571 1790 1246 1243 1658 1480 1140 1490 1312 1066 986 1393 1238 1154 995 991 1748 905 907 1157 1473 988 1238 1228 1752 898 1892 1639 1986 1409 1143 1155 1232 1155 1786 1827 1067 1496 1402 1071 1068 1235 1319 1736 1238 1148 985 1145 1070 1153 1814 1233 1404 1307 1071 1558 1152 1672 986 1069 1490 1323 1243 1495 1405 1232 1225 1721 1800 1154 1401 1155 1055 1140 1158 1244 1156 1157 1160 994 1320 1068 1078 1152 1740 991 1501 1149 1577 1320 1335 1407 905 1403 1675 1661 1229 1236 1233 1150 1331 1240 1387 1401 1234 1652 1660 1487 1495 1058 1317 1658 1411 1463 1156 980 1076 1075 1075

Tree=0
num_leaves=18
num_cat=0
split_feature=0 24 24 1 24 24 1 24 14 24 26 0 24 24 24 24 24
split_gain=1.71513e+11 2.57358e+10 4.52807e+09 7.3354e+08 1.00276e+09 6.31504e+08 5.00938e+08 2.58768e+08 2.51518e+08 2.1257e+08 1.78155e+08 1.18802e+08 8.85535e+07 6.09486e+07 3.2318e+07 1.5688e+07 7.13191e+06
threshold=2.5000000000000004 16530.555555555558 7383.3333333333339 0.095454545454545472 5734.0058080808094 9240.7416666666668 0.6000000000000002 4308.1472222222228 187.50000000000003 10400.992063492065 7.0999999999999996 85.250000000000014 6494.4444444444453 8319.4444444444471 4902.7777777777783 3791.6666666666674 6861.1111111111122
decision_type=2 2 2 2 2 2 2 2 2 2 2 2 2 2 2 2 2
left_child=-1 2 3 8 7 11 -7 15 10 -8 -2 -4 -6 -13 -9 -5 -14
right_child=1 -3 5 4 12 6 9 14 -10 -11 -12 13 16 -15 -16 -17 -18
leaf_value=20134.813394461893 17007.988440273926 18579.460740742303 17133.3986900298 16806.828944082048 17045.176071325342 17229.952749142227 17387.069195236571 16925.469941454001 17258.217767713955 17563.979767549721 17151.480427177536 17211.771340701212 17102.759491294877 17291.363032662597 16979.478499563025 16869.710122274737 17135.173904733285
leaf_weight=52 37 31 30 30 76 34 39 51 31 30 54 54 44 44 97 39 48
leaf_count=52 37 31 30 30 76 34 39 51 31 30 54 54 44 44 97 39 48
internal_value=17358.5 17170.4 17111.1 17027.5 16993.6 17294.6 17386.8 16922.5 17134.7 17464.2 17092.8 17220.5 17085.6 17247.4 16960.6 16841.6 17119.4
internal_weight=821 769 738 507 385 231 103 217 122 69 91 128 168 98 148 69 92
internal_count=821 769 738 507 385 231 103 217 122 69 91 128 168 98 148 69 92
is_linear=0
shrinkage=1


Tree=1
num_leaves=20
num_cat=0
split_feature=24 1 24 6 6 24 24 21 1 24 24 24 24 24 24 24 27 24 21
split_gain=1.05752e+11 1.08282e+10 8.54932e+09 3.87622e+09 5.89839e+09 3.39213e+09 2.02442e+09 1.02595e+09 5.07235e+08 4.10027e+08 2.44493e+08 1.84224e+08 6.17187e+07 4.48943e+07 1.80673e+07 1.38663e+07 1.27539e+07 3.02871e+06 399201
threshold=27820.833333333339 0.095454545454545472 9006.2500000000018 4.2500000000000009 2.1500000000000008 14555.555555555557 6421.2972222222224 0.76575921120913348 0.6000000000000002 4699.0750000000007 10400.992063492065 7383.3333333333339 5734.0058080808094 3953.702777777778 7842.5916666666672 6736.1111111111122 -0.42885619348140602 5437.5000000000009 0.68920799923937526
decision_type=2 2 2 2 2 2 2 2 2 2 2 2 2 2 2 2 2 2 2
left_child=1 3 6 4 -1 8 9 -6 -4 13 -10 15 17 -3 -13 -8 -16 -11 -17
right_child=-2 2 5 -5 7 -7 11 -9 10 12 -12 14 -14 -15 16 18 -18 -19 -20
leaf_value=706.76793022749962 2847.711980946041 -525.22291120171838 -175.25809391059749 754.55215087105614 -223.52471547961909 597.91857440986507 -268.43682433657193 127.97909211189516 -0.32962038503528313 -387.08519994174441 178.10578483505503 -184.05543887780871 -313.6943680071422 -450.9947788269742 -112.37739411921198 -238.182089324647 -154.94582101856861 -358.2053625701372 -218.04134548960008
leaf_weight=32 31 41 30 31 53 30 43 34 53 75 30 33 64 61 30 30 49 40 31
leaf_count=32 31 41 30 31 53 30 43 34 53 75 30 33 64 61 30 30 49 40 31
internal_value=-12.1896 -124.76 -214.375 257.487 127.474 126.244 -312.386 -86.1661 0.60303 -400.869 64.3018 -197.143 -354.785 -481.317 -152.388 -245.149 -138.943 -377.36 -228.32
internal_weight=821 790 640 150 119 143 497 87 113 281 83 216 179 102 112 104 79 115 61
internal_count=821 790 640 150 119 143 497 87 113 281 83 216 179 102 112 104 79 115 61
is_linear=0
shrinkage=0.05


Tree=2
num_leaves=19
num_cat=0
split_feature=0 24 24 24 24 24 0 14 24 26 0 24 24 24 24 24 24 8
split_gain=1.4586e+11 2.1109e+10 3.82898e+09 5.08961e+08 4.09482e+08 8.17051e+08 3.06366e+08 2.64458e+08 2.13383e+08 1.68387e+08 1.05685e+08 9.97305e+07 7.27496e+07 5.06261e+07 2.62593e+07 1.30513e+07 5.88676e+06 597889
threshold=2.5000000000000004 16530.555555555558 7383.3333333333339 9240.7416666666668 1.0000000180025095e-35 5734.0058080808094 42.000000000000007 187.50000000000003 4308.1472222222228 7.0999999999999996 85.250000000000014 10625.000000000002 6494.4444444444453 8236.1111111111131 4902.7777777777783 3791.6666666666674 6861.1111111111122 10.850000000000003
decision_type=2 2 2 2 2 2 2 2 2 2 2 2 2 2 2 2 2 2
left_child=-1 2 4 10 7 8 -5 9 15 -2 -4 -8 17 -12 -10 -6 -14 -7
right_child=1 -3 3 6 5 12 11 -9 14 -11 13 -13 16 -15 -16 -17 -18 -19
leaf_value=2548.7058714414511 -360.82984760623742 1091.0904394904135 -218.65876740617216 -115.47249257215458 -510.20445779692693 -308.08981957144294 19.836403341362946 -108.76918025860064 -402.23925121926982 -221.25955395372432 -144.31223526144657 139.74600497020833 -242.39537339675454 -71.920701771670593 -353.54817482882504 -453.07541335318092 -212.99952349434773 -284.59199078003741
leaf_weight=52 37 31 30 32 30 31 41 31 51 54 53 30 44 45 97 39 48 45
leaf_count=52 37 31 30 32 30 31 41 31 51 54 53 30 44 45 97 39 48 45
internal_value=-11.5704 -185.006 -238.749 -69.9839 -315.614 -340.971 12.7543 -235.378 -405.142 -278.342 -136.52 70.6278 -257.892 -111.178 -370.587 -478.617 -227.306 -294.569
internal_weight=821 769 738 231 507 385 103 122 217 91 128 71 168 98 148 69 92 76
internal_count=821 769 738 231 507 385 103 122 217 91 128 71 168 98 148 69 92 76
is_linear=0
shrinkage=0.05


Tree=3
num_leaves=19
num_cat=0
split_feature=24 1 24 26 24 6 24 30 1 24 24 24 24 24 24 24 27 24
split_gain=8.79768e+10 8.94492e+09 6.72192e+09 5.46795e+09 2.48744e+09 2.37692e+09 1.65149e+09 9.57311e+08 4.27507e+08 2.59327e+08 2.28458e+08 1.93549e+08 3.57262e+07 3.27574e+07 2.73246e+07 1.41018e+07 1.14467e+07 436390
threshold=27820.833333333339 0.095454545454545472 9006.2500000000018 5.5499999999999998 14555.555555555557 3.8500000000000001 5953.7027777777785 -0.56174490092936669 0.6000000000000002 7143.5194444444451 4618.0555555555566 10400.992063492065 7842.5916666666672 3902.7777777777778 6494.4444444444453 5437.5000000000009 -0.42885619348140602 6736.1111111111122
decision_type=2 2 2 2 2 2 2 2 2 2 2 2 2 2 2 2 2 2
left_child=1 3 6 -1 8 7 10 -5 -4 14 13 -10 -11 -3 -8 -12 -14 -16
right_child=-2 2 4 5 -6 -7 9 -9 11 12 15 -13 16 -15 17 -17 -18 -19
leaf_value=836.32500390341124 2597.5060926823753 -477.01428908300522 -162.12285359024605 175.04935277221287 510.82255160277867 458.83280337416477 -274.01495551595343 -168.69239623813334 0.29928338900348783 -177.64129478992982 -351.60063324165117 159.0611431945598 -100.28433233622302 -410.98391902297482 -234.85740319156955 -314.60405479986252 -140.50552782109216 -215.68170162634175
leaf_weight=30 31 38 30 31 30 31 57 58 53 58 80 30 30 59 31 59 49 36
leaf_count=30 31 38 30 31 30 31 57 58 53 58 80 30 30 59 31 59 49 36
internal_value=-10.9931 -113.668 -195.118 233.751 106.915 82.5371 -282.025 -48.9 -0.674231 -195.231 -377.89 57.8055 -147.617 -437.316 -247.675 -336.135 -125.378 -224.891
internal_weight=821 790 640 150 143 120 497 89 113 261 236 83 137 97 124 139 79 67
internal_count=821 790 640 150 143 120 497 89 113 261 236 83 137 97 124 139 79 67
is_linear=0
shrinkage=0.05


Tree=4
num_leaves=20
num_cat=0
split_feature=0 24 24 24 24 24 0 14 24 26 0 24 24 24 24 24 24 5 24
split_gain=1.24198e+11 1.73396e+10 3.2485e+09 4.09776e+08 3.3568e+08 5.0388e+08 2.61278e+08 2.11936e+08 2.06442e+08 1.6904e+08 9.40313e+07 8.14214e+07 4.1931e+07 4.07271e+07 2.66689e+07 1.51238e+07 3.51063e+06 1.08125e+06 792502
threshold=2.5000000000000004 16530.555555555558 7383.3333333333339 9240.7416666666668 5953.7027777777785 1.0000000180025095e-35 42.000000000000007 192.50000000000003 4600.0000000000009 7.0999999999999996 85.250000000000014 10625.000000000002 8394.4444444444471 6513.8888888888896 3791.6666666666674 5437.5000000000009 6861.1111111111122 16.950000000000003 4201.3888888888896
decision_type=2 2 2 2 2 2 2 2 2 2 2 2 2 2 2 2 2 2 2
left_child=-1 2 4 10 5 7 -5 9 14 -2 -4 -8 -12 17 -7 -10 -15 -6 -16
right_child=1 -3 3 6 13 8 11 -9 15 -11 12 -13 -14 16 18 -17 -18 -19 -20
leaf_value=2352.0890862345923 -352.14608240803398 986.09207762077313 -200.89648301641012 -107.90814899195021 -270.37685027772011 -461.00750931140993 18.059504858652751 -117.45928317351989 -336.04137888100399 -213.46756221750084 -126.14280758000871 126.40507194037453 -59.084281246253603 -217.08123588854698 -413.36350770867944 -298.90046919614537 -192.59860296745063 -245.83273492260514 -379.61931646709502
leaf_weight=52 38 31 30 32 30 30 41 30 85 54 59 30 39 39 30 59 48 32 32
leaf_count=52 38 31 30 32 30 30 41 30 85 54 59 30 39 39 30 59 48 32 32
internal_value=-10.4331 -170.473 -219.182 -63.7345 -289.98 -316.301 10.5062 -233.423 -359.028 -271.068 -123.437 63.9528 -99.5437 -226.569 -418.071 -321.042 -203.81 -258.125 -396.587
internal_weight=821 769 738 231 507 358 103 122 236 92 128 71 98 149 92 144 87 62 62
internal_count=821 769 738 231 507 358 103 122 236 92 128 71 98 149 92 144 87 62 62
is_linear=0
shrinkage=0.05


Tree=5
num_leaves=21
num_cat=0
split_feature=0 24 24 24 1 24 1 14 24 24 4 14 0 24 24 24 24 24 24 8
split_gain=1.3722e+11 1.69452e+10 3.10916e+09 4.86023e+08 3.36686e+08 2.01507e+08 3.08294e+08 2.20916e+08 1.89957e+08 1.61797e+08 9.25115e+07 1.153e+08 6.02583e+07 4.62404e+07 3.1102e+07 2.2122e+07 7.82427e+06 7.60784e+06 4.97483e+06 28266
threshold=2.5000000000000004 18708.333333333339 7013.8888888888896 9041.6666666666679 0.29166666666666669 5784.7222222222235 0.10555555555555557 187.50000000000003 10400.992063492065 4308.1472222222228 1002.0500000000001 98.500000000000014 89.950000000000017 8072.2222222222235 4902.7777777777783 6494.4444444444453 3847.2222222222222 7620.3694444444454 5437.5000000000009 10.850000000000003
decision_type=2 2 2 2 2 2 2 2 2 2 2 2 2 2 2 2 2 2 2 2
left_child=-1 2 5 12 -5 6 7 10 -6 16 -2 -12 -4 17 -11 19 -8 -14 -16 -7
right_child=1 -3 3 4 8 15 9 -9 -10 14 11 -13 13 -15 18 -17 -18 -19 -20 -21
leaf_value=2439.6194282912502 -351.18182920652015 997.80418792420448 -198.91934465120076 -113.00733042139464 -0.03933562222420562 -259.25875380593845 -434.1848000155731 -124.96030125412038 159.55015894487451 -347.16289815746944 -307.54738741708957 -172.78522900552844 -159.18768572795116 -75.61835213195333 -309.67777672825673 -203.1520363818251 -386.85794159544162 -123.97009536895244 -281.29542217381515 -241.30381471022426
leaf_weight=54 32 30 31 43 49 33 30 30 30 55 35 30 39 39 64 45 35 30 45 47
leaf_count=54 32 30 31 43 49 33 30 30 30 55 35 30 39 39 64 45 35 30 45 47
internal_value=5.32163 -165.247 -212.399 -73.416 -0.574017 -287.783 -307.057 -244.139 60.6893 -341.83 -280.831 -245.711 -137.303 -119.449 -314.841 -232.686 -409.335 -144.077 -298.229 -249.025
internal_weight=826 772 742 261 122 481 356 127 79 229 97 65 139 108 164 125 65 69 109 80
internal_count=826 772 742 261 122 481 356 127 79 229 97 65 139 108 164 125 65 69 109 80
is_linear=0
shrinkage=0.05


Tree=6
num_leaves=20
num_cat=0
split_feature=0 0 0 28 26 27 4 4 21 6 17 2 28 27 7 30 14 0 2
split_gain=1.23865e+11 1.99663e+09 1.07193e+09 4.25269e+08 3.7332e+08 3.58729e+08 2.74484e+08 1.44979e+08 1.38482e+08 1.18435e+08 1.1564e+08 1.04972e+08 1.21712e+08 9.83212e+07 1.07268e+08 9.82337e+07 4.67893e+07 4.06372e+07 2.4785e+07
threshold=2.5000000000000004 8.5000000000000018 387.65000000000003 0.94968266440323634 8.7500000000000018 0.45972848220565493 1012.9500000000002 1011.85 0.7018276515151517 5.1500000000000012 1.0000000180025095e-35 15.597000000000003 0.22611568550828817 0.098819223632317002 29.950000000000003 1.0000000180025095e-35 181.50000000000003 482.2000000000001 15.050000000000002
decision_type=2 2 2 2 2 2 2 2 2 2 2 2 2 2 2 2 2 2 2
left_child=-1 -2 4 9 8 6 -6 -7 13 10 17 -10 16 14 15 -3 -13 -4 -19
right_child=1 2 3 -5 5 7 -8 -9 11 -11 -12 12 -14 -15 -16 -17 -18 18 -20
leaf_value=2317.8639896752434 191.23736334993407 -114.55107184268553 -261.29335005364453 -78.047702099962635 103.96828578548967 -61.26476676662103 -82.211749448324383 -206.11349597568929 -271.61971877225784 -180.58572168033385 -208.65604912643235 -160.30380539938668 -91.000714152817281 -182.12237388896432 -170.36833195990141 4.4362454436546148 -241.89586873903977 -341.3652521114102 -294.97395090785812
leaf_weight=54 39 41 44 31 39 30 40 41 35 30 39 32 33 56 36 30 42 69 65
leaf_count=54 39 41 44 31 39 30 40 41 35 30 39 32 33 56 36 30 42 69 65
internal_value=5.05256 -157.004 -175.556 -252.915 -128.245 -63.6034 9.71509 -145.082 -160.005 -274.821 -287.76 -196.169 -171.258 -128.399 -100.138 -64.3391 -206.877 -304.965 -319.099
internal_weight=826 772 733 278 455 150 79 71 305 247 217 142 107 163 107 71 74 178 134
internal_count=826 772 733 278 455 150 79 71 305 247 217 142 107 163 107 71 74 178 134
is_linear=0
shrinkage=0.05


Tree=7
num_leaves=21
num_cat=0
split_feature=0 24 24 24 24 24 14 0 24 26 24 0 0 24 24 24 24 24 24 24
split_gain=1.1181e+11 1.51134e+10 2.63905e+09 3.92196e+08 1.80412e+08 2.77557e+08 1.83453e+08 1.72128e+08 1.36033e+08 1.09009e+08 9.2722e+07 6.27607e+07 5.9571e+07 3.76561e+07 2.48271e+07 2.20573e+07 8.43172e+06 5.7586e+06 3.31098e+06 838821
threshold=2.5000000000000004 18708.333333333339 7069.4444444444453 9041.6666666666679 5745.3694444444454 1.0000000180025095e-35 187.50000000000003 25.500000000000004 4308.1472222222228 6.6500000000000021 10199.075000000001 483.9500000000001 89.950000000000017 8072.2222222222235 4902.7777777777783 6494.4444444444453 3847.2222222222222 7620.3694444444454 5437.5000000000009 6236.1111111111122
decision_type=2 2 2 2 2 2 2 2 2 2 2 2 2 2 2 2 2 2 2 2
left_child=-1 2 4 12 5 6 9 -5 16 -2 -9 -11 -4 17 -10 19 -7 -14 -16 -6
right_child=1 -3 3 7 15 8 -8 10 14 11 -12 -13 13 -15 18 -17 -18 -19 -20 -21
leaf_value=2202.1849885104984 -334.99798133824748 949.21286888756231 -185.05500536566953 -87.310817871694482 -235.91352363632109 -401.00312289114413 -113.22746120719022 -14.296356005442707 -318.16792608077645 -173.2598827583968 90.798475311348497 -271.63906454104699 -141.93067079158371 -65.651420932779544 -283.42080177152405 -184.65417415828665 -354.37230415887643 -110.67857301021334 -258.13031033256703 -217.09263516070155
leaf_weight=54 30 30 30 38 50 30 30 40 55 36 44 31 36 39 64 49 35 30 40 35
leaf_count=54 30 30 30 38 50 30 30 40 55 36 44 31 36 39 64 49 35 30 40 35
internal_value=4.79794 -149.171 -193.702 -64.1302 -262.334 -281.265 -221.827 0.854846 -314.851 -255.264 40.7958 -219.116 -122.815 -104.873 -289.437 -212.571 -376.477 -127.914 -273.951 -228.428
internal_weight=826 772 742 257 485 351 127 122 224 97 84 67 135 105 159 134 65 66 104 85
internal_count=826 772 742 257 485 351 127 122 224 97 84 67 135 105 159 134 65 66 104 85
is_linear=0
shrinkage=0.05


Tree=8
num_leaves=21
num_cat=0
split_feature=0 24 24 24 1 24 1 14 24 24 21 5 0 24 24 24 24 24 24 8
split_gain=1.00929e+11 1.36444e+10 2.38231e+09 3.54067e+08 3.07149e+08 1.62882e+08 2.505e+08 1.65618e+08 1.61564e+08 1.22863e+08 9.00731e+07 6.11781e+07 5.37848e+07 3.40921e+07 2.24092e+07 1.99144e+07 7.61716e+06 5.9258e+06 2.98284e+06 904244
threshold=2.5000000000000004 18708.333333333339 7069.4444444444453 9041.6666666666679 0.6000000000000002 5745.3694444444454 0.10555555555555557 187.50000000000003 10319.444444444447 4308.1472222222228 0.83199643493761155 18.350000000000005 89.950000000000017 8120.3694444444454 4902.7777777777783 6494.4444444444453 3847.2222222222222 7657.4083333333338 5453.7027777777785 10.850000000000003
decision_type=2 2 2 2 2 2 2 2 2 2 2 2 2 2 2 2 2 2 2 2
left_child=-1 2 5 12 -5 6 7 10 -6 16 11 -2 -4 17 -11 19 -8 -14 -16 -7
right_child=1 -3 3 4 8 15 9 -9 -10 14 -12 -13 13 -15 18 -17 -18 -19 -20 -21
leaf_value=2092.2792705655756 -322.68582910442632 901.90990071344231 -175.83299442684134 -104.67982817063796 3.4221652663423217 -227.58249706474805 -381.01957602263292 -107.58489760592134 151.19194832735283 -302.28840438371998 -169.49487239799626 -224.93378437883544 -134.23157664221415 -60.761898614518408 -268.35782454803956 -175.44027017566191 -336.70416986623042 -103.12591143129671 -243.63435816751246 -209.20913188271894
leaf_weight=54 34 30 30 44 48 35 30 30 30 55 30 33 38 37 69 49 35 30 35 50
leaf_count=54 34 30 30 44 48 35 30 30 30 55 30 33 38 37 69 49 35 30 35 50
internal_value=4.55496 -141.73 -184.041 -60.9337 0.811657 -249.249 -267.238 -210.771 60.3776 -299.144 -242.541 -274.946 -116.693 -99.644 -274.992 -201.966 -357.711 -120.68 -260.28 -217.033
internal_weight=826 772 742 257 122 485 351 127 78 224 97 67 135 105 159 134 65 68 104 85
internal_count=826 772 742 257 122 485 351 127 78 224 97 67 135 105 159 134 65 68 104 85
is_linear=0
shrinkage=0.05


Tree=9
num_leaves=21
num_cat=0
split_feature=0 24 24 24 1 24 1 14 24 24 26 0 0 24 24 24 24 24 26 4
split_gain=9.11063e+10 1.23182e+10 2.15057e+09 3.19658e+08 2.77278e+08 1.47052e+08 2.26085e+08 1.49515e+08 1.45863e+08 1.10969e+08 1.00266e+08 5.57863e+07 4.8561e+07 3.07781e+07 2.0227e+07 1.798e+07 6.88129e+06 5.34805e+06 3.06294e+06 976556
threshold=2.5000000000000004 18708.333333333339 7069.4444444444453 9041.6666666666679 0.6000000000000002 5745.3694444444454 0.10555555555555557 187.50000000000003 10319.444444444447 4308.1472222222228 6.8500000000000005 483.9500000000001 89.950000000000017 8120.3694444444454 4902.7777777777783 6494.4444444444453 3847.2222222222222 7657.4083333333338 7.8500000000000005 1014.3000000000001
decision_type=2 2 2 2 2 2 2 2 2 2 2 2 2 2 2 2 2 2 2 2
left_child=-1 2 5 12 -5 6 7 10 -6 16 -2 -12 -4 17 -11 19 -8 -14 -16 -7
right_child=1 -3 3 4 8 15 9 -9 -10 14 11 -13 13 -15 18 -17 -18 -19 -20 -21
leaf_value=1987.8586993599995 -298.47171390892089 856.96423964389544 -167.07055218972241 -99.457706319934388 3.2514134369372329 -212.51483351470338 -362.03189011887457 -102.22352359049344 143.65746528904302 -287.20141388881012 -144.8722153042707 -240.86334062240451 -127.53761236235852 -57.731992909721932 -239.38258197165402 -166.68612351427254 -319.91692624866454 -97.986748638976849 -264.28079077224493 -193.9755354060683
leaf_weight=54 35 30 30 44 48 55 30 30 30 55 32 30 38 37 72 49 35 30 32 30
leaf_count=54 35 30 30 44 48 55 30 30 30 55 32 30 38 37 72 49 35 30 32 30
internal_value=4.3248 -134.659 -174.862 -57.8953 0.773119 -236.818 -253.91 -200.265 57.3686 -284.221 -230.451 -191.633 -110.875 -94.676 -261.268 -191.891 -339.881 -114.664 -247.29 -206.207
internal_weight=826 772 742 257 122 485 351 127 78 224 97 62 135 105 159 134 65 68 104 85
internal_count=826 772 742 257 122 485 351 127 78 224 97 62 135 105 159 134 65 68 104 85
is_linear=0
shrinkage=0.05


Tree=10
num_leaves=21
num_cat=0
split_feature=1 4 4 27 11 27 2 4 27 20 6 14 14 3 28 5 20 6 27 14
split_gain=1.4378e+10 6.07865e+09 6.03871e+09 3.03539e+09 2.54537e+09 1.76137e+09 7.10452e+08 6.26004e+08 5.44923e+08 4.3021e+08 7.16274e+08 3.74059e+08 1.33299e+08 9.45853e+07 8.13653e+07 6.86079e+07 3.53759e+07 4.50571e+07 1.45978e+07 7.15827e+06
threshold=0.6000000000000002 1015.7500000000001 997.75000000000011 -0.84753307444029546 1.5000000000000002 0.74981945761428193 15.747000000000002 1016.9500000000002 0.6254047815183511 18.166100000000004 2.6500000000000008 276.00000000000006 112.50000000000001 52.650000000000006 0.87377473702374975 12.775000000000002 20.685900000000007 2.3500000000000001 0.84753307444029569 248.50000000000003
decision_type=2 2 2 2 2 2 2 2 2 2 2 2 2 2 2 2 2 2 2 2
left_child=1 2 -1 -4 -5 -6 7 8 9 10 11 -2 15 -12 18 -10 17 -8 -9 -19
right_child=6 -3 3 4 5 -7 16 14 12 -11 13 -13 -14 -15 -16 -17 -18 19 -20 -21
leaf_value=822.89498953462646 295.93966532608994 932.76007194004933 515.5922253658897 -328.29812960659501 -13.959016164466613 451.01698049073059 -153.06908896138347 -195.63501113181891 -138.17624906036312 -123.92772682468171 -5.305324568718734 58.373054389233857 -216.46014679042025 -110.07382655619354 -137.71435912090163 -45.194362615769911 -254.4542356993536 -242.57433043825267 -246.91510877349944 -205.02273138758125
leaf_weight=36 30 37 36 41 59 31 38 30 48 52 48 37 35 39 52 34 39 30 33 35
leaf_count=36 30 37 36 41 59 31 38 30 48 52 48 37 35 39 52 34 39 30 33 35
internal_value=18.7667 344.162 236.475 109.644 -2.22275 146.522 -115.916 -84.3732 -48.6767 0.279995 42.2735 165.029 -134.801 -52.343 -184.504 -99.7249 -213.082 -197.185 -222.845 -222.7
internal_weight=820 240 203 167 131 90 580 438 323 206 154 67 117 87 115 82 142 103 63 65
internal_count=820 240 203 167 131 90 580 438 323 206 154 67 117 87 115 82 142 103 63 65
is_linear=0
shrinkage=0.05


Tree=11
num_leaves=22
num_cat=0
split_feature=24 1 5 24 14 24 20 1 24 24 24 24 24 24 24 28 24 24 24 24 27
split_gain=7.71436e+10 5.52618e+09 5.22138e+09 4.29733e+09 2.14763e+09 1.66776e+09 1.21105e+09 6.81514e+08 4.55945e+08 2.06052e+08 1.02399e+08 3.88731e+07 3.53187e+07 2.95391e+07 2.41926e+07 4.99857e+06 3.05349e+06 2.90676e+06 2.90045e+06 1.70944e+06 791821
threshold=36098.147222222229 1.0000000180025095e-35 19.350000000000005 18427.500000000004 181.50000000000003 6641.666666666667 5.5783000000000014 0.15476190476190474 8587.9638888888912 5006.9444444444453 10694.444444444447 4078.702777777778 5734.0058080808094 7449.0750000000007 9509.2583333333369 0.25118075958286756 7085.416666666667 7842.5916666666672 6421.2972222222224 4532.4083333333338 -0.15855791680139872
decision_type=2 2 2 2 2 2 2 2 2 2 2 2 2 2 2 2 2 2 2 2 2
left_child=1 2 6 5 -4 9 -1 -7 13 11 14 -3 15 16 -10 -11 -9 -15 20 -13 -14
right_child=-2 3 4 -5 -6 7 -8 8 10 12 -12 19 18 17 -16 -17 -18 -19 -20 -21 -22
leaf_value=162.1880997667281 2502.2088129899034 -325.61325315710621 855.45676506777545 447.63174865317109 265.88467626839036 -251.71008131256414 -257.48133238224017 -143.86442683773575 -29.883193587446922 -220.57443625321531 98.894584261219819 -281.14056081162084 -183.07183590505605 -98.658374023437503 22.278534962162553 -250.34483897709003 -120.32579771529795 -77.061320351654629 -170.29596794863474 -258.27418415122878 -202.24615893022292
leaf_weight=30 30 51 30 30 32 49 40 39 47 57 32 39 30 32 42 31 30 37 30 50 32
leaf_count=30 30 51 30 30 32 49 40 39 47 57 32 39 30 32 42 31 30 37 30 50 32
internal_value=17.8324 -76.8157 218.327 -136.048 552.08 -163.998 -77.6481 -80.9051 -48.5059 -243.924 22.3364 -289.586 -208.268 -110.593 -5.27011 -231.334 -133.819 -87.2057 -185.977 -268.599 -193.278
internal_weight=820 790 132 658 62 628 70 308 259 320 121 140 180 138 89 88 69 69 92 89 62
internal_count=820 790 132 658 62 628 70 308 259 320 121 140 180 138 89 88 69 69 92 89 62
is_linear=0
shrinkage=0.05


Tree=12
num_leaves=21
num_cat=0
split_feature=24 24 5 24 14 24 20 24 24 29 4 24 24 24 4 24 26 24 8 24
split_gain=6.9646e+10 4.98899e+09 4.71383e+09 3.8796e+09 1.93894e+09 1.50577e+09 1.0933e+09 2.91986e+08 1.77935e+08 9.50749e+07 8.22851e+07 6.95251e+07 3.27744e+07 3.12802e+07 2.26413e+07 9.8752e+06 6.9274e+06 1.59472e+06 1.33242e+06 1.00276e+06
threshold=36098.147222222229 1.0000000180025095e-35 19.350000000000005 18427.500000000004 181.50000000000003 6620.3694444444454 5.5783000000000014 9458.3333333333339 4953.7027777777785 0.6078576107927941 1009.7500000000001 8552.7777777777792 4078.702777777778 5734.0058080808094 1014.7500000000001 7201.3888888888896 8.3500000000000032 5394.4444444444453 10.65 4532.4083333333338
decision_type=2 2 2 2 2 2 2 2 2 2 2 2 2 2 2 2 2 2 2 2
left_child=1 2 6 5 -4 8 -1 9 12 11 -9 15 -3 16 -12 -7 17 -10 -15 -14
right_child=-2 3 4 -5 -6 7 -8 10 13 -11 14 -13 19 18 -16 -17 -18 -19 -20 -21
leaf_value=154.10563843178986 2377.5140035736995 -309.36445044948636 812.8260495613581 425.32452867894472 252.63186705877476 -135.86669563441396 -244.63937112327824 -69.107420578374203 -220.84076896996987 -170.01083496426065 46.046194253662442 -37.386790215708047 -267.11948791660006 -187.80631370030324 -10.973774127722528 -102.83999275066033 -241.7712498935212 -197.45896686909666 -170.34789439675336 -246.30955634614054
leaf_weight=30 30 51 30 30 32 36 40 41 30 55 38 41 39 37 32 70 32 31 50 45
leaf_count=30 30 51 30 30 32 36 40 41 30 55 38 41 39 37 32 70 32 31 50 45
internal_value=16.9498 -72.9814 207.45 -129.261 524.566 -155.818 -73.7725 -78.1102 -232.982 -113.895 -12.9452 -92.7973 -276.547 -200.173 20.0014 -114.174 -220.721 -209.301 -177.98 -256.278
internal_weight=820 790 132 658 62 628 70 313 315 202 111 147 135 180 70 106 93 61 87 84
internal_count=820 790 132 658 62 628 70 313 315 202 111 147 135 180 70 106 93 61 87 84
is_linear=0
shrinkage=0.05


Tree=13
num_leaves=20
num_cat=0
split_feature=0 21 0 26 3 28 1 11 0 1 21 14 6 1 6 0 3 3 26
split_gain=7.39609e+10 7.66355e+09 9.20684e+08 3.89055e+08 7.32947e+08 2.87514e+08 2.21858e+08 1.87363e+08 9.64467e+07 1.22295e+08 9.23546e+07 8.46009e+07 7.9569e+07 8.71718e+07 6.83152e+07 3.91015e+07 3.81968e+07 2.06543e+07 9.55853e+06
threshold=4.8000000000000007 0.76575921120913348 275.80000000000001 8.4500000000000028 63.050000000000004 0.94415253529446119 0.6000000000000002 2.5000000000000004 21.150000000000002 0.29166666666666669 0.7451076013088348 255.50000000000003 4.5500000000000007 0.6000000000000002 3.1500000000000008 472.60000000000008 70.550000000000011 64.15000000000002 7.9000000000000004
decision_type=2 2 2 2 2 2 2 2 2 2 2 2 2 2 2 2 2 2 2
left_child=1 -1 3 8 6 11 -5 -8 -2 -10 14 12 13 -4 -11 -13 -12 -15 -19
right_child=2 -3 5 4 -6 -7 7 -9 9 10 16 15 -14 17 -16 -17 -18 18 -20
leaf_value=2213.692046035339 -27.861283227972393 1095.035724181115 -271.12163915847549 -155.40006616454468 216.29903044558046 -56.763068770497298 -71.951346246895369 78.243230972681587 -208.1926687108066 -98.877776872405747 -103.12422722052997 -98.226636218707824 -145.15903403433182 -167.96599740650151 -6.212727160786474 -179.61334046398682 -173.2088168812447 -198.86617385329907 -232.18478766814303
leaf_weight=32 33 30 58 40 30 44 53 34 33 59 36 30 46 43 30 30 44 77 38
leaf_count=32 33 30 58 40 30 44 53 34 33 59 36 30 46 43 30 30 44 77 38
internal_value=16.1112 1675.04 -119.783 -66.5107 -5.55989 -176.805 -58.0965 -13.2321 -107.211 -120.154 -102.85 -193.186 -205.502 -218.28 -67.6845 -139.151 -141.839 -198.723 -210.068
internal_weight=820 62 758 392 157 366 127 87 235 202 169 322 262 216 89 60 80 158 115
internal_count=820 62 758 392 157 366 127 87 235 202 169 322 262 216 89 60 80 158 115
is_linear=0
shrinkage=0.05


Tree=14
num_leaves=19
num_cat=0
split_feature=0 24 24 24 1 24 24 24 20 3 4 1 24 24 24 24 6 21
split_gain=6.68077e+10 8.25463e+09 4.0311e+09 1.63553e+09 2.51192e+08 2.92162e+08 1.95457e+08 5.25715e+07 3.89693e+07 7.2597e+07 3.7209e+07 4.59772e+07 3.00697e+07 1.04482e+07 5.71192e+06 2.99222e+06 1.45692e+06 222327
threshold=6.5000000000000009 33344.444444444453 16530.555555555558 7143.5194444444451 0.29166666666666669 9675.9250000000011 5734.0058080808094 8199.0750000000025 4.017500000000001 53.45000000000001 997.6500000000002 0.6000000000000002 10400.992063492065 6494.4444444444453 7657.4083333333338 8763.8888888888905 3.0500000000000003 0.60947802612131652
decision_type=2 2 2 2 2 2 2 2 2 2 2 2 2 2 2 2 2 2
left_child=1 -1 3 6 -5 7 8 14 -2 -10 -11 -12 -7 16 -6 -9 -8 -15
right_child=2 -3 -4 4 5 12 13 15 9 10 11 -13 -14 17 -16 -17 -18 -19
leaf_value=1017.0503662261583 -180.0772309530534 2118.4800836404693 425.61159637546245 -159.90250595865956 -100.11440522472536 34.198909738669443 -155.23563113700123 -38.928420232221534 -303.93863103619441 -273.23450566626053 -175.07695189363349 -227.07156048083581 103.94945333302979 -140.26628339466941 -72.877951432250043 -17.606697990438047 -174.23400659101185 -127.84515133474355
leaf_weight=40 49 30 32 39 42 31 40 30 30 31 60 167 31 31 39 37 31 30
leaf_count=40 49 30 32 39 42 31 40 30 30 31 60 167 31 31 39 37 31 30
internal_value=15.3142 1491.44 -122.638 -147.128 -43.5371 -21.8605 -202.106 -60.0224 -222.349 -229.476 -220.703 -213.412 69.1855 -150.296 -87.1067 -27.1976 -163.764 -134.377
internal_weight=820 70 750 718 249 210 469 148 337 288 258 227 62 132 81 67 71 61
internal_count=820 70 750 718 249 210 469 148 337 288 258 227 62 132 81 67 71 61
is_linear=0
shrinkage=0.05


Tree=15
num_leaves=18
num_cat=0
split_feature=0 24 24 1 24 24 27 26 24 24 2 24 24 0 24 0 20
split_gain=4.81047e+10 7.4277e+09 1.5022e+09 2.38712e+08 3.18276e+08 1.85902e+08 8.18636e+07 8.91048e+07 6.07294e+07 5.89876e+07 3.74462e+07 2.16695e+07 1.07979e+07 3.2843e+06 1.05586e+06 942286 442281
threshold=4.8000000000000007 18708.333333333339 7143.5194444444451 0.6000000000000002 9788.8888888888905 5581.666666666667 -0.9157879589054253 10.350000000000003 4564.8138888888898 8493.0555555555566 16.650000000000002 6236.1111111111122 7657.4083333333338 379.65000000000003 6620.3694444444454 325.30000000000001 6.8187500000000005
decision_type=2 2 2 2 2 2 2 2 2 2 2 2 2 2 2 2 2
left_child=-1 2 5 -4 9 6 -2 8 10 12 -8 13 -5 -7 -13 -10 -11
right_child=1 -3 3 4 -6 11 7 -9 15 16 -12 14 -14 -15 -16 -17 -18
leaf_value=1432.101512611375 -134.26277333348511 661.48429253156792 -140.07743521926497 -94.184122547934805 89.647081681972963 -181.99109470709612 -233.93796234006911 -153.92409147578303 -208.12114140059785 -10.135458433588477 -287.66173996637866 -137.13952619725202 -61.809437715986718 -156.80649758591849 -123.26861232749468 -190.47000424526166 -18.788213082959881
leaf_weight=54 31 30 52 48 50 30 123 44 31 30 48 43 58 41 47 56 30
leaf_count=54 31 30 52 48 50 30 123 44 31 30 48 43 58 41 47 56 30
internal_value=-10.4084 -108.93 -139.344 -44.0086 -20.8268 -191.045 -212.416 -220.392 -231.663 -54.1361 -249.178 -146.737 -76.5447 -167.689 -130.041 -196.991 -14.486
internal_weight=846 792 762 268 216 494 333 302 258 166 171 161 106 71 90 87 60
internal_count=846 792 762 268 216 494 333 302 258 166 171 161 106 71 90 87 60
is_linear=0
shrinkage=0.05


Tree=16
num_leaves=20
num_cat=0
split_feature=0 24 24 24 24 0 23 24 9 3 24 0 24 24 24 0 24 0 0
split_gain=4.34228e+10 6.70568e+09 1.356e+09 1.77956e+08 1.67774e+08 1.33811e+08 8.11343e+07 9.03499e+07 9.43446e+07 7.29581e+07 5.76081e+07 5.03513e+07 3.72794e+07 2.58903e+07 1.95672e+07 7.45715e+06 3.17488e+06 2.96745e+06 1.12918e+06
threshold=4.8000000000000007 18708.333333333339 7143.5194444444451 9177.0833333333339 5581.666666666667 25.500000000000004 -0.9330127018922193 1.0000000180025095e-35 1.0000000180025095e-35 61.350000000000001 4201.3888888888896 81.40000000000002 10555.555555555557 8120.3694444444454 6236.1111111111122 193.45000000000002 7657.4083333333338 379.65000000000003 154.35000000000005
decision_type=2 2 2 2 2 2 2 2 2 2 2 2 2 2 2 2 2 2 2
left_child=-1 2 4 11 6 -5 -2 8 9 -8 -9 -4 -7 16 17 -12 -13 -6 -16
right_child=1 -3 3 5 14 12 7 10 -10 -11 15 13 -14 -15 18 -17 -18 -19 -20
leaf_value=1360.6287918288253 -278.07343419155228 628.51995723889127 -132.43444364672507 -73.54337749111356 -172.92177134162168 14.477745609945433 -168.58157932031529 -256.83503500654524 -220.17915780445216 -63.000787358421988 -220.27262940264222 -90.877839070341011 85.388977698421172 -35.051210240896744 -133.22789043033637 -189.51619796955305 -68.626636451898619 -148.98524891651459 -118.50207172209728
leaf_weight=54 32 30 32 36 30 46 35 56 36 31 30 41 31 52 30 113 30 41 60
leaf_count=54 32 30 32 36 30 46 35 56 36 31 30 41 31 52 30 113 30 41 60
internal_value=-9.88773 -103.492 -132.39 -41.8126 -181.511 5.90721 -201.814 -193.617 -154.995 -119.161 -213.325 -76.5833 43.1002 -61.9571 -139.419 -196.118 -81.5857 -159.328 -123.553
internal_weight=846 792 762 268 494 113 333 301 102 66 199 155 77 123 161 143 71 71 90
internal_count=846 792 762 268 494 113 333 301 102 66 199 155 77 123 161 143 71 71 90
is_linear=0
shrinkage=0.05


Tree=17
num_leaves=21
num_cat=0
split_feature=24 1 6 6 24 1 24 26 24 24 23 24 24 26 24 27 24 6 24 26
split_gain=2.26585e+10 4.05316e+09 3.42657e+09 1.5864e+09 1.37859e+09 7.37684e+08 7.74314e+08 6.49795e+08 4.37541e+08 9.60715e+07 8.95959e+07 6.02976e+07 1.60131e+07 1.52293e+07 1.22917e+07 9.02977e+06 6.99972e+06 6.92635e+06 3.20404e+06 2.07377e+06
threshold=27350.000000000004 1.0000000180025095e-35 4.3500000000000005 2.2500000000000004 9458.3333333333339 0.6000000000000002 10852.777777777779 7.8500000000000005 6421.2972222222224 4618.0555555555566 -0.68301270189221952 7842.5916666666672 5437.5000000000009 9.1500000000000039 4078.702777777778 -0.5416228050394748 6768.5194444444451 2.9500000000000006 5953.7027777777785 8.8500000000000032
decision_type=2 2 2 2 2 2 2 2 2 2 2 2 2 2 2 2 2 2 2 2
left_child=1 2 3 -1 8 -6 -7 -5 9 14 -10 16 19 18 -3 -13 -12 -18 -14 -11
right_child=-2 4 -4 7 5 6 -8 -9 10 12 11 15 13 -15 -16 -17 17 -19 -20 -21
leaf_value=354.27035620858737 1315.174888056421 -247.78799504359722 654.03693233756132 -188.19050740920784 -104.8711213168994 4.707300000497348 332.32941399761216 90.347204016175723 -157.69100374349995 -176.27631142883786 -124.65361554181135 -30.136799787748558 -150.60353116122158 -184.75046167722175 -209.3122705534937 -63.868434176899648 -115.98184717121313 -84.453984617326412 -127.05864866136315 -196.31071216428762
leaf_weight=32 31 49 30 45 55 45 30 39 49 63 35 36 45 30 48 45 30 47 30 32
leaf_count=32 31 49 30 45 55 45 30 39 49 63 35 36 45 30 48 45 30 47 30 32
internal_value=-9.39501 -59.9326 178.671 55.2736 -112.023 34.1047 136.024 -58.9157 -147.267 -187.939 -97.2955 -81.8882 -167.928 -153.927 -228.984 -48.9323 -105.657 -96.8721 -141.367 -183.224
internal_weight=846 815 146 116 669 130 75 84 539 297 242 193 200 105 97 81 112 77 75 95
internal_count=846 815 146 116 669 130 75 84 539 297 242 193 200 105 97 81 112 77 75 95
is_linear=0
shrinkage=0.05


Tree=18
num_leaves=22
num_cat=0
split_feature=24 1 6 6 24 1 24 26 24 24 23 24 24 26 24 27 24 26 24 4 24
split_gain=2.04561e+10 3.65913e+09 3.09354e+09 1.43217e+09 1.24455e+09 6.65945e+08 6.99064e+08 5.86584e+08 3.94971e+08 8.67123e+07 8.08719e+07 5.44362e+07 1.44489e+07 1.37528e+07 1.15307e+07 8.15083e+06 6.38709e+06 4.84524e+06 2.89e+06 2.19983e+06 1.21587e+06
threshold=27350.000000000004 1.0000000180025095e-35 4.3500000000000005 2.2500000000000004 9458.3333333333339 0.6000000000000002 10852.777777777779 7.8500000000000005 6421.2972222222224 4618.0555555555566 -0.68301270189221952 7842.5916666666672 5437.5000000000009 9.1500000000000039 3791.6666666666674 -0.5416228050394748 6824.0750000000007 7.3500000000000014 5953.7027777777785 1009.2500000000001 4236.1111111111122
decision_type=2 2 2 2 2 2 2 2 2 2 2 2 2 2 2 2 2 2 2 2 2
left_child=1 2 3 -1 8 -6 -7 -5 9 14 -10 16 19 18 -3 -13 -12 -18 -14 -11 -16
right_child=-2 4 -4 7 5 6 -8 -9 10 12 11 15 13 -15 20 -17 17 -19 -20 -21 -22
leaf_value=336.61199940238788 1249.6275687361838 -245.0761647373339 621.44376437671963 -178.80184591255272 -99.637081783523143 4.4724568963447329 315.76815061220691 85.841400642102329 -149.82251233568988 -184.99451304599827 -117.11794861308142 -28.634134163684791 -143.09005172966326 -175.54362914633512 -215.43355131060162 -60.682093152212204 -76.540829209618707 -103.26138431996181 -120.72682079429245 -165.82507535238665 -194.66285358657183
leaf_weight=32 31 30 30 45 55 45 30 39 49 40 39 36 45 30 32 45 33 40 30 55 35
leaf_count=32 31 30 30 45 55 45 30 39 49 40 39 36 45 30 32 45 33 40 30 55 35
internal_value=-8.92178 -56.9404 169.768 52.5209 -106.434 32.4083 129.245 -55.9757 -139.921 -178.564 -92.4426 -77.8046 -159.552 -146.252 -217.558 -46.4915 -100.389 -91.3035 -134.317 -174.083 -204.89
internal_weight=846 815 146 116 669 130 75 84 539 297 242 193 200 105 97 81 112 73 75 95 67
internal_count=846 815 146 116 669 130 75 84 539 297 242 193 200 105 97 81 112 73 75 95 67
is_linear=0
shrinkage=0.05


Tree=19
num_leaves=18
num_cat=0
split_feature=0 24 24 24 1 4 24 0 2 6 3 24 24 24 5 24 24
split_gain=3.5201e+10 5.26819e+09 1.14938e+09 1.68494e+08 1.5441e+08 1.30124e+08 1.42059e+08 5.52115e+07 5.33667e+07 7.7691e+07 8.92119e+07 5.51718e+07 4.43376e+07 3.85234e+07 3.48364e+07 8.19634e+06 3.83418e+06
threshold=4.8000000000000007 18708.333333333339 6620.3694444444454 9177.0833333333339 0.6000000000000002 1001.6500000000002 3555.5555555555561 66.700000000000017 1.9000000000000001 4.5500000000000007 51.20000000000001 5087.9638888888894 10400.992063492065 7657.4083333333338 15.850000000000003 8493.0555555555566 7236.1111111111122
decision_type=2 2 2 2 2 2 2 2 2 2 2 2 2 2 2 2 2
left_child=-1 2 5 7 -5 6 -2 -4 14 10 -10 -12 -6 16 -7 -15 -9
right_child=1 -3 3 4 12 8 -8 13 9 -11 11 -13 -14 15 -16 -17 -18
leaf_value=1225.4917128473023 -281.3539355120688 556.07411595341375 -133.89738045229404 -75.147999216969183 14.331680775131261 -147.67691936444137 -153.61511044775756 -93.251893195471339 -244.33194508796191 -103.41425577327436 -184.57425756805947 -131.25235597172082 93.494558998754258 -49.452770835172437 -75.562439982518796 -17.339892682108182 -70.633445107528345
leaf_weight=54 49 30 31 40 43 39 40 54 41 43 122 83 30 53 30 32 32
leaf_count=54 49 30 31 40 43 39 40 54 41 43 122 83 30 53 30 32 32
internal_value=-8.4736 -92.7517 -118.366 -45.1939 3.6998 -169.908 -224.18 -72.5336 -156.357 -165.835 -176.699 -163.06 46.9478 -61.3374 -116.478 -37.3979 -84.9276
internal_weight=846 792 762 315 113 447 89 202 358 289 246 205 73 171 69 85 86
internal_count=846 792 762 315 113 447 89 202 358 289 246 205 73 171 69 85 86
is_linear=0
shrinkage=0.05


Tree=20
num_leaves=20
num_cat=0
split_feature=24 1 5 7 24 20 24 1 24 24 24 24 3 24 24 24 24 24 24
split_gain=3.13161e+10 3.56286e+09 2.57886e+09 4.80513e+09 1.5405e+09 1.51187e+09 6.35204e+08 7.14788e+08 2.88956e+08 8.79221e+07 6.47912e+07 3.89532e+07 1.52511e+07 1.51251e+07 1.22479e+07 1.03852e+07 9.03697e+06 1.91881e+06 1.64402e+06
threshold=36098.147222222229 1.0000000180025095e-35 19.250000000000004 25.350000000000005 18427.500000000004 5.2725499999999998 6494.4444444444453 0.6000000000000002 9675.9250000000011 4564.8138888888898 7787.0361111111115 10555.555555555557 62.70000000000001 5513.8888888888896 3791.6666666666674 8552.7777777777792 7143.5194444444451 5118.0555555555566 6009.2583333333341
decision_type=2 2 2 2 2 2 2 2 2 2 2 2 2 2 2 2 2 2 2
left_child=1 2 5 -4 6 -1 9 -8 10 14 16 -10 -11 17 -3 -12 -9 -14 -15
right_child=-2 4 3 -5 -6 -7 7 8 11 12 15 -13 13 18 -16 -17 -18 -19 -20
leaf_value=235.15053057496331 1572.7073664134723 -229.36346659912871 858.97700501469558 46.90039354700621 249.66830406066308 -228.91480014884837 -231.39632861527281 -95.2641309251498 27.062908413848405 -169.81205112512791 -42.770798513489417 106.41485878066763 -159.63584038677342 -126.68341117045776 -188.85010569598558 -9.3433609142220728 -66.70733904554838 -141.92355377806265 -109.08222161479962
leaf_weight=30 31 32 31 44 31 42 52 63 32 48 47 30 45 44 62 46 52 45 30
leaf_count=30 31 32 31 44 31 42 52 63 32 48 47 30 45 44 62 46 52 45 30
internal_value=15.8341 -44.2333 178.268 383.256 -93.8852 -35.4962 -110.881 -61.8311 -29.1005 -162.459 -57.3372 65.5686 -144.453 -136.931 -202.871 -26.2646 -82.4207 -150.947 -119.705
internal_weight=837 806 147 75 659 72 628 322 270 306 208 62 212 164 94 93 115 90 74
internal_count=837 806 147 75 659 72 628 322 270 306 208 62 212 164 94 93 115 90 74
is_linear=0
shrinkage=0.05


Tree=21
num_leaves=23
num_cat=0
split_feature=0 7 1 0 9 28 11 2 1 26 7 26 23 11 23 3 28 0 2 8 8 28
split_gain=4.24037e+10 9.63365e+09 5.09958e+08 3.46085e+08 1.96735e+08 1.45594e+08 1.27772e+08 4.33413e+08 1.7483e+08 8.14576e+07 1.17925e+08 7.08801e+07 6.52517e+07 5.58753e+07 3.60042e+07 2.83469e+07 2.01157e+07 1.46242e+07 1.11648e+07 9.68753e+06 8.7763e+06 5.25547e+06
threshold=4.8000000000000007 20.850000000000005 0.06904761904761901 277.35000000000008 0.75000000000000011 0.94415253529446119 3.5000000000000004 13.250000000000002 0.6000000000000002 8.8500000000000032 18.450000000000003 4.6500000000000021 -0.68301270189221952 4.5000000000000009 -0.24999999999999994 68.450000000000017 -0.2093068927635835 682.50000000000011 10.450000000000001 7.7500000000000009 4.8500000000000005 -0.8038981836306559
decision_type=2 2 2 2 2 2 2 2 2 2 2 2 2 2 2 2 2 2 2 2 2 2
left_child=1 -1 4 6 12 14 8 -8 -4 11 -11 -10 -2 -9 17 20 -13 18 -5 -17 -16 -20
right_child=2 -3 3 5 -6 -7 7 13 9 10 -12 16 -14 -15 15 19 -18 -19 21 -21 -22 -23
leaf_value=665.58289777809216 -190.0494261632567 1914.9126180959302 -151.37670094326634 -102.00372832542241 -270.49558640306867 -15.428113344022293 130.39580484123823 -23.526314290364585 5.5521439264125174 -53.177168536933408 80.536365003677815 -106.35236787954589 -101.55293815875876 -112.89092753266337 -95.407576206752239 -144.40962455724977 -59.778165309352836 -167.68737143893975 -127.05704991518758 -104.62126995097856 -57.038294516805678 -156.22323796978822
leaf_weight=32 34 30 39 30 39 38 45 35 32 35 31 42 55 35 30 31 53 33 43 34 31 30
leaf_count=32 34 30 39 30 39 38 45 35 32 35 31 42 55 35 30 31 53 33 43 34 31 30
internal_value=15.0501 1272.21 -85.6736 -67.6139 -176.836 -106.936 -33.597 9.49258 -54.9509 -35.3976 9.65442 -58.7996 -135.536 -68.306 -120.197 -100.749 -80.4591 -138.128 -128.504 -123.79 -76.0338 -139.241
internal_weight=837 62 775 647 128 300 347 115 232 193 66 127 89 70 262 126 95 136 103 65 61 73
internal_count=837 62 775 647 128 300 347 115 232 193 66 127 89 70 262 126 95 136 103 65 61 73
is_linear=0
shrinkage=0.05


Tree=22
num_leaves=21
num_cat=0
split_feature=0 21 24 24 24 24 26 27 0 24 5 14 0 0 24 24 6 24 24 24
split_gain=3.82823e+10 1.56453e+10 4.2393e+09 9.33082e+08 1.54623e+08 1.11844e+08 1.82995e+08 1.56523e+08 8.42644e+07 6.57837e+07 5.82167e+07 6.87679e+07 4.07657e+07 3.63757e+07 1.76926e+07 1.37792e+07 7.41478e+06 4.6712e+06 2.94343e+06 235701
threshold=4.8000000000000007 0.78527720630901521 18257.575757575763 6694.4444444444443 8763.8888888888905 4699.0750000000007 10.350000000000003 -0.29259762607704992 16.500000000000004 10694.444444444447 20.050000000000004 118.50000000000001 105.2 85.250000000000014 5513.8888888888896 7787.0361111111115 2.5500000000000003 6087.9638888888894 7201.3888888888896 5212.9638888888894
decision_type=2 2 2 2 2 2 2 2 2 2 2 2 2 2 2 2 2 2 2 2
left_child=1 -1 3 5 13 6 7 -2 -6 16 11 -9 -7 -5 19 18 -10 -16 -15 -14
right_child=2 -3 -4 4 8 12 -8 10 9 -11 -12 -13 14 15 17 -17 -18 -19 -20 -21
leaf_value=2027.296180050872 -119.07435334094572 437.54410725055823 500.37429947457053 -116.37777961166724 -67.779514145455096 -179.03661273943624 -61.137417965609927 -227.22652501821918 -17.706615391601357 89.444654158025088 -262.71814744803777 -136.49094986469001 -138.33090055197658 -80.525900682782208 -113.57696563132798 -36.914660872997693 15.128121390782688 -92.451737952023578 -60.077523436875595 -127.24145713164427
leaf_weight=30 54 32 30 31 30 30 31 60 30 30 51 33 49 36 57 55 40 57 39 32
leaf_count=30 54 32 30 31 30 30 31 60 30 30 51 33 49 36 57 55 40 57 39 32
internal_value=14.3021 1208.8 -81.4017 -104.893 -34.9831 -149.685 -174.345 -192.029 5.57866 27.6319 -219.286 -195.211 -124.521 -67.7181 -116.047 -56.034 1.05084 -103.105 -69.987 -134.112
internal_weight=837 62 775 745 291 454 229 198 130 100 144 93 225 161 195 130 70 114 75 81
internal_count=837 62 775 745 291 454 229 198 130 100 144 93 225 161 195 130 70 114 75 81
is_linear=0
shrinkage=0.05


Tree=23
num_leaves=22
num_cat=0
split_feature=0 21 24 24 24 4 14 0 24 24 24 14 24 0 0 24 6 24 24 24 24
split_gain=3.45615e+10 1.414e+10 3.82723e+09 8.42282e+08 1.39587e+08 1.08279e+08 1.33265e+08 7.60748e+07 5.93911e+07 4.38606e+07 5.51828e+07 1.58772e+08 3.46904e+07 3.28427e+07 1.57815e+07 1.24718e+07 6.69391e+06 4.73065e+06 2.74042e+06 2.48772e+06 1.90002e+06
threshold=4.8000000000000007 0.8204896021982141 18257.575757575763 6694.4444444444443 8763.8888888888905 1001.6500000000002 189.50000000000003 16.500000000000004 10694.444444444447 5734.0058080808094 1.0000000180025095e-35 108.50000000000001 4532.4083333333338 85.250000000000014 214.55000000000004 7657.4083333333338 2.5500000000000003 4125.0000000000009 6268.5194444444451 8120.3694444444454 7201.3888888888896
decision_type=2 2 2 2 2 2 2 2 2 2 2 2 2 2 2 2 2 2 2 2 2
left_child=1 -1 3 5 13 6 -2 -6 16 10 11 -7 17 -5 -14 20 -9 -12 -11 -17 -15
right_child=2 -3 -4 4 7 9 -8 8 -10 18 12 -13 14 15 -16 19 -18 -19 -20 -21 -22
leaf_value=1901.9941032973898 -244.6860013301125 391.4388520930741 475.43869409909678 -110.5776001025626 -64.401796702768323 -177.93526443111284 -121.37365677338425 -16.824226113886532 84.987279423685166 -108.40096783046305 -189.39511879561189 -34.223920948665935 -167.89036926066757 -76.510758722786107 -125.04488006232164 -47.306702002409466 14.37360197278924 -161.68637889255987 -89.328815035597984 -27.401294099801802 -58.678764809643319
leaf_weight=31 51 31 30 31 30 37 39 30 30 41 50 40 30 36 89 32 40 32 45 32 30
leaf_count=31 51 31 30 31 30 37 39 30 30 41 50 40 30 36 89 32 40 32 45 32 30
internal_value=13.5944 1148.56 -77.3396 -99.6599 -33.2387 -142.217 -191.445 5.30046 26.2546 -129.996 -139.689 -103.421 -153.525 -64.3413 -135.978 -53.2391 0.998106 -178.792 -98.5368 -37.4124 -68.5064
internal_weight=837 62 775 745 291 454 90 130 100 364 278 77 201 161 119 130 70 82 86 64 66
internal_count=837 62 775 745 291 454 90 130 100 364 278 77 201 161 119 130 70 82 86 64 66
is_linear=0
shrinkage=0.05


Tree=24
num_leaves=20
num_cat=0
split_feature=0 21 24 24 1 24 20 20 3 24 4 14 24 24 24 24 24 24 24
split_gain=3.12817e+10 9.0638e+09 1.72704e+09 6.53548e+08 1.36676e+08 1.45656e+08 8.79603e+07 1.43784e+08 1.30718e+08 7.32946e+07 8.08262e+07 5.84088e+07 2.05719e+07 1.44253e+07 7.00523e+06 3.37742e+06 1.15385e+06 565819 406575
threshold=6.5000000000000009 0.79633482334520311 13788.888888888892 6268.5194444444451 0.6000000000000002 8552.7777777777792 4.017500000000001 1.8626500000000001 53.20000000000001 4618.0555555555566 1001.85 108.50000000000001 7201.3888888888896 9963.8888888888905 5300.9250000000011 8013.8888888888896 5812.5000000000009 7601.852777777779 6736.1111111111122
decision_type=2 2 2 2 2 2 2 2 2 2 2 2 2 2 2 2 2 2 2
left_child=1 -1 3 6 -5 12 7 -2 -8 10 -10 -12 18 -7 -11 17 -16 -14 -6
right_child=2 -3 -4 4 5 13 8 -9 9 14 11 -13 15 -15 16 -17 -18 -19 -20
leaf_value=1541.7554671800667 -167.3099707517909 408.11685011019523 231.16432505084327 -138.16459563980752 -80.621834934695897 -1.7351740313463808 -247.21232073537286 -18.212186816614917 -215.09216216191678 -127.43468192226915 -197.08245940876895 -117.14355313040576 -55.102351450697284 36.31424438582772 -109.23924316893556 -29.545736094883512 -94.867951087093047 -44.832727031155798 -72.130677331012222
leaf_weight=38 30 33 42 35 52 59 32 35 52 58 32 83 32 43 50 30 31 31 39
leaf_count=38 30 33 42 35 52 59 32 35 52 58 32 83 32 43 50 30 31 31 39
internal_value=12.9209 1016.17 -80.1899 -98.2813 -45.0331 -33.5915 -140.673 -87.1779 -150.932 -140.786 -163.179 -139.539 -60.1474 14.3251 -113.783 -43.5276 -103.863 -50.1282 -77.066
internal_weight=837 71 766 724 321 286 403 65 338 306 167 115 184 102 139 93 81 63 91
internal_count=837 71 766 724 321 286 403 65 338 306 167 115 184 102 139 93 81 63 91
is_linear=0
shrinkage=0.05


Tree=25
num_leaves=19
num_cat=0
split_feature=0 6 24 24 1 24 4 20 3 14 24 21 24 24 24 24 24 24
split_gain=2.6543e+10 4.45113e+09 1.25478e+09 4.94054e+08 2.18272e+08 1.35747e+08 6.57549e+07 4.08411e+07 8.21482e+07 3.94143e+07 4.0877e+07 2.95043e+07 1.73295e+07 1.59425e+07 1.43125e+06 1.24603e+06 1.17535e+06 181269
threshold=6.5000000000000009 2.9500000000000006 13080.555555555557 5923.6111111111122 0.29166666666666669 8120.3694444444454 997.6500000000002 4.017500000000001 54.70000000000001 224.50000000000003 4467.5916666666672 0.82953703703703707 9675.9250000000011 7201.3888888888896 7657.4083333333338 6768.5194444444451 8763.8888888888905 6268.5194444444451
decision_type=2 2 2 2 2 2 2 2 2 2 2 2 2 2 2 2 2 2
left_child=1 -1 3 6 -5 13 -2 -8 -9 10 -10 -11 16 15 -15 17 -7 -6
right_child=2 -3 -4 4 5 12 7 8 9 11 -12 -13 -14 14 -16 -17 -18 -19
leaf_value=1406.0226852654669 -206.37146266924989 555.88355806166953 153.47779787525451 -179.23661240948741 -83.9012568375597 -20.819870145987849 -91.060798797340183 -214.76755559007452 -164.99606477672526 -59.843831373449177 -114.86173835182943 -122.2251557660866 25.55442077943604 -53.06623760770043 -37.93876299256803 -67.477639325622405 -7.3355840285852159 -76.587213923927209
leaf_weight=32 31 30 54 31 30 31 57 31 91 30 76 53 49 32 34 39 34 61
leaf_count=32 31 30 54 31 30 31 57 31 91 30 76 53 49 32 34 39 34 61
internal_value=2.1188 996.223 -78.6744 -96.3501 -52.9394 -40.2559 -136.442 -129.969 -137.826 -128.203 -142.263 -99.7769 3.12945 -65.479 -45.3426 -75.6594 -13.7887 -79.0879
internal_weight=826 62 764 710 341 310 369 338 281 250 167 83 114 196 66 130 65 91
internal_count=826 62 764 710 341 310 369 338 281 250 167 83 114 196 66 130 65 91
is_linear=0
shrinkage=0.05


Tree=26
num_leaves=18
num_cat=0
split_feature=0 21 24 0 24 0 24 23 7 25 20 2 24 24 8 24 21
split_gain=2.39629e+10 4.13475e+09 1.13584e+09 5.25909e+08 4.03257e+08 1.38085e+08 8.70461e+07 5.25451e+07 4.37002e+07 9.1616e+07 7.43459e+07 3.55964e+07 1.19216e+07 4.37979e+06 3.32413e+06 407383 123263
threshold=6.5000000000000009 0.7325359015272398 11610.41666666667 25.500000000000004 5923.6111111111122 49.600000000000009 7657.4083333333338 -0.9330127018922193 9.6500000000000004 9.4975450000000023 9.3893500000000021 8.2500000000000018 8552.7777777777792 6958.3333333333339 9.2500000000000018 6342.5916666666672 0.7451076013088348
decision_type=2 2 2 2 2 2 2 2 2 2 2 2 2 2 2 2 2
left_child=1 -1 4 -4 7 -6 13 -2 -9 -10 -11 -12 -8 15 -14 -7 -17
right_child=2 -3 3 -5 5 6 12 8 9 10 11 -13 14 -15 -16 16 -18
leaf_value=1341.5096505518643 -183.98004938824812 522.24256086888113 -18.929152743767432 258.91490019857008 -155.42773537366492 -78.971200421685481 -31.988685358826643 -168.38952587731748 -48.173423579452766 -182.64028817466223 -67.477183168634056 -123.60472898049511 6.5109472468040144 -55.655663916182846 -13.810788171941581 -73.885837134458782 -67.13696152161215
leaf_weight=32 40 30 34 34 30 37 54 46 43 49 35 156 49 51 34 40 32
leaf_count=32 40 30 34 34 30 37 54 46 43 49 35 156 49 51 34 40 32
internal_value=2.01674 946.569 -74.7493 120.169 -93.8076 -53.3537 -42.9944 -129.633 -122.971 -115.532 -127.575 -113.36 -13.7261 -68.031 -1.82016 -73.765 -70.9837
internal_weight=826 62 764 68 696 327 297 369 329 283 240 191 137 160 83 109 72
internal_count=826 62 764 68 696 327 297 369 329 283 240 191 137 160 83 109 72
is_linear=0
shrinkage=0.05


Tree=27
num_leaves=18
num_cat=0
split_feature=0 6 24 24 1 24 4 27 7 25 20 1 24 24 24 24 0
split_gain=2.16335e+10 4.06202e+09 1.03757e+09 4.00516e+08 1.76742e+08 9.52408e+07 5.5412e+07 9.52299e+07 4.141e+07 8.11607e+07 7.59201e+07 3.95674e+07 1.37796e+07 1.05192e+07 930745 926627 402901
threshold=6.5000000000000009 2.9500000000000006 13080.555555555557 6236.1111111111122 0.29166666666666669 8120.3694444444454 1001.6500000000002 -0.10309787846944686 9.6500000000000004 9.4975450000000023 8.8269000000000002 0.6000000000000002 9675.9250000000011 7319.4444444444453 6791.666666666667 8763.8888888888905 265.85000000000008
decision_type=2 2 2 2 2 2 2 2 2 2 2 2 2 2 2 2 2
left_child=1 -1 3 6 -5 13 7 -2 -8 -10 -11 -12 15 14 16 -7 -6
right_child=2 -3 -4 4 5 12 8 -9 9 10 11 -13 -14 -15 -16 -17 -18
leaf_value=1290.7680230636834 -105.52452428251728 479.0208844257748 140.08633016914186 -160.11955366166328 -73.297080528896785 -18.643539484904124 -153.29770991464338 -218.06322858393028 -41.257675489222386 -170.05179873712049 -54.653934165749348 -112.49942026766723 22.682613854398554 -38.507026851198468 -59.194580700139333 -6.669661814725993 -63.841962906846973
leaf_weight=32 40 30 54 30 37 31 50 36 44 50 38 138 49 56 47 34 30
leaf_count=32 40 30 54 30 37 31 50 36 44 50 38 138 49 56 47 34 30
internal_value=1.9211 899.391 -71.0184 -87.0917 -44.8979 -32.6745 -120.529 -159.049 -111.333 -103.508 -115.604 -100.048 2.68586 -56.3744 -65.1099 -12.4002 -69.165
internal_weight=826 62 764 710 314 284 396 76 320 270 226 176 114 170 114 65 67
internal_count=826 62 764 710 314 284 396 76 320 270 226 176 114 170 114 65 67
is_linear=0
shrinkage=0.05


Tree=28
num_leaves=19
num_cat=0
split_feature=0 21 24 24 24 4 0 7 8 14 24 24 0 24 24 24 24 26
split_gain=1.95306e+10 3.77425e+09 9.43443e+08 3.91414e+08 8.40783e+07 5.51371e+07 3.87957e+07 3.85139e+07 6.89811e+07 5.74956e+07 4.3452e+07 3.73815e+07 2.27703e+07 1.55962e+07 4.75859e+06 1.99968e+06 1.89199e+06 375388
threshold=6.5000000000000009 0.7325359015272398 13788.888888888892 5745.3694444444454 8552.7777777777792 997.6500000000002 48.050000000000004 9.6500000000000004 5.1500000000000012 200.50000000000003 3902.7777777777778 3555.5555555555561 85.250000000000014 7201.3888888888896 9675.9250000000011 7813.8888888888896 6159.7222222222226 8.8500000000000032
decision_type=2 2 2 2 2 2 2 2 2 2 2 2 2 2 2 2 2 2
left_child=1 -1 3 5 12 -2 -6 -7 -9 11 -11 -10 -5 16 -8 -15 -14 -18
right_child=2 -3 -4 4 6 7 14 8 9 10 -12 -13 13 15 -16 -17 17 -19
leaf_value=1231.8006430770008 -182.38144215034902 449.4226369864125 157.04796261949605 -102.78976337521574 -59.638548535779357 -156.03237725428713 -7.3204706682129972 -41.681887570609945 -162.91019261640162 -35.43931112321112 -107.35483670563303 -111.21579218499765 -77.902969066328396 -46.339017542096165 15.341722106172178 -29.901753009005887 -60.51717949074532 -68.207932357557596
leaf_weight=32 31 30 44 30 31 44 43 37 67 30 71 76 30 37 50 39 71 33
leaf_count=32 31 30 44 30 31 44 43 37 67 30 71 76 30 37 50 39 71 33
internal_value=1.82901 854.564 -67.4748 -81.2155 -44.7386 -118.489 -11.2945 -112.341 -105.446 -115.094 -86.05 -135.533 -62.0061 -56.1337 4.86684 -37.9545 -66.4082 -63.0207
internal_weight=826 62 764 720 364 356 124 325 281 244 101 143 240 210 93 76 134 104
internal_count=826 62 764 720 364 356 124 325 281 244 101 143 240 210 93 76 134 104
is_linear=0
shrinkage=0.05


Tree=29
num_leaves=19
num_cat=0
split_feature=0 6 24 24 1 24 4 7 25 14 1 21 24 24 24 26 24 0
split_gain=1.76321e+10 3.70656e+09 8.5566e+08 3.20795e+08 1.6868e+08 9.25535e+07 4.97911e+07 3.47727e+07 8.4637e+07 5.74934e+07 4.59794e+07 4.09464e+07 1.24506e+07 1.05786e+07 1.87452e+06 998277 722678 453787
threshold=6.5000000000000009 2.9500000000000006 12688.750000000002 5745.3694444444454 0.6000000000000002 8120.3694444444454 997.6500000000002 9.6500000000000004 9.4975450000000023 200.50000000000003 0.6000000000000002 0.77356471115091818 7201.3888888888896 9675.9250000000011 6159.7222222222226 7.8500000000000005 8763.8888888888905 321.15000000000003
decision_type=2 2 2 2 2 2 2 2 2 2 2 2 2 2 2 2 2 2
left_child=1 -1 3 6 -5 12 -2 -8 -9 10 -10 -11 14 16 -6 -14 -7 -16
right_child=2 -3 -4 4 5 13 7 8 9 11 -12 -13 15 -15 17 -17 -18 -19
leaf_value=1185.7496725397318 -173.29169012480611 410.6592275524456 122.10092035684403 -158.38960442337088 -74.020761037427334 -16.469939379676745 -148.24844931950642 -32.724892031700534 -165.26395671926997 -35.415782926090039 -107.12241667760435 -104.14082126253328 -30.176547167341937 20.152450534593783 -61.535525457609438 -42.797533357871693 -5.8954940644876705 -53.330284813155373
leaf_weight=32 31 30 57 30 30 31 44 40 60 32 81 68 35 47 83 31 34 30
leaf_count=32 31 30 57 30 30 31 44 40 60 32 81 68 35 47 83 31 34 30
internal_value=1.74122 811.971 -64.1081 -79.1358 -45.1971 -34.5723 -112.576 -106.733 -100.182 -111.36 -131.963 -82.2062 -54.2185 2.10454 -62.5219 -36.1604 -10.9563 -59.4063
internal_weight=826 62 764 707 351 321 356 325 281 241 141 100 209 112 143 66 65 113
internal_count=826 62 764 707 351 321 356 325 281 241 141 100 209 112 143 66 65 113
is_linear=0
shrinkage=0.05


Tree=30
num_leaves=15
num_cat=0
split_feature=0 1 28 0 29 14 6 6 1 3 0 3 3 4
split_gain=2.0168e+10 3.31082e+08 1.4796e+08 1.47548e+08 1.35816e+08 1.04184e+08 3.2314e+08 9.86946e+07 1.67292e+08 8.59885e+07 1.16055e+08 7.08098e+06 5.40212e+06 2.3993e+06
threshold=2.5000000000000004 0.095454545454545472 -0.79354221435844496 460.15000000000003 1.0000000180025095e-35 300.00000000000006 2.9500000000000006 4.8500000000000005 0.6000000000000002 86.250000000000014 122.85000000000001 64.15000000000002 75.450000000000017 1009.85
decision_type=2 2 2 2 2 2 2 2 2 2 2 2 2 2
left_child=-1 2 -2 5 -4 7 -7 8 -3 10 -10 -5 -13 -14
right_child=1 3 4 11 -6 6 -8 -9 9 -11 -12 12 13 -15
leaf_value=949.20252485544665 -208.21032156180891 -140.95994752810384 -26.130363198985226 -66.391185556399591 -156.46968992655584 109.67674241878882 -67.686075625445582 37.9599339159126 22.870429277949214 -112.30936359768546 -49.35877641250292 -103.52491903242992 -72.191878290723395 -90.308706731865868
leaf_weight=53 43 44 39 47 41 48 55 35 81 33 177 46 40 41
leaf_count=53 43 44 39 47 41 48 55 35 81 33 177 46 40 41
internal_value=6.71603 -58.2712 -133.44 -43.9626 -93.0413 -29.4696 14.9946 -41.8482 -50.1952 -36.4276 -26.6821 -83.3206 -89.5286 -81.4622
internal_weight=823 770 123 647 80 473 103 370 335 291 258 174 127 81
internal_count=823 770 123 647 80 473 103 370 335 291 258 174 127 81
is_linear=0
shrinkage=0.05


Tree=31
num_leaves=17
num_cat=0
split_feature=0 1 28 0 29 14 6 0 21 21 26 27 0 3 3 21
split_gain=1.82053e+10 2.98884e+08 1.33565e+08 1.33201e+08 1.22605e+08 9.40443e+07 2.91694e+08 8.95615e+07 6.76962e+07 6.89549e+07 3.17599e+07 2.11624e+07 2.00286e+07 6.39257e+06 4.87592e+06 1.49548e+06
threshold=2.5000000000000004 0.095454545454545472 -0.79354221435844496 460.15000000000003 1.0000000180025095e-35 300.00000000000006 2.9500000000000006 12.750000000000002 0.65528469316596949 0.55359574468085126 8.3500000000000032 0.61866567420209762 110.80000000000001 64.15000000000002 75.450000000000017 0.79498754669987559
decision_type=2 2 2 2 2 2 2 2 2 2 2 2 2 2 2 2
left_child=-1 2 -2 5 -4 7 -7 -3 9 10 -9 12 -10 -5 -15 -16
right_child=1 3 4 13 -6 6 -8 8 11 -11 -12 -13 -14 14 15 -17
leaf_value=901.83177248852417 -197.82396020734393 -120.98454018252455 -24.827186436177524 -63.078674702532993 -148.6652402743226 104.20430720164721 -64.307913952124736 -46.315430799293779 -6.5001672830612325 55.983127096124285 5.3870618884910844 -78.210983729320731 -52.802087652645653 -98.359901200044177 -68.027034855195566 -83.062370077959315
leaf_weight=53 43 31 39 47 41 48 55 73 31 33 50 57 95 46 31 50
leaf_count=53 43 31 39 47 41 48 55 73 31 33 50 57 95 46 31 50
internal_value=6.38038 -55.3637 -126.784 -41.7686 -88.4006 -27.9983 14.2469 -39.7591 -32.2979 -8.08914 -25.3108 -52.9191 -41.4246 -79.1641 -85.0627 -77.3991
internal_weight=823 770 123 647 80 473 103 370 339 156 123 183 126 174 127 81
internal_count=823 770 123 647 80 473 103 370 339 156 123 183 126 174 127 81
is_linear=0
shrinkage=0.05


Tree=32
num_leaves=20
num_cat=0
split_feature=1 4 27 21 11 2 3 4 9 28 29 4 10 14 8 25 27 25 3
split_gain=2.06775e+09 1.7105e+09 2.40005e+09 2.29111e+09 7.05164e+08 2.5581e+08 1.7933e+08 2.09041e+08 1.62818e+08 8.43321e+07 6.53526e+07 6.42353e+07 1.10925e+08 3.77411e+07 2.33353e+07 1.36589e+07 9.40215e+06 6.86641e+06 5.45141e+06
threshold=0.15476190476190474 997.75000000000011 -0.84753307444029546 0.96719466657573028 2.5000000000000004 7.8500000000000005 85.350000000000009 1002.0500000000001 0.15000000000000005 0.98367285631203072 0.6078576107927941 1016.4500000000002 10.500000000000002 319.00000000000006 12.450000000000001 19.355970000000003 0.8140385552266387 12.945280000000002 64.550000000000011
decision_type=2 2 2 2 2 2 2 2 2 2 2 2 2 2 2 2 2 2 2
left_child=1 -1 -3 4 5 -4 7 8 -2 11 -8 12 14 16 17 -16 18 -9 -13
right_child=6 2 3 -5 -6 -7 10 9 -10 -11 -12 13 -14 -15 15 -17 -18 -19 -20
leaf_value=480.32309814036091 137.79245293639426 453.94794109594454 -119.67577818923108 388.28966023898204 30.856427196299151 -315.34124072508956 -71.395744726613245 -41.452423980156709 -19.735390542154498 34.901341432945756 -160.7320657745953 -38.229765414327296 34.21080695636207 -127.49699800180834 -92.895577139870284 -54.667661019133838 -86.52374515104141 -14.494324399292314 -66.430409812413131
leaf_weight=31 30 35 38 30 58 30 48 63 36 32 36 33 47 30 30 110 31 38 37
leaf_count=31 30 35 38 30 58 30 48 63 36 32 36 33 47 30 30 110 31 38 37
internal_value=6.06145 136.427 80.3895 -3.65878 -97.2138 -206.335 -42.1083 -31.0863 51.9682 -43.2495 -109.828 -49.2249 -36.0001 -78.2497 -49.7012 -62.9199 -63.5101 -31.3342 -53.2094
internal_weight=823 222 191 156 126 68 601 517 66 451 84 419 288 131 241 140 101 101 70
internal_count=823 222 191 156 126 68 601 517 66 451 84 419 288 131 241 140 101 101 70
is_linear=0
shrinkage=0.05


Tree=33
num_leaves=19
num_cat=0
split_feature=0 24 24 1 24 4 28 26 2 24 24 21 2 24 24 0 28 26
split_gain=1.61723e+10 2.48024e+09 3.94671e+08 2.5393e+08 1.45099e+08 1.18117e+08 6.91724e+07 8.42977e+07 5.43629e+07 2.75912e+07 2.71438e+07 2.06997e+07 2.73977e+07 1.20527e+07 2.73244e+06 1.64089e+06 1.47159e+06 1.18758e+06
threshold=2.5000000000000004 18257.575757575763 5437.5000000000009 0.6000000000000002 8629.6305555555573 997.85000000000002 0.32534208471197984 8.6500000000000039 8.2500000000000018 7236.1111111111122 9963.8888888888905 0.8204896021982141 16.900000000000002 3699.0750000000003 6087.9638888888894 379.65000000000003 0.31717953954346351 8.8500000000000032
decision_type=2 2 2 2 2 2 2 2 2 2 2 2 2 2 2 2 2 2
left_child=-1 2 5 -4 9 -2 8 -8 -7 14 -6 13 -13 -10 15 -5 -11 -16
right_child=1 -3 3 4 10 6 7 -9 11 16 -12 12 -14 -15 17 -17 -18 -19
leaf_value=849.73556442979134 -207.05551467355809 392.49760762464962 -146.22800812407169 -72.268893579808079 1.2163800676737169 -34.894351454829931 -91.339062749760217 -195.67174298610834 -144.16739007771193 -17.138831580785261 53.455377742577014 -46.100869122375286 -105.18558183627366 -100.10745435102706 -47.313708804535388 -56.559352544321769 -29.583684301051967 -58.967531242255362
leaf_weight=53 31 30 50 31 54 39 39 39 33 53 46 30 58 32 84 44 44 33
leaf_count=53 31 30 50 31 54 39 39 39 33 53 46 30 58 32 84 44 44 33
internal_value=5.76051 -52.4341 -70.5224 -40.2719 -26.6188 -114.614 -103.928 -143.689 -87.708 -44.5779 25.2758 -101.139 -85.1183 -122.664 -55.5583 -63.1403 -22.8086 -50.6483
internal_weight=823 770 740 439 389 301 270 78 192 289 100 153 88 65 192 75 97 117
internal_count=823 770 740 439 389 301 270 78 192 289 100 153 88 65 192 75 97 117
is_linear=0
shrinkage=0.05


Tree=34
num_leaves=20
num_cat=0
split_feature=0 24 24 1 24 4 28 26 2 24 24 21 21 24 24 0 24 26 21
split_gain=1.45985e+10 2.23917e+09 3.56302e+08 2.29219e+08 1.30982e+08 1.06645e+08 6.24449e+07 7.60992e+07 4.90757e+07 2.4907e+07 2.45029e+07 1.86922e+07 2.73988e+07 1.08808e+07 2.46774e+06 1.48198e+06 1.45412e+06 1.07305e+06 456695
threshold=2.5000000000000004 18257.575757575763 5437.5000000000009 0.6000000000000002 8629.6305555555573 997.85000000000002 0.32534208471197984 8.6500000000000039 8.2500000000000018 7236.1111111111122 9963.8888888888905 0.8204896021982141 0.90900537634408607 3699.0750000000003 6087.9638888888894 379.65000000000003 8013.8888888888896 8.8500000000000032 0.67792972831765952
decision_type=2 2 2 2 2 2 2 2 2 2 2 2 2 2 2 2 2 2 2
left_child=-1 2 5 -4 9 -2 8 -8 -7 14 -6 13 -13 -10 15 -5 18 -16 -11
right_child=1 -3 3 4 10 6 7 -9 11 16 -12 12 -14 -15 17 -17 -18 -19 -20
leaf_value=807.32877450285662 -196.7360257556584 372.93793278184046 -138.93120170486665 -68.667067215603652 1.155673518551035 -33.154096489245326 -86.78379042057125 -185.91317831756513 -136.98079730722478 -30.304776249911495 50.788406256636421 -47.141212302760074 -104.08696991962573 -95.11767441223715 -44.950836330418355 -53.737797577527104 -13.275447899155603 -56.02806207478227 -21.542344119303252
leaf_weight=53 31 30 50 31 54 39 39 39 33 33 46 36 52 32 84 44 34 33 30
leaf_count=53 31 30 50 31 54 39 39 39 33 33 46 36 52 32 84 44 34 33 30
internal_value=5.47214 -49.8182 -67.0051 -38.2626 -25.2908 -108.899 -98.7445 -136.523 -83.3338 -42.3539 24.0147 -96.0946 -80.871 -116.549 -52.7865 -59.9918 -21.6706 -48.1204 -26.173
internal_weight=823 770 740 439 389 301 270 78 192 289 100 153 88 65 192 75 97 117 63
internal_count=823 770 740 439 389 301 270 78 192 289 100 153 88 65 192 75 97 117 63
is_linear=0
shrinkage=0.05


Tree=35
num_leaves=19
num_cat=0
split_feature=0 21 14 25 0 28 0 26 25 20 7 25 20 28 6 25 26 14
split_gain=6.08166e+09 3.95303e+09 2.73048e+08 3.00942e+08 1.54418e+08 1.15119e+08 1.07694e+08 1.24786e+08 4.47547e+07 4.22942e+07 4.06463e+07 5.75523e+07 4.97524e+07 4.29508e+07 2.87425e+07 1.52246e+07 1.42465e+07 9.09534e+06
threshold=2.5000000000000004 0.77120858688302929 296.00000000000006 13.031015000000002 42.000000000000007 -0.17552498857989954 382.50000000000006 9.6500000000000039 26.487120000000001 2.2993000000000006 12.950000000000001 4.6632500000000006 7.8744000000000014 -0.82389248692129191 4.3500000000000005 24.013980000000004 7.9500000000000011 175.50000000000003
decision_type=2 2 2 2 2 2 2 2 2 2 2 2 2 2 2 2 2 2
left_child=1 -1 4 9 5 -2 7 8 14 -4 11 -8 -12 17 15 -6 -15 -14
right_child=2 -3 3 -5 6 -7 10 -9 -10 -11 12 -13 13 16 -16 -17 -18 -19
leaf_value=881.33183390975398 -66.698255601924529 70.063726543033638 -69.066944998101093 140.42150199561104 -40.304361195650671 -202.09568199452096 -88.671170723240252 36.456280978664942 9.4086102256893724 -0.93201142874264287 -146.24004940400488 9.1586861030603952 -125.46286721589702 -37.495854059624371 -96.096986927804352 -76.995193387616069 -77.421962455689439 -87.76335990659652
leaf_weight=30 32 30 37 37 171 31 30 55 32 59 30 30 33 55 34 34 38 34
leaf_count=30 32 30 37 37 171 31 30 55 32 59 30 30 33 55 34 34 38 34
internal_value=-7.98138 476.489 -45.6914 19.4753 -59.256 -133.537 -51.1097 -32.1612 -46.0956 -27.2369 -75.7958 -39.8223 -87.1289 -75.9611 -53.5279 -46.4243 -53.8754 -106.491
internal_weight=832 60 772 133 639 63 576 326 271 96 250 60 190 160 239 205 93 67
internal_count=832 60 772 133 639 63 576 326 271 96 250 60 190 160 239 205 93 67
is_linear=0
shrinkage=0.05


Tree=36
num_leaves=18
num_cat=0
split_feature=24 1 1 20 7 23 24 20 24 24 14 24 24 24 28 14 8
split_gain=1.06838e+10 1.0805e+09 2.07325e+09 1.10312e+09 2.10512e+09 7.87125e+08 7.61534e+08 4.0469e+08 1.82512e+08 6.63062e+07 3.2514e+07 3.04671e+07 1.22202e+07 6.54835e+06 2.5693e+06 1.91085e+06 576211
threshold=29622.222222222223 1.0000000180025095e-35 0.29166666666666669 12.784500000000001 25.350000000000005 -0.5 11185.186111111112 5.2725499999999998 4618.0555555555566 7201.3888888888896 331.00000000000006 3847.2222222222222 8199.0750000000025 5326.3888888888896 -0.43663505800854857 215.00000000000003 10.350000000000003
decision_type=2 2 2 2 2 2 2 2 2 2 2 2 2 2 2 2 2
left_child=1 3 5 7 -5 -3 8 -1 11 13 12 -4 -11 16 -13 -15 -10
right_child=-2 2 6 4 -6 -7 -8 -9 9 10 -12 14 -14 15 -16 -17 -18
leaf_value=78.355322508954529 886.83191769798964 -507.22439860745646 -157.16671556238319 510.93773346494692 -19.478045601192044 -183.65590668829961 202.61222219681815 -161.78064057991227 -61.741285923549107 -22.243804323069554 -63.442999858634415 -85.073321256608764 5.8039692947703037 -45.697244564929001 -106.6434811411506 -56.149812398037255 -72.201888971259123
leaf_weight=30 32 31 30 33 43 48 31 42 30 70 30 33 87 114 30 77 41
leaf_count=30 32 31 30 33 43 48 31 42 30 70 30 33 87 114 30 77 41
internal_value=-7.58212 -43.4651 -71.1493 78.4609 211.203 -311.107 -38.0177 -61.754 -51.8155 -38.5939 -15.8386 -115.538 -6.70757 -54.8231 -95.4976 -49.9383 -67.875
internal_weight=832 800 652 148 76 79 573 72 542 449 187 93 157 262 63 191 71
internal_count=832 800 652 148 76 79 573 72 542 449 187 93 157 262 63 191 71
is_linear=0
shrinkage=0.05


Tree=37
num_leaves=18
num_cat=0
split_feature=24 0 1 24 24 4 4 24 28 28 24 24 24 24 14 10 26
split_gain=9.64522e+09 1.36778e+09 4.69711e+08 8.67644e+08 1.81672e+08 1.63164e+08 1.23093e+08 8.06563e+07 6.53119e+07 9.78494e+07 3.67566e+07 8.94701e+06 6.72086e+06 4.26068e+06 3.33825e+06 2.69489e+06 2.34852e+06
threshold=29622.222222222223 2.5000000000000004 0.6000000000000002 10852.777777777779 4902.7777777777783 997.85000000000002 1014.1500000000002 7601.852777777779 -0.79354221435844496 -0.10737736916418625 3847.2222222222222 9240.7416666666668 6087.9638888888894 4236.1111111111122 222.50000000000003 8.5000000000000018 8.5500000000000025
decision_type=2 2 2 2 2 2 2 2 2 2 2 2 2 2 2 2 2
left_child=1 -1 5 4 10 -3 8 12 -7 -10 -4 14 15 -12 -9 -6 -14
right_child=-2 2 3 -5 7 6 -8 11 9 -11 13 -13 16 -15 -16 -17 -18
leaf_value=268.56150460788581 842.62845576871587 -224.35188570111711 -149.33448782379048 229.42723684596064 -51.155701079306041 -137.15753396406473 -183.00870291268726 -1.1716864425741034 -4.5121388977365227 -105.04638052117335 -99.747714851355624 15.568558699261406 -34.532196438216729 -76.06929371136286 -19.436040617891418 -67.819888081928156 -48.387863880165241
leaf_weight=34 32 32 30 30 99 35 36 50 46 51 32 50 87 55 50 34 49
leaf_count=34 32 32 30 30 99 35 36 50 46 51 32 50 87 55 50 34 49
internal_value=-7.20216 -41.2965 -55.0832 -31.7979 -46.4588 -120.932 -101.111 -31.0624 -78.6534 -57.4241 -101.523 -1.68196 -47.4389 -84.8832 -10.3142 -55.4635 -39.5562
internal_weight=832 800 766 566 536 200 168 419 132 97 117 150 269 87 100 133 136
internal_count=832 800 766 566 536 200 168 419 132 97 117 150 269 87 100 133 136
is_linear=0
shrinkage=0.05


Tree=38
num_leaves=19
num_cat=0
split_feature=24 0 1 24 24 4 4 24 28 28 24 24 24 24 10 0 0 24
split_gain=8.70762e+09 1.23479e+09 4.24051e+08 7.83306e+08 1.64401e+08 1.47311e+08 1.11127e+08 5.94529e+07 5.89656e+07 8.83272e+07 4.53971e+07 8.22917e+06 8.07638e+06 3.94833e+06 2.84395e+06 2.20788e+06 745732 542914
threshold=29622.222222222223 2.5000000000000004 0.6000000000000002 10852.777777777779 5300.9250000000011 997.85000000000002 1014.1500000000002 7601.852777777779 -0.79354221435844496 -0.10737736916418625 3847.2222222222222 4564.8138888888898 9240.7416666666668 6736.1111111111122 8.5000000000000018 390.60000000000008 457.00000000000006 7201.3888888888896
decision_type=2 2 2 2 2 2 2 2 2 2 2 2 2 2 2 2 2 2
left_child=1 -1 5 4 10 -3 8 13 -7 -10 -4 -12 14 15 -9 -6 -13 -15
right_child=-2 2 3 -5 7 6 -8 12 9 -11 11 16 -14 17 -16 -17 -18 -19
leaf_value=255.17281841378755 800.62827247310656 -213.16923438336619 -141.89256754016557 217.99398449235579 -52.361533964391747 -130.31919544361253 -173.88361401756055 -2.0085325572040627 -4.2870221922105411 -99.804339712519933 -87.752716988909881 -67.598906286193355 14.791684569855651 -36.385173467916132 -18.921175835861821 -40.267015174225719 -56.50592599800089 -27.114604870329767
leaf_weight=34 32 32 30 30 82 35 36 54 46 51 58 37 50 36 46 75 36 32
leaf_count=34 32 32 30 30 82 35 36 54 46 51 58 37 50 36 46 75 36 32
internal_value=-6.84113 -39.2359 -52.3353 -30.2107 -44.1408 -114.901 -96.0681 -25.9843 -74.7301 -54.5586 -86.3886 -73.5791 -1.59803 -42.2338 -9.79953 -46.6132 -62.2132 -32.0688
internal_weight=832 800 766 566 536 200 168 375 132 97 161 131 150 225 100 157 73 68
internal_count=832 800 766 566 536 200 168 375 132 97 161 131 150 225 100 157 73 68
is_linear=0
shrinkage=0.05


Tree=39
num_leaves=17
num_cat=0
split_feature=24 1 6 1 3 30 24 20 24 24 14 24 24 24 14 8
split_gain=7.86117e+09 9.96177e+08 2.01043e+09 1.77952e+09 7.49251e+08 6.50916e+08 5.54624e+08 2.14018e+08 1.32402e+08 4.62224e+07 3.20874e+07 2.05852e+07 9.2753e+06 5.52061e+06 1.67581e+06 622167
threshold=29622.222222222223 1.0000000180025095e-35 2.1500000000000008 0.29166666666666669 61.850000000000001 1.0000000180025095e-35 11185.186111111112 11.548450000000001 4564.8138888888898 7201.3888888888896 331.00000000000006 3847.2222222222222 8552.7777777777792 5326.3888888888896 215.00000000000003 10.250000000000002
decision_type=2 2 2 2 2 2 2 2 2 2 2 2 2 2 2 2
left_child=1 2 -1 4 -3 7 8 -4 11 13 12 -5 -11 15 -15 -10
right_child=-2 3 5 6 -6 -7 -8 -9 9 10 -12 -13 -14 14 -16 -17
leaf_value=423.1711009714179 760.72156195239495 -125.73348347020585 -22.252505096900496 -134.82150882961741 -434.20084851025962 -184.81969825129985 172.18876297512236 145.63709490007889 -52.598814305910643 -17.66326241158087 -62.262342387101185 -83.372632949487681 6.6414009389990118 -38.851799274681952 -48.600974367688451 -62.818740321757218
leaf_weight=33 32 38 36 30 41 39 31 40 30 81 30 58 76 114 77 46
leaf_count=33 32 38 36 30 41 39 31 40 30 81 30 58 76 114 77 46
internal_value=-6.49826 -37.2783 79.7923 -63.8608 -286.171 -19.0245 -33.1661 66.1856 -44.9411 -34.0464 -14.9715 -101.045 -5.90118 -47.3954 -42.8055 -58.859
internal_weight=832 800 148 652 79 115 573 76 542 454 187 88 157 267 191 76
internal_count=832 800 148 652 79 115 573 76 542 454 187 88 157 267 191 76
is_linear=0
shrinkage=0.05


Tree=40
num_leaves=16
num_cat=0
split_feature=24 4 0 24 1 24 24 20 20 4 0 24 24 14 10
split_gain=4.30658e+09 1.34359e+09 5.68298e+08 2.3497e+08 1.97834e+08 2.08787e+08 5.47816e+07 8.28345e+07 5.74007e+07 3.50939e+07 1.35861e+07 5.4664e+06 3.82597e+06 1.27874e+06 602077
threshold=29622.222222222223 994.55000000000007 6.5000000000000009 8552.7777777777792 0.6000000000000002 10852.777777777779 5745.3694444444454 4.017500000000001 5.7874000000000008 1002.0500000000001 81.40000000000002 7319.4444444444453 9675.9250000000011 174.50000000000003 7.5000000000000009
decision_type=2 2 2 2 2 2 2 2 2 2 2 2 2 2 2
left_child=1 -1 -3 6 -5 12 7 -4 -9 -10 -8 13 -6 -12 -13
right_child=-2 2 3 4 5 -7 10 8 9 -11 11 14 -14 -15 -16
leaf_value=284.96675882370141 571.57462689472595 -238.49465722912566 -10.479724753284634 -70.146324704411981 -0.88534684083627813 162.01836804361437 -68.419654956727342 -141.63036230925087 -103.16467626604904 -60.226109402736952 -33.048872751916562 -16.868506226337459 20.833162723986852 -42.785638982978966 -26.361033972553244
leaf_weight=31 30 38 53 50 48 30 30 32 63 198 68 40 35 73 30
leaf_count=31 30 38 53 50 48 30 30 32 63 198 68 40 35 73 30
internal_value=-15.8045 -37.3874 -50.1034 -40.5277 12.5756 49.2079 -55.2732 -68.0246 -78.4266 -70.6262 -36.9457 -32.4404 8.28705 -38.1167 -20.9686
internal_weight=849 819 788 750 163 113 587 346 293 261 241 211 83 141 70
internal_count=849 819 788 750 163 113 587 346 293 261 241 211 83 141 70
is_linear=0
shrinkage=0.05


Tree=41
num_leaves=17
num_cat=0
split_feature=24 4 0 24 0 24 24 20 20 4 24 0 24 24 27 10
split_gain=3.888e+09 1.21297e+09 5.13046e+08 2.12111e+08 1.2403e+08 1.52436e+08 4.94426e+07 7.47679e+07 5.18333e+07 3.16826e+07 2.53827e+07 1.22676e+07 4.93385e+06 4.26891e+06 1.17425e+06 658666
threshold=29622.222222222223 994.55000000000007 6.5000000000000009 8552.7777777777792 72.300000000000026 10625.000000000002 5745.3694444444454 4.017500000000001 5.7874000000000008 1002.0500000000001 13536.111111111113 81.40000000000002 7236.1111111111122 9458.3333333333339 0.24284747324344283 7.5000000000000009
decision_type=2 2 2 2 2 2 2 2 2 2 2 2 2 2 2 2
left_child=1 -1 -3 6 10 13 7 -4 -9 -10 -5 -8 14 -6 -13 -14
right_child=-2 2 3 4 5 -7 11 8 9 -11 -12 12 15 -15 -16 -17
leaf_value=270.76425895568258 543.09083385784368 -226.60123582574639 -9.9567242696011355 -12.518439980292914 -5.7995162689124449 141.3747473450594 -65.010036996670337 -134.57090427481867 -98.014617513665684 -57.216323908478969 -74.777523519826488 -40.71235683357051 -16.500951947192302 19.478863230606365 -31.03844620793171 -25.921740071025415
leaf_weight=31 30 38 53 36 36 30 30 32 63 198 30 77 43 31 57 34
leaf_count=31 30 38 53 36 36 30 30 32 63 198 30 77 43 31 57 34
internal_value=-15.013 -35.5201 -47.6022 -38.5039 11.9502 47.9074 -52.5139 -64.6279 -74.5104 -67.098 -40.8884 -35.1023 -30.8212 5.90797 -36.6236 -20.6891
internal_weight=849 819 788 750 163 97 587 346 293 261 66 241 211 67 134 77
internal_count=849 819 788 750 163 97 587 346 293 261 66 241 211 67 134 77
is_linear=0
shrinkage=0.05


Tree=42
num_leaves=16
num_cat=0
split_feature=24 4 24 24 0 0 28 24 14 24 24 0 24 10 24
split_gain=3.5101e+09 1.09505e+09 4.68746e+08 2.85044e+08 1.27438e+09 1.07087e+09 1.45555e+08 1.20645e+08 8.18641e+07 3.58556e+07 2.83014e+07 7.74975e+06 5.49249e+06 4.83476e+06 3.61127e+06
threshold=29622.222222222223 994.55000000000007 17600.000000000004 1.0000000180025095e-35 107.25000000000001 9.5000000000000018 -0.79354221435844496 6736.1111111111122 108.50000000000001 4532.4083333333338 9675.9250000000011 122.85000000000001 4078.702777777778 9.5000000000000018 10852.777777777779
decision_type=2 2 2 2 2 2 2 2 2 2 2 2 2 2 2
left_child=1 -1 3 4 -3 -5 -6 9 -8 12 13 -11 -7 -9 -12
right_child=-2 2 -4 5 6 7 8 10 -10 11 14 -13 -14 -15 -16
leaf_value=257.26957035126026 516.02650239760703 309.38905352626199 -229.40222556122842 -323.55702700349241 -147.32608006222836 -93.17538801255472 -77.656196297046748 -14.101099445311505 33.32758246779121 -67.245485406859302 7.6212808590715797 -41.738354267163736 -67.176530207161107 -31.15011740414225 30.701262652121514
leaf_weight=31 30 31 33 34 31 52 30 127 37 35 39 211 36 62 30
leaf_count=31 30 31 33 34 31 52 30 127 37 35 39 211 36 62 30
internal_value=-14.2613 -33.7464 -45.2262 -37.1468 30.5124 -51.092 -57.929 -35.3916 -16.4082 -55.2254 -9.70386 -45.3933 -82.6279 -19.7074 17.686
internal_weight=849 819 788 755 129 626 98 592 67 334 258 246 88 189 69
internal_count=849 819 788 755 129 626 98 592 67 334 258 246 88 189 69
is_linear=0
shrinkage=0.05


Tree=43
num_leaves=14
num_cat=0
split_feature=24 4 0 24 24 26 24 6 0 0 24 21 26
split_gain=3.16894e+09 9.88594e+08 4.8367e+08 2.1643e+08 8.75873e+07 6.50598e+07 4.50303e+07 5.62765e+07 1.8274e+07 1.42541e+07 1.22961e+07 2.845e+06 2.02995e+06
threshold=29622.222222222223 994.55000000000007 6.5000000000000009 12395.238095238097 6236.1111111111122 10.350000000000003 4236.1111111111122 2.2500000000000004 56.850000000000009 122.85000000000001 7398.1472222222228 1.0276697133036483 8.8500000000000032
decision_type=2 2 2 2 2 2 2 2 2 2 2 2 2
left_child=1 -1 -3 4 5 6 7 -4 -6 -8 12 -12 -10
right_child=-2 2 3 -5 8 -7 9 -9 10 -11 11 -13 -14
leaf_value=244.44744098822787 490.31089945948406 -216.76676124712927 -147.36704329937399 64.185311218964614 -57.881529422281645 -7.318451783151338 -80.23230741936294 -70.511991068565564 -25.387743332150798 -43.037161128296447 -12.980355105150961 1.3228430173168446 -39.879320911396604
leaf_weight=31 30 38 30 52 31 56 31 117 82 156 109 51 35
leaf_count=31 30 38 30 52 31 56 31 117 82 156 109 51 35
internal_value=-13.5478 -32.0618 -42.9694 -34.1359 -41.4688 -57.2074 -65.5673 -86.2862 -21.528 -49.2428 -17.4401 -8.4232 -29.7532
internal_weight=849 819 788 750 698 390 334 147 308 187 277 160 117
internal_count=849 819 788 750 698 390 334 147 308 187 277 160 117
is_linear=0
shrinkage=0.05


Tree=44
num_leaves=18
num_cat=0
split_feature=24 1 0 0 24 9 24 4 24 24 0 0 24 10 24 10 0
split_gain=2.86093e+09 9.36961e+08 5.29962e+09 3.03111e+09 2.9224e+08 1.92306e+08 7.50265e+07 7.28786e+07 2.17334e+07 1.16627e+07 7.4881e+06 5.55127e+06 5.425e+06 3.48809e+06 4.09846e+06 2.48566e+06 2.23052e+06
threshold=29622.222222222223 1.0000000180025095e-35 63.500000000000007 8.5000000000000018 12395.238095238097 0.75000000000000011 6087.9638888888894 1006.1500000000002 4078.702777777778 8552.7777777777792 129.00000000000003 96.950000000000003 5087.9638888888894 9.5000000000000018 7143.5194444444451 7.5000000000000009 232.70000000000002
decision_type=2 2 2 2 2 2 2 2 2 2 2 2 2 2 2 2 2
left_child=1 2 -1 -3 6 7 8 -4 -5 13 -10 -11 -12 14 -8 -13 -15
right_child=-2 3 5 4 -6 -7 9 -9 10 11 12 15 -14 16 -16 -17 -18
leaf_value=675.45370743583612 465.8768166171356 -466.06469974200695 -76.892308430781455 -84.911315492676692 102.74238408343156 -169.35117439426634 -31.150503222310444 17.929877580656292 -72.394064777158817 -25.392306556574926 -54.422823923481182 9.2777141822958882 -37.240903293521086 -46.803536421846353 -14.692008201506461 -8.4733934416552898 -27.472365864725209
leaf_weight=30 30 42 39 53 40 34 78 42 30 30 88 37 99 31 74 42 30
leaf_count=30 30 42 39 53 40 34 78 42 30 30 88 37 99 31 74 42 30
internal_value=-12.8699 -30.4611 84.8011 -55.2668 -27.8975 -69.7352 -36.7404 -27.7637 -56.1758 -20.4312 -49.1216 -7.1204 -45.3513 -27.2363 -23.1528 -0.158302 -37.357
internal_weight=849 819 145 674 632 115 592 81 270 322 217 109 187 213 152 79 61
internal_count=849 819 145 674 632 115 592 81 270 322 217 109 187 213 152 79 61
is_linear=0
shrinkage=0.05


Tree=45
num_leaves=15
num_cat=0
split_feature=24 24 27 4 3 1 3 11 23 3 24 7 24 24
split_gain=2.53011e+09 4.17892e+08 3.24478e+08 2.10205e+08 3.80652e+08 1.97802e+08 5.15334e+08 2.71066e+08 1.2665e+08 1.11809e+08 8.88271e+07 3.04166e+07 4.82018e+07 1.23649e+07
threshold=25111.111111111113 15720.833333333334 -0.99166813670569331 1002.5500000000001 86.550000000000011 0.6000000000000002 45.550000000000004 2.5000000000000004 -0.9330127018922193 70.050000000000011 4699.0750000000007 5.2500000000000009 8120.3694444444454 3953.702777777778
decision_type=2 2 2 2 2 2 2 2 2 2 2 2 2 2
left_child=1 2 -1 4 8 6 -5 -8 -4 -10 13 -12 -13 -7
right_child=-2 -3 3 5 -6 10 7 -9 9 -11 11 12 -14 -15
leaf_value=124.38526176832987 388.83170790350988 -216.32654230364929 -115.42025162833077 40.798502290216739 153.22972896995446 -102.99340764221 -284.89028276353662 -84.647355668492779 81.480333395416153 -37.973231533546929 -69.508685873156409 -31.157541749171823 8.7770176655082519 -64.067945533920266
leaf_weight=34 37 30 30 37 39 32 36 32 30 56 32 241 110 59
leaf_count=34 37 30 30 37 39 32 36 32 30 56 32 241 110 59
internal_value=-14.8035 -33.5648 -26.3984 -33.399 18.3068 -47.2415 -109.306 -190.921 -27.1481 3.7428 -33.4728 -22.9104 -18.6435 -77.8541
internal_weight=835 798 768 734 155 579 105 68 116 86 474 383 351 91
internal_count=835 798 768 734 155 579 105 68 116 86 474 383 351 91
is_linear=0
shrinkage=0.05


Tree=46
num_leaves=15
num_cat=0
split_feature=24 24 27 8 1 1 26 6 24 8 24 24 26 24
split_gain=2.28407e+09 3.77287e+08 2.92926e+08 2.27682e+08 7.19565e+08 1.8069e+08 4.75266e+08 3.53816e+08 6.58822e+07 2.86013e+07 4.56404e+07 2.27473e+07 1.26977e+07 4.40928e+06
threshold=25111.111111111113 15720.833333333334 -0.99166813670569331 21.350000000000005 0.056250000000000008 0.6000000000000002 7.0000000000000018 2.8500000000000001 4564.8138888888898 -2.6999999999999997 8143.5194444444451 6009.2583333333341 8.4500000000000028 4768.5194444444451
decision_type=2 2 2 2 2 2 2 2 2 2 2 2 2 2
left_child=1 2 -1 5 -5 6 -4 -8 12 -10 -11 13 -7 -6
right_child=-2 -3 3 4 11 8 7 -9 9 10 -12 -13 -14 -15
leaf_value=118.1842327766754 369.44252724454736 -205.54614213202086 -228.41015437056376 237.86696773847967 -66.100893429084607 -55.67298585586348 -149.97636576074314 46.097768929985428 -68.616837014233155 -29.895812249755238 8.5996191742953787 -2.6248715778361702 -99.506470547799665 -40.709799034518198
leaf_weight=34 37 30 45 31 31 38 38 58 30 246 112 35 30 40
leaf_count=34 37 30 45 31 31 38 38 58 30 246 112 35 30 40
internal_value=-14.0646 -31.8903 -25.081 -31.7325 26.3845 -45.0714 -94.5224 -31.5902 -29.7632 -21.7952 -17.8535 -35.63 -75.1291 -51.8735
internal_weight=835 798 768 734 137 597 141 96 456 388 358 106 68 71
internal_count=835 798 768 734 137 597 141 96 456 388 358 106 68 71
is_linear=0
shrinkage=0.05


Tree=47
num_leaves=17
num_cat=0
split_feature=24 24 1 8 7 21 1 24 24 8 24 17 29 24 10 26
split_gain=2.06194e+09 3.40629e+08 2.54297e+08 7.84748e+08 8.85512e+08 5.24405e+08 1.64482e+08 7.08389e+07 2.56777e+07 3.12236e+07 1.60089e+07 9.0335e+06 3.25736e+06 2.47529e+06 2.10678e+06 1.47372e+06
threshold=25111.111111111113 15720.833333333334 0.056250000000000008 17.050000000000004 27.350000000000005 0.78184016525928213 0.29166666666666669 4902.7777777777783 7657.4083333333338 0.25000000000000006 3953.702777777778 1.0000000180025095e-35 0.6078576107927941 6268.5194444444451 6.5000000000000009 8.4500000000000028
decision_type=2 2 2 2 2 2 2 2 2 2 2 2 2 2 2 2
left_child=1 2 3 5 -5 -1 -4 10 13 -10 -8 -11 -12 14 -9 -15
right_child=-2 -3 6 4 -6 -7 7 8 9 11 12 -13 -14 15 -16 -17
leaf_value=-196.71705434138042 351.02020030060226 -195.30298699160349 -126.05803114797867 344.47782659156087 -21.474275142980844 79.47934293018227 -91.820261298285587 -28.245410323873188 -50.40648235843932 14.717459979947487 -59.419683478860293 -10.545164088297593 -39.680364416399577 -20.766811408420381 -40.032619484890716 -32.135982351028211
leaf_weight=40 37 30 48 33 33 30 35 75 32 84 56 61 35 81 80 45
leaf_count=40 37 30 48 33 33 30 35 75 32 84 56 61 35 81 80 45
internal_value=-13.3624 -30.2992 -23.8291 38.1733 161.746 -78.4026 -37.1753 -29.8496 -20.7073 -5.78554 -63.0383 4.08976 -51.8796 -30.101 -34.3511 -24.8495
internal_weight=835 798 768 136 66 70 632 584 458 177 126 145 91 281 155 126
internal_count=835 798 768 136 66 70 632 584 458 177 126 145 91 281 155 126
is_linear=0
shrinkage=0.05


Tree=48
num_leaves=16
num_cat=0
split_feature=0 28 9 14 3 0 11 0 10 3 20 29 20 7 7
split_gain=1.40905e+09 1.29226e+08 1.01631e+08 5.51797e+07 6.56305e+07 1.17818e+08 4.3698e+07 3.74477e+07 3.39723e+07 2.21153e+07 1.49384e+07 4.40403e+07 4.19212e+07 1.69478e+07 9.6906e+06
threshold=2.5000000000000004 -0.7721279831368929 0.65000000000000002 290.00000000000006 89.850000000000009 42.000000000000007 1.5000000000000002 148.80000000000004 6.5000000000000009 58.050000000000004 4.017500000000001 1.0000000180025095e-35 5.6736000000000004 23.450000000000003 27.500000000000004
decision_type=2 2 2 2 2 2 2 2 2 2 2 2 2 2 2
left_child=-1 2 7 4 5 -3 -5 -2 -4 -8 11 -7 -12 -14 -9
right_child=1 3 8 6 -6 10 9 14 -10 -11 12 -13 13 -15 -16
leaf_value=252.96226340129874 13.760355607853379 -113.55989681770676 -142.02360196418468 46.466158437062646 38.205978930359734 29.461230027332011 12.176578565128485 -35.385160185674884 -75.217462583977408 -33.045065839771048 -79.395813130143608 -39.669119923383064 -8.3255429730151533 -34.580537601778929 -72.062451637245701
leaf_weight=47 30 40 39 50 36 45 55 39 38 53 36 47 121 125 34
leaf_count=47 30 40 39 50 36 45 55 39 38 53 36 47 121 125 34
internal_value=-12.695 -28.5701 -65.7725 -17.5472 -26.4712 -32.1032 7.86965 -33.2367 -109.195 -10.0255 -23.3632 -5.86003 -29.0693 -21.6751 -52.543
internal_weight=835 788 180 608 450 414 158 103 77 108 374 92 282 246 73
internal_count=835 788 180 608 450 414 158 103 77 108 374 92 282 246 73
is_linear=0
shrinkage=0.05


Tree=49
num_leaves=18
num_cat=0
split_feature=24 24 0 24 5 10 28 24 24 20 9 10 0 24 24 5 24
split_gain=1.78198e+09 3.10208e+08 7.99728e+08 1.57331e+08 7.78176e+07 1.2717e+08 8.23968e+07 6.59328e+07 2.17986e+07 1.652e+07 1.05523e+07 6.48478e+06 3.32596e+06 4.48579e+06 3.28314e+06 2.33116e+06 1.81103e+06
threshold=25111.111111111113 15720.833333333334 7.5000000000000009 4532.4083333333338 20.050000000000004 6.5000000000000009 0.32534208471197984 11402.777777777779 7620.3694444444454 9.2822000000000013 0.15000000000000005 9.5000000000000018 390.60000000000008 6620.3694444444454 5175.9250000000011 14.65 8120.3694444444454
decision_type=2 2 2 2 2 2 2 2 2 2 2 2 2 2 2 2 2
left_child=1 2 -1 4 6 -6 9 8 12 -4 -7 16 13 -5 -14 -13 -10
right_child=-2 -3 3 7 5 10 -8 -9 11 -11 -12 15 14 -15 -16 -17 -18
leaf_value=204.84015991539968 326.6814926106332 -185.26983821019778 -33.702874865025954 -41.257111115376915 -188.77480968589401 -42.480843704076449 -93.863590420869841 51.994127240441621 -10.395100416772785 16.019450388984996 -83.981601982484676 -12.638086499580659 -36.361893539251696 -24.977808470873057 -19.663375516243665 -30.511493667653237 4.3660944942923487
leaf_weight=37 37 30 31 115 30 31 46 31 30 36 31 47 43 68 95 30 67
leaf_count=37 37 30 31 115 30 31 46 31 30 36 31 47 43 68 95 30 67
internal_value=-12.0617 -27.8068 -21.6326 -33.1221 -70.2686 -104.399 -42.4135 -18.6342 -23.067 -7.00227 -63.3331 -8.80863 -30.7907 -35.2249 -24.8891 -19.6324 -0.205176
internal_weight=835 798 768 731 205 92 113 526 495 67 62 174 321 183 138 77 97
internal_count=835 798 768 731 205 92 113 526 495 67 62 174 321 183 138 77 97
is_linear=0
shrinkage=0.05


Tree=50
num_leaves=12
num_cat=0
split_feature=24 0 24 0 4 24 26 24 24 24 14
split_gain=4.73366e+09 6.09321e+08 2.59853e+08 2.41287e+08 1.34507e+08 6.2718e+07 7.98484e+07 3.92556e+07 1.21784e+07 9.88282e+06 2.26456e+06
threshold=27820.833333333339 2.5000000000000004 12395.238095238097 31.000000000000004 996.1500000000002 5300.9250000000011 10.350000000000003 3351.8527777777781 7842.5916666666672 10400.992063492065 269.50000000000006
decision_type=2 2 2 2 2 2 2 2 2 2 2
left_child=1 -1 3 -3 -5 6 7 -6 10 -10 -7
right_child=-2 2 -4 4 5 8 -8 -9 9 -11 -12
leaf_value=187.52844363670692 616.09140715234707 -173.65355085569007 72.088484036858702 -133.3049432724807 -82.680797450402508 -19.739202978693875 20.492630013108574 -40.310190011129606 2.50767465452684 -29.289358575091104 -30.764650153962634
leaf_weight=33 30 32 56 32 97 184 37 126 114 31 63
leaf_count=33 30 32 56 32 97 184 37 126 114 31 63
internal_value=0.468411 -22.5477 -31.5508 -39.6656 -33.3727 -28.4483 -47.4861 -58.7693 -15.8123 -4.30578 -22.5627
internal_weight=835 805 772 716 684 652 260 223 392 145 247
internal_count=835 805 772 716 684 652 260 223 392 145 247
is_linear=0
shrinkage=0.05


Tree=51
num_leaves=13
num_cat=0
split_feature=24 0 24 4 0 24 4 6 14 24 24 14
split_gain=4.27359e+09 5.50076e+08 2.38019e+08 2.11132e+08 9.13037e+07 6.07849e+07 3.62927e+07 5.44183e+07 4.24137e+07 1.32334e+07 4.41194e+06 1.99874e+06
threshold=27820.833333333339 2.5000000000000004 13377.777777777779 995.75000000000011 42.000000000000007 5300.9250000000011 1005.0500000000001 4.1500000000000012 183.50000000000003 7449.0750000000007 10625.000000000002 259.50000000000006
decision_type=2 2 2 2 2 2 2 2 2 2 2 2
left_child=1 -1 3 -3 -5 6 8 -8 -6 11 -11 -7
right_child=-2 2 -4 4 5 9 7 -9 -10 10 -12 -13
leaf_value=178.18034667968749 585.38918069731756 -162.03058172445802 85.637397646507566 -99.683359740737274 -120.31339930284062 -18.939951750321303 -47.222843845193687 18.511426100885483 -42.760477962626659 0.16271168125817728 -20.873027976406771 -29.703565061508915
leaf_weight=33 30 32 42 45 30 158 147 40 43 145 30 60
leaf_count=33 30 32 42 45 30 158 147 40 43 145 30 60
internal_value=0.447319 -21.4218 -29.9759 -36.6385 -30.8675 -26.1106 -44.8619 -33.1596 -74.7526 -13.6969 -3.45325 -21.9147
internal_weight=835 805 772 730 698 653 260 187 73 393 175 218
internal_count=835 805 772 730 698 653 260 187 73 393 175 218
is_linear=0
shrinkage=0.05


Tree=52
num_leaves=16
num_cat=0
split_feature=0 14 1 9 27 27 0 7 0 6 27 25 26 9 0
split_gain=1.77437e+09 3.04046e+09 1.83064e+08 1.77905e+08 9.97352e+07 1.21771e+08 4.12723e+07 2.33117e+07 2.0597e+07 3.80677e+07 1.92582e+07 4.9454e+06 5.62956e+06 4.0781e+06 3.36551e+06
threshold=6.5000000000000009 145.00000000000003 0.13392857142857142 0.75000000000000011 0.77753234098132629 -0.2595093939220976 58.400000000000006 7.9500000000000011 142.50000000000003 3.1500000000000008 0.30081702196488996 25.253970000000006 10.650000000000004 0.65000000000000002 98.40000000000002
decision_type=2 2 2 2 2 2 2 2 2 2 2 2 2 2 2
left_child=1 -1 3 4 5 -2 -4 10 9 14 -8 12 13 -10 -9
right_child=2 -3 6 -5 -6 -7 7 8 11 -11 -12 -13 -14 -15 -16
leaf_value=-90.347247775443734 11.626350314517495 587.63381650066083 40.051379134649203 -153.8386480353046 33.226286233495152 -113.94840636729259 39.137398119548493 -8.1628942215547529 -12.266159590988748 36.729395400858223 -12.599943002158247 -36.454564615471064 -35.163715844739251 -25.289237884993561 -29.235458018221053
leaf_weight=33 31 33 41 44 36 51 38 34 182 48 34 49 48 90 43
leaf_count=33 31 33 41 44 36 51 38 34 182 48 34 49 48 90 43
internal_value=0.426905 249.019 -20.9383 -68.1431 -36.0856 -66.5186 -8.33086 -11.842 -15.716 1.82471 14.7222 -21.6568 -19.3802 -16.583 -19.9534
internal_weight=835 66 769 162 118 82 607 566 494 125 72 369 320 272 77
internal_count=835 66 769 162 118 82 607 566 494 125 72 369 320 272 77
is_linear=0
shrinkage=0.05


Tree=53
num_leaves=17
num_cat=0
split_feature=0 14 1 4 28 8 0 28 0 14 7 3 25 26 0 11
split_gain=1.60186e+09 2.74489e+09 1.65253e+08 1.63624e+08 9.69734e+07 7.33673e+07 3.72568e+07 2.30043e+07 1.86527e+07 3.48481e+07 1.11782e+07 1.07242e+07 3.57432e+06 4.08553e+06 3.29276e+06 2.72248e+06
threshold=6.5000000000000009 145.00000000000003 0.13392857142857142 1001.6500000000002 0.32534208471197984 16.350000000000005 58.400000000000006 0.79345403275494197 142.50000000000003 195.50000000000003 7.9500000000000011 52.650000000000006 25.253970000000006 10.650000000000004 98.40000000000002 4.5000000000000009
decision_type=2 2 2 2 2 2 2 2 2 2 2 2 2 2 2 2
left_child=1 -1 3 -2 5 -5 -4 8 9 -8 -9 -12 13 15 -11 -10
right_child=2 -3 6 4 -6 -7 7 10 12 14 11 -13 -14 -15 -16 -17
leaf_value=-85.843524077723757 -142.08857130895285 558.34087282854989 38.053682850616688 51.686050172740707 -89.095555466611742 -51.812628556524444 37.146211812827481 24.701835142852175 -20.254815376231274 -10.114891141593654 15.592736462534814 -24.732354316820107 -34.635548926079586 -35.087825031719554 -33.381668014771684 -7.2171111101161927
leaf_weight=33 48 33 41 38 45 31 42 55 204 30 31 35 49 39 31 50
leaf_count=33 48 33 41 38 45 31 42 55 204 30 31 35 49 39 31 50
internal_value=0.406942 236.606 -19.8931 -64.7428 -32.0801 5.17888 -7.91468 -11.2507 -16.5062 2.14566 8.07514 -5.79677 -22.1226 -20.0189 -21.9744 -17.6922
internal_weight=835 66 769 162 114 69 607 566 445 103 121 66 342 293 61 254
internal_count=835 66 769 162 114 69 607 566 445 103 121 66 342 293 61 254
is_linear=0
shrinkage=0.05


Tree=54
num_leaves=15
num_cat=0
split_feature=27 21 2 4 14 4 21 28 4 1 21 4 11 4
split_gain=9.33175e+08 3.76259e+09 5.67087e+08 6.32214e+08 9.14786e+08 5.11843e+08 4.48808e+08 3.17655e+08 3.29061e+08 3.11408e+08 1.14164e+08 8.99532e+07 7.03478e+07 1.03415e+07
threshold=-0.85206963063867713 0.62902056224899605 16.450000000000003 1002.7500000000001 153.50000000000003 1006.0000000000001 0.9232817836812145 0.98367285631203072 1008.5500000000001 0.11805555555555557 0.84108946608946622 998.85000000000002 1.0000000180025095e-35 1009.7500000000001
decision_type=2 2 2 2 2 2 2 2 2 2 2 2 2 2
left_child=1 -1 3 4 -2 -5 10 8 -7 -10 -4 -6 -11 -3
right_child=2 13 6 5 11 7 -8 -9 9 12 -12 -13 -14 -15
leaf_value=593.34901307958683 281.00941345361895 -43.854473122171377 -121.63015515368642 -181.59327761306295 -56.171103625404569 88.106542630896584 -243.74481355952594 128.78517054855985 -154.75963838796383 -78.096398455357075 3.608289828683187 51.116213153228358 -10.079342295397598 -11.973862330478013
leaf_weight=32 44 49 30 49 40 55 46 37 53 46 46 38 217 53
leaf_count=32 44 49 30 49 40 55 46 37 53 46 46 38 217 53
internal_value=0.387739 121.234 -22.7266 -2.07607 98.9974 -29.0743 -120.65 -10.717 -24.6606 -44.3094 -45.9227 -3.90433 -22.001 -27.3171
internal_weight=835 134 701 579 122 457 122 408 371 316 76 78 263 102
internal_count=835 134 701 579 122 457 122 408 371 316 76 78 263 102
is_linear=0
shrinkage=0.05


Tree=55
num_leaves=20
num_cat=0
split_feature=0 24 0 24 4 21 15 21 24 24 3 21 0 24 11 24 3 16 29
split_gain=3.02735e+09 1.23873e+09 1.31594e+08 8.69747e+07 8.23002e+07 4.5719e+07 5.70931e+07 3.87027e+07 3.84946e+07 1.65179e+07 4.77889e+06 3.24408e+06 3.22622e+06 5.98144e+06 4.33909e+06 2.23327e+06 2.23174e+06 1.63468e+06 1.21682e+06
threshold=2.5000000000000004 18995.369444444448 8.5000000000000018 4467.5916666666672 998.95000000000016 0.75516150516150526 1.0000000180025095e-35 0.43551232852542904 8120.3694444444454 11824.075000000003 57.350000000000001 0.64850320604842582 343.55000000000007 6791.666666666667 2.5000000000000004 6159.7222222222226 46.95000000000001 1.0000000180025095e-35 1.0000000180025095e-35
decision_type=2 2 2 2 2 2 2 2 2 2 2 2 2 2 2 2 2 2 2
left_child=-1 2 -2 4 -4 7 -7 -6 12 10 16 -12 13 14 -5 17 -10 -14 -15
right_child=1 -3 3 8 5 6 -8 -9 9 -11 11 -13 15 18 -16 -17 -18 -19 -20
leaf_value=359.95438357485159 -123.94058978306262 297.64653472393451 -120.73894844700754 -26.55326286734639 -26.1994440554321 -50.835701177435688 29.707278453709115 -94.119851922685172 -1.8714513716195045 39.990464078073096 -2.8277533712111103 19.841721374892 -25.005293196752653 -23.536015924776791 -46.527613532672483 -6.4976023371530038 -20.284360021486926 -12.71817379767991 -11.909876264703001
leaf_weight=57 35 30 36 68 38 46 42 47 35 30 31 32 78 43 46 36 31 42 48
leaf_count=57 35 30 36 68 38 46 42 47 35 30 31 32 78 43 46 36 31 42 48
internal_value=8.30948 -16.9767 -29.3684 -24.8115 -52.0458 -37.6898 -12.4046 -63.822 -13.8574 6.63826 -1.14299 8.70002 -22.884 -27.0136 -34.6468 -17.4434 -10.5376 -20.719 -17.4234
internal_weight=851 794 764 729 209 173 88 85 520 159 129 63 361 205 114 156 66 120 91
internal_count=851 794 764 729 209 173 88 85 520 159 129 63 361 205 114 156 66 120 91
is_linear=0
shrinkage=0.05


Tree=56
num_leaves=18
num_cat=0
split_feature=0 24 0 24 29 6 11 24 0 24 24 0 3 6 14 3 24
split_gain=2.73269e+09 1.11834e+09 1.18801e+08 7.85673e+07 6.12987e+07 4.11198e+07 3.74e+07 3.30908e+07 3.02749e+07 1.34727e+07 3.71687e+06 4.99453e+06 3.47385e+06 2.86266e+06 2.58883e+06 1.63556e+06 863546
threshold=2.5000000000000004 18995.369444444448 8.5000000000000018 4618.0555555555566 0.87837969732492682 3.8500000000000001 3.5000000000000004 8552.7777777777792 415.30000000000001 11824.075000000003 6791.666666666667 193.45000000000002 58.850000000000001 4.7500000000000009 271.50000000000006 46.95000000000001 7736.1111111111122
decision_type=2 2 2 2 2 2 2 2 2 2 2 2 2 2 2 2 2
left_child=-1 2 -2 4 5 6 8 10 -4 12 11 -5 15 -13 16 -9 -12
right_child=1 -3 3 7 -6 -7 -8 9 -10 -11 14 13 -14 -15 -16 -17 -18
leaf_value=341.988171370685 -117.76121539526176 282.81364604151526 -36.172083714610707 -37.679819555067077 10.979438394099233 -97.733544661714134 -9.9993437190162666 0.37345957127414714 -93.976180691189228 37.997583823980293 -13.386134980042218 -17.206609468993729 10.494213781129254 -33.733940169670134 -25.305586053978686 -15.988106112781157 -3.7930490874292846
leaf_weight=57 35 30 47 53 37 51 49 31 44 30 57 147 46 32 35 30 40
leaf_count=57 35 30 47 53 37 51 49 31 44 30 57 147 46 32 35 30 40
internal_value=7.8949 -16.1292 -27.9032 -23.5735 -47.8995 -59.3052 -45.2465 -12.4956 -64.1938 8.44557 -20.3775 -24.1911 0.132174 -20.1784 -13.6615 -7.68613 -9.43826
internal_weight=851 794 764 729 228 191 140 501 91 137 364 232 107 179 132 61 97
internal_count=851 794 764 729 228 191 140 501 91 137 364 232 107 179 132 61 97
is_linear=0
shrinkage=0.05


Tree=57
num_leaves=18
num_cat=0
split_feature=24 24 5 7 21 24 24 15 14 24 24 27 14 7 24 14 30
split_gain=1.72724e+09 1.3827e+09 1.92929e+09 2.60745e+09 4.66834e+08 4.1864e+08 1.64867e+08 7.6317e+07 1.8563e+08 3.05996e+07 1.69499e+07 1.58283e+07 8.26648e+06 9.84398e+06 8.78177e+06 7.39821e+06 3.68334e+06
threshold=29622.222222222223 1.0000000180025095e-35 19.250000000000004 27.350000000000005 0.78527720630901521 17600.000000000004 12395.238095238097 1.0000000180025095e-35 131.00000000000003 6513.8888888888896 5437.5000000000009 0.92591620288614507 268.50000000000006 21.550000000000004 8493.0555555555566 245.50000000000003 -0.56174490092936669
decision_type=2 2 2 2 2 2 2 2 2 2 2 2 2 2 2 2 2
left_child=1 2 4 -4 -1 6 7 10 9 11 15 -9 14 -14 -12 16 -3
right_child=-2 5 3 -5 -6 -7 -8 8 -10 -11 12 -13 13 -15 -16 -17 -18
leaf_value=-149.79845165330536 367.28807965751002 -41.833244297021999 570.76388869931179 -39.132581676597219 103.18871541406564 -197.9681834303488 78.02580107773133 -83.788383769682369 -168.34467918188548 -7.344933465171855 -14.926431751412437 -37.23724629810274 -16.93887260300064 -47.300831728418565 12.030842633991291 -54.312950729404719 -20.59923926853287
leaf_weight=44 32 34 42 30 31 38 35 31 33 55 133 45 96 37 39 44 52
leaf_count=44 32 34 42 30 31 38 35 31 33 55 133 45 96 37 39 44 52
internal_value=7.50122 -6.5995 132.252 316.938 -45.2322 -36.9885 -27.3102 -33.477 -62.5359 -35.7737 -22.5096 -56.3104 -16.057 -25.4147 -8.81056 -37.6245 -29.033
internal_weight=851 819 147 72 75 672 634 599 164 131 435 76 305 133 172 130 86
internal_count=851 819 147 72 75 672 634 599 164 131 435 76 305 133 172 130 86
is_linear=0
shrinkage=0.05


Tree=58
num_leaves=20
num_cat=0
split_feature=4 2 20 1 14 21 26 21 1 14 14 28 14 1 6 14 4 11 5
split_gain=1.53785e+09 7.02004e+08 8.12901e+08 9.62951e+08 1.86243e+09 1.16468e+09 5.26755e+08 4.20258e+08 6.67805e+08 4.80041e+08 1.47642e+08 9.5418e+07 8.00166e+07 1.3403e+08 1.68836e+07 1.66585e+07 1.42779e+07 6.7133e+06 2.49594e+06
threshold=995.40000000000009 16.450000000000003 9.2822000000000013 0.15476190476190474 241.50000000000003 0.60245903330386097 5.1500000000000021 1.6230769230769233 0.087121212121212113 44.000000000000007 174.50000000000003 -0.92260537345622995 19.000000000000004 0.6000000000000002 3.1500000000000008 221.50000000000003 1019.5500000000001 1.5000000000000002 23.025000000000002
decision_type=2 2 2 2 2 2 2 2 2 2 2 2 2 2 2 2 2 2 2
left_child=-1 2 7 4 5 -4 -3 8 -2 -9 -8 -5 -10 -14 15 -13 -15 -12 -19
right_child=1 6 3 11 -6 -7 10 9 12 -11 17 14 13 16 -16 -17 -18 18 -20
leaf_value=331.18988477864497 -208.27196815544167 -238.85806558127112 -122.63807138506409 85.650748038828567 513.76080445350124 291.15129158805769 -139.44597159731029 232.663134676119 55.983835224016687 -27.626618432224213 4.9327376816347455 -51.760237786708728 -120.91275799435253 -5.8868773300369241 12.876751309370498 -5.7891714497839004 -38.305187837769388 -12.175453779942965 -32.45517245964222
leaf_weight=35 57 47 39 31 33 30 30 30 31 43 35 35 34 148 43 45 44 30 31
leaf_count=35 57 47 39 31 33 30 30 30 31 43 35 35 34 148 43 45 44 30 31
internal_value=7.12764 -6.81096 17.2474 86.3524 205.426 57.4313 -96.1886 -28.4759 -53.5991 79.5137 -42.8234 7.40328 -19.2265 -29.5632 -12.3711 -25.9411 -13.3322 -12.5151 -22.5179
internal_weight=851 816 643 256 102 69 173 387 314 73 126 154 257 226 123 80 192 96 61
internal_count=851 816 643 256 102 69 173 387 314 73 126 154 257 226 123 80 192 96 61
is_linear=0
shrinkage=0.05


Tree=59
num_leaves=12
num_cat=0
split_feature=0 24 4 24 0 24 29 4 24 24 28
split_gain=2.25758e+09 1.00839e+09 1.44472e+08 8.88082e+07 2.07905e+08 3.99544e+07 4.95737e+07 3.45486e+07 9.36378e+06 5.11942e+06 4.06699e+06
threshold=2.5000000000000004 18995.369444444448 996.1500000000002 12395.238095238097 29.650000000000002 4467.5916666666672 0.87837969732492682 1002.0500000000001 8120.3694444444454 10268.519444444444 -0.28435918728100346
decision_type=2 2 2 2 2 2 2 2 2 2 2
left_child=-1 2 -2 4 -4 6 7 -6 10 -10 -7
right_child=1 -3 3 -5 5 8 -8 -9 9 -11 -12
leaf_value=310.4389396493782 -128.42060187417573 268.80562782667801 -152.19788283075167 49.800665981172067 -97.972847264525967 -9.6777620682006784 16.634139496610242 -39.136294737269786 5.4016571563375742 -18.258026602101879 -20.789875458438431
leaf_weight=57 33 30 31 41 31 139 33 128 95 30 203
leaf_count=57 33 30 31 41 31 139 33 128 95 30 203
internal_value=6.77433 -15.0616 -26.242 -21.6123 -25.8623 -19.8971 -39.0928 -50.662 -11.9984 -0.286683 -16.2777
internal_weight=851 794 764 731 690 659 192 159 467 125 342
internal_count=851 794 764 731 690 659 192 159 467 125 342
is_linear=0
shrinkage=0.05


Tree=60
num_leaves=14
num_cat=0
split_feature=0 24 4 0 24 26 6 14 24 28 0 14 8
split_gain=1.46927e+09 6.93584e+08 2.13075e+08 5.31639e+07 3.66428e+07 1.00043e+08 4.12334e+07 3.50012e+07 1.18402e+07 5.22635e+06 2.85392e+06 2.65527e+06 2.59685e+06
threshold=2.5000000000000004 13788.888888888892 995.40000000000009 12.750000000000002 4564.8138888888898 10.350000000000003 2.1500000000000008 172.50000000000003 8493.0555555555566 0.95493138204271821 457.00000000000006 265.50000000000006 8.5500000000000025
decision_type=2 2 2 2 2 2 2 2 2 2 2 2 2
left_child=-1 2 -2 -4 5 6 -5 -8 9 10 -6 -10 -13
right_child=1 -3 3 4 8 -7 7 -9 11 -11 -12 12 -14
leaf_value=261.6229831882186 -156.97512454036064 175.2945751587726 -85.078006214497563 -101.86101289731857 -16.664442026242451 45.861475914467576 -60.773912857436642 -8.4032856720873266 10.613865665629532 -35.276779907327949 -6.7187403530612748 5.7158098516434528 -14.560036009760914
leaf_weight=51 30 45 31 33 227 31 78 54 57 30 106 32 31
leaf_count=51 30 45 31 33 227 31 78 54 57 30 106 32 31
internal_value=1.83588 -15.0732 -26.6717 -21.1446 -18.2136 -36.4425 -51.9241 -39.3722 -10.8103 -15.3104 -13.5015 2.8036 -4.26838
internal_weight=836 785 740 710 679 196 165 132 483 363 333 120 63
internal_count=836 785 740 710 679 196 165 132 483 363 333 120 63
is_linear=0
shrinkage=0.05


Tree=61
num_leaves=15
num_cat=0
split_feature=0 24 4 0 24 26 6 3 24 2 24 24 21 22
split_gain=1.32629e+09 6.28743e+08 1.90384e+08 6.32187e+07 3.21301e+07 9.03136e+07 3.72292e+07 3.16552e+07 9.37453e+06 4.23057e+06 3.38293e+06 3.08262e+06 4.66962e+06 1.85668e+06
threshold=2.5000000000000004 13377.777777777779 995.40000000000009 14.500000000000002 4564.8138888888898 10.350000000000003 2.1500000000000008 60.70000000000001 8493.0555555555566 15.747000000000002 6620.3694444444454 10625.000000000002 0.79967454900048762 -0.6830127018922193
decision_type=2 2 2 2 2 2 2 2 2 2 2 2 2 2
left_child=-1 2 -2 -4 5 6 -5 -8 9 10 -6 12 -10 -11
right_child=1 -3 3 4 8 -7 7 -9 11 13 -12 -13 -14 -15
leaf_value=248.56743856829439 -149.15244447575057 157.06606672519217 -91.644243760600048 -96.783348631498683 -23.412911686767647 43.575775892251556 -82.479337708736182 -24.0815397511033 -1.9825245284329061 -11.498766385545444 -11.927636098227085 -11.403249072731469 22.591145995288986 2.0643827619575266
leaf_weight=51 30 50 30 33 136 31 30 102 54 63 122 32 30 42
leaf_count=51 30 50 30 33 136 31 30 102 54 63 122 32 30 42
internal_value=1.74416 -14.3211 -25.9999 -20.7389 -17.5745 -34.6236 -49.3331 -37.4062 -10.5924 -14.5457 -17.9886 1.78023 6.81015 -6.07666
internal_weight=836 785 735 705 675 196 165 132 479 363 258 116 84 105
internal_count=836 785 735 705 675 196 165 132 479 363 258 116 84 105
is_linear=0
shrinkage=0.05


Tree=62
num_leaves=16
num_cat=0
split_feature=24 1 7 28 1 20 6 24 14 24 24 24 21 14 21
split_gain=9.3621e+08 8.68429e+08 1.30383e+09 1.1043e+09 1.02387e+09 6.78172e+08 2.43635e+08 2.43008e+08 4.50259e+07 1.84087e+07 7.38739e+06 3.3503e+06 3.62531e+06 3.24031e+06 2.73309e+06
threshold=27820.833333333339 0.056250000000000008 23.050000000000004 -0.83352489619613901 0.29166666666666669 10.764350000000002 3.0500000000000003 11402.777777777779 345.00000000000006 5263.8888888888896 8319.4444444444471 4078.702777777778 0.93800051252482552 241.50000000000003 0.70736457236457251
decision_type=2 2 2 2 2 2 2 2 2 2 2 2 2 2 2
left_child=1 2 6 -4 5 -3 -1 8 9 11 14 -6 -13 -12 -11
right_child=-2 4 3 -5 7 -7 -8 -9 -10 10 13 12 -14 -15 -16
leaf_value=-147.72451404886706 275.44357650604752 -79.096935858074858 70.049317019122498 457.5305505657476 -38.770468391760311 -378.78109088553077 46.206614799119308 128.6901736186588 -75.622832979649985 -16.730983293083359 15.775059722451601 -16.844180236837087 -36.325515772066908 -3.4338880769268956 -6.8165613605909208
leaf_weight=35 30 46 40 34 49 32 30 30 31 133 39 76 35 50 146
leaf_count=35 30 46 40 34 49 32 30 30 31 133 39 76 35 50 146
internal_value=1.65677 -8.56671 105.079 248.458 -32.2622 -202.372 -58.2843 -9.70436 -17.1533 -13.7068 -7.54695 -27.8608 -23.0142 4.99172 -11.5471
internal_weight=836 806 139 74 667 78 65 589 559 528 368 160 111 89 279
internal_count=836 806 139 74 667 78 65 589 559 528 368 160 111 89 279
is_linear=0
shrinkage=0.05


Tree=63
num_leaves=13
num_cat=0
split_feature=0 24 0 24 26 15 23 24 28 24 26 2
split_gain=1.12601e+09 5.86357e+08 1.17379e+08 8.34945e+07 1.59339e+08 5.50924e+07 4.25706e+07 9.70343e+06 7.06507e+06 4.53895e+06 3.97101e+06 2.98912e+06
threshold=2.5000000000000004 13377.777777777779 12.750000000000002 3555.5555555555561 6.950000000000002 1.0000000180025095e-35 -0.68301270189221952 8861.1111111111131 0.96457844552971306 10400.992063492065 10.550000000000002 15.747000000000002
decision_type=2 2 2 2 2 2 2 2 2 2 2 2
left_child=-1 2 -2 4 6 -6 -4 8 10 -9 11 -5
right_child=1 -3 3 7 5 -7 -8 9 -10 -11 -12 -13
leaf_value=228.99985724223336 -119.57259757480436 152.28163516202611 -155.43190625304194 -14.498489309507782 -44.576119511977694 42.578272468589944 -72.853014257318137 11.864520669960934 -38.219538904741363 -10.678018310834776 -25.879183891211774 -5.2135232255973794
leaf_weight=51 31 50 31 261 40 33 32 56 30 37 54 130
leaf_count=51 31 50 31 261 40 33 32 56 30 37 54 130
internal_value=1.57508 -13.2276 -24.5059 -20.3033 -55.4789 -5.17314 -113.669 -11.8727 -14.7639 2.89409 -13.1744 -11.4136
internal_weight=836 785 735 704 136 73 63 568 475 93 445 391
internal_count=836 785 735 704 136 73 63 568 475 93 445 391
is_linear=0
shrinkage=0.05


Tree=64
num_leaves=21
num_cat=0
split_feature=4 1 28 2 1 26 1 4 9 8 9 11 14 14 26 27 5 8 20 7
split_gain=8.05905e+08 9.5691e+08 9.48195e+08 5.21656e+08 1.15589e+09 2.63863e+09 1.01954e+09 9.21447e+08 9.3227e+07 5.50064e+07 2.06008e+07 1.82317e+07 1.42194e+07 6.6123e+06 4.99417e+06 3.5035e+06 4.02323e+06 7.48315e+06 3.49927e+06 2.3467e+06
threshold=1002.7500000000001 0.10555555555555557 -0.8520459593969173 1.4000000000000001 0.6000000000000002 6.950000000000002 0.13392857142857142 1013.35 0.15000000000000005 -1.5499999999999998 17.100000000000005 3.5000000000000004 317.00000000000006 135.50000000000003 10.950000000000005 -0.8779519545588893 16.650000000000002 23.750000000000004 6.2647500000000003 26.250000000000004
decision_type=2 2 2 2 2 2 2 2 2 2 2 2 2 2 2 2 2 2 2 2
left_child=1 2 -1 6 5 -5 -2 -7 -3 -8 -10 13 14 -11 15 19 18 -18 -17 -6
right_child=3 8 -4 4 12 7 9 -9 10 11 -12 -13 -14 -15 -16 16 17 -19 -20 -21
leaf_value=58.456815220382055 298.70578771977267 74.750909432839222 449.42800256661667 -516.53849944735407 -8.7949621010249572 112.96601548489933 -68.050103077302353 -223.98776832200215 -0.17201709787810179 6.2108579478987531 -53.151862731249231 35.566882927887278 21.648819693999059 -22.33385855574214 -27.686995393242054 -1.2918941656470091 15.70378420688677 -13.733415922072538 -19.221732245434271 -26.862211548054336
leaf_weight=31 33 38 31 40 45 50 30 34 47 48 30 39 43 35 32 57 56 35 52 30
leaf_count=31 33 38 31 40 45 50 30 34 47 48 30 39 43 35 32 57 56 35 52 30
internal_value=1.49602 96.19 254.351 -23.9485 -51.7376 -182.849 47.2412 -23.5241 10.7735 -7.51357 -20.8557 7.41596 -5.24761 -5.8384 -9.0207 -6.83933 -3.37974 4.37908 -9.8554 -16.0481
internal_weight=836 177 62 659 474 124 185 84 115 152 77 122 350 83 307 275 200 91 109 75
internal_count=836 177 62 659 474 124 185 84 115 152 77 122 350 83 307 275 200 91 109 75
is_linear=0
shrinkage=0.05


Tree=65
num_leaves=15
num_cat=0
split_feature=24 24 0 24 8 8 24 8 24 2 14 0 7 14
split_gain=7.83316e+08 4.84146e+08 4.04718e+08 1.61942e+08 1.1765e+08 1.01408e+08 5.78041e+07 4.94753e+07 7.46189e+06 8.54114e+06 7.75e+06 3.44868e+06 2.50835e+06 1.92413e+06
threshold=29622.222222222223 17600.000000000004 7.5000000000000009 3555.5555555555561 16.550000000000004 21.550000000000004 11824.075000000003 8.1500000000000004 6768.5194444444451 15.747000000000002 204.50000000000003 373.85000000000008 23.550000000000004 205.50000000000003
decision_type=2 2 2 2 2 2 2 2 2 2 2 2 2 2
left_child=1 2 -1 4 7 -6 8 -4 9 10 -5 12 -10 -11
right_child=-2 -3 3 6 5 -7 -8 -9 11 13 -12 -13 -14 -15
leaf_value=148.65962030868323 235.0987701514143 -204.98870279977746 -72.839862281333211 -18.606564254850518 -172.09852423038123 -48.25163514257666 57.001506704839485 10.338035667763753 -5.9389904846372259 -0.33428322788087839 -41.274006594989217 6.1391785105880423 -18.194621226749991 -12.802776076298223
leaf_weight=37 31 34 31 138 37 30 31 42 156 48 52 44 57 87
leaf_count=37 31 34 31 138 37 30 31 42 156 48 52 44 57 87
internal_value=-11.2317 -20.5264 -12.5626 -20.5032 -69.003 -116.799 -9.41716 -25.0353 -12.9641 -17.998 -24.8288 -6.59374 -9.22569 -8.3731
internal_weight=855 824 790 753 140 67 613 73 582 325 190 257 213 135
internal_count=855 824 790 753 140 67 613 73 582 325 190 257 213 135
is_linear=0
shrinkage=0.05


Tree=66
num_leaves=16
num_cat=0
split_feature=24 24 6 20 11 1 1 7 4 24 24 2 24 6 14
split_gain=7.07176e+08 4.37081e+08 2.18921e+08 6.29993e+08 1.54474e+08 3.93251e+08 1.19148e+08 1.68549e+08 8.61836e+07 2.1733e+07 1.11746e+07 9.71277e+06 1.33807e+07 3.88523e+06 1.76766e+06
threshold=29622.222222222223 17600.000000000004 1.8500000000000003 12.364975000000001 1.5000000000000002 0.10555555555555557 0.095454545454545472 24.950000000000003 1020.1500000000002 11402.777777777779 9006.2500000000018 15.747000000000002 6768.5194444444451 2.8500000000000001 205.50000000000003
decision_type=2 2 2 2 2 2 2 2 2 2 2 2 2 2 2
left_child=1 2 3 -1 5 -4 7 -6 10 11 13 12 -8 -7 -13
right_child=-2 -3 4 -5 6 8 9 -9 -10 -11 -12 14 -14 -15 -16
leaf_value=-73.286512349523449 223.38163120478293 -194.76932686500885 -187.29788279630699 242.85508628921252 -6.9413843674372231 -25.157708295866342 -35.301384755822646 141.04980891575323 -100.20644102128242 24.436519159507174 15.885987608773366 4.0020489638531975 -12.755949142907763 -7.7942008622215866 -9.6533097699133616
leaf_weight=33 31 34 44 30 48 56 120 32 30 33 37 36 146 76 69
leaf_count=33 31 34 44 30 48 56 120 32 30 33 37 36 146 76 69
internal_value=-10.671 -19.5024 -11.9355 77.4033 -19.687 -52.2056 -3.35312 52.3572 -22.2568 -14.3951 -8.36852 -17.8548 -22.9363 -15.174 -4.97207
internal_weight=855 824 790 63 727 243 484 80 199 404 169 371 266 132 105
internal_count=855 824 790 63 727 243 484 80 199 404 169 371 266 132 105
is_linear=0
shrinkage=0.05


Tree=67
num_leaves=11
num_cat=0
split_feature=0 24 0 1 5 0 24 24 0 24
split_gain=6.50129e+08 1.92446e+09 1.66134e+08 1.54241e+08 1.0106e+08 7.45445e+07 2.86189e+07 1.06316e+07 5.26004e+06 3.94007e+06
threshold=1.5000000000000002 19642.857142857149 8.5000000000000018 0.06904761904761901 20.050000000000004 469.05000000000001 11610.41666666667 4166.666666666667 52.600000000000009 7319.4444444444453
decision_type=2 2 2 2 2 2 2 2 2 2
left_child=-1 2 -2 4 5 -4 7 -5 -9 -10
right_child=1 -3 3 6 -6 -7 -8 8 9 -11
leaf_value=-201.72420761579573 94.072187611559741 385.50731760497263 -79.286312603091929 -33.309016615651721 -119.18371125252439 24.625501947316518 36.616231535638647 -30.735038919543907 -12.482572794256674 -3.2479477342282643
leaf_weight=42 33 31 36 56 58 33 31 30 326 179
leaf_count=42 33 31 36 56 58 33 31 30 326 179
internal_value=-10.1374 -0.216349 -15.5545 -20.3965 -70.5878 -29.6256 -10.1387 -12.5969 -10.4231 -9.21061
internal_weight=855 813 782 749 127 69 622 591 535 505
internal_count=855 813 782 749 127 69 622 591 535 505
is_linear=0
shrinkage=0.05


Tree=68
num_leaves=13
num_cat=0
split_feature=24 24 0 24 5 7 24 7 0 24 0 26
split_gain=6.28239e+08 4.4224e+08 3.63562e+08 1.30378e+08 1.20565e+08 1.02542e+08 4.50689e+07 4.3276e+07 7.01569e+06 6.03803e+06 4.90006e+06 3.17963e+06
threshold=29622.222222222223 17600.000000000004 7.5000000000000009 3091.1111111111118 20.050000000000004 27.650000000000002 11824.075000000003 18.650000000000002 48.050000000000004 6342.5916666666672 494.85000000000008 5.700000000000002
decision_type=2 2 2 2 2 2 2 2 2 2 2 2
left_child=1 2 -1 4 7 -6 8 -4 -5 11 -11 -10
right_child=-2 -3 3 6 5 -7 -8 -9 9 10 -12 -13
leaf_value=142.46159207326059 210.97301123517883 -194.2522174779271 -53.536892471898852 -34.443612013445794 -177.83381479637416 -49.113646231893561 50.436346438000058 24.816668736823249 -7.6406471947057142 -7.3545893278125751 12.847078195275451 -19.131129845812435
leaf_weight=37 31 34 39 31 31 31 31 32 90 251 34 183
leaf_count=37 31 34 39 31 31 31 31 32 90 251 34 183
internal_value=-9.63019 -17.9542 -10.343 -17.8693 -62.7705 -113.657 -8.2287 -18.2373 -11.3244 -10.034 -4.94089 -15.3473
internal_weight=855 824 790 753 133 62 620 71 589 558 285 273
internal_count=855 824 790 753 133 62 620 71 589 558 285 273
is_linear=0
shrinkage=0.05


Tree=69
num_leaves=11
num_cat=0
split_feature=0 24 0 1 9 0 24 24 0 24
split_gain=6.31122e+08 1.74721e+09 1.35728e+08 1.26984e+08 8.37354e+07 6.04403e+07 2.52105e+07 8.99584e+06 4.24054e+06 3.35671e+06
threshold=1.5000000000000002 19642.857142857149 8.5000000000000018 0.06904761904761901 1.0000000180025095e-35 463.60000000000008 11610.41666666667 4125.0000000000009 52.600000000000009 7319.4444444444453
decision_type=2 2 2 2 2 2 2 2 2 2
left_child=-1 2 -2 4 5 -4 7 -5 -9 -10
right_child=1 -3 3 6 -6 -7 -8 8 9 -11
leaf_value=-197.91471907010839 85.099069886913469 368.15746310807504 -66.361025767899335 -31.003432582237402 -115.93054568881551 23.655094099836887 34.823761968214029 -27.666450789442099 -11.340622843361414 -2.8309123100480975
leaf_weight=42 33 31 49 53 48 30 31 30 329 179
leaf_count=42 33 31 49 53 48 30 31 30 329 179
internal_value=-9.14928 0.625575 -13.9893 -18.3658 -63.9069 -32.1909 -9.05843 -11.3657 -9.42573 -8.34328
internal_weight=855 813 782 749 127 79 622 591 538 508
internal_count=855 813 782 749 127 79 622 591 538 508
is_linear=0
shrinkage=0.05


Tree=70
num_leaves=12
num_cat=0
split_feature=0 1 24 4 24 0 4 24 11 0 3
split_gain=1.67134e+09 5.86481e+09 4.34628e+08 1.05897e+08 6.23324e+07 1.18629e+08 2.24202e+07 3.8796e+07 1.58862e+07 2.58409e+07 1.48361e+07
threshold=2.5000000000000004 0.034523809523809505 17036.111111111113 995.40000000000009 12395.238095238097 36.650000000000006 1001.35 2220.0000000000005 4.5000000000000009 634.85000000000002 39.650000000000006
decision_type=2 2 2 2 2 2 2 2 2 2 2
left_child=1 -1 3 -2 5 -5 7 -7 10 -10 -8
right_child=2 -3 -4 4 -6 6 8 -9 9 -11 -12
leaf_value=759.5601966427015 -105.64890045451226 -219.72898286776527 171.07120568343782 -109.85974965793692 55.281535553263723 -74.716058301001041 -40.983458040193526 -8.676077411753381 -6.4278690031796657 49.208667651204969 -8.8025376267952211
leaf_weight=30 32 31 32 32 32 36 39 58 68 30 428
leaf_count=30 32 31 32 32 32 36 39 58 68 30 428
internal_value=10.4334 262.343 -9.12289 -16.7819 -12.8346 -15.9966 -11.4227 -34.0206 -7.65773 10.6365 -11.4982
internal_weight=848 61 787 755 723 691 659 94 565 98 467
internal_count=848 61 787 755 723 691 659 94 565 98 467
is_linear=0
shrinkage=0.05


Tree=71
num_leaves=13
num_cat=0
split_feature=0 7 24 4 24 0 4 24 0 24 24 3
split_gain=1.5089e+09 6.3575e+09 3.92376e+08 9.56058e+07 5.62718e+07 1.07374e+08 2.20071e+07 3.3209e+07 1.44137e+07 5.14938e+07 1.89377e+07 826428
threshold=2.5000000000000004 20.650000000000002 17036.111111111113 995.40000000000009 12395.238095238097 31.000000000000004 1001.6500000000002 2220.0000000000005 457.00000000000006 3351.8527777777781 5326.3888888888896 78.950000000000017
decision_type=2 2 2 2 2 2 2 2 2 2 2 2
left_child=1 -1 3 -2 5 -5 7 -7 10 -10 -8 -9
right_child=2 -3 -4 4 -6 6 8 11 9 -11 -12 -13
leaf_value=-269.24339863216363 -100.38291064586224 750.31047520284869 162.54428963111567 -107.55652478430359 52.526069745690656 -70.990603449470129 -31.139613370960138 -16.178820319344378 64.007681546258766 -7.2737791588573009 -5.9588642799779521 -4.5257103188093319
leaf_weight=30 32 31 32 30 32 36 103 31 30 160 271 30
leaf_count=30 32 31 32 30 32 36 103 31 30 160 271 30
internal_value=9.91443 249.27 -8.66725 -15.9445 -12.1939 -15.1982 -10.9908 -32.9779 -7.20413 4.00891 -12.9002 -10.4647
internal_weight=848 61 787 755 723 691 661 97 564 190 374 61
internal_count=848 61 787 755 723 691 661 97 564 190 374 61
is_linear=0
shrinkage=0.05


Tree=72
num_leaves=17
num_cat=0
split_feature=24 0 0 24 5 26 0 24 3 24 27 24 0 2 27 14
split_gain=1.38101e+09 7.5602e+09 1.32118e+09 2.03893e+08 1.15607e+08 1.11724e+07 1.57814e+07 1.02986e+07 5.62036e+06 5.61258e+06 5.22393e+06 4.21718e+06 1.61445e+06 1.17764e+06 2.14988e+06 741228
threshold=1.0000000180025095e-35 58.400000000000006 4.8000000000000007 13788.888888888892 20.050000000000004 8.4500000000000028 52.600000000000009 8120.3694444444454 62.70000000000001 4993.0555555555566 -0.7721494341254892 4078.702777777778 477.05000000000001 18.850000000000005 0.14153898451656996 225.50000000000003
decision_type=2 2 2 2 2 2 2 2 2 2 2 2 2 2 2 2
left_child=1 -1 -2 5 -3 7 -7 11 -9 -8 -11 -4 -12 14 -13 -15
right_child=2 4 3 -5 -6 6 9 8 -10 10 12 13 -14 15 -16 -17
leaf_value=855.07672155640057 -305.47184754218955 15.064022813498861 -26.434800234484904 98.697698471499621 -87.0275161027498 -51.879797844104829 -29.646231435485983 -5.0607380255512231 22.851764787750078 -25.927145547941919 -7.901694103984946 -14.599741482273723 5.2786880955743634 2.3833648330230019 -3.8458710546172146 -6.8932776665177871
leaf_weight=30 38 53 31 46 58 31 44 30 45 38 102 93 30 44 93 42
leaf_count=30 38 53 31 46 58 31 44 30 45 38 102 93 30 44 93 42
internal_value=9.42116 152.242 -19.0798 -2.76915 -38.3114 -10.2757 -18.5907 -4.88292 11.6948 -13.7464 -9.6161 -8.98885 -4.90439 -6.99152 -9.22779 -2.14977
internal_weight=848 141 707 669 111 623 245 378 75 214 170 303 132 272 186 86
internal_count=848 141 707 669 111 623 245 378 75 214 170 303 132 272 186 86
is_linear=0
shrinkage=0.05


Tree=73
num_leaves=14
num_cat=0
split_feature=1 0 0 24 25 0 24 17 24 3 14 26 2
split_gain=1.24682e+09 6.82541e+09 1.19926e+09 3.18193e+08 1.04355e+08 7.15669e+07 1.38317e+07 8.4315e+06 6.5864e+06 5.0526e+06 3.72911e+06 1.71508e+06 1.64589e+06
threshold=1.0000000180025095e-35 58.400000000000006 2.5000000000000004 17036.111111111113 20.218175000000006 12.750000000000002 8120.3694444444454 1.0000000180025095e-35 4032.4083333333338 55.70000000000001 286.00000000000006 8.4500000000000028 17.150000000000002
decision_type=2 2 2 2 2 2 2 2 2 2 2 2 2
left_child=1 -1 -2 5 -3 -4 8 9 -7 -8 12 -12 -10
right_child=2 4 3 -5 -6 6 7 -9 10 -11 11 -13 -14
leaf_value=812.46490312240451 -307.40724532051871 14.312239582614934 -82.760858481600209 150.15243690466954 -82.683629561537515 -30.220889693789033 1.8607590320492013 -9.8307359788898125 -9.8849112422442218 24.82724075387895 -12.947230414643375 -28.709782262308948 -2.4438775876265506
leaf_weight=30 34 53 33 32 58 43 43 55 234 54 38 32 109
leaf_count=30 34 53 33 32 58 43 43 55 234 54 38 32 109
internal_value=8.95266 144.658 -18.1283 -3.47037 -36.399 -11.1618 -7.26265 5.79671 -11.6161 14.6587 -9.67217 -20.1837 -7.52168
internal_weight=848 141 707 673 111 641 608 152 456 97 413 70 343
internal_count=848 141 707 673 111 641 608 152 456 97 413 70 343
is_linear=0
shrinkage=0.05


Tree=74
num_leaves=13
num_cat=0
split_feature=0 7 1 9 29 1 0 28 0 27 26 21
split_gain=1.14546e+09 5.6275e+09 8.8331e+07 7.95776e+07 6.15164e+07 5.22513e+07 5.16777e+07 9.94091e+06 7.11989e+06 7.59931e+06 6.08498e+06 4.46844e+06
threshold=2.5000000000000004 20.650000000000002 0.10555555555555557 0.75000000000000011 1.0000000180025095e-35 0.13392857142857142 25.500000000000004 -0.98208922706762081 63.500000000000007 -0.65189295912203338 10.650000000000004 0.64850320604842582
decision_type=2 2 2 2 2 2 2 2 2 2 2 2
left_child=1 -1 3 4 -2 -4 -7 -8 -9 11 -11 -10
right_child=2 -3 5 -5 -6 6 7 8 9 10 -12 -13
leaf_value=-270.74070335210757 25.844413207859311 688.46692773751511 57.218827145311707 -101.2904174636522 -61.210165816233342 -67.772184515157804 25.589637858986507 21.039574784711242 -26.820657134792299 2.5891425560469981 -16.984091249537837 -7.7013034161608962
leaf_weight=30 41 31 37 43 40 30 34 31 42 332 45 112
leaf_count=30 41 31 37 43 40 30 34 31 42 332 45 112
internal_value=8.5076 217.054 -7.68228 -46.3976 -17.1679 -0.435494 -3.85178 -0.623472 -2.2136 -3.57484 0.248917 -12.9297
internal_weight=848 61 787 124 81 663 626 596 562 531 377 154
internal_count=848 61 787 124 81 663 626 596 562 531 377 154
is_linear=0
shrinkage=0.05


Tree=75
num_leaves=18
num_cat=0
split_feature=0 0 1 24 27 21 9 5 24 2 10 0 24 26 3 27 7
split_gain=9.68916e+08 3.71319e+09 1.31241e+08 2.51803e+08 1.0419e+08 7.30262e+07 3.95291e+07 2.76544e+07 9.79474e+06 7.26494e+06 6.96636e+06 4.42913e+06 3.11578e+06 2.55924e+06 2.10341e+06 1.25092e+06 695818
threshold=1.5000000000000002 7.5000000000000009 0.6000000000000002 10788.888888888891 0.85206963063867758 0.60245903330386097 0.15000000000000005 20.450000000000003 6268.5194444444451 15.747000000000002 7.5000000000000009 76.250000000000014 9347.2222222222244 5.9000000000000004 75.950000000000017 -0.76665171983724034 26.650000000000002
decision_type=2 2 2 2 2 2 2 2 2 2 2 2 2 2 2 2 2
left_child=-1 -2 4 8 5 7 -7 -3 9 10 13 -10 14 -4 -13 -11 -17
right_child=1 2 3 -5 -6 6 -8 -9 11 15 -12 12 -14 -15 -16 16 -18
leaf_value=-235.15689551731677 502.1530209852358 9.7339479967712208 -2.1420046974991678 135.53048453431833 33.80509315790367 -68.223988706126889 -138.57747662980978 -54.623065712577421 16.093969542254012 -10.288478641788455 -39.361119484194532 -7.912882494453207 12.518541259464632 -18.903822214498202 3.3367109983184871 6.4315613018515894 -3.92970511906507
leaf_weight=41 37 31 31 33 33 54 32 36 37 41 37 146 30 86 58 30 35
leaf_count=41 37 31 31 33 33 54 32 36 37 41 37 146 30 86 58 30 35
internal_value=1.51123 13.8691 -10.2833 1.73019 -46.6925 -64.0655 -94.5326 -24.8757 -6.60902 -13.54 -20.4708 0.0431211 -2.5006 -14.4683 -4.71438 -3.46088 0.854875
internal_weight=828 787 750 564 186 153 86 67 531 260 154 271 234 117 204 106 65
internal_count=828 787 750 564 186 153 86 67 531 260 154 271 234 117 204 106 65
is_linear=0
shrinkage=0.05


Tree=76
num_leaves=17
num_cat=0
split_feature=0 0 1 27 21 0 20 5 14 6 14 21 0 21 2 3
split_gain=8.74676e+08 3.35209e+09 1.18479e+08 9.40583e+07 6.59234e+07 3.5592e+07 3.13808e+07 2.49655e+07 1.3459e+07 1.21995e+07 6.27337e+06 1.01957e+07 1.59956e+07 7.33263e+06 4.05154e+06 860301
threshold=1.5000000000000002 7.5000000000000009 0.6000000000000002 0.85206963063867758 0.60245903330386097 61.45000000000001 10.423550000000001 20.450000000000003 325.00000000000006 3.3500000000000001 201.50000000000003 0.65135923550861319 189.25000000000003 0.64850320604842582 18.850000000000005 71.700000000000003
decision_type=2 2 2 2 2 2 2 2 2 2 2 2 2 2 2 2
left_child=-1 -2 3 4 7 -4 -6 -3 10 -10 11 12 -7 -12 -13 -15
right_child=1 2 5 -5 6 8 -8 -9 9 -11 13 14 -14 15 -16 -17
leaf_value=-223.42764984650623 477.1130267942691 9.2488158468264849 51.948415194969527 32.119943426310833 -55.64313059328736 43.290915005864498 -116.70109522258417 -51.899477436139648 42.509418938934232 -1.8074177268233715 -26.907747117793715 -10.73690932981777 0.38089353679542204 -9.5331378630497827 8.1859284437619717 -1.2066147053644347
leaf_weight=41 37 31 33 33 38 30 48 36 31 31 55 146 78 57 35 68
leaf_count=41 37 31 33 33 38 30 48 36 31 31 55 146 78 57 35 68
internal_value=1.43652 13.1781 -9.76993 -44.3637 -60.8704 1.64449 -89.818 -23.6353 -1.49092 20.3837 -4.3864 0.178046 12.3294 -11.7109 -7.07527 -5.00813
internal_weight=828 787 750 186 153 564 86 67 531 62 469 289 108 180 181 125
internal_count=828 787 750 186 153 564 86 67 531 62 469 289 108 180 181 125
is_linear=0
shrinkage=0.05


Tree=77
num_leaves=14
num_cat=0
split_feature=6 0 0 1 24 20 6 30 6 24 24 3 3
split_gain=8.5316e+08 1.11139e+09 1.01747e+09 8.14139e+07 1.73146e+08 7.95721e+07 5.74056e+07 4.51308e+07 3.77756e+07 9.21177e+06 5.19349e+06 2.62743e+06 1.36665e+06
threshold=5.9500000000000011 1.5000000000000002 7.5000000000000009 0.6000000000000002 10788.888888888891 4.0532750000000002 2.2500000000000004 -0.56174490092936669 3.0500000000000003 4032.4083333333338 8552.7777777777792 89.450000000000017 58.850000000000001
decision_type=2 2 2 2 2 2 2 2 2 2 2 2 2
left_child=1 -1 -3 5 9 -4 -7 -8 -9 -5 11 -11 -12
right_child=-2 2 3 4 -6 6 7 8 -10 10 12 -13 -14
leaf_value=-266.09327340827616 235.70553425688627 270.91784843377701 26.957456910578067 -28.690357552131601 115.52802353641228 -114.16022378321378 -82.437021865227791 20.470510589176754 -53.012924197793375 -7.6186360002131526 1.8329727051314977 7.5386638762483251 14.937888999134726
leaf_weight=40 37 34 37 41 31 32 37 37 33 357 46 31 35
leaf_count=40 37 34 37 41 31 32 37 37 33 357 46 31 35
internal_value=1.3657 -9.62424 4.0695 -8.6204 0.991333 -38.1494 -55.4869 -37.8495 -14.1978 -5.99197 -4.00198 -6.40597 7.50709
internal_weight=828 791 751 717 541 176 139 107 70 510 469 388 81
internal_count=828 791 751 717 541 176 139 107 70 510 469 388 81
is_linear=0
shrinkage=0.05


Tree=78
num_leaves=15
num_cat=0
split_feature=1 8 5 21 1 20 8 20 14 4 4 3 11 27
split_gain=8.75474e+08 1.67089e+09 1.02507e+09 6.25917e+08 4.97773e+08 1.9216e+09 9.06699e+08 5.80176e+07 1.34023e+07 1.46542e+07 1.04192e+07 5.54042e+06 9.64679e+06 3.61752e+06
threshold=1.0000000180025095e-35 16.550000000000004 22.925000000000001 0.76003450655624583 0.6000000000000002 12.5023 7.7500000000000009 0.76830000000000009 325.00000000000006 999.95000000000016 1001.9500000000002 79.350000000000009 1.5000000000000002 -0.8779519545588893
decision_type=2 2 2 2 2 2 2 2 2 2 2 2 2 2
left_child=1 3 -3 -1 5 6 -2 -6 9 -9 -11 13 -13 -12
right_child=4 2 -4 -5 7 -7 -8 8 -10 10 11 12 -14 -15
leaf_value=-188.90455569440448 -135.40964625746082 463.95133952944298 79.798390692119654 92.259886409160202 -68.201397426755051 -425.44762059616573 213.34280557492613 21.538122063994194 22.906274946600252 -33.731517818426397 -18.011935490264218 27.056590524604776 -4.5364495243647847 -4.3567282759354278
leaf_weight=39 41 38 32 40 33 35 34 55 57 31 62 36 73 222
leaf_count=39 41 38 32 40 33 35 34 55 57 31 62 36 73 222
internal_value=1.29827 111.01 288.703 -46.6061 -22.7896 -120.105 22.765 -3.95864 0.00857402 -2.72041 -5.8715 -3.66585 5.91314 -7.3431
internal_weight=828 149 70 79 679 110 75 569 536 479 424 393 109 284
internal_count=828 149 70 79 679 110 75 569 536 479 424 393 109 284
is_linear=0
shrinkage=0.05


Tree=79
num_leaves=13
num_cat=0
split_feature=4 14 22 24 24 1 28 28 5 1 28 24
split_gain=8.08788e+08 1.39346e+09 3.41483e+08 6.04974e+08 4.0691e+08 2.83554e+08 6.21104e+08 7.73718e+08 2.77718e+08 1.91651e+08 3.69551e+07 8.75005e+06
threshold=997.75000000000011 178.50000000000003 0.93301270189221952 25630.555555555558 14555.555555555557 1.0000000180025095e-35 -0.67758968959607091 -0.073092422389869308 11.15 0.29166666666666669 0.97308229207007257 5212.9638888888894
decision_type=2 2 2 2 2 2 2 2 2 2 2 2
left_child=1 -1 3 4 5 6 -2 -8 -4 -7 11 -11
right_child=2 -3 8 -5 -6 9 7 -9 -10 10 -12 -13
leaf_value=394.02177756748597 -110.24725563418109 -36.137469694223654 -32.255650184526466 201.5120696216035 -191.02341423525303 -118.25459187604859 314.98353059721126 -12.567808799003961 -234.51401061338444 -19.41583825214466 -59.271008638551614 -3.0730232152518764
leaf_weight=34 33 42 39 34 31 46 36 36 30 110 37 320
leaf_count=34 33 42 39 34 31 46 36 36 30 110 37 320
internal_value=1.23361 156.567 -14.4837 -3.76682 -14.5504 -5.66874 69.1533 151.418 -120.406 -20.9937 -11.3901 -7.2573
internal_weight=828 76 752 683 649 618 105 72 69 513 467 430
internal_count=828 76 752 683 649 618 105 72 69 513 467 430
is_linear=0
shrinkage=0.05


Tree=80
num_leaves=15
num_cat=0
split_feature=24 24 1 0 0 8 28 24 0 24 24 6 26 27
split_gain=1.28084e+09 5.57236e+08 3.38822e+08 2.50126e+09 1.06272e+09 1.01579e+08 3.03556e+07 1.01151e+07 1.00064e+07 6.731e+06 3.98416e+06 3.34e+06 2.05707e+06 2.03243e+06
threshold=29622.222222222223 16530.555555555558 1.0000000180025095e-35 81.40000000000002 8.5000000000000018 16.350000000000005 0.1500498401600889 7842.5916666666672 58.400000000000006 4032.4083333333338 10555.555555555557 4.8500000000000005 10.550000000000002 -0.33751039744763167
decision_type=2 2 2 2 2 2 2 2 2 2 2 2 2 2
left_child=1 2 3 -1 -4 6 -5 9 -9 -6 13 12 -11 -10
right_child=-2 -3 4 5 7 -7 -8 8 10 11 -12 -13 -14 -15
leaf_value=469.6550631196792 303.58742619770891 -221.27765862566099 -297.36475426250354 37.35161515434703 -29.134762006189046 -87.341244356480388 -32.031797191074922 28.700609521779413 -5.6889330601194343 -4.8577614631957236 -17.667505953319587 -20.184654502159464 -16.246308375749567 8.3979887672536151
leaf_weight=30 33 31 33 33 43 58 30 33 43 285 31 51 46 63
leaf_count=30 33 31 33 33 43 58 30 33 43 285 31 51 46 63
internal_value=-1.27779 -13.7342 -5.44772 61.7754 -21.6185 -39.656 4.31341 -6.27762 4.02849 -10.4001 -1.93099 -8.28408 -6.4449 2.68346
internal_weight=843 810 779 151 628 121 63 595 170 425 137 382 331 106
internal_count=843 810 779 151 628 121 63 595 170 425 137 382 331 106
is_linear=0
shrinkage=0.05


Tree=81
num_leaves=15
num_cat=0
split_feature=24 24 4 24 28 27 28 24 4 4 24 24 4 3
split_gain=1.15632e+09 5.03081e+08 3.06289e+08 5.59398e+08 1.55017e+08 5.46845e+08 1.52133e+08 1.83109e+08 3.58438e+08 8.19043e+07 2.92985e+07 2.34142e+07 1.40697e+07 4.39487e+06
threshold=29622.222222222223 16530.555555555558 998.6500000000002 1.0000000180025095e-35 -0.69014782361074123 0.46735488928835739 0.96457844552971306 1.0000000180025095e-35 1008.0500000000001 1016.4500000000002 4125.0000000000009 11402.777777777779 1001.9500000000002 76.350000000000009
decision_type=2 2 2 2 2 2 2 2 2 2 2 2 2 2
left_child=1 2 3 -1 5 12 7 8 -6 -8 -9 -12 -4 -14
right_child=-2 -3 4 -5 6 -7 9 10 -10 -11 11 -13 13 -15
leaf_value=230.09593528480218 288.45392217722542 -210.24935202644565 -38.179199296025217 -29.56163306539985 200.09247905235634 -248.05110613234172 -18.624282818537612 -54.910886013086206 -16.635424715875256 -133.60588150440344 -8.0398144476050852 37.885711043221612 -13.121486702472268 11.442125432558536
leaf_weight=37 33 31 31 47 33 31 30 31 45 32 356 30 30 46
leaf_count=37 33 31 31 47 33 31 30 31 45 32 356 30 30 46
internal_value=-1.21322 -13.0486 -5.17512 84.9489 -16.0785 -63.4992 -4.3204 4.93324 75.1959 -78.0893 -8.22428 -4.46157 -9.84919 1.7414
internal_weight=843 810 779 84 695 138 557 495 78 62 417 386 107 76
internal_count=843 810 779 84 695 138 557 495 78 62 417 386 107 76
is_linear=0
shrinkage=0.05


Tree=82
num_leaves=18
num_cat=0
split_feature=24 24 8 0 0 24 5 26 24 26 24 24 21 6 28 24 26
split_gain=1.04391e+09 4.54185e+08 2.70502e+08 3.16678e+09 1.54446e+09 1.22835e+08 7.77595e+07 1.89539e+07 4.39499e+07 7.20458e+07 3.90144e+07 8.14786e+06 5.35025e+06 5.09234e+06 2.13276e+06 1.43514e+06 1.11758e+06
threshold=29622.222222222223 16530.555555555558 17.050000000000004 61.45000000000001 7.5000000000000009 3351.8527777777781 24.175000000000001 10.350000000000003 2788.8888888888891 8.1500000000000039 4784.7222222222235 9675.9250000000011 0.66080292876644342 5.2500000000000009 0.48250774176121808 6312.5000000000009 5.1500000000000021
decision_type=2 2 2 2 2 2 2 2 2 2 2 2 2 2 2 2 2
left_child=1 2 4 -4 -1 6 -5 8 9 -6 -9 13 -7 -10 -12 16 -14
right_child=-2 -3 3 5 7 12 -8 10 11 -11 14 -13 15 -15 -16 -17 -18
leaf_value=-373.90119580240344 274.07479568896332 -199.77068607048204 518.95842553198941 -143.53707154232799 6.8261639262354654 -17.051707174565038 -29.665064973926231 62.441047906717188 -3.1863592613595944 -101.75845535989743 -16.164397338537679 16.150347670836926 6.2316710424581636 -25.011046354794424 1.9820811801486546 10.52563999137403 -5.448376812466222
leaf_weight=30 33 31 30 30 30 57 30 30 239 31 30 51 30 30 35 32 64
leaf_count=30 33 31 30 30 30 57 30 30 239 31 30 51 30 30 35 32 64
internal_value=-1.15258 -12.398 -4.91688 35.1879 -26.5571 -24.7258 -86.7452 -4.59174 -9.57394 -48.4323 15.3785 -2.15373 -4.35523 -5.62875 -6.4051 1.39735 -1.71799
internal_weight=843 810 779 273 506 243 60 476 381 61 95 320 183 269 65 126 94
internal_count=843 810 779 273 506 243 60 476 381 61 95 320 183 269 65 126 94
is_linear=0
shrinkage=0.05


Tree=83
num_leaves=17
num_cat=0
split_feature=24 24 1 0 0 4 30 24 0 4 0 3 24 9 24 26
split_gain=9.42427e+08 4.10042e+08 2.82845e+08 2.20775e+09 9.04418e+08 1.03447e+08 6.39852e+07 6.95754e+06 5.97022e+06 4.38694e+06 5.93502e+06 4.02924e+06 2.54345e+06 2.27006e+06 2.25118e+06 2.18639e+06
threshold=29622.222222222223 16530.555555555558 1.0000000180025095e-35 81.40000000000002 8.5000000000000018 1000.7500000000001 -0.56174490092936669 5006.9444444444453 494.85000000000008 1002.0500000000001 58.400000000000006 74.850000000000009 6312.5000000000009 1.7500000000000002 4347.2222222222235 5.9000000000000004
decision_type=2 2 2 2 2 2 2 2 2 2 2 2 2 2 2 2
left_child=1 2 3 -1 -4 -5 -7 11 9 13 -11 14 -10 -9 -6 -13
right_child=-2 -3 4 5 7 6 -8 8 12 10 -12 15 -14 -15 -16 -17
leaf_value=439.95042339337624 260.41246374769872 -189.81426330762659 -273.8275991572354 -106.75428331980868 -33.51466535012888 -65.457940919692334 25.795218159160147 -6.8565089938648516 2.5584260295826384 16.659221516579304 -5.1737757799279604 3.1480059265694349 19.944580394711313 -25.618597119486232 -14.680577018099966 -14.995980560811702
leaf_weight=30 33 31 33 38 33 30 53 30 55 35 275 30 34 35 31 37
leaf_count=30 33 31 33 38 33 30 53 30 55 35 275 30 34 35 31 37
internal_value=-1.09506 -11.7799 -4.67163 56.7479 -19.4464 -38.5458 -7.22687 -5.29421 -2.4199 -5.18306 -2.70417 -15.4653 9.21531 -16.9831 -24.4291 -6.87915
internal_weight=843 810 779 151 628 121 83 595 464 375 310 131 89 65 64 67
internal_count=843 810 779 151 628 121 83 595 464 375 310 131 89 65 64 67
is_linear=0
shrinkage=0.05


Tree=84
num_leaves=21
num_cat=0
split_feature=2 8 1 20 21 26 7 4 6 1 28 6 4 28 20 29 26 6 4 2
split_gain=6.22925e+08 4.63872e+08 6.49028e+08 1.03196e+09 1.20594e+09 8.66835e+08 3.43976e+08 3.65035e+08 3.32083e+08 5.97143e+08 4.22036e+08 1.03131e+08 2.42692e+08 7.42422e+07 2.68445e+07 2.05778e+07 1.67457e+07 1.19731e+07 1.02267e+07 2.14327e+06
threshold=16.450000000000003 10.15 0.15476190476190474 14.336300000000001 0.73682375242461673 5.950000000000002 26.750000000000004 1007.85 4.6500000000000012 0.074175824175824162 0.98367285631203072 3.4500000000000006 1014.6500000000002 -0.93533330245768853 14.626000000000001 1.0000000180025095e-35 8.7500000000000018 2.6500000000000008 1017.9500000000002 25.100000000000005
decision_type=2 2 2 2 2 2 2 2 2 2 2 2 2 2 2 2 2 2 2 2
left_child=1 8 3 4 -3 -5 7 -2 9 -1 11 16 -13 -4 15 -15 -11 -16 -18 -8
right_child=6 2 13 5 -6 -7 19 -9 -10 10 -12 12 -14 14 17 -17 18 -19 -20 -21
leaf_value=-197.90428084565733 -38.696964991753489 516.86662192268011 76.452692986147966 207.54737376596441 82.63184014173433 -158.15379821255675 -10.438597953250165 -229.97132519840557 89.124112434516292 14.941300681280712 157.68104850331102 2.804542858580239 -190.81671104304417 -12.760933782993503 -48.897099739328375 36.695190811273243 -34.400023758622574 -8.9042040455044127 -0.60196502174746946 6.791810034755061
leaf_weight=50 45 31 31 30 33 35 45 56 59 44 33 35 30 43 39 41 62 36 35 30
leaf_count=50 45 31 31 30 33 35 45 56 59 44 33 35 30 43 39 41 62 36 35 30
internal_value=-1.04012 21.0404 64.5822 151.089 293.443 10.6908 -84.6847 -144.873 -18.88 -40.9525 -8.04833 -34.6609 -86.7149 5.79972 -8.01475 11.3932 -10.6198 -29.738 -22.2181 -3.5465
internal_weight=843 667 319 129 64 65 176 101 348 289 239 206 65 190 159 84 141 75 97 75
internal_count=843 667 319 129 64 65 176 101 348 289 239 206 65 190 159 84 141 75 97 75
is_linear=0
shrinkage=0.05


Tree=85
num_leaves=19
num_cat=0
split_feature=4 2 21 3 24 4 6 24 24 14 27 24 24 24 14 2 24 24
split_gain=4.0854e+08 3.80558e+08 3.76325e+08 3.3411e+08 1.05062e+09 2.40697e+08 2.24919e+08 6.35866e+08 2.60063e+08 1.71038e+08 1.08441e+08 1.46663e+08 1.04984e+08 6.8047e+07 5.4057e+06 3.80682e+06 5.97711e+06 2.64139e+06
threshold=1002.7500000000001 16.650000000000002 0.6240183709606022 77.700000000000003 8552.7777777777792 1004.6500000000002 2.9500000000000006 10625.000000000002 10788.888888888891 197.50000000000003 0.95992380042979863 3791.6666666666674 3953.702777777778 4125.0000000000009 333.00000000000006 15.747000000000002 6620.3694444444454 5326.3888888888896
decision_type=2 2 2 2 2 2 2 2 2 2 2 2 2 2 2 2 2 2
left_child=1 2 9 5 13 -2 7 12 10 -1 11 -8 -7 -5 -13 16 -14 -15
right_child=3 -3 -4 4 -6 6 8 -9 -10 -11 -12 14 15 17 -16 -17 -18 -19
leaf_value=119.09821190846897 -123.36451869435066 -75.987422421727217 211.75058336631193 -88.263569860996995 -349.88156719524596 96.908182908371828 113.15167364076126 255.13507917594293 -145.926997817623 -25.152563287896346 -90.086450358799539 -3.0575072607805911 -24.310692732295418 -12.178594364434693 -26.778974958274052 8.0409595942553889 -0.94399378344158691 4.2108228767583817
leaf_weight=37 37 37 51 30 30 30 30 31 37 46 30 119 43 42 30 42 75 59
leaf_count=37 37 37 51 30 30 30 30 31 37 46 30 119 43 42 30 42 75 59
internal_value=-3.09399 65.8114 104.992 -20.8198 -83.5011 -0.783935 8.95234 45.5517 -23.9327 39.2179 -2.27613 12.4827 11.2402 -22.2776 -7.84843 -4.87296 -9.47239 -2.60983
internal_weight=836 171 134 665 161 504 467 221 246 83 209 179 190 131 149 160 118 101
internal_count=836 171 134 665 161 504 467 221 246 83 209 179 190 131 149 160 118 101
is_linear=0
shrinkage=0.05


Tree=86
num_leaves=16
num_cat=0
split_feature=0 0 1 24 4 0 25 2 24 4 22 10 27 26 25
split_gain=1.30036e+09 2.36595e+09 1.0958e+08 1.63078e+08 1.24685e+08 9.65226e+07 4.46799e+07 7.65597e+06 1.04922e+07 7.45812e+06 4.92994e+06 3.55268e+06 2.2336e+06 442645 439983
threshold=1.5000000000000002 7.5000000000000009 0.29166666666666669 10788.888888888891 1006.4500000000002 362.40000000000003 23.640885000000001 15.747000000000002 4731.4805555555567 1000.5000000000001 0.68301270189221941 6.5000000000000009 0.23448921811828119 5.0499999999999998 22.494492500000003
decision_type=2 2 2 2 2 2 2 2 2 2 2 2 2 2 2
left_child=-1 -2 4 7 6 -6 -3 8 10 -10 -4 -9 -11 -13 -15
right_child=1 2 3 -5 5 -7 -8 11 9 12 -12 13 -14 14 -16
leaf_value=-277.18354263491295 418.68917127145005 -110.5656411352694 -38.691815416834508 111.15264613160194 -37.72524128154113 73.976280035608241 -38.785344055682998 20.81707927894033 -24.051487267361541 -5.2315309540873169 -10.657703070783139 7.2636965520792494 3.3521530591452362 4.4809626296616658 -2.9630026670269958
leaf_weight=41 34 55 33 33 54 30 36 34 38 140 30 33 165 36 44
leaf_count=41 34 55 33 33 54 30 36 34 38 140 30 33 165 36 44
internal_value=-2.94024 11.2362 -7.02061 3.34956 -41.728 2.20863 -82.2428 -3.10246 -6.64212 -3.19399 -25.3804 6.67158 -0.588306 2.40073 0.388132
internal_weight=836 795 761 586 175 84 91 553 406 343 63 147 305 113 80
internal_count=836 795 761 586 175 84 91 553 406 343 63 147 305 113 80
is_linear=0
shrinkage=0.05


Tree=87
num_leaves=16
num_cat=0
split_feature=0 0 1 24 4 27 21 2 24 4 22 10 27 7 6
split_gain=1.17388e+09 2.13592e+09 9.89136e+07 1.47225e+08 1.14159e+08 7.26527e+07 3.30192e+07 6.91163e+06 9.53401e+06 6.90383e+06 4.74863e+06 3.20726e+06 2.14218e+06 681717 607167
threshold=1.5000000000000002 7.5000000000000009 0.29166666666666669 10788.888888888891 1002.0500000000001 0.82876241254485883 0.7018276515151517 15.747000000000002 4810.186111111112 1000.5000000000001 0.68301270189221941 6.5000000000000009 0.23448921811828119 25.550000000000004 2.9500000000000006
decision_type=2 2 2 2 2 2 2 2 2 2 2 2 2 2 2
left_child=-1 -2 4 7 -3 6 -6 8 10 -10 -4 -9 -11 -13 -15
right_child=1 2 3 -5 5 -7 -8 11 9 12 -12 13 -14 14 -16
leaf_value=-263.35808833138498 397.81610703454339 -97.683228182416869 -36.084427573266531 105.61180372670339 -3.8004920492366874 55.526237067035666 -65.030160396169364 19.779277902754171 -22.852069389663658 -4.7805113666954018 -10.017441065426905 7.0477851255505675 3.7143007947767703 -5.0711424950226709 4.4300955655170835
leaf_weight=41 34 57 35 33 44 30 44 34 38 139 35 45 159 38 30
leaf_count=41 34 57 35 33 44 30 44 34 38 139 35 45 159 38 30
internal_value=-2.79266 10.6767 -6.6699 3.18264 -39.6448 -11.5503 -34.4544 -2.94775 -6.31094 -2.81073 -23.0839 6.33901 -0.248302 2.28108 -0.878996
internal_weight=836 795 761 586 175 118 88 553 406 336 70 147 298 113 68
internal_count=836 795 761 586 175 118 88 553 406 336 70 147 298 113 68
is_linear=0
shrinkage=0.05


Tree=88
num_leaves=16
num_cat=0
split_feature=0 0 1 24 4 0 7 2 24 4 22 13 24 7 4
split_gain=1.05971e+09 1.92826e+09 8.92858e+07 1.32912e+08 1.04585e+08 8.54875e+07 7.47244e+07 6.23957e+06 8.60707e+06 6.23244e+06 4.28692e+06 2.89547e+06 1.94903e+06 642226 379318
threshold=1.5000000000000002 7.5000000000000009 0.29166666666666669 10788.888888888891 1006.4500000000002 362.40000000000003 27.050000000000004 15.747000000000002 4810.186111111112 1000.5000000000001 0.68301270189221941 2.5000000000000004 8552.7777777777792 26.750000000000004 1016.4500000000002
decision_type=2 2 2 2 2 2 2 2 2 2 2 2 2 2 2
left_child=-1 -2 4 7 6 -6 -3 8 10 -10 -4 -9 -11 14 -13
right_child=1 2 3 -5 5 -7 -8 11 9 12 -12 13 -14 -15 -16
leaf_value=-250.22220372852036 377.98363428647218 -110.54248893486199 -34.285346417549327 100.34716836981181 -35.009204313098394 70.113396924041041 -17.386062359062695 18.793214214022907 -21.712464812421427 -2.7693114769341847 -9.5179961962577622 9.3604705168822093 6.2138117884342234 -1.9868383768253364 1.5341961817883969
leaf_weight=41 34 56 35 33 54 30 35 34 38 214 35 32 84 51 30
leaf_count=41 34 56 35 33 54 30 35 34 38 214 35 32 84 51 30
internal_value=-2.65252 10.1451 -6.33673 3.02404 -37.6658 2.57325 -74.7716 -2.80076 -5.99626 -2.67055 -21.933 6.02295 -0.235904 2.16731 5.58221
internal_weight=836 795 761 586 175 84 91 553 406 336 70 147 298 113 62
internal_count=836 795 761 586 175 84 91 553 406 336 70 147 298 113 62
is_linear=0
shrinkage=0.05


Tree=89
num_leaves=17
num_cat=0
split_feature=0 0 1 20 6 6 2 0 27 21 27 5 26 6 0 6
split_gain=9.56639e+08 1.74078e+09 8.05938e+07 1.0657e+08 7.67097e+07 1.00296e+08 1.60327e+07 1.58084e+07 6.58291e+06 1.02985e+07 8.43468e+06 5.63772e+06 3.25721e+06 3.33682e+06 2.32508e+06 2.03507e+06
threshold=1.5000000000000002 7.5000000000000009 0.29166666666666669 4.0532750000000002 3.9500000000000006 2.2500000000000004 11.450000000000001 63.500000000000007 -0.183996647784403 0.64850320604842582 0.14153898451656996 18.225000000000005 8.9500000000000046 2.6500000000000008 117.60000000000001 5.0500000000000007
decision_type=2 2 2 2 2 2 2 2 2 2 2 2 2 2 2 2
left_child=-1 -2 3 -3 5 -5 -7 -4 9 14 -10 15 13 -11 -9 -12
right_child=1 2 7 4 -6 6 -8 8 10 12 11 -13 -14 -15 -16 -17
leaf_value=-237.74155172454758 359.13986770764126 45.053050393280309 35.911975823399608 -108.03383675428316 -124.01555894563435 21.597996482960991 -24.057110981497907 -8.5804635019397413 23.856037986166285 16.175911284172852 0.29026582671756967 16.232704809897491 -10.041752555194773 -0.63478857976222336 -26.094017925189235 -13.294100374469583
leaf_weight=41 34 33 34 33 31 34 44 30 53 49 165 54 42 74 52 33
leaf_count=41 34 33 34 33 31 34 44 30 53 49 165 54 42 74 52 33
internal_value=-2.51929 9.64004 -6.02007 -35.7851 -54.59 -35.1066 -4.15393 2.8734 0.832267 -5.23407 5.74513 1.92811 1.96506 6.06982 -19.7049 -1.97934
internal_weight=836 795 761 175 142 111 78 586 552 247 305 252 165 123 82 198
internal_count=836 795 761 175 142 111 78 586 552 247 305 252 165 123 82 198
is_linear=0
shrinkage=0.05


Tree=90
num_leaves=15
num_cat=0
split_feature=0 26 3 0 1 24 21 14 21 24 4 27 14 25
split_gain=1.1578e+09 8.56986e+07 1.40028e+08 2.99334e+08 1.64284e+08 2.73329e+08 1.76903e+08 1.14773e+08 5.6997e+07 6.69005e+06 2.79023e+06 2.16635e+06 1.31898e+06 1.21902e+06
threshold=1.5000000000000002 2.7000000000000002 86.550000000000011 274.10000000000008 0.29166666666666669 11610.41666666667 0.86728975703478384 132.50000000000003 0.65135923550861319 4490.7416666666677 1002.85 0.30901413279605805 189.50000000000003 23.524545000000007
decision_type=2 2 2 2 2 2 2 2 2 2 2 2 2 2
left_child=-1 -2 4 -4 6 9 7 -3 -9 12 13 -12 -6 -11
right_child=1 2 3 -5 5 -7 -8 8 -10 10 11 -13 -14 -15
leaf_value=-284.2877929063099 -82.041238516348386 36.499329481639592 184.81625856418546 -17.953677827417206 -12.303969393081443 151.0941583475005 -146.55540146715057 -24.680190193343783 -107.19135238113824 -17.893069603436153 -3.3597620960734598 4.5790780817458545 -27.193835688429417 -4.5918725445739232
leaf_weight=39 35 49 30 46 30 30 38 50 36 34 215 143 30 35
leaf_count=39 35 49 30 46 30 30 38 50 36 34 215 143 30 35
internal_value=-18.6138 -5.64448 -2.14351 62.2247 -9.24134 4.87388 -51.4023 -24.5297 -59.3042 -4.16269 -1.96383 -0.188254 -19.7818 -11.1626
internal_weight=840 801 766 76 690 517 173 135 86 487 427 358 60 69
internal_count=840 801 766 76 690 517 173 135 86 487 427 358 60 69
is_linear=0
shrinkage=0.05


Tree=91
num_leaves=15
num_cat=0
split_feature=0 9 3 5 1 24 21 14 21 24 4 0 24 14
split_gain=1.0452e+09 8.16878e+07 9.97631e+07 2.41773e+08 1.38878e+08 2.46587e+08 1.65946e+08 9.58302e+07 5.97063e+07 5.92979e+06 2.2985e+06 2.35736e+06 1.56096e+06 1.28843e+06
threshold=1.5000000000000002 39.45000000000001 86.550000000000011 22.150000000000002 0.29166666666666669 11610.41666666667 0.86728975703478384 132.50000000000003 0.65135923550861319 4490.7416666666677 1011.0500000000001 477.05000000000001 7953.7027777777785 189.50000000000003
decision_type=2 2 2 2 2 2 2 2 2 2 2 2 2 2
left_child=-1 2 4 -4 6 9 7 -2 -9 13 11 -11 -12 -6
right_child=1 -3 3 -5 5 -7 -8 8 -10 10 12 -13 -14 -15
leaf_value=-270.109775365649 34.678079374356088 -84.808468968001989 -19.287609540895716 159.63976032158951 -11.250311531667924 143.56455046694936 -139.24686695008765 -17.062428109660413 -101.84663170051046 -8.3338143445310759 -0.78894318748011882 4.576370771232571 8.7195803068414346 -25.838660920418775
leaf_weight=39 49 31 48 31 31 30 38 49 36 164 160 45 59 30
leaf_count=39 49 31 48 31 31 30 38 49 36 164 160 45 59 30
internal_value=-17.6852 -5.36268 -2.1536 51.0374 -8.24129 4.66478 -47.1647 -20.9674 -53.0486 -3.88428 -1.8037 -5.55323 1.7755 -18.4555
internal_weight=840 801 770 79 691 519 172 134 85 489 428 209 219 61
internal_count=840 801 770 79 691 519 172 134 85 489 428 209 219 61
is_linear=0
shrinkage=0.05


Tree=92
num_leaves=16
num_cat=0
split_feature=0 26 3 0 1 24 24 6 21 5 24 0 24 5 14
split_gain=9.43546e+08 7.73263e+07 1.19258e+08 2.70485e+08 1.34561e+08 2.226e+08 1.4476e+08 1.40909e+08 8.2169e+07 2.46037e+07 5.50646e+06 2.06764e+06 1.91515e+06 1.82341e+06 1.07149e+06
threshold=1.5000000000000002 2.7000000000000002 86.550000000000011 274.10000000000008 0.29166666666666669 11610.41666666667 5562.5000000000009 2.7500000000000004 0.75516150516150526 20.050000000000004 4490.7416666666677 373.85000000000008 5087.9638888888894 13.15 189.50000000000003
decision_type=2 2 2 2 2 2 2 2 2 2 2 2 2 2 2
left_child=-1 -2 4 -4 6 10 8 -8 9 -3 14 13 -13 -12 -6
right_child=1 2 3 -5 5 -7 7 -9 -10 -11 11 12 -14 -15 -16
leaf_value=-256.63881998281653 -77.663974208234038 -15.117145802424503 174.16859621764021 -18.580235859990896 -11.130167670265781 136.41017158863156 -182.29898302869398 -34.901710250720257 45.82785518199131 -75.302435737218033 0.41432077378456444 -7.5316576099107628 6.1168569872319232 -7.7486304598136346 -24.5510201412974
leaf_weight=39 35 35 30 46 30 30 31 34 40 33 120 33 115 159 30
leaf_count=39 35 35 30 46 30 30 31 34 40 33 120 33 115 159 30
internal_value=-16.8029 -5.0949 -1.76937 57.6337 -8.31972 4.45492 -46.4765 -105.371 -10.966 -44.3925 -3.70007 -1.7052 3.07054 -4.23878 -17.8704
internal_weight=840 801 766 76 690 517 173 65 108 68 487 427 148 279 60
internal_count=840 801 766 76 690 517 173 65 108 68 487 427 148 279 60
is_linear=0
shrinkage=0.05


Tree=93
num_leaves=12
num_cat=0
split_feature=0 9 9 0 0 4 24 4 14 22 24
split_gain=8.5178e+08 7.57708e+07 8.85321e+07 3.14757e+08 1.39201e+08 6.15013e+07 5.88614e+07 1.40489e+07 1.45344e+07 1.31385e+07 1.19724e+07
threshold=1.5000000000000002 39.45000000000001 1.7500000000000002 102.05000000000003 8.5000000000000018 997.75000000000011 12395.238095238097 1002.2500000000001 230.50000000000003 0.93301270189221952 3652.7777777777778
decision_type=2 2 2 2 2 2 2 2 2 2 2
left_child=-1 2 4 -4 -2 -6 9 -5 -9 10 -7
right_child=1 -3 3 7 5 6 -8 8 -10 -11 -12
leaf_value=-243.83968480883351 -108.38456908265167 -81.355118465423587 177.2076583588242 -27.04009897157804 -74.051236146945897 -25.201399039016515 62.973690892104884 26.911635609847476 -15.597855158205386 19.233987362324143 -3.8611744655002762
leaf_weight=39 34 31 30 41 30 79 34 47 35 51 389
leaf_count=39 34 31 30 41 30 79 34 47 35 51 389
internal_value=-15.9648 -4.84073 -1.75011 32.2838 -10.1935 -4.44949 -0.660909 -3.17867 8.77038 -4.84099 -7.4681
internal_weight=840 801 770 153 617 583 553 123 82 519 468
internal_count=840 801 770 153 617 583 553 123 82 519 468
is_linear=0
shrinkage=0.05


Tree=94
num_leaves=13
num_cat=0
split_feature=0 9 4 0 0 24 24 24 24 8 20 24
split_gain=7.68941e+08 6.84072e+07 8.05637e+07 7.18523e+08 3.86845e+08 8.1443e+07 3.96964e+07 1.56314e+07 1.10858e+07 8.92418e+06 5.72013e+07 1.89308e+07
threshold=1.5000000000000002 39.45000000000001 1002.7500000000001 79.100000000000009 8.5000000000000018 2220.0000000000005 13377.777777777779 10625.000000000002 7201.3888888888896 0.55000000000000016 4.017500000000001 5902.7777777777783
decision_type=2 2 2 2 2 2 2 2 2 2 2 2
left_child=-1 2 3 -2 -4 -5 7 9 -7 11 -11 -6
right_child=1 -3 4 5 6 8 -8 -9 -10 10 -12 -13
leaf_value=-231.67888339693891 249.7274488632861 -77.300442966080936 -181.53344590165605 -79.31686441394325 -48.252903178522359 -7.827448236157081 55.349833691872632 -38.045026911646609 30.567363148749468 55.372342014961504 -4.6817507785639059 0.47477811697977651
leaf_weight=39 30 31 31 42 30 50 30 31 30 44 393 59
leaf_count=39 30 31 31 42 30 50 30 31 30 44 393 59
internal_value=-15.1683 -4.599 -1.6624 30.9367 -9.68401 -23.0247 -0.579108 -3.60084 6.59073 -1.56401 1.37616 -15.9859
internal_weight=840 801 770 152 618 122 587 557 80 526 437 89
internal_count=840 801 770 152 618 122 587 557 80 526 437 89
is_linear=0
shrinkage=0.05


Tree=95
num_leaves=15
num_cat=0
split_feature=24 28 0 1 24 9 21 14 26 24 2 4 7 26
split_gain=8.43313e+08 3.52311e+08 1.09611e+09 9.63255e+07 1.20529e+08 5.7983e+07 4.38949e+07 3.92951e+07 3.17703e+07 4.77589e+06 4.73194e+06 4.70715e+06 2.0712e+06 1.72812e+06
threshold=36098.147222222229 -0.99049576193482802 6.5000000000000009 0.6000000000000002 10788.888888888891 0.75000000000000011 0.66080292876644342 128.50000000000003 8.3500000000000032 8493.0555555555566 15.747000000000002 1003.0500000000001 25.550000000000004 8.7500000000000018
decision_type=2 2 2 2 2 2 2 2 2 2 2 2 2 2
left_child=1 -1 -3 5 9 6 8 -8 -4 10 11 -5 -12 -11
right_child=-2 2 3 4 -6 -7 7 -9 -10 13 12 -13 -14 -15
leaf_value=131.26664556424404 253.82481336194985 -284.16951367977174 42.711770293160271 -19.674570414230828 100.21015568086189 -83.745410311634814 -90.701596178327293 -14.612017432015264 -27.775922512928915 16.344579282621059 11.278896906489045 -3.7183764881971983 -0.94582503105370752 2.488709836365643
leaf_weight=41 31 37 34 57 31 49 30 39 30 45 61 243 80 45
leaf_count=41 31 37 34 57 31 49 30 39 30 45 61 243 80 45
internal_value=-1.75204 -11.4203 -18.9268 -5.6995 4.54001 -37.3034 -20.143 -47.7779 9.6788 -1.06306 -3.20558 -6.75562 4.34709 9.42715
internal_weight=853 822 781 744 562 182 133 69 64 531 441 300 141 90
internal_count=853 822 781 744 562 182 133 69 64 531 441 300 141 90
is_linear=0
shrinkage=0.05


Tree=96
num_leaves=15
num_cat=0
split_feature=24 20 0 1 24 4 28 4 4 24 4 21 27 3
split_gain=7.61345e+08 4.67127e+08 1.06634e+09 1.10519e+08 1.06598e+08 7.73317e+07 4.53262e+07 3.44996e+07 6.06579e+07 4.54618e+06 3.60251e+06 3.29224e+06 2.9909e+06 1.96515e+06
threshold=36098.147222222229 22.024850000000004 6.5000000000000009 0.6000000000000002 10788.888888888891 998.95000000000016 -0.60505606964884906 1008.1500000000002 1014.85 8493.0555555555566 1002.85 0.6658333333333335 0.24284747324344283 62.70000000000001
decision_type=2 2 2 2 2 2 2 2 2 2 2 2 2 2
left_child=1 2 -1 5 9 -4 -7 -8 -9 10 11 -5 -12 -11
right_child=-2 -3 3 4 -6 6 7 8 -10 13 12 -13 -14 -15
leaf_value=-278.17038529363521 241.17439074746281 140.34196746017233 -114.00081341512178 -22.108236895018425 92.617076348515695 20.998718409901215 -77.277882116189403 19.928938514157721 -73.997033918458371 3.4660658804767106 -5.8052006718419804 -0.63525561462605118 3.3207706951139202 18.893341721626829
leaf_weight=38 31 48 30 44 32 38 43 40 30 58 182 30 177 32
leaf_count=38 31 48 30 44 32 38 43 40 30 58 182 30 177 32
internal_value=-1.66425 -10.8506 -20.2438 -6.89099 4.17537 -40.8073 -26.1997 -42.0764 -20.3731 -1.25263 -3.37825 -13.4156 -1.30608 8.96626
internal_weight=853 822 774 736 555 181 151 113 70 523 433 74 359 90
internal_count=853 822 774 736 555 181 151 113 70 523 433 74 359 90
is_linear=0
shrinkage=0.05


Tree=97
num_leaves=10
num_cat=0
split_feature=24 3 0 24 4 0 24 21 24
split_gain=6.87346e+08 3.14381e+08 5.81467e+08 6.48796e+07 5.26915e+07 1.45783e+07 3.17138e+07 2.70751e+07 1.0174e+07
threshold=36098.147222222229 93.850000000000009 6.5000000000000009 12395.238095238097 996.1500000000002 982.40000000000009 2788.8888888888891 0.6240183709606022 10319.444444444447
decision_type=2 2 2 2 2 2 2 2 2
left_child=1 2 -1 4 -4 6 7 -6 -8
right_child=-2 -3 3 -5 5 -7 8 -9 -10
leaf_value=-209.78296931593246 229.15444952176696 143.08278657253658 -73.750060705975201 44.712301378709114 -6.7787444368781955 19.966147554888806 -3.4673903644338773 -59.396543574116848 -33.412186320675566
leaf_weight=37 31 32 32 56 44 43 493 55 30
leaf_count=37 31 32 32 56 44 43 493 55 30
internal_value=-1.58122 -10.3098 -16.5404 -7.01853 -11.1806 -8.15913 -10.1064 -36.0413 -5.19113
internal_weight=853 822 790 753 697 665 622 99 523
internal_count=853 822 790 753 697 665 622 99 523
is_linear=0
shrinkage=0.05


Tree=98
num_leaves=16
num_cat=0
split_feature=2 0 0 24 0 4 24 14 0 24 26 4 2 14 4
split_gain=6.74634e+08 2.93495e+09 1.33928e+09 1.94256e+08 2.55315e+08 5.27385e+07 3.72472e+07 1.7849e+07 1.4075e+07 2.70791e+07 2.35882e+07 9.49659e+06 6.91895e+06 3.80997e+06 1.28741e+06
threshold=1.4000000000000001 8.5000000000000018 1.5000000000000002 13377.777777777779 36.650000000000006 997.75000000000011 9745.3694444444463 268.50000000000006 982.40000000000009 3091.1111111111118 7.9500000000000011 1002.0500000000001 15.747000000000002 112.50000000000001 1013.5500000000001
decision_type=2 2 2 2 2 2 2 2 2 2 2 2 2 2 2
left_child=1 -1 -2 4 -4 -6 7 11 9 10 -7 -3 -11 14 -13
right_child=2 6 3 -5 5 8 -8 -9 -10 12 -12 13 -14 -15 -16
leaf_value=506.40729145614762 -329.53617746728099 -18.979533277498003 -161.08730935638528 90.7227565986651 -70.242835618695651 -10.417107533729315 51.687904781518981 -35.240462355551649 23.767072141544094 -9.0766702633741279 -70.294250424498543 -4.6230217161208298 5.2124439370001019 23.572997214861005 9.7723694582714202
leaf_weight=33 35 42 30 43 35 35 30 46 35 230 31 32 134 32 30
leaf_count=33 35 42 30 43 35 35 30 46 35 230 31 32 134 32 30
internal_value=-1.50186 68.53 -29.7286 -11.3614 -19.6593 -11.1431 0.163224 -8.35355 -6.68054 -9.1638 -38.6051 0.759729 -3.81639 9.59025 2.34693
internal_weight=853 245 608 573 530 500 212 182 465 430 66 136 364 94 62
internal_count=853 245 608 573 530 500 212 182 465 430 66 136 364 94 62
is_linear=0
shrinkage=0.05


Tree=99
num_leaves=12
num_cat=0
split_feature=6 0 24 0 1 21 26 25 0 24 5
split_gain=6.34009e+08 4.32251e+08 1.02419e+09 1.27484e+08 4.98707e+07 4.19739e+07 3.11046e+07 1.06239e+07 7.14139e+06 1.57546e+07 3.82266e+06
threshold=6.3500000000000005 1.5000000000000002 21726.852777777782 8.5000000000000018 0.06904761904761901 0.66080292876644342 7.0000000000000018 18.136780000000005 29.650000000000002 10625.000000000002 24.625000000000004
decision_type=2 2 2 2 2 2 2 2 2 2 2
left_child=1 -1 3 -3 5 6 -5 -7 -6 10 -10
right_child=-2 2 -4 4 8 7 -8 -9 9 -11 -12
leaf_value=-160.16092193671182 223.96368611991602 -105.6728919461242 280.19568436306776 -43.769641018230658 20.835332021386453 -45.680970160905709 28.114139950394236 -88.043235449933533 0.36191991526122314 -38.603095006942752 -11.554678877084207
leaf_weight=45 30 35 31 30 32 30 30 30 451 30 79
leaf_count=45 30 35 31 30 32 30 30 30 451 30 79
internal_value=-1.42676 -9.66891 -0.94489 -12.648 -8.06093 -37.4383 -7.84069 -66.9734 -2.10074 -3.41487 -1.41616
internal_weight=853 823 778 747 712 120 60 60 592 560 530
internal_count=853 823 778 747 712 120 60 60 592 560 530
is_linear=0
shrinkage=0.05


Tree=100
num_leaves=12
num_cat=0
split_feature=24 24 6 0 25 4 0 24 0 0 24
split_gain=6.15262e+08 6.1607e+08 1.73174e+08 3.43727e+08 2.79112e+08 5.33961e+07 1.34257e+07 3.74605e+07 1.37505e+07 1.59548e+07 2.72389e+06
threshold=29622.222222222223 17600.000000000004 1.8500000000000003 7.5000000000000009 16.527385000000002 997.75000000000011 634.85000000000002 3699.0750000000003 31.000000000000004 66.700000000000017 5437.5000000000009
decision_type=2 2 2 2 2 2 2 2 2 2 2
left_child=1 2 4 -4 -1 -5 8 -8 -7 -10 -9
right_child=-2 -3 3 5 -6 6 7 10 9 -11 -12
leaf_value=-31.562081602166263 212.51581572014416 -228.76897333923532 -158.23365016546776 -49.389009613998859 183.85083908005015 28.571885598262895 63.697696239686891 -8.5467473143934036 -36.728144264478253 -2.6017230689966531 9.8652798422153616
leaf_weight=30 31 32 38 59 30 32 30 51 37 446 33
leaf_count=30 31 32 38 59 30 32 30 51 37 446 33
internal_value=-5.7672 -14.0645 -5.29537 -12.046 76.271 -3.94982 0.319524 15.8379 -3.11801 -5.22303 -1.31026
internal_weight=849 818 786 726 60 688 629 114 515 483 84
internal_count=849 818 786 726 60 688 629 114 515 483 84
is_linear=0
shrinkage=0.05


Tree=101
num_leaves=15
num_cat=0
split_feature=2 1 0 4 6 0 14 28 7 4 1 4 14 0
split_gain=5.92186e+08 2.56516e+09 2.41968e+09 1.04985e+08 4.85125e+07 6.43684e+07 7.7428e+07 2.4274e+07 1.97e+07 3.4822e+07 3.34131e+07 6.85498e+06 1.77151e+06 905344
threshold=16.450000000000003 0.6000000000000002 2.5000000000000004 997.75000000000011 5.2500000000000009 60.350000000000009 282.00000000000006 -0.74979862697202038 12.850000000000003 1015.5500000000001 0.29166666666666669 1003.7500000000001 186.50000000000003 420.60000000000008
decision_type=2 2 2 2 2 2 2 2 2 2 2 2 2 2
left_child=2 -2 -1 -4 5 6 -5 -7 9 -9 -10 -3 -13 -14
right_child=1 11 3 4 -6 7 -8 8 10 -11 -12 12 13 -15
leaf_value=361.54564792122812 -499.11894393871836 -20.257016360007253 -74.099605650909993 -86.013110328467164 50.213675714087913 32.775301880370122 14.107561979876454 41.331118968633831 -49.227039188110901 -8.7456635295101641 -3.540272788050066 16.959943495062102 7.0045185464014246 -3.4766590649780991
leaf_weight=47 31 30 58 51 39 50 31 56 50 91 199 30 52 34
leaf_count=47 31 30 58 51 39 50 31 56 50 91 199 30 52 34
internal_value=-5.47894 -86.818 15.9549 -10.0872 -3.52728 -7.50555 -48.1915 -0.0160379 -4.1636 10.3463 -12.7304 1.00708 6.51917 2.86151
internal_weight=849 177 672 625 567 528 82 446 396 147 249 146 116 86
internal_count=849 177 672 625 567 528 82 446 396 147 249 146 116 86
is_linear=0
shrinkage=0.05


Tree=102
num_leaves=12
num_cat=0
split_feature=0 24 1 0 0 8 24 6 24 14 4
split_gain=5.1461e+08 6.6082e+08 9.51351e+07 3.35715e+08 1.94318e+08 9.38019e+07 7.76679e+06 7.12979e+06 3.93062e+06 2.3837e+06 2.35793e+06
threshold=1.5000000000000002 19642.857142857149 0.056250000000000008 8.5000000000000018 136.40000000000003 14.750000000000002 10852.777777777779 5.7500000000000009 4842.5916666666672 201.50000000000003 1002.9500000000002
decision_type=2 2 2 2 2 2 2 2 2 2 2
left_child=-1 2 4 -4 -2 -6 7 8 9 -5 -10
right_child=1 -3 3 6 5 -7 -8 -9 10 -11 -12
leaf_value=-171.51256712483169 145.15475956451061 233.75928399475708 -170.63055766690928 -4.9476107247284391 49.253984718546711 -45.642918323303121 -25.44635590396981 -26.866623733368428 -7.6368971111583335 -20.350480322950467 2.0763641498084398
leaf_weight=44 30 30 32 74 51 53 42 30 76 38 349
leaf_count=44 30 30 32 74 51 53 42 30 76 38 349
internal_value=-5.2063 3.90391 -5.02273 -13.0331 33.2766 0.895626 -4.72545 -3.18634 -1.85866 -10.1871 0.338005
internal_weight=849 805 775 641 134 104 609 567 537 112 425
internal_count=849 805 775 641 134 104 609 567 537 112 425
is_linear=0
shrinkage=0.05


Tree=103
num_leaves=16
num_cat=0
split_feature=2 1 0 24 0 27 0 26 4 6 4 6 20 24 28
split_gain=5.29389e+08 2.29252e+09 2.23834e+09 1.16457e+08 1.94299e+08 3.27794e+07 3.0265e+07 2.76779e+07 4.40764e+07 1.83243e+07 6.18753e+07 1.58091e+07 1.12475e+07 5.39855e+06 676231
threshold=16.450000000000003 0.6000000000000002 2.5000000000000004 15300.000000000002 14.500000000000002 -0.85206963063867713 142.50000000000003 10.350000000000003 1015.4500000000002 4.3500000000000005 1008.7500000000001 2.3500000000000001 21.704000000000004 6437.5000000000009 -0.34155811708470757
decision_type=2 2 2 2 2 2 2 2 2 2 2 2 2 2 2
left_child=2 -2 -1 4 -4 6 -6 9 -9 11 -11 -7 13 14 -3
right_child=1 12 3 -5 5 7 -8 8 -10 10 -12 -13 -14 -15 -16
leaf_value=347.70792809099657 -471.62606133893382 5.3120874894965375 -128.92831412615317 81.544748090761303 -77.74403631394091 -21.250755529208842 -9.3357097044969208 60.509114685676934 -16.240489229381591 -77.232122504679026 9.9666532438240125 3.4185183511673807 -25.505834414491318 26.579992668810874 -3.9413733105184181
leaf_weight=47 31 54 35 33 30 88 35 40 35 37 45 247 31 30 31
leaf_count=47 31 54 35 33 30 88 35 40 35 37 45 247 31 30 31
internal_value=-4.94623 -81.8517 15.3193 -9.72797 -14.8287 -7.63723 -40.9798 -3.22478 24.7186 -8.2553 -29.4252 -3.06616 1.17473 8.38284 1.93657
internal_weight=849 177 672 625 592 557 65 492 75 417 82 335 146 115 85
internal_count=849 177 672 625 592 557 65 492 75 417 82 335 146 115 85
is_linear=0
shrinkage=0.05


Tree=104
num_leaves=15
num_cat=0
split_feature=0 24 24 0 0 30 8 2 24 24 6 7 7 24
split_gain=5.26209e+08 5.68993e+08 9.38444e+07 2.86412e+08 1.65127e+08 7.46611e+07 9.94066e+07 9.271e+06 1.83327e+07 1.06514e+07 7.55002e+06 4.59036e+06 1.76751e+06 970366
threshold=1.5000000000000002 19642.857142857149 1.0000000180025095e-35 8.5000000000000018 136.40000000000003 -0.56174490092936669 15.550000000000002 16.450000000000003 10852.777777777779 6736.1111111111122 5.2500000000000009 21.450000000000003 25.550000000000004 5006.9444444444453
decision_type=2 2 2 2 2 2 2 2 2 2 2 2 2 2
left_child=-1 2 4 -4 -2 -6 -7 8 10 12 11 -5 -9 -14
right_child=1 -3 3 7 5 6 -8 9 -10 -11 -12 -13 13 -15
leaf_value=-172.87076432623832 137.40002278933096 217.79951478064655 -157.2936089393877 1.1771609525187197 -52.510353646702526 97.566947894370088 -24.102911594536298 8.5952077630230832 -42.283007203887337 32.838376978049325 -27.620594497749813 -10.179057210057559 -10.758352563388186 0.47775551888948126
leaf_weight=44 30 30 32 257 37 33 34 39 35 31 33 136 34 44
leaf_count=44 30 30 32 257 37 33 34 39 35 31 33 136 34 44
internal_value=-4.70067 4.51156 -3.77178 -11.7278 34.2667 4.41319 35.8801 -4.0544 -7.54956 6.83025 -4.68661 -2.7543 -0.082905 -4.42748
internal_weight=849 805 775 641 134 104 67 609 461 148 426 393 117 78
internal_count=849 805 775 641 134 104 67 609 461 148 426 393 117 78
is_linear=0
shrinkage=0.05


Tree=105
num_leaves=16
num_cat=0
split_feature=1 0 0 24 3 0 7 2 24 24 9 24 0 7 11
split_gain=7.13361e+08 2.08159e+09 1.5925e+09 1.34338e+08 7.022e+07 5.75904e+07 3.25656e+07 6.12461e+06 4.35492e+06 4.56646e+06 2.93685e+06 2.11079e+06 1.38035e+06 836517 247246
threshold=1.0000000180025095e-35 91.850000000000009 2.5000000000000004 13992.361111111113 62.850000000000001 12.750000000000002 25.350000000000005 15.747000000000002 4993.0555555555566 10400.992063492065 0.65000000000000002 6291.666666666667 493.20000000000005 25.550000000000004 2.5000000000000004
decision_type=2 2 2 2 2 2 2 2 2 2 2 2 2 2 2
left_child=1 -1 -2 5 -3 -4 -6 8 12 10 -10 13 -7 -9 -15
right_child=2 4 3 -5 6 7 -8 11 9 -11 -12 -13 -14 14 -16
leaf_value=472.92926163277366 -342.54660867706889 53.210354574389243 -74.965739859140598 82.825745189433192 -63.405793136943821 -25.060540498695485 6.8008527821098159 6.3356869219762482 0.13810117272523603 -23.311611768652831 -10.5025814181298 15.204042209723056 -11.842022925188639 0.69018931952048479 -5.1284492585054489
leaf_weight=30 36 42 30 44 34 35 32 49 225 30 91 35 46 38 35
leaf_count=30 36 42 30 44 34 35 32 49 225 30 91 35 46 38 35
internal_value=1.44191 105.224 -19.2071 -1.46747 2.74122 -7.52054 -29.4073 -4.04364 -7.14805 -4.70205 -2.92848 4.39871 -17.5776 1.28886 -2.1027
internal_weight=832 138 694 658 108 614 66 584 427 346 316 157 81 122 73
internal_count=832 138 694 658 108 614 66 584 427 346 316 157 81 122 73
is_linear=0
shrinkage=0.05


Tree=106
num_leaves=15
num_cat=0
split_feature=1 0 0 24 5 0 14 6 21 27 24 24 28 28
split_gain=6.44024e+08 1.8793e+09 1.43765e+09 1.2127e+08 6.64175e+07 5.19938e+07 8.367e+06 5.56055e+06 4.80166e+06 5.09696e+06 2.41252e+06 1.42603e+06 2.29624e+06 940953
threshold=1.0000000180025095e-35 91.850000000000009 2.5000000000000004 13992.361111111113 17.925000000000001 12.750000000000002 175.50000000000003 5.7500000000000009 0.77120858688302929 -0.85206963063867713 4731.4805555555567 6291.666666666667 0.32534208471197984 -0.47495107206705001
decision_type=2 2 2 2 2 2 2 2 2 2 2 2 2 2
left_child=1 -1 -2 5 -3 -4 -6 8 9 -7 -11 13 -13 -10
right_child=2 4 3 -5 6 7 -8 -9 11 10 -12 12 -14 -15
leaf_value=449.36135241739777 -325.46671923692867 47.219495919504993 -71.229905236836686 78.693849293715289 -50.578328545148985 -24.294677488517276 -13.508942052712394 -24.77188590420441 2.8227946839001525 -16.93778285029347 -2.4745568555411905 14.35009261550006 0.031170815735744473 -4.4491799829917147
leaf_weight=30 36 47 30 44 30 39 31 30 82 34 187 48 67 97
leaf_count=30 36 47 30 44 30 39 31 30 82 34 187 48 67 97
internal_value=1.37031 99.9803 -18.2496 -1.39444 2.604 -7.14556 -31.7928 -3.84191 -2.70425 -7.65283 -4.70635 1.67315 6.01508 -1.11814
internal_weight=832 138 694 658 108 614 61 584 554 260 221 294 115 179
internal_count=832 138 694 658 108 614 61 584 554 260 221 294 115 179
is_linear=0
shrinkage=0.05


Tree=107
num_leaves=15
num_cat=0
split_feature=4 0 0 24 26 0 1 20 14 4 0 24 0 21
split_gain=7.3854e+08 2.26123e+09 1.59852e+09 3.96548e+08 5.18641e+07 1.02747e+08 6.43884e+07 7.30053e+07 1.06403e+08 4.55137e+07 1.55935e+07 2.82666e+06 2.82736e+06 1.85279e+06
threshold=998.6500000000002 1.5000000000000002 110.80000000000001 18257.575757575763 4.2500000000000009 155.85000000000005 0.15476190476190474 4.017500000000001 128.50000000000003 1005.35 61.45000000000001 4699.0750000000007 373.85000000000008 0.77571496826155228
decision_type=2 2 2 2 2 2 2 2 2 2 2 2 2 2
left_child=2 -2 -1 4 5 -3 7 -6 -9 -10 -8 13 -13 -12
right_child=1 3 -4 -5 6 -7 10 8 9 -11 11 12 -14 -15
leaf_value=433.76134459663467 -389.74805269016059 -113.25775559384165 -20.925291984138561 177.36532085097838 102.67808049604346 2.0235009064736076 -39.87181260332801 -64.21538437307872 8.7911668527906173 94.472038342548771 -21.736906042467321 -4.8483891508155477 4.2017174459038911 -5.5441808483716777
leaf_weight=30 38 30 54 32 30 54 31 30 32 30 30 230 138 43
leaf_count=30 38 30 54 32 30 54 31 30 32 30 30 230 138 43
internal_value=1.30214 -14.4909 141.785 5.64535 -2.48438 -39.234 2.71826 35.0822 12.9525 50.3351 -5.65265 -3.23872 -1.45437 -12.2194
internal_weight=832 748 84 710 678 84 594 122 92 62 472 441 368 73
internal_count=832 748 84 710 678 84 594 122 92 62 472 441 368 73
is_linear=0
shrinkage=0.05


Tree=108
num_leaves=15
num_cat=0
split_feature=24 0 0 24 21 0 2 2 6 27 10 24 24 24
split_gain=5.76197e+08 1.71272e+09 1.19974e+09 8.96858e+07 6.31404e+07 5.12534e+07 2.01263e+07 5.33037e+06 5.29147e+06 4.19915e+06 1.9498e+06 1.93817e+06 953548 583991
threshold=1.0000000180025095e-35 91.850000000000009 2.5000000000000004 13992.361111111113 0.78184016525928213 14.500000000000002 6.1500000000000012 15.747000000000002 5.1500000000000012 -0.8779519545588893 6.5000000000000009 4993.0555555555566 6159.7222222222226 4810.186111111112
decision_type=2 2 2 2 2 2 2 2 2 2 2 2 2 2
left_child=1 -1 -2 5 6 -4 -3 8 9 -7 -9 -11 13 -12
right_child=2 4 3 -5 -6 7 -8 10 -10 11 12 -13 -14 -15
leaf_value=428.04878476671996 -297.96751277849614 -3.1057504717357935 -67.386584806874438 66.951548464336085 55.52869404504834 -18.345337009132532 -56.682581477624638 15.230216770229744 -23.617959309575568 -10.295547084617908 4.286670863665524 -0.68740622404535423 8.6897767791300566 -4.1166900582239672
leaf_weight=30 36 42 33 44 36 48 30 33 40 65 32 271 34 58
leaf_count=30 36 42 33 44 36 48 30 33 40 65 32 271 34 58
internal_value=1.23802 94.5109 -17.32 -1.92244 1.55114 -6.86815 -25.4772 -3.41977 -6.33365 -4.52751 4.44856 -2.54865 1.56925 -1.12733
internal_weight=832 138 694 658 108 614 72 581 424 384 157 336 124 90
internal_count=832 138 694 658 108 614 72 581 424 384 157 336 124 90
is_linear=0
shrinkage=0.05


Tree=109
num_leaves=16
num_cat=0
split_feature=1 0 0 24 7 0 7 2 6 27 6 7 27 11 7
split_gain=5.20191e+08 1.54628e+09 1.08308e+09 8.09608e+07 6.05005e+07 4.63623e+07 2.91886e+07 5.00655e+06 4.66052e+06 4.07828e+06 1.81564e+06 1.80284e+06 1.76654e+06 388285 312245
threshold=1.0000000180025095e-35 91.850000000000009 2.5000000000000004 13992.361111111113 17.150000000000002 12.750000000000002 25.350000000000005 15.747000000000002 5.1500000000000012 -0.8779519545588893 2.5500000000000003 25.550000000000004 -0.72660079619119988 1.5000000000000002 28.150000000000002
decision_type=2 2 2 2 2 2 2 2 2 2 2 2 2 2 2
left_child=1 -1 -2 5 -3 -4 -6 8 9 -7 -11 12 -9 -13 -15
right_child=2 4 3 -5 6 7 -8 11 -10 10 -12 13 -14 14 -16
leaf_value=406.71743821052223 -283.11040406795087 61.69729172969577 -67.039847273208778 63.611559792873265 -50.743350339225906 -17.99585443057742 10.451091517528113 3.1034992408238331 -22.440006439703662 -7.3847987782081042 0.21685343051502382 4.2384165171372929 19.425920534609162 0.88832158250270088 -6.3168969033960494
leaf_weight=30 36 30 30 44 41 49 37 37 40 124 214 30 30 30 30
leaf_count=30 36 30 30 44 41 49 37 37 40 124 214 30 30 30 30
internal_value=1.17669 89.8007 -16.4563 -1.82655 1.47338 -6.52552 -21.7389 -3.40596 -6.21276 -4.53015 -2.57326 4.2269 10.4302 -0.397489 -2.71872
internal_weight=832 138 694 658 108 614 78 584 427 387 338 157 67 90 60
internal_count=832 138 694 658 108 614 78 584 427 387 338 157 67 90 60
is_linear=0
shrinkage=0.05


Tree=110
num_leaves=15
num_cat=0
split_feature=0 0 27 2 24 21 20 21 24 8 14 24 8 0
split_gain=5.84121e+08 1.43418e+09 5.79073e+07 2.73997e+07 5.27248e+07 4.59626e+07 3.86369e+07 2.26378e+07 6.15969e+07 1.3986e+07 1.34926e+07 9.5644e+06 4.18848e+06 2.23811e+06
threshold=1.5000000000000002 7.5000000000000009 -0.99273952934267318 6.3500000000000005 12395.238095238097 0.56345622770061898 18.394100000000005 0.78184016525928213 1.0000000180025095e-35 13.450000000000001 44.000000000000007 3351.8527777777781 10.350000000000003 296.45000000000005
decision_type=2 2 2 2 2 2 2 2 2 2 2 2 2 2
left_child=-1 -2 -3 5 7 6 9 11 -9 10 -4 -5 -10 -13
right_child=1 2 3 4 -6 -7 -8 8 12 -11 -12 13 -14 -15
leaf_value=-176.97518152812171 309.28527252117169 -71.958697515898578 22.020553215750816 -39.541444501586241 66.786374502687067 -64.570604735657454 -48.032354090381375 74.261947371798698 -6.1530925889201278 35.383231810002627 -11.955637507999924 -15.75009965644106 6.0552141077066786 0.66083977083750378
leaf_weight=44 38 31 41 36 32 40 44 31 137 30 101 49 144 36
leaf_count=44 38 31 41 36 32 40 44 31 137 30 101 49 144 36
internal_value=0.120527 10.0052 -5.15706 -2.27528 4.95686 -15.4086 -6.27884 0.373099 7.49284 4.42397 -2.13698 -17.9762 0.103032 -8.80692
internal_weight=834 790 752 721 465 256 216 433 312 172 142 121 281 85
internal_count=834 790 752 721 465 256 216 433 312 172 142 121 281 85
is_linear=0
shrinkage=0.05


Tree=111
num_leaves=12
num_cat=0
split_feature=24 24 28 6 0 0 4 28 1 24 21
split_gain=5.80881e+08 6.44766e+08 4.29329e+08 1.581e+08 1.22165e+09 5.5353e+08 2.76263e+07 2.42213e+07 5.1455e+07 3.16426e+07 1.8939e+07
threshold=36098.147222222229 17600.000000000004 -0.99049576193482802 2.1500000000000008 7.5000000000000009 102.05000000000003 997.75000000000011 -0.11593459959550052 0.6000000000000002 3555.5555555555561 0.86864864864864877
decision_type=2 2 2 2 2 2 2 2 2 2 2
left_child=1 2 -1 5 -5 -4 -6 8 -8 -9 -7
right_child=-2 -3 3 4 6 10 7 9 -10 -11 -12
leaf_value=180.7454237364534 215.76536449546435 -214.46844453679557 228.01177824946458 -321.79793492528785 -37.285576349121889 -35.220353344200696 59.30237152059339 -52.728503822017686 2.1772820627336364 -0.40148408169649086 10.314985114915709
leaf_weight=32 30 36 31 31 46 53 52 32 162 289 40
leaf_count=32 30 36 31 31 46 53 52 32 162 289 40
internal_value=0.114977 -7.95751 1.74935 -6.05658 -16.4889 45.4037 -0.146151 3.05351 16.0794 -5.6327 -15.6452
internal_weight=834 804 768 736 612 124 581 535 214 321 93
internal_count=834 804 768 736 612 124 581 535 214 321 93
is_linear=0
shrinkage=0.05


Tree=112
num_leaves=14
num_cat=0
split_feature=24 24 28 21 21 1 1 0 8 0 27 28 26
split_gain=5.24427e+08 5.82071e+08 3.87597e+08 1.44808e+08 6.68491e+08 4.33848e+08 2.2631e+08 2.04534e+08 1.50512e+08 4.70479e+07 4.33494e+06 3.2511e+06 2.49996e+06
threshold=36098.147222222229 17600.000000000004 -0.99049576193482802 0.72311525064364701 0.64356805762543479 0.056250000000000008 1.0000000180025095e-35 48.050000000000004 18.750000000000004 48.050000000000004 -0.52703378127707579 0.94968266440323634 9.9500000000000028
decision_type=2 2 2 2 2 2 2 2 2 2 2 2 2
left_child=1 2 -1 4 6 -5 8 -8 -4 -7 -9 12 -11
right_child=-2 -3 3 5 -6 9 7 10 -10 11 -12 -13 -14
leaf_value=171.7363174866293 205.0129381182978 -203.77472715087214 6.6641954231875493 143.55904600106032 -194.54162290906265 -65.092304006496803 -140.03804836154356 -15.993399151822201 162.36937971575082 3.233080303582037 0.90038205844687202 -15.929487937363014 -9.3966062493131925
leaf_weight=32 30 36 31 56 52 31 32 52 31 233 140 31 47
leaf_count=32 30 36 31 56 52 31 32 52 31 233 140 31 47
internal_value=0.109435 -7.56076 1.6621 -5.75475 -29.8166 14.6821 0.190878 -23.2143 84.653 -6.45639 -3.68093 -0.592595 1.11048
internal_weight=834 804 768 736 338 398 286 224 62 342 192 311 280
internal_count=834 804 768 736 338 398 286 224 62 342 192 311 280
is_linear=0
shrinkage=0.05


Tree=113
num_leaves=12
num_cat=0
split_feature=0 0 4 27 24 10 24 20 26 3 4
split_gain=5.45852e+08 1.31447e+09 7.62556e+07 5.7211e+07 5.54033e+07 1.29984e+07 2.16144e+07 1.61346e+07 2.48584e+07 1.00352e+07 2.17101e+06
threshold=1.5000000000000002 7.5000000000000009 996.95000000000016 -0.99273952934267318 13377.777777777779 2.5000000000000004 4902.7777777777783 4.017500000000001 8.7500000000000018 48.650000000000006 1014.6500000000002
decision_type=2 2 2 2 2 2 2 2 2 2 2
left_child=-1 -2 -3 -4 5 6 -5 8 -7 -9 -8
right_child=1 2 3 4 -6 7 10 9 -10 -11 -12
leaf_value=-171.09187997484963 296.17699166846086 -65.765114985880388 -66.995492692009051 -52.756340607297773 60.132754106838689 -3.1579261717123863 -12.342780434445041 -25.015879338994587 58.80324087610277 1.185611938672342 3.5225209700590363
leaf_weight=44 38 48 31 30 39 35 39 40 30 412 48
leaf_count=44 38 48 31 30 39 35 39 40 30 412 48
internal_value=0.104254 9.65968 -4.85603 -0.694385 2.3691 -1.1931 -16.2351 2.21347 25.4859 -1.13811 -3.59546
internal_weight=834 790 752 704 673 634 117 517 65 452 87
internal_count=834 790 752 704 673 634 117 517 65 452 87
is_linear=0
shrinkage=0.05


Tree=114
num_leaves=11
num_cat=0
split_feature=6 0 0 27 4 10 4 20 21 4
split_gain=5.19789e+08 7.43461e+08 2.33506e+08 5.02223e+07 4.44977e+07 2.50543e+07 3.07492e+07 2.27786e+07 1.33975e+07 1.05905e+07
threshold=6.3500000000000005 1.5000000000000002 7.5000000000000009 -0.99273952934267318 997.75000000000011 2.5000000000000004 1012.9500000000002 3.2388500000000007 0.56345622770061898 999.95000000000016
decision_type=2 2 2 2 2 2 2 2 2 2
left_child=1 -1 -3 -4 -5 6 -6 -7 -8 -9
right_child=-2 2 3 4 5 7 8 9 -10 -11
leaf_value=-212.20180846551818 200.66320304993263 129.60149589821143 -65.674793009583738 -42.825603514877294 21.102123936424359 40.775070712380781 -9.7005022144037962 32.154274381710287 -50.740467439223231 3.2241627394948966
leaf_weight=42 31 35 30 55 37 50 34 34 48 438
leaf_count=42 31 35 30 55 37 50 34 34 48 438
internal_value=0.0991759 -7.66766 3.64708 -2.44211 0.292475 3.99826 -16.6962 8.71827 -33.7565 5.31449
internal_weight=834 803 761 726 696 641 119 522 82 472
internal_count=834 803 761 726 696 641 119 522 82 472
is_linear=0
shrinkage=0.05


Tree=115
num_leaves=12
num_cat=0
split_feature=0 1 0 1 0 0 28 27 21 4 14
split_gain=4.9586e+08 1.69693e+08 1.58239e+08 9.84734e+07 1.50977e+08 5.04319e+07 7.13531e+06 3.95913e+06 1.01679e+07 4.56109e+06 3.80746e+06
threshold=2.5000000000000004 0.06904761904761901 155.85000000000005 0.13392857142857142 31.000000000000004 608.85000000000002 -0.98518361333263327 0.88606241628642846 0.68920799923937526 1025.3000000000004 339.00000000000006
decision_type=2 2 2 2 2 2 2 2 2 2 2
left_child=-1 2 -2 -3 -5 -4 -6 9 -9 10 -8
right_child=1 3 5 4 6 -7 7 8 -10 -11 -12
leaf_value=149.67288788330308 -157.68946087085567 76.745795869145667 -58.158910386488792 -112.40021159149879 -20.898099439933752 18.547928908475782 1.8171333265439022 34.362146527543032 0.26638887868280459 18.638798293913151 -14.944973780090274
leaf_weight=53 32 41 55 30 31 35 390 35 58 37 37
leaf_count=53 32 41 55 30 31 35 390 35 58 37 37
internal_value=1.82334 -8.22785 -62.3698 1.80333 -3.18019 -28.3409 2.41042 3.71119 13.1213 1.82268 0.361508
internal_weight=834 781 122 659 618 90 588 557 93 464 427
internal_count=834 781 122 659 618 90 588 557 93 464 427
is_linear=0
shrinkage=0.05


Tree=116
num_leaves=13
num_cat=0
split_feature=4 0 0 1 24 0 28 4 28 24 27 28
split_gain=4.71814e+08 1.11431e+09 6.80347e+08 5.73926e+07 7.52329e+07 7.04541e+07 5.37348e+07 2.08751e+07 4.89157e+06 2.61741e+06 2.58291e+06 1.4608e+06
threshold=995.40000000000009 1.5000000000000002 8.5000000000000018 0.6000000000000002 11185.186111111112 608.85000000000002 -0.10737736916418625 1003.0500000000001 -0.98208922706762081 4564.8138888888898 0.17552986495352002 0.98043284291745803
decision_type=2 2 2 2 2 2 2 2 2 2 2 2
left_child=-1 -2 -3 5 8 6 7 -4 -5 10 -10 -11
right_child=1 2 3 4 -6 -7 -8 -9 9 11 -12 -13
leaf_value=169.06617014473511 -270.5542679751639 212.47211490140501 -50.432675371407804 -20.554040866143236 78.338230572176144 31.322892581444133 -96.298483984940404 5.0191055345386735 -19.774096436069762 1.8615784831530839 -1.1187143654509737 -9.38325429100699
leaf_weight=40 38 38 36 32 31 33 42 32 32 405 44 31
leaf_count=40 38 38 36 32 31 33 42 32 32 405 44 31
internal_value=1.73179 -6.71838 6.57724 -4.34777 2.70343 -32.6826 -51.8953 -24.3686 -1.62024 -0.433084 -8.98934 1.06008
internal_weight=834 794 756 718 575 143 110 68 544 512 76 436
internal_count=834 794 756 718 575 143 110 68 544 512 76 436
is_linear=0
shrinkage=0.05


Tree=117
num_leaves=11
num_cat=0
split_feature=0 24 4 0 24 0 28 6 24 28
split_gain=4.93678e+08 3.74208e+08 2.06488e+08 5.01237e+07 3.2101e+07 5.40667e+07 4.1757e+07 7.8926e+06 7.13283e+06 4.4195e+06
threshold=2.5000000000000004 18803.571428571431 995.40000000000009 12.750000000000002 3555.5555555555561 590.50000000000011 -0.57729161655172734 5.5500000000000007 10852.777777777779 -0.98208922706762081
decision_type=2 2 2 2 2 2 2 2 2 2
left_child=-1 2 -2 -4 5 6 -5 8 9 -6
right_child=1 -3 3 4 7 -7 -8 -9 -10 -11
leaf_value=149.16926364790922 -141.45192261662132 164.48459050885072 -70.932627591611435 -15.060200497872216 -17.49877388912974 19.397759473104802 -85.280460855014567 -25.286213557950916 -22.253074283817213 2.2692826719198123
leaf_weight=53 31 30 32 40 30 38 45 34 35 466
leaf_count=53 31 30 32 40 30 38 45 34 35 466
internal_value=1.64538 -8.38365 -15.3102 -9.86016 -7.00968 -30.1463 -52.2922 -1.96841 -0.470878 1.07034
internal_weight=834 781 751 720 688 123 85 565 531 496
internal_count=834 781 751 720 688 123 85 565 531 496
is_linear=0
shrinkage=0.05


Tree=118
num_leaves=11
num_cat=0
split_feature=0 24 0 1 0 7 6 24 24 27
split_gain=4.45635e+08 3.3784e+08 1.82217e+08 7.71043e+07 7.39937e+07 6.13385e+07 7.02365e+06 3.89844e+06 4.54703e+06 3.04323e+06
threshold=2.5000000000000004 18803.571428571431 9.5000000000000018 0.06904761904761901 608.85000000000002 25.350000000000005 5.7500000000000009 10852.777777777779 9458.3333333333339 0.14153898451656996
decision_type=2 2 2 2 2 2 2 2 2 2
left_child=-1 2 -2 4 5 -4 7 8 9 -5
right_child=1 -3 3 6 -6 -7 -8 -9 -10 -11
leaf_value=141.72484423247658 -133.04358266235548 156.28768769831356 -110.21914899106139 -4.8608797346710109 15.160195742441378 -24.941797522815598 -24.861222912440791 -17.211558706110175 15.416899455254464 3.0444124660383238
leaf_weight=53 31 30 46 261 35 39 32 34 45 228
leaf_count=53 31 30 46 261 35 39 32 34 45 228
internal_value=1.56285 -7.9657 -14.547 -9.42732 -45.9967 -71.1672 -2.10699 -0.820898 0.22572 -1.1751
internal_weight=834 781 751 720 120 85 600 568 534 489
internal_count=834 781 751 720 120 85 600 568 534 489
is_linear=0
shrinkage=0.05


Tree=119
num_leaves=14
num_cat=0
split_feature=0 0 1 24 26 11 28 3 6 28 4 6 21
split_gain=4.54965e+08 1.75247e+09 9.08904e+07 1.14525e+08 8.95507e+07 5.2577e+07 6.38111e+07 3.3137e+07 4.96566e+06 3.06783e+06 1.88323e+06 2.12677e+06 1.95636e+06
threshold=1.5000000000000002 7.5000000000000009 0.6000000000000002 11185.186111111112 4.8500000000000005 4.5000000000000009 -0.65187484896379921 61.850000000000001 5.7500000000000009 -0.98518361333263327 1015.9500000000002 3.4500000000000006 0.64356805762543479
decision_type=2 2 2 2 2 2 2 2 2 2 2 2 2
left_child=-1 -2 4 8 -3 6 -6 -8 9 -4 12 -12 -11
right_child=1 2 3 -5 5 -7 7 -9 -10 10 11 -13 -14
leaf_value=-160.72135253938734 371.77649934477523 -115.97472111394634 -15.793470605108823 95.676501559914087 12.089791790296271 37.702906317726722 -35.246301129693293 -106.04352146034621 -20.847788712832706 -5.6913619920601395 1.2036502707257162 14.0209283991316 1.8430844411962117
leaf_weight=41 32 30 30 32 41 30 37 30 31 149 99 48 204
leaf_count=41 32 30 30 32 41 30 37 30 31 149 99 48 204
internal_value=1.48481 9.89047 -5.37365 3.82523 -37.8265 -20.7661 -37.0274 -67.0574 -1.43016 -0.290688 0.642441 5.3956 -1.33787
internal_weight=834 793 761 593 168 138 108 67 561 530 500 147 353
internal_count=834 793 761 593 168 138 108 67 561 530 500 147 353
is_linear=0
shrinkage=0.05


Tree=120
num_leaves=14
num_cat=0
split_feature=1 4 21 1 6 6 5 24 14 28 4 6 4
split_gain=4.86503e+08 5.00488e+08 5.47369e+08 4.12809e+08 1.31384e+09 1.69558e+09 2.50752e+08 6.16729e+07 2.0041e+07 7.78452e+06 6.35978e+06 1.90549e+06 1.84716e+06
threshold=1.0000000180025095e-35 1002.85 0.76003450655624583 0.6000000000000002 2.4500000000000006 3.2500000000000004 22.925000000000001 11610.41666666667 347.00000000000006 -0.97870382656940669 1025.6500000000003 5.4500000000000011 1017.85
decision_type=2 2 2 2 2 2 2 2 2 2 2 2 2
left_child=1 6 -3 4 -2 -6 -1 8 9 -5 11 12 -11
right_child=3 2 -4 7 5 -7 -8 -9 -10 10 -12 -13 -14
leaf_value=281.25255970565934 -364.2880869756346 -100.94877958975002 156.7234803006796 -27.834880348033849 271.82922502500412 -230.54052486363744 86.106035037199177 67.511478573618533 -43.705072453951189 -1.1613264249024906 -23.548520926597334 -12.683489347058673 7.5687187150304203
leaf_weight=33 34 52 34 31 33 34 33 30 33 354 32 30 73
leaf_count=33 34 52 34 31 33 34 33 30 33 354 32 30 73
internal_value=-0.379793 80.5024 0.985299 -18.3628 -111.633 16.9316 183.957 -2.18805 -5.98075 -3.57875 -2.03565 -0.524448 0.332575
internal_weight=836 152 86 684 101 67 66 583 553 520 489 457 427
internal_count=836 152 86 684 101 67 66 583 553 520 489 457 427
is_linear=0
shrinkage=0.05


Tree=121
num_leaves=12
num_cat=0
split_feature=1 0 0 24 9 7 1 24 0 24 0
split_gain=4.39223e+08 2.5762e+09 2.18443e+09 1.44942e+08 7.43087e+07 3.2517e+07 2.62453e+07 2.94249e+07 6.14787e+06 3.57437e+06 1.41486e+06
threshold=1.0000000180025095e-35 52.600000000000009 4.8000000000000007 17036.111111111113 1.0000000180025095e-35 23.050000000000004 0.13392857142857142 10852.777777777779 60.350000000000009 9458.3333333333339 340.25000000000006
decision_type=2 2 2 2 2 2 2 2 2 2 2
left_child=1 -1 -2 6 5 -3 -4 8 -8 10 -10
right_child=2 4 3 -5 -6 -7 7 -9 9 -11 -12
leaf_value=490.77122011913417 -401.63884655553056 42.28903085591157 40.669112213406045 108.65419485086029 -72.460559264771234 -24.926031989093843 -23.724050493969077 -50.995646129181829 -4.2623935171922627 14.056039574688961 1.1531954597779668
leaf_weight=30 35 34 34 31 50 38 30 32 251 39 232
leaf_count=30 35 34 34 31 50 38 30 32 251 39 232
internal_value=-0.360406 76.4912 -17.4472 3.33056 -25.6994 6.82898 -1.96938 -4.4583 -1.75173 -0.484637 -1.66141
internal_weight=836 152 684 649 122 72 618 584 552 522 483
internal_count=836 152 684 649 122 72 618 584 552 522 483
is_linear=0
shrinkage=0.05


Tree=122
num_leaves=11
num_cat=0
split_feature=4 0 0 0 27 6 24 4 24 6
split_gain=4.21746e+08 9.65337e+08 2.41089e+08 3.84082e+07 3.14061e+07 1.36174e+07 1.43503e+07 8.71434e+06 4.17706e+07 2.52982e+07
threshold=995.40000000000009 1.5000000000000002 9.5000000000000018 66.700000000000017 -0.57023701209772126 1.7500000000000002 11069.444444444447 1005.0500000000001 2220.0000000000005 4.1500000000000012
decision_type=2 2 2 2 2 2 2 2 2 2
left_child=-1 -2 -3 4 -4 -5 7 9 -9 -7
right_child=1 2 3 5 -6 6 -8 8 -10 -11
leaf_value=157.87500296138467 -238.44724093833267 115.64859079787117 -75.85492479666523 -28.675722144471958 -9.2382336967229275 3.7571524329311723 37.012347336068899 48.718232563119805 -0.44344853179979843 -41.050509187738193
leaf_weight=40 43 46 30 35 43 117 30 49 360 43
leaf_count=40 43 46 30 35 43 117 30 49 360 43
internal_value=-0.341671 -8.3111 4.86072 -2.36287 -36.6813 1.59378 3.36694 1.58682 5.45679 -8.30299
internal_weight=836 796 753 707 73 634 599 569 409 160
internal_count=836 796 753 707 73 634 599 569 409 160
is_linear=0
shrinkage=0.05


Tree=123
num_leaves=17
num_cat=0
split_feature=1 0 0 8 7 0 1 11 26 28 7 23 9 4 0 26
split_gain=3.95798e+08 2.39209e+09 1.90512e+09 7.78326e+07 8.44023e+07 6.32373e+07 2.84896e+07 2.99116e+06 5.14388e+06 3.87108e+06 4.53039e+06 3.62564e+06 2.92076e+06 1.97334e+06 1.77673e+06 745898
threshold=1.0000000180025095e-35 52.600000000000009 4.8000000000000007 16.350000000000005 27.350000000000005 14.500000000000002 0.6000000000000002 1.5000000000000002 5.9000000000000004 0.89771014032557062 26.250000000000004 -0.24999999999999994 1.0000000180025095e-35 1017.85 477.05000000000001 8.0500000000000025
decision_type=2 2 2 2 2 2 2 2 2 2 2 2 2 2 2 2
left_child=1 -1 -2 -3 -5 -4 -7 8 -8 10 12 -10 -9 -13 -12 -11
right_child=2 3 5 4 -6 6 7 9 11 15 14 13 -14 -15 -16 -17
leaf_value=471.83145228794649 -375.33438046012515 18.22224219992027 61.378340169503907 -115.53053269345536 -3.2457491206231519 -47.914415786350659 21.298696143719077 9.4208714526367778 12.784674051897731 -7.37464712212648 -13.336546634053647 -9.1489806232053095 -2.0194131910738911 5.5533751152228783 1.1628198557182265 -18.55636541930544
leaf_weight=30 35 55 43 35 32 31 44 133 50 30 62 62 96 36 32 30
leaf_count=30 35 55 43 35 32 31 44 133 50 30 62 62 96 36 32 30
internal_value=-0.324771 72.6289 -16.545 -25.8416 -61.9868 2.85908 -1.30271 1.21815 6.30981 -1.33529 0.83248 1.84225 4.62613 -3.74791 -8.40455 -12.9872
internal_weight=836 152 684 122 67 649 606 575 192 383 323 148 229 98 94 60
internal_count=836 152 684 122 67 649 606 575 192 383 323 148 229 98 94 60
is_linear=0
shrinkage=0.05


Tree=124
num_leaves=16
num_cat=0
split_feature=1 20 21 14 1 28 6 24 7 3 3 6 27 24 26
split_gain=3.57333e+08 4.57008e+08 3.71204e+08 4.26194e+08 3.04602e+08 1.1742e+09 3.77712e+08 5.5459e+07 2.3302e+07 1.65346e+07 1.27332e+07 3.22053e+06 1.96135e+06 2.08426e+06 1.29881e+06
threshold=1.0000000180025095e-35 20.658250000000002 0.72311525064364701 147.50000000000003 0.6000000000000002 -0.41327860778290426 3.0500000000000003 11610.41666666667 21.350000000000005 38.350000000000001 87.850000000000009 5.2500000000000009 0.14153898451656996 6208.102777777779 7.8500000000000005
decision_type=2 2 2 2 2 2 2 2 2 2 2 2 2 2 2
left_child=1 2 3 -1 5 -2 -7 9 -4 -6 11 12 13 -11 -14
right_child=4 -3 8 -5 7 6 -8 -9 -10 10 -12 -13 14 -15 -16
leaf_value=-195.62815274970475 -351.48445858970717 243.50216847226466 81.519649486898274 70.496476345125629 -40.841084614290686 118.17430996407296 -116.17892952915837 64.268658860418881 143.40957140114617 -7.2426226455479954 -25.378609821031741 -15.578738120963564 10.230468433134019 1.905133610272564 1.3907907729559004
leaf_weight=30 31 30 32 30 31 40 30 30 30 114 58 33 65 137 115
leaf_count=30 31 30 32 30 31 40 30 30 30 114 58 33 65 137 115
internal_value=-0.308477 69.0097 25.9373 -62.6699 -15.7204 -95.8394 17.7147 -1.82632 111.649 -5.42292 -3.31211 -0.548916 0.605194 -2.25083 4.58683
internal_weight=836 152 122 60 684 101 70 583 62 553 522 464 431 251 180
internal_count=836 152 122 60 684 101 70 583 62 553 522 464 431 251 180
is_linear=0
shrinkage=0.05


Tree=125
num_leaves=13
num_cat=0
split_feature=24 1 0 0 4 22 1 24 6 7 6 0
split_gain=1.23287e+09 2.22253e+08 1.28078e+09 9.45899e+08 9.46281e+07 4.36224e+07 2.33162e+07 1.54038e+07 4.94878e+06 2.13292e+06 1.93781e+06 1.38661e+06
threshold=33344.444444444453 1.0000000180025095e-35 8.5000000000000018 79.100000000000009 1003.0500000000001 0.68301270189221941 0.6000000000000002 9963.8888888888905 5.5500000000000007 26.250000000000004 2.5500000000000003 74.800000000000011
decision_type=2 2 2 2 2 2 2 2 2 2 2 2
left_child=1 3 -3 -1 -5 -6 -4 8 9 11 -11 -8
right_child=-2 2 6 4 5 -7 7 -9 -10 10 -12 -13
leaf_value=299.51070830893281 315.07505848384744 -285.12285741593098 -34.384767529599685 -70.790663914049532 -14.196917317858519 65.626106216823175 13.819638837453139 28.878205138204653 -19.002941779231715 -11.932633617960242 1.0276226069163352 2.5942066140354552
leaf_weight=30 31 42 45 46 38 31 30 52 31 48 72 321
leaf_count=30 31 42 45 46 38 31 30 52 31 48 72 321
internal_value=6.31375 -5.90238 -18.549 49.9785 -15.3204 21.7086 0.186801 3.00067 0.3149 1.59012 -4.16206 3.55732
internal_weight=817 786 641 145 115 69 599 554 502 471 120 351
internal_count=817 786 641 145 115 69 599 554 502 471 120 351
is_linear=0
shrinkage=0.05


Tree=126
num_leaves=13
num_cat=0
split_feature=24 1 0 0 4 27 1 24 24 26 4 2
split_gain=1.11304e+09 2.00657e+08 1.1562e+09 8.53963e+08 8.54241e+07 6.06583e+07 2.10476e+07 1.39049e+07 2.26607e+06 3.56892e+06 1.77364e+06 1.96087e+06
threshold=33344.444444444453 1.0000000180025095e-35 8.5000000000000018 79.100000000000009 1003.0500000000001 0.64534213713577271 0.6000000000000002 9963.8888888888905 8199.0750000000025 8.3500000000000032 1023.0500000000001 16.450000000000003
decision_type=2 2 2 2 2 2 2 2 2 2 2 2
left_child=1 3 -3 -1 -5 -6 -4 8 10 -10 11 -8
right_child=-2 2 6 4 5 -7 7 -9 9 -11 -12 -13
leaf_value=284.58494584093063 299.37196194075312 -270.90057805983304 -32.669341266445997 -67.258809826534375 -29.736335752017773 64.147155667122476 -5.0259502160897336 27.437066907754559 19.650115911848328 -1.9041629072088395 6.9862212387091525 2.6989460745134437
leaf_weight=30 31 42 45 46 32 37 243 52 36 41 58 124
leaf_count=30 31 42 45 46 32 37 243 52 36 41 58 124
internal_value=5.99985 -5.60741 -17.6239 47.4893 -14.5552 20.6269 0.177303 2.85078 0.299021 8.18551 -1.1314 -2.41587
internal_weight=817 786 641 145 115 69 599 554 502 77 425 367
internal_count=817 786 641 145 115 69 599 554 502 77 425 367
is_linear=0
shrinkage=0.05


Tree=127
num_leaves=13
num_cat=0
split_feature=24 1 0 0 4 22 1 24 6 6 7 26
split_gain=1.00485e+09 1.81156e+08 1.04373e+09 7.70966e+08 7.71133e+07 3.62106e+07 1.9e+07 1.25515e+07 4.45599e+06 1.95244e+06 1.98125e+06 1.91572e+06
threshold=33344.444444444453 1.0000000180025095e-35 8.5000000000000018 79.100000000000009 1003.0500000000001 0.68301270189221941 0.6000000000000002 9963.8888888888905 5.5500000000000007 2.5500000000000003 26.250000000000004 9.1500000000000039
decision_type=2 2 2 2 2 2 2 2 2 2 2 2
left_child=1 3 -3 -1 -5 -6 -4 8 9 10 -8 -11
right_child=-2 2 6 4 5 -7 7 -9 -10 11 -12 -13
leaf_value=270.40295568320442 284.45148525422024 -257.387721868592 -31.039495806894919 -63.90316287390322 -13.11488118809978 59.611120865505995 0.58458062896267193 26.06784702482242 -18.046507510954925 5.9990474976103778 -11.343325854239989 -3.9357939457347073
leaf_weight=30 31 42 45 46 38 31 126 52 31 236 48 61
leaf_count=30 31 42 45 46 38 31 126 52 31 236 48 61
internal_value=5.70167 -5.32706 -16.7447 45.1235 -13.8289 19.598 0.168581 2.70869 0.284293 1.49436 -2.71047 3.9579
internal_weight=817 786 641 145 115 69 599 554 502 471 174 297
internal_count=817 786 641 145 115 69 599 554 502 471 174 297
is_linear=0
shrinkage=0.05


Tree=128
num_leaves=13
num_cat=0
split_feature=24 24 0 0 7 6 0 24 6 6 24 7
split_gain=9.07181e+08 1.63554e+08 9.42198e+08 6.96032e+08 7.15849e+07 3.05691e+07 1.38122e+07 1.24969e+07 3.90924e+06 2.10708e+06 2.15101e+06 2.12279e+06
threshold=33344.444444444453 1.0000000180025095e-35 8.5000000000000018 79.100000000000009 16.250000000000004 2.9500000000000006 52.600000000000009 10852.777777777779 5.5500000000000007 2.5500000000000003 7383.3333333333339 26.250000000000004
decision_type=2 2 2 2 2 2 2 2 2 2 2 2
left_child=1 3 -3 -1 -5 -6 -4 8 9 11 -11 -8
right_child=-2 2 6 4 5 -7 7 -9 -10 10 -12 -13
leaf_value=256.92772906230533 270.27465001931142 -244.54890564943435 -23.230476972643427 51.690761710899828 -7.6059782094579278 -67.931229327310902 0.77075837434538264 33.396067834590411 -16.428912261521315 1.6990706760778793 10.995566047496343 -11.667488952223493
leaf_weight=30 31 42 57 31 43 41 134 31 31 212 88 46
leaf_count=30 31 42 57 31 43 41 134 31 31 212 88 46
internal_value=5.41811 -5.06093 -15.9097 42.876 -13.1382 -37.0963 0.159887 2.6236 0.750598 1.86331 4.42881 -2.41259
internal_weight=817 786 641 145 115 84 599 542 511 480 300 180
internal_count=817 786 641 145 115 84 599 542 511 480 300 180
is_linear=0
shrinkage=0.05


Tree=129
num_leaves=13
num_cat=0
split_feature=24 1 0 0 26 4 1 24 24 26 4 2
split_gain=8.19004e+08 1.4766e+08 8.50546e+08 6.28383e+08 6.96401e+07 4.35766e+07 1.60057e+07 1.04798e+07 1.92748e+06 3.15758e+06 1.53087e+06 1.80276e+06
threshold=33344.444444444453 1.0000000180025095e-35 8.5000000000000018 79.100000000000009 6.5500000000000007 1006.1500000000002 0.6000000000000002 9963.8888888888905 8199.0750000000025 8.3500000000000032 1023.0500000000001 16.450000000000003
decision_type=2 2 2 2 2 2 2 2 2 2 2 2
left_child=1 3 -3 -1 -5 -6 -4 8 10 -10 11 -8
right_child=-2 2 6 4 5 -7 7 -9 9 -11 -12 -13
leaf_value=244.12402441081809 256.80436965108299 -232.35050296375698 -28.4917212086612 -64.672804419895741 -22.909225834241539 53.762676647516685 -4.7472790708222155 23.827724215760114 18.325144621011624 -1.9486657991896583 6.4903443296887167 2.6595927846085923
leaf_weight=30 31 42 45 41 36 38 243 52 36 41 58 124
leaf_count=30 31 42 45 41 36 38 243 52 36 41 58 124
internal_value=5.14876 -4.80799 -15.1162 40.7403 -12.4823 16.4822 0.151855 2.48323 0.267932 7.54141 -1.0513 -2.24463
internal_weight=817 786 641 145 115 74 599 554 502 77 425 367
internal_count=817 786 641 145 115 74 599 554 502 77 425 367
is_linear=0
shrinkage=0.05


Tree=130
num_leaves=10
num_cat=0
split_feature=0 0 0 4 0 6 0 1 26
split_gain=1.74241e+09 1.06574e+09 5.38527e+07 4.0061e+07 4.10683e+07 1.12481e+07 1.30233e+07 4.28327e+07 1.1295e+07
threshold=1.5000000000000002 7.5000000000000009 16.500000000000004 996.1500000000002 63.500000000000007 1.7500000000000002 621.60000000000014 0.6000000000000002 10.750000000000002
decision_type=2 2 2 2 2 2 2 2 2
left_child=-1 -2 -3 -4 -5 -6 8 -8 -7
right_child=1 2 3 4 5 6 7 -9 -10
leaf_value=-319.85322194926249 283.71894295879821 59.280895521773623 -61.490558894211269 -45.219625312307294 -28.863050759398067 0.68738862910384801 68.79249275942577 0.34715440782838819 -30.955692020999237
leaf_weight=42 34 34 30 52 30 447 30 95 30
leaf_count=42 34 34 30 52 30 447 30 95 30
internal_value=-6.51119 10.3567 -2.10516 -5.0362 -2.5515 0.965758 2.4568 16.8159 -1.3088
internal_weight=824 782 748 714 684 632 602 125 477
internal_count=824 782 748 714 684 632 602 125 477
is_linear=0
shrinkage=0.05


Tree=131
num_leaves=10
num_cat=0
split_feature=0 0 24 4 24 6 4 6 0
split_gain=1.57293e+09 9.62129e+08 6.10505e+07 3.5541e+07 1.37134e+07 1.74996e+07 2.04896e+07 1.47129e+07 9.63762e+06
threshold=1.5000000000000002 7.5000000000000009 12791.666666666668 997.75000000000011 10625.000000000002 4.7500000000000009 1008.5500000000001 1.7500000000000002 457.00000000000006
decision_type=2 2 2 2 2 2 2 2 2
left_child=-1 -2 3 -3 5 7 -7 -5 -9
right_child=1 2 -4 4 -6 6 -8 8 -10
leaf_value=-303.8985664277065 269.57460048597227 -45.434675110873705 53.10447215669474 -29.940323508569122 -35.468935548902749 -52.825070603592522 -1.6869299053897977 -0.21311446166183179 14.655426126306423
leaf_weight=42 34 52 47 33 30 33 48 346 159
leaf_count=42 34 52 47 33 30 33 48 346 159
internal_value=-6.18608 9.8404 -2.00015 -5.70181 -2.51176 -0.909007 -22.5605 2.35437 4.47023
internal_weight=824 782 748 701 649 619 81 538 505
internal_count=824 782 748 701 649 619 81 538 505
is_linear=0
shrinkage=0.05


Tree=132
num_leaves=10
num_cat=0
split_feature=0 0 24 4 27 24 24 7 28
split_gain=1.41992e+09 8.68592e+08 5.51114e+07 3.23931e+07 1.49607e+07 1.01029e+07 9.80408e+06 9.00939e+06 3.6788e+06
threshold=1.5000000000000002 7.5000000000000009 12791.666666666668 996.1500000000002 -0.99166813670569331 10400.992063492065 8143.5194444444451 12.950000000000001 0.45207220393230413
decision_type=2 2 2 2 2 2 2 2 2
left_child=-1 -2 3 -3 -5 6 7 -6 -8
right_child=1 2 -4 4 5 -7 8 -9 -10
leaf_value=-288.73973345178888 256.13539227348616 -56.162058068905964 50.454884853484529 -35.916572554089875 8.6542562957884837 -29.71628823137759 27.86184363826629 -6.6137729929623834 7.3380841634472533
leaf_weight=42 34 30 47 33 129 30 34 384 61
leaf_count=42 34 30 47 33 129 30 34 384 61
internal_value=-5.87758 9.34948 -1.9008 -5.4178 -3.14101 -1.44035 -0.0404948 -2.7735 14.7051
internal_weight=824 782 748 701 671 638 608 513 95
internal_count=824 782 748 701 671 638 608 513 95
is_linear=0
shrinkage=0.05


Tree=133
num_leaves=19
num_cat=0
split_feature=0 0 1 0 0 2 6 0 21 11 3 2 0 29 2 14 14 6
split_gain=1.2818e+09 7.84146e+08 4.55267e+07 1.07917e+08 4.91843e+07 4.01164e+07 9.38865e+06 9.25594e+06 8.6693e+06 4.12377e+06 5.26075e+06 4.58387e+06 7.00474e+06 1.46359e+06 1.39609e+06 1.35509e+06 1.15569e+06 667558
threshold=1.5000000000000002 7.5000000000000009 0.06904761904761901 184.50000000000003 16.500000000000004 7.5500000000000007 2.5500000000000003 155.85000000000005 0.82554347826086982 1.5000000000000002 79.350000000000009 8.2500000000000018 241.55000000000004 1.0000000180025095e-35 15.747000000000002 167.50000000000003 112.50000000000001 2.1500000000000008
decision_type=2 2 2 2 2 2 2 2 2 2 2 2 2 2 2 2 2 2
left_child=-1 -2 3 -3 -4 -5 7 8 -6 10 16 12 -11 15 -13 -9 -8 -15
right_child=1 2 4 5 6 -7 9 13 -10 11 -12 14 -14 17 -16 -17 -18 -19
leaf_value=-274.33702320089816 243.36617845999527 -96.933048959860471 63.076695442775943 41.613412171232739 -40.443304056999011 -26.980324600889777 -1.1907173159455302 2.4518765725822096 -5.2589835963018263 25.116464667422193 28.262120828345783 -8.4208697939860553 -1.3961947949740385 10.373469163254645 1.512020666835312 -11.123443805313995 10.307257627168745 0.14887148739655348
leaf_weight=42 34 40 33 37 35 50 35 32 35 42 37 86 61 30 60 43 58 34
leaf_count=42 34 40 33 37 35 50 35 32 35 42 37 86 61 30 60 43 58 34
internal_value=-5.5841 8.88342 -1.80599 -29.0706 3.77364 2.20595 0.435242 -8.0705 -22.8838 5.12665 12.3411 1.35659 9.42862 -0.599441 -4.34058 -5.33569 5.98338 4.95044
internal_weight=824 782 748 127 621 87 588 209 70 379 130 249 103 139 146 75 93 64
internal_count=824 782 748 127 621 87 588 209 70 379 130 249 103 139 146 75 93 64
is_linear=0
shrinkage=0.05


Tree=134
num_leaves=12
num_cat=0
split_feature=0 0 24 24 0 2 0 24 24 6 3
split_gain=1.15712e+09 7.07909e+08 4.79296e+07 2.36556e+07 7.33761e+07 3.77782e+07 1.57511e+07 2.4067e+07 2.7127e+06 2.24605e+06 1.62318e+06
threshold=1.5000000000000002 7.5000000000000009 12791.666666666668 2788.8888888888891 184.50000000000003 7.5500000000000007 58.400000000000006 10400.992063492065 8430.5555555555566 4.4500000000000011 56.45000000000001
decision_type=2 2 2 2 2 2 2 2 2 2 2
left_child=-1 -2 3 4 -3 -6 -5 8 9 -8 -10
right_child=1 2 -4 6 5 -7 7 -9 10 -11 -12
leaf_value=-260.65275588953017 231.23355908883283 -80.4911190499094 47.109558095749776 30.891841701291646 39.538350774142941 -26.221368087797295 -0.0029052199687262178 -46.230883218758926 1.169695012453954 -9.3684842164247808 16.284716696488228
leaf_weight=42 34 40 47 37 37 53 355 30 35 78 36
leaf_count=42 34 40 47 37 37 53 355 30 35 78 36
internal_value=-5.30514 8.44075 -1.71574 -4.9956 -24.2366 0.827005 -0.611509 -2.79971 -0.205853 -1.69179 8.84584
internal_weight=824 782 748 701 130 90 571 534 504 433 71
internal_count=824 782 748 701 130 90 571 534 504 433 71
is_linear=0
shrinkage=0.05


Tree=135
num_leaves=14
num_cat=0
split_feature=0 1 0 24 0 21 24 24 0 2 14 21 27
split_gain=7.27367e+08 8.30072e+07 2.57585e+08 6.94489e+07 6.85001e+07 6.03045e+07 1.14738e+07 3.38286e+06 2.52402e+06 2.14027e+06 3.07317e+06 962693 755580
threshold=2.5000000000000004 0.06904761904761901 137.95000000000002 13377.777777777779 16.500000000000004 0.66080292876644342 10319.444444444447 6208.102777777779 74.800000000000011 15.747000000000002 75.500000000000014 0.67792972831765952 -0.79356426026969629
decision_type=2 2 2 2 2 2 2 2 2 2 2 2 2
left_child=-1 2 -2 4 -3 -4 7 9 -9 10 -6 -10 -11
right_child=1 3 5 -5 6 -7 -8 8 11 12 -12 -13 -14
leaf_value=179.81797046485099 -174.45698163105405 -76.741460328231767 36.122380616064788 58.884350053561541 1.4866711024038808 -41.718284968027092 -32.787515555346928 16.06849036766361 -1.9620769485306486 -6.0695955229669902 -13.501520844502764 4.425904855886956 2.9275515476762117
leaf_weight=54 30 33 44 43 50 57 30 32 122 33 108 114 79
leaf_count=54 30 33 44 43 50 57 30 32 122 33 108 114 79
internal_value=2.56375 -9.80847 -46.0738 -2.42551 -6.82114 -7.80526 -2.74607 -1.0651 2.91393 -5.0143 -8.76045 1.12419 0.273512
internal_weight=829 775 131 644 601 101 568 538 268 270 158 236 112
internal_count=829 775 131 644 601 101 568 538 268 270 158 236 112
is_linear=0
shrinkage=0.05


Tree=136
num_leaves=10
num_cat=0
split_feature=0 4 24 0 3 3 0 24 21
split_gain=6.5658e+08 2.1485e+08 4.50442e+07 7.24134e+07 1.68902e+07 1.79579e+07 1.35879e+07 2.84885e+07 1.09142e+07
threshold=2.5000000000000004 995.40000000000009 12395.238095238097 42.000000000000007 35.400000000000006 42.95000000000001 151.40000000000003 4263.8888888888896 0.66080292876644342
decision_type=2 2 2 2 2 2 2 2 2
left_child=-1 -2 3 -3 -5 -6 7 -7 -8
right_child=1 2 -4 4 5 6 8 -9 -10
leaf_value=170.84369526015192 -135.96839303524695 -78.488203465973527 38.033023648980105 32.840196299632133 -39.736830719818371 -60.183896645200605 11.009449849310679 -5.0015492413862903 -5.1556333392239591
leaf_weight=54 32 34 59 30 36 30 165 105 284
leaf_count=54 32 34 59 30 36 30 165 105 284
internal_value=2.43527 -9.31951 -3.84735 -7.46487 -3.7383 -5.51324 -3.39712 -17.2998 0.785882
internal_weight=829 775 743 684 650 620 584 135 449
internal_count=829 775 743 684 650 620 584 135 449
is_linear=0
shrinkage=0.05


Tree=137
num_leaves=10
num_cat=0
split_feature=0 4 24 0 3 3 0 24 21
split_gain=5.92684e+08 1.93965e+08 4.06604e+07 6.53734e+07 1.52487e+07 1.62117e+07 1.22666e+07 2.57204e+07 9.85065e+06
threshold=2.5000000000000004 995.40000000000009 12395.238095238097 42.000000000000007 35.400000000000006 42.95000000000001 151.40000000000003 4263.8888888888896 0.66080292876644342
decision_type=2 2 2 2 2 2 2 2 2
left_child=-1 -2 3 -3 -5 -6 7 -7 -8
right_child=1 2 -4 4 5 6 8 -9 -10
leaf_value=162.31730144733422 -129.19115069855783 -74.5753018449129 36.134590709189276 31.203642775539151 -37.755493029861242 -57.184700808097354 10.459311041782874 -4.7517096995853683 -4.8979425522268993
leaf_weight=54 32 34 59 30 36 30 165 105 284
leaf_count=54 32 34 59 30 36 30 165 105 284
internal_value=2.31308 -8.8551 -3.6557 -7.09269 -3.55189 -5.23838 -3.22777 -16.4372 0.746653
internal_weight=829 775 743 684 650 620 584 135 449
internal_count=829 775 743 684 650 620 584 135 449
is_linear=0
shrinkage=0.05


Tree=138
num_leaves=17
num_cat=0
split_feature=2 1 24 27 27 1 24 24 2 26 4 24 9 21 27 4
split_gain=4.04949e+08 1.32962e+09 8.06287e+08 9.59842e+07 8.4057e+07 2.11566e+08 5.59158e+07 2.60873e+07 1.45985e+07 9.3187e+06 1.46286e+07 5.24758e+06 2.54275e+06 2.45392e+06 1.72626e+06 943727
threshold=1.0000000180025095e-35 0.13392857142857142 17600.000000000004 0.9821165111257959 0.56314550935064711 0.18333333333333332 3351.8527777777781 9819.4444444444471 13.250000000000002 8.4500000000000028 1010.6500000000002 8072.2222222222235 0.65000000000000002 0.67357463896257019 0.26781182513105634 1011.4500000000002
decision_type=2 2 2 2 2 2 2 2 2 2 2 2 2 2 2 2
left_child=1 -1 3 4 6 -6 -2 12 -7 11 -11 13 14 -8 -3 -16
right_child=2 7 -4 -5 5 8 9 -9 -10 10 -12 -13 -14 -15 15 -17
leaf_value=262.64247523661192 -59.895854679712343 -3.7797594555370875 -223.72633173026952 -88.833207924496321 107.71207437695817 -40.460124858523393 -13.524816352442691 -51.607365746672372 1.0349399005665498 -44.746112890028883 -1.694141066801526 17.053508110418754 -10.072692825742898 1.1167137990215392 2.9269139958319261 15.271881292666311
leaf_weight=59 51 47 45 31 58 34 36 30 56 31 54 46 51 138 32 30
leaf_count=59 51 47 45 31 58 34 36 30 56 31 54 46 51 138 32 30
internal_value=2.19701 55.5186 -20.7001 -3.58451 1.67553 33.3318 -11.4906 -8.90313 -14.6684 -3.37961 -17.4296 2.05424 -0.868824 -1.91857 3.44281 8.91534
internal_weight=829 249 580 535 504 148 356 190 90 305 85 220 160 174 109 62
internal_count=829 249 580 535 504 148 356 190 90 305 85 220 160 174 109 62
is_linear=0
shrinkage=0.05


Tree=139
num_leaves=12
num_cat=0
split_feature=0 1 0 24 0 30 28 24 6 0 24
split_gain=5.44285e+08 8.38766e+07 2.22475e+08 6.02078e+07 5.78918e+07 4.15851e+07 4.42595e+07 1.14023e+07 4.50672e+06 2.71218e+06 1.80829e+06
threshold=2.5000000000000004 0.06904761904761901 137.95000000000002 13377.777777777779 16.500000000000004 -0.56174490092936669 -0.66483077113278999 10319.444444444447 5.8500000000000005 74.800000000000011 4564.8138888888898
decision_type=2 2 2 2 2 2 2 2 2 2 2
left_child=-1 2 -2 4 -3 -4 -7 8 9 -6 -11
right_child=1 3 5 -5 7 6 -8 -9 -10 10 -12
leaf_value=155.4184401986339 -164.3843299232052 -69.566168480265176 -54.456747382826819 55.890261947029984 13.401131658429486 -31.717441024019873 49.888627453827155 -31.489155459483204 -18.66447584963716 -6.8461176893899722 1.5355920126753091
leaf_weight=54 30 33 34 43 42 30 37 30 30 77 389
leaf_count=54 30 33 34 43 42 30 37 30 30 77 389
internal_value=2.08637 -8.61608 -45.0707 -1.19476 -5.28767 -9.50348 13.3557 -1.54158 0.133888 1.24749 0.149449
internal_weight=829 775 131 644 601 101 67 568 538 508 466
internal_count=829 775 131 644 601 101 67 568 538 508 466
is_linear=0
shrinkage=0.05


Tree=140
num_leaves=11
num_cat=0
split_feature=0 0 24 24 9 4 0 4 28 21
split_gain=7.59974e+08 6.4304e+08 3.54661e+07 1.89342e+07 5.65028e+07 4.65605e+07 1.75256e+07 4.1209e+06 3.06622e+06 2.31016e+06
threshold=1.5000000000000002 7.5000000000000009 12791.666666666668 2788.8888888888891 1.0000000180025095e-35 1006.85 58.400000000000006 997.45000000000016 0.96897393274411392 0.64356805762543479
decision_type=2 2 2 2 2 2 2 2 2 2
left_child=-1 -2 3 4 5 -3 -5 -8 9 -9
right_child=1 2 -4 6 -6 -7 7 8 -10 -11
leaf_value=-211.90585993816728 211.61767638999959 49.162641256826902 42.595897943503275 33.822358324521801 -62.532809533283206 -31.174904206885163 16.949571033727342 -5.2319085094387372 -13.968114509709395 2.1987563943253563
leaf_weight=40 38 35 48 40 47 37 32 158 45 309
leaf_count=40 38 35 48 40 47 37 32 158 45 309
internal_value=0.435005 11.2256 1.05905 -1.78268 -19.9519 7.89202 1.92239 -0.428974 -1.51824 -0.31583
internal_weight=829 789 751 703 119 72 584 544 512 467
internal_count=829 789 751 703 119 72 584 544 512 467
is_linear=0
shrinkage=0.05


Tree=141
num_leaves=10
num_cat=0
split_feature=0 0 0 24 0 4 4 26 24
split_gain=6.86057e+08 5.80504e+08 3.25405e+07 3.40207e+07 1.76519e+07 1.18485e+07 1.83156e+07 3.40007e+07 1.51283e+07
threshold=1.5000000000000002 7.5000000000000009 16.500000000000004 13788.888888888892 72.300000000000026 996.1500000000002 1006.85 8.4500000000000028 2788.8888888888891
decision_type=2 2 2 2 2 2 2 2 2
left_child=-1 -2 -3 4 -4 -6 7 -7 -8
right_child=1 2 3 -5 5 6 8 -9 -10
leaf_value=-201.33700489985972 201.06455678063742 48.728020151199836 -31.234195061513489 50.766406326040482 -30.821107361398386 3.3618600631726361 -33.39099720373175 58.237104321365138 -2.3631748771640999
leaf_weight=40 38 34 53 30 32 164 44 34 360
leaf_count=40 38 34 53 30 32 164 44 34 360
internal_value=0.413443 10.6658 1.00631 -1.26312 -3.54221 -1.2227 0.355488 12.8095 -5.74988
internal_weight=829 789 751 717 687 634 602 198 404
internal_count=829 789 751 717 687 634 602 198 404
is_linear=0
shrinkage=0.05


Tree=142
num_leaves=12
num_cat=0
split_feature=0 0 0 0 24 5 29 24 0 6 4
split_gain=6.19331e+08 5.24048e+08 2.93765e+07 3.07269e+07 2.8035e+07 1.60615e+07 1.228e+07 1.68205e+07 1.37532e+07 9.14702e+06 174925
threshold=1.5000000000000002 7.5000000000000009 16.500000000000004 72.300000000000026 10319.444444444447 17.125000000000004 0.87837969732492682 4784.7222222222235 932.60000000000014 4.4500000000000011 1009.85
decision_type=2 2 2 2 2 2 2 2 2 2 2
left_child=-1 -2 -3 5 6 -4 8 -8 9 -5 -9
right_child=1 2 3 4 -6 -7 7 10 -10 -11 -12
leaf_value=-191.29524543743182 191.03771010271208 46.298762383558881 -10.41035875592913 2.5501775063265377 46.306815682128729 -58.778772065052742 46.487734368989706 -1.4171597623349821 -27.614364007521502 -16.285129308020252 3.9307780655250677
leaf_weight=40 38 34 37 393 34 32 31 30 52 77 31
leaf_count=40 38 34 37 393 34 32 31 30 52 77 31
internal_value=0.393151 10.1342 0.956417 -1.19986 2.17961 -32.8948 -0.271052 16.562 -3.24041 -0.538404 1.30255
internal_weight=829 789 751 717 648 69 614 92 522 470 61
internal_count=829 789 751 717 648 69 614 92 522 470 61
is_linear=0
shrinkage=0.05


Tree=143
num_leaves=11
num_cat=0
split_feature=0 0 1 0 24 9 0 24 26 6
split_gain=5.59094e+08 4.73083e+08 3.09711e+07 8.32245e+07 5.08298e+07 2.73153e+07 1.93391e+07 4.4178e+06 2.95828e+06 2.26092e+06
threshold=1.5000000000000002 7.5000000000000009 0.06904761904761901 148.80000000000004 13249.107142857147 1.0000000180025095e-35 48.050000000000004 10083.333333333334 3.0500000000000012 5.1500000000000012
decision_type=2 2 2 2 2 2 2 2 2 2
left_child=-1 -2 3 -3 6 -5 -4 8 -8 -10
right_child=1 2 4 5 -6 -7 7 -9 9 -11
leaf_value=-181.75433924953242 181.51089919883748 -94.365178628458935 39.353620646378708 23.512351311616158 59.775024868782026 -33.954678659928895 15.747614129278745 -18.865634192071159 0.65313385244629618 -11.202804902135108
leaf_weight=40 38 30 32 55 40 33 30 31 456 44
leaf_count=40 38 30 32 55 40 33 30 31 456 44
internal_value=0.373679 9.62891 0.908802 -22.5975 5.29358 1.94808 1.60914 -0.550459 0.524154 -0.39221
internal_weight=829 789 751 118 633 88 593 561 530 500
internal_count=829 789 751 118 633 88 593 561 530 500
is_linear=0
shrinkage=0.05


Tree=144
num_leaves=11
num_cat=0
split_feature=0 0 1 0 24 9 0 24 26 24
split_gain=5.04714e+08 4.27077e+08 2.79622e+07 7.51348e+07 4.58859e+07 2.46586e+07 1.74593e+07 3.9884e+06 2.6708e+06 2.16283e+06
threshold=1.5000000000000002 7.5000000000000009 0.06904761904761901 148.80000000000004 13249.107142857147 1.0000000180025095e-35 48.050000000000004 10083.333333333334 3.0500000000000012 6118.0555555555557
decision_type=2 2 2 2 2 2 2 2 2 2
left_child=-1 -2 3 -3 6 -5 -4 8 -8 -10
right_child=1 2 4 5 -6 -7 7 -9 9 -11
leaf_value=-172.68928931942605 172.45917349587589 -89.662593991099016 37.392070351954196 22.338869140736637 56.7937282058069 -32.262071347884905 14.962849319812861 -17.925385672026508 -3.808408675439086 2.7736342394422726
leaf_weight=40 38 30 32 55 40 33 30 31 239 261
leaf_count=40 38 30 32 55 40 33 30 31 239 261
internal_value=0.354877 9.14849 0.863233 -21.472 5.02958 1.85008 1.5289 -0.523057 0.497995 -0.372705
internal_weight=829 789 751 118 633 88 593 561 530 500
internal_count=829 789 751 118 633 88 593 561 530 500
is_linear=0
shrinkage=0.05


Tree=145
num_leaves=20
num_cat=0
split_feature=2 0 0 26 1 1 0 8 21 7 0 3 28 8 25 8 8 22 7
split_gain=3.91651e+08 2.35776e+09 1.19554e+09 5.49899e+07 6.98517e+07 5.88903e+07 8.06513e+07 5.90843e+07 4.83216e+07 1.14799e+07 1.00327e+07 6.74542e+06 4.02142e+06 4.51811e+06 3.95834e+06 2.92579e+06 2.84475e+06 2.80276e+06 2.02763e+06
threshold=16.450000000000003 2.5000000000000004 102.05000000000003 9.6500000000000039 0.13392857142857142 0.29166666666666669 95.600000000000009 14.750000000000002 0.66080292876644342 27.350000000000005 245.65000000000003 87.450000000000003 0.89771014032557062 2.6000000000000005 22.284120000000005 17.450000000000003 21.450000000000003 0.68301270189221941 7.5500000000000007
decision_type=2 2 2 2 2 2 2 2 2 2 2 2 2 2 2 2 2 2 2
left_child=1 -1 -2 5 -5 6 7 -3 -8 11 -6 12 13 -7 15 -4 -16 -12 -14
right_child=2 3 14 4 10 9 8 -9 -10 -11 17 -13 18 -15 16 -17 -18 -19 -20
leaf_value=359.09005641587646 -345.11706974561821 -29.745425666490174 0.11615080437271258 91.630104882546306 26.541414025894131 22.917972175867995 29.604656930587353 -127.41276565993329 -50.70248104966339 26.457221515106767 -16.152783829912877 -20.230206342885026 -0.46858193294044109 2.0886517440431347 -18.487166519418505 21.672553836150819 0.75877520943765586 5.0792450282351389 -18.136022056260675
leaf_weight=49 30 31 33 32 40 31 47 31 31 43 31 40 34 160 30 30 53 31 31
leaf_count=49 30 31 33 32 40 31 47 31 31 43 31 40 34 160 30 30 53 31 31
internal_value=8.07862 25.7041 -58.1942 -0.999224 27.3024 -8.92065 -36.1891 -78.7057 -2.33627 2.34799 7.05116 -1.1621 1.82401 5.47958 0.95839 10.3993 -6.2114 -5.5456 -8.90958
internal_weight=838 662 176 613 134 479 140 62 78 339 102 296 256 191 146 63 83 62 65
internal_count=838 662 176 613 134 479 140 62 78 339 102 296 256 191 146 63 83 62 65
is_linear=0
shrinkage=0.05


Tree=146
num_leaves=14
num_cat=0
split_feature=4 0 1 0 0 0 2 27 26 0 27 3 14
split_gain=6.10597e+08 3.41234e+08 1.43022e+08 7.85585e+08 3.33544e+08 9.62052e+07 5.02144e+07 5.10592e+06 4.57117e+06 3.07351e+06 1.99086e+06 5.25089e+06 2.133e+06
threshold=995.40000000000009 1.5000000000000002 0.13392857142857142 16.500000000000004 21.150000000000002 110.80000000000001 11.150000000000002 0.92591620288614507 9.4500000000000046 79.100000000000009 0.24284747324344283 46.95000000000001 137.50000000000003
decision_type=2 2 2 2 2 2 2 2 2 2 2 2 2
left_child=-1 -2 3 -3 -4 -5 -7 9 -9 -6 11 -11 -12
right_child=1 2 4 5 7 6 -8 8 -10 10 12 -13 -14
leaf_value=211.80298786747491 -145.31708541050591 246.49836727252469 -164.74255024949838 -90.176694202106262 14.670800322047695 -17.424051590094916 55.069293686457712 5.1975853550190827 30.256145112997469 17.936787179379763 1.9090260029697506 -4.055891715741943 16.373087009130288
leaf_weight=35 39 38 31 30 41 59 40 44 31 30 111 276 33
leaf_count=35 39 38 31 30 41 59 40 44 31 30 111 276 33
internal_value=7.67444 -1.24807 6.12428 47.0125 -5.3194 -11.8962 11.8922 3.43981 15.5817 1.58234 0.386831 -1.89458 5.2328
internal_weight=838 803 764 167 597 129 99 566 75 491 450 306 144
internal_count=838 803 764 167 597 129 99 566 75 491 450 306 144
is_linear=0
shrinkage=0.05


Tree=147
num_leaves=12
num_cat=0
split_feature=4 0 24 1 2 0 29 24 24 27 3
split_gain=5.5123e+08 3.08046e+08 1.50962e+08 7.1232e+07 1.86101e+08 1.75767e+08 7.93932e+07 1.69527e+07 4.40779e+06 3.72209e+06 2.22498e+06
threshold=995.40000000000009 1.5000000000000002 18257.575757575763 0.11805555555555557 11.150000000000002 9.5000000000000018 1.0000000180025095e-35 10852.777777777779 8199.0750000000025 0.24284747324344283 62.70000000000001
decision_type=2 2 2 2 2 2 2 2 2 2 2
left_child=-1 -2 3 4 6 -5 -3 8 9 -7 -10
right_child=1 2 -4 5 -6 7 -8 -9 10 -11 -12
leaf_value=201.24301854484099 -138.06980857751557 40.080278332841715 113.71376931537003 -123.53684902254527 110.10827087299552 -3.9623966178595902 -64.950409704493723 -34.940509823475303 5.8404832938838442 5.349790012699934 20.323178756152085
leaf_weight=35 39 34 31 30 50 243 38 32 72 192 42
leaf_count=35 39 34 31 30 50 243 38 32 72 192 42
internal_value=7.29179 -1.18588 5.8188 1.24082 36.1061 -5.72558 -15.3657 0.377819 2.44244 0.148083 11.1894
internal_weight=838 803 764 733 122 611 72 581 549 435 114
internal_count=838 803 764 733 122 611 72 581 549 435 114
is_linear=0
shrinkage=0.05


Tree=148
num_leaves=12
num_cat=0
split_feature=4 0 24 24 2 0 29 24 24 27 3
split_gain=4.97635e+08 2.78085e+08 1.36291e+08 6.432e+07 1.83908e+08 1.59078e+08 7.05976e+07 1.39775e+07 4.48234e+06 3.5631e+06 1.80312e+06
threshold=995.40000000000009 1.5000000000000002 18257.575757575763 1.0000000180025095e-35 11.150000000000002 8.5000000000000018 1.0000000180025095e-35 10852.777777777779 8493.0555555555566 0.24284747324344283 62.70000000000001
decision_type=2 2 2 2 2 2 2 2 2 2 2
left_child=-1 -2 3 4 6 -5 -3 8 9 -7 -10
right_child=1 2 -4 5 -6 7 -8 -9 10 -11 -12
leaf_value=191.20953844809463 -131.18397647633273 38.117701398497985 108.04635655443002 -117.3805264280484 112.91164140680605 -3.7039243001986857 -61.711411912172174 -31.080982064768627 7.1103012947959172 5.2493212003770475 21.217298203409591
leaf_weight=35 39 33 31 30 46 253 38 33 68 198 34
leaf_count=35 39 33 31 30 46 253 38 33 68 198 34
internal_value=6.92798 -1.12702 5.52831 1.17846 35.147 -5.27801 -15.3235 0.480069 2.36875 0.22705 11.8289
internal_weight=838 803 764 733 117 616 71 586 553 451 102
internal_count=838 803 764 733 117 616 71 586 553 451 102
is_linear=0
shrinkage=0.05


Tree=149
num_leaves=13
num_cat=0
split_feature=4 0 0 27 27 26 4 1 0 0 21 21
split_gain=4.49251e+08 2.51039e+08 1.31465e+08 3.8753e+07 1.4275e+07 3.46932e+07 1.22753e+07 1.06695e+07 3.26999e+07 2.83006e+06 2.25357e+06 2.18969e+06
threshold=995.40000000000009 1.5000000000000002 12.750000000000002 -0.99273952934267318 0.85206963063867758 9.6500000000000039 1008.7500000000001 0.06904761904761901 280.25000000000006 61.45000000000001 1.5118446601941751 0.84375672043010763
decision_type=2 2 2 2 2 2 2 2 2 2 2 2
left_child=-1 -2 -3 -4 7 6 -6 8 -5 -9 -11 -8
right_child=1 2 3 4 5 -7 11 9 -10 10 -12 -13
leaf_value=181.67629351493639 -124.64155735493927 81.142879190103713 -54.995161276384955 -57.602287729804019 -23.875214115825216 55.63511478799834 23.211853401843101 15.139897175188418 6.3339238125501147 1.8703265249663674 -8.43487262295832 4.1072308175983627
leaf_weight=35 39 53 31 32 34 40 30 35 53 364 62 30
leaf_count=35 39 53 31 32 34 40 30 35 53 364 62 30
internal_value=6.58241 -1.071 5.25241 -0.415298 2.08062 16.6975 0.0867124 -1.50907 -17.7755 1.49337 0.36887 13.6824
internal_weight=838 803 764 711 680 134 94 546 85 461 426 60
internal_count=838 803 764 711 680 134 94 546 85 461 426 60
is_linear=0
shrinkage=0.05


Tree=150
num_leaves=21
num_cat=0
split_feature=6 3 6 14 27 4 4 2 2 10 5 6 4 8 3 2 7 8 20 4
split_gain=2.6387e+08 2.80546e+08 4.18515e+08 3.03721e+08 1.57645e+08 2.9438e+08 1.47206e+08 1.27417e+08 9.05566e+07 2.00228e+08 8.85723e+07 2.81121e+08 1.04969e+08 5.08664e+07 3.97436e+07 3.79696e+07 3.24834e+07 1.87149e+07 1.09988e+07 2.98347e+06
threshold=6.3500000000000005 86.250000000000014 2.2500000000000004 15.000000000000002 -0.833548052892222 1015.7500000000001 1007.7500000000001 13.250000000000002 11.150000000000002 5.5000000000000009 11.65 2.9500000000000006 1022.4500000000002 15.65 56.45000000000001 7.5500000000000007 26.150000000000002 3.1500000000000008 9.9928000000000026 1000.7500000000001
decision_type=2 2 2 2 2 2 2 2 2 2 2 2 2 2 2 2 2 2 2 2
left_child=1 3 -3 -1 5 14 8 -4 13 -10 12 18 17 -6 -5 -14 -16 -8 -12 -11
right_child=-2 2 7 4 6 -7 10 -9 9 19 11 -13 15 -15 16 -17 -18 -19 -20 -21
leaf_value=152.08090812961919 123.75119049235394 -248.7599414470584 -102.57875469499253 -50.977556099368883 8.9160917011368301 173.31421472198326 17.737180098014257 34.291560426270564 150.5415846206817 -8.8309041167205233 -38.764994053191124 -165.96868173882453 -117.80708374557304 -72.845667299748754 56.887941554376852 -38.134226660237367 -12.226240600039587 -17.445407376433486 -0.2109763085966051 9.4452036675709881
leaf_weight=30 36 30 30 30 39 31 75 39 30 37 30 51 30 37 30 30 39 76 48 56
leaf_count=30 36 30 30 30 39 31 75 39 30 37 30 51 30 37 30 30 39 76 48 56
internal_value=-8.47293 -14.4527 -93.1836 -3.29022 -10.2792 39.1232 -22.1995 -25.2795 11.9518 38.4529 -42.1857 -74.8101 -22.214 -30.9323 -3.02869 -78.1005 17.8622 0.0295283 -15.0702 2.17233
internal_weight=834 798 99 699 669 130 539 69 199 123 340 129 211 76 99 60 69 151 78 93
internal_count=834 798 99 699 669 130 539 69 199 123 340 129 211 76 99 60 69 151 78 93
is_linear=0
shrinkage=0.05


Tree=151
num_leaves=14
num_cat=0
split_feature=6 0 26 1 0 6 24 24 4 0 0 28 27
split_gain=2.38211e+08 4.40848e+08 1.62086e+09 5.78804e+07 7.28726e+07 3.31241e+07 3.20105e+07 1.354e+07 3.78402e+06 6.49712e+06 3.57067e+06 2.4383e+06 1.70976e+06
threshold=6.3500000000000005 7.5000000000000009 7.6500000000000012 0.06904761904761901 161.80000000000004 2.9500000000000006 13377.777777777779 10625.000000000002 1002.9500000000002 76.250000000000014 117.60000000000001 0.97690230611205497 -0.15005400879207767
decision_type=2 2 2 2 2 2 2 2 2 2 2 2 2
left_child=1 2 -1 4 -3 -6 7 8 10 -10 -5 -11 -12
right_child=-2 3 -4 6 5 -7 -8 -9 9 11 12 -13 -14
leaf_value=-376.34996058220736 117.58077634193228 -97.890284175815182 122.89307465875264 -21.011539488377366 18.761079190205578 -45.508170857521968 47.163079120801846 -31.139932010626872 22.192188866016874 3.3961225463321867 7.1067717351411517 -10.216283877998839 -9.0305016532292779
leaf_weight=34 36 33 31 30 45 36 39 32 45 371 36 36 30
leaf_count=34 36 33 31 30 45 36 39 32 45 371 36 36 30
internal_value=-8.05016 -13.7318 -138.426 -2.65687 -35.3803 -9.82386 3.37446 0.422424 2.27084 4.18571 -6.73997 2.18985 -0.230842
internal_weight=834 798 65 733 114 81 619 580 548 452 96 407 66
internal_count=834 798 65 733 114 81 619 580 548 452 96 407 66
is_linear=0
shrinkage=0.05


Tree=152
num_leaves=16
num_cat=0
split_feature=3 3 0 27 0 0 6 27 1 21 1 10 24 11 2
split_gain=2.42126e+08 2.94556e+08 4.89181e+08 1.50336e+08 8.33325e+08 5.72068e+08 3.21736e+07 2.42958e+07 2.36737e+07 1.51474e+07 3.50626e+07 1.95574e+07 8.58325e+06 1.25781e+06 743991
threshold=94.100000000000009 86.250000000000014 184.50000000000003 0.67760851415498091 6.5000000000000009 60.350000000000009 4.7500000000000009 -0.98513799718698414 0.6000000000000002 0.89678709677419366 0.095454545454545472 4.5000000000000009 7449.0750000000007 3.5000000000000004 10.450000000000001
decision_type=2 2 2 2 2 2 2 2 2 2 2 2 2 2 2
left_child=1 3 -3 4 -1 -5 7 -6 -7 10 -9 -11 13 14 -10
right_child=-2 2 -4 5 6 8 -8 9 12 11 -12 -13 -14 -15 -16
leaf_value=258.08586330710909 131.58074343545096 -262.92430210493728 -11.352889765564925 -236.78367421006084 -40.287421101382655 -39.230948001268672 -41.538809298930204 52.544492585119542 10.286134598500704 -41.349178183625014 2.3544648120708795 0.88191982563283777 31.033407373523399 -7.299915771310892 -0.74744985709236367
leaf_weight=32 30 30 54 31 35 34 53 41 30 37 227 105 30 34 31
leaf_count=32 30 30 54 31 35 34 53 41 30 37 227 105 30 34 31
internal_value=-7.64917 -12.86 -101.406 -2.51706 11.1633 -40.6639 -4.75182 -0.362089 -2.30189 3.05515 10.0495 -10.1433 7.76611 0.393584 4.68678
internal_weight=834 804 84 720 530 190 498 445 159 410 268 142 125 95 61
internal_count=834 804 84 720 530 190 498 445 159 410 268 142 125 95 61
is_linear=0
shrinkage=0.05


Tree=153
num_leaves=11
num_cat=0
split_feature=3 0 24 0 24 6 3 24 6 26
split_gain=2.18595e+08 2.80718e+08 2.54236e+08 1.9204e+08 2.59559e+07 5.26588e+07 4.97211e+07 2.2402e+07 7.61294e+06 2.95708e+06
threshold=94.100000000000009 1.5000000000000002 18995.369444444448 14.500000000000002 1.0000000180025095e-35 3.7500000000000004 73.450000000000017 10852.777777777779 5.6500000000000012 3.600000000000001
decision_type=2 2 2 2 2 2 2 2 2 2
left_child=1 -1 3 -3 5 6 -5 8 9 -6
right_child=-2 2 -4 4 7 -7 -8 -9 -10 -11
leaf_value=-144.684726152395 125.02355849053772 -131.14972124426535 134.39804446106936 25.918060023571499 16.4036737619607 -82.22971028835974 -53.705037313501649 -38.455868848327484 -22.919889440826168 1.1705010660651589
leaf_weight=38 30 32 31 48 34 32 33 39 32 485
leaf_count=38 30 32 31 48 34 32 33 39 32 485
internal_value=-7.26788 -12.2191 -5.62963 -11.553 -6.09121 -28.0332 -6.54714 -1.88472 0.710301 2.17141
internal_weight=834 804 766 735 703 113 81 590 551 519
internal_count=834 804 766 735 703 113 81 590 551 519
is_linear=0
shrinkage=0.05


Tree=154
num_leaves=17
num_cat=0
split_feature=6 0 28 1 0 30 0 6 24 24 4 0 6 27 21 24
split_gain=2.12435e+08 3.85306e+08 6.99403e+08 4.64172e+07 5.67722e+07 3.1161e+07 2.59509e+07 8.21467e+06 1.85816e+07 1.05657e+07 2.08681e+06 4.91958e+06 1.68664e+06 1.6676e+06 929027 879678
threshold=6.3500000000000005 7.5000000000000009 0.16704543776228151 0.06904761904761901 161.80000000000004 -0.56174490092936669 16.500000000000004 2.5500000000000003 9819.4444444444471 10083.333333333334 1003.0500000000001 101.30000000000001 2.1500000000000008 -0.40147311773604372 0.77571496826155228 5349.5361111111115
decision_type=2 2 2 2 2 2 2 2 2 2 2 2 2 2 2 2
left_child=1 2 -1 4 -3 -6 -5 8 12 10 13 -12 15 -9 -14 -8
right_child=-2 3 -4 6 5 -7 7 9 -10 -11 11 -13 14 -15 -16 -17
leaf_value=-300.20723067893857 111.73369193460142 -86.395806797177414 27.816889125790414 47.259417970455331 -49.013395984941148 15.119514799771245 10.623186757413281 2.6813314957476138 -43.210641186736353 28.790054610489143 20.08893043626799 1.5036978592969596 -12.366104848511121 -13.707416728129639 -1.792455083746999 0.30619920091923264
leaf_weight=31 36 33 34 32 30 51 33 30 30 43 42 231 32 32 59 55
leaf_count=31 36 33 34 32 30 51 33 30 30 43 42 231 32 32 59 55
internal_value=-6.9055 -12.271 -128.846 -1.91731 -31.2217 -8.6645 3.48378 1.08973 -6.86288 5.48746 2.48867 4.36929 -0.750318 -5.78575 -5.52021 4.18279
internal_weight=834 798 65 733 114 81 619 587 209 378 335 273 179 62 91 88
internal_count=834 798 65 733 114 81 619 587 209 378 335 273 179 62 91 88
is_linear=0
shrinkage=0.05


Tree=155
num_leaves=19
num_cat=0
split_feature=24 24 8 0 0 24 7 0 21 24 24 24 24 0 25 0 24 28
split_gain=1.37954e+09 4.31e+08 1.92088e+08 1.95096e+09 8.71683e+08 6.4655e+07 5.59281e+07 1.40917e+07 4.07089e+07 4.68176e+07 8.58371e+06 7.29985e+06 7.03058e+06 4.00526e+06 1.71146e+06 1.08734e+06 1.30178e+06 684778
threshold=33344.444444444453 17600.000000000004 16.550000000000004 54.750000000000007 8.5000000000000018 3351.8527777777781 27.350000000000005 453.15000000000003 0.89678709677419366 4032.4083333333338 2788.8888888888891 5064.8138888888898 10555.555555555557 66.700000000000017 22.744740000000004 531.10000000000002 6291.666666666667 -0.8520459593969173
decision_type=2 2 2 2 2 2 2 2 2 2 2 2 2 2 2 2 2 2
left_child=1 2 4 -4 -1 6 -5 10 9 -9 -6 -10 13 -12 17 16 -16 -7
right_child=-2 -3 3 5 7 14 -8 8 11 -11 12 -13 -14 -15 15 -17 -18 -19
leaf_value=-257.93977950223831 332.6389342280446 -175.56526861217213 394.70618299040552 -102.02443645281373 -30.246002188679491 2.8323307295825995 -8.5356443724064963 85.329191800329085 -32.450447116229469 6.8779731329978127 17.345250535486542 1.3098972823458852 -24.970676431931864 -2.1063287804193118 -10.072491874987699 6.0325468719580551 1.6045761869607871 13.262352369452595
leaf_weight=35 31 36 33 33 31 32 31 31 33 49 30 31 31 219 52 31 44 31
leaf_count=35 31 36 33 33 31 32 31 31 33 49 30 31 31 219 52 31 44 31
internal_value=5.82181 -6.67922 1.16719 33.6443 -17.8581 -13.4021 -56.8248 0.662329 13.5883 37.3465 -5.32513 -16.1212 -2.5562 0.243237 1.24663 -2.09593 -4.72435 7.97753
internal_weight=844 813 777 287 490 254 64 455 144 80 311 64 280 249 190 127 96 63
internal_count=844 813 777 287 490 254 64 455 144 80 311 64 280 249 190 127 96 63
is_linear=0
shrinkage=0.05


Tree=156
num_leaves=17
num_cat=0
split_feature=24 24 8 0 0 4 6 0 21 24 6 24 24 0 24 24
split_gain=1.24545e+09 3.89092e+08 1.73413e+08 1.7613e+09 7.8693e+08 6.16572e+07 1.58168e+07 1.27217e+07 3.67516e+07 4.22676e+07 1.04571e+07 7.91995e+06 7.74956e+06 6.6937e+06 6.59022e+06 5.97098e+06
threshold=33344.444444444453 17600.000000000004 16.550000000000004 54.750000000000007 8.5000000000000018 996.50000000000011 2.1500000000000008 453.15000000000003 0.89678709677419366 4032.4083333333338 4.1500000000000012 4201.3888888888896 2788.8888888888891 66.700000000000017 5064.8138888888898 10083.333333333334
decision_type=2 2 2 2 2 2 2 2 2 2 2 2 2 2 2 2
left_child=1 2 4 -4 -1 -5 -7 12 9 -9 11 -8 -6 -14 -10 -15
right_child=-2 -3 3 5 7 6 10 8 14 -11 -12 -13 13 15 -16 -17
leaf_value=-245.07953146910054 316.06046225005025 -166.81132541984073 375.03049276300067 -79.923581776666481 -28.738563903121708 -28.145133646640296 32.299216220386796 81.076449437770052 -30.832825387028407 6.5347749779884783 -21.302324902486941 3.3219608027600671 16.482667619034537 -2.5430919322256038 1.244613151304975 -26.026885234121341
leaf_weight=35 31 36 33 30 31 51 30 31 33 49 34 109 40 209 31 31
leaf_count=35 31 36 33 30 31 51 30 31 33 49 34 109 40 209 31 31
internal_value=5.53201 -6.34597 1.10923 31.9673 -16.9676 -12.7339 -3.70365 0.629444 12.911 35.4849 3.51371 9.5948 -5.05952 -2.42857 -15.3175 -5.58601
internal_weight=844 813 777 287 490 254 224 455 144 80 173 139 311 280 64 240
internal_count=844 813 777 287 490 254 224 455 144 80 173 139 311 280 64 240
is_linear=0
shrinkage=0.05


Tree=157
num_leaves=20
num_cat=0
split_feature=2 1 1 27 21 27 26 9 6 23 3 3 20 4 26 26 20 21 6
split_gain=3.77229e+08 1.29403e+09 4.12679e+08 4.80737e+08 7.8618e+08 6.19754e+08 2.74559e+08 2.26567e+08 5.90563e+07 2.42275e+07 2.62097e+07 2.4654e+07 8.77901e+06 1.17183e+07 4.65868e+06 4.18038e+06 958474 813434 766729
threshold=16.450000000000003 0.6000000000000002 0.15476190476190474 -0.8287624125448585 0.7325359015272398 0.60500564346204555 8.3500000000000032 0.15000000000000005 2.0500000000000003 -0.5 70.550000000000011 36.600000000000001 12.993550000000001 1010.4500000000002 10.450000000000005 8.9500000000000046 21.470950000000006 0.90106947113673586 3.0500000000000003
decision_type=2 2 2 2 2 2 2 2 2 2 2 2 2 2 2 2 2 2 2
left_child=2 -2 3 -1 5 7 -6 -5 -4 10 -10 -11 13 15 -15 -13 17 -3 -19
right_child=1 16 8 4 6 -7 -8 -9 9 11 -12 12 -14 14 -16 -17 -18 18 -20
leaf_value=234.61126032177259 -346.91838262445089 12.842674927264902 44.073146282394802 123.67573503673584 276.67651968549745 -236.97410437498377 74.077502150549577 -63.310267598862666 -71.354381938947 -46.177056067856178 -13.646831744940602 -8.8762039502868255 25.767953667840004 7.6053490555490004 -13.565917129148623 -33.485226256134432 -3.7974286941198816 -0.30108256958677859 9.6967752959567246
leaf_weight=41 32 33 57 35 33 30 34 30 30 31 57 39 31 158 31 31 30 50 31
leaf_count=41 32 33 57 35 33 30 34 30 30 31 57 39 31 158 31 31 30 50 31
internal_value=5.25661 -59.8456 22.4157 81.876 43.0999 -49.3958 174.129 37.4097 -3.55429 -10.2173 -33.6051 -3.87005 0.666766 -2.34639 4.12745 -19.8068 4.14483 6.23644 3.53243
internal_weight=844 176 668 203 162 95 67 65 465 408 87 321 290 259 189 70 144 114 81
internal_count=844 176 668 203 162 95 67 65 465 408 87 321 290 259 189 70 144 114 81
is_linear=0
shrinkage=0.05


Tree=158
num_leaves=13
num_cat=0
split_feature=24 24 1 0 0 0 9 6 24 4 20 11
split_gain=1.09904e+09 3.45905e+08 1.54837e+08 8.03978e+08 3.70831e+08 5.26226e+07 3.50926e+07 9.03811e+06 7.45323e+06 3.76159e+06 3.50953e+06 2.79769e+06
threshold=33344.444444444453 17600.000000000004 1.0000000180025095e-35 63.500000000000007 9.5000000000000018 608.85000000000002 1.0000000180025095e-35 5.8500000000000005 10852.777777777779 1002.9500000000002 19.683850000000003 4.5000000000000009
decision_type=2 2 2 2 2 2 2 2 2 2 2 2
left_child=1 2 3 -1 -4 6 -5 8 9 10 -6 -11
right_child=-2 -3 4 5 7 -7 -8 -9 -10 11 -12 -13
leaf_value=277.46110697901526 296.69885902527443 -157.46244833991136 -175.28500718921885 -8.7749710301363759 -16.428094957070901 42.970362334393982 -76.183508415160844 -27.582213301040806 -22.882140267155251 5.5320702212043074 4.2830880135212865 -4.6589928716384827
leaf_weight=30 31 36 32 51 49 30 31 30 32 375 35 82
leaf_count=30 31 36 32 51 49 30 31 30 32 375 35 82
internal_value=4.99361 -6.16434 0.864962 48.0456 -9.69156 -13.5977 -34.3205 -0.876228 0.526551 1.91515 -7.80354 3.70285
internal_weight=844 813 777 142 635 112 82 603 573 541 84 457
internal_count=844 813 777 142 635 112 82 603 573 541 84 457
is_linear=0
shrinkage=0.05


Tree=159
num_leaves=13
num_cat=0
split_feature=24 24 1 0 0 0 9 6 24 4 26 26
split_gain=9.92215e+08 3.1227e+08 1.39792e+08 7.25842e+08 3.34783e+08 4.75079e+07 3.16823e+07 8.15951e+06 6.72851e+06 3.39529e+06 2.78397e+06 2.59406e+06
threshold=33344.444444444453 17600.000000000004 1.0000000180025095e-35 63.500000000000007 9.5000000000000018 608.85000000000002 1.0000000180025095e-35 5.8500000000000005 10852.777777777779 1002.9500000000002 6.4000000000000004 9.8500000000000032
decision_type=2 2 2 2 2 2 2 2 2 2 2 2
left_child=1 2 3 -1 -4 6 -5 8 9 10 -6 -11
right_child=-2 -3 4 5 7 -7 -8 -9 -10 11 -12 -13
leaf_value=263.6341412414348 281.9116202909463 -149.6111369759092 -166.54805962601182 -8.3370808391188458 -0.44452943496560415 40.82898038946513 -72.38658022328589 -26.207684656947947 -21.741597146482853 5.5493761814303806 -19.289875868279069 -3.4634562359170702
leaf_weight=30 31 36 32 51 53 30 31 30 32 354 31 103
leaf_count=30 31 36 32 51 53 30 31 30 32 354 31 103
internal_value=4.74474 -5.8571 0.821703 45.6516 -9.20884 -12.9197 -32.6097 -0.832929 0.499925 1.81929 -7.41409 3.51771
internal_weight=844 813 777 142 635 112 82 603 573 541 84 457
internal_count=844 813 777 142 635 112 82 603 573 541 84 457
is_linear=0
shrinkage=0.05


Tree=160
num_leaves=18
num_cat=0
split_feature=26 5 8 29 6 8 1 11 5 27 5 6 1 28 26 8 26
split_gain=2.42578e+08 1.67425e+08 3.84239e+08 2.19654e+08 3.16952e+08 1.83646e+08 3.86148e+08 5.13754e+08 3.30817e+08 9.22489e+07 1.59208e+08 7.40641e+07 9.64217e+07 6.88184e+07 4.19543e+07 1.21725e+07 1.12349e+07
threshold=3.2000000000000002 2.8500000000000001 -3.6999999999999997 0.87837969732492682 2.8500000000000001 16.550000000000004 0.074175824175824162 2.5000000000000004 20.650000000000002 -0.74981945761428159 16.850000000000005 3.8500000000000001 0.29166666666666669 -0.18399835165767994 5.1500000000000021 20.050000000000004 9.5500000000000025
decision_type=2 2 2 2 2 2 2 2 2 2 2 2 2 2 2 2 2
left_child=-1 2 -2 5 -5 6 7 -3 -7 10 -8 12 -10 -6 -11 -14 -16
right_child=1 3 -4 4 13 8 9 -9 11 14 -12 -13 15 -15 16 -17 -18
leaf_value=-109.31628862652302 -42.426147952582426 -278.3663081820759 184.19091000000287 151.7519297911808 46.950266682296707 177.87995244720054 16.541891177864962 -11.006882988436642 -81.824212255501678 59.376759409350022 -146.16790552297698 63.753316974896954 30.543445362032529 -52.160266730434586 -12.344774974557822 -3.2900711634529198 10.587257970980746
leaf_weight=47 35 34 40 54 31 30 30 38 40 30 30 37 39 40 138 83 87
leaf_count=47 35 34 40 54 31 30 30 38 40 30 30 37 39 40 138 83 87
internal_value=1.01577 7.3833 78.5205 0.173545 60.578 -12.0917 -33.0892 -137.471 23.3921 -9.1944 -64.9208 0.0247913 -14.5608 -8.88141 3.93797 7.54168 -3.47694
internal_weight=863 816 75 741 125 616 387 72 229 315 60 199 162 71 255 122 225
internal_count=863 816 75 741 125 616 387 72 229 315 60 199 162 71 255 122 225
is_linear=0
shrinkage=0.05


Tree=161
num_leaves=16
num_cat=0
split_feature=0 4 4 0 3 7 8 20 21 20 10 29 4 0 21
split_gain=3.22393e+08 1.25211e+09 2.28601e+08 6.9542e+07 8.99806e+07 3.39668e+07 1.3908e+07 6.51021e+07 1.66346e+07 1.36766e+07 1.95167e+07 9.93053e+06 6.78689e+06 8.05748e+06 2.93014e+06
threshold=2.5000000000000004 1011.2500000000001 995.40000000000009 66.700000000000017 77.450000000000017 22.450000000000003 0.55000000000000016 3.6098000000000003 0.89678709677419366 10.277500000000002 4.5000000000000009 0.6078576107927941 1011.9500000000002 330.40000000000003 0.63813267600761125
decision_type=2 2 2 2 2 2 2 2 2 2 2 2 2 2 2
left_child=1 -1 -2 4 5 -4 8 -8 -5 12 -11 -12 13 -9 -14
right_child=2 -3 3 6 -6 -7 7 9 -10 10 11 -13 14 -15 -16
leaf_value=340.55460077330122 -136.05785987369961 -115.59800944280781 12.40625252644368 4.2278650983865074 -112.06758197264813 -53.861723900474978 69.585002180133628 -4.9300518748899407 -38.911734609028173 46.80201974850376 -1.374075175535427 18.3490089761722 -12.631327956063407 -35.087210842505527 5.5475618645920912
leaf_weight=30 33 30 54 54 30 30 39 53 38 31 194 95 30 38 84
leaf_count=30 33 30 54 54 30 30 39 53 38 31 194 95 30 38 84
internal_value=0.965007 112.665 -7.3942 -1.86309 -37.8904 -11.2967 4.40257 7.34326 -13.6135 2.70721 9.16534 5.11338 -7.37331 -17.5479 0.756722
internal_weight=863 60 803 770 114 84 656 564 92 525 320 289 205 91 114
internal_count=863 60 803 770 114 84 656 564 92 525 320 289 205 91 114
is_linear=0
shrinkage=0.05


Tree=162
num_leaves=12
num_cat=0
split_feature=0 4 0 24 4 0 27 0 8 24 2
split_gain=2.91063e+08 1.13042e+09 2.14022e+08 5.89165e+07 6.1814e+07 1.24915e+07 1.10491e+07 2.47603e+07 1.94825e+07 1.15324e+07 8.61993e+06
threshold=2.5000000000000004 1011.2500000000001 8.5000000000000018 16231.250000000002 995.75000000000011 1085.2500000000002 0.85206963063867758 66.700000000000017 5.5500000000000007 10268.519444444444 12.65
decision_type=2 2 2 2 2 2 2 2 2 2 2
left_child=1 -1 -2 4 -4 6 7 -6 -8 -9 -10
right_child=2 -3 3 -5 5 -7 8 9 10 -11 -12
leaf_value=323.58343876936902 -122.68577746694169 -109.83730192976535 -70.844849241320091 67.297868133620966 -39.466608735451636 26.917892989711813 45.942126160681845 -0.26857797466630506 -12.741934913917447 -32.211995290204932 18.075997701967793
leaf_weight=30 38 30 33 30 49 38 30 461 56 30 38
leaf_count=30 38 30 33 30 49 38 30 461 56 30 38
internal_value=0.91668 107.051 -7.02598 -1.26549 -4.07278 -0.92427 -2.52147 -5.61237 10.9326 -2.22649 -0.277599
internal_weight=863 60 803 765 735 702 664 540 124 491 94
internal_count=863 60 803 765 735 702 664 540 124 491 94
is_linear=0
shrinkage=0.05


Tree=163
num_leaves=16
num_cat=0
split_feature=0 21 0 24 27 24 0 8 5 11 14 24 14 28 3
split_gain=2.62774e+08 6.04879e+08 1.93209e+08 5.31903e+07 1.49234e+07 3.72875e+07 2.62806e+07 1.46694e+07 4.66871e+07 7.73061e+06 9.03447e+06 7.10994e+06 4.15253e+06 2.77463e+06 2.19931e+06
threshold=2.5000000000000004 0.77120858688302929 8.5000000000000018 16231.250000000002 0.60500564346204555 2220.0000000000005 184.50000000000003 5.2500000000000009 7.0250000000000012 3.5000000000000004 120.50000000000001 10625.000000000002 98.500000000000014 0.97308229207007257 84.450000000000017
decision_type=2 2 2 2 2 2 2 2 2 2 2 2 2 2 2
left_child=1 -1 -2 4 5 6 -4 8 -6 10 12 13 -9 14 -7
right_child=2 -3 3 -5 7 11 -8 9 -10 -11 -12 -13 -14 -15 -16
leaf_value=260.09274642792252 -116.56758786799713 -56.99841993971917 -74.673442683710121 63.944152157805689 -10.156318479669673 -1.0428286168543233 -17.092708879057138 6.1252294589133154 72.709228886955998 -17.454571834132221 25.625856092157644 -25.611400331944896 -17.876820343528582 -12.884540092237206 9.7720938998747631
leaf_weight=30 38 30 32 30 39 290 52 41 30 52 38 31 32 42 56
leaf_count=30 38 30 32 30 39 290 52 41 30 52 38 31 32 42 56
internal_value=0.871388 101.716 -6.67543 -1.2022 -3.86958 -8.70767 -39.091 6.6191 25.9252 -1.56427 5.8888 -2.60861 -4.40621 -0.764621 0.709867
internal_weight=863 60 803 765 735 503 84 232 69 163 111 419 73 388 346
internal_count=863 60 803 765 735 503 84 232 69 163 111 419 73 388 346
is_linear=0
shrinkage=0.05


Tree=164
num_leaves=14
num_cat=0
split_feature=0 4 4 0 24 25 24 8 3 24 6 24 1
split_gain=2.37235e+08 9.94652e+08 1.92978e+08 5.10718e+07 1.19708e+08 2.54451e+07 1.36619e+07 1.12114e+07 2.96636e+07 1.05796e+07 7.82325e+06 1.05887e+07 1.02134e+07
threshold=2.5000000000000004 1011.2500000000001 995.40000000000009 66.700000000000017 7842.5916666666672 18.352010000000003 11185.186111111112 0.55000000000000016 44.150000000000006 5847.2222222222235 4.2500000000000009 5087.9638888888894 0.6000000000000002
decision_type=2 2 2 2 2 2 2 2 2 2 2 2 2
left_child=1 -1 -2 4 -4 -6 7 9 -9 -5 12 -12 -10
right_child=2 -3 3 6 5 -7 -8 8 10 -11 11 -13 -14
leaf_value=299.76386791748854 -124.5567845324375 -106.79053581972852 -112.25074363316654 -38.060432792739611 23.820771042274586 -33.138355563990665 37.012959715377455 50.365652384156704 20.919907262028371 -1.5236742676227721 -33.749488574716622 2.4237519833497032 1.1614239119453846
leaf_weight=30 33 30 33 30 48 33 30 34 81 58 33 52 338
leaf_count=30 33 30 33 30 48 33 30 34 81 58 33 52 338
internal_value=0.828326 96.6471 -6.34237 -1.26052 -32.135 0.602892 4.10893 2.52639 5.2331 -14.0085 2.17904 -11.6431 4.98518
internal_weight=863 60 803 770 114 81 656 626 538 88 504 85 419
internal_count=863 60 803 770 114 81 656 626 538 88 504 85 419
is_linear=0
shrinkage=0.05


Tree=165
num_leaves=11
num_cat=0
split_feature=0 24 0 3 24 0 28 6 24 0
split_gain=6.61973e+08 1.45304e+08 1.01848e+08 1.4511e+07 2.51364e+07 3.54948e+07 1.94252e+07 9.34733e+06 9.17611e+06 2.5893e+06
threshold=2.5000000000000004 17036.111111111113 9.5000000000000018 35.400000000000006 2220.0000000000005 463.60000000000008 -0.78295110140207591 5.8500000000000005 10852.777777777779 66.700000000000017
decision_type=2 2 2 2 2 2 2 2 2 2
left_child=-1 2 -2 -4 5 6 -5 8 9 -6
right_child=1 -3 3 4 7 -7 -8 -9 -10 -11
leaf_value=169.8112047121206 -95.076775438540452 102.34746265472707 29.333842704380444 -14.585654443329936 13.630008882973469 7.7999955807379386 -65.001475825661913 -27.712684334512694 -26.358258343059756 0.95737644238046071
leaf_weight=59 32 31 31 31 44 50 50 31 30 469
leaf_count=59 32 31 31 31 44 50 50 31 30 469
internal_value=8.33784 -3.60548 -7.895 -4.09208 -5.56583 -25.3197 -45.7484 -1.05392 0.47285 2.04676
internal_weight=858 799 768 736 705 131 81 574 543 513
internal_count=858 799 768 736 705 131 81 574 543 513
is_linear=0
shrinkage=0.05


Tree=166
num_leaves=10
num_cat=0
split_feature=0 4 24 0 24 0 26 26 26
split_gain=5.97538e+08 1.58825e+08 9.02023e+07 1.49827e+07 1.09537e+08 1.2747e+07 1.22846e+07 3.5772e+07 9.44431e+06
threshold=2.5000000000000004 995.40000000000009 13992.361111111113 60.350000000000009 8120.3694444444454 1224.7500000000002 11.050000000000002 10.250000000000004 7.9000000000000004
decision_type=2 2 2 2 2 2 2 2 2
left_child=-1 -2 3 4 -3 6 7 8 -5
right_child=1 2 -4 5 -6 -7 -8 -9 -10
leaf_value=161.33501926686759 -109.00599258512347 -96.940684853043663 71.547259468379536 1.6303958838669985 29.274529605018827 31.226320980236778 -26.092102036602387 49.631642079283417 -12.288892638074783
leaf_weight=59 34 30 43 353 40 30 49 34 186
leaf_count=59 34 30 43 353 40 30 49 34 186
internal_value=7.9215 -3.42567 1.28041 -2.91378 -24.8788 -0.55211 -2.08961 -0.0328409 -3.1743
internal_weight=858 799 765 722 70 652 622 573 539
internal_count=858 799 765 722 70 652 622 573 539
is_linear=0
shrinkage=0.05


Tree=167
num_leaves=15
num_cat=0
split_feature=1 5 7 6 24 1 14 24 5 14 20 26 4 14
split_gain=4.05994e+08 4.33825e+08 2.96596e+08 2.65389e+08 2.15713e+08 4.19559e+08 3.50577e+08 2.99156e+07 1.04079e+07 1.89024e+07 4.84738e+06 4.37272e+06 1.51025e+06 1.04197e+06
threshold=1.0000000180025095e-35 18.950000000000003 27.350000000000005 3.1500000000000008 29622.222222222223 0.29166666666666669 256.50000000000006 11402.777777777779 6.1500000000000012 63.500000000000007 21.435900000000007 3.600000000000001 1002.85 27.000000000000004
decision_type=2 2 2 2 2 2 2 2 2 2 2 2 2 2
left_child=1 3 -3 -1 5 6 -2 8 9 13 11 -10 -13 -7
right_child=4 2 -4 -5 -6 7 -8 -9 10 -11 -12 12 -14 -15
leaf_value=-100.36145348736619 -227.12353663836927 227.51408362115376 31.380199388649771 90.208197855066373 119.97720872688906 -7.7743399498247276 -7.0666492473682965 47.691312451536874 19.351591349985 -43.077959983807986 -15.811284554410143 -6.7358832704858607 1.5861404191792412 4.382071215661286
leaf_weight=38 40 54 30 35 31 32 33 30 32 43 44 66 311 39
leaf_count=38 40 54 30 35 31 32 33 30 32 43 44 66 311 39
internal_value=7.52601 80.1757 157.587 -8.99396 -8.75413 -14.7274 -127.792 -0.883016 -3.46105 -16.9577 -0.061532 1.63626 0.127821 -1.10003
internal_weight=858 157 84 73 701 670 73 597 567 114 453 409 377 71
internal_count=858 157 84 73 701 670 73 597 567 114 453 409 377 71
is_linear=0
shrinkage=0.05


Tree=168
num_leaves=13
num_cat=0
split_feature=0 4 24 4 0 1 2 29 0 3 24 6
split_gain=5.13324e+08 1.47925e+08 8.53771e+07 1.37407e+07 2.29762e+07 1.40223e+07 4.91724e+07 2.69432e+07 1.20455e+07 1.07169e+07 6.49555e+06 3.36237e+06
threshold=2.5000000000000004 995.40000000000009 13992.361111111113 1002.1500000000002 115.55000000000001 0.15476190476190474 11.150000000000002 1.0000000180025095e-35 61.45000000000001 78.550000000000011 10240.741666666667 5.1500000000000012
decision_type=2 2 2 2 2 2 2 2 2 2 2 2
left_child=-1 -2 3 4 -3 6 7 -5 -7 -6 11 -10
right_child=1 2 -4 5 9 8 -8 -9 10 -11 -12 -13
leaf_value=149.3430344428306 -105.2594683560458 -56.381340607297773 69.536653211553798 21.960543907143155 -27.672700833531561 -34.232687858885711 57.946250993414438 -40.021197187471259 1.3522505120272241 9.4817810577190578 -24.068749620114449 -13.670797943952889
leaf_weight=59 34 30 43 34 32 30 43 36 397 49 30 41
leaf_count=59 34 30 43 34 32 30 43 36 397 49 30 41
internal_value=7.15049 -3.3667 1.17502 -2.90543 -19.0803 0.0356707 15.929 -9.92733 -3.57312 -5.21249 -1.60086 -0.0568047
internal_weight=858 799 765 722 111 611 113 70 498 81 468 438
internal_count=858 799 765 722 111 611 113 70 498 81 468 438
is_linear=0
shrinkage=0.05


Tree=169
num_leaves=12
num_cat=0
split_feature=0 4 24 0 27 24 1 0 27 27 0
split_gain=4.63362e+08 1.33542e+08 7.79361e+07 1.31387e+07 1.38821e+07 3.21833e+07 3.31165e+07 3.22582e+07 3.30297e+07 2.47991e+07 1.71418e+07
threshold=2.5000000000000004 995.40000000000009 16530.555555555558 1224.7500000000002 0.92591620288614507 3791.6666666666674 0.15476190476190474 165.70000000000002 0.23448921811828119 0.97109105924028427 66.700000000000017
decision_type=2 2 2 2 2 2 2 2 2 2 2
left_child=-1 -2 3 4 5 7 -7 -3 -9 -6 -8
right_child=1 2 -4 -5 9 6 10 8 -10 -11 -12
leaf_value=141.88851560021416 -100.0119285575106 -73.681294147454665 77.373117783210731 30.126306844945766 48.338030625508331 42.183512254236973 -40.505998149025487 22.94827833528872 -40.849908992703888 -5.923694680174119 -2.0594371923022505
leaf_weight=59 34 31 32 30 34 41 31 35 48 55 428
leaf_count=59 34 31 32 30 34 41 31 35 48 55 428
internal_value=6.79301 -3.19925 1.11604 -2.22315 -3.60773 -6.28323 -0.815115 -30.2444 -13.9518 14.8364 -4.66431
internal_weight=858 799 765 733 703 614 500 114 83 89 459
internal_count=858 799 765 733 703 614 500 114 83 89 459
is_linear=0
shrinkage=0.05


Tree=170
num_leaves=10
num_cat=0
split_feature=24 0 4 0 0 26 24 21 24
split_gain=6.24249e+08 1.87548e+08 5.77421e+07 2.84072e+07 2.33638e+07 1.04165e+07 1.11397e+07 2.2182e+07 1.85167e+06
threshold=17600.000000000004 4.8000000000000007 997.75000000000011 31.000000000000004 66.700000000000017 11.050000000000002 3847.2222222222222 0.83199643493761155 6342.5916666666672
decision_type=2 2 2 2 2 2 2 2 2
left_child=1 -1 -3 -4 -5 6 7 -6 -8
right_child=-2 2 3 4 5 -7 8 -9 -10
leaf_value=122.18695875402305 -171.44343781212376 -57.515532519229808 35.247599018955427 -41.66270309079944 -0.53076063099957616 -21.763153651765158 -6.6615690678088573 47.331624933661224 -0.19492293998554497
leaf_weight=30 57 49 49 39 78 59 210 35 234
leaf_count=30 57 49 49 39 78 59 210 35 234
internal_value=-11.8385 -0.199325 -5.09086 -1.43432 -4.18344 -1.80417 0.31349 14.3226 -3.25429
internal_weight=840 783 753 704 655 616 557 113 444
internal_count=840 783 753 704 655 616 557 113 444
is_linear=0
shrinkage=0.05


Tree=171
num_leaves=10
num_cat=0
split_feature=24 0 4 0 0 26 24 29 6
split_gain=5.63492e+08 1.6932e+08 5.21238e+07 2.56426e+07 2.10919e+07 9.40282e+06 1.00562e+07 1.94683e+07 3.97666e+06
threshold=17600.000000000004 4.8000000000000007 997.75000000000011 31.000000000000004 66.700000000000017 11.050000000000002 3847.2222222222222 0.6078576107927941 5.6500000000000012
decision_type=2 2 2 2 2 2 2 2 2
left_child=1 -1 -3 -4 -5 6 7 -6 -8
right_child=-2 2 3 4 5 -7 8 -9 -10
leaf_value=116.09791474706707 -162.88627866220557 -54.645611447763542 33.488808076784714 -39.584895641785451 -0.5946550631492209 -20.676837622130989 -1.8154151501714737 43.905128512554228 -20.639090741433179
leaf_weight=30 57 49 49 39 77 59 414 36 30
leaf_count=30 57 49 49 39 77 59 414 36 30
internal_value=-11.2471 -0.188871 -4.83662 -1.36252 -3.97444 -1.71382 0.298173 13.6085 -3.09166
internal_weight=840 783 753 704 655 616 557 113 444
internal_count=840 783 753 704 655 616 557 113 444
is_linear=0
shrinkage=0.05


Tree=172
num_leaves=19
num_cat=0
split_feature=24 4 11 15 11 1 23 7 1 8 6 24 24 23 24 6 3 4
split_gain=5.08648e+08 1.11038e+08 8.95605e+07 2.38776e+08 3.41732e+08 1.33619e+08 1.23224e+08 9.57482e+07 1.13914e+08 3.96425e+07 7.56193e+06 7.14876e+06 5.29794e+06 4.62614e+06 3.73669e+06 3.40315e+06 2.23309e+06 1.15932e+06
threshold=17600.000000000004 995.75000000000011 1.5000000000000002 1.0000000180025095e-35 1.0000000180025095e-35 0.13392857142857142 -0.68301270189221952 9.0500000000000025 0.13392857142857142 6.3500000000000005 2.3500000000000001 10268.519444444444 6736.1111111111122 -0.68301270189221952 6118.0555555555557 4.3500000000000005 55.70000000000001 1010.9500000000002
decision_type=2 2 2 2 2 2 2 2 2 2 2 2 2 2 2 2 2 2
left_child=1 -1 3 7 -5 6 -4 -3 -9 -8 -10 12 13 -7 -12 -15 -14 -18
right_child=-2 2 5 4 -6 11 9 8 10 -11 14 -13 16 15 -16 -17 17 -19
leaf_value=92.403091147628245 -154.75622554451695 -71.350028860806745 120.4251599749546 9.5794820571209911 -202.61257284213775 -21.491646349003538 56.116607562093634 99.223420377334634 -23.434076083930009 -21.116712398477642 -6.2364015393720891 -28.578099160945687 -4.0826074115866744 -0.29679924774334204 15.219507802025825 -18.692411129199826 4.226516525632654 16.002506369046213
leaf_weight=31 57 35 45 36 40 53 30 35 34 37 40 31 57 116 41 32 57 33
leaf_count=31 57 35 45 36 40 53 30 35 34 37 40 31 57 116 41 32 57 33
internal_value=-10.6854 -0.179074 -4.00741 -27.6685 -102.22 8.57314 56.5286 2.99668 20.3803 13.4974 -3.6808 -5.60955 -3.55586 -8.82994 4.62931 -4.2842 3.6567 8.5574
internal_weight=840 783 752 261 76 491 112 185 150 67 115 379 348 201 81 148 147 90
internal_count=840 783 752 261 76 491 112 185 150 67 115 379 348 201 81 148 147 90
is_linear=0
shrinkage=0.05


Tree=173
num_leaves=9
num_cat=0
split_feature=24 0 4 0 0 26 6 24
split_gain=4.5914e+08 1.49332e+08 5.31093e+07 2.23364e+07 1.91618e+07 8.02544e+06 9.12017e+06 1.18254e+07
threshold=17600.000000000004 4.8000000000000007 997.75000000000011 31.000000000000004 66.700000000000017 11.050000000000002 1.9500000000000002 3847.2222222222222
decision_type=2 2 2 2 2 2 2 2
left_child=1 -1 -3 -4 -5 6 -6 -8
right_child=-2 2 3 4 5 -7 7 -9
leaf_value=109.03765216206394 -147.03196913256537 -54.812480093893839 31.498900606190361 -37.407824948498664 -20.752009266007235 -18.830362607097467 17.598226465708304 -1.3542407931781406
leaf_weight=30 57 49 49 39 46 59 103 408
leaf_count=30 57 49 49 39 46 59 103 408
internal_value=-10.152 -0.170023 -4.53483 -1.0281 -3.46586 -1.31121 0.547539 2.46861
internal_weight=840 783 753 704 655 616 557 511
internal_count=840 783 753 704 655 616 557 511
is_linear=0
shrinkage=0.05


Tree=174
num_leaves=9
num_cat=0
split_feature=24 0 4 0 0 26 6 24
split_gain=4.14451e+08 1.34819e+08 4.79413e+07 2.01631e+07 1.72981e+07 7.24418e+06 8.23275e+06 1.06735e+07
threshold=17600.000000000004 4.8000000000000007 997.75000000000011 31.000000000000004 66.700000000000017 11.050000000000002 1.9500000000000002 3847.2222222222222
decision_type=2 2 2 2 2 2 2 2
left_child=1 -1 -3 -4 -5 6 -6 -8
right_child=-2 2 3 4 5 -7 7 -9
leaf_value=103.60387185942692 -139.69324040989116 -52.077437937769531 29.927163662432168 -35.542217472203248 -19.71665941908665 -17.890437877692548 16.719169205259515 -1.2865453483134734
leaf_weight=30 57 49 49 39 46 59 103 408
leaf_count=30 57 49 49 39 46 59 103 408
internal_value=-9.6451 -0.161363 -4.30865 -0.976903 -3.29303 -1.24584 0.520121 2.34534
internal_weight=840 783 753 704 655 616 557 511
internal_count=840 783 753 704 655 616 557 511
is_linear=0
shrinkage=0.05


Tree=175
num_leaves=12
num_cat=0
split_feature=0 0 1 27 7 21 24 0 26 28 24
split_gain=5.99242e+08 5.05823e+08 5.69632e+07 4.47708e+07 7.2288e+07 3.12177e+07 1.39066e+07 1.09354e+07 3.81443e+06 1.75663e+06 1.40076e+06
threshold=1.5000000000000002 14.500000000000002 0.13392857142857142 0.77753234098132629 27.650000000000002 0.78184016525928213 11610.41666666667 66.700000000000017 3.3500000000000001 0.98367285631203072 9458.3333333333339
decision_type=2 2 2 2 2 2 2 2 2 2 2
left_child=-1 -2 3 4 5 -3 7 -4 -9 10 -10
right_child=1 2 6 -5 -6 -7 -8 8 9 -11 -12
leaf_value=-184.51995049338441 149.77969789779328 -96.481332838054414 30.763516974089011 17.78243780830157 20.751016270520282 -33.993255013957665 36.756807651698033 17.542485681401278 0.019674375879568759 -11.303641982390502 10.703097968519273
leaf_weight=42 59 47 33 37 30 35 32 33 420 32 33
leaf_count=42 59 47 33 37 30 35 32 33 420 32 33
internal_value=-0.709245 9.0727 -2.28734 -29.8665 -45.6095 -69.8835 4.7651 2.9008 1.12015 -0.000616697 0.800138
internal_weight=833 791 732 149 112 82 583 551 518 485 453
internal_count=833 791 732 149 112 82 583 551 518 485 453
is_linear=0
shrinkage=0.05


Tree=176
num_leaves=16
num_cat=0
split_feature=0 0 1 2 0 3 26 6 9 7 26 6 6 2 6
split_gain=5.4095e+08 4.56586e+08 5.17668e+07 5.77044e+07 3.54676e+07 6.2031e+06 8.56768e+06 3.97289e+06 5.22122e+06 3.05122e+06 3.48254e+06 2.51435e+06 2.76358e+06 1.54583e+06 1.50314e+06
threshold=1.5000000000000002 14.500000000000002 0.06904761904761901 4.8500000000000005 469.05000000000001 73.050000000000011 8.2500000000000036 4.8500000000000005 14.350000000000003 27.750000000000004 10.450000000000005 2.2500000000000004 3.5500000000000003 10.15 3.0500000000000003
decision_type=2 2 2 2 2 2 2 2 2 2 2 2 2 2 2
left_child=-1 -2 3 -3 -5 9 7 8 14 10 11 -4 -13 -12 -7
right_child=1 2 5 4 -6 6 -8 -9 -10 -11 13 12 -14 -15 -16
leaf_value=-175.31586922761096 142.30338332406961 -81.774339415411205 -6.6416777220188692 -38.048937502332556 25.936272585956829 0.04521461644527254 31.619979629241268 -9.7552220337551709 23.015343950989344 -15.447914121081974 -17.180615170202522 11.477393968251734 -0.25329137918900474 -1.6454292768258545 10.782794977494182
leaf_weight=42 59 39 48 47 40 90 38 34 48 31 32 109 93 32 51
leaf_count=42 59 39 48 47 40 90 38 34 48 31 32 109 93 32 51
internal_value=-0.674034 8.61997 -2.17302 -31.3199 -8.63439 3.89137 9.70582 5.95905 8.78965 -0.508906 0.970396 3.63506 6.07916 -9.42779 3.93395
internal_weight=833 791 732 126 87 606 261 223 189 345 314 250 202 64 141
internal_count=833 791 732 126 87 606 261 223 189 345 314 250 202 64 141
is_linear=0
shrinkage=0.05


Tree=177
num_leaves=10
num_cat=0
split_feature=0 24 20 4 8 20 28 25 0
split_gain=4.88326e+08 4.40571e+08 1.35773e+08 9.34863e+07 4.90912e+07 6.62237e+07 2.23339e+07 3.61668e+07 1.74629e+07
threshold=1.5000000000000002 19642.857142857149 22.024850000000004 996.1500000000002 22.450000000000003 19.219000000000001 -0.60505606964884906 19.355970000000003 60.350000000000009
decision_type=2 2 2 2 2 2 2 2 2
left_child=-1 2 3 -2 5 6 7 -5 -8
right_child=1 -3 -4 4 -6 -7 8 -9 -10
leaf_value=-166.57089194254752 -89.566943524198138 192.64373966719941 82.861218266578234 61.267397714680079 43.884928190261924 -72.6926576446578 -30.334494999564598 -0.77547586711985506 -1.9440692493303349
leaf_weight=42 31 31 47 35 56 34 62 71 424
leaf_count=42 31 31 47 35 56 34 62 71 424
internal_value=-0.640938 8.18944 0.641282 -4.7894 -0.9233 -4.93808 -1.03514 19.7488 -5.5714
internal_weight=833 791 760 713 682 626 592 106 486
internal_count=833 791 760 713 682 626 592 106 486
is_linear=0
shrinkage=0.05


Tree=178
num_leaves=13
num_cat=0
split_feature=0 0 1 21 21 0 24 21 0 26 28 4
split_gain=4.40826e+08 4.0327e+08 4.69088e+07 3.28299e+07 3.06995e+07 6.59003e+07 1.21264e+07 8.38076e+06 5.80455e+06 3.84432e+06 1.17049e+06 1.49048e+06
threshold=1.5000000000000002 14.500000000000002 0.6000000000000002 0.52232847722162401 0.89678709677419366 443.90000000000003 9963.8888888888905 0.69629880006760192 74.250000000000014 3.3500000000000001 0.96897393274411392 1023.0500000000001
decision_type=2 2 2 2 2 2 2 2 2 2 2 2
left_child=-1 -2 3 -3 5 -5 8 -8 -4 -10 11 -11
right_child=1 2 6 4 -6 -7 7 -9 9 10 -12 -13
leaf_value=-158.26213146943661 133.41711924596487 -61.086241123730829 21.358367284682402 -32.707781989059981 -50.507209132353935 63.709184815162843 44.099310247446617 6.7299493498184368 17.015325695963291 -1.1984650319732546 -9.6617000916744562 8.4290336290114194
leaf_weight=42 59 48 35 43 34 30 30 30 32 370 35 45
leaf_count=42 59 48 35 43 34 30 30 30 32 370 35 45
internal_value=-0.608779 7.78114 -2.3621 -26.7737 -11.3385 6.94851 4.19912 25.457 1.7276 0.297985 -0.894308 -0.152728
internal_weight=833 791 732 155 107 73 577 60 517 482 450 415
internal_count=833 791 732 155 107 73 577 60 517 482 450 415
is_linear=0
shrinkage=0.05


Tree=179
num_leaves=13
num_cat=0
split_feature=0 24 9 4 7 0 5 28 7 1 7 25
split_gain=3.97944e+08 3.8584e+08 1.11588e+08 5.4435e+07 3.41368e+07 8.08562e+07 5.74856e+07 3.54053e+07 4.49518e+07 2.06666e+07 1.91987e+06 410026
threshold=1.5000000000000002 19642.857142857149 38.500000000000007 996.6500000000002 27.050000000000004 110.80000000000001 22.525000000000002 -0.60505606964884906 23.550000000000004 0.6000000000000002 28.250000000000004 27.231350000000003
decision_type=2 2 2 2 2 2 2 2 2 2 2 2
left_child=-1 2 3 -2 6 -6 7 8 -5 -9 -7 -12
right_child=1 -3 -4 4 5 10 -8 9 -10 -11 11 -13
leaf_value=-150.36781449487827 -66.21033508966697 180.01038575003767 94.675171529573461 71.373819593554558 94.487557961536808 10.889399194875825 -68.713357045014234 -27.306324554583355 -6.1438591514739613 -1.455819039470821 -8.5301051329953097 -0.58395586461265758
leaf_weight=42 33 31 30 35 30 30 34 98 40 365 31 34
leaf_count=42 33 31 30 35 30 30 34 98 40 365 31 34
internal_value=-0.578451 7.39296 0.329226 -3.56043 -0.585147 23.0747 -5.7587 -1.76811 30.0779 -6.93214 0.447547 -4.38102
internal_weight=833 791 760 730 697 125 572 538 75 463 95 65
internal_count=833 791 760 730 697 125 572 538 75 463 95 65
is_linear=0
shrinkage=0.05


Tree=180
num_leaves=19
num_cat=0
split_feature=2 24 27 24 21 14 20 27 24 6 26 25 14 4 24 2 24 4
split_gain=3.89225e+08 6.42189e+08 5.46636e+08 3.6106e+08 2.26662e+08 1.13964e+09 1.488e+08 9.58335e+07 1.86277e+08 6.08916e+07 5.46283e+07 5.24447e+07 4.24551e+07 3.44597e+07 1.15778e+07 1.06309e+07 7.65631e+06 6.06572e+06
threshold=1.4000000000000001 23483.455882352944 -0.8287624125448585 4166.666666666667 0.6658333333333335 152.00000000000003 15.123250000000001 0.56314550935064711 1.0000000180025095e-35 4.4500000000000011 4.2500000000000009 24.122160000000004 152.00000000000003 1016.6500000000002 9788.8888888888905 15.597000000000003 8861.1111111111131 1005.7500000000001
decision_type=2 2 2 2 2 2 2 2 2 2 2 2 2 2 2 2 2 2
left_child=2 4 -1 -4 5 -2 9 10 -9 13 -6 -7 -12 16 17 -10 -5 -14
right_child=1 -3 3 6 7 11 -8 8 15 -11 12 -13 14 -15 -16 -17 -18 -19
leaf_value=246.24557019610734 -324.46606494710522 -242.35982654951852 179.20342751182986 0.28179576794990363 -70.360507953950091 80.337565333977892 -109.27146935130273 118.66799261391569 -18.970308217984361 73.546956677897327 -56.711945258914014 -6.1219795887373962 -18.536210385393961 -50.288081137286468 29.350713708313602 11.981012924115547 30.137461460790327 1.6768492651022653
leaf_weight=30 33 33 30 58 41 30 30 44 53 32 38 42 52 30 30 58 34 129
leaf_count=30 33 33 30 58 41 30 30 44 53 32 38 42 52 30 30 58 34 129
internal_value=-6.27448 -28.4648 46.7358 18.6651 -15.5894 -81.6308 -7.5927 0.00828158 31.7346 12.2729 -16.9539 29.9642 -8.13536 -3.84604 0.635723 -2.80127 11.3362 -4.13722
internal_weight=827 583 244 214 550 105 184 445 155 154 290 72 249 122 211 111 92 181
internal_count=827 583 244 214 550 105 184 445 155 154 290 72 249 122 211 111 92 181
is_linear=0
shrinkage=0.05


Tree=181
num_leaves=9
num_cat=0
split_feature=0 9 3 24 4 0 3 3
split_gain=6.31356e+08 8.49245e+07 2.23697e+08 8.75748e+07 7.20114e+07 6.49089e+07 1.02196e+07 1.10618e+07
threshold=1.5000000000000002 48.250000000000007 92.450000000000017 18257.575757575763 996.6500000000002 12.750000000000002 39.900000000000006 44.750000000000007
decision_type=2 2 2 2 2 2 2 2
left_child=-1 2 3 4 -2 -6 -7 -8
right_child=1 -3 -4 -5 5 6 7 -9
leaf_value=-187.86600033237769 -74.741616243736772 -77.825663412765806 141.37533685044195 80.468998825654964 70.186299912374906 -23.322622200590885 27.843900742628712 -1.5207261407337747
leaf_weight=45 32 30 30 34 33 50 34 539
leaf_count=45 32 30 30 34 33 50 34 539
internal_value=-5.96151 4.52881 7.82415 2.25611 -1.62018 1.95755 -1.66716 0.226223
internal_weight=827 782 752 722 688 656 623 573
internal_count=827 782 752 722 688 656 623 573
is_linear=0
shrinkage=0.05


Tree=182
num_leaves=21
num_cat=0
split_feature=6 21 17 3 3 21 4 3 5 26 11 26 26 14 4 4 3 4 3 8
split_gain=2.81632e+08 2.0296e+08 4.88973e+08 2.03327e+08 2.51635e+08 5.2061e+08 2.24513e+08 2.83267e+08 1.39837e+08 1.16047e+08 9.4406e+07 8.5041e+07 6.49422e+07 5.8418e+07 5.64911e+07 1.23336e+08 5.23818e+07 2.61042e+07 1.60731e+07 1.43886e+07
threshold=5.9500000000000011 1.0000000180025095e-35 1.0000000180025095e-35 41.100000000000001 65.700000000000003 0.70736457236457251 1007.85 86.250000000000014 20.525000000000002 8.4500000000000028 1.5000000000000002 3.9500000000000015 5.4000000000000004 135.50000000000003 1012.7500000000001 1015.5500000000001 73.050000000000011 1009.4500000000002 51.20000000000001 12.700000000000001
decision_type=2 2 2 2 2 2 2 2 2 2 2 2 2 2 2 2 2 2 2 2
left_child=1 2 10 -3 5 -5 8 9 -6 19 13 -10 -13 -1 17 -16 18 -7 -12 -8
right_child=-2 3 -4 4 6 14 7 -9 11 -11 16 12 -14 -15 15 -17 -18 -19 -20 -21
leaf_value=-12.465132366082607 130.91112077454122 74.84378851719724 177.25358502167421 -266.77432626266716 122.44098949491791 -39.986630625615035 -4.3659205017706775 -184.23207752423704 -66.206142553984165 -82.177116626151985 16.633292297895817 87.305388021914766 2.9630900272678034 -107.50443088873676 -154.05365401233155 -26.811946618488335 58.751553496204146 20.865543740412157 -29.704793882369998 38.85815686882286
leaf_weight=35 36 44 44 32 32 39 37 33 31 46 35 32 79 30 30 52 48 32 40 40
leaf_count=35 36 44 44 32 32 39 37 33 31 46 35 32 79 30 30 52 48 32 40 40
internal_value=-5.66371 -11.8953 27.411 -28.2104 -37.0279 -83.6903 -10.8512 -54.3896 28.192 -19.4324 -7.73415 6.88158 27.3347 -56.4273 -45.249 -73.4948 18.0229 -12.5695 -8.08693 18.1094
internal_weight=827 791 232 559 515 185 330 156 174 123 188 142 111 65 153 82 123 71 75 77
internal_count=827 791 232 559 515 185 330 156 174 123 188 142 111 65 153 82 123 71 75 77
is_linear=0
shrinkage=0.05


Tree=183
num_leaves=18
num_cat=0
split_feature=0 21 0 0 0 8 20 21 1 21 21 6 6 6 3 0 28
split_gain=5.61816e+08 1.1481e+08 7.57497e+08 3.92437e+08 3.18287e+07 3.6462e+07 2.24145e+07 2.09949e+07 3.73841e+07 1.61708e+07 1.42965e+07 1.72381e+07 9.52586e+06 1.2155e+07 7.91117e+06 6.857e+06 3.34823e+06
threshold=1.5000000000000002 0.67792972831765952 14.500000000000002 16.500000000000004 103.90000000000002 16.450000000000003 1.6388499999999999 0.8204896021982141 0.6000000000000002 0.86375095492742548 0.49082568807339455 3.2500000000000004 4.2500000000000009 2.5500000000000003 72.700000000000003 85.250000000000014 0.77204218116891865
decision_type=2 2 2 2 2 2 2 2 2 2 2 2 2 2 2 2 2
left_child=-1 2 -2 -3 5 -4 -5 8 -8 -9 12 -12 13 -6 -15 -11 -17
right_child=1 3 4 6 10 -7 7 9 -10 15 11 -13 -14 14 -16 16 -18
leaf_value=-176.97649325013424 253.46167569347736 -186.77894457693512 5.3420394776801414 -39.079975658889268 -10.399344380727719 -64.620658972605938 -58.486641453717816 44.367803749010875 9.1247545601103877 28.601114644402287 9.1713620923273691 58.300856806352684 -21.28686334921154 7.7527199092872925 39.547458510240403 0.54226079554008477 17.153684248092102
leaf_weight=45 33 30 41 33 51 34 34 31 51 30 44 30 33 48 33 190 36
leaf_count=45 33 30 41 33 51 34 34 31 51 30 44 30 33 48 33 190 36
internal_value=-5.382 4.51372 25.9603 -12.5963 1.97783 -26.4181 0.349068 3.85638 -17.9567 10.3207 10.896 29.1406 2.70091 8.70946 20.739 6.1821 3.19477
internal_weight=827 782 347 435 314 75 405 372 85 287 239 74 165 132 81 256 226
internal_count=827 782 347 435 314 75 405 372 85 287 239 74 165 132 81 256 226
is_linear=0
shrinkage=0.05


Tree=184
num_leaves=22
num_cat=0
split_feature=0 21 0 0 27 6 1 29 6 21 26 8 5 0 28 4 28 0 29 26 5
split_gain=5.07158e+08 1.03651e+08 6.83858e+08 3.54299e+08 3.03746e+07 3.34093e+07 2.00645e+07 2.62293e+07 1.90454e+07 1.29307e+07 5.91313e+06 5.22811e+06 4.53102e+06 4.04162e+06 3.08877e+06 2.02779e+06 3.00639e+06 1.23804e+06 1.07305e+06 1.59078e+06 942327
threshold=1.5000000000000002 0.67792972831765952 14.500000000000002 16.500000000000004 0.13301347478292308 4.1500000000000012 0.06904761904761901 1.0000000180025095e-35 2.5500000000000003 0.49082568807339455 5.4000000000000004 9.8500000000000032 6.7500000000000009 136.40000000000003 -0.46734190575957718 1010.6500000000002 0.047319635496388741 350.80000000000007 1.0000000180025095e-35 7.9000000000000004 9.8500000000000032
decision_type=2 2 2 2 2 2 2 2 2 2 2 2 2 2 2 2 2 2 2 2 2
left_child=-1 2 -2 -3 5 8 7 -5 -4 11 14 12 -6 -10 -8 16 17 -12 20 -20 -17
right_child=1 3 4 6 9 -7 10 -9 13 -11 15 -13 -14 -15 -16 18 -18 -19 19 -21 -22
leaf_value=-168.14730324755749 240.82687908990866 -177.47102223900069 -23.943802563321572 6.7349851684316846 13.833890024226774 -59.582714789780006 26.378497512845229 -59.307539370210463 0.19287935851854529 47.520544442465138 8.596088662548599 21.737864980680932 -13.170137253948225 23.541354854194825 6.9587985342726499 -6.2034390706510933 -17.286680140909276 -5.4024507553247778 17.087373190992189 3.1585140187727108 4.7698567754970105
leaf_weight=45 33 30 57 30 32 31 41 30 31 30 32 57 30 46 41 32 31 31 33 54 50
leaf_count=45 33 30 57 30 32 31 41 30 31 30 32 57 30 46 41 32 31 31 33 54 50
internal_value=-5.11341 4.28863 24.6663 -11.9686 1.87932 -12.8949 0.331643 -26.3299 -2.05761 18.2378 4.97474 10.8218 0.767178 14.1538 16.689 1.31741 -4.56639 1.71019 4.59085 8.45548 0.485194
internal_weight=827 782 347 435 314 165 405 60 134 149 345 119 62 77 82 263 94 63 169 87 82
internal_count=827 782 347 435 314 165 405 60 134 149 345 119 62 77 82 263 94 63 169 87 82
is_linear=0
shrinkage=0.05


Tree=185
num_leaves=15
num_cat=0
split_feature=24 0 0 24 7 7 6 14 14 8 20 0 11 14
split_gain=6.72692e+08 2.28596e+09 1.52412e+09 9.52971e+07 7.98608e+07 2.96527e+07 8.08325e+06 4.81794e+06 5.63259e+06 8.16861e+06 6.75161e+06 1.12957e+07 6.34225e+06 5.82402e+06
threshold=1.0000000180025095e-35 76.250000000000014 4.8000000000000007 17036.111111111113 21.050000000000004 25.550000000000004 5.8500000000000005 19.000000000000004 286.00000000000006 8.1500000000000004 12.619200000000001 87.750000000000014 3.5000000000000004 153.50000000000003
decision_type=2 2 2 2 2 2 2 2 2 2 2 2 2 2
left_child=1 -1 -2 6 -3 -6 7 -4 10 12 11 -9 -10 -12
right_child=2 4 3 -5 5 -7 -8 8 9 -11 13 -13 -14 -15
leaf_value=493.32617102334672 -324.75838004469551 54.246902691723214 -17.214520221967788 91.616486622883244 -66.961518668515126 -0.72327393682176533 -22.445007613359067 39.968621795274018 15.615179551230952 -19.762273474514185 -17.725644289774532 7.4092531631919458 -11.991033439826422 3.7813577359779837
leaf_weight=30 37 46 31 30 31 37 36 32 51 59 38 157 35 181
leaf_count=30 37 46 31 30 31 37 36 32 51 59 38 157 35 181
internal_value=7.54371 105.764 -13.0563 4.73398 3.43064 -30.9742 0.51588 1.93489 3.01129 -5.45072 6.01923 12.9402 4.37916 0.0431394
internal_weight=831 144 687 650 114 68 620 584 553 145 408 189 86 219
internal_count=831 144 687 650 114 68 620 584 553 145 408 189 86 219
is_linear=0
shrinkage=0.05


Tree=186
num_leaves=12
num_cat=0
split_feature=1 0 0 24 7 11 1 24 6 3 4
split_gain=6.07304e+08 2.06381e+09 1.37591e+09 8.60362e+07 7.20937e+07 2.88799e+07 1.82969e+07 1.96475e+07 7.37172e+06 4.38524e+06 3.23289e+06
threshold=1.0000000180025095e-35 76.250000000000014 4.8000000000000007 17036.111111111113 21.050000000000004 2.5000000000000004 0.15476190476190474 10625.000000000002 5.8500000000000005 46.350000000000001 1011.85
decision_type=2 2 2 2 2 2 2 2 2 2 2
left_child=1 -1 -2 6 -3 -6 -4 8 9 -8 -11
right_child=2 4 3 -5 5 -7 7 -9 -10 10 -12
leaf_value=468.7417932656121 -308.56422737717952 51.540439206866019 31.157213644177848 87.050877527382681 3.1688988553463893 -61.94362764330554 -11.301667106986672 -41.239943188131846 -22.252138199904095 -0.27768131761946269 8.2393138153403473
leaf_weight=30 37 46 45 30 34 34 57 30 34 258 196
leaf_count=30 37 46 45 30 34 34 57 30 34 258 196
internal_value=7.16788 100.492 -12.4053 4.49781 3.25851 -29.4304 0.489905 -1.91514 0.25669 1.75841 3.40025
internal_weight=831 144 687 650 114 68 620 575 545 511 454
internal_count=831 144 687 650 114 68 620 575 545 511 454
is_linear=0
shrinkage=0.05


Tree=187
num_leaves=12
num_cat=0
split_feature=1 0 0 24 7 7 1 24 6 3 21
split_gain=5.48274e+08 1.86325e+09 1.24211e+09 7.76756e+07 6.50813e+07 2.6204e+07 1.65172e+07 1.77378e+07 6.65486e+06 3.95829e+06 2.88909e+06
threshold=1.0000000180025095e-35 76.250000000000014 4.8000000000000007 17036.111111111113 21.050000000000004 25.550000000000004 0.15476190476190474 10625.000000000002 5.8500000000000005 46.350000000000001 0.19828582434514638
decision_type=2 2 2 2 2 2 2 2 2 2 2
left_child=1 -1 -2 6 -3 -6 -4 8 9 -8 -11
right_child=2 4 3 -5 5 -7 7 -9 -10 10 -12
leaf_value=445.38255513847071 -293.17760552665936 48.969007717968331 29.602807456625012 82.712795635236063 -61.793175796067217 0.47079605156520626 -10.737573667416013 -39.18479663177186 -21.142793658751547 -3.3845058116363553 5.6342249513066092
leaf_weight=30 37 46 45 30 31 37 57 30 34 121 333
leaf_count=30 37 46 45 30 31 37 57 30 34 121 333
internal_value=6.81071 95.4836 -11.7869 4.27331 3.09527 -27.9632 0.46512 -1.81996 0.243619 1.67046 3.23033
internal_weight=831 144 687 650 114 68 620 575 545 511 454
internal_count=831 144 687 650 114 68 620 575 545 511 454
is_linear=0
shrinkage=0.05


Tree=188
num_leaves=13
num_cat=0
split_feature=1 0 0 24 7 30 1 24 6 4 14 27
split_gain=4.94981e+08 1.68218e+09 1.12132e+09 7.01274e+07 5.87516e+07 2.55387e+07 1.49107e+07 1.60137e+07 6.00768e+06 3.93171e+06 5.07627e+06 1.67012e+06
threshold=1.0000000180025095e-35 76.250000000000014 4.8000000000000007 17036.111111111113 21.050000000000004 -0.22252093395631442 0.15476190476190474 10625.000000000002 5.8500000000000005 1017.85 286.00000000000006 0.45972848220565493
decision_type=2 2 2 2 2 2 2 2 2 2 2 2
left_child=1 -1 -2 6 -3 -6 -4 8 9 10 -8 -11
right_child=2 4 3 -5 5 -7 7 -9 -10 11 -12 -13
leaf_value=423.18741215804084 -278.55823754158945 46.525869016171541 28.125948343890208 78.590893853780045 -57.144373613228893 4.0830019274065572 1.6599170804509951 -37.232065726371104 -20.088754881022613 4.7009532542862047 -13.739441292445859 16.646824107497249
leaf_weight=30 37 46 45 30 34 34 324 30 34 75 64 48
leaf_count=30 37 46 45 30 34 34 324 30 34 75 64 48
internal_value=6.47128 90.7245 -11.1994 4.05998 2.93996 -26.5696 0.441547 -1.72956 0.231165 1.58685 -0.883056 9.37253
internal_weight=831 144 687 650 114 68 620 575 545 511 388 123
internal_count=831 144 687 650 114 68 620 575 545 511 388 123
is_linear=0
shrinkage=0.05


Tree=189
num_leaves=12
num_cat=0
split_feature=1 0 0 24 8 29 1 24 6 4 4
split_gain=4.46869e+08 1.5187e+09 1.01228e+09 6.33125e+07 5.13877e+07 2.05121e+07 1.34602e+07 1.44573e+07 5.42353e+06 3.62859e+06 5.03127e+06
threshold=1.0000000180025095e-35 76.250000000000014 4.8000000000000007 17036.111111111113 13.850000000000003 1.0000000180025095e-35 0.15476190476190474 10625.000000000002 5.8500000000000005 998.55000000000007 1011.1500000000002
decision_type=2 2 2 2 2 2 2 2 2 2 2
left_child=1 -1 -2 6 -3 -6 -4 8 9 -8 -11
right_child=2 4 3 -5 5 -7 7 -9 -10 10 -12
leaf_value=402.09833570714801 -264.66786359185477 42.823330472634353 26.722769410435745 74.674405839989745 -53.328641034901324 1.9602272117592374 17.264424308776153 -35.376647604501919 -19.087262730304797 -4.9616763525865641 5.3145406174760641
leaf_weight=30 37 47 45 30 33 34 34 30 34 229 248
leaf_count=30 37 47 45 30 33 34 34 30 34 229 248
internal_value=6.1489 86.2027 -10.641 3.85743 2.79268 -25.3104 0.419309 -1.6435 0.219508 1.5076 0.381078
internal_weight=831 144 687 650 114 67 620 575 545 511 477
internal_count=831 144 687 650 114 67 620 575 545 511 477
is_linear=0
shrinkage=0.05


Tree=190
num_leaves=20
num_cat=0
split_feature=14 1 1 2 4 28 28 4 4 2 14 5 4 24 2 8 3 29 9
split_gain=2.56163e+08 3.87367e+08 2.48725e+08 5.76271e+08 8.2052e+08 7.51946e+08 3.17989e+08 2.58735e+08 1.18425e+08 1.09866e+07 1.79706e+07 9.80487e+06 8.70017e+06 5.5992e+06 3.19831e+06 2.51021e+06 1.29735e+06 1.43797e+06 610907
threshold=44.000000000000007 0.6000000000000002 0.6000000000000002 1.4000000000000001 1012.35 -0.71464691390916035 -0.18399835165767994 1004.7500000000001 998.05000000000007 5.0500000000000007 237.50000000000003 23.150000000000002 1007.7500000000001 8587.9638888888912 22.950000000000003 -1.7 63.400000000000006 1.0000000180025095e-35 0.65000000000000002
decision_type=2 2 2 2 2 2 2 2 2 2 2 2 2 2 2 2 2 2 2
left_child=1 -1 3 7 5 -5 -7 -2 -4 10 12 13 -10 16 -13 -3 17 -11 -18
right_child=2 15 8 4 -6 6 -8 -9 9 11 -12 14 -14 -15 -16 -17 18 -19 -20
leaf_value=220.25891712480208 -24.50613740535546 16.663476833711034 92.65902014525868 -209.57073875303337 -307.09377361877898 159.30665860928988 -50.596233006527548 171.68215741889421 19.171613403172373 1.8959333363480457 -35.559956500041913 -21.415554688827957 -15.541889942782076 22.251629901660678 -2.8647982582480895 -2.4460649839957753 -1.8613565492575885 15.647970832426717 5.0106601704823293
leaf_weight=30 38 30 35 43 40 36 36 30 36 38 58 45 36 49 48 40 88 38 51
leaf_count=30 38 30 35 43 40 36 36 30 36 38 58 45 36 49 48 40 88 38 51
internal_value=-4.83795 70.2625 -14.9266 -59.1151 -112.331 -44.3793 54.4305 62.1725 3.95849 -2.43399 -14.8732 2.09857 1.81731 7.01646 -11.8544 5.75576 3.5355 8.78354 0.661784
internal_weight=845 100 745 223 155 115 72 68 522 487 130 357 72 264 93 70 215 76 139
internal_count=845 100 745 223 155 115 72 68 522 487 130 357 72 264 93 70 215 76 139
is_linear=0
shrinkage=0.05


Tree=191
num_leaves=20
num_cat=0
split_feature=14 24 28 24 28 3 7 24 21 21 24 6 26 14 8 5 2 24 7
split_gain=2.31261e+08 2.47642e+08 1.4762e+08 3.82509e+08 2.23179e+08 7.07703e+08 1.25344e+08 4.35324e+08 1.13349e+08 9.45775e+07 1.04933e+08 5.26599e+07 3.68189e+07 3.33963e+07 1.65413e+07 2.60406e+07 1.2911e+07 2.85441e+06 1.67995e+06
threshold=44.000000000000007 8493.0555555555566 -0.94695267581281539 17600.000000000004 -0.7721279831368929 68.350000000000009 23.050000000000004 1.0000000180025095e-35 0.67036726105254041 0.64850320604842582 5541.666666666667 3.8500000000000001 6.4000000000000004 23.000000000000004 7.0500000000000007 7.3500000000000005 15.350000000000003 7787.0361111111115 28.750000000000004
decision_type=2 2 2 2 2 2 2 2 2 2 2 2 2 2 2 2 2 2 2
left_child=1 13 8 4 5 -4 9 -8 -2 10 -6 -12 -7 -1 15 -11 -16 18 -9
right_child=2 -3 3 -5 6 12 7 17 -10 14 11 -13 -14 -15 16 -17 -18 -19 -20
leaf_value=-17.464381443734556 110.39151737378991 183.9041830633231 -282.55226039949838 -162.72273938502545 -126.70063830224152 -24.354677748308745 208.72032501752983 8.4353256840362487 -5.3886158015845655 -4.6010212717756707 1.1581812162731973 -69.597351756873209 52.629882437683818 52.371638930342208 -31.128415400902636 45.667865935342753 4.8283613536965149 -11.705129222066333 -5.9984253877025111
leaf_weight=38 39 31 30 45 32 32 30 61 46 53 73 41 30 31 39 50 69 45 30
leaf_count=38 39 31 30 45 32 32 30 61 46 53 73 41 30 31 39 50 69 45 30
internal_value=-4.59574 66.7611 -14.1815 -22.1702 -11.8611 -83.6314 0.777485 36.6612 47.8013 -15.9135 -46.837 -24.3276 12.9206 13.9415 5.49578 19.8219 -8.17277 -1.41848 3.67553
internal_weight=845 100 745 660 615 92 523 166 85 357 146 114 62 69 211 103 108 136 91
internal_count=845 100 745 660 615 92 523 166 85 357 146 114 62 69 211 103 108 136 91
is_linear=0
shrinkage=0.05


Tree=192
num_leaves=11
num_cat=0
split_feature=0 24 24 0 24 2 21 6 26 11
split_gain=3.04644e+08 1.97078e+08 3.42219e+07 8.22048e+07 2.90531e+07 4.09437e+07 4.14272e+07 3.79306e+06 5.25191e+06 2.23819e+06
threshold=1.5000000000000002 22696.9696969697 13080.555555555557 12.750000000000002 2788.8888888888891 5.2500000000000009 0.8204896021982141 5.7500000000000009 3.3500000000000001 4.5000000000000009
decision_type=2 2 2 2 2 2 2 2 2 2
left_child=-1 2 3 -2 5 -5 -7 8 -6 -10
right_child=1 -3 -4 4 7 6 -8 -9 9 -11
leaf_value=-132.30724472080499 78.079128875019407 126.07592332846099 -54.567949153101722 -59.408483590731919 22.30601808937681 -31.290120773153451 43.807876330911128 -16.22847439585334 2.3171987608293412 -6.3897227266420824
leaf_weight=44 32 31 30 52 30 47 30 30 430 89
leaf_count=44 32 31 30 52 30 47 30 30 430 89
internal_value=-4.36639 2.6772 -2.30652 -0.180716 -3.72842 -25.1768 -2.01223 1.05376 2.00094 0.823151
internal_weight=845 801 770 740 708 129 77 579 549 519
internal_count=845 801 770 740 708 129 77 579 549 519
is_linear=0
shrinkage=0.05


Tree=193
num_leaves=16
num_cat=0
split_feature=14 1 2 24 28 3 28 24 7 3 20 24 28 7 28
split_gain=2.12854e+08 1.44184e+08 5.176e+08 1.0117e+09 6.91379e+08 4.1377e+08 3.53621e+08 1.64084e+08 1.2984e+08 7.96221e+06 6.84992e+06 4.3656e+06 1.80215e+06 2.83592e+06 1.30843e+06
threshold=13.000000000000002 0.18333333333333332 1.9000000000000001 17600.000000000004 -0.76107606668641947 76.450000000000017 -0.34155811708470757 11824.075000000003 14.250000000000002 40.050000000000004 21.470950000000006 4032.4083333333338 -0.52705818521824699 17.850000000000005 -0.92910699518418138
decision_type=2 2 2 2 2 2 2 2 2 2 2 2 2 2 2
left_child=-1 2 5 4 -4 -2 -6 9 -8 -3 11 -11 14 -14 -13
right_child=1 7 3 -5 6 -7 8 -9 -10 10 -12 12 13 -15 -16
leaf_value=120.13831315861727 176.96955501813247 -26.528516297785036 -233.69856092031128 -347.43437170047082 172.9369323804064 -66.106426506410457 40.196878653849637 117.95851164466121 -93.973575384340506 -14.071029529888669 -19.316803340360423 0.65621840484306937 5.1512077382543096 -4.4239665562679047 11.896455594630559
leaf_weight=33 40 31 32 31 31 31 35 30 37 42 44 39 171 141 77
leaf_count=33 40 31 32 31 31 31 35 30 37 42 44 39 171 141 77
internal_value=-4.14823 -9.21347 -42.0225 -90.3317 -31.0799 70.894 32.0352 4.31451 -28.7865 -1.96161 -0.475066 1.29256 2.80315 0.823918 8.12127
internal_weight=845 812 237 166 135 71 103 575 72 545 514 470 428 312 116
internal_count=845 812 237 166 135 71 103 575 72 545 514 470 428 312 116
is_linear=0
shrinkage=0.05


Tree=194
num_leaves=15
num_cat=0
split_feature=0 24 8 8 24 29 4 1 0 3 24 0 3 14
split_gain=2.53267e+08 1.87074e+08 2.76929e+07 6.21719e+07 4.29086e+07 1.73813e+07 3.21917e+07 2.29981e+07 4.65103e+07 6.09145e+07 1.04486e+07 6.59689e+06 6.00602e+06 5.05916e+06
threshold=1.5000000000000002 22696.9696969697 22.450000000000003 23.850000000000005 11824.075000000003 0.87837969732492682 1006.7500000000001 0.29166666666666669 36.650000000000006 74.700000000000003 5157.4083333333338 200.40000000000001 87.850000000000009 29.000000000000004
decision_type=2 2 2 2 2 2 2 2 2 2 2 2 2 2
left_child=-1 2 4 -4 5 7 -7 8 -2 -10 -5 -8 13 -9
right_child=1 -3 3 10 -6 6 11 12 9 -11 -12 -13 -14 -15
leaf_value=-120.59652866354875 29.040105107456352 122.70662687737075 80.808370195247733 -24.979035223607333 -59.929503935898133 59.386398775474575 -20.479465146239018 -17.388483444945688 -15.295299636361822 -101.15471795294371 13.091821338022422 12.358052767971321 -18.066184870908636 3.0992598465610852
leaf_weight=44 30 31 31 32 35 30 30 33 66 30 41 31 45 336
leaf_count=44 30 31 31 32 35 30 30 33 66 30 41 31 45 336
internal_value=-3.94177 2.48048 -2.37509 21.6079 -6.12288 -3.12933 17.0739 -6.53649 -25.2313 -42.2038 -3.60805 -3.79855 -0.842025 1.26279
internal_weight=845 801 770 104 666 631 91 540 126 96 73 61 414 369
internal_count=845 801 770 104 666 631 91 540 126 96 73 61 414 369
is_linear=0
shrinkage=0.05


Tree=195
num_leaves=11
num_cat=0
split_feature=26 24 0 4 0 6 24 26 24 2
split_gain=1.87343e+08 2.63333e+08 1.79916e+08 1.72029e+08 2.22154e+07 1.54621e+07 5.31254e+07 2.49867e+07 3.09045e+07 6.4907e+06
threshold=3.2000000000000002 25630.555555555558 2.5000000000000004 995.40000000000009 8.5000000000000018 2.2500000000000004 4166.666666666667 11.050000000000002 3791.6666666666674 15.747000000000002
decision_type=2 2 2 2 2 2 2 2 2 2
left_child=-1 2 -2 -4 -5 6 -6 8 -7 -8
right_child=1 -3 3 4 5 7 9 -9 -10 -11
leaf_value=-100.77656588937093 112.78610330266743 140.96240286005946 -123.22506482409511 -44.369608014956164 -74.790597146373258 32.394108722477192 -7.4442054032668885 -33.769952595261579 -0.019732948873258181 19.565587970451528
leaf_weight=46 32 33 31 31 30 90 78 43 400 31
leaf_count=46 32 33 31 31 30 90 78 43 400 31
internal_value=-2.76948 2.88488 -3.08124 -8.14736 -3.056 -1.14384 -15.9892 2.72992 5.93921 0.248326
internal_weight=845 799 766 734 703 672 139 533 490 109
internal_count=845 799 766 734 703 672 139 533 490 109
is_linear=0
shrinkage=0.05


Tree=196
num_leaves=11
num_cat=0
split_feature=26 24 0 4 0 6 24 26 24 28
split_gain=1.69115e+08 2.37735e+08 1.62428e+08 1.55308e+08 2.00559e+07 1.3958e+07 4.79631e+07 2.25555e+07 2.80093e+07 2.0536e+06
threshold=3.2000000000000002 25630.555555555558 2.5000000000000004 995.40000000000009 8.5000000000000018 2.2500000000000004 4166.666666666667 11.050000000000002 3091.1111111111118 0.72649987002303373
decision_type=2 2 2 2 2 2 2 2 2 2
left_child=-1 2 -2 -4 -5 6 -6 8 -7 -8
right_child=1 -3 3 4 5 7 9 -9 -10 -11
leaf_value=-95.748669010077535 107.164374102536 133.93556951885856 -117.08362774128314 -42.158259950496763 -71.063491926478392 32.889117849852738 4.6605695793137016 -32.085372604405528 0.39867639640507924 -10.39024417482061
leaf_weight=46 32 33 31 31 30 79 77 43 411 32
leaf_count=46 32 33 31 31 30 79 77 43 411 32
internal_value=-2.63147 2.74078 -2.92796 -7.74158 -2.90397 -1.08713 -15.192 2.59341 5.64258 0.236463
internal_weight=845 799 766 734 703 672 139 533 490 109
internal_count=845 799 766 734 703 672 139 533 490 109
is_linear=0
shrinkage=0.05


Tree=197
num_leaves=13
num_cat=0
split_feature=26 24 0 4 6 20 2 24 4 24 24 10
split_gain=1.5266e+08 2.14625e+08 1.46641e+08 1.40212e+08 1.90816e+07 3.07338e+07 2.47716e+07 2.84024e+07 4.09779e+07 1.36253e+07 9.11338e+06 4.9707e+06
threshold=3.2000000000000002 25630.555555555558 2.5000000000000004 995.40000000000009 4.6500000000000012 4.5931500000000014 15.747000000000002 3791.6666666666674 1007.2500000000001 11610.41666666667 6312.5000000000009 6.5000000000000009
decision_type=2 2 2 2 2 2 2 2 2 2 2 2
left_child=-1 2 -2 -4 6 -6 7 8 -5 -9 11 -8
right_child=1 -3 3 4 5 -7 10 9 -10 -11 -12 -13
leaf_value=-90.971620706984368 101.82284418504186 127.25902744996222 -111.24826648135659 -0.51702212483814181 59.107217881303896 -5.5191113503703519 22.082010962667781 -1.7711714799290588 -65.950269973814599 -32.203947831128346 36.294050162306455 -1.1784831340398676
leaf_weight=46 32 33 31 45 31 45 33 350 51 41 32 75
leaf_count=46 32 33 31 45 31 45 33 350 51 41 32 75
internal_value=-2.50043 2.60378 -2.78239 -7.3561 -2.75961 20.8846 -5.62846 -10.9568 -35.3109 -4.96976 12.9011 5.9427
internal_weight=845 799 766 734 703 76 627 487 96 391 140 108
internal_count=845 799 766 734 703 76 627 487 96 391 140 108
is_linear=0
shrinkage=0.05


Tree=198
num_leaves=14
num_cat=0
split_feature=26 4 1 29 24 29 6 6 24 3 3 24 24
split_gain=1.37809e+08 2.20515e+08 2.70187e+08 4.50332e+08 2.69518e+08 1.9014e+08 2.16669e+08 8.92048e+07 5.19823e+07 5.30583e+06 3.537e+06 6.73236e+06 5.99414e+06
threshold=3.2000000000000002 1002.7500000000001 0.087121212121212113 0.6078576107927941 19642.857142857149 1.0000000180025095e-35 2.9500000000000006 3.0500000000000003 10788.888888888891 87.850000000000009 46.350000000000001 7736.1111111111122 9240.7416666666668
decision_type=2 2 2 2 2 2 2 2 2 2 2 2 2
left_child=-1 5 3 -3 8 7 -7 -2 9 10 11 -4 -12
right_child=1 2 4 -5 -6 6 -8 -9 -10 -11 12 -13 -14
leaf_value=-86.432906217430258 -42.42235513972642 -2.302234685266745 5.4351301168801056 -234.39348634512891 140.50402330473469 189.64161407964943 22.781193959937909 59.997344795362224 -56.180387193993084 -20.879254193680524 -0.081209888213346293 -24.706615062241795 22.560751413481999
leaf_weight=46 48 54 36 34 33 41 37 38 48 33 327 38 32
leaf_count=46 48 54 36 34 33 41 37 38 48 33 327 38 32
internal_value=-2.37518 2.47439 -10.8763 -92.1382 2.21132 54.1428 110.62 2.84993 -6.69298 -1.5846 -0.109611 -10.0554 1.94272
internal_weight=845 799 635 88 547 164 78 86 514 466 433 74 359
internal_count=845 799 635 88 547 164 78 86 514 466 433 74 359
is_linear=0
shrinkage=0.05


Tree=199
num_leaves=19
num_cat=0
split_feature=2 0 0 4 25 0 1 14 0 23 24 4 14 26 14 24 11 7
split_gain=1.32611e+08 9.6044e+08 7.67836e+08 1.31729e+08 4.55166e+07 9.61683e+07 6.79417e+07 1.79745e+08 3.03413e+07 1.13455e+07 8.48004e+06 6.57629e+06 5.39931e+06 4.03229e+06 2.5791e+06 4.31855e+06 1.36444e+06 846588
threshold=16.250000000000004 2.5000000000000004 102.05000000000003 996.1500000000002 18.136780000000005 66.700000000000017 0.13392857142857142 100.50000000000001 58.400000000000006 -0.68301270189221952 6087.9638888888894 1004.1500000000002 181.50000000000003 4.7500000000000018 38.000000000000007 9819.4444444444471 2.5000000000000004 7.6500000000000012
decision_type=2 2 2 2 2 2 2 2 2 2 2 2 2 2 2 2 2 2
left_child=1 -1 -2 -3 6 -6 7 -5 -8 10 -7 -11 -4 -14 17 -16 -15 -10
right_child=2 3 12 4 5 9 8 -9 14 11 -12 -13 13 16 15 -17 -18 -19
leaf_value=228.21924262388148 -270.78400470315421 -106.97325208016274 20.868818568962084 -30.680638764901836 -99.831175815884308 -38.822090296442781 -50.535165802688851 125.06005986331327 -1.9597763720540908 23.197644448891666 -2.4218315241037844 -6.9994778612553263 15.428642777351051 -12.880081630316306 1.0292551855237198 20.93523882500995 0.42268215530668685 -13.740563062072949
leaf_weight=46 30 32 43 36 34 33 31 38 30 35 31 37 30 38 220 31 39 31
leaf_count=46 30 32 43 36 34 33 31 38 30 35 31 37 30 38 220 31 39 31
internal_value=-2.25658 8.04977 -40.3162 -8.34599 -2.95206 -24.7503 5.93831 49.3551 -3.44022 -5.92049 -21.2221 7.69142 5.92704 -0.0914294 1.25376 3.49514 -6.15044 -7.95951
internal_weight=845 665 180 619 587 170 417 74 343 136 64 72 150 107 312 251 77 61
internal_count=845 665 180 619 587 170 417 74 343 136 64 72 150 107 312 251 77 61
is_linear=0
shrinkage=0.05


Tree=200
num_leaves=13
num_cat=0
split_feature=4 26 24 1 26 4 1 28 5 25 4 27
split_gain=3.04913e+08 1.84349e+08 4.35518e+08 1.40909e+08 4.75762e+08 1.7106e+08 1.30826e+08 1.14539e+08 1.05743e+07 5.19646e+06 7.397e+06 3.47966e+06
threshold=995.40000000000009 3.7000000000000015 25630.555555555558 1.0000000180025095e-35 7.2000000000000028 1006.1500000000002 0.29166666666666669 -0.081676395330422633 20.850000000000005 1.3155350000000001 1024.2500000000002 0.43664718845046319
decision_type=2 2 2 2 2 2 2 2 2 2 2 2
left_child=-1 8 3 4 -3 -6 7 -5 -2 -8 11 -11
right_child=1 2 -4 6 5 -7 9 -9 -10 10 -12 -13
leaf_value=157.90356152352967 -59.606104049498633 173.07543777021698 196.21986004902277 -146.38381374460516 -118.62217238003035 38.520082593756875 20.098089620461419 -11.474182161175591 -101.684131442352 -2.6657411355189966 -24.582400804010618 6.214454620227535
leaf_weight=33 31 48 30 30 31 39 31 33 30 301 31 174
leaf_count=33 31 48 30 30 31 39 31 33 30 301 31 174
internal_value=9.16062 3.07446 9.8944 2.08296 52.006 -31.1414 -7.74227 -75.8471 -80.4329 0.260314 -0.958765 0.587828
internal_weight=842 809 748 718 118 70 600 63 61 537 506 475
internal_count=842 809 748 718 118 70 600 63 61 537 506 475
is_linear=0
shrinkage=0.05


Tree=201
num_leaves=12
num_cat=0
split_feature=0 6 24 0 24 26 20 11 24 20 6
split_gain=4.39668e+08 4.43634e+07 4.61771e+07 5.42256e+07 9.33249e+07 1.26225e+07 7.59805e+06 1.29119e+07 1.27786e+07 1.12318e+07 8.50591e+06
threshold=2.5000000000000004 6.1500000000000012 13992.361111111113 60.350000000000009 8601.8527777777799 3.3500000000000001 3.1897500000000001 3.5000000000000004 6569.4444444444453 4.0532750000000002 1.8500000000000003
decision_type=2 2 2 2 2 2 2 2 2 2 2
left_child=-1 2 3 4 -2 -5 7 8 -7 -8 -11
right_child=1 -3 -4 5 -6 6 9 -9 -10 10 -12
leaf_value=141.41852581923678 -100.90748048222642 -57.782063836273473 57.358504605632902 33.786161432236526 12.872062177221089 -47.915082684253342 33.791434169845324 12.776550781570394 -4.2900029335122101 -21.393164586341619 4.1813991379667588
leaf_weight=58 35 33 35 32 37 30 30 38 38 35 441
leaf_count=58 35 33 35 32 37 30 30 38 38 35 441
internal_value=8.70334 -1.13165 1.36501 -1.37973 -42.5006 3.22352 1.6202 -10.5458 -23.5785 4.1704 2.29681
internal_weight=842 784 751 716 72 644 612 106 68 506 476
internal_count=842 784 751 716 72 644 612 106 68 506 476
is_linear=0
shrinkage=0.05


Tree=202
num_leaves=10
num_cat=0
split_feature=0 6 24 0 9 0 3 27 26
split_gain=3.96875e+08 4.00502e+07 4.16878e+07 4.98805e+07 1.62301e+07 1.25864e+07 1.08454e+07 2.84678e+07 8.48045e+06
threshold=2.5000000000000004 6.1500000000000012 13992.361111111113 14.500000000000002 18.650000000000002 60.350000000000009 46.000000000000007 0.23448921811828119 9.3500000000000032
decision_type=2 2 2 2 2 2 2 2 2
left_child=-1 2 3 -2 5 -5 7 -7 -8
right_child=1 -3 -4 4 -6 6 8 -9 -10
leaf_value=134.35977302065405 -62.226331490073996 -54.901688796732003 54.498750222578352 -29.004213192263705 27.31454511326265 21.368724451034396 0.28559337285968239 -39.780562479748511 15.850465566701491
leaf_weight=58 32 33 35 37 56 31 399 49 112
leaf_count=58 32 33 35 37 56 31 399 49 112
internal_value=8.26856 -1.07556 1.29662 -1.31128 1.54722 -0.754477 1.01872 -16.0881 3.69952
internal_weight=842 784 751 716 684 628 591 80 511
internal_count=842 784 751 716 684 628 591 80 511
is_linear=0
shrinkage=0.05


Tree=203
num_leaves=12
num_cat=0
split_feature=0 6 0 14 21 9 3 6 3 22 6
split_gain=3.58246e+08 3.61565e+07 2.09795e+07 7.86386e+07 2.29399e+07 1.06669e+07 6.83645e+06 7.05537e+06 5.28188e+06 6.88809e+06 4.12933e+06
threshold=2.5000000000000004 6.1500000000000012 60.350000000000009 284.00000000000006 0.61909511064081435 4.8500000000000005 40.050000000000004 4.6500000000000012 46.000000000000007 0.68301270189221941 3.1500000000000008
decision_type=2 2 2 2 2 2 2 2 2 2 2
left_child=-1 2 3 4 -2 6 -4 8 -8 -10 -7
right_child=1 -3 5 -5 -6 10 7 -9 9 -11 -12
leaf_value=127.65334707972514 -80.62367031846928 -52.164896475800575 -16.614049946046446 43.325126895132094 -20.587031770623799 30.518792488291513 -17.550962336811502 19.738911700047012 -0.59975140608849431 14.517041636242418 9.4272287149491376
leaf_weight=58 34 33 46 32 30 47 34 59 325 98 46
leaf_count=58 34 33 46 32 30 47 34 59 325 98 46
internal_value=7.85553 -1.02221 1.23172 -20.5848 -52.5576 4.43191 1.83474 3.48231 1.37966 2.90508 20.1078
internal_weight=842 784 751 96 64 655 562 516 457 423 93
internal_count=842 784 751 96 64 655 562 516 457 423 93
is_linear=0
shrinkage=0.05


Tree=204
num_leaves=11
num_cat=0
split_feature=0 24 0 1 2 6 26 0 24 6
split_gain=3.23378e+08 3.44202e+07 4.06813e+07 1.92153e+07 3.23926e+07 2.83431e+07 1.56398e+07 4.69812e+06 3.10586e+06 2.40645e+06
threshold=2.5000000000000004 13992.361111111113 14.500000000000002 0.11805555555555557 5.2500000000000009 2.9500000000000006 3.1500000000000008 66.700000000000017 10240.741666666667 5.1500000000000012
decision_type=2 2 2 2 2 2 2 2 2 2
left_child=-1 2 -2 4 -4 -6 -5 -8 9 -9
right_child=1 -3 3 6 5 -7 7 8 -10 -11
leaf_value=121.28165915615587 -58.463620655856033 44.152483683750226 -51.497858331360391 35.065285639749298 38.706545006634791 -26.207998899524924 15.778232548545626 1.338196498915617 -16.035854932042948 -11.309134980361826
leaf_weight=58 32 40 47 35 30 38 47 443 31 41
leaf_count=58 32 40 47 35 30 38 47 443 31 41
internal_value=7.46309 -0.971546 -3.40318 -0.920687 -19.6265 2.44548 2.68528 0.662843 -0.719405 0.264707
internal_weight=842 784 744 712 115 68 597 562 515 484
internal_count=842 784 744 712 115 68 597 562 515 484
is_linear=0
shrinkage=0.05


Tree=205
num_leaves=12
num_cat=0
split_feature=4 21 24 28 6 26 1 1 4 7 20
split_gain=2.98014e+08 1.48033e+08 2.68712e+08 6.30944e+07 6.13952e+07 5.16882e+07 1.88969e+08 6.1713e+07 7.21893e+07 1.38199e+07 7.38302e+06
threshold=995.40000000000009 1.9700000000000002 26196.527777777781 0.97308229207007257 1.8500000000000003 6.7999999999999998 0.13392857142857142 0.13392857142857142 1006.4500000000002 24.150000000000002 11.900800000000002
decision_type=2 2 2 2 2 2 2 2 2 2 2
left_child=-1 2 3 4 -2 6 -6 8 -7 -8 -9
right_child=1 -3 -4 -5 5 7 9 10 -10 -11 -12
leaf_value=146.48548298534163 56.801418738152577 79.086257798108846 -147.35250422082999 -67.966516924603596 -99.012382709549129 -13.706728435853268 17.253171350854245 -8.0709356364081906 76.050376099971956 -9.4252022768014818 9.4104953907675437
leaf_weight=35 47 52 33 34 58 35 96 192 62 98 88
leaf_count=35 47 52 33 34 58 35 96 192 62 98 88
internal_value=3.90725 -2.38741 -8.09935 -1.60717 1.73998 -2.38268 -19.9096 9.33507 43.683 3.77853 -2.57536
internal_weight=830 795 743 710 676 629 252 377 97 194 280
internal_count=830 795 743 710 676 629 252 377 97 194 280
is_linear=0
shrinkage=0.05


Tree=206
num_leaves=20
num_cat=0
split_feature=6 2 24 24 7 1 7 26 1 24 3 26 20 26 6 4 4 26 20
split_gain=2.71723e+08 1.43686e+08 6.68331e+08 2.12106e+08 7.65694e+07 1.54353e+08 1.65392e+08 5.56371e+07 2.61759e+08 8.44835e+07 2.60551e+07 1.00486e+07 9.18555e+06 7.79243e+06 6.45835e+06 5.56018e+06 5.48558e+06 2.07658e+06 2.5346e+06
threshold=5.9500000000000011 16.450000000000003 7291.666666666667 19642.857142857149 23.050000000000004 0.13392857142857142 25.050000000000004 9.3500000000000032 0.10555555555555557 3902.7777777777778 42.250000000000007 5.5499999999999998 21.403000000000002 8.1500000000000039 3.3500000000000001 1014.1500000000002 1000.1500000000002 5.700000000000002 15.522750000000004
decision_type=2 2 2 2 2 2 2 2 2 2 2 2 2 2 2 2 2 2 2
left_child=1 3 12 4 7 6 -6 8 -1 -9 -10 -12 17 16 15 -11 -7 -3 -19
right_child=-2 2 -4 -5 5 13 -8 9 10 14 11 -13 -14 -15 -16 -17 -18 18 -20
leaf_value=-138.96658981939393 137.87278021788663 21.651203026248766 -256.91799394181402 122.92461530229862 174.02654001229624 14.9363108162568 21.868864100968761 85.433581418188936 -45.160098597781072 -0.054656860271463874 21.9701834935343 -3.3175164259816747 -19.664629919507352 -30.582782294819211 13.12588592367711 -26.290746673796406 -11.644485456540483 13.689479217399546 -5.1360681768271617
leaf_weight=42 36 30 30 38 30 32 44 32 31 38 56 131 33 31 30 43 49 44 30
leaf_count=42 36 30 30 38 30 32 44 32 31 38 56 131 33 31 30 43 49 44 30
internal_value=3.71213 -2.38732 -43.5866 8.59121 1.19524 27.7227 83.7061 -11.0521 -24.8265 13.9922 -2.78257 4.26294 3.2816 -9.30788 -6.66179 -13.9978 -1.1379 10.5746 6.0608
internal_weight=830 794 167 627 589 186 74 403 260 143 218 187 137 112 111 81 81 104 74
internal_count=830 794 167 627 589 186 74 403 260 143 218 187 137 112 111 81 81 104 74
is_linear=0
shrinkage=0.05


Tree=207
num_leaves=13
num_cat=0
split_feature=4 21 0 24 2 24 6 4 21 21 26 23
split_gain=2.59073e+08 1.32743e+08 4.65205e+08 4.57383e+07 1.47419e+07 4.02748e+07 2.35709e+07 1.53447e+07 1.74697e+07 1.74412e+07 7.39634e+06 3.59774e+06
threshold=995.40000000000009 1.9700000000000002 4.8000000000000007 16530.555555555558 4.7500000000000009 2220.0000000000005 5.2500000000000009 1008.85 0.89469139169166456 0.8204896021982141 5.7500000000000027 0.25000000000000017
decision_type=2 2 2 2 2 2 2 2 2 2 2 2
left_child=-1 2 -2 4 5 -4 7 9 -9 -6 -7 -12
right_child=1 -3 3 -5 6 10 -8 8 -10 -11 11 -13
leaf_value=136.46414260701235 -148.93295990949196 74.809705459247851 -56.014581790543588 62.586000630173274 -22.108467060734331 21.68698635636089 45.785631859966742 28.594233470607158 -0.11298334908431673 9.1292618005016788 4.2542657215398121 -11.354751491259217
leaf_weight=35 54 52 39 31 101 32 34 88 133 80 64 87
leaf_count=35 54 52 39 31 101 32 34 88 133 80 64 87
internal_value=3.52706 -2.34194 -7.75086 3.33421 0.533617 -9.95188 5.87363 2.48743 11.3257 -8.30429 -0.109984 -4.74054
internal_weight=830 795 743 689 658 222 436 402 221 181 183 151
internal_count=830 795 743 689 658 222 436 402 221 181 183 151
is_linear=0
shrinkage=0.05


Tree=208
num_leaves=15
num_cat=0
split_feature=6 14 24 24 5 20 25 24 26 20 24 26 3 14
split_gain=2.37131e+08 1.31741e+08 4.22691e+08 9.21761e+07 9.48897e+07 1.78393e+08 1.68835e+08 3.54764e+07 1.04536e+08 2.65963e+07 7.37868e+06 5.84362e+06 6.11238e+06 4.26688e+06
threshold=5.9500000000000011 17.000000000000004 26196.527777777781 1.0000000180025095e-35 18.950000000000003 16.301775000000003 12.342740000000001 8673.6111111111113 6.5500000000000007 3.1056250000000007 9861.1111111111131 3.7500000000000018 87.850000000000009 286.00000000000006
decision_type=2 2 2 2 2 2 2 2 2 2 2 2 2 2
left_child=1 -1 3 4 6 -6 -3 11 -9 -10 -11 -5 13 -13
right_child=-2 2 -4 7 5 -7 -8 8 9 10 -12 12 -14 -15
leaf_value=98.52708583077434 128.68192602511587 77.26062603916769 -181.21556428753718 18.745582215194506 163.57961983464634 1.6606432575106282 -87.4940547105967 -92.537328296670026 -41.110336953857022 -4.2237586832492147 27.015103541744509 3.0410023765827181 -22.793852484724528 -9.898706021291261
leaf_weight=31 36 31 33 39 33 35 31 44 30 32 46 297 31 81
leaf_count=31 36 31 33 39 33 35 31 44 30 32 46 297 31 81
internal_value=3.35158 -2.34639 -6.45717 1.4666 39.6197 80.3639 -5.12487 -6.80511 -27.6694 -1.18046 14.2101 0.278409 -1.48666 0.26631
internal_weight=830 794 763 730 130 68 62 600 152 108 78 448 409 378
internal_count=830 794 763 730 130 68 62 600 152 108 78 448 409 378
is_linear=0
shrinkage=0.05


Tree=209
num_leaves=14
num_cat=0
split_feature=4 2 0 24 27 1 0 0 4 24 7 0 14
split_gain=2.28885e+08 1.23067e+08 6.82034e+08 4.1737e+08 6.27058e+07 1.18443e+08 1.69396e+08 1.19775e+08 3.35212e+07 1.16088e+07 4.81536e+06 4.81452e+06 4.66363e+06
threshold=995.40000000000009 16.250000000000004 93.250000000000014 25630.555555555558 0.99052327954040398 1.0000000180025095e-35 105.2 8.5000000000000018 1006.4500000000002 11069.444444444447 27.850000000000005 66.700000000000017 251.50000000000003
decision_type=2 2 2 2 2 2 2 2 2 2 2 2 2
left_child=-1 3 -3 4 5 6 -2 -7 -8 11 12 -9 -4
right_child=1 2 10 -5 -6 7 8 9 -10 -11 -12 -13 -14
leaf_value=128.13666007104422 149.52617304095398 -255.97902986520148 25.921162680960034 183.37715463608595 -66.530254213762419 -96.599864851933091 -18.105908618427961 17.590208897993083 44.732186121677522 -28.701492258584405 -5.483556987738659 -0.94466757254867861 2.7732615091362778
leaf_weight=35 30 30 43 32 35 36 45 39 40 36 48 337 44
leaf_count=35 30 30 43 32 35 36 45 39 40 36 48 337 44
internal_value=3.18448 -2.33198 -40.7584 7.73696 -1.69093 2.35103 47.5927 -9.27037 11.4827 -1.61804 7.22238 0.981985 14.2309
internal_weight=830 795 165 630 598 563 115 448 85 412 135 376 87
internal_count=830 795 165 630 598 563 115 448 85 412 135 376 87
is_linear=0
shrinkage=0.05


Tree=210
num_leaves=11
num_cat=0
split_feature=24 0 0 24 4 14 24 20 20 27
split_gain=7.83315e+08 2.75711e+08 2.52542e+08 2.08443e+07 1.33225e+07 1.04828e+07 2.24551e+07 1.29009e+07 5.39305e+07 3.62709e+06
threshold=33344.444444444453 2.5000000000000004 8.5000000000000018 13992.361111111113 995.75000000000011 240.50000000000003 4490.7416666666677 1.8626500000000001 3.6098000000000003 -0.97505550290239429
decision_type=2 2 2 2 2 2 2 2 2 2
left_child=1 -1 -3 4 -4 7 -7 -6 -9 -8
right_child=-2 2 3 -5 5 6 9 8 -10 -11
leaf_value=140.256957793026 260.79524637520115 -142.31912634068189 -32.825367731910049 41.654107747125465 -17.3580945539391 -48.427818441549412 12.044187075879696 67.272829173161441 2.451472665437624 -5.3276301016617555
leaf_weight=34 30 32 31 30 57 30 37 35 374 158
leaf_count=34 30 32 31 30 57 30 37 35 374 158
internal_value=10.2951 1.07728 -4.97569 0.886855 -0.812602 0.628106 -8.2325 4.90716 8.01363 -2.02693
internal_weight=848 818 784 752 722 691 225 466 409 195
internal_count=848 818 784 752 722 691 225 466 409 195
is_linear=0
shrinkage=0.05


Tree=211
num_leaves=17
num_cat=0
split_feature=24 20 26 6 26 6 30 4 1 1 26 1 10 24 6 24
split_gain=7.07189e+08 1.68008e+08 7.58342e+07 1.05259e+08 9.59022e+07 1.40075e+08 6.69502e+07 1.18334e+08 1.82018e+08 1.03319e+08 4.68351e+07 1.19751e+08 1.29485e+07 1.16769e+07 8.81423e+06 7.07959e+06
threshold=33344.444444444453 22.024850000000004 4.2500000000000009 2.3500000000000001 5.4000000000000004 3.0500000000000003 -0.56174490092936669 1003.85 0.11805555555555557 0.11805555555555557 6.7500000000000009 0.056250000000000008 7.5000000000000009 7736.1111111111122 4.3500000000000005 8120.3694444444454
decision_type=2 2 2 2 2 2 2 2 2 2 2 2 2 2 2 2
left_child=1 2 3 -1 5 -4 9 8 -8 -6 -9 -12 13 -11 -5 -14
right_child=-2 -3 4 14 6 -7 7 10 -10 12 11 -13 15 -15 -16 -17
leaf_value=-123.9865719716018 247.79880323188252 92.698291193806185 137.99043586705611 9.7611607626427048 89.270504822000092 -4.0398034845245432 -163.42212088516567 -44.386285452260005 -9.5957159474585012 -0.370387994033128 94.225395601537656 -7.1464186183933567 -0.62431393706906591 37.791501361111862 -28.51071866073482 -33.606738781854745
leaf_weight=30 30 47 30 30 41 41 32 58 48 60 33 243 33 30 30 32
leaf_count=30 30 47 30 30 41 41 32 58 48 60 33 243 33 30 30 32
internal_value=9.78197 1.02352 -4.57624 -47.6843 1.12702 56.0826 -5.27759 -16.674 -71.2535 18.7906 -3.58359 5.00384 0.10192 12.378 -9.39029 -16.8886
internal_weight=848 818 771 90 681 71 610 414 80 196 334 276 155 90 60 65
internal_count=848 818 771 90 681 71 610 414 80 196 334 276 155 90 60 65
is_linear=0
shrinkage=0.05


Tree=212
num_leaves=12
num_cat=0
split_feature=0 0 6 27 21 6 0 30 1 1 3
split_gain=5.67914e+08 4.85398e+07 3.70987e+07 1.41016e+07 2.52408e+07 1.64092e+07 1.8207e+07 1.13562e+07 2.89471e+07 2.16132e+07 3.19287e+06
threshold=2.5000000000000004 8.5000000000000018 5.9500000000000011 -0.85206963063867713 0.63813267600761125 5.1500000000000012 31.000000000000004 -0.22252093395631442 0.6000000000000002 0.056250000000000008 71.700000000000003
decision_type=2 2 2 2 2 2 2 2 2 2 2
left_child=-1 -2 3 4 -3 6 -5 8 -8 -9 -6
right_child=1 2 -4 5 10 -7 7 9 -10 -11 -12
leaf_value=158.79164743697785 -59.379024307816124 -49.577131361255475 -48.686767956424625 42.20902184141039 -6.820815173329315 40.587046527646464 -36.97601432821542 40.667922978183974 3.4125025047467936 3.0579212729036409 12.646983252297549
leaf_weight=59 35 33 36 30 47 33 56 46 212 223 38
leaf_count=59 35 33 36 30 47 33 56 46 212 223 38
internal_value=9.29461 -1.90321 0.772276 3.25856 -12.5353 6.36625 4.36775 2.24624 -5.03751 9.50211 1.88701
internal_weight=848 789 754 718 118 600 567 537 268 269 85
internal_count=848 789 754 718 118 600 567 537 268 269 85
is_linear=0
shrinkage=0.05


Tree=213
num_leaves=18
num_cat=0
split_feature=24 28 24 19 21 1 1 1 6 27 8 3 24 14 29 24 24
split_gain=6.05888e+08 1.63652e+08 1.16318e+08 6.64694e+07 1.24386e+08 3.69494e+08 1.37242e+08 1.23762e+08 1.59788e+07 1.24384e+07 1.10251e+07 8.92714e+06 5.46418e+06 4.7196e+06 2.62671e+06 2.2473e+06 1.24568e+06
threshold=33344.444444444453 -0.99049576193482802 17600.000000000004 1.0000000180025095e-35 0.72553695385871797 0.10555555555555557 0.056250000000000008 0.13392857142857142 5.0500000000000007 0.53436760985011655 -1.0499999999999998 73.700000000000003 9861.1111111111131 192.50000000000003 1.0000000180025095e-35 5453.7027777777785 6342.5916666666672
decision_type=2 2 2 2 2 2 2 2 2 2 2 2 2 2 2 2 2
left_child=1 -1 3 7 5 -5 -6 -3 12 10 -7 -11 -8 -9 16 -16 -15
right_child=-2 2 -4 4 6 9 8 13 -10 11 -12 -13 -14 14 15 -17 -18
leaf_value=96.734053557842188 229.14144591778219 86.787096423176308 -99.224284191070268 -175.64780021058652 87.560933680641185 -45.497981062886033 -2.2243528005211575 -17.478897150806414 -36.172237382410515 17.427168809913251 -9.4549685801194787 -14.562958761463534 19.814658632307257 4.8938326826988749 7.3233947189939377 -11.423664247395356 18.860815334780039
leaf_weight=42 30 56 31 40 49 31 187 30 33 55 67 36 33 33 30 34 31
leaf_count=42 30 56 31 40 49 31 187 30 33 55 67 36 33 33 30 34 31
internal_value=8.83047 0.723574 -4.48466 -0.529678 -10.0108 -37.7931 11.0613 22.9897 -3.78353 -8.53996 -20.8911 4.76958 1.08898 0.337316 4.52341 -2.63819 11.678
internal_weight=848 818 776 745 531 229 302 214 253 189 98 91 220 158 128 64 64
internal_count=848 818 776 745 531 229 302 214 253 189 98 91 220 158 128 64 64
is_linear=0
shrinkage=0.05


Tree=214
num_leaves=10
num_cat=0
split_feature=24 0 0 6 24 6 11 1 27
split_gain=5.47008e+08 2.25247e+08 2.11734e+08 3.15535e+07 1.64737e+07 1.19531e+07 9.13421e+06 2.55446e+07 1.631e+07
threshold=33344.444444444453 2.5000000000000004 8.5000000000000018 5.9500000000000011 13377.777777777779 5.1500000000000012 2.5000000000000004 0.29166666666666669 0.37371625404731906
decision_type=2 2 2 2 2 2 2 2 2
left_child=1 -1 -3 4 5 6 8 -8 -4
right_child=-2 2 3 -5 -6 -7 7 -9 -10
leaf_value=126.48622731854837 217.7224326124223 -130.54217183835038 -3.5121235009470939 -45.026094545485904 39.087388806010409 29.716400461183316 -32.39627680626392 1.2814989571619337 19.416308649804023
leaf_weight=34 30 32 192 36 30 35 72 257 130
leaf_count=34 30 32 192 36 30 35 72 257 130
internal_value=8.38987 0.686952 -4.78406 0.58399 2.88321 1.29446 -0.237921 -6.0963 5.74784
internal_weight=848 818 784 752 716 686 651 329 322
internal_count=848 818 784 752 716 686 651 329 322
is_linear=0
shrinkage=0.05


Tree=215
num_leaves=11
num_cat=0
split_feature=7 24 0 27 6 26 8 6 8 2
split_gain=1.31832e+08 3.68892e+08 1.27477e+08 4.31475e+08 3.66887e+07 1.84508e+07 1.5682e+07 1.79949e+07 1.41176e+07 6.64753e+06
threshold=4.8500000000000005 26196.527777777781 14.500000000000002 0.49002412863433359 6.1500000000000012 3.1500000000000008 0.55000000000000016 1.7500000000000002 3.2500000000000004 4.4000000000000012
decision_type=2 2 2 2 2 2 2 2 2 2
left_child=-1 2 3 -2 5 -4 9 -8 -9 -7
right_child=1 -3 4 -5 -6 6 7 8 -10 -11
leaf_value=88.259259752382945 192.1713597004015 -165.57922297055421 35.716811694682946 -65.408010461936044 -57.693764192955044 -9.9225201361815643 -32.469493219046122 27.705244906379875 -0.65318894658919413 -42.185011339907923
leaf_weight=40 34 34 32 31 30 31 41 48 501 33
leaf_count=40 34 34 32 31 30 31 41 48 501 33
internal_value=-0.248374 -4.60261 2.42563 69.414 -3.66455 -1.29368 -3.10979 -0.557849 1.83082 -26.5978
internal_weight=855 815 781 65 716 686 654 590 549 64
internal_count=855 815 781 65 716 686 654 590 549 64
is_linear=0
shrinkage=0.05


Tree=216
num_leaves=16
num_cat=0
split_feature=4 24 3 1 24 28 4 7 4 1 20 24 14 24 25
split_gain=1.19219e+08 1.8028e+08 1.17339e+08 9.16447e+07 7.04696e+07 5.13687e+07 5.12142e+07 7.53541e+07 4.66798e+07 2.80661e+07 4.07427e+07 1.02593e+07 1.90554e+07 1.28388e+07 4.25586e+06
threshold=1001.9500000000002 26196.527777777781 86.550000000000011 0.6000000000000002 6736.1111111111122 0.96897393274411392 1004.7500000000001 24.850000000000005 1017.5500000000001 0.056250000000000008 7.4042000000000003 9963.8888888888905 239.50000000000003 9041.6666666666679 9.7243200000000005
decision_type=2 2 2 2 2 2 2 2 2 2 2 2 2 2 2
left_child=2 5 3 -1 -5 6 7 -2 -7 10 -8 13 -13 14 -11
right_child=1 -3 -4 4 -6 8 9 -9 -10 11 -12 12 -14 -15 -16
leaf_value=-40.623935134792532 16.758356287891914 -126.73203771658649 106.23563017441755 -0.33952800715081044 106.2350541213026 0.022693232286016014 -0.061169932524829308 -84.385925431382319 -84.916760648961088 -6.4164122683692257 79.811687086745351 48.165850069515436 -3.8399915151278989 -30.324294241152899 5.3811170199545622
leaf_weight=48 34 31 46 32 30 30 34 40 35 110 30 32 39 34 250
leaf_count=48 34 31 46 32 30 30 34 40 35 110 30 32 39 34 250
internal_value=-0.236132 -9.05757 39.2711 11.1967 51.3168 -3.57847 0.976807 -37.9543 -45.774 6.42889 37.4453 2.15283 19.634 -1.00149 1.77552
internal_weight=855 699 156 110 62 668 603 74 65 529 64 465 71 394 360
internal_count=855 699 156 110 62 668 603 74 65 529 64 465 71 394 360
is_linear=0
shrinkage=0.05


Tree=217
num_leaves=14
num_cat=0
split_feature=7 24 0 14 1 26 21 26 4 20 0 9 29
split_gain=1.23287e+08 3.12085e+08 1.14235e+08 4.44336e+08 3.55919e+07 3.9145e+07 3.0397e+07 8.23503e+06 6.26448e+06 6.62276e+06 1.13545e+07 1.82182e+06 1.73616e+06
threshold=4.8500000000000005 26196.527777777781 14.500000000000002 149.50000000000003 0.06904761904761901 5.5499999999999998 0.7018276515151517 3.1500000000000008 1002.9500000000002 4.2025000000000015 98.40000000000002 0.15000000000000005 1.0000000180025095e-35
decision_type=2 2 2 2 2 2 2 2 2 2 2 2 2
left_child=-1 2 3 -2 5 -4 -7 -6 11 12 -11 -9 -10
right_child=1 -3 4 -5 7 6 -8 8 9 10 -12 -13 -14
leaf_value=85.366521353020033 -63.222536217265976 -152.49915200510333 -77.766012898948901 197.91342987583434 23.829280175436828 19.32857829929814 -38.054470836206427 -21.703430274317991 -15.730356127472858 24.431119425174046 1.219752624529272 -6.8369658862181453 -2.9475600480622965
leaf_weight=40 33 34 30 32 38 42 51 33 49 64 296 55 58
leaf_count=40 33 34 30 32 38 42 51 33 49 64 296 55 58
internal_value=-0.224413 -4.43516 2.02934 65.4432 -3.73583 -28.2015 -12.1466 1.34273 -0.200893 2.10573 5.35187 -12.4303 -8.81063
internal_weight=855 815 781 65 716 123 93 593 555 467 360 88 107
internal_count=855 815 781 65 716 123 93 593 555 467 360 88 107
is_linear=0
shrinkage=0.05


Tree=218
num_leaves=13
num_cat=0
split_feature=7 1 21 19 3 27 1 7 0 26 28 14
split_gain=1.11296e+08 1.07807e+08 4.67501e+08 4.63037e+08 3.64824e+08 8.93245e+07 5.77665e+07 4.92586e+08 9.35513e+07 1.20097e+07 4.97503e+06 4.21759e+06
threshold=4.8500000000000005 0.11805555555555557 0.92121595218940355 1.0000000180025095e-35 65.550000000000011 0.98370018436603734 0.6000000000000002 23.350000000000005 61.45000000000001 3.1500000000000008 -0.93533330245768853 23.000000000000004
decision_type=2 2 2 2 2 2 2 2 2 2 2 2
left_child=-1 2 3 -2 -5 6 7 -3 -8 -10 -11 -12
right_child=1 5 -4 4 -6 -7 8 -9 9 10 11 -13
leaf_value=81.108837239938495 109.38920421928628 79.931906777764908 -199.33369759430184 17.802147562203668 -206.05392682203251 76.386016040996921 88.479360276144988 -189.88471987071145 30.053332281855411 -16.448674744855385 -17.212367022743106 1.6387340547478464
leaf_weight=40 58 37 36 42 32 41 32 31 32 50 32 392
leaf_count=40 58 37 36 42 32 41 32 31 32 50 32 392
internal_value=-0.213349 -4.21409 -39.8887 3.71425 -79.1478 5.0539 0.215988 -43.1709 5.70684 0.455758 -1.5483 0.212275
internal_weight=855 815 168 132 74 647 606 68 538 506 474 424
internal_count=855 815 168 132 74 647 606 68 538 506 474 424
is_linear=0
shrinkage=0.05


Tree=219
num_leaves=16
num_cat=0
split_feature=4 0 0 0 27 3 20 1 1 3 0 26 14 26 9
split_gain=1.0929e+08 7.14981e+08 5.37745e+08 6.08727e+07 2.84926e+07 1.73191e+07 1.45002e+07 1.36866e+07 1.30435e+07 9.66559e+06 6.05507e+06 5.65381e+06 3.84999e+06 3.39162e+06 1.91421e+06
threshold=1001.9500000000002 1.5000000000000002 56.850000000000009 12.750000000000002 -0.99273952934267318 88.450000000000017 5.7874000000000008 0.6000000000000002 0.095454545454545472 73.050000000000011 239.25000000000003 3.8999999999999999 19.000000000000004 7.4500000000000011 1.0000000180025095e-35
decision_type=2 2 2 2 2 2 2 2 2 2 2 2 2 2 2
left_child=2 -2 -1 -3 -5 9 7 -6 -8 -4 -11 -10 -9 -13 -14
right_child=1 3 5 4 6 -7 8 12 11 10 -12 13 14 -15 -16
leaf_value=223.67413062436017 -239.14278781213494 60.637606630302663 -20.776839680073728 -48.938116673060826 -35.285260943484715 -41.00342443043013 32.123137956606577 -18.404746476541167 23.054952279174437 -2.4722033841050326 28.502414172163636 -4.4262029298169416 3.812821620946607 6.2784360076065768 -9.027466094285769
leaf_weight=31 32 42 31 30 41 31 45 34 33 31 32 139 105 158 40
leaf_count=31 32 42 31 30 41 31 45 34 33 31 32 139 105 158 40
internal_value=-0.203523 -8.64965 37.6229 2.44268 -1.47709 -8.65971 0.923716 -9.26445 6.90166 2.03903 13.2811 3.45367 -3.28797 1.2687 0.266858
internal_weight=855 699 156 667 625 125 595 220 375 94 63 330 179 297 145
internal_count=855 699 156 667 625 125 595 220 375 94 63 330 179 297 145
is_linear=0
shrinkage=0.05


Tree=220
num_leaves=15
num_cat=0
split_feature=24 4 1 5 4 24 27 1 5 1 28 4 28 22
split_gain=2.39406e+08 1.18038e+08 2.74504e+08 1.30236e+08 7.40029e+07 9.3548e+07 6.19618e+07 9.78727e+07 9.51654e+07 6.35143e+07 1.62609e+07 7.17144e+06 7.55382e+06 4.23645e+06
threshold=27820.833333333339 1002.7500000000001 0.10555555555555557 23.025000000000002 1004.6500000000002 5847.2222222222235 0.99052327954040398 0.056250000000000008 11.450000000000001 0.6000000000000002 0.96897393274411392 996.6500000000002 -0.79354221435844496 0.93301270189221952
decision_type=2 2 2 2 2 2 2 2 2 2 2 2 2 2
left_child=1 2 3 -1 5 -3 7 8 -6 -9 13 -4 -13 -11
right_child=-2 4 11 -5 6 -7 -8 9 -10 10 -12 12 -14 -15
leaf_value=194.84586944675129 140.29499111359524 -126.17257472510353 9.8853796746643674 48.622606955770515 120.99721373497844 -1.4061541737908145 -74.191286746558646 -59.014698401349222 0.52644974161713409 2.4791377112372293 -31.139076000729581 -38.591986549098635 -7.1008364759800306 -14.918264860265396
leaf_weight=30 31 30 30 31 30 30 31 57 36 333 45 30 52 39
leaf_count=30 31 30 30 31 30 30 31 57 36 333 45 30 52 39
internal_value=4.17687 -1.08826 35.4882 120.737 -11.1204 -63.8956 -5.5646 -1.6119 55.3862 -9.55836 -2.7856 -11.0082 -18.655 0.651684
internal_weight=835 804 173 61 631 60 571 540 66 474 417 112 82 372
internal_count=835 804 173 61 631 60 571 540 66 474 417 112 82 372
is_linear=0
shrinkage=0.05


Tree=221
num_leaves=13
num_cat=0
split_feature=0 0 6 24 0 11 14 24 24 26 11 2
split_gain=6.11168e+08 8.5728e+07 4.31056e+07 1.71007e+07 8.40589e+07 4.60382e+07 1.02104e+07 1.58348e+07 9.54357e+06 7.90349e+06 3.22947e+06 1.0886e+06
threshold=2.5000000000000004 8.5000000000000018 5.9500000000000011 1.0000000180025095e-35 165.70000000000002 2.5000000000000004 58.000000000000007 12101.85277777778 8601.8527777777799 3.600000000000001 1.5000000000000002 5.8500000000000005
decision_type=2 2 2 2 2 2 2 2 2 2 2 2
left_child=-1 -2 3 4 -3 -6 8 9 11 -8 -11 -5
right_child=1 2 -4 6 5 -7 7 -9 -10 10 -12 -13
leaf_value=161.8585957381855 -82.86059140023103 -85.088287927398241 -62.565579006283784 3.942715107730407 52.813320027977845 -22.205950477958428 25.428269443128187 40.027846755221049 -36.258850925230114 6.7738544141573627 -2.3478208506245313 -8.8877641469890083
leaf_weight=57 36 34 30 34 34 51 35 30 30 147 285 32
leaf_count=57 36 34 30 34 34 51 35 30 30 147 285 32
internal_value=3.96901 -7.61804 -3.95678 -1.47886 -18.7683 7.8285 1.99325 4.87718 -12.9266 2.61101 0.75692 -2.28208
internal_weight=835 778 742 712 119 85 593 497 96 467 432 66
internal_count=835 778 742 712 119 85 593 497 96 467 432 66
is_linear=0
shrinkage=0.05


Tree=222
num_leaves=13
num_cat=0
split_feature=0 4 27 4 0 1 30 2 0 14 14 0
split_gain=5.51683e+08 9.59803e+07 3.79667e+07 2.57437e+07 6.27922e+07 4.03543e+07 9.46532e+07 7.42891e+07 3.88403e+07 9.39012e+06 7.75313e+06 3.82585e+06
threshold=2.5000000000000004 995.40000000000009 -0.99273952934267318 1002.1500000000002 105.2 0.13392857142857142 -0.56174490092936669 11.150000000000002 49.600000000000009 187.50000000000003 19.000000000000004 85.250000000000014
decision_type=2 2 2 2 2 2 2 2 2 2 2 2
left_child=-1 -2 -3 4 -4 6 -5 -8 -7 -6 -10 -12
right_child=1 2 3 5 9 8 7 -9 10 -11 11 -13
leaf_value=153.77984584935282 -91.894955439582418 -58.605650306777704 -79.804864053362621 -38.616137211272367 -15.976625946806131 -58.029648268183202 19.918328517718905 123.41901593889507 -22.721966519312556 16.840909675102498 18.996935030975816 1.0489441352491276
leaf_weight=57 32 30 34 33 44 30 41 30 33 43 32 396
leaf_count=57 32 30 34 33 44 30 41 30 33 43 32 396
internal_value=3.77051 -7.23824 -3.59502 -1.28223 -22.2962 2.99422 31.2715 63.7632 -3.0004 0.244191 0.592477 2.39499
internal_weight=835 778 746 716 121 595 104 71 491 87 461 428
internal_count=835 778 746 716 121 595 104 71 491 87 461 428
is_linear=0
shrinkage=0.05


Tree=223
num_leaves=19
num_cat=0
split_feature=2 1 4 1 4 6 27 4 21 21 26 10 11 5 20 23 14 21
split_gain=2.03022e+08 6.10482e+08 3.62757e+08 2.6074e+08 8.84736e+08 2.19319e+08 1.05324e+08 1.30376e+07 1.0805e+07 1.93716e+07 1.52138e+07 1.3814e+07 5.51445e+06 5.2493e+06 4.49802e+06 3.506e+06 1.84513e+06 1.08347e+06
threshold=6.7500000000000009 0.13392857142857142 1007.2500000000001 0.13392857142857142 1007.85 2.8500000000000001 0.9821165111257959 1022.7500000000001 0.97857961053837361 0.9232817836812145 5.5499999999999998 9.5000000000000018 1.5000000000000002 9.4500000000000011 15.762000000000002 0.25000000000000017 192.50000000000003 1.1380676328502417
decision_type=2 2 2 2 2 2 2 2 2 2 2 2 2 2 2 2 2 2
left_child=1 2 -1 4 5 -2 8 12 9 11 -10 14 -3 -12 -5 -14 -16 -15
right_child=3 7 -4 6 -6 -7 -8 -9 10 -11 13 -13 15 17 16 -17 -18 -19
leaf_value=36.420383013148118 -63.242683638834876 5.6599753273734006 229.1840189957573 14.063090968645248 -248.49157145311881 112.71563853166234 93.785793037351198 -39.541686774426559 37.530455503731133 -43.821923514020085 -11.877597634078283 -35.096235336100939 -4.6410223530505581 2.3351968233678995 -11.947800433165511 -22.66111494715906 1.1653910262675227 15.245843232829252
leaf_weight=46 33 56 52 51 47 38 30 38 32 36 59 30 54 33 43 54 71 32
leaf_count=46 33 56 52 51 47 38 30 38 32 36 59 30 54 33 43 54 71 32
internal_value=3.58179 36.4992 138.833 -14.8799 -80.4642 30.9582 3.69353 -13.1918 -3.31278 -10.1767 6.85108 -3.94597 -7.06594 -1.09 1.73551 -13.6637 -3.78691 8.70494
internal_weight=835 300 98 535 118 71 417 202 387 231 156 195 164 124 165 108 114 65
internal_count=835 300 98 535 118 71 417 202 387 231 156 195 164 124 165 108 114 65
is_linear=0
shrinkage=0.05


Tree=224
num_leaves=20
num_cat=0
split_feature=0 4 21 0 1 8 7 7 24 7 0 21 21 0 0 21 29 3 7
split_gain=4.91419e+08 8.7751e+07 2.83537e+07 6.49694e+07 6.44351e+07 6.442e+07 2.10816e+07 2.62901e+07 2.41226e+07 2.91533e+07 5.27331e+06 4.1521e+06 6.30429e+06 4.17955e+06 3.15705e+06 3.0162e+06 1.23268e+06 1.01285e+06 970929
threshold=2.5000000000000004 995.40000000000009 0.8204896021982141 72.300000000000026 0.13392857142857142 13.700000000000001 14.65 11.350000000000003 2220.0000000000005 24.750000000000004 500.50000000000006 1.5118446601941751 0.97857961053837361 234.25000000000003 229.00000000000003 0.66080292876644342 1.0000000180025095e-35 71.850000000000009 27.050000000000004
decision_type=2 2 2 2 2 2 2 2 2 2 2 2 2 2 2 2 2 2 2
left_child=-1 -2 3 5 -4 -3 7 -5 9 -8 15 12 13 -6 -14 -10 -13 -16 -15
right_child=1 2 4 6 11 -7 8 -9 10 -11 -12 16 14 18 17 -17 -18 -19 -20
leaf_value=144.98226509695505 -87.933143084517155 -5.5979228143876938 61.301765456472992 -2.7115457639841942 -20.701006803621254 -97.754765748858745 -68.502048557315049 53.130703794127868 -10.055065088459042 -2.5701369928089157 15.535327189596718 -18.994802033288959 22.054352644422238 4.3792060411146361 -0.90622973894550851 7.7220123971362717 -6.0698156123489779 11.169848473231459 -6.7009229320053612
leaf_weight=57 32 36 47 58 35 40 34 33 93 33 39 33 38 49 41 32 42 30 33
leaf_count=57 32 36 47 58 35 40 34 33 93 33 39 33 38 49 41 32 42 30 33
internal_value=3.4031 -6.98696 -3.50341 -12.6169 6.9201 -54.1663 -2.79641 17.575 -10.8257 -36.0804 -0.492436 -1.58891 1.79498 -6.26291 10.4421 -5.50156 -11.7746 4.2048 -0.08254
internal_weight=835 778 746 398 348 76 322 91 231 67 164 301 226 117 109 125 75 71 82
internal_count=835 778 746 398 348 76 322 91 231 67 164 301 226 117 109 125 75 71 82
is_linear=0
shrinkage=0.05


Tree=225
num_leaves=12
num_cat=0
split_feature=0 24 0 26 1 0 9 0 26 27 21
split_gain=3.48323e+08 9.34931e+07 1.13654e+08 1.63755e+07 3.96585e+07 4.32041e+07 2.49617e+07 1.94754e+07 7.81181e+06 4.66719e+06 2.67524e+06
threshold=2.5000000000000004 13140.476190476193 16.500000000000004 10.350000000000003 0.11805555555555557 608.85000000000002 0.25000000000000006 369.90000000000003 3.1500000000000008 -0.97505550290239429 1.6377530364372472
decision_type=2 2 2 2 2 2 2 2 2 2 2
left_child=-1 2 -2 4 5 6 -4 -5 -6 -10 -11
right_child=1 -3 3 7 8 -7 -8 -9 9 10 -12
leaf_value=127.58377842842559 -96.358510392711992 61.48487098284361 -29.813308754626259 -4.1223267956144491 24.314060541551061 18.03976529418847 -86.538592320776445 43.631127957980652 15.538081214997399 -1.2938550062382197 -13.835089798429653
leaf_weight=55 34 53 52 47 32 31 31 39 38 367 48
leaf_count=55 34 53 52 47 32 31 31 39 38 367 48
internal_value=6.12883 -2.53945 -7.26681 -2.83131 -5.76122 -32.2838 -51.0786 17.5588 0.478325 -1.21042 -2.7474
internal_weight=827 772 719 685 599 114 83 86 485 453 415
internal_count=827 772 719 685 599 114 83 86 485 453 415
is_linear=0
shrinkage=0.05


Tree=226
num_leaves=15
num_cat=0
split_feature=4 0 0 1 0 0 0 21 27 21 27 25 21 10
split_gain=3.43199e+08 6.96922e+08 3.75259e+08 1.36939e+08 4.23171e+08 2.42834e+08 5.10987e+07 4.52118e+07 5.57034e+06 2.90706e+06 3.27087e+06 4.61693e+06 2.76023e+06 1.10364e+06
threshold=998.05000000000007 126.45 1.5000000000000002 0.13392857142857142 21.150000000000002 21.150000000000002 137.95000000000002 0.70550527903469096 -0.95747632178960107 1.5118446601941751 0.43664718845046319 16.232190000000003 0.9181311242476643 2.5000000000000004
decision_type=2 2 2 2 2 2 2 2 2 2 2 2 2 2
left_child=1 -1 -2 4 -4 -5 -6 -8 -7 10 12 -12 -10 -11
right_child=2 -3 3 5 6 8 7 -9 9 13 11 -13 -14 -15
leaf_value=294.3190266466616 -159.87812147937373 -7.9735588930389927 189.62049750380629 -143.83367550166088 -54.586862903046814 14.680271498083862 65.429525848216954 -12.944916161253815 -6.9093219316727019 -18.192690941997778 0.30314442857052692 19.762423371920619 5.3483631539852059 -5.3337225389616449
leaf_weight=30 37 52 38 31 34 57 31 45 185 32 118 41 61 35
leaf_count=30 37 52 38 31 34 57 31 45 185 32 118 41 61 35
internal_value=5.82274 102.845 -4.86859 3.25362 46.0106 -8.05262 -3.72724 19.0675 -0.0700039 -1.85403 -0.256921 5.33024 -3.86886 -11.4934
internal_weight=827 82 745 708 148 560 110 76 529 472 405 159 246 67
internal_count=827 82 745 708 148 560 110 76 529 472 405 159 246 67
is_linear=0
shrinkage=0.05


Tree=227
num_leaves=12
num_cat=0
split_feature=0 24 0 26 1 0 28 24 26 27 3
split_gain=3.31046e+08 7.86687e+07 1.06869e+08 1.53001e+07 3.69901e+07 3.86926e+07 2.12812e+07 1.75059e+07 6.99688e+06 3.9399e+06 2.26171e+06
threshold=2.5000000000000004 13140.476190476193 16.500000000000004 10.350000000000003 0.11805555555555557 608.85000000000002 -0.57729161655172734 5064.8138888888898 3.1500000000000008 -0.97505550290239429 65.850000000000009
decision_type=2 2 2 2 2 2 2 2 2 2 2
left_child=-1 2 -2 4 5 6 -4 -5 -6 -10 -11
right_child=1 -3 3 7 8 -7 -8 -9 9 10 -12
leaf_value=123.93716976768093 -93.645513532308541 55.811795543950829 -27.476056925125285 47.508095497942449 22.799179532297675 16.22583862500942 -78.796422592119612 0.22657189811189757 14.03112920175387 1.6393270212889135 -5.8585221853670362
leaf_weight=55 34 53 48 30 32 31 35 56 38 171 244
leaf_count=55 34 53 48 30 32 31 35 56 38 171 244
internal_value=5.53269 -2.91782 -7.25415 -2.95306 -5.7851 -31.3999 -49.186 16.7562 0.240916 -1.35727 -2.76938
internal_weight=827 772 719 685 599 114 83 86 485 453 415
internal_count=827 772 719 685 599 114 83 86 485 453 415
is_linear=0
shrinkage=0.05


Tree=228
num_leaves=11
num_cat=0
split_feature=4 0 0 7 24 0 6 24 0 0
split_gain=3.10604e+08 6.22125e+08 3.66413e+08 5.72439e+07 7.99107e+07 9.92273e+07 1.1282e+07 1.42653e+07 3.27198e+07 9.69042e+06
threshold=998.05000000000007 126.45 1.5000000000000002 4.8500000000000005 18257.575757575763 9.5000000000000018 5.2500000000000009 1.0000000180025095e-35 443.90000000000003 66.700000000000017
decision_type=2 2 2 2 2 2 2 2 2 2
left_child=1 -1 -2 -4 5 -5 7 8 -7 -9
right_child=2 -3 3 4 -6 6 -8 9 -10 -11
leaf_value=278.46394934353242 -158.08591797204031 -7.1473032113915442 66.314856490641404 87.952169813634413 -79.715175518403427 -48.547921080113433 24.368029054237979 21.252656606685392 11.935090992746561 -1.781009521903316
leaf_weight=30 37 52 34 33 30 49 41 51 41 429
leaf_count=30 37 52 34 33 30 49 41 51 41 429
internal_value=5.25652 97.5565 -4.9144 3.11152 -0.0861372 3.63508 -0.932507 -2.75633 -21.0118 0.670224
internal_weight=827 82 745 708 674 644 611 570 90 480
internal_count=827 82 745 708 674 644 611 570 90 480
is_linear=0
shrinkage=0.05


Tree=229
num_leaves=12
num_cat=0
split_feature=0 4 24 0 24 24 7 10 27 6 4
split_gain=3.18709e+08 9.86502e+07 5.72171e+07 3.45004e+07 5.86854e+07 9.22487e+06 2.19707e+07 2.40198e+07 4.1898e+06 2.22653e+06 1.92396e+06
threshold=2.5000000000000004 995.40000000000009 13140.476190476193 66.700000000000017 8629.6305555555573 3847.2222222222222 21.050000000000004 6.5000000000000009 -0.95747632178960107 5.5500000000000007 1017.85
decision_type=2 2 2 2 2 2 2 2 2 2 2
left_child=-1 -2 3 4 -3 6 -5 -8 -7 10 -10
right_child=1 2 -4 5 -6 8 7 -9 9 -11 -12
leaf_value=121.17223526250211 -86.441062410416151 -75.153436310853976 51.589081305487049 34.969505583090232 15.920302158613296 10.759893364640893 -38.481823265218289 18.939846884213264 -5.1342320026485666 -17.369535415117131 3.1669611975302576
leaf_weight=55 34 41 51 59 31 52 32 42 310 30 90
leaf_count=55 34 41 51 59 31 52 32 42 310 30 90
internal_value=4.99487 -3.29663 0.545057 -3.25119 -35.9734 0.58492 12.2374 -5.9095 -2.63225 -4.25391 -3.26613
internal_weight=827 772 738 687 72 615 133 74 482 430 400
internal_count=827 772 738 687 72 615 133 74 482 430 400
is_linear=0
shrinkage=0.05


Tree=230
num_leaves=12
num_cat=0
split_feature=0 0 1 0 21 24 26 6 4 14 21
split_gain=3.02682e+08 1.18882e+08 6.15679e+07 5.53659e+07 2.65241e+07 1.11131e+07 5.28273e+06 2.80962e+06 2.28634e+06 2.34164e+06 1.92495e+06
threshold=1.5000000000000002 14.500000000000002 0.06904761904761901 136.40000000000003 0.70550527903469096 11944.444444444447 3.1500000000000008 5.1500000000000012 1014.7500000000001 61.500000000000007 1.6377530364372472
decision_type=2 2 2 2 2 2 2 2 2 2 2
left_child=-1 -2 3 -3 -5 6 -4 8 9 -8 -10
right_child=1 2 5 4 -6 -7 7 -9 10 -11 -12
leaf_value=-125.31599323326004 69.642799395514416 -95.349826974963833 19.48153956921352 10.831599510608076 -42.86662795528801 28.606436199278349 -13.427367510880959 -13.10455226944601 8.2004563132223929 -0.36471220814596006 -4.6045846443476641
leaf_weight=50 59 30 35 44 48 38 39 41 128 280 38
leaf_count=50 59 30 35 44 48 38 39 41 128 280 38
internal_value=-6.18444 1.46728 -4.12045 -36.4803 -17.2009 2.47534 0.700531 -0.552612 0.510952 -1.96544 5.26814
internal_weight=830 780 721 122 92 599 561 526 485 319 166
internal_count=830 780 721 122 92 599 561 526 485 319 166
is_linear=0
shrinkage=0.05


Tree=231
num_leaves=13
num_cat=0
split_feature=0 0 1 0 21 24 0 21 21 27 30 8
split_gain=2.73227e+08 1.07311e+08 5.55814e+07 4.99867e+07 2.39433e+07 1.00325e+07 3.03374e+06 3.10574e+06 2.0642e+06 2.05686e+06 1.56251e+06 975470
threshold=1.5000000000000002 14.500000000000002 0.06904761904761901 136.40000000000003 0.70550527903469096 11944.444444444447 76.250000000000014 1.5118446601941751 1.0000000180025095e-35 0.95236875646279973 1.0000000180025095e-35 1.9500000000000002
decision_type=2 2 2 2 2 2 2 2 2 2 2 2
left_child=-1 -2 3 -3 -5 6 -4 8 10 -10 -8 -9
right_child=1 2 5 4 -6 -7 7 11 9 -11 -12 -13
leaf_value=-119.06270050231568 66.166555651876124 -90.598174266878559 11.483194090536252 10.291247026612158 -40.727752477760873 27.179868290618341 -7.7147352442541237 -5.1701480815416874 4.8755803302529674 -7.5618904361574666 3.8764260742839896 -17.240311325428095
leaf_weight=50 59 30 58 44 48 38 94 38 261 38 42 30
leaf_count=50 59 30 58 44 48 38 94 38 261 38 42 30
internal_value=-5.87617 1.39371 -3.91514 -34.6615 -16.3426 2.35178 0.665469 -0.583928 0.970218 3.29288 -4.13486 -10.5128
internal_weight=830 780 721 122 92 599 561 503 435 299 136 68
internal_count=830 780 721 122 92 599 561 503 435 299 136 68
is_linear=0
shrinkage=0.05


Tree=232
num_leaves=12
num_cat=0
split_feature=0 0 1 0 6 24 26 6 0 27 0
split_gain=2.46637e+08 9.68671e+07 5.01766e+07 4.51301e+07 2.31526e+07 9.05696e+06 4.71213e+06 2.48939e+06 1.70808e+06 2.95759e+06 1.69503e+06
threshold=1.5000000000000002 14.500000000000002 0.06904761904761901 136.40000000000003 3.0500000000000003 11944.444444444447 3.1500000000000008 5.1500000000000012 98.40000000000002 -0.55241485047541339 373.85000000000008
decision_type=2 2 2 2 2 2 2 2 2 2 2
left_child=-1 -2 3 -3 -5 6 -4 8 9 -8 -10
right_child=1 2 5 4 -6 -7 7 -9 10 -11 -12
leaf_value=-113.12144690111964 62.863822272505651 -86.08331575488728 18.369783431919892 6.4756845351601742 -44.075766963435534 25.824440400932094 18.870488660580644 -12.366474257362441 -3.8739878862039228 -0.81685830215486499 2.6012630524804266
leaf_weight=50 59 30 35 52 40 38 32 41 217 47 189
leaf_count=50 59 30 35 52 40 38 32 41 217 47 189
internal_value=-5.58335 1.32373 -3.72016 -32.9334 -15.5271 2.23427 0.632039 -0.551487 0.449639 7.17147 -0.859736
internal_weight=830 780 721 122 92 599 561 526 485 79 406
internal_count=830 780 721 122 92 599 561 526 485 79 406
is_linear=0
shrinkage=0.05


Tree=233
num_leaves=12
num_cat=0
split_feature=0 0 1 6 0 21 24 26 27 6 4
split_gain=2.22636e+08 8.74387e+07 4.52992e+07 4.15414e+07 3.35649e+07 2.90813e+07 8.17609e+06 4.25391e+06 2.36612e+06 2.59634e+06 1.77019e+06
threshold=1.5000000000000002 14.500000000000002 0.06904761904761901 3.8500000000000001 165.70000000000002 0.74175529691748665 11944.444444444447 3.1500000000000008 -0.97505550290239429 5.1500000000000012 1015.1000000000001
decision_type=2 2 2 2 2 2 2 2 2 2 2
left_child=-1 -2 3 4 -3 -6 7 -4 -9 10 -10
right_child=1 2 6 -5 5 -7 -8 8 9 -11 -12
leaf_value=-107.47666773386821 59.725946270995934 -57.431291989551426 17.453911260186437 -81.184355009637088 42.107712561743604 -26.837459359368331 24.53660846369786 12.213108653406943 -2.5054917094287665 -13.768276448322988 4.1685261301407603
leaf_weight=50 59 30 35 31 30 31 38 34 306 39 147
leaf_count=50 59 30 35 31 30 31 38 34 306 39 147
internal_value=-5.30494 1.25747 -3.53467 -31.2918 -14.2249 7.08334 2.12297 0.60064 -0.523871 -1.40638 -0.339298
internal_weight=830 780 721 122 91 61 599 561 526 492 453
internal_count=830 780 721 122 91 61 599 561 526 492 453
is_linear=0
shrinkage=0.05


Tree=234
num_leaves=12
num_cat=0
split_feature=1 0 24 5 0 9 23 6 26 4 27
split_gain=2.01532e+08 9.7401e+08 8.83114e+08 2.44158e+08 1.83072e+08 1.11128e+08 8.19321e+06 7.20354e+06 5.40745e+06 4.48889e+06 3.83046e+06
threshold=0.087121212121212113 1.5000000000000002 25630.555555555558 22.850000000000005 8.5000000000000018 1.0000000180025095e-35 -0.9330127018922193 5.8500000000000005 3.9500000000000015 1001.6500000000002 -0.97505550290239429
decision_type=2 2 2 2 2 2 2 2 2 2 2
left_child=1 -1 4 5 -2 -3 -6 8 -8 -10 -11
right_child=2 3 -4 -5 6 -7 7 -9 9 10 -12
leaf_value=-311.69234870581136 -113.11786970668082 -1.400762327552447 271.82686382813307 102.80770382507397 23.17062883591117 -115.86792553789306 18.631347594063936 -22.495876477820431 -14.123441184001784 17.757284487698371 0.056681985055793943
leaf_weight=30 37 59 30 42 40 33 41 34 52 33 399
leaf_count=30 37 59 30 42 40 33 41 34 52 33 399
internal_value=-5.04047 -54.6725 7.1876 3.05877 -5.33615 -42.5409 1.33925 -0.226783 1.21941 -0.259106 1.41262
internal_weight=830 164 666 134 636 92 599 559 525 484 432
internal_count=830 164 666 134 636 92 599 559 525 484 432
is_linear=0
shrinkage=0.05


Tree=235
num_leaves=10
num_cat=0
split_feature=24 0 6 27 0 8 21 4 28
split_gain=2.46388e+08 2.13618e+08 3.10792e+07 2.29463e+07 3.7918e+07 1.2299e+07 1.23188e+07 1.0136e+07 1.00307e+07
threshold=27820.833333333339 6.5000000000000009 6.3500000000000005 -0.98801351631316325 14.500000000000002 0.55000000000000016 0.89678709677419366 997.6500000000002 -0.78295110140207591
decision_type=2 2 2 2 2 2 2 2 2
left_child=1 -1 3 -3 -5 6 -6 -7 -9
right_child=-2 2 -4 4 5 7 -8 8 -10
leaf_value=-122.51455825844687 137.18400169195129 -40.636655369322327 -50.850699625876835 55.334723631132071 -0.70481058047441181 -19.634736326482667 -36.745202883278452 16.803554421825226 0.033257113330301714
leaf_weight=39 30 34 32 31 50 51 45 114 408
leaf_count=39 30 34 32 31 50 51 45 114 408
internal_value=-3.26482 -8.52187 -2.69522 -0.586273 1.36734 -1.14503 -17.7973 1.61843 3.69826
internal_weight=834 804 765 733 699 668 95 573 522
internal_count=834 804 765 733 699 668 95 573 522
is_linear=0
shrinkage=0.05


Tree=236
num_leaves=14
num_cat=0
split_feature=24 0 1 0 28 0 2 24 24 0 7 2 14
split_gain=2.22442e+08 1.92842e+08 3.554e+07 4.76217e+07 4.56339e+07 1.12594e+07 6.16408e+06 1.69532e+07 1.29745e+07 2.98948e+06 1.84857e+06 2.19983e+06 1.58434e+06
threshold=27820.833333333339 6.5000000000000009 0.06904761904761901 616.70000000000016 -0.57729161655172734 14.500000000000002 15.747000000000002 11069.444444444447 6641.666666666667 63.500000000000007 27.050000000000004 21.850000000000005 206.50000000000003
decision_type=2 2 2 2 2 2 2 2 2 2 2 2 2
left_child=1 -1 3 4 -3 -4 7 9 10 -7 11 -8 -11
right_child=-2 2 5 -5 -6 6 8 -9 -10 12 -12 -13 -14
leaf_value=-116.40448638837967 130.34757618317968 -13.066130363916409 29.241728242942834 24.843612692289263 -84.880107241999497 15.13691440103905 -0.79927914647079223 -37.479827212990266 37.966638581009157 -3.1810268279945202 -4.7613238289560824 17.239390655575843 3.6355725841234832
leaf_weight=39 30 48 36 32 41 31 37 32 31 263 57 31 126
leaf_count=39 30 48 36 32 41 31 37 32 31 263 57 31 126
internal_value=-3.10195 -8.09701 -2.56095 -27.4118 -46.2072 2.11176 0.500824 -2.45703 9.06712 0.219651 1.87538 7.4374 -0.9727
internal_weight=834 804 765 121 89 644 608 452 156 420 125 68 389
internal_count=834 804 765 121 89 644 608 452 156 420 125 68 389
is_linear=0
shrinkage=0.05


Tree=237
num_leaves=11
num_cat=0
split_feature=5 0 0 24 0 28 0 7 3 21
split_gain=2.22005e+08 6.17855e+08 4.01995e+08 1.23797e+08 2.28586e+08 1.65238e+07 1.20629e+07 3.1874e+07 1.56292e+07 1.11688e+07
threshold=2.8500000000000001 1.5000000000000002 180.15000000000003 17600.000000000004 8.5000000000000018 -0.99049576193482802 72.300000000000026 20.150000000000002 47.350000000000001 0.71708912823730364
decision_type=2 2 2 2 2 2 2 2 2 2
left_child=2 -2 -1 4 -3 -6 7 -7 -8 -10
right_child=1 3 -4 -5 5 6 8 -9 9 -11
leaf_value=220.56519783755076 -233.26628864072882 135.17422195937471 -11.57251251826704 -91.04701736789508 -37.977498446922645 10.507890343853807 -23.743528783341901 -56.05556100750249 12.860777050578674 -2.4773901137980365
leaf_weight=30 30 31 49 37 33 38 58 34 198 296
leaf_count=30 30 31 49 37 33 38 58 34 198 296
internal_value=-2.94687 -11.2949 76.7484 -2.07897 2.71817 -3.55127 -1.72485 -20.9589 0.787277 3.67164
internal_weight=834 755 79 725 688 657 624 72 552 494
internal_count=834 755 79 725 688 657 624 72 552 494
is_linear=0
shrinkage=0.05


Tree=238
num_leaves=11
num_cat=0
split_feature=24 0 1 0 28 24 14 0 26 28
split_gain=2.20759e+08 1.71746e+08 3.15763e+07 4.32821e+07 4.17348e+07 9.87536e+06 5.11223e+06 6.07789e+06 3.42987e+06 3.07018e+06
threshold=27820.833333333339 6.5000000000000009 0.06904761904761901 616.70000000000016 -0.57729161655172734 12791.666666666668 19.000000000000004 42.000000000000007 3.1500000000000008 -0.93533330245768853
decision_type=2 2 2 2 2 2 2 2 2 2
left_child=1 -1 3 4 -3 6 -4 -8 -9 -10
right_child=-2 2 5 -5 -6 -7 7 8 9 -11
leaf_value=-109.98793959361512 130.14362338516005 -12.201447462490343 -18.607825383273035 23.841571514331662 -80.878106488972676 24.97177888998576 22.116305910784675 16.150694105632819 -12.451418404753056 0.36802779194838825
leaf_weight=39 30 48 34 32 41 43 33 31 52 451
leaf_count=39 30 48 34 32 41 43 33 31 52 451
internal_value=-2.79999 -7.77614 -2.55165 -25.9758 -43.8943 1.85281 0.194823 1.32541 0.0366692 -0.959445
internal_weight=834 804 765 121 89 644 601 567 534 503
internal_count=834 804 765 121 89 644 601 567 534 503
is_linear=0
shrinkage=0.05


Tree=239
num_leaves=12
num_cat=0
split_feature=5 0 0 24 0 28 0 8 28 29 0
split_gain=2.03055e+08 5.58823e+08 3.65043e+08 1.1895e+08 2.11599e+08 1.46969e+07 1.13215e+07 1.99584e+07 6.40443e+06 1.30601e+07 7.12761e+06
threshold=2.8500000000000001 1.5000000000000002 180.15000000000003 17600.000000000004 8.5000000000000018 -0.99049576193482802 66.700000000000017 11.550000000000002 -0.47495107206705001 1.0000000180025095e-35 1010.85
decision_type=2 2 2 2 2 2 2 2 2 2 2
left_child=2 -2 -1 4 -3 -6 7 -7 9 -8 -10
right_child=1 3 -4 -5 5 6 8 -9 10 -11 -12
leaf_value=210.60543005553592 -221.74505570623961 130.26248349008836 -10.606609525991312 -89.088365421655041 -35.676451343640103 6.7236954641500581 -4.4315212261993659 -50.883477775599083 -1.2384900460705157 20.451454757546585 -26.678382230993122
leaf_weight=30 30 31 49 37 33 30 109 30 323 102 30
leaf_count=30 30 31 49 37 33 30 109 30 323 102 30
internal_value=-2.66009 -10.6439 73.558 -1.87931 2.82297 -3.20906 -1.48658 -22.1165 0.711619 7.60118 -3.40748
internal_weight=834 755 79 725 688 657 624 60 564 211 353
internal_count=834 755 79 725 688 657 624 60 564 211 353
is_linear=0
shrinkage=0.05


Tree=240
num_leaves=19
num_cat=0
split_feature=0 27 24 27 8 5 7 20 26 3 21 0 0 4 4 20 4 27
split_gain=5.21167e+08 7.20585e+07 2.9012e+08 2.87699e+08 2.72429e+07 3.63257e+07 2.57797e+07 2.71999e+07 2.22457e+07 2.08779e+07 1.78945e+07 1.71218e+07 1.15298e+07 5.85227e+06 9.68734e+06 2.76948e+06 1.2897e+07 2.04755e+06
threshold=1.5000000000000002 0.064507852084056461 14374.305555555557 0.17552986495352002 17.250000000000004 6.1500000000000012 12.950000000000001 9.9928000000000026 7.0000000000000018 86.550000000000011 0.92708778325216701 232.70000000000002 58.400000000000006 1006.5500000000001 1010.4500000000002 19.683850000000003 1002.9500000000002 -0.92263100495486394
decision_type=2 2 2 2 2 2 2 2 2 2 2 2 2 2 2 2 2 2
left_child=-1 2 9 -3 5 11 -7 10 -9 12 -8 -5 -2 15 -15 16 -14 -16
right_child=1 3 -4 4 -6 6 7 8 -10 -11 -12 -13 13 14 17 -17 -18 -19
leaf_value=-188.68626708984374 30.180569620507004 152.37709059321301 -163.65308505340272 -50.595558284366646 -33.031068250024397 58.150732824040304 -19.991461630376563 1.5002006250416515 51.419497815518199 -34.452736292188135 25.292514503423806 -3.527054479866945 -22.102147052372384 -25.792282253590542 11.677603651702979 17.013290955866697 22.420522230321708 -3.0456839201525692
leaf_weight=38 33 35 30 30 47 34 73 38 54 44 31 54 31 48 31 48 34 98
leaf_count=38 33 35 30 30 47 34 73 38 54 44 31 54 31 48 31 48 34 98
internal_value=-8.04953 0.629152 -14.4222 15.7184 2.43037 7.74713 18.0231 11.0361 30.8247 -2.18223 -6.48198 -20.3775 2.22303 -0.96763 -6.64154 7.91779 1.18522 0.498736
internal_weight=831 793 397 396 361 314 230 196 92 367 104 84 323 290 177 113 65 129
internal_count=831 793 397 396 361 314 230 196 92 367 104 84 323 290 177 113 65 129
is_linear=0
shrinkage=0.05


Tree=241
num_leaves=10
num_cat=0
split_feature=0 26 3 28 0 27 27 6 9
split_gain=4.70484e+08 6.76254e+07 1.1632e+08 6.00439e+07 8.50344e+07 1.79665e+07 1.08952e+07 1.38957e+07 1.19998e+07
threshold=1.5000000000000002 2.7000000000000002 92.450000000000017 0.98367285631203072 9.5000000000000018 -0.99166813670569331 0.84753307444029569 4.0500000000000007 14.350000000000003
decision_type=2 2 2 2 2 2 2 2 2
left_child=-1 -2 3 4 -3 -6 8 -8 -7
right_child=1 2 -4 -5 5 6 7 -9 -10
leaf_value=-179.27671702627748 -69.363145272753385 -81.803737776373097 99.969411834767499 62.542255284581486 -36.779839933340192 -3.4009611923972276 5.5944963331203859 42.885796893255232 27.336873963990872
leaf_weight=38 33 33 30 36 31 461 102 33 34
leaf_count=38 33 33 30 36 31 461 102 33 34
internal_value=-7.6481 0.597781 3.64429 -0.32742 -3.59722 0.318967 2.15002 14.7352 -1.28457
internal_weight=831 793 760 730 694 661 630 135 495
internal_count=831 793 760 730 694 661 630 135 495
is_linear=0
shrinkage=0.05


Tree=242
num_leaves=16
num_cat=0
split_feature=24 4 11 1 1 2 27 3 28 28 2 14 14 6 6
split_gain=1.76633e+08 1.43155e+08 6.82419e+07 3.63223e+08 5.93723e+07 9.21371e+07 7.09835e+06 6.33996e+06 5.22846e+06 4.44892e+06 3.16049e+06 2.48918e+06 1.66779e+06 1.55917e+06 1.41496e+06
threshold=17600.000000000004 995.40000000000009 1.5000000000000002 0.10555555555555557 0.13392857142857142 11.150000000000002 -0.81403855522663837 82.850000000000009 0.95989713290459389 -0.96227343267549392 14.700000000000001 80.500000000000014 83.500000000000014 2.4500000000000006 2.6500000000000008
decision_type=2 2 2 2 2 2 2 2 2 2 2 2 2 2 2
left_child=1 -1 3 -3 5 -4 -5 12 9 -6 11 -11 -8 -12 -14
right_child=-2 2 4 6 8 -7 7 -9 -10 10 13 -13 14 -15 -16
leaf_value=95.929030368730949 -96.397480302396986 -155.66662647391104 -2.4158669982227323 18.445204020542224 -20.120411306178838 93.468570595047098 -7.727894161492916 -24.678824498952395 -22.34330050476596 4.4293778469143623 11.306835141490929 -9.4123838415154548 -3.1907069879146679 0.94981784796738611 8.9781500543896655
leaf_weight=36 52 45 58 43 31 44 45 31 35 46 57 110 41 100 57
leaf_count=36 52 45 58 43 31 44 45 31 35 46 57 110 41 100 57
internal_value=-7.26649 -1.30518 -6.02868 -26.5552 5.15525 38.997 0.278458 -4.21901 -3.96044 -2.08412 -0.29191 -5.33058 0.230442 4.71484 3.88898
internal_weight=831 779 743 262 481 102 217 174 379 344 313 156 143 157 98
internal_count=831 779 743 262 481 102 217 174 379 344 313 156 143 157 98
is_linear=0
shrinkage=0.05


Tree=243
num_leaves=12
num_cat=0
split_feature=0 1 0 14 26 1 0 26 24 21 6
split_gain=4.1014e+08 8.22531e+07 2.11095e+08 1.76867e+08 1.70476e+08 7.32239e+06 5.76e+06 4.20873e+06 3.52584e+06 3.07565e+06 2.21903e+06
threshold=1.5000000000000002 0.10555555555555557 8.5000000000000018 178.50000000000003 7.2000000000000028 0.6000000000000002 66.700000000000017 3.1500000000000008 9310.186111111112 0.7018276515151517 4.4500000000000011
decision_type=2 2 2 2 2 2 2 2 2 2 2
left_child=-1 3 -3 4 -2 -4 -7 -8 10 -10 -9
right_child=1 2 5 -5 -6 6 7 8 9 -11 -12
leaf_value=-167.14841664231668 156.18639383828244 -122.32980608670216 -22.813390349153419 -41.605797622259509 15.512486364043429 21.059815944264798 17.463732680826944 -0.72049974331062394 20.568733847945317 -1.0098925801452445 -10.284492251876324
leaf_weight=38 39 37 32 47 48 36 34 382 34 32 72
leaf_count=38 39 37 32 47 48 36 34 382 34 32 72
internal_value=-6.90382 0.795088 -6.46763 36.4907 78.6802 0.443038 1.70806 0.446968 -0.668801 10.1206 -2.2392
internal_weight=831 793 659 134 87 622 590 554 520 66 454
internal_count=831 793 659 134 87 622 590 554 520 66 454
is_linear=0
shrinkage=0.05


Tree=244
num_leaves=17
num_cat=0
split_feature=0 6 24 0 6 6 5 28 7 2 27 24 24 27 5 24
split_gain=3.70254e+08 6.61225e+07 3.51954e+08 2.63595e+08 2.65952e+07 2.05896e+07 1.05193e+07 2.07814e+07 7.4426e+06 6.8148e+06 6.15341e+06 1.57904e+07 1.27154e+07 5.85844e+06 5.19325e+06 4.81718e+06
threshold=1.5000000000000002 2.5500000000000003 11824.075000000003 14.500000000000002 6.1500000000000012 5.2500000000000009 22.925000000000001 -0.73249407161357893 12.350000000000003 15.597000000000003 0.098819223632317002 1.0000000180025095e-35 4032.4083333333338 0.77753234098132629 11.250000000000002 8120.3694444444454
decision_type=2 2 2 2 2 2 2 2 2 2 2 2 2 2 2 2
left_child=-1 2 6 -3 5 10 7 -2 -9 13 12 -12 -5 -10 -13 -14
right_child=1 3 -4 4 -6 -7 -8 8 9 -11 11 14 15 -15 -16 -17
leaf_value=-158.81293282095839 44.815310034184591 145.53648934462203 -174.74758765912873 38.312183277789146 -42.23753797658879 43.45761767117034 -16.666391934557819 21.596054753919887 -31.51904967962075 7.3325157932417984 -28.460950796618434 -4.4892566547334871 -2.6276616113335791 -1.2667241338364947 12.651942031723065 15.795898003960776
leaf_weight=38 31 34 32 30 32 32 59 31 33 53 50 97 116 31 81 51
leaf_count=38 31 34 32 30 32 32 59 31 33 53 50 97 116 31 81 51
internal_value=-6.55944 0.755535 -19.3347 11.1289 1.75573 4.8448 1.62573 7.66094 -0.146366 -5.92074 1.92793 -3.66387 8.39825 -16.8905 3.31365 3.00475
internal_weight=831 793 270 523 489 457 238 179 148 117 425 228 197 64 178 167
internal_count=831 793 270 523 489 457 238 179 148 117 425 228 197 64 178 167
is_linear=0
shrinkage=0.05


Tree=245
num_leaves=14
num_cat=0
split_feature=1 2 11 9 27 1 7 24 7 28 26 24 9
split_gain=3.64594e+08 5.57572e+08 5.79487e+08 6.96205e+08 2.18684e+08 2.01904e+08 4.06905e+08 1.47329e+08 1.20972e+07 5.77602e+06 5.84938e+06 6.59045e+06 1.27801e+06
threshold=0.11805555555555557 4.4000000000000012 2.5000000000000004 0.8500000000000002 0.61866567420209762 0.6000000000000002 23.650000000000002 11402.777777777779 5.9500000000000011 -0.97870382656940669 3.2000000000000002 4308.1472222222228 1.3500000000000003
decision_type=2 2 2 2 2 2 2 2 2 2 2 2 2
left_child=1 -1 3 -3 -4 6 -2 8 -7 -10 -11 -12 -13
right_child=5 2 4 -5 -6 7 -8 -9 9 10 11 12 -14
leaf_value=223.98986291202701 16.103769019966379 -217.75346587673781 213.86733783602372 102.20744870334765 31.508600575977585 -28.908657397638503 -214.81540204880821 109.76754466115085 -20.575456515873704 22.301538262566567 -18.02709514448286 3.456019516169583 -3.3386223243409408
leaf_weight=46 45 39 35 30 31 39 33 31 32 31 46 310 89
leaf_count=46 45 39 35 30 31 39 33 31 32 31 46 310 89
internal_value=11.0507 73.8536 22.5681 -78.6934 128.391 -6.28619 -81.7427 3.90889 -2.10937 -0.0466503 1.33746 -0.127631 1.93995
internal_weight=837 181 135 69 66 656 78 578 547 508 476 445 399
internal_count=837 181 135 69 66 656 78 578 547 508 476 445 399
is_linear=0
shrinkage=0.05


Tree=246
num_leaves=14
num_cat=0
split_feature=0 0 24 21 24 21 8 21 24 21 26 28 3
split_gain=9.91056e+08 9.85455e+07 1.45134e+07 1.01254e+07 3.45794e+07 2.25581e+07 1.61809e+07 1.05703e+07 3.79751e+07 2.08324e+07 4.193e+06 1.76893e+06 2.05853e+06
threshold=2.5000000000000004 9.5000000000000018 15300.000000000002 1.0000000180025095e-35 2220.0000000000005 0.56921944035346106 0.55000000000000016 0.8204896021982141 3555.5555555555561 0.70550527903469096 5.5499999999999998 -0.40541071103273002 58.95000000000001
decision_type=2 2 2 2 2 2 2 2 2 2 2 2 2
left_child=-1 -2 3 4 -3 -5 -7 9 -9 -8 -6 -12 -13
right_child=1 2 -4 5 10 6 7 8 -10 -11 11 12 -14
leaf_value=209.70946659475513 -76.95422253251887 -55.313099349172489 32.352903957309323 42.847763013096987 15.218841231367595 -29.305431044182811 10.295201758392754 60.206830356512036 1.6450250498977081 -28.258929312289542 5.1379560000428528 -2.944523798283218 -17.546508389695735
leaf_weight=58 44 36 33 32 31 44 71 31 252 69 32 66 38
leaf_count=58 44 36 33 32 31 44 71 31 252 69 32 66 38
internal_value=10.4994 -4.35763 -0.00182785 -1.52718 -10.9391 2.30312 -0.483664 2.52055 8.07894 -8.71305 -1.34599 -5.13025 -8.29164
internal_weight=837 779 735 702 203 499 467 423 283 140 167 136 104
internal_count=837 779 735 702 203 499 467 423 283 140 167 136 104
is_linear=0
shrinkage=0.05


Tree=247
num_leaves=15
num_cat=0
split_feature=0 4 27 7 6 0 11 0 6 14 21 26 0 26
split_gain=8.94589e+08 1.10921e+08 2.0622e+07 2.36953e+07 3.44313e+07 1.52049e+07 1.24513e+07 1.30496e+07 1.00456e+07 1.29095e+07 8.66121e+06 1.19965e+07 5.79303e+06 4.67456e+06
threshold=2.5000000000000004 995.40000000000009 -0.99551215362393819 12.050000000000002 5.2500000000000009 87.750000000000014 2.5000000000000004 61.45000000000001 3.8500000000000001 112.50000000000001 0.89678709677419366 8.4500000000000028 535.85000000000014 8.4500000000000028
decision_type=2 2 2 2 2 2 2 2 2 2 2 2 2 2
left_child=-1 -2 -3 5 6 -4 7 -5 9 -8 13 -12 -9 -7
right_child=1 2 3 4 -6 10 8 12 -10 -11 11 -13 -14 -15
leaf_value=199.24204098410942 -98.250613184703937 -39.565874780672736 -45.034074395660909 39.955445060841853 53.772084046466865 -6.3546289527507689 23.750361558068935 1.9442537064436871 -31.623707648369169 -6.6489718957549702 -2.7132850205817189 -43.68362901757326 21.127268914206244 19.622346299100919
leaf_weight=58 30 32 33 34 36 39 43 161 30 184 44 30 52 31
leaf_count=58 30 32 33 34 36 39 43 161 30 184 44 30 52 31
internal_value=9.97547 -4.14002 -0.357953 1.39718 6.60119 -14.4742 3.22183 11.2361 -4.48195 -0.882563 -7.44448 -19.3595 6.63517 5.16097
internal_weight=837 779 749 717 540 177 504 247 257 227 144 74 213 70
internal_count=837 779 749 717 540 177 504 247 257 227 144 74 213 70
is_linear=0
shrinkage=0.05


Tree=248
num_leaves=9
num_cat=0
split_feature=0 4 27 24 0 6 26 11
split_gain=8.07516e+08 1.00141e+08 1.86174e+07 2.26421e+07 1.51038e+07 1.00651e+07 8.60789e+06 5.8487e+06
threshold=2.5000000000000004 995.40000000000009 -0.99551215362393819 13140.476190476193 16.500000000000004 5.2500000000000009 4.2500000000000009 2.5000000000000004
decision_type=2 2 2 2 2 2 2 2
left_child=-1 -2 -3 4 -4 6 -6 -8
right_child=1 2 3 -5 5 -7 7 -9
leaf_value=189.29709353947598 -93.35440243759821 -37.593745276786834 -33.006810906130362 34.098227648919568 16.974595538976835 22.675283733772389 2.2021313063279857 -8.342191312233636
leaf_weight=58 30 32 35 49 59 48 259 267
leaf_count=58 30 32 35 49 59 48 259 267
internal_value=9.47721 -3.93375 -0.340158 1.32749 -1.08109 0.689082 -1.11847 -3.15077
internal_weight=837 779 749 717 668 633 585 526
internal_count=837 779 749 717 668 633 585 526
is_linear=0
shrinkage=0.05


Tree=249
num_leaves=15
num_cat=0
split_feature=0 4 27 7 1 21 8 1 0 24 14 26 24 2
split_gain=7.28917e+08 9.04093e+07 1.68078e+07 2.12848e+07 4.52805e+07 1.13492e+08 5.43651e+07 2.73747e+07 8.20034e+06 6.22559e+06 4.93345e+06 3.89412e+06 4.26823e+06 2.25602e+06
threshold=2.5000000000000004 995.40000000000009 -0.99551215362393819 12.050000000000002 0.13392857142857142 0.8204896021982141 16.550000000000004 0.6000000000000002 60.350000000000009 4865.7416666666677 27.000000000000004 3.9500000000000015 9597.2222222222244 5.6500000000000012
decision_type=2 2 2 2 2 2 2 2 2 2 2 2 2 2
left_child=-1 -2 -3 7 5 6 -5 -4 -6 -9 -11 -10 -13 -12
right_child=1 2 3 4 8 -7 -8 9 11 10 13 12 -14 -15
leaf_value=179.84852201425679 -88.702188761764987 -35.719913812292702 -53.32056239310154 41.757673115244529 -25.745174143465626 111.88799252236356 -33.815626343243189 -24.192654611898021 14.355034283197671 -14.448950688370511 18.254801056392242 -3.4700398942496826 15.439923250999335 1.0554107196579487
leaf_weight=58 30 32 35 48 33 33 47 30 43 34 33 303 33 45
leaf_count=58 30 32 35 48 33 33 47 30 43 34 33 303 33 45
internal_value=9.0039 -3.73768 -0.32317 1.26136 6.19357 32.1571 4.37248 -13.7811 -1.87859 -4.00472 1.41948 0.205736 -1.60876 8.3462
internal_weight=837 779 749 717 540 128 95 177 412 142 112 379 336 78
internal_count=837 779 749 717 540 128 95 177 412 142 112 379 336 78
is_linear=0
shrinkage=0.05


Tree=250
num_leaves=18
num_cat=0
split_feature=27 21 3 11 27 24 24 24 26 24 24 14 11 24 28 2 27
split_gain=2.0147e+08 4.92773e+08 2.45604e+08 2.0136e+08 2.8186e+08 1.93302e+08 2.52151e+08 1.3347e+08 3.65245e+07 8.969e+07 2.28809e+07 2.00232e+07 1.49014e+07 5.01452e+06 2.36701e+06 1.15828e+06 1.06117e+06
threshold=-0.85206963063867713 0.62902056224899605 93.050000000000011 1.5000000000000002 -0.76665171983724034 8673.6111111111113 1.0000000180025095e-35 13992.361111111113 8.0500000000000025 1.0000000180025095e-35 9177.0833333333339 40.000000000000007 2.5000000000000004 5541.666666666667 0.94968266440323634 14.250000000000002 -0.96683886033945943
decision_type=2 2 2 2 2 2 2 2 2 2 2 2 2 2 2 2 2
left_child=1 -1 3 5 -5 6 -2 8 9 -6 16 -10 -13 -8 -11 -15 -3
right_child=2 10 -4 4 7 -7 13 -9 11 14 -12 12 -14 15 -16 -17 -18
leaf_value=194.08385641546545 -138.61571857815696 12.385877655896813 110.56612761374112 -147.26414031982421 77.288501035770651 -146.79686254741191 -12.079642593434077 108.42945332297175 -49.86600518484741 0.4512418496437276 -46.50344042350288 23.559730069423434 -16.142400226909178 14.088285448857803 -15.086268149974735 1.8250065354739922 -0.037480823948698221
leaf_weight=42 44 32 37 31 45 50 53 31 35 132 30 30 110 38 30 39 37
leaf_count=42 44 32 37 31 45 50 53 31 35 132 30 30 110 38 30 39 37
internal_value=-3.74231 50.7964 -14.6557 -21.6072 -2.10529 -60.2445 -35.303 8.82341 0.713927 14.9262 -10.1267 -16.0961 -7.62402 -0.255938 -2.43358 7.8875 5.73359
internal_weight=846 141 705 668 444 224 174 413 382 207 99 175 140 130 162 77 69
internal_count=846 141 705 668 444 224 174 413 382 207 99 175 140 130 162 77 69
is_linear=0
shrinkage=0.05


Tree=251
num_leaves=18
num_cat=0
split_feature=8 24 20 1 27 11 3 24 2 25 7 21 24 27 3 24 4
split_gain=1.88518e+08 3.30858e+08 1.50485e+08 8.28563e+07 1.68789e+08 2.69356e+08 2.10343e+08 1.47274e+08 8.72794e+07 4.96819e+06 7.64367e+06 4.06477e+06 6.19615e+06 4.10084e+06 2.50432e+06 2.31613e+06 1.92456e+06
threshold=-1.9499999999999997 27350.000000000004 22.024850000000004 0.29166666666666669 -0.84753307444029546 1.5000000000000002 62.350000000000001 6394.4444444444453 11.150000000000002 9.0263800000000014 11.200000000000001 0.63667604752970619 9177.0833333333339 0.7025209685794126 65.700000000000003 6494.4444444444453 1001.6500000000002
decision_type=2 2 2 2 2 2 2 2 2 2 2 2 2 2 2 2 2
left_child=-1 2 3 4 -2 6 -6 8 -7 10 15 13 14 16 -13 -5 -11
right_child=1 -3 -4 9 5 7 -8 -9 -10 11 -12 12 -14 -15 -16 -17 -18
leaf_value=-96.646642713304132 59.098615083925807 162.29049526594841 80.596656215069487 -9.0002363809918418 -49.314420310999473 -31.79051450573786 -236.60228486932394 -103.05993279927594 77.926686208325435 -1.3268058555788107 -25.960165560572523 12.349209828453795 28.418127577407816 8.8786255338629001 0.93162579357368258 7.7562116611524337 -16.36655866352622
leaf_weight=51 37 31 49 36 30 33 30 30 40 37 40 68 30 43 163 48 50
leaf_count=51 37 31 49 36 30 33 30 30 40 37 40 68 30 43 163 48 50
internal_value=-3.55537 2.42793 -4.07903 -9.89244 -37.1966 -59.0779 -143.196 -9.98555 28.3528 0.716283 -8.0003 3.48197 7.07899 -3.73959 4.29656 0.572655 -9.97927
internal_weight=846 795 764 715 200 163 60 103 73 515 124 391 261 130 231 84 87
internal_count=846 795 764 715 200 163 60 103 73 515 124 391 261 130 231 84 87
is_linear=0
shrinkage=0.05


Tree=252
num_leaves=13
num_cat=0
split_feature=0 1 26 0 27 14 5 0 3 26 20 20
split_gain=1.90842e+08 1.13996e+08 3.87683e+08 3.08768e+08 5.3935e+07 7.42297e+07 8.76535e+06 1.203e+07 1.0017e+07 3.48679e+06 2.37818e+06 2.96383e+06
threshold=1.5000000000000002 0.10555555555555557 5.450000000000002 7.5000000000000009 0.74981945761428193 155.50000000000003 24.625000000000004 21.150000000000002 79.450000000000017 3.2000000000000002 1.2474000000000001 4.3739000000000017
decision_type=2 2 2 2 2 2 2 2 2 2 2 2
left_child=-1 2 -2 -3 5 -4 7 -5 -8 -9 -11 -12
right_child=1 3 4 6 -6 -7 8 9 -10 10 11 -13
leaf_value=-107.15110083645709 195.5366377108565 -163.18794415939686 -84.8382005207025 33.372653155311518 48.775484680006713 15.58708646228731 -0.08001396736784204 17.022089108815727 -33.579266432996064 11.024715503642978 -8.9843555661867267 1.2243957811136055
leaf_weight=42 32 30 31 31 36 45 56 33 37 46 90 337
leaf_count=42 32 30 31 31 36 45 56 33 37 46 90 337
internal_value=-3.37838 2.05523 42.3458 -6.74052 -1.5583 -25.4334 0.734064 3.18902 -13.4295 1.33359 0.235664 -0.92892
internal_weight=846 804 144 660 112 76 630 537 93 506 473 427
internal_count=846 804 144 660 112 76 630 537 93 506 473 427
is_linear=0
shrinkage=0.05


Tree=253
num_leaves=13
num_cat=0
split_feature=0 1 0 0 29 26 6 0 26 6 0 4
split_gain=1.72278e+08 1.02913e+08 3.51923e+08 2.78761e+08 3.06623e+07 2.11351e+07 1.10309e+07 6.7305e+06 3.82752e+06 3.07369e+06 3.66984e+06 1.9686e+06
threshold=1.5000000000000002 0.10555555555555557 107.25000000000001 7.5000000000000009 0.6078576107927941 7.0000000000000018 5.8500000000000005 16.500000000000004 3.4000000000000017 2.5500000000000003 155.85000000000005 999.95000000000016
decision_type=2 2 2 2 2 2 2 2 2 2 2 2
left_child=-1 2 -2 -3 5 -4 7 -5 -9 10 -10 -11
right_child=1 3 4 6 -6 -7 -8 8 9 11 -12 -13
leaf_value=-101.80627337023084 192.30019138881138 -155.05564990376317 -50.15112437821702 24.094895657311753 38.977091001513344 3.0757981283480187 -28.839468728505892 17.668994287686925 -14.889178062117606 13.831358085246627 -0.34251934361937864 1.4741799139968581
leaf_weight=42 30 30 30 33 35 49 30 32 64 36 134 301
leaf_count=42 30 30 30 33 35 49 30 32 64 36 134 301
internal_value=-3.2099 1.95267 40.2346 -6.40458 0.0838627 -17.1747 0.69752 2.17894 0.899373 -0.106775 -5.04964 2.79796
internal_weight=846 804 144 660 114 79 630 600 567 535 198 337
internal_count=846 804 144 660 114 79 630 600 567 535 198 337
is_linear=0
shrinkage=0.05


Tree=254
num_leaves=13
num_cat=0
split_feature=28 0 4 1 0 0 0 20 26 0 26 0
split_gain=1.66182e+08 2.35246e+08 1.05554e+08 7.37032e+07 3.93929e+08 2.13524e+08 2.35273e+07 1.10087e+07 3.04307e+06 4.42901e+06 3.22017e+06 681231
threshold=-0.99049576193482802 1.5000000000000002 996.50000000000011 0.13392857142857142 21.150000000000002 16.500000000000004 369.90000000000003 11.193150000000001 10.450000000000005 66.700000000000017 9.5500000000000025 428.45000000000005
decision_type=2 2 2 2 2 2 2 2 2 2 2 2
left_child=-1 -2 -3 4 -4 -5 7 -6 9 -7 -11 -10
right_child=1 2 3 5 6 8 -8 -9 11 10 -12 -13
leaf_value=101.91492732561856 -124.27472336669328 -86.203196156602303 170.48257195358082 -135.39211658211642 -10.400266724013015 21.332257835413529 11.943428728276393 -51.692447256362676 -13.983800857460759 0.03401514400788961 13.476982794502774 -3.6589816164747577
leaf_weight=36 41 35 39 30 30 30 54 35 32 402 50 32
leaf_count=36 41 35 39 30 30 30 54 35 32 402 50 32
internal_value=-3.04976 -7.72687 -1.49764 2.55264 32.7929 -5.74667 -12.4376 -32.6798 1.40019 2.76081 1.52373 -8.83523
internal_weight=846 810 769 734 158 576 119 65 546 482 452 64
internal_count=846 810 769 734 158 576 119 65 546 482 452 64
is_linear=0
shrinkage=0.05


Tree=255
num_leaves=12
num_cat=0
split_feature=24 0 6 0 26 1 0 11 11 0 4
split_gain=1.4638e+08 1.50865e+08 6.82469e+07 3.76315e+07 1.25653e+07 4.38865e+07 4.22137e+07 2.70449e+07 1.73451e+07 2.9901e+06 3.27208e+06
threshold=33344.444444444453 6.5000000000000009 5.9500000000000011 14.500000000000002 10.550000000000002 0.06904761904761901 167.15000000000003 2.5000000000000004 2.5000000000000004 66.700000000000017 1000.1500000000002
decision_type=2 2 2 2 2 2 2 2 2 2 2
left_child=1 -1 3 -3 5 6 -5 -6 -8 -7 -11
right_child=-2 2 -4 4 7 9 8 -9 -10 10 -12
leaf_value=-106.12116345857319 104.31954510556923 51.500981854467845 -71.680100746961529 -80.525301434763492 51.516305252813531 14.164380839049471 16.633048622401198 -6.7069102071179181 -32.611827144033832 14.267832869066632 0.059322240435667896
leaf_weight=36 31 36 33 32 34 52 31 48 42 45 399
leaf_count=36 31 36 33 32 34 52 31 48 42 45 399
internal_value=-2.0771 -6.27547 -1.48214 1.74925 -0.880244 -3.38612 -32.7358 17.4677 -11.7054 2.83235 1.50227
internal_weight=819 788 752 719 683 601 105 82 73 496 444
internal_count=819 788 752 719 683 601 105 82 73 496 444
is_linear=0
shrinkage=0.05


Tree=256
num_leaves=14
num_cat=0
split_feature=4 0 4 0 0 27 6 11 26 14 24 5 14
split_gain=1.36563e+08 2.89232e+08 4.91301e+07 1.37772e+08 9.63283e+07 1.91854e+07 1.34638e+07 1.2414e+07 2.82331e+07 1.02908e+07 7.31903e+06 7.1841e+06 1.53723e+06
threshold=1024.5000000000002 1.5000000000000002 1001.7500000000001 8.5000000000000018 93.250000000000014 -0.99166813670569331 3.8500000000000001 2.5000000000000004 10.550000000000002 63.500000000000007 1.0000000180025095e-35 23.350000000000005 286.00000000000006
decision_type=2 2 2 2 2 2 2 2 2 2 2 2 2
left_child=1 -1 4 -4 -3 -5 11 8 9 -7 -9 -6 -12
right_child=-2 2 3 5 6 7 -8 10 -10 -11 12 -13 -14
leaf_value=-139.91963071701167 74.048905485468197 -103.10231855041883 102.00735137591674 -38.295771942108011 24.309656907246612 -18.105098447453678 -32.209954319443817 -27.143547466982849 53.01206057078889 8.8006664418575227 0.046802508602441575 -6.9133605272098073 -9.4213904972460565
leaf_weight=39 55 32 35 31 34 44 30 34 33 183 172 40 57
leaf_count=39 55 32 35 31 34 44 30 34 33 183 172 40 57
internal_value=-1.97352 -7.45532 -0.311338 5.94402 -27.387 -0.142274 -4.01331 2.12609 9.87184 3.57975 -5.53212 7.44573 -2.31297
internal_weight=819 764 725 589 136 554 104 523 260 227 263 74 229
internal_count=819 764 725 589 136 554 104 523 260 227 263 74 229
is_linear=0
shrinkage=0.05


Tree=257
num_leaves=13
num_cat=0
split_feature=24 24 27 14 1 5 4 4 24 1 24 4
split_gain=1.38674e+08 9.60289e+07 5.20923e+07 4.04721e+07 4.59381e+07 1.24439e+08 1.18304e+08 1.90685e+07 4.51762e+07 1.57549e+07 1.1978e+07 5.11446e+06
threshold=33344.444444444453 17600.000000000004 0.99052327954040398 15.000000000000002 1.0000000180025095e-35 20.650000000000002 1008.0500000000001 1003.2500000000001 7813.8888888888896 0.15476190476190474 10083.333333333334 999.6500000000002
decision_type=2 2 2 2 2 2 2 2 2 2 2 2
left_child=1 2 3 -1 5 6 -5 8 11 -9 -11 -6
right_child=-2 -3 -4 4 7 -7 -8 9 -10 10 -12 -13
leaf_value=-55.374295667666722 101.68264903960888 -92.070938031236466 -62.814966529555335 140.04556499166026 11.223946915441157 -23.026502654758204 8.1532629053398207 33.453245652571027 -72.935216436662088 1.0031414594225978 -30.768519806193417 -14.692491380223686
leaf_weight=31 31 31 34 35 39 59 33 35 31 391 32 37
leaf_count=31 31 31 34 35 39 59 33 35 31 391 32 37
internal_value=-1.87554 -5.96192 -2.42396 0.424296 2.93159 30.0913 76.145 -3.17757 -22.1711 1.26363 -1.40708 -1.39593
internal_weight=819 788 757 723 692 127 68 565 107 458 423 76
internal_count=819 788 757 723 692 127 68 565 107 458 423 76
is_linear=0
shrinkage=0.05


Tree=258
num_leaves=15
num_cat=0
split_feature=22 24 4 28 24 28 1 6 6 8 24 29 14 4
split_gain=1.32183e+08 3.14304e+08 1.02241e+08 4.44129e+07 4.80572e+07 3.058e+07 7.50047e+07 1.27891e+08 6.3101e+07 5.50239e+07 1.25506e+07 3.20638e+06 3.57491e+06 2.77614e+06
threshold=0.93301270189221952 29622.222222222223 1012.35 0.97308229207007257 16530.555555555558 -0.65187484896379921 0.13392857142857142 2.6500000000000008 3.8500000000000001 17.150000000000002 2220.0000000000005 1.0000000180025095e-35 286.00000000000006 1011.85
decision_type=2 2 2 2 2 2 2 2 2 2 2 2 2 2
left_child=1 3 -2 4 5 8 7 -7 9 -1 -11 12 -8 -13
right_child=2 -3 -4 -5 -6 6 11 -9 -10 10 -12 13 -14 -15
leaf_value=63.467073704882068 1.6838230145301705 160.23533782223029 -115.25511271925923 -46.593813107613187 -60.36349015125009 136.96437738092237 1.8036254533678659 7.8947865207765506 -61.536960319669731 -37.657308519666444 -1.721750273642602 -0.18920468547531516 -13.445257440522818 13.079092906786649
leaf_weight=31 33 31 43 52 30 30 122 53 48 32 100 75 56 83
leaf_count=31 33 31 43 52 30 30 122 53 48 32 100 75 56 83
internal_value=-1.7821 4.64544 -64.5434 -2.15038 1.35775 4.30597 12.1223 54.6552 -11.2139 3.63378 -10.4554 1.60251 -2.9986 6.78468
internal_weight=819 743 76 712 660 630 419 83 211 163 132 336 178 158
internal_count=819 743 76 712 660 630 419 83 211 163 132 336 178 158
is_linear=0
shrinkage=0.05


Tree=259
num_leaves=15
num_cat=0
split_feature=4 0 7 24 24 7 26 3 6 26 24 28 24 4
split_gain=1.24222e+08 2.80616e+08 4.32634e+07 1.42245e+08 1.28783e+08 6.04152e+07 7.37035e+07 4.57068e+07 1.03881e+07 8.20989e+06 1.11848e+07 6.74791e+06 1.54226e+07 4.39167e+06
threshold=1024.5000000000002 1.5000000000000002 23.550000000000004 13788.888888888892 12101.85277777778 24.950000000000003 7.4500000000000011 86.450000000000017 4.6500000000000012 8.6500000000000039 3555.5555555555561 -0.60505606964884906 1.0000000180025095e-35 1011.85
decision_type=2 2 2 2 2 2 2 2 2 2 2 2 2 2
left_child=1 -1 4 5 8 6 -4 9 11 10 -7 -3 -13 -14
right_child=-2 2 3 -5 -6 7 -8 -9 -10 -11 -12 12 13 -15
leaf_value=-137.39732822115769 70.81340429345839 21.337569742410725 -102.68214636767821 -117.21050263465042 110.35517769303431 -28.934092556538673 7.1387524748921765 65.3964686806179 23.219127185375548 24.037537882731996 2.6314058518995851 -29.713885591088275 -6.1282214400987218 7.4164082341857664
leaf_weight=39 55 32 30 30 30 36 31 31 54 30 126 45 99 151
leaf_count=39 55 32 30 30 30 36 31 31 54 30 126 45 99 151
internal_value=-1.6927 -6.92097 0.115727 -13.8557 10.7906 -2.90054 -46.9511 9.16479 2.92392 0.0563739 -4.39664 -0.433637 -2.80171 2.05241
internal_weight=819 764 725 314 411 284 61 223 381 192 162 327 295 250
internal_count=819 764 725 314 411 284 61 223 381 192 162 327 295 250
is_linear=0
shrinkage=0.05


Tree=260
num_leaves=13
num_cat=0
split_feature=24 24 6 24 0 0 0 27 24 1 7 24
split_gain=3.21527e+08 1.50472e+08 1.10135e+08 4.11728e+08 3.94595e+08 1.64327e+07 1.67666e+07 1.0114e+07 1.84316e+07 6.72982e+06 2.4114e+06 928572
threshold=38022.030651341011 17600.000000000004 4.3500000000000005 3953.702777777778 7.5000000000000009 42.000000000000007 69.550000000000026 0.67760851415498091 2788.8888888888891 0.6000000000000002 7.8500000000000005 6791.666666666667
decision_type=2 2 2 2 2 2 2 2 2 2 2 2
left_child=1 2 4 -4 -1 -6 -7 9 -9 -8 -5 -12
right_child=-2 -3 3 10 5 6 7 8 -10 -11 11 -13
leaf_value=-171.81761133351557 158.75598905998794 -103.44495657949113 203.69260854562651 -19.230462691254939 30.820936457165068 -35.546543320462852 19.123495018016417 -42.061406223047157 -0.53718785616992104 1.8255361540196784 -7.6702613591505191 4.1504271805088386
leaf_weight=35 31 37 30 31 42 34 69 35 112 302 37 30
leaf_count=35 31 37 30 31 42 34 69 35 112 302 37 30
internal_value=1.04704 -5.12957 -0.311159 41.9472 -8.91594 0.709936 -1.58628 0.649197 -10.4458 5.04698 -7.72381 -2.37904
internal_weight=825 794 757 128 629 594 552 518 147 371 98 67
internal_count=825 794 757 128 629 594 552 518 147 371 98 67
is_linear=0
shrinkage=0.05


Tree=261
num_leaves=18
num_cat=0
split_feature=24 24 8 0 0 24 30 1 24 7 0 28 5 21 21 21 4
split_gain=2.90276e+08 1.35839e+08 1.63256e+08 1.19554e+09 9.01655e+08 3.45906e+07 1.0008e+07 2.42986e+07 1.28093e+07 2.7145e+07 4.89519e+06 3.97931e+06 3.1842e+06 2.2198e+06 2.08796e+06 2.54718e+06 936901
threshold=38022.030651341011 17600.000000000004 17.800000000000001 58.400000000000006 7.5000000000000009 2220.0000000000005 -0.56174490092936669 0.29166666666666669 3902.7777777777778 17.150000000000002 74.250000000000014 -0.97870382656940669 23.750000000000004 1.6377530364372472 0.31100330305532625 0.99645448681770554 1002.9500000000002
decision_type=2 2 2 2 2 2 2 2 2 2 2 2 2 2 2 2 2
left_child=1 2 4 -4 -1 -5 7 -6 9 -8 -10 -7 -13 -12 -9 -16 -14
right_child=-2 -3 3 5 6 11 8 14 10 -11 13 12 16 -15 15 -17 -18
leaf_value=-268.61837200153269 150.84371698998945 -98.286649840732778 328.4612045389473 -43.734671235221818 -49.604337404574274 -12.525450089118934 60.664680063368081 -8.0506233875665441 16.739976053614075 -5.4653843606372492 0.61017105424227402 16.829496767562897 7.3633402833601282 -12.661592030963247 15.856518906084791 -2.1687386882528199 -3.9171913826809224
leaf_weight=33 31 37 30 52 30 32 30 47 43 32 182 51 31 38 33 48 45
leaf_count=33 31 37 30 52 30 32 30 47 43 32 182 51 31 38 33 48 45
internal_value=0.99492 -4.87385 -0.295716 33.6722 -16.164 -8.3767 1.13644 -9.18245 6.15431 26.5791 1.33105 3.2071 7.17798 -1.68691 0.322717 5.18532 0.687642
internal_weight=825 794 757 241 516 211 483 158 325 62 263 159 127 220 128 81 76
internal_count=825 794 757 241 516 211 483 158 325 62 263 159 127 220 128 81 76
is_linear=0
shrinkage=0.05


Tree=262
num_leaves=18
num_cat=0
split_feature=24 24 8 0 0 24 30 1 20 1 28 28 0 7 2 0 3
split_gain=2.62062e+08 1.22631e+08 1.47392e+08 1.07935e+09 8.14002e+08 3.12824e+07 9.03509e+06 2.19373e+07 1.19426e+07 2.08021e+07 4.13966e+06 3.58368e+06 3.11174e+06 2.41414e+06 1.75644e+06 2.68593e+06 1.00255e+06
threshold=38022.030651341011 17600.000000000004 17.800000000000001 58.400000000000006 7.5000000000000009 3351.8527777777781 -0.56174490092936669 0.29166666666666669 2.8402000000000003 0.6000000000000002 -0.97870382656940669 0.94415253529446119 93.250000000000014 26.550000000000004 12.800000000000002 287.95000000000005 76.700000000000003
decision_type=2 2 2 2 2 2 2 2 2 2 2 2 2 2 2 2 2
left_child=1 2 4 -4 -1 -5 7 -6 11 -10 -7 -8 -11 -12 15 -9 -15
right_child=-2 -3 3 5 6 10 8 14 9 12 13 -13 -14 16 -16 -17 -18
leaf_value=-255.22802561273025 143.32578109299638 -93.385566130995414 312.09271001720748 -40.345345203240427 -47.132358839979204 -12.850239545816009 -20.53739066610531 -14.984279333880918 37.427712904524682 17.372337142849265 16.948508396602811 0.88743220217886809 0.27780599651391652 8.9335976379707756 7.2667081292290696 4.0000609033589241 -2.3244006308780354
leaf_weight=33 31 37 30 55 30 31 44 34 58 32 44 35 156 34 53 41 47
leaf_count=33 31 37 30 55 30 31 44 34 58 32 44 35 156 34 53 41 47
internal_value=0.945733 -4.63053 -0.280667 31.9946 -15.3583 -7.95872 1.07979 -8.72472 5.84752 11.2783 3.47814 -11.0562 3.19523 7.53466 0.306798 -4.6146 2.40631
internal_weight=825 794 757 241 516 211 483 158 325 246 156 79 188 125 128 75 81
internal_count=825 794 757 241 516 211 483 158 325 246 156 79 188 125 128 75 81
is_linear=0
shrinkage=0.05


Tree=263
num_leaves=16
num_cat=0
split_feature=24 6 0 24 24 22 0 26 24 21 1 24 21 24 28
split_gain=2.3659e+08 1.12694e+08 1.00286e+09 3.60738e+08 1.52161e+07 3.80304e+07 1.45389e+07 1.25146e+07 9.6577e+06 6.59793e+06 1.6122e+07 1.13278e+07 1.11602e+07 1.63367e+06 1.5409e+06
threshold=38022.030651341011 4.3500000000000005 6.5000000000000009 3953.702777777778 9861.1111111111131 -0.6830127018922193 70.700000000000017 4.4000000000000012 7291.666666666667 0.70736457236457251 0.6000000000000002 5847.2222222222235 0.52232847722162401 6437.5000000000009 0.57015780514270664
decision_type=2 2 2 2 2 2 2 2 2 2 2 2 2 2 2
left_child=1 2 -1 -3 6 -6 -4 -5 -9 11 -11 12 -8 -12 -13
right_child=-2 3 4 7 5 -7 9 8 -10 10 13 14 -14 -15 -16
leaf_value=-281.14364555796823 136.18253472134998 189.80070501688706 -26.963151625525246 -33.772212650134321 -24.597660480385205 45.084628766785755 6.672344450571237 -12.382333738132012 23.535226031789755 -30.31591771663814 -1.631052053738248 -7.4935318648428622 40.865248522295417 7.5363756995839326 4.6937641756308963
leaf_weight=33 31 30 52 30 30 56 64 40 35 49 149 77 38 72 39
leaf_count=33 31 30 52 30 30 56 64 40 35 49 149 77 38 72 39
internal_value=0.898821 -4.39952 -12.9262 37.2021 1.25568 20.7765 -1.85644 -6.53652 4.38815 0.823826 -4.39959 7.29227 19.4385 1.35766 -3.39552
internal_weight=825 794 659 135 626 86 540 105 75 488 270 218 102 221 116
internal_count=825 794 659 135 626 86 540 105 75 488 270 218 102 221 116
is_linear=0
shrinkage=0.05


Tree=264
num_leaves=16
num_cat=0
split_feature=24 24 8 0 0 24 0 26 26 24 21 26 26 14 8
split_gain=2.13594e+08 1.0511e+08 1.29851e+08 9.82218e+08 6.8703e+08 3.05951e+07 8.94306e+06 9.23783e+06 1.25848e+07 1.03947e+07 2.23706e+07 2.60054e+06 2.30084e+06 2.24781e+06 1.47865e+06
threshold=38022.030651341011 17600.000000000004 17.800000000000001 58.400000000000006 7.5000000000000009 2220.0000000000005 42.000000000000007 10.250000000000004 11.050000000000002 2788.8888888888891 0.71708912823730364 3.8999999999999999 4.5499999999999998 205.50000000000003 22.550000000000004
decision_type=2 2 2 2 2 2 2 2 2 2 2 2 2 2 2
left_child=1 2 4 -4 -1 -5 -6 9 -9 10 -8 -7 -11 -13 -15
right_child=-2 -3 3 5 6 11 7 8 -10 12 -12 13 -14 14 -16
leaf_value=-234.67401187355063 129.39529758465633 -86.350686425982786 297.33936592178088 -41.225429499218507 24.383860840501811 16.155726648881981 8.5076841031198089 38.946466017229383 -0.71903482915670902 -12.568126425386467 -50.664776002766452 -7.9358206680213232 0.90553417014413151 12.346208532838997 -1.682964565570785
leaf_weight=33 31 37 30 52 37 30 30 31 56 36 34 54 259 38 37
leaf_count=33 31 37 30 52 37 30 30 31 56 36 34 54 259 38 37
internal_value=0.854098 -4.18017 -0.153028 30.1409 -14.3051 -7.97221 0.796658 -1.16514 13.4431 -4.70807 -22.9576 2.92211 -0.742394 -0.165572 5.43206
internal_weight=825 794 757 241 516 211 483 446 87 359 64 159 295 129 75
internal_count=825 794 757 241 516 211 483 446 87 359 64 159 295 129 75
is_linear=0
shrinkage=0.05


Tree=265
num_leaves=11
num_cat=0
split_feature=0 4 24 3 9 6 6 4 24 1
split_gain=4.30714e+08 1.15332e+08 2.19553e+07 1.82245e+07 1.42168e+07 1.12631e+07 1.83413e+07 7.98009e+06 2.46576e+07 1.06433e+07
threshold=2.5000000000000004 995.40000000000009 12395.238095238097 86.550000000000011 9.1500000000000021 5.2500000000000009 4.3500000000000005 1006.85 3351.8527777777781 0.11805555555555557
decision_type=2 2 2 2 2 2 2 2 2 2
left_child=-1 -2 3 5 -5 6 7 8 -3 -9
right_child=1 2 -4 4 -6 -7 -8 9 -10 -11
leaf_value=138.21591112199215 -97.368868245035898 42.946162676494033 31.920041315434347 -51.45428986153334 -6.4136588878133232 27.693976817043438 -30.257658486811728 -26.047827977967678 -0.95315462211172342 1.3115822623005235
leaf_weight=58 31 45 53 30 42 38 47 40 110 313
leaf_count=58 31 45 53 30 42 38 47 40 110 313
internal_value=7.07025 -3.10231 0.980682 -1.48958 -25.226 1.39617 -0.409057 2.35793 11.8112 -1.79512
internal_weight=807 749 718 665 72 593 555 508 155 353
internal_count=807 749 718 665 72 593 555 508 155 353
is_linear=0
shrinkage=0.05


Tree=266
num_leaves=14
num_cat=0
split_feature=0 4 3 0 0 6 3 21 1 15 4 3 3
split_gain=3.88793e+08 1.04122e+08 1.89226e+07 4.20667e+07 2.1503e+07 1.40693e+07 8.1945e+06 6.56263e+06 2.16767e+07 1.06515e+07 5.72052e+06 5.11105e+06 1.14488e+06
threshold=2.5000000000000004 995.40000000000009 81.050000000000011 103.90000000000002 12.750000000000002 5.2500000000000009 39.900000000000006 0.49082568807339455 0.10555555555555557 1.0000000180025095e-35 1000.9500000000002 89.700000000000003 84.950000000000017
decision_type=2 2 2 2 2 2 2 2 2 2 2 2 2
left_child=-1 -2 4 -4 -3 6 -6 9 -9 -8 -5 12 -12
right_child=1 2 3 10 5 -7 7 8 -10 -11 11 -13 -14
leaf_value=131.31701253605382 -92.516081037858669 45.556062935096278 -66.592510099809644 17.096669283557169 -19.239965893559145 32.931151812129407 -15.997204643585007 36.37340186232457 0.86984836385066266 15.438690974518384 -6.2374560019502612 -24.588100573390818 7.553178250037158
leaf_weight=58 31 31 31 31 47 36 92 51 271 38 30 30 30
leaf_count=58 31 31 31 31 47 36 92 51 271 38 30 30 30
internal_value=6.71692 -2.94792 0.931569 -14.726 5.13829 2.78824 0.607425 2.67501 6.50264 -6.80341 -1.39378 -7.77468 0.658873
internal_weight=807 749 718 152 566 535 499 452 322 130 121 90 60
internal_count=807 749 718 152 566 535 499 452 322 130 121 90 60
is_linear=0
shrinkage=0.05


Tree=267
num_leaves=18
num_cat=0
split_feature=0 0 6 27 1 21 21 26 14 24 0 2 24 24 26 14 26
split_gain=3.5095e+08 4.13823e+07 1.90224e+07 1.42404e+07 3.01046e+07 1.93169e+07 4.65832e+07 1.17767e+07 1.33708e+07 1.50337e+07 7.13172e+06 5.52521e+06 1.10393e+07 6.13845e+06 5.31544e+06 4.69852e+06 2.04071e+06
threshold=2.5000000000000004 9.5000000000000018 6.1500000000000012 0.10738035228456499 0.056250000000000008 0.6658333333333335 0.31100330305532625 10.350000000000003 140.50000000000003 3351.8527777777781 165.70000000000002 21.850000000000005 11069.444444444447 5923.6111111111122 7.6500000000000012 206.50000000000003 5.450000000000002
decision_type=2 2 2 2 2 2 2 2 2 2 2 2 2 2 2 2 2
left_child=-1 -2 3 4 -3 6 10 8 9 -7 -5 12 15 16 -12 -6 -13
right_child=1 2 -4 5 11 7 -8 -9 -10 -11 14 13 -14 -15 -16 -17 -18
leaf_value=124.76246559550141 -55.804299648534879 -47.238236858337885 -37.21085057215388 26.521053917905625 -18.36667254818634 -45.087275446241151 77.569788326251171 22.980749399876657 17.13715419966519 -4.4270443045680876 -17.694153223758519 10.682674329383824 -32.655476006796192 28.577369595524484 10.943322985803979 3.0740928058861137 -7.1810900492402459
leaf_weight=58 35 38 33 32 30 32 31 41 41 78 30 30 30 30 35 169 34
leaf_count=58 35 38 33 32 30 32 31 41 41 78 30 30 30 30 35 169 34
internal_value=6.38146 -2.80098 -0.195325 1.60357 -5.20316 9.28166 24.319 -0.750666 -7.20527 -16.2857 7.23834 -0.244755 -4.43447 9.95592 -2.28077 -0.16576 1.19607
internal_weight=807 749 714 681 361 320 128 192 151 110 97 323 229 94 65 199 64
internal_count=807 749 714 681 361 320 128 192 151 110 97 323 229 94 65 199 64
is_linear=0
shrinkage=0.05


Tree=268
num_leaves=15
num_cat=0
split_feature=24 1 20 1 3 26 26 24 7 24 5 20 27 20
split_gain=2.06151e+08 1.58848e+08 2.39691e+08 2.05148e+08 1.54988e+08 9.42236e+07 8.98325e+07 2.66629e+07 1.22348e+07 3.58171e+06 5.08258e+06 3.61432e+06 1.43598e+06 1.22768e+06
threshold=36098.147222222229 1.0000000180025095e-35 11.548450000000001 0.18333333333333332 61.850000000000001 6.0499999999999998 8.9500000000000046 11610.41666666667 4.8500000000000005 5652.7777777777783 8.8500000000000032 21.470950000000006 -0.9549579116111756 11.277800000000001
decision_type=2 2 2 2 2 2 2 2 2 2 2 2 2 2
left_child=1 2 6 4 -3 -4 -1 8 -5 10 -10 -12 -11 -14
right_child=-2 3 5 7 -6 -7 -8 -9 9 12 11 -13 13 -15
leaf_value=-83.186015858444264 134.45123449179817 -13.511195444837908 176.92287967717536 -32.119771063736295 -166.76029342696114 61.010155502670557 37.997605876370642 45.422603541095157 -22.537086865116024 11.714426377567932 1.8106599176205262 -17.135398794830419 4.1302586132059629 -2.8685617642397689
leaf_weight=30 30 32 32 32 34 39 31 31 36 41 132 31 180 96
leaf_count=30 30 32 32 32 34 39 31 31 36 41 132 31 180 96
internal_value=6.06274 1.08898 51.0413 -9.14013 -92.5906 113.428 -21.6394 0.386696 -2.16877 -0.30547 -5.56158 -1.80084 2.99481 1.69571
internal_weight=807 777 132 645 66 71 61 579 548 516 199 163 317 276
internal_count=807 777 132 645 66 71 61 579 548 516 199 163 317 276
is_linear=0
shrinkage=0.05


Tree=269
num_leaves=16
num_cat=0
split_feature=0 4 24 3 0 7 24 0 4 0 4 0 7 11 20
split_gain=3.00622e+08 9.57146e+07 2.36428e+07 1.52438e+07 4.84532e+07 1.66694e+07 3.49462e+07 6.47763e+06 5.65882e+06 7.97853e+06 6.35826e+06 5.16905e+06 4.84254e+06 1.95334e+06 1.54211e+06
threshold=2.5000000000000004 995.40000000000009 12395.238095238097 65.700000000000003 72.300000000000026 11.500000000000002 3091.1111111111118 103.90000000000002 1006.85 535.85000000000014 1008.85 184.50000000000003 7.8500000000000005 1.5000000000000002 8.6603000000000012
decision_type=2 2 2 2 2 2 2 2 2 2 2 2 2 2 2
left_child=-1 -2 3 5 -5 12 -7 -8 9 11 -10 -6 -3 -12 -9
right_child=1 2 -4 4 8 6 7 14 10 -11 13 -13 -14 -15 -16
leaf_value=115.32490251183305 -88.614012344703795 -1.0122372347973065 33.087860924959635 -68.044220618343047 9.7727713179445548 56.624317519266413 20.027219854025734 -5.8247501454188493 -27.989072800226026 23.328909596183948 3.1516338384735607 -11.321548491172956 -24.676245906409321 -8.7522094496427751 6.3397601576412423
leaf_weight=58 31 50 53 31 50 40 48 78 35 40 55 69 38 92 39
leaf_count=58 31 50 53 31 50 40 48 78 35 40 55 69 38 92 39
internal_value=5.76044 -2.73811 0.981436 -1.582 -8.29946 6.94655 14.7583 4.58074 -2.84975 4.04014 -8.86787 -2.45758 -11.2473 -4.29924 -1.76792
internal_weight=807 749 718 665 372 293 205 165 341 159 182 119 88 147 117
internal_count=807 749 718 665 372 293 205 165 341 159 182 119 88 147 117
is_linear=0
shrinkage=0.05


Tree=270
num_leaves=12
num_cat=0
split_feature=1 3 28 14 1 3 27 1 4 28 4
split_gain=2.03503e+08 4.01906e+08 1.95544e+08 1.3326e+08 2.29507e+08 3.89722e+08 8.23771e+07 1.1221e+08 8.7464e+07 7.82109e+06 8.83614e+06
threshold=1.0000000180025095e-35 49.250000000000007 -0.65187484896379921 17.000000000000004 0.13392857142857142 63.20000000000001 0.98370018436603734 0.6000000000000002 998.05000000000007 -0.97502841500522164 1022.7500000000001
decision_type=2 2 2 2 2 2 2 2 2 2 2
left_child=1 -1 -3 -2 5 -5 7 -6 -9 -10 -11
right_child=3 2 -4 4 6 -7 -8 8 9 10 -12
leaf_value=227.55314938871567 95.815365453479572 -43.109035646979187 95.88696858205401 30.576794377830737 -89.080344916648528 -221.92960449415006 73.008294945524227 74.548320138425439 -26.054771801007547 3.0156744929300348 -16.843926532587151
leaf_weight=30 34 56 46 30 34 31 40 41 30 401 65
leaf_count=30 34 56 46 30 34 31 40 41 30 401 65
internal_value=10.0462 67.0047 19.6079 -0.611256 -5.50352 -97.8993 3.73543 -1.12923 4.45491 -1.35296 0.242528
internal_weight=838 132 102 706 672 61 611 571 537 496 466
internal_count=838 132 102 706 672 61 611 571 537 496 466
is_linear=0
shrinkage=0.05


Tree=271
num_leaves=10
num_cat=0
split_feature=0 0 6 6 1 6 0 10 5
split_gain=8.20845e+08 8.56911e+07 1.6589e+07 1.41551e+07 1.78449e+07 2.29436e+07 1.48681e+07 2.81176e+06 2.31782e+06
threshold=2.5000000000000004 9.5000000000000018 6.1500000000000012 5.2500000000000009 0.06904761904761901 2.9500000000000006 31.000000000000004 1.5000000000000002 6.3500000000000005
decision_type=2 2 2 2 2 2 2 2 2
left_child=-1 -2 3 4 5 -3 -6 -8 -9
right_child=1 2 -4 -5 6 -7 7 8 -10
leaf_value=194.29096729734152 -77.872740638095422 3.9956904035952578 -36.3763267473525 34.506535924745911 37.06865126435013 -42.951923496709185 -10.430299087955788 11.107642062769614 1.2493021487356621
leaf_weight=56 37 53 30 31 31 51 45 69 435
leaf_count=56 37 53 30 31 31 51 45 69 435
internal_value=9.54509 -3.70794 -0.0146199 1.51591 0.0158908 -19.0458 3.43655 1.53106 2.6009
internal_weight=838 782 745 715 684 104 580 549 504
internal_count=838 782 745 715 684 104 580 549 504
is_linear=0
shrinkage=0.05


Tree=272
num_leaves=11
num_cat=0
split_feature=0 0 24 0 28 26 24 14 4 26
split_gain=7.40953e+08 7.73581e+07 2.8643e+07 1.37695e+07 1.10425e+07 7.31935e+06 1.88603e+07 1.01277e+07 1.57517e+07 5.63191e+06
threshold=2.5000000000000004 9.5000000000000018 15720.833333333334 63.500000000000007 -0.99049576193482802 10.350000000000003 4865.7416666666677 155.50000000000003 1008.1500000000002 3.5499999999999994
decision_type=2 2 2 2 2 2 2 2 2 2
left_child=-1 -2 3 -3 -5 7 -7 8 -6 -9
right_child=1 2 -4 4 5 6 -8 9 -10 -11
leaf_value=184.59373349548449 -73.989597462451044 -25.577712847681266 47.765728355483759 -29.56517065308023 -29.676288284414838 46.044856136481485 -3.3517879377372584 25.74421029940396 -0.51865363729920388 3.0010218610097885
leaf_weight=56 37 57 30 30 64 31 51 30 167 285
leaf_count=56 37 57 30 30 64 31 51 30 167 285
internal_value=9.06852 -3.52305 -0.0139001 -2.02505 0.0187996 1.43654 15.3558 -0.656327 -8.60633 5.17454
internal_weight=838 782 745 715 658 628 82 546 231 315
internal_count=838 782 745 715 658 628 82 546 231 315
is_linear=0
shrinkage=0.05


Tree=273
num_leaves=11
num_cat=0
split_feature=0 0 24 0 28 26 24 10 21 26
split_gain=6.68835e+08 6.9836e+07 2.58591e+07 1.24293e+07 9.96943e+06 6.60798e+06 1.7027e+07 6.64659e+06 1.17823e+07 5.57255e+06
threshold=2.5000000000000004 9.5000000000000018 15720.833333333334 63.500000000000007 -0.99049576193482802 10.350000000000003 4865.7416666666677 5.5000000000000009 0.66080292876644342 3.5499999999999994
decision_type=2 2 2 2 2 2 2 2 2 2
left_child=-1 -2 3 -3 -5 7 -7 8 -6 -9
right_child=1 2 -4 4 5 6 -8 9 -10 -11
leaf_value=175.38050342362621 -70.300088895813161 -24.301066831531962 45.385375378377418 -28.091823340888041 6.882678394178483 43.750016053619873 -3.1845264275246641 24.461275909271748 -16.542044829373712 1.8650397831632111
leaf_weight=56 37 57 30 30 89 31 51 30 135 292
leaf_count=56 37 57 30 30 89 31 51 30 135 292
internal_value=8.61596 -3.34715 -0.012978 -1.92389 0.0179475 1.36504 14.5906 -0.623523 -7.23596 3.97724
internal_weight=838 782 745 715 658 628 82 546 224 322
internal_count=838 782 745 715 658 628 82 546 224 322
is_linear=0
shrinkage=0.05


Tree=274
num_leaves=11
num_cat=0
split_feature=0 0 24 0 3 4 20 24 6 24
split_gain=6.03736e+08 6.30455e+07 2.33456e+07 1.12197e+07 7.57311e+06 3.88709e+06 1.60573e+07 1.52405e+07 8.97683e+06 2.04564e+06
threshold=2.5000000000000004 9.5000000000000018 15720.833333333334 63.500000000000007 35.400000000000006 1011.9500000000002 5.7874000000000008 3847.2222222222222 4.1500000000000012 4699.0750000000007
decision_type=2 2 2 2 2 2 2 2 2 2
left_child=-1 -2 3 -3 -5 6 -6 -7 -8 -9
right_child=1 2 -4 4 5 7 8 9 -10 -11
leaf_value=166.62710729588798 -66.79456099846935 -23.088141898265448 43.123646084097935 24.516895383537015 -35.136300723258593 35.844708991422088 3.0453834077979121 -12.304911172145273 -17.601932498093944 1.0276154963235891
leaf_weight=56 37 57 30 30 38 32 275 34 65 184
leaf_count=56 37 57 30 30 38 32 275 34 65 184
internal_value=8.18608 -3.17992 -0.0119914 -1.82766 0.0172715 -1.1568 -4.35545 3.67934 -0.905898 -1.05643
internal_weight=838 782 745 715 658 628 378 250 340 218
internal_count=838 782 745 715 658 628 378 250 340 218
is_linear=0
shrinkage=0.05


end of trees

feature_importances:
avg_weight_price_ratio=920
trade_quantity=660
pressure=266
avg_weight_kg=248
wind_speed=205
temp_range=191
water_temp_ratio=156
day_of_year=145
day_of_year_sin=134
humidity=130
day_of_year_cos=124
max_temperature=106
water_temperature=94
temp_humidity=83
min_temperature=76
avg_temperature=59
day_of_week=48
rainfall=43
day_of_week_sin=32
temp_pressure=29
month=28
month_cos=17
day_of_week_cos=16
month_sin=13
spring=5
fall=4
peak_season=2
quarter=1
summer=1

parameters:
[boosting: gbdt]
[objective: regression]
[metric: l1]
[tree_learner: serial]
[device_type: cpu]
[data_sample_strategy: bagging]
[data: ]
[valid: ]
[num_iterations: 500]
[learning_rate: 0.05]
[num_leaves: 31]
[num_threads: 0]
[seed: 42]
[deterministic: 0]
[force_col_wise: 0]
[force_row_wise: 0]
[histogram_pool_size: -1]
[max_depth: 8]
[min_data_in_leaf: 30]
[min_sum_hessian_in_leaf: 0.001]
[bagging_fraction: 0.8]
[pos_bagging_fraction: 1]
[neg_bagging_fraction: 1]
[bagging_freq: 5]
[bagging_seed: 400]
[bagging_by_query: 0]
[feature_fraction: 0.8]
[feature_fraction_bynode: 1]
[feature_fraction_seed: 30056]
[extra_trees: 0]
[extra_seed: 12879]
[early_stopping_round: 0]
[early_stopping_min_delta: 0]
[first_metric_only: 0]
[max_delta_step: 0]
[lambda_l1: 0.1]
[lambda_l2: 0.1]
[linear_lambda: 0]
[min_gain_to_split: 0.05]
[drop_rate: 0.1]
[max_drop: 50]
[skip_drop: 0.5]
[xgboost_dart_mode: 0]
[uniform_drop: 0]
[drop_seed: 17869]
[top_rate: 0.2]
[other_rate: 0.1]
[min_data_per_group: 100]
[max_cat_threshold: 32]
[cat_l2: 10]
[cat_smooth: 10]
[max_cat_to_onehot: 4]
[top_k: 20]
[monotone_constraints: ]
[monotone_constraints_method: basic]
[monotone_penalty: 0]
[feature_contri: ]
[forcedsplits_filename: ]
[refit_decay_rate: 0.9]
[cegb_tradeoff: 1]
[cegb_penalty_split: 0]
[cegb_penalty_feature_lazy: ]
[cegb_penalty_feature_coupled: ]
[path_smooth: 0]
[interaction_constraints: ]
[verbosity: -1]
[saved_feature_importance_type: 0]
[use_quantized_grad: 0]
[num_grad_quant_bins: 4]
[quant_train_renew_leaf: 0]
[stochastic_rounding: 1]
[linear_tree: 0]
[max_bin: 255]
[max_bin_by_feature: ]
[min_data_in_bin: 3]
[bin_construct_sample_cnt: 200000]
[data_random_seed: 175]
[is_enable_sparse: 1]
[enable_bundle: 1]
[use_missing: 1]
[zero_as_missing: 0]
[feature_pre_filter: 1]
[pre_partition: 0]
[two_round: 0]
[header: 0]
[label_column: ]
[weight_column: ]
[group_column: ]
[ignore_column: ]
[categorical_feature: ]
[forcedbins_filename: ]
[precise_float_parser: 0]
[parser_config_file: ]
[objective_seed: 16083]
[num_class: 1]
[is_unbalance: 0]
[scale_pos_weight: 1]
[sigmoid: 1]
[boost_from_average: 1]
[reg_sqrt: 0]
[alpha: 0.9]
[fair_c: 1]
[poisson_max_delta_step: 0.7]
[tweedie_variance_power: 1.5]
[lambdarank_truncation_level: 30]
[lambdarank_norm: 1]
[label_gain: ]
[lambdarank_position_bias_regularization: 0]
[eval_at: ]
[multi_error_top_k: 1]
[auc_mu_weights: ]
[num_machines: 1]
[local_listen_port: 12400]
[time_out: 120]
[machine_list_filename: ]
[machines: ]
[gpu_platform_id: -1]
[gpu_device_id: -1]
[gpu_use_dp: 0]
[num_gpu: 1]

end of parameters

pandas_categorical:[]
