tree
version=v4
num_class=1
num_tree_per_iteration=1
label_index=0
max_feature_idx=30
objective=regression
feature_names=trade_quantity avg_weight_kg water_temperature humidity pressure avg_temperature wind_speed max_temperature min_temperature rainfall month day_of_week is_weekend quarter day_of_year spring summer fall winter peak_season temp_humidity water_temp_ratio month_sin month_cos avg_weight_price_ratio temp_pressure temp_range day_of_year_sin day_of_year_cos day_of_week_sin day_of_week_cos
feature_infos=[1.6000000000000001:3134.5999999999999] [0:1.5] [-0.69999999999999996:26.199999999999999] [20:99.900000000000006] [990:1034.7] [-7.9000000000000004:30.399999999999999] [0.90000000000000002:11.699999999999999] [-5.2999999999999998:35.600000000000001] [-11.300000000000001:27.300000000000001] [0:207.80000000000001] [1:12] [0:5] [0:1] [1:4] [2:364] [0:1] [0:1] [0:1] [0:1] [0:1] [-6.3121:24.270300000000002] [-52.500000000000014:31.500000000000007] [-1:1] [-1:1] [0:7916.6666666666661] [-8.1243600000000011:30.22064] [1.3999999999999986:16.699999999999999] [-0.99999073973619013:0.99991665865473789] [-0.99996295911626554:0.99985183920911624] [-0.97492791218182362:0.97492791218182362] [-0.90096886790241903:1]
tree_sizes=642 658 656 655 573 654 567 658 574 574 663 574 575 656 656 659 661 576 659 657 654 653 574 574 574 659 659 576 660 655 650 648 648 572 573 654 638 656 657 656 651 635 647 650 653 574 656 658 575 657 657 655 652 579 575 572 659 577 652 655 644 644 653 657 655 656 656 558 657 655 655 655 654 652 658 575 649 574 654 574 662 660 661 662 568 740 660 737 657 647 653 656 659 653 659 653 654 655 651 651 657 561 653 652 660 570 572 570 654 573 655 649 576 651 567 578 557 656 651 653 653 656 737 654 654 649 653 655 572 660 552 734 657 651 735 656 658 656 651 657 652 650 652 660 736 725 653 658 639 653 655 652 659 653 651 652 653 656 654 649 638 655 665 657 643 653 656 655 649 650 553 568 549 567 567 656 656 734 651 648 655 656 659 659 660 729 574 639 643 731 660 579 644 656 655 664 661 655 740 654 651 648 651 709 652 650 736 649 733 733 656 652 566 655 653 735 654 654 659 735 660 650 656 653 650 658 661 653 660 661 646 743 659 743 659 571 569 654 651 567 650 570 576 570 569 653 653 659 654 656 654 653 650 654 652 573 575 648 651 573 569 641 574 577

Tree=0
num_leaves=6
num_cat=0
split_feature=24 24 24 1 24
split_gain=1.21034e+09 1.8817e+08 1.24496e+08 1.51501e+08 8.98268e+07
threshold=3791.6666666666674 4675.9250000000002 2902.7777777777778 1.0000000180025095e-35 2115.5555555555561
decision_type=2 2 2 2 2
left_child=2 -2 3 -1 -5
right_child=1 -3 -4 4 -6
leaf_value=5972.361588689605 6026.9326091176436 6108.7389971103812 5982.0069503150626 5891.3506054719128 5940.5647499062716
leaf_weight=63 52 50 64 67 68
leaf_count=63 52 50 64 67 68
internal_value=5979.77 6067.29 5945.63 5933.89 5916
internal_weight=364 102 262 198 135
internal_count=364 102 262 198 135
is_linear=0
shrinkage=1


Tree=1
num_leaves=6
num_cat=0
split_feature=24 24 24 1 24
split_gain=1.13921e+09 1.83924e+08 1.11084e+08 1.51588e+08 7.39874e+07
threshold=3750.0000000000005 4675.9250000000002 2844.4444444444448 1.0000000180025095e-35 2074.0750000000003
decision_type=2 2 2 2 2
left_child=2 -2 3 -1 -5
right_child=1 -3 -4 4 -6
leaf_value=-8.1872703458234604 44.011154690737222 124.12290935053741 -1.9284651501147776 -87.873003499222406 -41.931508268887292
leaf_weight=63 54 50 69 64 64
leaf_count=63 54 50 69 64 64
internal_value=-1.00233 82.7727 -34.5692 -46.3393 -65.0541
internal_weight=364 104 260 191 128
internal_count=364 104 260 191 128
is_linear=0
shrinkage=0.03


Tree=2
num_leaves=6
num_cat=0
split_feature=24 24 24 1 24
split_gain=1.07253e+09 1.66613e+08 1.10863e+08 1.30999e+08 8.37126e+07
threshold=3791.6666666666674 4675.9250000000002 2921.2972222222229 1.0000000180025095e-35 2115.5555555555561
decision_type=2 2 2 2 2
left_child=2 -2 3 -1 -5
right_child=1 -3 -4 4 -6
leaf_value=-7.9428161563240529 43.442997194950252 120.42143106206511 2.3146947844537977 -84.21568357198413 -37.231565117749057
leaf_weight=63 52 50 61 67 71
leaf_count=63 52 50 61 67 71
internal_value=-0.971561 81.4201 -33.1042 -43.8407 -60.176
internal_weight=364 102 262 201 138
internal_count=364 102 262 201 138
is_linear=0
shrinkage=0.03


Tree=3
num_leaves=6
num_cat=0
split_feature=24 24 24 1 24
split_gain=1.00961e+09 1.5066e+08 1.10384e+08 1.21213e+08 8.14063e+07
threshold=3840.2777777777778 4675.9250000000002 2953.702777777778 1.0000000180025095e-35 2115.5555555555561
decision_type=2 2 2 2 2
left_child=2 -2 3 -1 -5
right_child=1 -3 -4 4 -6
leaf_value=-7.7056598894743003 42.885902618954248 116.83033151675883 3.6824678631980112 -81.700477420075686 -35.692372965272746
leaf_weight=63 50 50 61 67 73
leaf_count=63 50 50 61 67 73
internal_value=-0.941506 80.0971 -31.694 -42.3142 -57.8382
internal_weight=364 100 264 203 140
internal_count=364 100 264 203 140
is_linear=0
shrinkage=0.03


Tree=4
num_leaves=5
num_cat=0
split_feature=0 28 29 28
split_gain=1.84129e+08 1.73261e+08 4.08726e+07 3.24639e+07
threshold=622.50000000000011 0.65180241000790706 0.6078576107927941 0.42887605137607665
decision_type=2 2 2 2
left_child=1 2 -1 -2
right_child=3 -3 -4 -5
leaf_value=7.2238721622067334 -43.348921479897946 49.292655180255721 -25.207879228328473 -12.884252772505995
leaf_weight=98 71 84 54 57
leaf_count=98 71 84 54 57
internal_value=-0.912314 14.7977 -4.32483 -29.8445
internal_weight=364 236 152 128
internal_count=364 236 152 128
is_linear=0
shrinkage=0.03


Tree=5
num_leaves=6
num_cat=0
split_feature=24 24 24 1 24
split_gain=1.02085e+09 1.9665e+08 6.79478e+07 1.09863e+08 4.65983e+07
threshold=3643.5194444444446 4787.0361111111115 2680.5555555555561 1.0000000180025095e-35 1976.8527777777779
decision_type=2 2 2 2 2
left_child=2 -2 3 -1 -5
right_child=1 -3 -4 4 -6
leaf_value=-16.036309102754181 37.173263140787519 115.91898436529263 -11.889219362849591 -86.295876285257208 -46.454156096846013
leaf_weight=67 67 50 73 50 59
leaf_count=67 67 50 73 50 59
internal_value=-1.9483 71.0358 -36.2863 -46.368 -64.917
internal_weight=366 117 249 176 109
internal_count=366 117 249 176 109
is_linear=0
shrinkage=0.03


Tree=6
num_leaves=5
num_cat=0
split_feature=28 0 0 27
split_gain=1.43016e+08 8.53155e+07 5.5634e+07 2.94066e+07
threshold=0.54154757264970865 470.35000000000008 532.90000000000009 -0.34964421742355262
decision_type=2 2 2 2
left_child=2 -2 3 -1
right_child=1 -3 -4 -5
leaf_value=13.1832889599828 45.752101222446989 -1.539920334599552 -35.769774065391019 -15.044267294146474
leaf_weight=51 69 68 84 94
leaf_count=51 69 68 84 94
internal_value=-1.89003 22.3265 -16.388 -5.10917
internal_weight=366 137 229 145
internal_count=366 137 229 145
is_linear=0
shrinkage=0.03


Tree=7
num_leaves=6
num_cat=0
split_feature=24 24 24 24 24
split_gain=9.50891e+08 1.82048e+08 6.32396e+07 1.03183e+08 4.35937e+07
threshold=3643.5194444444446 4787.0361111111115 2680.5555555555561 1.0000000180025095e-35 1976.8527777777779
decision_type=2 2 2 2 2
left_child=2 -2 3 -1 -5
right_child=1 -3 -4 4 -6
leaf_value=-15.30623815199241 36.022871989778743 111.79103793256088 -11.437229640435067 -83.353179778749393 -44.819336343028695
leaf_weight=67 67 50 73 50 59
leaf_count=67 67 50 73 50 59
internal_value=-1.83317 68.6056 -34.9737 -44.6998 -62.6758
internal_weight=366 117 249 176 109
internal_count=366 117 249 176 109
is_linear=0
shrinkage=0.03


Tree=8
num_leaves=5
num_cat=0
split_feature=24 24 1 24
split_gain=8.97246e+08 1.21787e+08 6.43966e+07 7.83627e+07
threshold=3962.963888888889 3041.6666666666674 1.0000000180025095e-35 2185.1861111111116
decision_type=2 2 2 2
left_child=1 2 -1 -4
right_child=-2 -3 3 -5
leaf_value=-14.849098416933508 79.721407378448447 8.9521122458918185 -74.345354928956183 -30.344410413903944
leaf_weight=67 91 60 67 81
leaf_count=67 91 60 67 81
internal_value=-1.77835 -28.8049 -39.3396 -50.3739
internal_weight=366 275 215 148
internal_count=366 275 215 148
is_linear=0
shrinkage=0.03


Tree=9
num_leaves=5
num_cat=0
split_feature=24 24 1 24
split_gain=8.44653e+08 1.20202e+08 5.9928e+07 7.55349e+07
threshold=4006.9444444444448 3069.4444444444448 1.0000000180025095e-35 1976.8527777777779
decision_type=2 2 2 2
left_child=1 2 -1 -4
right_child=-2 -3 3 -5
leaf_value=-14.405610874623813 78.519826969091199 9.5850976036345603 -78.650439433710247 -33.292225177684216
leaf_weight=67 89 61 50 99
leaf_count=67 89 61 50 99
internal_value=-1.72576 -27.5657 -38.0562 -48.6406
internal_weight=366 277 216 149
internal_count=366 277 216 149
is_linear=0
shrinkage=0.03


Tree=10
num_leaves=6
num_cat=0
split_feature=28 2 4 2 29
split_gain=1.25548e+08 6.59367e+07 5.35772e+07 4.91864e+07 1.54252e+07
threshold=0.62531791166012562 1.0000000180025095e-35 1019.6500000000002 13.750000000000002 1.0000000180025095e-35
decision_type=2 2 2 2 2
left_child=1 -1 -2 -3 -5
right_child=2 3 -4 4 -6
leaf_value=10.943727689893556 39.824674494951616 -46.059688033952241 0.072104359924437755 -1.1804066729354246 -22.681691180796808
leaf_weight=77 78 54 50 62 58
leaf_count=77 78 54 50 62 58
internal_value=0.186968 -12.1408 24.3329 -22.3577 -11.6034
internal_weight=379 251 128 174 120
internal_count=379 251 128 174 120
is_linear=0
shrinkage=0.03


Tree=11
num_leaves=5
num_cat=0
split_feature=24 24 1 24
split_gain=7.38664e+08 1.17036e+08 9.54595e+07 8.69003e+07
threshold=4069.4444444444448 3194.4444444444448 1.0000000180025095e-35 2115.5555555555561
decision_type=2 2 2 2
left_child=1 2 -1 -4
right_child=-2 -3 3 -5
leaf_value=-4.1485100420157748 78.505624895740652 14.030768860550289 -72.14992444550083 -26.644301706786326
leaf_weight=75 84 63 64 93
leaf_count=75 84 63 64 93
internal_value=0.180906 -22.1788 -32.017 -45.2966
internal_weight=379 295 232 157
internal_count=379 295 232 157
is_linear=0
shrinkage=0.03


Tree=12
num_leaves=5
num_cat=0
split_feature=24 24 24 24
split_gain=6.95864e+08 1.24883e+08 8.9841e+07 8.19156e+07
threshold=4125.0000000000009 3194.4444444444448 1.0000000180025095e-35 2074.0750000000003
decision_type=2 2 2 2
left_child=1 2 -1 -4
right_child=-2 -3 3 -5
leaf_value=-4.0245509011621969 79.853205276430799 14.853009133607276 -70.714848103775836 -26.303809145500125
leaf_weight=75 78 69 62 95
leaf_count=75 78 69 62 95
internal_value=0.17523 -20.5311 -31.0605 -43.9434
internal_weight=379 301 232 157
internal_count=379 301 232 157
is_linear=0
shrinkage=0.03


Tree=13
num_leaves=6
num_cat=0
split_feature=21 0 28 2 21
split_gain=1.23028e+08 9.01581e+07 5.81845e+07 2.95179e+07 4.96946e+06
threshold=0.54024256428486794 494.15000000000003 0.62531791166012562 15.250000000000002 0.89272727272727292
decision_type=2 2 2 2 2
left_child=1 -1 3 -2 -5
right_child=2 -3 -4 4 -6
leaf_value=38.446256149621313 -40.256153419717101 -11.064494646728395 9.8707051370154364 -7.4143110430431207 -20.470099587108695
leaf_weight=97 58 50 68 56 50
leaf_count=97 58 50 68 56 50
internal_value=0.169822 21.6176 -13.4302 -23.092 -13.6132
internal_weight=379 147 232 164 106
internal_count=379 147 232 164 106
is_linear=0
shrinkage=0.03


Tree=14
num_leaves=6
num_cat=0
split_feature=24 24 1 24 24
split_gain=6.47789e+08 1.22866e+08 8.46889e+07 7.68189e+07 1.54228e+07
threshold=4194.4444444444453 3194.4444444444448 1.0000000180025095e-35 1953.7027777777778 2620.369444444445
decision_type=2 2 2 2 2
left_child=1 2 -1 -4 -5
right_child=-2 -3 3 4 -6
leaf_value=-3.6986213787428412 78.946134718936761 14.858143363731035 -72.641592881944447 -39.412492465717612 -16.397152517750779
leaf_weight=75 75 72 51 52 54
leaf_count=75 75 72 51 52 54
internal_value=0.163992 -19.331 -29.947 -42.455 -27.7671
internal_weight=379 304 232 157 106
internal_count=379 304 232 157 106
is_linear=0
shrinkage=0.03


Tree=15
num_leaves=6
num_cat=0
split_feature=24 24 1 24 24
split_gain=5.86494e+08 9.90785e+07 8.21335e+07 6.56097e+07 1.53179e+07
threshold=4069.4444444444448 3125.0000000000005 1.0000000180025095e-35 1938.8888888888889 2574.0750000000003
decision_type=2 2 2 2 2
left_child=1 2 -1 -4 -5
right_child=-2 -3 3 4 -6
leaf_value=-2.3860507015210746 70.437659606553552 10.53020575641364 -70.402950489423432 -39.789228502615728 -16.920603088021977
leaf_weight=65 80 68 51 56 51
leaf_count=65 80 68 51 56 51
internal_value=-1.34741 -21.1344 -30.7912 -42.4501 -28.9671
internal_weight=371 291 223 158 107
internal_count=371 291 223 158 107
is_linear=0
shrinkage=0.03


Tree=16
num_leaves=6
num_cat=0
split_feature=24 24 24 24 24
split_gain=5.53119e+08 1.07145e+08 7.73069e+07 6.17555e+07 1.44426e+07
threshold=4194.4444444444453 3125.0000000000005 1.0000000180025095e-35 1938.8888888888889 2509.2583333333337
decision_type=2 2 2 2 2
left_child=1 2 -1 -4 -5
right_child=-2 -3 3 4 -6
leaf_value=-2.3147978932496049 72.528748411254057 11.533437467172327 -68.303213618763706 -39.643007684004935 -17.437651128684227
leaf_weight=65 73 75 51 51 56
leaf_count=65 73 75 51 51 56
internal_value=-1.30816 -19.4505 -29.8727 -41.1838 -28.1028
internal_weight=371 298 223 158 107
internal_count=371 298 223 158 107
is_linear=0
shrinkage=0.03


Tree=17
num_leaves=5
num_cat=0
split_feature=24 24 1 24
split_gain=5.21625e+08 1.17311e+08 6.97281e+07 6.17486e+07
threshold=4305.5555555555557 3194.4444444444448 1.0000000180025095e-35 2074.0750000000003
decision_type=2 2 2 2
left_child=1 2 -1 -4
right_child=-2 -3 3 -5
leaf_value=-2.2456742424840765 75.711377639186338 14.037546030753417 -61.061395820515656 -23.453384680822261
leaf_weight=65 65 78 67 96
leaf_count=65 65 78 67 96
internal_value=-1.26998 -17.6804 -28.5355 -38.9957
internal_weight=371 306 228 163
internal_count=371 306 228 163
is_linear=0
shrinkage=0.03


Tree=18
num_leaves=6
num_cat=0
split_feature=24 24 1 24 20
split_gain=4.92038e+08 5.23323e+07 9.13531e+07 3.23418e+07 3.32971e+06
threshold=3791.6666666666674 2791.6666666666674 1.0000000180025095e-35 1938.8888888888889 6.1713500000000012
decision_type=2 2 2 2 2
left_child=1 2 -1 -4 -2
right_child=4 -3 3 -5 -6
leaf_value=-2.1786122150625604 61.621148795702354 -2.3658755160007727 -64.444970517521028 -32.960769857192929 49.135733249429208
leaf_weight=65 50 83 51 72 50
leaf_count=65 50 83 51 72 50
internal_value=-1.23181 -22.2206 -30.9685 -46.1403 55.5442
internal_weight=371 271 188 123 100
internal_count=371 271 188 123 100
is_linear=0
shrinkage=0.03


Tree=19
num_leaves=6
num_cat=0
split_feature=24 24 1 24 24
split_gain=4.69543e+08 1.08356e+08 6.20218e+07 5.48961e+07 1.39256e+07
threshold=4398.1472222222228 3194.4444444444448 1.0000000180025095e-35 1938.8888888888889 2574.0750000000003
decision_type=2 2 2 2 2
left_child=1 2 -1 -4 -5
right_child=-2 -3 3 4 -6
leaf_value=-2.1135550803612424 73.94562303864555 13.440493404407782 -62.5229281883909 -35.474077343576539 -14.217634679004947
leaf_weight=65 62 81 51 56 56
leaf_count=65 62 81 51 56 56
internal_value=-1.19464 -16.3285 -26.9081 -36.7733 -24.9123
internal_weight=371 309 228 163 112
internal_count=371 309 228 163 112
is_linear=0
shrinkage=0.03


Tree=20
num_leaves=6
num_cat=0
split_feature=27 3 29 4 27
split_gain=7.18366e+07 3.94772e+07 1.81618e+07 1.11615e+07 7.43637e+06
threshold=0.82876241254485883 51.550000000000004 0.6078576107927941 1012.7500000000001 0.94970904815366264
decision_type=2 2 2 2 2
left_child=1 -1 3 -3 -2
right_child=4 2 -4 -5 -6
leaf_value=28.227201318134099 -30.674813505473889 13.092906711839163 -13.754862457096683 -4.378279524869364 -14.256611208147843
leaf_weight=61 51 86 56 53 50
leaf_count=61 51 86 56 53 50
internal_value=-1.22656 7.22776 0.625391 6.43608 -22.6134
internal_weight=357 256 195 139 101
internal_count=357 256 195 139 101
is_linear=0
shrinkage=0.03


Tree=21
num_leaves=6
num_cat=0
split_feature=0 28 29 28 2
split_gain=9.17007e+07 6.21996e+07 3.62781e+07 1.87869e+07 1.31654e+07
threshold=630.65000000000009 0.76110425866077458 0.6078576107927941 0.51229549877477665 5.8500000000000005
decision_type=2 2 2 2 2
left_child=1 2 4 -2 -1
right_child=3 -3 -4 -5 -6
leaf_value=21.781623930796897 -30.676555608040527 37.245227530714104 -18.358228444404002 -7.0837821940731107 1.4413373205634985
leaf_weight=53 78 57 57 50 62
leaf_count=53 78 57 57 50 62
internal_value=-1.19031 10.1744 1.15397 -21.4988 10.8479
internal_weight=357 229 172 128 115
internal_count=357 229 172 128 115
is_linear=0
shrinkage=0.03


Tree=22
num_leaves=5
num_cat=0
split_feature=24 24 24 24
split_gain=4.43548e+08 7.15628e+07 5.1958e+07 3.66075e+07
threshold=4069.4444444444448 2953.702777777778 1.0000000180025095e-35 2250.0000000000005
decision_type=2 2 2 2
left_child=1 2 -1 -4
right_child=-2 -3 3 -5
leaf_value=-6.4367751252929315 59.475897739955357 5.8578220471646256 -53.288721889784611 -21.985482253171082
leaf_weight=64 83 73 75 62
leaf_count=64 83 73 75 62
internal_value=-1.15449 -19.5656 -28.794 -39.2013
internal_weight=357 274 201 137
internal_count=357 274 201 137
is_linear=0
shrinkage=0.03


Tree=23
num_leaves=5
num_cat=0
split_feature=24 24 24 24
split_gain=4.18998e+08 1.19831e+08 4.03934e+07 4.77827e+07
threshold=4569.4444444444453 3194.4444444444448 1.0000000180025095e-35 2430.5555555555561
decision_type=2 2 2 2
left_child=1 2 -1 -4
right_child=-2 -3 3 -5
leaf_value=-6.2445725254990272 77.339356442044846 15.409413207596726 -49.8864175882034 -16.38152000427246
leaf_weight=64 52 86 84 71
leaf_count=64 52 86 84 71
internal_value=-1.12027 -14.5599 -26.3337 -34.6004
internal_weight=357 305 219 155
internal_count=357 305 219 155
is_linear=0
shrinkage=0.03


Tree=24
num_leaves=5
num_cat=0
split_feature=24 24 1 24
split_gain=3.94992e+08 9.30802e+07 4.16014e+07 3.91423e+07
threshold=4398.1472222222228 3069.4444444444448 1.0000000180025095e-35 2250.0000000000005
decision_type=2 2 2 2
left_child=1 2 -1 -4
right_child=-2 -3 3 -5
leaf_value=-6.0581098514396707 66.899256667006071 11.177139349384468 -50.205799283335409 -19.140081845358694
leaf_weight=64 63 83 75 72
leaf_count=64 63 83 75 72
internal_value=-1.08615 -15.7078 -26.2843 -35.06
internal_weight=357 294 211 147
internal_count=357 294 211 147
is_linear=0
shrinkage=0.03


Tree=25
num_leaves=6
num_cat=0
split_feature=24 24 1 24 24
split_gain=3.86182e+08 1.12615e+08 2.92327e+07 4.25979e+07 6.25963e+06
threshold=4787.0361111111115 3361.1111111111113 1.0000000180025095e-35 2115.5555555555561 2763.8888888888891
decision_type=2 2 2 2 2
left_child=1 2 -1 -4 -5
right_child=-2 -3 3 4 -6
leaf_value=-5.6638659037054042 77.826611672737016 16.642511466152694 -48.550723692803508 -24.753186329335389 -9.7423254755923629
leaf_weight=65 50 91 64 50 51
leaf_count=65 50 91 64 50 51
internal_value=0.532142 -11.5689 -22.738 -29.4416 -17.2248
internal_weight=371 321 230 165 101
internal_count=371 321 230 165 101
is_linear=0
shrinkage=0.03


Tree=26
num_leaves=6
num_cat=0
split_feature=24 24 24 24 24
split_gain=3.63492e+08 1.05988e+08 2.7514e+07 4.04279e+07 9.67216e+06
threshold=4787.0361111111115 3361.1111111111113 1.0000000180025095e-35 1976.8527777777779 2657.4083333333338
decision_type=2 2 2 2 2
left_child=1 2 -1 -4 -5
right_child=-2 -3 3 4 -6
leaf_value=-5.4947307863571382 75.50573882631943 16.144876695655913 -51.028489783952537 -28.243257725644522 -10.704103495701794
leaf_weight=65 50 91 50 52 63
leaf_count=65 50 91 50 52 63
internal_value=0.516315 -11.2238 -22.0593 -28.5629 -18.6878
internal_weight=371 321 230 165 115
internal_count=371 321 230 165 115
is_linear=0
shrinkage=0.03


Tree=27
num_leaves=5
num_cat=0
split_feature=24 24 1 24
split_gain=3.42138e+08 9.97529e+07 2.58975e+07 3.80803e+07
threshold=4787.0361111111115 3361.1111111111113 1.0000000180025095e-35 2458.3333333333335
decision_type=2 2 2 2
left_child=1 2 -1 -4
right_child=-2 -3 3 -5
leaf_value=-5.3306461517661132 73.254077189693874 15.662121988319489 -41.497186559719118 -12.602698508619811
leaf_weight=65 50 91 86 79
leaf_count=65 50 91 86 79
internal_value=0.500731 -10.8894 -21.4013 -27.7109
internal_weight=371 321 230 165
internal_count=371 321 230 165
is_linear=0
shrinkage=0.03


Tree=28
num_leaves=6
num_cat=0
split_feature=24 24 24 24 24
split_gain=3.2203e+08 9.38777e+07 2.43719e+07 3.66419e+07 8.47735e+06
threshold=4787.0361111111115 3361.1111111111113 1.0000000180025095e-35 1976.8527777777779 2657.4083333333338
decision_type=2 2 2 2 2
left_child=1 2 -1 -4 -5
right_child=-2 -3 3 4 -6
leaf_value=-5.1714614321371322 71.069560983707134 15.193802235405911 -48.269275186284631 -26.428234031888767 -10.008213205337524
leaf_weight=65 50 91 50 52 63
leaf_count=65 50 91 50 52 63
internal_value=0.486422 -10.5639 -20.7615 -26.8825 -17.4824
internal_weight=371 321 230 165 115
internal_count=371 321 230 165 115
is_linear=0
shrinkage=0.03


Tree=29
num_leaves=6
num_cat=0
split_feature=24 24 1 24 24
split_gain=3.03112e+08 8.83549e+07 2.294e+07 3.44897e+07 7.97946e+06
threshold=4787.0361111111115 3361.1111111111113 1.0000000180025095e-35 1976.8527777777779 2657.4083333333338
decision_type=2 2 2 2 2
left_child=1 2 -1 -4 -5
right_child=-2 -3 3 4 -6
leaf_value=-5.0170301676307671 68.950191137112867 14.73948583891201 -46.829833297577814 -25.639934829471215 -9.709389795375662
leaf_weight=65 50 91 50 52 63
leaf_count=65 50 91 50 52 63
internal_value=0.47174 -10.2491 -20.1422 -26.0807 -16.9608
internal_weight=371 321 230 165 115
internal_count=371 321 230 165 115
is_linear=0
shrinkage=0.03


Tree=30
num_leaves=6
num_cat=0
split_feature=0 28 4 27 11
split_gain=5.67098e+07 3.62274e+07 2.85906e+07 1.43908e+07 1.02298e+07
threshold=622.50000000000011 0.78298010367706283 1010.7500000000001 -0.183996647784403 3.5000000000000004
decision_type=2 2 2 2 2
left_child=1 2 3 -1 -2
right_child=4 -3 -4 -5 -6
leaf_value=24.046198880580246 -21.262519452809361 31.11419460596214 -11.805081920652121 2.9560213546391347 -4.0252470570084693
leaf_weight=54 77 57 67 63 52
leaf_count=54 77 57 67 63 52
internal_value=1.69339 10.2826 3.78916 12.7266 -14.3397
internal_weight=370 241 184 117 129
internal_count=370 241 184 117 129
is_linear=0
shrinkage=0.03


Tree=31
num_leaves=6
num_cat=0
split_feature=0 28 5 7 6
split_gain=5.33739e+07 3.40971e+07 2.49902e+07 9.61103e+06 8.51583e+06
threshold=622.50000000000011 0.78298010367706283 22.050000000000004 20.350000000000005 2.9500000000000006
decision_type=2 2 2 2 2
left_child=1 2 3 -1 -2
right_child=4 -3 -4 -5 -6
leaf_value=3.3610183624225947 -5.071099834645409 30.185655573500387 20.124075083308195 -13.295449268067083 -20.644125670345872
leaf_weight=73 56 57 57 54 73
leaf_count=73 56 57 57 54 73
internal_value=1.6431 9.97587 3.67623 -3.73583 -13.9113
internal_weight=370 241 184 127 129
internal_count=370 241 184 127 129
is_linear=0
shrinkage=0.03


Tree=32
num_leaves=6
num_cat=0
split_feature=27 3 4 11 21
split_gain=3.5795e+07 2.48297e+07 1.25747e+07 9.0738e+06 7.22428e+06
threshold=0.7206604759859373 52.250000000000007 1010.0500000000001 2.5000000000000004 0.84469876099498731
decision_type=2 2 2 2 2
left_child=1 -1 3 -3 -2
right_child=4 2 -4 -5 -6
leaf_value=25.775012020294028 -17.677404333812824 1.4691186924402226 -5.564644615743509 19.186497088331826 -3.1855387455904034
leaf_weight=56 71 54 84 50 55
leaf_count=56 71 54 84 50 55
internal_value=1.59417 8.29675 3.05764 10.0179 -11.3743
internal_weight=370 244 188 104 126
internal_count=370 244 188 104 126
is_linear=0
shrinkage=0.03


Tree=33
num_leaves=5
num_cat=0
split_feature=24 24 1 24
split_gain=2.72233e+08 6.28611e+07 5.73239e+07 3.91438e+07
threshold=4569.4444444444453 3398.1472222222224 1.0000000180025095e-35 2430.5555555555561
decision_type=2 2 2 2
left_child=1 2 -1 -4
right_child=-2 -3 3 -5
leaf_value=7.6328272671429342 66.429089202577501 14.15946357670745 -40.91902784388423 -12.311675510036233
leaf_weight=65 50 81 79 95
leaf_count=65 50 81 79 95
internal_value=1.54683 -8.64372 -16.3801 -25.3482
internal_weight=370 320 239 174
internal_count=370 320 239 174
is_linear=0
shrinkage=0.03


Tree=34
num_leaves=5
num_cat=0
split_feature=24 24 1 24
split_gain=2.56234e+08 5.91592e+07 5.39489e+07 3.68397e+07
threshold=4569.4444444444453 3398.1472222222224 1.0000000180025095e-35 2430.5555555555561
decision_type=2 2 2 2
left_child=1 2 -1 -4
right_child=-2 -3 3 -5
leaf_value=7.4048940114697492 64.44810222405799 13.736246985157477 -39.696100949531548 -11.943487985446845
leaf_weight=65 50 81 79 95
leaf_count=65 50 81 79 95
internal_value=1.50127 -8.38529 -15.8904 -24.5905
internal_weight=370 320 239 174
internal_count=370 320 239 174
is_linear=0
shrinkage=0.03


Tree=35
num_leaves=6
num_cat=0
split_feature=21 0 27 11 14
split_gain=4.2004e+07 3.52024e+07 2.14342e+07 1.11198e+07 5.4017e+06
threshold=0.54024256428486794 470.35000000000008 0.83354805289222267 1.5000000000000002 248.00000000000003
decision_type=2 2 2 2 2
left_child=1 -1 3 -2 -5
right_child=2 -3 -4 4 -6
leaf_value=25.361128206728306 -10.994534432556781 -5.9849051537333624 -19.607697988287651 11.468090281740061 -1.8904738260012621
leaf_weight=90 58 50 76 58 51
leaf_count=90 58 50 76 58 51
internal_value=1.10514 14.1772 -6.43423 -0.414662 5.22964
internal_weight=383 140 243 167 109
internal_count=383 140 243 167 109
is_linear=0
shrinkage=0.03


Tree=36
num_leaves=6
num_cat=0
split_feature=27 8 2 4 11
split_gain=3.8994e+07 2.52257e+07 1.38332e+07 9.38241e+06 5.84178e+06
threshold=0.74981945761428193 1.5000000000000002 5.6500000000000012 1010.85 2.5000000000000004
decision_type=2 2 2 2 2
left_child=1 -1 -3 -4 -2
right_child=4 2 3 -5 -6
leaf_value=26.392483287117045 -18.209392344912658 13.772804421089791 4.7207133763147135 -11.666729323712673 -5.6585842344558976
leaf_weight=53 67 70 68 58 67
leaf_count=53 67 70 68 58 67
internal_value=1.07195 8.0915 3.10995 -2.83244 -11.9607
internal_weight=383 249 196 126 134
internal_count=383 249 196 126 134
is_linear=0
shrinkage=0.03


Tree=37
num_leaves=6
num_cat=0
split_feature=24 24 1 24 24
split_gain=2.3814e+08 5.90755e+07 2.64514e+07 4.18247e+07 1.18653e+07
threshold=3643.5194444444446 4787.0361111111115 1.0000000180025095e-35 1953.7027777777778 2763.8888888888891
decision_type=2 2 2 2 2
left_child=2 -2 -1 -4 -5
right_child=1 -3 3 4 -6
leaf_value=1.4722132728902084 16.876711979634631 58.550966692339642 -44.151250856633773 -21.510407830605775 -4.2701609675437808
leaf_weight=63 71 54 51 69 75
leaf_count=63 71 54 51 69 75
internal_value=1.04001 34.9771 -15.4239 -20.8766 -12.5587
internal_weight=383 125 258 195 144
internal_count=383 125 258 195 144
is_linear=0
shrinkage=0.03


Tree=38
num_leaves=6
num_cat=0
split_feature=24 24 1 24 24
split_gain=2.24526e+08 3.13179e+07 3.23543e+07 2.96974e+07 5.93106e+06
threshold=4069.4444444444448 3194.4444444444448 1.0000000180025095e-35 1953.7027777777778 2509.2583333333337
decision_type=2 2 2 2 2
left_child=1 2 -1 -4 -5
right_child=-2 -3 3 4 -6
leaf_value=1.4282565199142383 41.208967038717908 8.0151143697565868 -42.83445937128792 -23.308070736348512 -9.6841769045875186
leaf_weight=63 94 56 51 50 69
leaf_count=63 94 56 51 50 69
internal_value=1.00897 -12.0956 -16.9332 -23.7283 -15.4528
internal_weight=383 289 233 170 119
internal_count=383 289 233 170 119
is_linear=0
shrinkage=0.03


Tree=39
num_leaves=6
num_cat=0
split_feature=24 24 8 24 27
split_gain=2.11309e+08 5.44387e+07 2.44073e+07 2.74867e+07 9.22152e+06
threshold=3643.5194444444446 4787.0361111111115 16.050000000000004 2509.2583333333337 0.74981945761428193
decision_type=2 2 2 2 2
left_child=2 -2 3 4 -1
right_child=1 -3 -4 -5 -6
leaf_value=-19.264524972054879 15.574436898465576 55.574703171872301 0.59175410461968414 -5.5598593687912237 -36.558998996510226
leaf_weight=50 71 54 70 72 66
leaf_count=50 71 54 70 72 66
internal_value=0.978111 32.9463 -14.5306 -20.1533 -29.1735
internal_weight=383 125 258 188 116
internal_count=383 125 258 188 116
is_linear=0
shrinkage=0.03


Tree=40
num_leaves=6
num_cat=0
split_feature=24 24 8 24 20
split_gain=1.98907e+08 4.76561e+07 3.8473e+07 2.74606e+07 8.91922e+06
threshold=3620.369444444445 4675.9250000000002 17.950000000000003 2509.2583333333337 7.3655000000000017
decision_type=2 2 2 2 2
left_child=2 -2 3 4 -1
right_child=1 -3 -4 -5 -6
leaf_value=-37.219989197090115 13.924360842812655 52.35384169857543 7.4506554191392178 -5.8871859137073361 -21.807228110595638
leaf_weight=68 66 52 50 66 71
leaf_count=68 66 52 50 66 71
internal_value=-1.20877 30.9493 -16.1087 -21.8574 -29.4113
internal_weight=373 118 255 205 139
internal_count=373 118 255 205 139
is_linear=0
shrinkage=0.03


Tree=41
num_leaves=6
num_cat=0
split_feature=24 24 8 24 2
split_gain=1.8721e+08 4.48568e+07 3.62099e+07 2.58445e+07 7.833e+06
threshold=3620.369444444445 4675.9250000000002 17.950000000000003 2509.2583333333337 12.9
decision_type=2 2 2 2 2
left_child=2 -2 3 4 -1
right_child=1 -3 -4 -5 -6
leaf_value=-34.592428934864451 13.508520188137418 50.792236219737994 7.2284686425286786 -5.7113694588846746 -19.935471039996138
leaf_weight=81 66 52 50 66 58
leaf_count=81 66 52 50 66 58
internal_value=-1.17229 30.0258 -15.6274 -21.2045 -28.5327
internal_weight=373 118 255 205 139
internal_count=373 118 255 205 139
is_linear=0
shrinkage=0.03


Tree=42
num_leaves=6
num_cat=0
split_feature=24 24 8 24 20
split_gain=1.762e+08 4.22219e+07 3.40797e+07 2.43231e+07 8.21634e+06
threshold=3620.369444444445 4675.9250000000002 17.950000000000003 2509.2583333333337 7.3655000000000017
decision_type=2 2 2 2 2
left_child=2 -2 3 4 -1
right_child=1 -3 -4 -5 -6
leaf_value=-35.171648179329331 13.105098284294163 49.277209604237775 7.0129076673022332 -5.540803667301506 -20.387539406090262
leaf_weight=68 66 52 50 66 71
leaf_count=68 66 52 50 66 71
internal_value=-1.13685 29.13 -15.1605 -20.571 -27.6803
internal_weight=373 118 255 205 139
internal_count=373 118 255 205 139
is_linear=0
shrinkage=0.03


Tree=43
num_leaves=6
num_cat=0
split_feature=24 24 8 24 6
split_gain=1.65838e+08 3.97417e+07 3.2075e+07 2.28917e+07 7.60115e+06
threshold=3620.369444444445 4675.9250000000002 17.950000000000003 2509.2583333333337 2.9500000000000006
decision_type=2 2 2 2 2
left_child=2 -2 3 4 -1
right_child=1 -3 -4 -5 -6
leaf_value=-19.101360081602959 12.713724268863645 47.807373405296076 6.803775477475722 -5.3753317454066218 -33.366030122065446
leaf_weight=64 66 52 50 66 75
leaf_count=64 66 52 50 66 75
internal_value=-1.10254 28.2608 -14.7076 -19.9566 -26.8535
internal_weight=373 118 255 205 139
internal_count=373 118 255 205 139
is_linear=0
shrinkage=0.03


Tree=44
num_leaves=6
num_cat=0
split_feature=24 24 4 24 24
split_gain=1.56085e+08 3.74073e+07 3.09268e+07 2.54715e+07 7.25113e+06
threshold=3620.369444444445 4675.9250000000002 1002.9000000000001 1847.2222222222224 2731.4805555555558
decision_type=2 2 2 2 2
left_child=2 -2 -1 -4 -5
right_child=1 -3 3 4 -6
leaf_value=6.5962137054699905 12.334038545082059 46.381379239755198 -32.934743916010945 -17.834792486817129 -3.4057709612050302
leaf_weight=51 66 52 78 67 59
leaf_count=51 66 52 78 67 59
internal_value=-1.06924 27.4176 -14.2681 -19.4863 -11.1026
internal_weight=373 118 255 204 126
internal_count=373 118 255 204 126
is_linear=0
shrinkage=0.03


Tree=45
num_leaves=5
num_cat=0
split_feature=24 24 1 24
split_gain=1.70586e+08 3.07129e+07 4.08893e+07 2.48478e+07
threshold=4305.5555555555557 3069.4444444444448 1.0000000180025095e-35 1938.8888888888889
decision_type=2 2 2 2
left_child=1 2 -1 -4
right_child=-2 -3 3 -5
leaf_value=4.0339060679374796 42.684435270805956 5.7747990053789726 -41.35524189943348 -15.237134257343326
leaf_weight=67 70 87 50 96
leaf_count=67 70 87 50 96
internal_value=0.617966 -9.23035 -15.3588 -24.2482
internal_weight=370 300 213 146
internal_count=370 300 213 146
is_linear=0
shrinkage=0.03


Tree=46
num_leaves=6
num_cat=0
split_feature=24 24 1 24 24
split_gain=1.61979e+08 3.85801e+07 3.33395e+07 2.88354e+07 4.96573e+06
threshold=4569.4444444444453 3361.1111111111113 1.0000000180025095e-35 1938.8888888888889 2680.5555555555561
decision_type=2 2 2 2 2
left_child=1 2 -1 -4 -5
right_child=-2 -3 3 4 -6
leaf_value=3.9134287095317877 48.46715113929622 9.7770609827482833 -40.121984449504147 -18.888343408594242 -6.3799593404766517
leaf_weight=67 54 84 50 59 56
leaf_count=67 54 84 50 59 56
internal_value=0.599328 -7.6188 -13.9218 -21.158 -12.8298
internal_weight=370 316 232 165 115
internal_count=370 316 232 165 115
is_linear=0
shrinkage=0.03


Tree=47
num_leaves=6
num_cat=0
split_feature=24 24 1 24 24
split_gain=1.52538e+08 3.84387e+07 3.13797e+07 2.71419e+07 4.67367e+06
threshold=4675.9250000000002 3361.1111111111113 1.0000000180025095e-35 1938.8888888888889 2680.5555555555561
decision_type=2 2 2 2 2
left_child=1 2 -1 -4 -5
right_child=-2 -3 3 4 -6
leaf_value=3.7965492171447668 48.598158989844968 9.8480189284753976 -38.925503714771914 -18.324559840802195 -6.189580453491339
leaf_weight=67 51 87 50 59 56
leaf_count=67 51 87 50 59 56
internal_value=0.581269 -7.13383 -13.5066 -20.5269 -12.4469
internal_weight=370 319 232 165 115
internal_count=370 319 232 165 115
is_linear=0
shrinkage=0.03


Tree=48
num_leaves=5
num_cat=0
split_feature=0 15 21 21
split_gain=3.80681e+07 2.1145e+07 1.71166e+07 4.50493e+06
threshold=622.50000000000011 1.0000000180025095e-35 0.54024256428486794 0.84250992063492081
decision_type=2 2 2 2
left_child=1 2 -1 -2
right_child=3 -3 -4 -5
leaf_value=23.146222290236128 -16.965296060283311 -7.4246304161358037 4.3766774973307676 -5.7467960013123651
leaf_weight=81 77 61 95 56
leaf_count=81 77 61 95 56
internal_value=0.563801 7.76972 13.0397 -12.2653
internal_weight=370 237 176 133
internal_count=370 237 176 133
is_linear=0
shrinkage=0.03


Tree=49
num_leaves=6
num_cat=0
split_feature=24 24 1 24 24
split_gain=1.41818e+08 3.41321e+07 3.37654e+07 2.04654e+07 3.06436e+06
threshold=4569.4444444444453 3069.4444444444448 1.0000000180025095e-35 1938.8888888888889 3750.0000000000005
decision_type=2 2 2 2 2
left_child=1 2 -1 -4 -3
right_child=-2 4 3 -5 -6
leaf_value=3.6299609227626854 45.336635600242829 1.6759103385591603 -37.596313869711416 -13.892485088633599 12.027129385055343
leaf_weight=67 54 50 50 96 53
leaf_count=67 54 50 50 96 53
internal_value=0.546822 -7.14285 -13.9927 -22.0707 7.02181
internal_weight=370 316 213 146 103
internal_count=370 316 213 146 103
is_linear=0
shrinkage=0.03


Tree=50
num_leaves=6
num_cat=0
split_feature=24 24 1 24 24
split_gain=1.169e+08 2.74763e+07 3.02728e+07 1.71964e+07 3.81473e+06
threshold=4787.0361111111115 3361.1111111111113 1.0000000180025095e-35 1938.8888888888889 2680.5555555555561
decision_type=2 2 2 2 2
left_child=1 2 -1 -4 -5
right_child=-2 -3 3 4 -6
leaf_value=5.9112765340217486 42.111901799531012 8.6624397661311416 -32.943983300638479 -16.772913649257642 -5.9711291916010261
leaf_weight=63 51 78 51 69 52
leaf_count=63 51 78 51 69 52
internal_value=0.132048 -6.74187 -11.8593 -18.3674 -12.1571
internal_weight=364 313 235 172 121
internal_count=364 313 235 172 121
is_linear=0
shrinkage=0.03


Tree=51
num_leaves=6
num_cat=0
split_feature=24 24 1 24 24
split_gain=1.10031e+08 2.586e+07 2.84927e+07 1.61866e+07 3.60312e+06
threshold=4787.0361111111115 3361.1111111111113 1.0000000180025095e-35 1938.8888888888889 2574.0750000000003
decision_type=2 2 2 2 2
left_child=1 2 -1 -4 -5
right_child=-2 -3 3 4 -6
leaf_value=5.7347789290730988 40.855932349600984 8.4035622456795398 -31.961443308333905 -17.00516535972481 -6.6102219506889144
leaf_weight=63 51 78 51 60 61
leaf_count=63 51 78 51 60 61
internal_value=0.12811 -6.54079 -11.5055 -17.8193 -11.7941
internal_weight=364 313 235 172 121
internal_count=364 313 235 172 121
is_linear=0
shrinkage=0.03


Tree=52
num_leaves=6
num_cat=0
split_feature=14 14 11 8 25
split_gain=1.87128e+07 1.98026e+07 1.08861e+07 1.04813e+07 5.67707e+06
threshold=44.000000000000007 196.00000000000003 3.5000000000000004 16.150000000000002 16.796725000000006
decision_type=2 2 2 2 2
left_child=-1 2 4 -3 -2
right_child=1 3 -4 -5 -6
leaf_value=16.73218984364096 -8.3869011965373108 -0.44401726071287889 2.0837733701842924 16.9091968854142 -21.335697161005346
leaf_weight=52 71 83 54 50 54
leaf_count=52 71 83 54 50 54
internal_value=0.124252 -2.65712 -9.16545 6.10305 -14.0185
internal_weight=364 312 179 133 125
internal_count=364 312 179 133 125
is_linear=0
shrinkage=0.03


Tree=53
num_leaves=5
num_cat=0
split_feature=28 5 21 21
split_gain=1.98743e+07 1.86638e+07 5.09982e+06 1.74025e+07
threshold=0.76110425866077458 22.050000000000004 1.0000000180025095e-35 0.80743812258036474
decision_type=2 2 2 2
left_child=1 2 -1 -4
right_child=-2 -3 3 -5
leaf_value=-0.91940800151530511 11.894764619769228 10.064687521476211 -25.748473538195871 -3.9877282962622647
leaf_weight=58 95 64 50 97
leaf_count=58 95 64 50 97
internal_value=0.120661 -4.04606 -8.45969 -11.4268
internal_weight=364 269 205 147
internal_count=364 269 205 147
is_linear=0
shrinkage=0.03


Tree=54
num_leaves=5
num_cat=0
split_feature=28 5 21 21
split_gain=1.87041e+07 1.75661e+07 4.8e+06 1.63806e+07
threshold=0.76110425866077458 22.050000000000004 1.0000000180025095e-35 0.80743812258036474
decision_type=2 2 2 2
left_child=1 2 -1 -4
right_child=-2 -3 3 -5
leaf_value=-0.89196786661295302 11.539044934539954 9.7641553952349103 -24.980626444048717 -3.8684654390309601
leaf_weight=58 95 64 50 97
leaf_count=58 95 64 50 97
internal_value=0.116825 -3.92537 -8.20724 -11.0858
internal_weight=364 269 205 147
internal_count=364 269 205 147
is_linear=0
shrinkage=0.03


Tree=55
num_leaves=5
num_cat=0
split_feature=24 24 1 24
split_gain=1.0698e+08 1.62951e+07 2.30085e+07 1.33674e+07
threshold=4125.0000000000009 2921.2972222222229 1.0000000180025095e-35 1953.7027777777778
decision_type=2 2 2 2
left_child=1 2 -1 -4
right_child=-2 -3 3 -5
leaf_value=1.4948834998359508 31.201785887534463 2.4786884198239689 -32.201924777560762 -13.006422365277455
leaf_weight=66 76 84 51 92
leaf_count=66 76 84 51 92
internal_value=-0.443198 -8.675 -13.155 -19.9055
internal_weight=369 293 209 143
internal_count=369 293 209 143
is_linear=0
shrinkage=0.03


Tree=56
num_leaves=6
num_cat=0
split_feature=24 24 1 24 24
split_gain=1.00723e+08 1.92157e+07 1.94896e+07 1.48604e+07 1.52234e+06
threshold=4305.5555555555557 3069.4444444444448 1.0000000180025095e-35 1953.7027777777778 2574.0750000000003
decision_type=2 2 2 2 2
left_child=1 2 -1 -4 -5
right_child=-2 -3 3 4 -6
leaf_value=1.4502396713878234 33.377756503690804 4.8169906286999753 -31.241516507689717 -14.915169843873588 -7.6299703817196924
leaf_weight=66 65 81 51 56 50
leaf_count=66 65 81 51 56 50
internal_value=-0.430145 -7.68462 -12.226 -17.9671 -11.5101
internal_weight=369 304 223 157 106
internal_count=369 304 223 157 106
is_linear=0
shrinkage=0.03


Tree=57
num_leaves=5
num_cat=0
split_feature=24 24 24 24
split_gain=9.49528e+07 1.44286e+07 2.04028e+07 1.18232e+07
threshold=4125.0000000000009 2921.2972222222229 1.0000000180025095e-35 1953.7027777777778
decision_type=2 2 2 2
left_child=1 2 -1 -4
right_child=-2 -3 3 -5
leaf_value=1.4069293420023508 29.395543598360032 2.3226103303525791 -30.309752047800878 -12.256741175915025
leaf_weight=66 76 84 51 92
leaf_count=66 76 84 51 92
internal_value=-0.417585 -8.17287 -12.3885 -18.7453
internal_weight=369 293 209 143
internal_count=369 293 209 143
is_linear=0
shrinkage=0.03


Tree=58
num_leaves=6
num_cat=0
split_feature=21 14 28 6 5
split_gain=1.39975e+07 1.06861e+07 8.53e+06 4.96973e+06 3.53908e+06
threshold=0.55197994176641874 174.00000000000003 0.62531791166012562 3.2500000000000004 18.350000000000005
decision_type=2 2 2 2 2
left_child=1 -1 3 4 -2
right_child=2 -3 -4 -5 -6
leaf_value=0.43880298220814334 -10.076964386623375 17.517141607295084 3.9935113069916892 -15.220699501579972 1.1871534763889806
leaf_weight=84 50 54 68 63 50
leaf_count=84 50 54 68 63 50
internal_value=-0.405286 7.1452 -4.91942 -8.63826 -4.45811
internal_weight=369 138 231 163 100
internal_count=369 138 231 163 100
is_linear=0
shrinkage=0.03


Tree=59
num_leaves=6
num_cat=0
split_feature=24 24 4 24 29
split_gain=8.93371e+07 2.24945e+07 1.79698e+07 1.22146e+07 372759
threshold=4569.4444444444453 3069.4444444444448 1005.2500000000001 1564.8138888888891 1.0000000180025095e-35
decision_type=2 2 2 2 2
left_child=1 2 -1 -4 -5
right_child=-2 -3 3 4 -6
leaf_value=1.8037413974779488 36.768062384247067 5.8819419172174099 -28.003688578181244 -12.461179905718531 -8.6478837556630435
leaf_weight=65 50 96 57 51 50
leaf_count=65 50 96 57 51 50
internal_value=-0.393178 -6.24692 -11.4692 -16.9228 -10.6047
internal_weight=369 319 223 158 101
internal_count=369 319 223 158 101
is_linear=0
shrinkage=0.03


Tree=60
num_leaves=6
num_cat=0
split_feature=24 24 20 24 24
split_gain=8.33986e+07 1.74215e+07 1.52591e+07 8.09271e+06 2.32649e+06
threshold=4675.9250000000002 3361.1111111111113 15.3256 1731.4805555555556 2574.0750000000003
decision_type=2 2 2 2 2
left_child=1 2 3 -1 -5
right_child=-2 -3 -4 4 -6
leaf_value=-21.272514256185989 35.191007415456575 6.1182982497854335 4.9021541234066612 -12.41405386604708 -3.5983913976392499
leaf_weight=74 53 87 51 59 50
leaf_count=74 53 87 51 59 50
internal_value=0.437027 -5.32864 -9.58698 -13.6264 -8.39123
internal_weight=374 321 234 183 109
internal_count=374 321 234 183 109
is_linear=0
shrinkage=0.03


Tree=61
num_leaves=6
num_cat=0
split_feature=24 24 20 24 24
split_gain=7.84964e+07 1.6396e+07 1.43616e+07 7.61595e+06 2.18962e+06
threshold=4675.9250000000002 3361.1111111111113 15.3256 1731.4805555555556 2574.0750000000003
decision_type=2 2 2 2 2
left_child=1 2 3 -1 -5
right_child=-2 -3 -4 4 -6
leaf_value=-20.636915447907683 34.141219831112402 5.9353800506362395 4.7559495999520278 -12.043516301481558 -3.4910834899432142
leaf_weight=74 53 87 51 59 50
leaf_count=74 53 87 51 59 50
internal_value=0.424131 -5.16952 -9.30061 -13.2194 -8.14081
internal_weight=374 321 234 183 109
internal_count=374 321 234 183 109
is_linear=0
shrinkage=0.03


Tree=62
num_leaves=6
num_cat=0
split_feature=24 24 1 24 24
split_gain=7.38824e+07 1.54308e+07 1.43793e+07 1.0841e+07 2.545e+06
threshold=4675.9250000000002 3361.1111111111113 1.0000000180025095e-35 2009.2583333333334 2763.8888888888891
decision_type=2 2 2 2 2
left_child=1 2 -1 -4 -5
right_child=-2 -3 3 4 -6
leaf_value=2.127089100438035 33.122748310454114 5.7579305403257157 -25.230561150209851 -12.90498458273415 -3.7457599290880599
leaf_weight=72 53 87 52 58 52
leaf_count=72 53 87 52 58 52
internal_value=0.411614 -5.01515 -9.0228 -13.9731 -8.59722
internal_weight=374 321 234 162 110
internal_count=374 321 234 162 110
is_linear=0
shrinkage=0.03


Tree=63
num_leaves=6
num_cat=0
split_feature=24 24 24 24 24
split_gain=6.95405e+07 1.45231e+07 1.3534e+07 1.0204e+07 2.39531e+06
threshold=4675.9250000000002 3361.1111111111113 1.0000000180025095e-35 2009.2583333333334 2763.8888888888891
decision_type=2 2 2 2 2
left_child=1 2 -1 -4 -5
right_child=-2 -3 3 4 -6
leaf_value=2.0635413218138128 32.134658875492235 5.585786197095393 -24.477986163363628 -12.519827258337424 -3.6340317805638507
leaf_weight=72 53 87 52 58 52
leaf_count=72 53 87 52 58 52
internal_value=0.399244 -4.86564 -8.75365 -13.5563 -8.34066
internal_weight=374 321 234 162 110
internal_count=374 321 234 162 110
is_linear=0
shrinkage=0.03


Tree=64
num_leaves=6
num_cat=0
split_feature=21 27 28 2 4
split_gain=1.03262e+07 1.05569e+07 1.00806e+07 1.40315e+07 3.34147e+06
threshold=0.54024256428486794 -0.15005400879207767 0.62531791166012562 15.050000000000002 1008.5500000000001
decision_type=2 2 2 2 2
left_child=1 -1 3 -2 -5
right_child=2 -3 -4 4 -6
leaf_value=17.268141021006102 -20.692683693233288 0.48742256266324258 5.7950387500746894 3.4476968954299738 -7.1384195928057741
leaf_weight=53 51 92 71 56 51
leaf_count=53 51 92 71 56 51
internal_value=0.387246 6.64412 -3.578 -7.79299 -1.60379
internal_weight=374 145 229 158 107
internal_count=374 145 229 158 107
is_linear=0
shrinkage=0.03


Tree=65
num_leaves=6
num_cat=0
split_feature=24 1 24 24 24
split_gain=7.33716e+07 1.62234e+07 2.97073e+07 5.62045e+06 4.18882e+06
threshold=4675.9250000000002 1.0000000180025095e-35 2680.5555555555561 1953.7027777777778 3620.369444444445
decision_type=2 2 2 2 2
left_child=1 -1 3 -3 -4
right_child=-2 2 4 -5 -6
leaf_value=9.6073849650749352 34.453042989679773 -25.783075626090465 -3.1798835284774705 -12.113307684601756 6.9784322857134278
leaf_weight=64 52 55 77 55 69
leaf_count=64 52 55 77 55 69
internal_value=1.50892 -3.87173 -7.24884 -18.9998 1.62537
internal_weight=372 320 256 110 146
internal_count=372 320 256 110 146
is_linear=0
shrinkage=0.03


Tree=66
num_leaves=6
num_cat=0
split_feature=24 1 24 24 24
split_gain=6.90599e+07 1.52694e+07 2.79778e+07 6.16046e+06 3.22768e+06
threshold=4675.9250000000002 1.0000000180025095e-35 2791.6666666666674 1953.7027777777778 3620.369444444445
decision_type=2 2 2 2 2
left_child=1 -1 3 -3 -4
right_child=-2 2 4 -5 -6
leaf_value=9.3205081164892505 33.425379830354942 -25.013779422016729 -2.4219179829392217 -11.242946033210814 6.7699855311401995
leaf_weight=64 52 55 68 64 69
leaf_count=64 52 55 68 64 69
internal_value=1.46389 -3.75627 -7.03258 -17.6546 2.21219
internal_weight=372 320 256 119 137
internal_count=372 320 256 119 137
is_linear=0
shrinkage=0.03


Tree=67
num_leaves=5
num_cat=0
split_feature=0 21 11 4
split_gain=1.7459e+07 1.79231e+07 7.53228e+06 3.68237e+06
threshold=470.35000000000008 0.54024256428486794 3.5000000000000004 1009.85
decision_type=2 2 2 2
left_child=1 -1 -2 -3
right_child=2 3 -4 -5
leaf_value=17.580708912057091 -11.871328961632953 5.6905845427556248 1.2672977079334504 -4.5938054918550364
leaf_weight=86 89 55 70 72
leaf_count=86 89 55 70 72
internal_value=1.42024 7.03128 -6.09548 -0.136951
internal_weight=372 213 159 127
internal_count=372 213 159 127
is_linear=0
shrinkage=0.03


Tree=68
num_leaves=6
num_cat=0
split_feature=24 1 24 24 24
split_gain=6.40309e+07 1.43631e+07 2.61514e+07 4.95438e+06 3.64198e+06
threshold=4675.9250000000002 1.0000000180025095e-35 2680.5555555555561 1953.7027777777778 3509.2583333333337
decision_type=2 2 2 2 2
left_child=1 -1 3 -3 -4
right_child=-2 2 4 -5 -6
leaf_value=9.0341259254230124 32.153589785960612 -24.220231285854013 -3.5663496662687244 -11.385764621369017 5.9136521095334347
leaf_weight=64 52 55 68 55 78
leaf_count=64 52 55 68 55 78
internal_value=1.37782 -3.64864 -6.82623 -17.8515 1.49999
internal_weight=372 320 256 110 146
internal_count=372 320 256 110 146
is_linear=0
shrinkage=0.03


Tree=69
num_leaves=6
num_cat=0
split_feature=24 1 24 24 24
split_gain=6.02682e+07 1.35185e+07 2.46228e+07 5.43154e+06 2.79446e+06
threshold=4675.9250000000002 1.0000000180025095e-35 2791.6666666666674 1953.7027777777778 3620.369444444445
decision_type=2 2 2 2 2
left_child=1 -1 3 -3 -4
right_child=-2 2 4 -5 -6
leaf_value=8.7643666336510453 31.194515605656637 -23.497566333942345 -2.2616771703722884 -10.566921439934667 6.2911113394596878
leaf_weight=64 52 55 68 64 69
leaf_count=64 52 55 68 64 69
internal_value=1.33668 -3.53986 -6.62261 -16.5874 2.0502
internal_weight=372 320 256 119 137
internal_count=372 320 256 119 137
is_linear=0
shrinkage=0.03


Tree=70
num_leaves=6
num_cat=0
split_feature=21 0 28 3 4
split_gain=2.04524e+07 1.93562e+07 5.78394e+06 6.05674e+06 7.02029e+06
threshold=0.54024256428486794 470.35000000000008 0.62531791166012562 79.450000000000017 1009.0500000000001
decision_type=2 2 2 2 2
left_child=1 -1 3 4 -2
right_child=2 -3 -4 -5 -6
leaf_value=17.106707178006278 -20.921060320907063 -6.2269517749094829 1.404948679117056 -0.1619161936871811 -6.5205080161473319
leaf_weight=85 52 51 66 50 74
leaf_count=85 52 51 66 50 74
internal_value=-0.935477 8.36207 -6.16447 -9.00061 -12.4992
internal_weight=378 136 242 176 126
internal_count=378 136 242 176 126
is_linear=0
shrinkage=0.03


Tree=71
num_leaves=6
num_cat=0
split_feature=24 3 24 11 24
split_gain=4.58966e+07 1.20071e+07 2.01258e+07 1.17593e+07 2.68295e+06
threshold=4069.4444444444448 75.700000000000003 1564.8138888888891 2.5000000000000004 3194.4444444444448
decision_type=2 2 2 2 2
left_child=1 2 -1 -3 -4
right_child=-2 3 4 -5 -6
leaf_value=-26.022528199759936 18.91222761741675 -7.8920533026450608 -7.9239889810709929 11.782413903449735 0.90229253552780009
leaf_weight=56 82 57 81 52 50
leaf_count=56 82 57 81 52 50
internal_value=-0.907778 -6.41207 -11.0192 1.50043 -4.56075
internal_weight=378 296 187 109 131
internal_count=378 296 187 109 131
is_linear=0
shrinkage=0.03


Tree=72
num_leaves=6
num_cat=0
split_feature=24 24 3 24 27
split_gain=4.34496e+07 1.3523e+07 1.38069e+07 1.13277e+07 1.3676e+06
threshold=4787.0361111111115 3194.4444444444448 75.700000000000003 1513.8888888888891 0.30081702196488996
decision_type=2 2 2 2 2
left_child=1 2 3 -1 -3
right_child=-2 4 -4 -5 -6
leaf_value=-25.567495043738766 25.084167609698255 0.79822377165855729 0.21377331749545381 -7.8991660553982568 7.7753550636792044
leaf_weight=54 50 51 90 83 50
leaf_count=54 50 51 90 83 50
internal_value=-0.880788 -4.85819 -8.91778 -14.904 4.26514
internal_weight=378 328 227 137 101
internal_count=378 328 227 137 101
is_linear=0
shrinkage=0.03


Tree=73
num_leaves=6
num_cat=0
split_feature=2 26 3 2 20
split_gain=1.26437e+07 1.27812e+07 1.20485e+07 8.105e+06 3.74794e+06
threshold=4.7500000000000009 6.9000000000000012 79.850000000000009 15.597000000000003 10.030600000000002
decision_type=2 2 2 2 2
left_child=1 -1 3 -2 -5
right_child=2 -3 -4 4 -6
leaf_value=-4.4600941186729566 -16.610768186868022 14.749837254224071 7.5926307732287199 0.72585557969279313 -9.6561751908204023
leaf_weight=53 68 75 55 72 55
leaf_count=53 68 75 55 72 55
internal_value=-0.854352 6.80382 -4.77883 -8.27457 -3.78239
internal_weight=378 128 250 195 127
internal_count=378 128 250 195 127
is_linear=0
shrinkage=0.03


Tree=74
num_leaves=6
num_cat=0
split_feature=21 0 28 2 11
split_gain=1.74739e+07 1.74493e+07 5.20721e+06 5.31408e+06 2.73537e+06
threshold=0.54024256428486794 470.35000000000008 0.62531791166012562 15.250000000000002 2.5000000000000004
decision_type=2 2 2 2 2
left_child=1 -1 3 -2 -5
right_child=2 -3 -4 4 -6
leaf_value=16.067851283161747 -15.768395363053575 -6.0860094724063991 1.5192065196663005 -9.3845386258969139 -0.25501293173038553
leaf_weight=85 58 51 66 57 61
leaf_count=85 58 51 66 57 61
internal_value=-0.828903 7.76498 -5.66219 -8.35327 -4.67773
internal_weight=378 136 242 176 118
internal_count=378 136 242 176 118
is_linear=0
shrinkage=0.03


Tree=75
num_leaves=5
num_cat=0
split_feature=24 1 24 24
split_gain=3.80689e+07 1.75655e+07 1.95073e+07 2.99825e+06
threshold=4398.1472222222228 1.0000000180025095e-35 2509.2583333333337 3398.1472222222224
decision_type=2 2 2 2
left_child=1 -1 -3 -4
right_child=-2 2 3 -5
leaf_value=10.136147321230407 22.626857497695998 -17.322101745683081 -4.2296159644395628 4.296151974864026
leaf_weight=69 61 98 76 72
leaf_count=69 61 98 76 72
internal_value=0.995458 -3.21099 -6.96253 -0.081584
internal_weight=376 315 246 148
internal_count=376 315 246 148
is_linear=0
shrinkage=0.03


Tree=76
num_leaves=6
num_cat=0
split_feature=27 2 21 6 3
split_gain=9.71985e+06 1.1751e+07 9.1436e+06 3.10596e+06 2.53337e+06
threshold=0.67125374152323958 9.1500000000000004 0.84250992063492081 2.5500000000000003 68.90000000000002
decision_type=2 2 2 2 2
left_child=1 4 -2 -3 -1
right_child=2 3 -4 -5 -6
leaf_value=17.085743347078736 -11.822051788062629 -6.9332570802119742 3.8333172519544032 2.3883348586910156 7.5155382891251135
leaf_weight=51 81 51 57 86 50
leaf_count=51 81 51 57 86 50
internal_value=0.965965 4.63691 -5.36135 -1.08925 12.3844
internal_weight=376 238 138 137 101
internal_count=376 238 138 137 101
is_linear=0
shrinkage=0.03


Tree=77
num_leaves=5
num_cat=0
split_feature=24 1 24 24
split_gain=3.55966e+07 1.54995e+07 1.9903e+07 3.46142e+06
threshold=4569.4444444444453 1.0000000180025095e-35 2509.2583333333337 3398.1472222222224
decision_type=2 2 2 2
left_child=1 -1 -3 -4
right_child=-2 2 3 -5
leaf_value=9.8185979616900028 23.903829959263991 -16.766498286614947 -4.1436982080602078 4.7528732224848005
leaf_weight=69 52 98 76 81
leaf_count=69 52 98 76 81
internal_value=0.937276 -2.76739 -6.18058 0.446506
internal_weight=376 324 255 157
internal_count=376 324 255 157
is_linear=0
shrinkage=0.03


Tree=78
num_leaves=6
num_cat=0
split_feature=27 2 21 23 3
split_gain=9.10756e+06 1.06815e+07 8.65384e+06 2.70619e+06 2.35367e+06
threshold=0.67125374152323958 9.1500000000000004 0.84250992063492081 0.25000000000000017 68.90000000000002
decision_type=2 2 2 2 2
left_child=1 4 -2 -3 -1
right_child=2 3 -4 -5 -6
leaf_value=16.380675303141278 -11.500474270049937 4.1384966502957061 3.7298488877581053 -4.4431832081318481 7.1574477413018238
leaf_weight=51 81 55 57 82 50
leaf_count=51 81 55 57 82 50
internal_value=0.909577 4.46304 -5.21518 -0.996403 11.8495
internal_weight=376 238 138 137 101
internal_count=376 238 138 137 101
is_linear=0
shrinkage=0.03


Tree=79
num_leaves=5
num_cat=0
split_feature=24 1 24 24
split_gain=3.33146e+07 1.48704e+07 1.8015e+07 3.05631e+06
threshold=4462.9638888888903 1.0000000180025095e-35 2509.2583333333337 3398.1472222222224
decision_type=2 2 2 2
left_child=1 -1 -3 -4
right_child=-2 2 3 -5
leaf_value=9.4927142864491518 22.389631710017998 -16.232121684383884 -4.0675102096210143 4.3693752022812653
leaf_weight=69 55 98 76 78
leaf_count=69 55 98 76 78
internal_value=0.882661 -2.81977 -6.19836 0.205846
internal_weight=376 321 252 154
internal_count=376 321 252 154
is_linear=0
shrinkage=0.03


Tree=80
num_leaves=6
num_cat=0
split_feature=24 24 1 24 15
split_gain=3.85141e+07 7.95624e+06 1.0141e+07 8.38714e+06 2.32006e+06
threshold=4675.9250000000002 3361.1111111111113 1.0000000180025095e-35 1938.8888888888889 1.0000000180025095e-35
decision_type=2 2 2 2 2
left_child=1 2 -1 -4 -5
right_child=-2 -3 3 4 -6
leaf_value=2.9153370445809133 22.841370766355219 3.8274393278099157 -21.385548272635305 -10.192007022141498 -2.003352165149229
leaf_weight=64 53 75 50 78 52
leaf_count=64 53 75 50 78 52
internal_value=-0.766549 -4.70667 -7.33138 -10.9735 -6.92877
internal_weight=372 319 244 180 130
internal_count=372 319 244 180 130
is_linear=0
shrinkage=0.03


Tree=81
num_leaves=6
num_cat=0
split_feature=24 24 24 24 27
split_gain=3.62505e+07 7.48823e+06 9.5446e+06 7.89482e+06 2.36492e+06
threshold=4675.9250000000002 3361.1111111111113 1.0000000180025095e-35 1938.8888888888889 0.63205073083871566
decision_type=2 2 2 2 2
left_child=1 2 -1 -4 -5
right_child=-2 -3 3 4 -6
leaf_value=2.8282848461382497 22.159986210200394 3.7130737018585207 -20.747808119620291 -10.122751182791134 -1.9055069402831695
leaf_weight=64 53 75 50 76 54
leaf_count=64 53 75 50 76 54
internal_value=-0.743648 -4.56623 -7.11257 -10.646 -6.72175
internal_weight=372 319 244 180 130
internal_count=372 319 244 180 130
is_linear=0
shrinkage=0.03


Tree=82
num_leaves=6
num_cat=0
split_feature=24 24 1 24 27
split_gain=3.41199e+07 7.04943e+06 8.87838e+06 7.54516e+06 2.13285e+06
threshold=4675.9250000000002 3398.1472222222224 1.0000000180025095e-35 1938.8888888888889 0.63205073083871566
decision_type=2 2 2 2 2
left_child=1 2 -1 -4 -5
right_child=-2 -3 3 4 -6
leaf_value=2.7438321331018236 21.498928469001239 3.7451215985931694 -20.129086196891826 -9.6112825496717438 -1.8486575875888211
leaf_weight=64 53 73 50 78 54
leaf_count=64 53 73 50 78 54
internal_value=-0.721437 -4.42998 -6.85757 -10.2329 -6.44712
internal_weight=372 319 246 182 132
internal_count=372 319 246 182 132
is_linear=0
shrinkage=0.03


Tree=83
num_leaves=6
num_cat=0
split_feature=24 24 1 24 15
split_gain=3.21145e+07 6.64404e+06 8.45856e+06 6.99123e+06 1.97501e+06
threshold=4675.9250000000002 3361.1111111111113 1.0000000180025095e-35 1938.8888888888889 1.0000000180025095e-35
decision_type=2 2 2 2 2
left_child=1 2 -1 -4 -5
right_child=-2 -3 3 4 -6
leaf_value=2.6619010197949446 20.857591305947608 3.5008617872070982 -19.52881542183059 -9.3405234457249851 -1.7857860877864902
leaf_weight=64 53 75 50 78 52
leaf_count=64 53 75 50 78 52
internal_value=-0.69988 -4.29779 -6.69631 -10.0226 -6.32977
internal_weight=372 319 244 180 130
internal_count=372 319 244 180 130
is_linear=0
shrinkage=0.03


Tree=84
num_leaves=5
num_cat=0
split_feature=7 22 1 10
split_gain=6.742e+06 5.23694e+06 8.343e+06 3.05717e+06
threshold=9.8500000000000032 -0.6830127018922193 0.6000000000000002 4.5000000000000009
decision_type=2 2 2 2
left_child=-1 -2 -3 -4
right_child=1 2 3 -5
leaf_value=7.9954737854003906 5.1348333400346666 -15.301796649464391 2.0643698908907782 -5.4964811390969839
leaf_weight=66 63 51 97 95
leaf_count=66 63 51 97 95
internal_value=-0.678971 -2.55596 -4.55378 -1.67937
internal_weight=372 306 243 192
internal_count=372 306 243 192
is_linear=0
shrinkage=0.03


Tree=85
num_leaves=7
num_cat=0
split_feature=24 24 27 24 24 27
split_gain=3.15516e+07 8.49237e+06 9.53128e+06 1.88452e+07 8.49987e+06 1.55237e+06
threshold=4787.0361111111115 2921.2972222222229 0.51225279916095534 1564.8138888888891 1694.4444444444446 0.5772435042917955
decision_type=2 2 2 2 2 2
left_child=1 2 4 -4 -1 -3
right_child=-2 5 3 -5 -6 -7
leaf_value=7.5555432623431065 21.250950752894084 -0.61466844107710261 -27.264305488887885 -2.4468424898531853 -9.2420849350544749 6.2208158871648909
leaf_weight=52 51 68 50 61 56 53
leaf_count=52 51 68 50 61 56 53
internal_value=-0.681827 -3.9876 -7.5083 -13.6693 -1.15573 2.38729
internal_weight=391 340 219 111 108 121
internal_count=391 340 219 111 108 121
is_linear=0
shrinkage=0.03


Tree=86
num_leaves=6
num_cat=0
split_feature=24 24 22 1 27
split_gain=2.96976e+07 7.99331e+06 1.05833e+07 2.86694e+07 1.46112e+06
threshold=4787.0361111111115 2921.2972222222229 0.68301270189221941 1.0000000180025095e-35 0.5772435042917955
decision_type=2 2 2 2 2
left_child=1 2 3 -1 -3
right_child=-2 4 -4 -5 -6
leaf_value=14.539469779568169 20.617150610204327 -0.59630935734571522 -15.788020218255888 -13.391663023808457 6.0352417936199831
leaf_weight=55 51 68 82 82 53
leaf_count=55 51 68 82 82 53
internal_value=-0.661477 -3.86866 -7.28434 -2.1711 2.31609
internal_weight=391 340 219 137 121
internal_count=391 340 219 137 121
is_linear=0
shrinkage=0.03


Tree=87
num_leaves=7
num_cat=0
split_feature=24 3 1 24 24 24
split_gain=2.80644e+07 6.37012e+06 9.86386e+06 6.4771e+06 5.90225e+06 1.25159e+06
threshold=3840.2777777777778 54.95000000000001 1.0000000180025095e-35 2074.0750000000003 4787.0361111111115 2791.6666666666674
decision_type=2 2 2 2 2 2
left_child=1 -1 -3 -4 -2 -5
right_child=4 2 3 5 -6 -7
leaf_value=-14.308002040496618 5.6143841843030655 7.5980402887554073 -15.016174569154909 -6.1212206935973743 20.002253246976615 0.13408580209752821
leaf_weight=58 52 57 57 52 51 64
leaf_count=58 52 57 57 52 51 64
internal_value=-0.641369 -5.44826 -3.1983 -6.76252 12.776 -2.6785
internal_weight=391 288 230 173 103 116
internal_count=391 288 230 173 103 116
is_linear=0
shrinkage=0.03


Tree=88
num_leaves=6
num_cat=0
split_feature=24 9 24 24 15
split_gain=2.64151e+07 6.6763e+06 7.5997e+06 5.55544e+06 1.59289e+06
threshold=3840.2777777777778 1.9500000000000002 1694.4444444444446 4787.0361111111115 1.0000000180025095e-35
decision_type=2 2 2 2 2
left_child=1 2 -1 -2 -4
right_child=3 -3 4 -5 -6
leaf_value=-14.700229394908247 5.4469187803250207 3.6985103298510102 -6.0497169086931022 19.405694449268587 0.34376283579204808
leaf_weight=85 52 59 84 51 60
leaf_count=85 52 59 84 51 60
internal_value=-0.622175 -5.28568 -7.60223 12.3949 -3.39053
internal_weight=391 288 229 103 144
internal_count=391 288 229 103 144
is_linear=0
shrinkage=0.03


Tree=89
num_leaves=6
num_cat=0
split_feature=14 2 21 28 4
split_gain=5.23616e+06 6.06431e+06 6.57568e+06 7.14106e+06 3.95477e+06
threshold=42.000000000000007 15.250000000000002 0.37545219638242899 -0.20086079102710588 1006.85
decision_type=2 2 2 2 2
left_child=-1 2 3 -2 -3
right_child=1 4 -4 -5 -6
leaf_value=7.8630274301058032 -8.7348975891811005 9.4893228647675727 -11.492610193794743 6.6927952726913773 -1.0315435933212416
leaf_weight=56 50 50 88 58 89
leaf_count=56 50 50 88 58 89
internal_value=-0.603321 -2.02439 -5.42014 -0.453983 2.76516
internal_weight=391 335 196 108 139
internal_count=391 335 196 108 139
is_linear=0
shrinkage=0.03


Tree=90
num_leaves=6
num_cat=0
split_feature=0 6 29 0 6
split_gain=9.13578e+06 7.93346e+06 1.16495e+07 1.11169e+07 3.84087e+06
threshold=769.20000000000016 2.2500000000000004 -1.0000000180025095e-35 224.95000000000002 2.9500000000000006
decision_type=2 2 2 2 2
left_child=1 -1 -3 -4 -2
right_child=4 2 3 -5 -6
leaf_value=-6.043770773130559 -0.32338707956120705 16.672082992413984 11.844669110923212 -5.5431033217714543 -11.750766915682155
leaf_weight=55 50 70 56 80 56
leaf_count=55 50 70 56 80 56
internal_value=1.03923 4.05496 6.75614 1.62681 -6.3767
internal_weight=367 261 206 136 106
internal_count=367 261 206 136 106
is_linear=0
shrinkage=0.03


Tree=91
num_leaves=6
num_cat=0
split_feature=24 1 24 14 24
split_gain=3.08251e+07 6.82413e+06 1.16616e+07 4.23038e+06 2.08899e+06
threshold=4569.4444444444453 1.0000000180025095e-35 2574.0750000000003 132.50000000000003 3750.0000000000005
decision_type=2 2 2 2 2
left_child=1 -1 3 -3 -4
right_child=-2 2 4 -5 -6
leaf_value=6.0325985731518816 22.826593650378005 -6.3253766679944503 -1.9161045657219842 -18.64542457134403 5.588151740857195
leaf_weight=67 50 50 99 51 50
leaf_count=67 50 50 99 51 50
internal_value=1.00817 -2.45152 -4.72981 -12.5833 0.608211
internal_weight=367 317 250 101 149
internal_count=367 317 250 101 149
is_linear=0
shrinkage=0.03


Tree=92
num_leaves=6
num_cat=0
split_feature=24 1 24 14 27
split_gain=2.90141e+07 6.42276e+06 1.09766e+07 3.98178e+06 2.04942e+06
threshold=4569.4444444444453 1.0000000180025095e-35 2574.0750000000003 132.50000000000003 0.69636977696931246
decision_type=2 2 2 2 2
left_child=1 -1 3 -3 -4
right_child=-2 2 4 -5 -6
leaf_value=5.8524275821093115 22.145879906565245 -6.1367472145429431 -1.9853402118129082 -18.089332911814864 5.3785287652097749
leaf_weight=67 50 50 97 51 52
leaf_count=67 50 50 97 51 52
internal_value=0.978109 -2.37841 -4.58868 -12.208 0.590184
internal_weight=367 317 250 101 149
internal_count=367 317 250 101 149
is_linear=0
shrinkage=0.03


Tree=93
num_leaves=6
num_cat=0
split_feature=24 4 24 24 27
split_gain=2.73094e+07 6.45118e+06 1.10479e+07 2.57076e+06 2.16219e+06
threshold=4569.4444444444453 1002.6500000000002 1694.4444444444446 3620.369444444445 0.78829775591774609
decision_type=2 2 2 2 2
left_child=1 -1 -3 4 -4
right_child=-2 2 3 -5 -6
leaf_value=6.8088698427464953 21.485466217207861 -14.37427846500616 -5.8032631131930605 4.7942316241039657 2.0965163929751567
leaf_weight=57 50 71 82 57 50
leaf_count=57 50 71 82 57 50
internal_value=0.94894 -2.30748 -4.31165 -0.514666 -2.81289
internal_weight=367 317 260 189 132
internal_count=367 317 260 189 132
is_linear=0
shrinkage=0.03


Tree=94
num_leaves=6
num_cat=0
split_feature=24 24 24 14 27
split_gain=2.57044e+07 6.2203e+06 1.00171e+07 3.68866e+06 1.88983e+06
threshold=4569.4444444444453 1.0000000180025095e-35 2574.0750000000003 132.50000000000003 0.69636977696931246
decision_type=2 2 2 2 2
left_child=1 -1 3 -3 -4
right_child=-2 2 4 -5 -6
leaf_value=5.8614328522703447 20.844746334955655 -5.849363719416897 -1.9394057186730471 -17.352904922753051 5.1319281959351351
leaf_weight=67 50 50 97 51 52
leaf_count=67 50 50 97 51 52
internal_value=0.920841 -2.23844 -4.41366 -11.6924 0.533735
internal_weight=367 317 250 101 149
internal_count=367 317 250 101 149
is_linear=0
shrinkage=0.03


Tree=95
num_leaves=6
num_cat=0
split_feature=24 22 24 24 21
split_gain=2.39363e+07 9.10097e+06 1.10027e+07 2.29724e+06 908777
threshold=4569.4444444444453 -0.6830127018922193 1564.8138888888891 3620.369444444445 0.69366305139309414
decision_type=2 2 2 2 2
left_child=1 -1 -3 4 -4
right_child=-2 2 3 -5 -6
leaf_value=8.9106269610263631 19.723197878160722 -13.610953133505925 -5.924914403101158 4.4735172994486039 -0.93756288243269992
leaf_weight=53 50 85 51 55 92
leaf_count=53 50 85 51 55 92
internal_value=0.421668 -2.46559 -4.60333 -0.721632 -2.72501
internal_weight=386 336 283 198 143
internal_count=386 336 283 198 143
is_linear=0
shrinkage=0.03


Tree=96
num_leaves=6
num_cat=0
split_feature=24 22 24 24 27
split_gain=2.25294e+07 8.56574e+06 1.03547e+07 2.16226e+06 873398
threshold=4569.4444444444453 -0.6830127018922193 1564.8138888888891 3398.1472222222224 0.7266007961912001
decision_type=2 2 2 2 2
left_child=1 -1 -3 4 -4
right_child=-2 2 3 -5 -6
leaf_value=8.6448125665183362 19.135031303847523 -13.204060811605151 -5.2902652365711047 3.6733807947943862 -0.39054628670498098
leaf_weight=53 50 85 68 67 63
leaf_count=53 50 85 68 67 63
internal_value=0.409311 -2.39181 -4.46574 -0.700092 -2.94026
internal_weight=386 336 283 198 131
internal_count=386 336 283 198 131
is_linear=0
shrinkage=0.03


Tree=97
num_leaves=6
num_cat=0
split_feature=24 27 24 24 27
split_gain=2.12053e+07 8.03398e+06 1.31497e+07 2.05682e+06 670731
threshold=4569.4444444444453 -0.3696697642099897 1564.8138888888891 3398.1472222222224 0.74981945761428193
decision_type=2 2 2 2 2
left_child=1 -1 -3 4 -4
right_child=-2 2 3 -5 -6
leaf_value=5.3371601451611603 18.564404097840519 -14.821404716244407 -5.0623288045062225 4.6701006842106869 -0.36314977185643138
leaf_weight=90 50 83 50 53 60
leaf_count=90 50 83 50 53 60
internal_value=0.397324 -2.32023 -5.12484 -0.169116 -2.50718
internal_weight=386 336 246 163 110
internal_count=386 336 246 163 110
is_linear=0
shrinkage=0.03


Tree=98
num_leaves=6
num_cat=0
split_feature=24 22 24 24 21
split_gain=1.99591e+07 7.72153e+06 9.03039e+06 1.95289e+06 848539
threshold=4569.4444444444453 -0.6830127018922193 1564.8138888888891 3620.369444444445 0.69366305139309414
decision_type=2 2 2 2 2
left_child=1 -1 -3 4 -4
right_child=-2 2 3 -5 -6
leaf_value=8.2277143350640571 18.0107935220252 -12.380433281544084 -5.6423276085323764 4.0867507675198489 -0.82350617237494017
leaf_weight=53 50 85 51 55 92
leaf_count=53 50 85 51 55 92
internal_value=0.385598 -2.2509 -4.21999 -0.703297 -2.55038
internal_weight=386 336 283 198 143
internal_count=386 336 283 198 143
is_linear=0
shrinkage=0.03


Tree=99
num_leaves=6
num_cat=0
split_feature=24 22 24 24 27
split_gain=1.8786e+07 7.26743e+06 8.49849e+06 1.83809e+06 990293
threshold=4569.4444444444453 -0.6830127018922193 1564.8138888888891 3620.369444444445 0.7266007961912001
decision_type=2 2 2 2 2
left_child=1 -1 -3 4 -4
right_child=-2 2 3 -5 -6
leaf_value=7.9822723620559666 17.473692460865909 -12.010326382099253 -4.8442308102162244 3.9648133751022447 0.14930003783364248
leaf_weight=53 50 85 75 55 68
leaf_count=53 50 85 75 55 68
internal_value=0.374297 -2.18355 -4.09386 -0.682306 -2.47428
internal_weight=386 336 283 198 143
internal_count=386 336 283 198 143
is_linear=0
shrinkage=0.03


Tree=100
num_leaves=6
num_cat=0
split_feature=24 24 24 14 27
split_gain=8.468e+06 1.63178e+07 3.9989e+06 3.82878e+06 1.10033e+06
threshold=1.0000000180025095e-35 2680.5555555555561 3962.963888888889 136.50000000000003 0.63205073083871566
decision_type=2 2 2 2 2
left_child=-1 3 4 -2 -3
right_child=1 2 -4 -5 -6
leaf_value=10.47239305722205 -5.1204599255114323 -2.9698334060260905 8.3070760627716691 -16.239722595180968 3.0394058535587245
leaf_weight=63 56 60 89 56 50
leaf_count=63 56 60 89 56 50
internal_value=0.470046 -1.56426 3.59068 -10.7087 -0.237442
internal_weight=374 311 199 112 110
internal_count=374 311 199 112 110
is_linear=0
shrinkage=0.03


Tree=101
num_leaves=5
num_cat=0
split_feature=1 8 4 28
split_gain=7.97009e+06 6.47532e+06 3.15104e+06 1.56367e+06
threshold=1.0000000180025095e-35 13.15 1014.5500000000001 0.80392796183282111
decision_type=2 2 2 2
left_child=-1 2 -2 -4
right_child=1 -3 3 -5
leaf_value=10.159710383844603 5.3972738944704295 -8.0319568838777986 1.0596944252443519 -5.8522656726279463
leaf_weight=63 96 95 69 51
leaf_count=63 96 95 69 51
internal_value=0.455884 -1.51771 1.35448 -1.88508
internal_weight=374 311 216 120
internal_count=374 311 216 120
is_linear=0
shrinkage=0.03


Tree=102
num_leaves=6
num_cat=0
split_feature=11 0 24 6 0
split_gain=7.77457e+06 5.52927e+06 1.16972e+07 5.49619e+06 1.08244e+06
threshold=3.5000000000000004 211.35000000000002 1564.8138888888891 3.1500000000000008 551.10000000000014
decision_type=2 2 2 2 2
left_child=1 -1 -3 -2 -4
right_child=3 2 4 -5 -6
leaf_value=4.3022317004698438 1.1064108509392869 -17.770292744266822 -3.4114831459235226 13.679030855064235 2.1811521260504927
leaf_weight=72 74 50 62 54 62
leaf_count=72 74 50 62 54 62
internal_value=0.442273 -2.67736 -5.56796 6.43014 -0.616578
internal_weight=374 246 174 128 124
internal_count=374 246 174 128 124
is_linear=0
shrinkage=0.03


Tree=103
num_leaves=6
num_cat=0
split_feature=1 24 24 24 27
split_gain=7.86586e+06 1.4983e+07 3.65771e+06 3.2131e+06 943146
threshold=1.0000000180025095e-35 2680.5555555555561 3962.963888888889 1902.7777777777781 0.63205073083871566
decision_type=2 2 2 2 2
left_child=-1 3 4 -2 -3
right_child=1 2 -4 -5 -6
leaf_value=10.06919051400858 -15.836716105756706 -2.7827067570662614 7.9187416322394153 -5.6050726379266962 2.7808111106377709
leaf_weight=63 51 60 89 61 50
leaf_count=63 51 60 89 61 50
internal_value=0.429007 -1.53162 3.40803 -10.2941 -0.253068
internal_weight=374 311 199 112 110
internal_count=374 311 199 112 110
is_linear=0
shrinkage=0.03


Tree=104
num_leaves=6
num_cat=0
split_feature=24 24 27 3 27
split_gain=7.40339e+06 1.41099e+07 3.57225e+06 3.35441e+06 2.25962e+06
threshold=1.0000000180025095e-35 2731.4805555555558 0.60500564346204555 54.95000000000001 0.61866567420209762
decision_type=2 2 2 2 2
left_child=-1 2 -2 -3 -5
right_child=1 3 -4 4 -6
leaf_value=9.7685466328842381 -14.295771500514103 9.4963307169821007 -3.7060160495802674 -2.6425691750425027 5.1047174365581709
leaf_weight=63 66 58 51 74 62
leaf_count=63 66 58 51 74 62
internal_value=0.416053 -1.48606 -9.70109 3.47564 0.892678
internal_weight=374 311 117 194 136
internal_count=374 311 117 194 136
is_linear=0
shrinkage=0.03


Tree=105
num_leaves=5
num_cat=0
split_feature=7 24 24 27
split_gain=1.17549e+07 1.73657e+07 3.67374e+06 2.1091e+06
threshold=26.650000000000002 1513.8888888888891 3750.0000000000005 0.80900950266415306
decision_type=2 2 2 2
left_child=1 -1 3 -3
right_child=-2 2 -4 -5
leaf_value=-16.105486756828277 12.09650379405195 -5.149132804106098 5.0358067734121414 1.7019892248356496
leaf_weight=73 52 97 97 69
leaf_count=73 52 97 97 69
internal_value=-1.13558 -3.19239 0.406081 -2.30339
internal_weight=388 336 263 166
internal_count=388 336 263 166
is_linear=0
shrinkage=0.03


Tree=106
num_leaves=5
num_cat=0
split_feature=5 24 24 27
split_gain=1.07699e+07 1.91737e+07 3.07388e+06 1.78732e+06
threshold=21.650000000000002 1513.8888888888891 3750.0000000000005 0.80900950266415306
decision_type=2 2 2 2
left_child=1 -1 3 -3
right_child=-2 2 -4 -5
leaf_value=-17.432162171974014 10.221288416713335 -4.682932034904784 4.7986189349134634 1.6511506012559451
leaf_weight=68 63 95 93 69
leaf_count=68 63 95 93 69
internal_value=-1.10157 -3.30389 0.450262 -2.01978
internal_weight=388 325 257 164
internal_count=388 325 257 164
is_linear=0
shrinkage=0.03


Tree=107
num_leaves=5
num_cat=0
split_feature=7 24 24 27
split_gain=1.05324e+07 1.536e+07 3.2675e+06 1.88672e+06
threshold=26.650000000000002 1513.8888888888891 3750.0000000000005 0.80900950266415306
decision_type=2 2 2 2
left_child=1 -1 3 -3
right_child=-2 2 -4 -5
leaf_value=-15.160064731821681 11.456458580717303 -4.8780570540227233 4.7349957408885421 1.6018305224051206
leaf_weight=73 52 97 97 69
leaf_count=73 52 97 97 69
internal_value=-1.06865 -3.01557 0.368731 -2.18652
internal_weight=388 336 263 166
internal_count=388 336 263 166
is_linear=0
shrinkage=0.03


Tree=108
num_leaves=6
num_cat=0
split_feature=7 24 24 6 27
split_gain=9.91324e+06 1.44634e+07 2.94287e+06 5.38947e+06 1.52445e+06
threshold=26.650000000000002 1564.8138888888891 3643.5194444444446 2.9500000000000006 0.80900950266415306
decision_type=2 2 2 2 2
left_child=1 -1 4 -4 -3
right_child=-2 2 3 -5 -6
leaf_value=-14.313639923529976 11.114736434032084 -4.8187101502742147 -2.8892664207770813 10.450286885452925 1.2993639456491335
leaf_weight=77 52 87 51 58 63
leaf_count=77 52 87 51 58 63
internal_value=-1.03664 -2.92547 0.47281 4.21796 -2.25159
internal_weight=388 336 259 109 150
internal_count=388 336 259 109 150
is_linear=0
shrinkage=0.03


Tree=109
num_leaves=5
num_cat=0
split_feature=7 24 24 27
split_gain=9.33036e+06 1.36332e+07 2.91459e+06 1.67625e+06
threshold=26.650000000000002 1513.8888888888891 3750.0000000000005 0.80900950266415306
decision_type=2 2 2 2
left_child=1 -1 3 -3
right_child=-2 2 -4 -5
leaf_value=-14.279472604728166 10.783207022409822 -4.5998843037800334 4.4741488997125192 1.5078978012960194
leaf_weight=73 52 97 97 69
leaf_count=73 52 97 97 69
internal_value=-1.00552 -2.83798 0.350411 -2.06291
internal_weight=388 336 263 166
internal_count=388 336 263 166
is_linear=0
shrinkage=0.03


Tree=110
num_leaves=6
num_cat=0
split_feature=24 29 24 27 21
split_gain=2.11529e+07 8.73905e+06 1.03348e+07 1.6764e+06 983466
threshold=4787.0361111111115 -0.70440582564969068 1513.8888888888891 0.77753234098132629 0.65118305509987462
decision_type=2 2 2 2 2
left_child=1 -1 -3 4 -4
right_child=-2 2 3 -5 -6
leaf_value=7.2657770714269327 17.511516229283739 -14.818375259939369 -7.0023654054924434 1.8273593568752415 -1.6328528371026374
leaf_weight=59 51 76 53 72 73
leaf_count=59 51 76 53 72 73
internal_value=-0.422138 -3.18205 -5.43728 -1.81945 -3.9028
internal_weight=384 333 274 198 126
internal_count=384 333 274 198 126
is_linear=0
shrinkage=0.03


Tree=111
num_leaves=6
num_cat=0
split_feature=24 11 24 27 21
split_gain=1.99097e+07 8.225e+06 9.72621e+06 1.5778e+06 930610
threshold=4787.0361111111115 4.5000000000000009 1513.8888888888891 0.77753234098132629 0.76575921120913348
decision_type=2 2 2 2 2
left_child=1 2 -1 4 -4
right_child=-2 -3 3 -5 -6
leaf_value=-14.375571955809585 16.989243191278469 7.0489066481148015 -6.3560732506325035 1.772766055091288 -1.1984999031079182
leaf_weight=76 51 59 63 72 63
leaf_count=76 51 59 63 72 63
internal_value=-0.4094 -3.08698 -5.27488 -1.76517 -3.78633
internal_weight=384 333 274 198 126
internal_count=384 333 274 198 126
is_linear=0
shrinkage=0.03


Tree=112
num_leaves=5
num_cat=0
split_feature=11 27 5 27
split_gain=1.13072e+07 5.05905e+06 4.62125e+06 2.71143e+06
threshold=3.5000000000000004 0.42888796625999276 17.250000000000004 0.67125374152323958
decision_type=2 2 2 2
left_child=2 -2 3 -1
right_child=1 -3 -4 -5
leaf_value=2.6011724766722626 11.256108659987673 -0.050353380843973831 -10.311242808817616 -5.1790509236707383
leaf_weight=77 80 64 79 84
leaf_count=77 80 64 79 84
internal_value=-0.397026 6.24129 -4.38288 -1.4601
internal_weight=384 144 240 161
internal_count=384 144 240 161
is_linear=0
shrinkage=0.03


Tree=113
num_leaves=6
num_cat=0
split_feature=24 11 24 27 21
split_gain=1.849e+07 7.41277e+06 9.02514e+06 1.56144e+06 885613
threshold=4787.0361111111115 4.5000000000000009 1513.8888888888891 0.77753234098132629 0.65118305509987462
decision_type=2 2 2 2 2
left_child=1 2 -1 4 -4
right_child=-2 -3 3 -5 -6
leaf_value=-13.809103090778715 16.381709157486409 6.6569733004706713 -6.6137803168234202 1.857515969759943 -1.5186017815250328
leaf_weight=76 51 59 53 72 73
leaf_count=76 51 59 53 72 73
internal_value=-0.385155 -2.96551 -5.04256 -1.66177 -3.6725
internal_weight=384 333 274 198 126
internal_count=384 333 274 198 126
is_linear=0
shrinkage=0.03


Tree=114
num_leaves=5
num_cat=0
split_feature=11 4 4 0
split_gain=1.02487e+07 5.23455e+06 4.71426e+06 3.7086e+06
threshold=3.5000000000000004 1008.7500000000001 1014.1500000000002 264.35000000000008
decision_type=2 2 2 2
left_child=2 -2 3 -1
right_child=1 -3 -4 -5
leaf_value=-1.2288724209928592 13.525378887644234 1.6325368130555777 1.6644413842436463 -10.73250241512258
leaf_weight=59 52 92 82 99
leaf_count=59 52 92 82 99
internal_value=-0.37353 5.94643 -4.16823 -7.19279
internal_weight=384 144 240 158
internal_count=384 144 240 158
is_linear=0
shrinkage=0.03


Tree=115
num_leaves=5
num_cat=0
split_feature=26 21 26 29
split_gain=7.10207e+06 1.02407e+07 3.3207e+06 1.18443e+06
threshold=6.6500000000000021 0.62652945113788505 8.5500000000000025 1.0000000180025095e-35
decision_type=2 2 2 2
left_child=3 -2 -3 -1
right_child=1 2 -4 -5
leaf_value=-8.1740981612188008 11.794675544390996 4.3501978473900644 -4.4543623925116487 -2.2777617897841944
leaf_weight=61 88 64 96 62
leaf_count=61 88 64 96 62
internal_value=0.671257 3.59336 -0.930932 -5.21481
internal_weight=371 248 160 123
internal_count=371 248 160 123
is_linear=0
shrinkage=0.03


Tree=116
num_leaves=5
num_cat=0
split_feature=24 22 24 27
split_gain=1.24275e+07 5.16859e+06 4.8825e+06 1.60051e+06
threshold=4347.2222222222235 -0.5 1564.8138888888891 0.7266007961912001
decision_type=2 2 2 2
left_child=1 -1 -3 -4
right_child=-2 2 3 -5
leaf_value=5.6541955925344896 13.368804752127385 -10.478498400733585 -4.1115554058508854 1.5959171644172385
leaf_weight=67 58 69 83 94
leaf_count=67 58 69 83 94
internal_value=0.651148 -1.71599 -3.7278 -1.08285
internal_weight=371 313 246 177
internal_count=371 313 246 177
is_linear=0
shrinkage=0.03


Tree=117
num_leaves=6
num_cat=0
split_feature=24 6 24 24 24
split_gain=1.16967e+07 5.31702e+06 6.52039e+06 5.87019e+06 1.56625e+06
threshold=4347.2222222222235 3.2500000000000004 1938.8888888888889 1953.7027777777778 2731.4805555555558
decision_type=2 2 2 2 2
left_child=1 2 -1 -3 -4
right_child=-2 3 4 -5 -6
leaf_value=10.084151581566035 12.969804391991827 -14.241034372340867 -6.2782050415441013 -1.0669904513947992 0.46011211032357163
leaf_weight=56 58 51 50 75 81
leaf_count=56 58 51 50 75 81
internal_value=0.631759 -1.66472 1.54485 -6.42057 -2.12016
internal_weight=371 313 187 126 131
internal_count=371 313 187 126 131
is_linear=0
shrinkage=0.03


Tree=118
num_leaves=6
num_cat=0
split_feature=24 3 11 24 24
split_gain=1.1009e+07 5.3556e+06 7.8055e+06 1.34153e+07 1.09045e+06
threshold=4347.2222222222235 55.350000000000001 1.5000000000000002 1938.8888888888889 2921.2972222222229
decision_type=2 2 2 2 2
left_child=1 -1 -3 -4 -5
right_child=-2 2 3 4 -6
leaf_value=-9.0439430491606636 12.582712699430475 -7.1481953706072705 16.940102709496927 -4.3645508306384295 1.5217172840418736
leaf_weight=68 58 81 51 59 54
leaf_count=68 58 81 51 59 54
internal_value=0.612853 -1.6151 0.455285 4.21691 -1.55498
internal_weight=371 313 245 164 113
internal_count=371 313 245 164 113
is_linear=0
shrinkage=0.03


Tree=119
num_leaves=6
num_cat=0
split_feature=24 3 11 24 24
split_gain=1.03614e+07 5.04067e+06 7.34628e+06 1.26269e+07 1.02633e+06
threshold=4347.2222222222235 55.350000000000001 1.5000000000000002 1938.8888888888889 2921.2972222222229
decision_type=2 2 2 2 2
left_child=1 -1 -3 -4 -5
right_child=-2 2 3 4 -6
leaf_value=-8.773816497727335 12.207173571308521 -6.9345408421864807 16.434871851603191 -4.2342767635605991 1.4763180239819689
leaf_weight=68 58 81 51 59 54
leaf_count=68 58 81 51 59 54
internal_value=0.594721 -1.56671 0.44188 4.09118 -1.50856
internal_weight=371 313 245 164 113
internal_count=371 313 245 164 113
is_linear=0
shrinkage=0.03


Tree=120
num_leaves=6
num_cat=0
split_feature=24 24 24 21 27
split_gain=9.45803e+06 9.5453e+06 6.05772e+06 2.09246e+06 843247
threshold=4787.0361111111115 1.0000000180025095e-35 1953.7027777777778 0.63667604752970619 0.69636977696931246
decision_type=2 2 2 2 2
left_child=1 -1 -3 -4 -5
right_child=-2 2 3 4 -6
leaf_value=8.9112880324148325 12.537839216958043 -12.998098090768558 -5.2819157743917495 -1.1108313597700252 3.7729562253797031
leaf_weight=67 52 51 82 81 52
leaf_count=67 52 51 82 81 52
internal_value=0.677292 -1.1844 -3.7345 -1.522 0.802746
internal_weight=385 333 266 215 133
internal_count=385 333 266 215 133
is_linear=0
shrinkage=0.03


Tree=121
num_leaves=6
num_cat=0
split_feature=24 24 24 0 2
split_gain=8.90219e+06 8.98369e+06 5.70193e+06 1.7065e+06 1.28431e+06
threshold=4787.0361111111115 1.0000000180025095e-35 1953.7027777777778 607.80000000000007 1.4000000000000001
decision_type=2 2 2 2 2
left_child=1 -1 -3 4 -4
right_child=-2 2 3 -5 -6
leaf_value=8.6451412184064846 12.163861628399298 -12.610435536423621 -7.2333081353149176 2.2838727595697299 -1.2772586237569712
leaf_weight=67 52 51 50 72 93
leaf_count=67 52 51 50 72 93
internal_value=0.657109 -1.14905 -3.623 -1.47645 -3.37064
internal_weight=385 333 266 215 143
internal_count=385 333 266 215 143
is_linear=0
shrinkage=0.03


Tree=122
num_leaves=7
num_cat=0
split_feature=24 24 24 26 0 28
split_gain=8.37914e+06 8.4553e+06 5.40418e+06 1.62989e+06 1.3477e+06 985369
threshold=4787.0361111111115 1.0000000180025095e-35 2574.0750000000003 8.5500000000000025 614.10000000000014 0.54154757264970865
decision_type=2 2 2 2 2 2
left_child=1 -1 3 -3 5 -4
right_child=-2 2 4 -5 -6 -7
leaf_value=8.3869429226403422 11.801039134364569 -12.83625089906082 0.49950729487604356 -5.1357025894635244 3.741719469406815 -5.1187787270406533
leaf_weight=67 52 50 62 50 53 51
leaf_count=67 52 50 62 50 53 51
internal_value=0.637441 -1.11485 -3.51494 -9.01294 -0.192558 -2.04294
internal_weight=385 333 266 100 166 113
internal_count=385 333 266 100 166 113
is_linear=0
shrinkage=0.03


Tree=123
num_leaves=6
num_cat=0
split_feature=4 11 8 0 26
split_gain=5.14101e+06 3.19734e+06 3.43728e+06 4.45221e+06 2.54133e+06
threshold=1002.6500000000002 4.5000000000000009 6.5500000000000007 251.85000000000002 8.6500000000000039
decision_type=2 2 2 2 2
left_child=-1 2 4 -4 -2
right_child=1 -3 3 -5 -6
leaf_value=8.4343516260300788 -0.17880912487290893 -7.0829735584165689 4.6092589039272731 -6.3548145167700021 8.7314745569470364
leaf_weight=63 56 61 51 95 59
leaf_count=63 56 61 51 95 59
internal_value=0.618349 -0.917268 0.530201 -2.52324 4.4033
internal_weight=385 322 261 146 115
internal_count=385 322 261 146 115
is_linear=0
shrinkage=0.03


Tree=124
num_leaves=6
num_cat=0
split_feature=24 1 24 21 27
split_gain=7.88169e+06 7.84495e+06 5.12257e+06 1.90684e+06 783712
threshold=4787.0361111111115 1.0000000180025095e-35 1953.7027777777778 0.63667604752970619 0.69636977696931246
decision_type=2 2 2 2 2
left_child=1 -1 -3 -4 -5
right_child=-2 2 3 4 -6
leaf_value=8.0529766617841574 11.42714261864613 -11.929900907048008 -4.966068702549431 -1.0026573178553575 3.7056788640040512
leaf_weight=67 52 51 82 81 52
leaf_count=67 52 51 82 81 52
internal_value=0.599988 -1.09948 -3.4113 -1.37676 0.842325
internal_weight=385 333 266 215 133
internal_count=385 333 266 215 133
is_linear=0
shrinkage=0.03


Tree=125
num_leaves=6
num_cat=0
split_feature=24 4 24 6 23
split_gain=7.0148e+06 5.96711e+06 1.21276e+07 2.36864e+06 764126
threshold=3194.4444444444448 1004.9500000000002 1513.8888888888891 3.1500000000000008 0.25000000000000017
decision_type=2 2 2 2 2
left_child=1 -1 -3 -2 -4
right_child=3 2 4 -5 -6
leaf_value=3.2540403390523993 0.46117882970143625 -19.606328142846532 0.4320873707543107 8.0060284304025409 -4.5664076779312657
leaf_weight=64 83 51 58 68 52
leaf_count=64 83 51 58 68 52
internal_value=-1.12928 -4.48377 -7.56006 3.86806 -1.93675
internal_weight=376 225 161 151 110
internal_count=376 225 161 151 110
is_linear=0
shrinkage=0.03


Tree=126
num_leaves=6
num_cat=0
split_feature=24 4 24 3 27
split_gain=6.60238e+06 5.61636e+06 1.1415e+07 1.73155e+06 1.14142e+06
threshold=3194.4444444444448 1004.9500000000002 1513.8888888888891 57.95000000000001 0.34961831516194053
decision_type=2 2 2 2 2
left_child=1 -1 -3 -2 -4
right_child=3 2 4 -5 -6
leaf_value=3.1568747659270908 8.0427941372117946 -19.021578129104704 -5.2125093685774875 1.3465937619378361 0.91092136111425526
leaf_weight=64 54 51 50 97 60
leaf_count=64 54 51 50 97 60
internal_value=-1.09569 -4.35007 -7.33458 3.75252 -1.87898
internal_weight=376 225 161 151 110
internal_count=376 225 161 151 110
is_linear=0
shrinkage=0.03


Tree=127
num_leaves=6
num_cat=0
split_feature=7 1 3 22 11
split_gain=4.72926e+06 5.65858e+06 3.04275e+06 1.97465e+06 1.2019e+06
threshold=26.650000000000002 0.6000000000000002 57.95000000000001 0.68301270189221941 2.5000000000000004
decision_type=2 2 2 2 2
left_child=1 -1 -3 4 -4
right_child=-2 2 3 -5 -6
leaf_value=-11.673800498704551 7.2178083143985745 3.8610871650462517 -2.2473650677576247 0.84633359826418497 -8.5291344002932039
leaf_weight=50 53 88 54 75 56
leaf_count=50 53 88 54 75 56
internal_value=-1.06307 -2.42732 -0.722833 -2.90606 -5.45994
internal_weight=376 323 273 185 110
internal_count=376 323 273 185 110
is_linear=0
shrinkage=0.03


Tree=128
num_leaves=5
num_cat=0
split_feature=29 4 0 0
split_gain=4.73764e+06 5.17798e+06 4.45339e+06 4.30189e+06
threshold=-1.0000000180025095e-35 1008.7500000000001 269.55000000000001 457.05000000000007
decision_type=2 2 2 2
left_child=1 -1 -2 -4
right_child=2 -3 3 -5
leaf_value=10.655654909123177 1.5611495596337293 -1.092218779985463 -14.047125824611658 -3.121360190986683
leaf_weight=53 89 92 50 92
leaf_count=53 89 92 50 92
internal_value=-1.03143 3.2149 -3.69763 -6.99003
internal_weight=376 145 231 142
internal_count=376 145 231 142
is_linear=0
shrinkage=0.03


Tree=129
num_leaves=6
num_cat=0
split_feature=24 4 24 15 21
split_gain=6.08523e+06 4.65077e+06 1.12236e+07 1.19066e+06 1.15866e+06
threshold=3509.2583333333337 1004.9500000000002 1513.8888888888891 1.0000000180025095e-35 0.88250936329588026
decision_type=2 2 2 2 2
left_child=1 -1 -3 -4 -2
right_child=4 2 3 -5 -6
leaf_value=2.9589471507532989 6.4757297805178071 -18.150999570701554 -4.0834495468555154 1.7369204606044355 0.65384682359562718
leaf_weight=67 80 51 72 56 50
leaf_count=67 80 51 72 56 50
internal_value=-1.00063 -3.77363 -6.29443 -1.53886 4.24327
internal_weight=376 246 179 128 130
internal_count=376 246 179 128 130
is_linear=0
shrinkage=0.03


Tree=130
num_leaves=5
num_cat=0
split_feature=27 0 6 2
split_gain=7.88012e+06 8.44358e+06 6.38885e+06 5.3767e+06
threshold=0.7206604759859373 463.30000000000007 2.9500000000000006 11.65
decision_type=2 2 2 2
left_child=1 2 -1 -2
right_child=3 -3 -4 -5
leaf_value=2.8947354084646717 -10.218839737029665 -3.0175000884049759 15.450937963290166 1.4127990322842605
leaf_weight=80 75 90 67 68
leaf_count=80 75 90 67 68
internal_value=0.859402 4.2133 8.6375 -4.69627
internal_weight=380 237 147 143
internal_count=380 237 147 143
is_linear=0
shrinkage=0.03


Tree=131
num_leaves=7
num_cat=0
split_feature=24 3 28 24 0 21
split_gain=1.54378e+07 8.80786e+06 3.68264e+06 9.46844e+06 1.84877e+06 863868
threshold=4861.1111111111122 81.15000000000002 0.85195127662188896 1513.8888888888891 607.80000000000007 0.78866123068171057
decision_type=2 2 2 2 2 2
left_child=1 2 3 -1 5 -5
right_child=-2 -3 -4 4 -6 -7
leaf_value=-15.066722370851641 16.316053618133424 8.9508712196490823 3.5234465722961881 -6.6536552906225985 2.9580026463789708 -1.1046934680440272
leaf_weight=65 50 59 50 50 55 51
leaf_count=65 50 59 50 50 55 51
internal_value=0.833775 -1.52469 -3.81275 -5.47509 -1.45728 -3.86336
internal_weight=380 330 271 221 156 101
internal_count=380 330 271 221 156 101
is_linear=0
shrinkage=0.03


Tree=132
num_leaves=6
num_cat=0
split_feature=24 4 24 15 0
split_gain=1.45306e+07 8.71762e+06 4.36794e+06 2.23705e+06 1.2596e+06
threshold=4861.1111111111122 1002.6500000000002 1513.8888888888891 1.0000000180025095e-35 562.95000000000016
decision_type=2 2 2 2 2
left_child=1 -1 -3 4 -4
right_child=-2 2 3 -5 -6
leaf_value=10.022590392929898 15.829491588296756 -10.076747240834422 -6.33104115424275 2.4374508629869869 -0.27459110346154431
leaf_weight=50 50 69 76 83 52
leaf_count=50 50 69 76 83 52
internal_value=0.808973 -1.47915 -3.54159 -1.39318 -3.87707
internal_weight=380 330 280 211 128
internal_count=380 330 280 211 128
is_linear=0
shrinkage=0.03


Tree=133
num_leaves=6
num_cat=0
split_feature=0 3 11 20 2
split_gain=7.21846e+06 4.74765e+06 4.9054e+06 3.80643e+06 7.43736e+06
threshold=150.85000000000005 47.350000000000001 4.5000000000000009 5.2703000000000007 10.550000000000002
decision_type=2 2 2 2 2
left_child=-1 -2 3 -3 -5
right_child=1 2 -4 4 -6
leaf_value=9.7799849299877479 -9.1814673233822575 5.4864352768694458 8.4112266615229014 -12.050754095481233 1.434057895499216
leaf_weight=66 54 51 56 61 92
leaf_count=66 54 51 56 61 92
internal_value=0.784977 -1.11319 0.571139 -1.59019 -3.95524
internal_weight=380 314 260 204 153
internal_count=380 314 260 204 153
is_linear=0
shrinkage=0.03


Tree=134
num_leaves=7
num_cat=0
split_feature=24 3 26 6 2 24
split_gain=1.35274e+07 8.06183e+06 3.94872e+06 6.70726e+06 3.75578e+06 3.28439e+06
threshold=4861.1111111111122 81.15000000000002 7.4500000000000011 3.3500000000000001 13.750000000000002 2657.4083333333338
decision_type=2 2 2 2 2 2
left_child=1 2 5 4 -4 -1
right_child=-2 -3 3 -5 -6 -7
leaf_value=-13.201392095231235 15.254231609094216 8.5759028880793178 9.3395005839331109 -9.8340197173738577 -1.5877354726039967 -2.6795259640914306
leaf_weight=55 50 59 51 50 63 52
leaf_count=55 50 59 51 50 63 52
internal_value=0.76152 -1.44618 -3.63521 -0.70626 3.31237 -8.10983
internal_weight=380 330 271 164 114 107
internal_count=380 330 271 164 114 107
is_linear=0
shrinkage=0.03


Tree=135
num_leaves=6
num_cat=0
split_feature=0 24 28 27 24
split_gain=4.6541e+06 5.70332e+06 1.5978e+06 1.58689e+06 1.35714e+06
threshold=224.95000000000002 1513.8888888888891 0.70242338714296659 0.15004289252589101 3069.4444444444448
decision_type=2 2 2 2 2
left_child=3 -2 4 -1 -3
right_child=1 2 -4 -5 -6
leaf_value=8.2973023205894929 -10.554764786122561 -0.99208833168079313 -3.7507589160641945 0.99396901826173556 5.3121369550025488
leaf_weight=53 64 69 74 54 55
leaf_count=53 64 69 74 54 55
internal_value=-0.63936 -2.79204 -0.27066 4.62468 1.81014
internal_weight=369 262 198 107 124
internal_count=369 262 198 107 124
is_linear=0
shrinkage=0.03


Tree=136
num_leaves=6
num_cat=0
split_feature=4 24 27 24 0
split_gain=4.41471e+06 8.41881e+06 2.67109e+06 2.70181e+06 1.04278e+06
threshold=1002.6500000000002 1513.8888888888891 -0.25118773779856163 3840.2777777777778 654.95000000000016
decision_type=2 2 2 2 2
left_child=-1 -2 -3 4 -4
right_child=1 2 3 -5 -6
leaf_value=6.9567617335573075 -12.316052363642697 -3.9205817217720336 -2.9566629849985167 7.8336310920977468 2.9078503524071988
leaf_weight=58 58 87 58 57 51
leaf_count=58 58 87 58 57 51
internal_value=-0.620195 -2.03863 0.329217 2.55963 -0.212184
internal_weight=369 311 253 166 109
internal_count=369 311 253 166 109
is_linear=0
shrinkage=0.03


Tree=137
num_leaves=6
num_cat=0
split_feature=0 24 26 3 15
split_gain=4.31052e+06 5.10237e+06 1.769e+06 1.60022e+06 2.1549e+06
threshold=224.95000000000002 1513.8888888888891 7.2500000000000018 57.95000000000001 1.0000000180025095e-35
decision_type=2 2 2 2 2
left_child=2 -2 -1 -3 -5
right_child=1 3 -4 4 -6
leaf_value=8.2700961878023094 -10.015713245219798 3.5160199925694529 0.56193703184431987 -5.3260003261698454 2.4770251374514198
leaf_weight=54 64 66 53 79 53
leaf_count=54 64 66 53 79 53
internal_value=-0.601625 -2.67333 4.46437 -0.288433 -2.19439
internal_weight=369 262 107 198 132
internal_count=369 262 107 198 132
is_linear=0
shrinkage=0.03


Tree=138
num_leaves=6
num_cat=0
split_feature=4 24 27 24 27
split_gain=4.12154e+06 7.6126e+06 2.34158e+06 2.47574e+06 979778
threshold=1002.6500000000002 1694.4444444444446 -0.25118773779856163 3962.963888888889 0.80900950266415306
decision_type=2 2 2 2 2
left_child=-1 -2 -3 4 -4
right_child=1 2 3 -5 -6
leaf_value=6.7374474002975546 -11.148950581469023 -3.622113519105199 -3.0799341504379485 7.9925720656545538 2.5489996434176523
leaf_weight=58 64 84 50 51 62
leaf_count=58 64 84 50 51 62
internal_value=-0.583587 -1.95413 0.438932 2.5346 0.0344879
internal_weight=369 311 247 163 112
internal_count=369 311 247 163 112
is_linear=0
shrinkage=0.03


Tree=139
num_leaves=6
num_cat=0
split_feature=0 24 9 28 26
split_gain=3.97774e+06 4.58611e+06 2.24918e+06 2.67811e+06 1.63048e+06
threshold=224.95000000000002 1513.8888888888891 0.15000000000000005 0.65180241000790706 7.2500000000000018
decision_type=2 2 2 2 2
left_child=4 -2 3 -3 -1
right_child=1 2 -4 -5 -6
leaf_value=7.9541073523568846 -9.5172578971233932 0.823765180395717 4.3192430743310908 -7.8927273648245295 0.55378348661408416
leaf_weight=54 64 83 64 51 53
leaf_count=54 64 83 64 51 53
internal_value=-0.566092 -2.55624 -0.295169 -2.50386 4.30041
internal_weight=369 262 198 134 107
internal_count=369 262 198 134 107
is_linear=0
shrinkage=0.03


Tree=140
num_leaves=6
num_cat=0
split_feature=22 1 27 11 7
split_gain=1.36055e+07 4.75446e+06 1.51763e+06 1.77729e+06 263285
threshold=-0.6830127018922193 0.6000000000000002 0.77753234098132629 2.5000000000000004 16.350000000000005
decision_type=2 2 2 2 2
left_child=-1 -2 3 -3 -4
right_child=1 2 4 -5 -6
leaf_value=14.100101815412183 -9.6038935123064135 1.2501879853603997 1.1956996710305186 -5.0836185349912997 4.2366029073060343
leaf_weight=57 57 80 50 79 53
leaf_count=57 57 80 50 79 53
internal_value=0.640062 -1.77598 -0.0638934 -1.90039 2.76828
internal_weight=376 319 262 159 103
internal_count=376 319 262 159 103
is_linear=0
shrinkage=0.03


Tree=141
num_leaves=6
num_cat=0
split_feature=24 22 24 28 0
split_gain=1.29084e+07 1.11719e+07 4.70769e+06 2.05556e+06 870217
threshold=4902.7777777777783 -0.6830127018922193 1250.0000000000002 0.59809228744854648 395.35000000000008
decision_type=2 2 2 2 2
left_child=1 -1 -3 4 -4
right_child=-2 2 3 -5 -6
leaf_value=11.445910756317808 14.76687773626794 -11.110354106776523 -2.1647724362825183 -5.326903165148706 2.8503037243504679
leaf_weight=50 50 63 55 87 71
leaf_count=50 50 63 55 87 71
internal_value=0.621007 -1.56016 -3.92623 -1.78867 0.66117
internal_weight=376 326 276 213 126
internal_count=376 326 276 213 126
is_linear=0
shrinkage=0.03


Tree=142
num_leaves=6
num_cat=0
split_feature=22 24 27 24 0
split_gain=1.21561e+07 7.26037e+06 1.78933e+06 2.13121e+06 690467
threshold=-0.6830127018922193 1250.0000000000002 -0.21772121422198129 4069.4444444444448 672.50000000000011
decision_type=2 2 2 2 2
left_child=-1 -2 -3 4 -4
right_child=1 2 3 -5 -6
leaf_value=13.325562687669127 -10.778622925767403 -3.9530639157573972 -2.04973747689173 6.6500311589122409 2.2386210682108199
leaf_weight=57 63 60 75 60 61
leaf_count=57 63 60 75 60 61
internal_value=0.602626 -1.68111 0.567696 1.95557 -0.125523
internal_weight=376 319 256 196 136
internal_count=376 319 256 196 136
is_linear=0
shrinkage=0.03


Tree=143
num_leaves=6
num_cat=0
split_feature=24 19 24 24 27
split_gain=1.18833e+07 6.98672e+06 7.57228e+06 4.32678e+06 2.22685e+06
threshold=4902.7777777777783 1.0000000180025095e-35 1731.4805555555556 1847.2222222222224 0.76665171983724034
decision_type=2 2 2 2 2
left_child=1 2 -1 -3 -5
right_child=-2 3 -4 4 -6
leaf_value=13.085011754803819 14.157247542121539 -12.558814946244773 -2.0355462934082884 -5.7243992776687547 1.529070075016103
leaf_weight=50 50 50 73 83 70
leaf_count=50 50 50 73 83 70
internal_value=0.584677 -1.50808 4.12783 -4.92404 -2.40926
internal_weight=376 326 123 203 153
internal_count=376 326 123 203 153
is_linear=0
shrinkage=0.03


Tree=144
num_leaves=7
num_cat=0
split_feature=24 22 2 24 14 0
split_gain=1.1185e+07 9.59064e+06 4.28064e+06 4.86406e+06 1.71577e+06 1.5257e+06
threshold=4902.7777777777783 -0.6830127018922193 12.550000000000002 1731.4805555555556 143.00000000000003 582.05000000000007
decision_type=2 2 2 2 2 2
left_child=1 -1 3 -3 -4 -5
right_child=-2 2 4 5 -6 -7
leaf_value=10.587536532784076 13.735063167139741 -14.356239512427132 3.8312797152854361 -6.5219879198823305 -3.4932740968643552 0.64553268208892411
leaf_weight=50 50 52 67 57 50 50
leaf_count=50 50 52 67 57 50 50
internal_value=0.567338 -1.463 -3.65522 -6.85544 0.700123 -3.18015
internal_weight=376 326 276 159 117 107
internal_count=376 326 276 159 117 107
is_linear=0
shrinkage=0.03


Tree=145
num_leaves=7
num_cat=0
split_feature=22 26 25 7 2 21
split_gain=6.31229e+06 3.91365e+06 3.82449e+06 4.13192e+06 3.15592e+06 2.36213e+06
threshold=-0.6830127018922193 6.450000000000002 16.493645000000001 12.350000000000003 11.65 0.6130562294956895
decision_type=2 2 2 2 2 2
left_child=-1 5 3 -3 -5 -2
right_child=1 2 -4 4 -6 -7
leaf_value=7.4988103326719404 -13.337785014499492 2.7805799233320441 5.5878862709050994 -11.523889189625239 -1.538936459557732 -4.1395631579348917
leaf_weight=51 50 58 51 63 52 51
leaf_count=51 50 58 51 63 52 51
internal_value=-2.28473 -3.82552 -1.61022 -3.73826 -7.02478 -8.71924
internal_weight=376 325 224 173 115 101
internal_count=376 325 224 173 115 101
is_linear=0
shrinkage=0.03


Tree=146
num_leaves=6
num_cat=0
split_feature=6 26 2 3 11
split_gain=6.08982e+06 5.85973e+06 6.76795e+06 3.07497e+06 2.33803e+06
threshold=3.4500000000000006 6.6500000000000021 5.3500000000000005 65.350000000000009 2.5000000000000004
decision_type=2 2 2 2 2
left_child=1 -1 -3 -2 -4
right_child=3 2 4 -5 -6
leaf_value=-7.0003076493254612 -11.556010388813574 11.130355007995325 -5.4959009938213708 -2.3953273309735645 3.1559967655730694
leaf_weight=66 72 65 54 61 58
leaf_count=66 72 65 54 61 58
internal_value=-2.21654 0.60933 3.45392 -7.36941 -1.01891
internal_weight=376 243 177 133 112
internal_count=376 243 177 133 112
is_linear=0
shrinkage=0.03


Tree=147
num_leaves=6
num_cat=0
split_feature=22 24 0 27 10
split_gain=5.91472e+06 5.20394e+06 2.84932e+06 3.11441e+06 1.27836e+06
threshold=-0.6830127018922193 1250.0000000000002 443.15000000000003 0.38165740977356993 3.5000000000000004
decision_type=2 2 2 2 2
left_child=-1 -2 3 -3 -4
right_child=1 2 4 -5 -6
leaf_value=7.319972072400545 -10.935396173072585 -10.183054215548093 -1.7623180821843751 -0.47086011784901555 4.0295683042439183
leaf_weight=51 69 56 65 63 72
leaf_count=51 69 56 65 63 72
internal_value=-2.15033 -3.64185 -1.66548 -5.05549 1.28368
internal_weight=376 325 256 119 137
internal_count=376 325 256 119 137
is_linear=0
shrinkage=0.03


Tree=148
num_leaves=6
num_cat=0
split_feature=6 26 2 24 8
split_gain=5.6648e+06 5.4863e+06 6.40315e+06 3.65969e+06 2.88956e+06
threshold=3.4500000000000006 6.6500000000000021 5.3500000000000005 2430.5555555555561 10.65
decision_type=2 2 2 2 2
left_child=1 -1 -3 -2 -4
right_child=3 2 4 -5 -6
leaf_value=-6.7239409269574537 -13.054043816440013 10.858376217268146 -5.2749726780498012 -2.9219611310387616 4.3921998288190629
leaf_weight=66 54 65 62 79 50
leaf_count=66 54 65 62 79 50
internal_value=-2.08611 0.639303 3.3917 -7.05593 -0.958986
internal_weight=376 243 177 133 112
internal_count=376 243 177 133 112
is_linear=0
shrinkage=0.03


Tree=149
num_leaves=6
num_cat=0
split_feature=9 6 26 25 4
split_gain=5.53374e+06 4.24663e+06 4.3844e+06 6.53684e+06 1.72684e+06
threshold=1.9500000000000002 4.2500000000000009 6.9000000000000012 14.994715000000001 1014.1500000000002
decision_type=2 2 2 2 2
left_child=1 2 -1 4 -4
right_child=-2 -3 3 -5 -6
leaf_value=-8.6371914414523445 5.8459738654033098 -11.241035014569867 -8.1627793691080797 7.3686526030227855 -0.80988040149860774
leaf_weight=67 66 55 52 72 64
leaf_count=67 66 55 52 72 64
internal_value=-2.02383 -3.7034 -2.0663 0.285432 -4.11864
internal_weight=376 310 255 188 116
internal_count=376 310 255 188 116
is_linear=0
shrinkage=0.03


Tree=150
num_leaves=6
num_cat=0
split_feature=28 4 6 2 11
split_gain=7.45085e+06 2.46099e+06 2.51885e+06 1.49522e+06 1.5047e+06
threshold=-0.71464691390916035 1022.1500000000002 4.2500000000000009 4.7500000000000009 2.5000000000000004
decision_type=2 2 2 2 2
left_child=-1 2 3 -2 -5
right_child=1 -3 -4 4 -6
leaf_value=9.1500656403546561 1.0843824410153573 3.2015819856211625 -9.5068976829280487 -7.9842234180978151 -1.4540183838430154
leaf_weight=57 75 54 55 55 75
leaf_count=57 75 54 55 55 75
internal_value=-0.799728 -2.61294 -3.8229 -2.28622 -4.22889
internal_weight=371 314 260 205 130
internal_count=371 314 260 205 130
is_linear=0
shrinkage=0.03


Tree=151
num_leaves=6
num_cat=0
split_feature=28 24 27 0 24
split_gain=7.01279e+06 1.19884e+07 2.61238e+06 2.30336e+06 822096
threshold=-0.71464691390916035 1513.8888888888891 0.56314550935064711 283.50000000000006 3479.166666666667
decision_type=2 2 2 2 2
left_child=-1 -2 3 -3 -4
right_child=1 2 4 -5 -6
leaf_value=8.8770010130318049 -14.943476767415152 -7.5724140954245582 1.3115152012716669 0.46418194605952123 6.3033505608184992
leaf_weight=57 57 52 71 83 51
leaf_count=57 57 52 71 83 51
internal_value=-0.775869 -2.53497 0.23129 -2.64126 3.40868
internal_weight=371 314 257 135 122
internal_count=371 314 257 135 122
is_linear=0
shrinkage=0.03


Tree=152
num_leaves=6
num_cat=0
split_feature=3 24 0 27 26
split_gain=6.45444e+06 7.56761e+06 5.90908e+06 2.39689e+06 1.69082e+06
threshold=77.200000000000003 1564.8138888888891 392.10000000000008 0.56314550935064711 8.6500000000000039
decision_type=2 2 2 2 2
left_child=1 -1 -2 4 -3
right_child=2 3 -4 -5 -6
leaf_value=-13.186335948509507 12.127190105377251 -0.39612754315514054 -1.6904764285958482 3.2068548441612004 -7.5873742434613511
leaf_weight=55 56 71 55 84 50
leaf_count=55 56 71 55 84 50
internal_value=-0.752725 -3.33755 5.29442 -0.679742 -3.37921
internal_weight=371 260 111 205 121
internal_count=371 260 111 205 121
is_linear=0
shrinkage=0.03


Tree=153
num_leaves=6
num_cat=0
split_feature=28 24 27 0 24
split_gain=6.42747e+06 1.08156e+07 2.35671e+06 2.18665e+06 769201
threshold=-0.71464691390916035 1513.8888888888891 0.56314550935064711 283.50000000000006 3479.166666666667
decision_type=2 2 2 2 2
left_child=-1 -2 3 -3 -4
right_child=1 2 4 -5 -6
leaf_value=8.5109148097662395 -14.200360085552276 -7.3199396764525497 1.2027330306360464 0.51023709846716403 6.0308611101295515
leaf_weight=57 57 52 71 83 51
leaf_count=57 57 52 71 83 51
internal_value=-0.730327 -2.41443 0.213047 -2.51531 3.23097
internal_weight=371 314 257 135 122
internal_count=371 314 257 135 122
is_linear=0
shrinkage=0.03


Tree=154
num_leaves=6
num_cat=0
split_feature=28 24 27 0 24
split_gain=6.04958e+06 1.01797e+07 2.21821e+06 2.05814e+06 724020
threshold=-0.71464691390916035 1513.8888888888891 0.56314550935064711 283.50000000000006 3479.166666666667
decision_type=2 2 2 2 2
left_child=-1 -2 3 -3 -4
right_child=1 2 4 -5 -6
leaf_value=8.256924233080829 -13.776579864462009 -7.1016012103516566 1.1668028312060474 0.49498516836086243 5.8509932797972919
leaf_weight=57 57 52 71 83 51
leaf_count=57 57 52 71 83 51
internal_value=-0.708542 -2.34239 0.206671 -2.4403 3.13457
internal_weight=371 314 257 135 122
internal_count=371 314 257 135 122
is_linear=0
shrinkage=0.03


Tree=155
num_leaves=6
num_cat=0
split_feature=14 0 24 27 11
split_gain=5.3296e+06 8.00216e+06 7.35972e+06 1.04151e+06 537917
threshold=196.00000000000003 470.35000000000008 1340.2777777777781 0.85206963063867758 2.5000000000000004
decision_type=2 2 2 2 2
left_child=2 -2 -1 4 -4
right_child=1 -3 3 -5 -6
leaf_value=-12.238836424764855 9.7932056775392091 -4.6539949463019363 0.23282894848382962 2.500400360652808 -3.9843254646510649
leaf_weight=59 89 56 51 79 58
leaf_count=59 89 56 51 79 58
internal_value=-0.344892 4.21545 -3.02392 -0.117059 -2.01586
internal_weight=392 145 247 188 109
internal_count=392 145 247 188 109
is_linear=0
shrinkage=0.03


Tree=156
num_leaves=6
num_cat=0
split_feature=27 24 24 24 2
split_gain=4.92112e+06 1.13879e+07 7.24344e+06 4.06712e+06 1.23177e+06
threshold=0.51225279916095534 1652.7777777777781 1652.7777777777781 3962.963888888889 5.2500000000000009
decision_type=2 2 2 2 2
left_child=2 -2 -1 -4 -3
right_child=1 4 3 -5 -6
leaf_value=12.71413121206386 -16.094386265642836 -2.76784698170193 -4.1957217317360156 5.5278341493988483 3.1280608124257983
leaf_weight=50 50 54 97 64 77
leaf_count=50 50 54 97 64 77
internal_value=-0.334736 -3.96052 2.7767 -0.327309 0.696847
internal_weight=392 181 211 161 131
internal_count=392 181 211 161 131
is_linear=0
shrinkage=0.03


Tree=157
num_leaves=6
num_cat=0
split_feature=14 4 29 5 20
split_gain=4.79278e+06 7.24995e+06 5.95597e+06 2.29856e+06 2.37206e+06
threshold=196.00000000000003 1008.1500000000002 0.6078576107927941 7.8750000000000009 8.6426500000000015
decision_type=2 2 2 2 2
left_child=2 -2 3 -1 -5
right_child=1 -3 -4 4 -6
leaf_value=5.1231787556399251 13.209464926103475 -0.87356205248069663 -10.108539823160132 -7.0198112972106355 1.5001750521780299
leaf_weight=56 50 95 72 52 67
leaf_count=56 50 95 72 52 67
internal_value=-0.324732 3.99984 -2.86526 0.126986 -2.23106
internal_weight=392 145 247 175 119
internal_count=392 145 247 175 119
is_linear=0
shrinkage=0.03


Tree=158
num_leaves=6
num_cat=0
split_feature=14 0 24 27 11
split_gain=4.51108e+06 7.43508e+06 6.61684e+06 1.02486e+06 498030
threshold=196.00000000000003 470.35000000000008 1340.2777777777781 0.88203985695844977 2.5000000000000004
decision_type=2 2 2 2 2
left_child=2 -2 -1 4 -4
right_child=1 -3 3 -5 -6
leaf_value=-11.517155172467032 9.2573003722705618 -4.6681322573514432 0.32120937193535953 2.7193239418815316 -3.648005061992619
leaf_weight=59 89 56 53 74 61
leaf_count=59 89 56 53 74 61
internal_value=-0.314947 3.88061 -2.77968 -0.0235713 -1.80659
internal_weight=392 145 247 188 114
internal_count=392 145 247 188 114
is_linear=0
shrinkage=0.03


Tree=159
num_leaves=6
num_cat=0
split_feature=14 4 24 27 2
split_gain=4.24542e+06 6.73213e+06 6.2277e+06 964547 430283
threshold=196.00000000000003 1008.1500000000002 1340.2777777777781 0.88203985695844977 5.8500000000000005
decision_type=2 2 2 2 2
left_child=2 -2 -1 4 -4
right_child=1 -3 3 -5 -6
leaf_value=-11.173388370430288 12.639146855261407 -0.93140147420066599 -3.828926592005887 2.6380736498749271 -0.12012609791792755
leaf_weight=59 50 95 50 74 64
leaf_count=59 50 95 50 74 64
internal_value=-0.305671 3.76447 -2.69673 -0.0228903 -1.75265
internal_weight=392 145 247 188 114
internal_count=392 145 247 188 114
is_linear=0
shrinkage=0.03


Tree=160
num_leaves=6
num_cat=0
split_feature=14 26 3 4 21
split_gain=4.25923e+06 3.70989e+06 7.01836e+06 3.82439e+06 730770
threshold=42.000000000000007 6.450000000000002 49.300000000000004 1008.35 0.85815109133290968
decision_type=2 2 2 2 2
left_child=-1 -2 -3 -4 -5
right_child=1 2 3 4 -6
leaf_value=6.4760344135552126 -7.784796834677489 -10.248416976600488 8.2268580635095301 -3.7329468014365745 1.3323378392897154
leaf_weight=51 95 52 62 51 51
leaf_count=51 95 52 62 51 51
internal_value=-1.53539 -2.85416 -0.677768 2.36995 -1.20374
internal_weight=362 311 216 164 102
internal_count=362 311 216 164 102
is_linear=0
shrinkage=0.03


Tree=161
num_leaves=6
num_cat=0
split_feature=26 3 25 2 0
split_gain=4.06385e+06 6.16545e+06 5.52992e+06 2.96637e+06 2.70448e+06
threshold=6.7000000000000028 47.350000000000001 17.180792500000006 5.3500000000000005 453.85000000000008
decision_type=2 2 2 2 2
left_child=2 -2 -1 -3 -5
right_child=1 3 -4 4 -6
leaf_value=-0.72035101572672533 -7.6739371834999606 9.1903617363401384 -13.405045447300751 -4.1007919742913446 5.0068471628856521
leaf_weight=78 57 58 51 53 65
leaf_count=78 57 58 51 53 65
internal_value=-1.48947 0.876328 -5.75477 3.65385 0.916026
internal_weight=362 233 129 176 118
internal_count=362 233 129 176 118
is_linear=0
shrinkage=0.03


Tree=162
num_leaves=6
num_cat=0
split_feature=14 3 21 29 15
split_gain=4.01994e+06 3.37246e+06 3.70355e+06 2.64704e+06 2.32914e+06
threshold=42.000000000000007 49.300000000000004 0.73365472005487453 -1.0000000180025095e-35 1.0000000180025095e-35
decision_type=2 2 2 2 2
left_child=-1 -2 3 -3 -4
right_child=1 2 4 -5 -6
leaf_value=6.3379607706460348 -9.5200465612714478 0.65148367864711154 -1.4622325365464477 -8.0964735063110211 6.7243988485360431
leaf_weight=51 54 50 66 82 59
leaf_count=51 54 50 66 82 59
internal_value=-1.44508 -2.7263 -1.28935 -4.78882 2.40863
internal_weight=362 311 257 132 125
internal_count=362 311 257 132 125
is_linear=0
shrinkage=0.03


Tree=163
num_leaves=6
num_cat=0
split_feature=14 3 21 24 27
split_gain=3.78361e+06 3.17434e+06 3.49181e+06 2.63391e+06 2.44051e+06
threshold=42.000000000000007 49.300000000000004 0.69366305139309414 2763.8888888888891 0.65189295912203338
decision_type=2 2 2 2 2
left_child=-1 -2 3 -3 -4
right_child=1 2 4 -5 -6
leaf_value=6.1489337799563053 -9.2360231994001918 -9.095001047781059 -2.0082676651574904 -0.3156565371251227 6.0741867117930655
leaf_weight=51 54 64 66 59 68
leaf_count=51 54 64 66 59 68
internal_value=-1.40186 -2.64485 -1.25075 -4.89486 2.09762
internal_weight=362 311 257 123 134
internal_count=362 311 257 123 134
is_linear=0
shrinkage=0.03


Tree=164
num_leaves=6
num_cat=0
split_feature=4 3 4 5 0
split_gain=2.59202e+06 3.65753e+06 3.65159e+06 3.03265e+06 2.25098e+06
threshold=1001.9500000000002 47.350000000000001 1008.35 7.8750000000000009 532.90000000000009
decision_type=2 2 2 2 2
left_child=-1 -2 -3 -4 -5
right_child=1 2 3 4 -6
leaf_value=-7.6078672839605321 -7.0330176071372854 7.0543774800619401 4.3797480886055231 -7.6051247869420386 0.61862762454559705
leaf_weight=51 59 70 62 64 56
leaf_count=51 59 70 62 64 56
internal_value=-1.36001 -0.329071 1.24696 -0.994539 -3.77533
internal_weight=362 311 252 182 120
internal_count=362 311 252 182 120
is_linear=0
shrinkage=0.03


Tree=165
num_leaves=6
num_cat=0
split_feature=1 24 14 23 24
split_gain=7.60825e+06 3.35175e+06 2.22167e+06 1.31134e+06 1.47792e+06
threshold=0.6000000000000002 2791.6666666666674 138.50000000000003 0.6830127018922193 3840.2777777777778
decision_type=2 2 2 2 2
left_child=-1 2 -2 4 -3
right_child=1 3 -4 -5 -6
leaf_value=9.13441888294774 -1.7345914263418585 -0.30691873350028925 -9.847529455604354 -2.0419922347607615 6.6815373951649812
leaf_weight=72 65 58 57 82 51
leaf_count=72 65 58 57 82 51
internal_value=0.362504 -1.6621 -5.53999 0.819632 2.97219
internal_weight=385 313 122 191 109
internal_count=385 313 122 191 109
is_linear=0
shrinkage=0.03


Tree=166
num_leaves=6
num_cat=0
split_feature=1 24 27 23 24
split_gain=7.16044e+06 3.15474e+06 3.09378e+06 1.23421e+06 1.39108e+06
threshold=0.6000000000000002 2791.6666666666674 0.65189295912203338 0.6830127018922193 3840.2777777777778
decision_type=2 2 2 2 2
left_child=-1 2 -2 4 -3
right_child=1 3 -4 -5 -6
leaf_value=8.8615235400694541 -9.342652457796687 -0.2977585641802073 0.36074037200650927 -1.9809557730024667 6.4822635913261202
leaf_weight=72 72 58 50 82 51
leaf_count=72 72 58 50 82 51
internal_value=0.351671 -1.61245 -5.37465 0.795244 2.88355
internal_weight=385 313 122 191 109
internal_count=385 313 122 191 109
is_linear=0
shrinkage=0.03


Tree=167
num_leaves=6
num_cat=0
split_feature=1 24 27 23 24
split_gain=6.73891e+06 2.96914e+06 2.9117e+06 1.16163e+06 1.30934e+06
threshold=0.6000000000000002 2791.6666666666674 0.65189295912203338 0.6830127018922193 3840.2777777777778
decision_type=2 2 2 2 2
left_child=-1 2 -2 4 -3
right_child=1 3 -4 -5 -6
leaf_value=8.5967808732155451 -9.063535872020168 -0.28887177860757296 0.34998268831795304 -1.921743704493396 6.2889327707677554
leaf_weight=72 72 58 50 82 51
leaf_count=72 72 58 50 82 51
internal_value=0.341215 -1.56421 -5.21407 0.771581 2.79755
internal_weight=385 313 122 191 109
internal_count=385 313 122 191 109
is_linear=0
shrinkage=0.03


Tree=168
num_leaves=6
num_cat=0
split_feature=1 3 27 24 11
split_gain=6.34219e+06 3.04996e+06 1.96865e+06 2.25932e+06 478306
threshold=0.6000000000000002 57.95000000000001 0.61866567420209762 2620.369444444445 2.5000000000000004
decision_type=2 2 2 2 2
left_child=-1 4 3 -3 -2
right_child=1 2 -4 -5 -6
leaf_value=8.3399475965064607 4.8648751524475884 -10.819301255531387 0.10149845316227557 -2.7096712286445923 0.71620105523475364
leaf_weight=72 50 50 82 81 50
leaf_count=72 50 50 82 81 50
internal_value=0.331071 -1.51742 -3.54502 -5.82267 2.79897
internal_weight=385 313 213 131 100
internal_count=385 313 213 131 100
is_linear=0
shrinkage=0.03


Tree=169
num_leaves=6
num_cat=0
split_feature=1 3 24 21 11
split_gain=5.96894e+06 2.87071e+06 1.87912e+06 1.32474e+06 450203
threshold=0.6000000000000002 57.95000000000001 2250.0000000000005 0.59336501901140692 2.5000000000000004
decision_type=2 2 2 2 2
left_child=-1 4 -3 -4 -2
right_child=1 2 3 -5 -6
leaf_value=8.0907874377238809 4.7197994630995614 -7.9781347794396078 -5.3556488231655557 0.41746078324948538 0.69484314408501391
leaf_weight=72 50 59 56 98 50
leaf_count=72 50 59 56 98 50
internal_value=0.321151 -1.47212 -3.43924 -1.68812 2.71551
internal_weight=385 313 213 154 100
internal_count=385 313 213 154 100
is_linear=0
shrinkage=0.03


Tree=170
num_leaves=5
num_cat=0
split_feature=1 8 3 2
split_gain=5.16736e+06 5.00667e+06 1.36095e+06 1.08542e+06
threshold=0.6000000000000002 13.15 52.650000000000006 5.6500000000000012
decision_type=2 2 2 2
left_child=-1 2 -2 -4
right_child=1 -3 3 -5
leaf_value=8.7083258352917259 5.870911015390802 -6.0540259642262226 -2.7516522718146863 2.6700024215011338
leaf_weight=70 65 94 53 88
leaf_count=70 65 94 53 88
internal_value=1.38744 -0.327729 2.2902 0.630496
internal_weight=370 300 206 141
internal_count=370 300 206 141
is_linear=0
shrinkage=0.03


Tree=171
num_leaves=5
num_cat=0
split_feature=1 24 5 27
split_gain=4.86322e+06 5.67772e+06 2.93322e+06 985435
threshold=0.6000000000000002 3791.6666666666674 19.350000000000005 0.69636977696931246
decision_type=2 2 2 2
left_child=-1 2 3 -2
right_child=1 -3 -4 -5
leaf_value=8.4481909277903764 -3.4674743310673781 5.9249637572788858 -9.1943904142033315 1.2824137020922226
leaf_weight=70 75 91 52 82
leaf_count=70 75 91 52 82
internal_value=1.34602 -0.317904 -3.04073 -0.988869
internal_weight=370 300 209 157
internal_count=370 300 209 157
is_linear=0
shrinkage=0.03


Tree=172
num_leaves=5
num_cat=0
split_feature=1 8 6 3
split_gain=4.57714e+06 4.5076e+06 2.7141e+06 2.0747e+06
threshold=0.6000000000000002 13.15 3.1500000000000008 61.20000000000001
decision_type=2 2 2 2
left_child=-1 2 -2 -4
right_child=1 -3 3 -5
leaf_value=8.1958271658234043 -1.4029606563303045 -5.7419343525480997 9.8404225414677686 1.4796500456862509
leaf_weight=70 99 94 51 56
leaf_count=70 99 94 51 56
internal_value=1.30571 -0.30853 2.17549 5.48115
internal_weight=370 300 206 107
internal_count=370 300 206 107
is_linear=0
shrinkage=0.03


Tree=173
num_leaves=5
num_cat=0
split_feature=1 24 25 27
split_gain=4.3076e+06 5.25855e+06 2.63215e+06 913779
threshold=0.6000000000000002 3791.6666666666674 19.410240000000002 0.69636977696931246
decision_type=2 2 2 2
left_child=-1 2 3 -2
right_child=1 -3 -4 -5
leaf_value=7.9510013609624357 -3.3625138397520762 5.7088439412446039 -8.7488709831967189 1.2114551270109482
leaf_weight=70 75 91 52 82
leaf_count=70 75 91 52 82
internal_value=1.26684 -0.299148 -2.91954 -0.97575
internal_weight=370 300 209 157
internal_count=370 300 209 157
is_linear=0
shrinkage=0.03


Tree=174
num_leaves=5
num_cat=0
split_feature=1 24 5 27
split_gain=4.05421e+06 4.94899e+06 2.47749e+06 859982
threshold=0.6000000000000002 3791.6666666666674 19.350000000000005 0.69636977696931246
decision_type=2 2 2 2
left_child=-1 2 3 -2
right_child=1 -3 -4 -5
leaf_value=7.7134890873232074 -3.262040301580353 5.5381415049165392 -8.4879104006313231 1.1752439360688116
leaf_weight=70 75 91 52 82
leaf_count=70 75 91 52 82
internal_value=1.22891 -0.290328 -2.83243 -0.946599
internal_weight=370 300 209 157
internal_count=370 300 209 157
is_linear=0
shrinkage=0.03


Tree=175
num_leaves=6
num_cat=0
split_feature=5 24 0 9 23
split_gain=4.39696e+06 8.16076e+06 3.81474e+06 2.60878e+06 1.37998e+06
threshold=22.050000000000004 1250.0000000000002 328.80000000000007 1.0000000180025095e-35 0.25000000000000017
decision_type=2 2 2 2 2
left_child=1 -1 -3 4 -4
right_child=-2 2 3 -5 -6
leaf_value=-12.23666001442311 6.3952343223773491 -4.5356135891348828 3.8369471030253521 8.6572816772276084 -2.9910176229476928
leaf_weight=59 64 97 52 50 54
leaf_count=59 64 97 52 50 54
internal_value=-0.749416 -2.21975 0.1279 3.03085 0.359841
internal_weight=376 312 253 156 106
internal_count=376 312 253 156 106
is_linear=0
shrinkage=0.03


Tree=176
num_leaves=6
num_cat=0
split_feature=5 0 25 2 2
split_gain=4.13819e+06 3.81781e+06 3.57781e+06 6.52607e+06 2.72813e+06
threshold=22.050000000000004 328.80000000000007 8.8992300000000011 12.550000000000002 1.0000000180025095e-35
decision_type=2 2 2 2 2
left_child=1 4 -3 -4 -1
right_child=-2 2 3 -5 -6
leaf_value=-11.657030017027381 6.204272438779034 5.3568102576540806 -10.09134294734811 3.8765960516707665 -2.3241017243082491
leaf_weight=51 64 78 58 62 63
leaf_count=51 64 78 58 62 63
internal_value=-0.726954 -2.15337 0.366237 -2.88283 -6.51908
internal_weight=376 312 198 120 114
internal_count=376 312 198 120 114
is_linear=0
shrinkage=0.03


Tree=177
num_leaves=7
num_cat=0
split_feature=4 24 0 21 24 0
split_gain=3.44914e+06 7.91367e+06 3.03363e+06 1.46871e+06 1.28365e+06 557326
threshold=1002.1500000000002 1250.0000000000002 328.80000000000007 0.72294813055037055 3750.0000000000005 737.00000000000011
decision_type=2 2 2 2 2 2
left_child=-1 -2 3 -3 5 -4
right_child=1 2 4 -5 -6 -7
leaf_value=6.2157136791273553 -12.573698444913497 -7.4305394389894284 -1.4392543036895051 -0.33999071500577982 6.6082461060985329 2.807116357375588
leaf_weight=55 52 51 50 54 52 62
leaf_count=55 52 51 50 54 52 62
internal_value=-0.705351 -1.89593 0.179851 -3.79541 2.72733 0.912554
internal_weight=376 321 269 105 164 112
internal_count=376 321 269 105 164 112
is_linear=0
shrinkage=0.03


Tree=178
num_leaves=6
num_cat=0
split_feature=5 0 25 3 3
split_gain=3.80076e+06 3.46687e+06 3.3342e+06 2.00402e+06 1.76175e+06
threshold=22.050000000000004 328.80000000000007 8.8992300000000011 62.95000000000001 63.050000000000004
decision_type=2 2 2 2 2
left_child=1 4 -3 -4 -1
right_child=-2 2 3 -5 -6
leaf_value=-2.7140908490736368 5.9582807973754912 5.167323869562698 -7.128269205784485 0.66372644834497174 -10.198918544973262
leaf_weight=61 64 78 53 67 53
leaf_count=61 64 78 53 67 53
internal_value=-0.684337 -2.05137 0.349639 -2.78686 -6.21159
internal_weight=376 312 198 120 114
internal_count=376 312 198 120 114
is_linear=0
shrinkage=0.03


Tree=179
num_leaves=6
num_cat=0
split_feature=5 24 28 3 3
split_gain=3.57728e+06 7.24077e+06 1.8006e+06 1.17084e+06 966580
threshold=22.050000000000004 1250.0000000000002 0.83343227155616861 68.000000000000014 54.45000000000001
decision_type=2 2 2 2 2
left_child=1 -1 3 4 -3
right_child=-2 2 -4 -5 -6
leaf_value=-11.425657165167104 5.7803662784511163 0.71565781954436281 -3.9850846970205325 -1.0895503769685813 6.3755643227660634
leaf_weight=59 64 51 67 77 58
leaf_count=59 64 51 67 77 58
internal_value=-0.664004 -1.99024 0.221008 1.74013 3.73667
internal_weight=376 312 253 186 109
internal_count=376 312 253 186 109
is_linear=0
shrinkage=0.03


Tree=180
num_leaves=6
num_cat=0
split_feature=27 24 24 24 30
split_gain=5.34725e+06 2.05112e+07 6.29096e+06 4.46673e+06 1.72403e+06
threshold=0.7206604759859373 1063.4920634920638 1938.8888888888889 2620.369444444445 -0.56174490092936669
decision_type=2 2 2 2 2
left_child=1 -1 -2 -3 -5
right_child=2 3 -4 4 -6
leaf_value=19.77452842029852 -13.1180611903056 -9.3471657413906524 0.076444087660067259 5.3166108577429227 -1.6175931837465414
leaf_weight=50 50 51 92 52 84
leaf_count=50 50 51 92 52 84
internal_value=0.0106858 2.76796 -4.58731 -1.8036 1.03952
internal_weight=379 237 142 187 136
internal_count=379 237 142 187 136
is_linear=0
shrinkage=0.03


Tree=181
num_leaves=6
num_cat=0
split_feature=27 24 24 24 24
split_gain=5.03314e+06 1.9306e+07 5.92135e+06 4.20432e+06 1.34435e+06
threshold=0.7206604759859373 1063.4920634920638 1938.8888888888889 2620.369444444445 4250.0000000000009
decision_type=2 2 2 2 2
left_child=1 -1 -2 -3 -5
right_child=2 3 -4 4 -6
leaf_value=19.184830118713986 -12.726866403886859 -9.0683906135224461 0.074158282228306588 -1.4858713074505403 4.5611643156996839
leaf_weight=50 50 51 92 80 56
leaf_count=50 50 51 92 80 56
internal_value=0.0103903 2.68545 -4.45051 -1.74976 1.00858
internal_weight=379 237 142 187 136
internal_count=379 237 142 187 136
is_linear=0
shrinkage=0.03


Tree=182
num_leaves=6
num_cat=0
split_feature=22 28 21 21 6
split_gain=3.34708e+06 2.65626e+06 4.80771e+06 7.14345e+06 2.51852e+06
threshold=0.68301270189221941 -0.82389248692129191 0.91638084349593496 0.46908080451658435 3.4500000000000006
decision_type=2 2 2 2 2
left_child=1 -1 3 -3 -2
right_child=4 2 -4 -5 -6
leaf_value=-3.9966771879809637 0.16078731598792137 1.1734494486092533 -2.4743469426790217 15.828764047232289 -8.0907836229267236
leaf_weight=51 69 72 72 51 64
leaf_count=51 69 72 72 51 64
internal_value=0.0100905 2.08251 3.67619 7.27384 -3.8191
internal_weight=379 246 195 123 133
internal_count=379 246 195 123 133
is_linear=0
shrinkage=0.03


Tree=183
num_leaves=6
num_cat=0
split_feature=27 24 24 24 28
split_gain=4.61269e+06 1.79399e+07 5.62298e+06 3.94092e+06 1.88983e+06
threshold=0.7206604759859373 1063.4920634920638 1938.8888888888889 2791.6666666666674 0.79345403275494197
decision_type=2 2 2 2 2
left_child=1 -1 -2 -3 -5
right_child=2 3 -4 4 -6
leaf_value=18.475665495855434 -12.325816854207702 -7.6532627034296858 0.14828524394257483 5.1371547275772071 -2.3145294029084011
leaf_weight=50 50 65 92 62 60
leaf_count=50 50 65 92 62 60
internal_value=0.00984887 2.57074 -4.26067 -1.70464 1.47563
internal_weight=379 237 142 187 122
internal_count=379 237 142 187 122
is_linear=0
shrinkage=0.03


Tree=184
num_leaves=6
num_cat=0
split_feature=27 21 10 27 8
split_gain=4.34177e+06 3.63793e+06 6.75351e+06 7.04081e+06 3.18854e+06
threshold=0.7206604759859373 0.88839063278525177 5.5000000000000009 -0.44437406304545285 8.6500000000000004
decision_type=2 2 2 2 2
left_child=1 2 -1 -4 -2
right_child=4 -3 3 -5 -6
leaf_value=14.244218993111113 -8.5523645406244206 -2.5626359695546768 8.9364802733282929 -6.6418716931277224 0.42835785780997571
leaf_weight=50 72 83 50 54 70
leaf_count=50 72 83 50 54 70
internal_value=0.00958757 2.49414 5.21928 0.851796 -4.13361
internal_weight=379 237 154 104 142
internal_count=379 237 154 104 142
is_linear=0
shrinkage=0.03


Tree=185
num_leaves=7
num_cat=0
split_feature=14 2 24 8 17 23
split_gain=8.46183e+06 4.04571e+06 6.85286e+06 3.3325e+06 2.52563e+06 4.63326e+06
threshold=42.000000000000007 11.65 1513.8888888888891 6.5500000000000007 1.0000000180025095e-35 -0.68301270189221952
decision_type=2 2 2 2 2 2
left_child=-1 2 -2 -4 5 -3
right_child=1 4 3 -5 -6 -7
leaf_value=10.484451992709333 -14.852116178205426 -2.918053378470769 4.1419429879160656 -6.0097298270844774 -3.9032002866325564 9.2894289006997113
leaf_weight=54 50 52 51 67 62 60
leaf_count=54 50 52 51 67 62 60
internal_value=-0.518193 -2.26315 -5.57953 -1.62269 0.94292 3.62893
internal_weight=396 342 168 118 174 112
internal_count=396 342 168 118 174 112
is_linear=0
shrinkage=0.03


Tree=186
num_leaves=5
num_cat=0
split_feature=14 24 8 14
split_gain=7.96445e+06 3.01364e+06 2.30499e+06 2.35387e+06
threshold=42.000000000000007 1513.8888888888891 6.5500000000000007 188.00000000000003
decision_type=2 2 2 2
left_child=-1 -2 -3 -4
right_child=1 2 3 -5
leaf_value=10.171656071257196 -6.8629889482579642 3.7359507471856674 0.8285331923250645 -6.1982004161611437
leaf_weight=54 91 79 92 80
leaf_count=54 91 79 92 80
internal_value=-0.502733 -2.19563 -0.497266 -2.44476
internal_weight=396 342 251 172
internal_count=396 342 251 172
is_linear=0
shrinkage=0.03


Tree=187
num_leaves=6
num_cat=0
split_feature=5 2 1 23 5
split_gain=4.8931e+06 3.43208e+06 5.28219e+06 3.6482e+06 1.34019e+06
threshold=7.1750000000000007 15.250000000000002 0.6000000000000002 -0.24999999999999994 14.15
decision_type=2 2 2 2 2
left_child=-1 2 -2 -3 -4
right_child=1 3 4 -5 -6
leaf_value=5.6499272704362085 -13.071489966777269 7.1073241671025231 1.1289234145808185 -2.853691843776299 -5.3259486424472655
leaf_weight=90 52 56 68 80 50
leaf_count=90 52 56 68 80 50
internal_value=-0.487611 -2.29656 -5.13464 1.25445 -1.61269
internal_weight=396 306 170 136 118
internal_count=396 306 170 136 118
is_linear=0
shrinkage=0.03


Tree=188
num_leaves=6
num_cat=0
split_feature=14 2 24 8 26
split_gain=7.30448e+06 3.69224e+06 5.94159e+06 2.90522e+06 2.57595e+06
threshold=42.000000000000007 11.65 1513.8888888888891 6.5500000000000007 7.3500000000000014
decision_type=2 2 2 2 2
left_child=-1 2 -2 -4 -3
right_child=1 4 3 -5 -6
leaf_value=9.7493988034211476 -13.896749718971328 4.8705057369211069 3.8045781994841947 -5.6740756650612223 -2.4350018581623436
leaf_weight=54 50 81 51 67 93
leaf_count=54 50 81 51 67 93
internal_value=-0.473149 -2.09439 -5.26261 -1.57803 0.968316
internal_weight=396 342 168 118 174
internal_count=396 342 168 118 174
is_linear=0
shrinkage=0.03


Tree=189
num_leaves=7
num_cat=0
split_feature=14 2 24 8 17 23
split_gain=6.87514e+06 3.47514e+06 5.59264e+06 2.73437e+06 2.20102e+06 4.38737e+06
threshold=42.000000000000007 11.65 1513.8888888888891 6.5500000000000007 1.0000000180025095e-35 -0.68301270189221952
decision_type=2 2 2 2 2 2
left_child=-1 2 -2 -4 5 -3
right_child=1 4 3 -5 -6 -7
leaf_value=9.4585330129064911 -13.482333901786426 -2.9237424711150832 3.6911085168241757 -5.5046122118905965 -3.584725811867997 8.9551231214418934
leaf_weight=54 50 52 51 67 62 60
leaf_count=54 50 52 51 67 62 60
internal_value=-0.459036 -2.03191 -5.10557 -1.53083 0.939391 3.44678
internal_weight=396 342 168 118 174 112
internal_count=396 342 168 118 174 112
is_linear=0
shrinkage=0.03


Tree=190
num_leaves=6
num_cat=0
split_feature=1 20 8 3 11
split_gain=1.02832e+07 3.13375e+06 4.16362e+06 1.52251e+06 1.13503e+06
threshold=1.0000000180025095e-35 13.411200000000003 0.55000000000000016 57.400000000000006 2.5000000000000004
decision_type=2 2 2 2 2
left_child=-1 2 -2 -4 -5
right_child=1 -3 3 4 -6
leaf_value=10.463665004963556 -8.1415196309731037 -7.6125703685224302 5.3818420823752202 2.4964488120779609 -3.141137424742098
leaf_weight=70 51 74 61 63 65
leaf_count=70 51 74 61 63 65
internal_value=0.0914092 -2.22863 -0.561112 1.49401 -0.366969
internal_weight=384 314 240 189 128
internal_count=384 314 240 189 128
is_linear=0
shrinkage=0.03


Tree=191
num_leaves=5
num_cat=0
split_feature=20 27 26 27
split_gain=4.95444e+06 2.63438e+06 4.45787e+06 2.69266e+06
threshold=3.1545000000000001 -0.55597109741588446 6.7000000000000028 0.74981945761428193
decision_type=2 2 2 2
left_child=-1 -2 -3 -4
right_child=1 2 3 -5
leaf_value=-6.988090020472578 6.1154407393999852 -5.7802640160198875 7.8149522543489267 -0.41451822263066029
leaf_weight=72 88 78 62 84
leaf_count=72 88 78 62 84
internal_value=0.0886533 1.72692 -0.00297384 3.08899
internal_weight=384 312 224 146
internal_count=384 312 224 146
is_linear=0
shrinkage=0.03


Tree=192
num_leaves=6
num_cat=0
split_feature=1 8 8 3 11
split_gain=9.65419e+06 2.48118e+06 3.92949e+06 1.56857e+06 1.13785e+06
threshold=1.0000000180025095e-35 13.15 0.55000000000000016 57.400000000000006 2.5000000000000004
decision_type=2 2 2 2 2
left_child=-1 2 -2 -4 -5
right_child=1 -3 3 4 -6
leaf_value=10.136037052759574 -7.7075993034295873 -6.264364002663223 6.029498535893425 2.6979650373838435 -3.2058531058146693
leaf_weight=70 51 93 53 60 57
leaf_count=70 51 93 53 60 57
internal_value=0.0860098 -2.16195 -0.429402 1.76374 -0.17902
internal_weight=384 314 221 170 117
internal_count=384 314 221 170 117
is_linear=0
shrinkage=0.03


Tree=193
num_leaves=6
num_cat=0
split_feature=1 20 20 3 11
split_gain=9.08597e+06 2.87066e+06 3.03657e+06 1.29244e+06 955965
threshold=1.0000000180025095e-35 13.411200000000003 2.4806000000000004 57.400000000000006 2.5000000000000004
decision_type=2 2 2 2 2
left_child=-1 2 -2 -4 -5
right_child=1 -3 3 4 -6
leaf_value=9.8332530204262873 -6.5288190436987357 -7.2503101280496072 5.2161541184033888 2.3973625763040483 -2.7783031206648814
leaf_weight=70 57 74 55 62 66
leaf_count=70 57 74 55 62 66
internal_value=0.0834682 -2.09733 -0.501393 1.38357 -0.271526
internal_weight=384 314 240 183 128
internal_count=384 314 240 183 128
is_linear=0
shrinkage=0.03


Tree=194
num_leaves=6
num_cat=0
split_feature=1 27 24 2 24
split_gain=8.55123e+06 2.31431e+06 3.41214e+06 1.81959e+06 614376
threshold=1.0000000180025095e-35 0.74981945761428193 2319.4444444444448 5.6500000000000012 3541.6666666666674
decision_type=2 2 2 2 2
left_child=-1 2 -2 -4 -5
right_child=1 -3 3 4 -6
leaf_value=9.5395145502538128 -10.518375079785175 1.8136147521725661 -5.5161105294896471 -1.4567455293833615 3.233076996092294
leaf_weight=70 51 97 66 50 50
leaf_count=70 51 97 66 50 50
internal_value=0.0809844 -2.03467 -3.75504 -1.66187 0.890733
internal_weight=384 314 217 166 100
internal_count=384 314 217 166 100
is_linear=0
shrinkage=0.03


Tree=195
num_leaves=6
num_cat=0
split_feature=1 24 18 27 24
split_gain=2.96627e+06 2.32919e+06 2.92051e+06 2.30809e+06 1.32989e+06
threshold=1.0000000180025095e-35 3509.2583333333337 1.0000000180025095e-35 0.7025209685794126 2430.5555555555561
decision_type=2 2 2 2 2
left_child=-1 3 -3 4 -2
right_child=1 2 -4 -5 -6
leaf_value=6.3033234702353873 -9.0509800520094927 7.0042855402010327 -2.0419981087327566 1.3673477522215518 -2.4446123430585005
leaf_weight=69 50 65 63 75 61
leaf_count=69 50 65 63 75 61
internal_value=0.685559 -0.553727 2.55738 -2.69543 -5.43691
internal_weight=383 314 128 186 111
internal_count=383 314 128 186 111
is_linear=0
shrinkage=0.03


Tree=196
num_leaves=6
num_cat=0
split_feature=24 24 18 21 7
split_gain=2.79177e+06 2.19225e+06 2.74869e+06 1.59333e+06 462505
threshold=1.0000000180025095e-35 3509.2583333333337 1.0000000180025095e-35 0.66641489361702144 20.950000000000003
decision_type=2 2 2 2 2
left_child=-1 3 -3 -2 -5
right_child=1 2 -4 4 -6
leaf_value=6.1150421134888875 -6.3476944913475766 6.7951222307430115 -1.9810285073095022 1.0758642769278755 -2.6732992482413298
leaf_weight=69 66 65 63 68 52
leaf_count=69 66 65 63 68 52
internal_value=0.665019 -0.537263 2.48101 -2.61505 -0.551314
internal_weight=383 314 128 186 120
internal_count=383 314 128 186 120
is_linear=0
shrinkage=0.03


Tree=197
num_leaves=6
num_cat=0
split_feature=22 24 24 24 28
split_gain=2.64032e+06 1.2778e+07 4.45366e+06 1.37024e+06 1.31458e+06
threshold=0.68301270189221941 944.44444444444457 2250.0000000000005 2791.6666666666674 0.70242338714296659
decision_type=2 2 2 2 2
left_child=1 -1 -2 -3 -5
right_child=2 3 -4 4 -6
leaf_value=15.995186033988331 -9.366751413292647 -4.1011467653177043 1.6527172275539819 4.4941984077580068 -1.8238075545662942
leaf_weight=50 54 76 84 54 65
leaf_count=50 54 76 84 54 65
internal_value=0.645137 2.51354 -2.67015 -0.962505 1.0472
internal_weight=383 245 138 195 119
internal_count=383 245 138 195 119
is_linear=0
shrinkage=0.03


Tree=198
num_leaves=7
num_cat=0
split_feature=3 28 14 21 21 27
split_gain=2.74534e+06 5.2213e+06 2.72203e+06 1.79303e+06 5.05566e+06 265070
threshold=85.450000000000017 -0.66483077113278999 48.000000000000007 0.56500649512174916 0.87316249696380877 -0.11593352601052358
decision_type=2 2 2 2 2 2
left_child=1 -1 -3 -4 -5 -6
right_child=-2 2 3 4 5 -7
leaf_value=10.517827554945917 -5.9076822280821588 6.0680753082596803 2.4334043290509189 -10.616485635325395 -0.81755458234555678 2.2482179200858399
leaf_weight=50 50 54 74 54 50 51
leaf_count=50 50 54 74 54 50 51
internal_value=0.625944 1.61143 0.0283581 -1.40189 -3.23416 0.732493
internal_weight=383 333 283 229 155 101
internal_count=383 333 283 229 155 101
is_linear=0
shrinkage=0.03


Tree=199
num_leaves=6
num_cat=0
split_feature=27 0 24 28 27
split_gain=2.72198e+06 5.51814e+06 3.27444e+06 1.32767e+06 456788
threshold=-0.28435655403991289 339.90000000000003 1513.8888888888891 0.80392796183282111 0.85206963063867758
decision_type=2 2 2 2 2
left_child=1 -1 -2 4 -4
right_child=2 -3 3 -5 -6
leaf_value=11.663377913822409 -6.8867890555825761 -1.5609830787591337 0.55330511629661672 -3.2946441894917826 3.8433203980657793
leaf_weight=52 65 62 74 52 78
leaf_count=52 65 62 74 52 78
internal_value=0.607257 4.48588 -1.03961 0.830801 2.24591
internal_weight=383 114 269 204 152
internal_count=383 114 269 204 152
is_linear=0
shrinkage=0.03


Tree=200
num_leaves=6
num_cat=0
split_feature=1 27 24 2 28
split_gain=3.79016e+06 2.26911e+06 2.45362e+06 1.72013e+06 142311
threshold=1.0000000180025095e-35 0.69636977696931246 2476.8527777777781 6.6000000000000005 0.13300977955191587
decision_type=2 2 2 2 2
left_child=-1 2 -2 -4 -3
right_child=1 4 3 -5 -6
leaf_value=6.415968020870749 -9.287618865284248 2.669757316398027 -5.8187433568621669 1.0075957578116876 0.5434681947886596
leaf_weight=64 50 64 53 88 51
leaf_count=64 50 64 53 88 51
internal_value=-0.205824 -1.59573 -3.5982 -1.56518 1.73074
internal_weight=370 306 191 141 115
internal_count=370 306 191 141 115
is_linear=0
shrinkage=0.03


Tree=201
num_leaves=6
num_cat=0
split_feature=1 0 21 0 20
split_gain=3.56728e+06 1.88115e+06 1.92723e+06 603684 594610
threshold=1.0000000180025095e-35 363.4500000000001 0.65255999308437074 955.95000000000016 6.486600000000001
decision_type=2 2 2 2 2
left_child=-1 2 -2 4 -3
right_child=1 3 -4 -5 -6
leaf_value=6.2243866995519284 -7.8938339884175281 4.082215390686172 -0.74931811296045359 -1.9878768902328889 -0.24944565622960749
leaf_weight=64 65 54 71 56 60
leaf_count=64 65 54 71 56 60
internal_value=-0.199755 -1.54818 -4.1739 0.556003 1.80764
internal_weight=370 306 136 170 114
internal_count=370 306 136 170 114
is_linear=0
shrinkage=0.03


Tree=202
num_leaves=6
num_cat=0
split_feature=24 27 24 11 14
split_gain=3.35741e+06 2.12661e+06 2.30631e+06 936397 138635
threshold=1.0000000180025095e-35 0.69636977696931246 2476.8527777777781 3.5000000000000004 84.000000000000014
decision_type=2 2 2 2 2
left_child=-1 2 -2 -4 -3
right_child=1 4 3 -5 -6
leaf_value=6.0385261582512504 -8.9564565155141178 0.5464030936168649 0.57514733990987532 -4.3837591522308408 2.6451423815499937
leaf_weight=64 50 51 83 58 64
leaf_count=64 50 51 83 58 64
internal_value=-0.193777 -1.50193 -3.44053 -1.4696 1.71832
internal_weight=370 306 191 141 115
internal_count=370 306 191 141 115
is_linear=0
shrinkage=0.03


Tree=203
num_leaves=7
num_cat=0
split_feature=8 5 7 0 8 8
split_gain=1.8639e+06 5.71013e+06 3.18021e+06 1.7254e+06 2.27218e+06 1.43255e+06
threshold=0.55000000000000016 7.8750000000000009 15.15 758.70000000000016 19.250000000000004 13.15
decision_type=2 2 2 2 2 2
left_child=-1 -2 -3 4 5 -4
right_child=1 2 3 -5 -6 -7
leaf_value=-5.4365717480515441 9.8417314112256147 -7.8823617850051493 2.6259305830169781 -4.3835070271690046 7.2855377351977015 -4.0371861905155857
leaf_weight=52 51 50 65 50 50 52
leaf_count=52 51 50 65 50 50 52
internal_value=-0.188048 0.674488 -1.08561 0.489147 1.95332 -0.338129
internal_weight=370 318 267 217 167 117
internal_count=370 318 267 217 167 117
is_linear=0
shrinkage=0.03


Tree=204
num_leaves=6
num_cat=0
split_feature=1 27 21 14 0
split_gain=3.14587e+06 2.04646e+06 1.96608e+06 653897 166855
threshold=1.0000000180025095e-35 0.69636977696931246 0.65255999308437074 294.00000000000006 654.95000000000016
decision_type=2 2 2 2 2
left_child=-1 2 -2 -4 -3
right_child=1 4 3 -5 -6
leaf_value=5.8503089251599834 -6.8136192713436392 0.55257427240541468 -3.1820283122091122 1.4869174451157323 2.8390380542192406
leaf_weight=64 83 57 50 58 58
leaf_count=64 83 57 50 58 58
internal_value=-0.182455 -1.44873 -3.35046 -0.677375 1.71021
internal_weight=370 306 191 108 115
internal_count=370 306 191 108 115
is_linear=0
shrinkage=0.03


Tree=205
num_leaves=6
num_cat=0
split_feature=2 24 26 14 15
split_gain=4.59706e+06 9.43059e+06 7.83544e+06 454643 791883
threshold=5.0500000000000007 1472.2222222222224 6.9000000000000012 280.00000000000006 1.0000000180025095e-35
decision_type=2 2 2 2 2
left_child=2 -2 -1 4 -3
right_child=1 3 -4 -5 -6
leaf_value=-4.8709280466482872 -12.79016918143811 -2.5547245048449261 9.5199505136131819 3.0448473203442914 2.2001806235293313
leaf_weight=56 64 67 86 50 59
leaf_count=56 64 67 86 50 59
internal_value=-0.427326 -2.95758 3.84631 0.633543 -0.328213
internal_weight=382 240 142 176 126
internal_count=382 240 142 176 126
is_linear=0
shrinkage=0.03


Tree=206
num_leaves=7
num_cat=0
split_feature=27 24 24 4 24 27
split_gain=4.70754e+06 1.06363e+07 5.92929e+06 2.52733e+06 966761 429388
threshold=0.51225279916095534 1652.7777777777781 1250.0000000000002 1017.4500000000002 3643.5194444444446 0.88606241628642846
decision_type=2 2 2 2 2 2
left_child=2 -2 -1 4 -4 -3
right_child=1 5 3 -5 -6 -7
leaf_value=11.563607717479911 -15.548854656219484 -0.99411888274387339 -5.6584329828491358 5.3618298763024876 -0.083662295216854657 2.6019081724594657
leaf_weight=50 51 60 53 50 59 59
leaf_count=50 51 60 53 50 59 59
internal_value=-0.414634 -4.12982 2.56611 -0.227083 -2.72987 0.790769
internal_weight=382 170 212 162 112 119
internal_count=382 170 212 162 112 119
is_linear=0
shrinkage=0.03


Tree=207
num_leaves=6
num_cat=0
split_feature=0 2 2 7 20
split_gain=4.44359e+06 6.02978e+06 4.36521e+06 1.86715e+06 1.45542e+06
threshold=805.4000000000002 5.0500000000000007 15.250000000000002 16.750000000000004 12.993550000000001
decision_type=2 2 2 2 2
left_child=1 3 -3 -1 -4
right_child=-2 2 4 -5 -6
leaf_value=11.040674785605647 -5.8629016524841413 -8.5097844381083476 4.9170464144218684 3.3614160440745797 -2.1005229433795862
leaf_weight=51 99 61 55 65 51
leaf_count=51 99 61 55 65 51
internal_value=-0.40226 1.51215 -2.13684 6.75749 1.54418
internal_weight=382 283 167 116 106
internal_count=382 283 167 116 106
is_linear=0
shrinkage=0.03


Tree=208
num_leaves=7
num_cat=0
split_feature=27 24 24 4 27 27
split_gain=4.3221e+06 9.91759e+06 5.60421e+06 2.47186e+06 915150 425166
threshold=0.51225279916095534 1652.7777777777781 1250.0000000000002 1017.4500000000002 -0.3696697642099897 0.88606241628642846
decision_type=2 2 2 2 2 2
left_child=2 -2 -1 4 -4 -3
right_child=1 5 3 -5 -6 -7
leaf_value=11.213357020960178 -14.976453000802046 -0.9747763530294693 -5.1508444000074993 5.2777749889366206 0.29644534859932203 2.6035565742312552
leaf_weight=50 51 60 62 50 50 59
leaf_count=50 51 60 62 50 50 59
internal_value=-0.390125 -3.94997 2.46598 -0.249515 -2.72464 0.801365
internal_weight=382 170 212 162 112 119
internal_count=382 170 212 162 112 119
is_linear=0
shrinkage=0.03


Tree=209
num_leaves=7
num_cat=0
split_feature=27 24 24 4 24 27
split_gain=4.06823e+06 9.33482e+06 5.27488e+06 2.32657e+06 881646 400163
threshold=0.51225279916095534 1652.7777777777781 1250.0000000000002 1017.4500000000002 3643.5194444444446 0.88606241628642846
decision_type=2 2 2 2 2 2
left_child=2 -2 -1 4 -4 -3
right_child=1 5 3 -5 -6 -7
leaf_value=10.878962851916821 -14.529786705664028 -0.94567846095235786 -5.4399696493417196 5.120386059023514 -0.11605582150399785 2.5258449777342618
leaf_weight=50 51 60 53 50 59 59
leaf_count=50 51 60 53 50 59 59
internal_value=-0.37846 -3.83218 2.39249 -0.242003 -2.64329 0.777445
internal_weight=382 170 212 162 112 119
internal_count=382 170 212 162 112 119
is_linear=0
shrinkage=0.03


Tree=210
num_leaves=6
num_cat=0
split_feature=27 24 5 20 21
split_gain=5.26043e+06 8.27422e+06 4.18531e+06 4.10401e+06 1.30278e+06
threshold=0.7206604759859373 1472.2222222222224 6.5500000000000007 8.6426500000000015 0.65931482090042737
decision_type=2 2 2 2 2
left_child=1 -1 -3 -2 -4
right_child=3 2 4 -5 -6
leaf_value=14.187356349270102 -8.4165286706465032 7.1043134062367894 -5.9041080906051722 2.1819885860497319 0.20669807308763918
leaf_weight=50 79 58 58 56 68
leaf_count=50 79 58 58 56 68
internal_value=0.685453 3.40471 0.456264 -4.02495 -2.61348
internal_weight=369 234 184 135 126
internal_count=369 234 184 135 126
is_linear=0
shrinkage=0.03


Tree=211
num_leaves=6
num_cat=0
split_feature=4 8 27 2 27
split_gain=6.84969e+06 5.5459e+06 2.82182e+06 2.56756e+06 2.11018e+06
threshold=1002.6500000000002 1.5000000000000002 -0.71461382420154484 11.450000000000001 0.77753234098132629
decision_type=2 2 2 2 2
left_child=-1 -2 -3 -4 -5
right_child=1 2 3 4 -6
leaf_value=10.29892208167122 6.790080257685708 3.1867030310595941 -8.3703117384205399 -5.7385989490816787 2.7046315523473226
leaf_weight=56 64 51 92 53 53
leaf_count=56 64 51 92 53 53
internal_value=0.665118 -1.06668 -3.09187 -4.7115 -1.52118
internal_weight=369 313 249 198 106
internal_count=369 313 249 198 106
is_linear=0
shrinkage=0.03


Tree=212
num_leaves=5
num_cat=0
split_feature=27 0 2 7
split_gain=4.8327e+06 6.37285e+06 4.65459e+06 4.03658e+06
threshold=0.7206604759859373 470.35000000000008 15.597000000000003 16.250000000000004
decision_type=2 2 2 2
left_child=1 2 -1 -2
right_child=3 -3 -4 -5
leaf_value=11.99711376337674 -9.8246737878747918 -3.946071707067262 1.7244144010271918 0.63691496224175148
leaf_weight=76 58 75 83 77
leaf_count=76 58 75 83 77
internal_value=0.645381 3.25175 6.64804 -3.86945
internal_weight=369 234 159 135
internal_count=369 234 159 135
is_linear=0
shrinkage=0.03


Tree=213
num_leaves=6
num_cat=0
split_feature=27 24 5 24 21
split_gain=4.54838e+06 7.64269e+06 3.83558e+06 3.226e+06 1.3011e+06
threshold=0.7206604759859373 1472.2222222222224 6.5500000000000007 1976.8527777777779 0.65931482090042737
decision_type=2 2 2 2 2
left_child=1 -1 -3 -2 -4
right_child=3 2 4 -5 -6
leaf_value=13.517541098471428 -9.7758395379995022 6.6854779764636723 -5.9059252057803437 -0.18966662314684424 0.20097394902046392
leaf_weight=50 50 58 58 85 68
leaf_count=50 50 58 58 85 68
internal_value=0.626034 3.15457 0.321077 -3.75397 -2.61742
internal_weight=369 234 184 135 126
internal_count=369 234 184 135 126
is_linear=0
shrinkage=0.03


Tree=214
num_leaves=6
num_cat=0
split_feature=1 7 14 21 25
split_gain=3.67644e+06 2.71079e+06 2.6014e+06 2.29048e+06 384561
threshold=1.0000000180025095e-35 9.8500000000000032 136.50000000000003 0.65255999308437074 12.455870000000003
decision_type=2 2 2 2 2
left_child=-1 -2 4 -4 -3
right_child=1 2 3 -5 -6
leaf_value=7.3170437293729425 4.7541309392062905 -0.72988441926006087 -9.3511748119135998 -1.3668702533675798 2.7561565771344045
leaf_weight=61 64 53 60 70 61
leaf_count=61 64 53 60 70 61
internal_value=0.607363 -0.7273 -2.16916 -5.06505 1.13771
internal_weight=369 308 244 130 114
internal_count=369 308 244 130 114
is_linear=0
shrinkage=0.03


Tree=215
num_leaves=7
num_cat=0
split_feature=3 1 24 7 20 26
split_gain=3.36071e+06 3.5362e+06 2.89494e+06 2.20063e+06 1.24812e+06 591598
threshold=47.350000000000001 1.0000000180025095e-35 3398.1472222222224 17.450000000000003 13.411200000000003 8.3500000000000032
decision_type=2 2 2 2 2 2
left_child=-1 -2 4 -4 5 -3
right_child=1 2 3 -5 -6 -7
leaf_value=-6.2748983794133828 8.5331619052992345 -2.8237787596682895 7.9535576480595847 -0.61028749842392771 -6.2366380922294029 1.6257482816896385
leaf_weight=58 54 53 57 51 52 54
leaf_count=58 54 53 57 51 52 54
internal_value=0.352048 1.55421 0.134709 3.91895 -2.4382 -0.579872
internal_weight=379 321 267 108 159 107
internal_count=379 321 267 108 159 107
is_linear=0
shrinkage=0.03


Tree=216
num_leaves=6
num_cat=0
split_feature=3 1 24 25 26
split_gain=3.16309e+06 3.32836e+06 2.78882e+06 1.50439e+06 830067
threshold=47.350000000000001 1.0000000180025095e-35 4347.2222222222235 19.755175000000005 8.2500000000000018
decision_type=2 2 2 2 2
left_child=-1 -2 3 4 -3
right_child=1 2 -4 -5 -6
leaf_value=-6.0876200768550923 8.2785813762074696 -2.0658597035594681 6.1312346612954443 -5.9063518220944369 2.23836491537896
leaf_weight=58 54 84 55 51 77
leaf_count=58 54 84 55 51 77
internal_value=0.341536 1.50782 0.130662 -1.43251 -0.00692725
internal_weight=379 321 267 212 161
internal_count=379 321 267 212 161
is_linear=0
shrinkage=0.03


Tree=217
num_leaves=6
num_cat=0
split_feature=24 20 8 2 26
split_gain=2.82199e+06 2.24203e+06 2.48796e+06 3.39798e+06 2.04135e+06
threshold=4675.9250000000002 3.1545000000000001 6.0500000000000007 12.550000000000002 7.7500000000000009
decision_type=2 2 2 2 2
left_child=1 -1 -3 -4 -5
right_child=-2 2 3 4 -6
leaf_value=-6.1308850763068534 6.949468237571641 5.7119613403837715 -5.6450857824875733 5.6747551815326398 -2.0235751449100761
leaf_weight=56 50 62 87 66 58
leaf_count=56 50 62 87 66 58
internal_value=0.331351 -0.679829 0.443805 -1.11005 2.07766
internal_weight=379 329 273 211 124
internal_count=379 329 273 211 124
is_linear=0
shrinkage=0.03


Tree=218
num_leaves=6
num_cat=0
split_feature=3 1 5 21 14
split_gain=2.92659e+06 3.18587e+06 2.36867e+06 1.24397e+06 1.00258e+06
threshold=47.350000000000001 1.0000000180025095e-35 13.750000000000002 0.65255999308437074 76.000000000000014
decision_type=2 2 2 2 2
left_child=-1 -2 4 -4 -3
right_child=1 2 3 -5 -6
leaf_value=-5.8626088918748076 8.0675977372069383 0.18006396884831907 -5.863745970726014 0.004225654532235678 5.3120150110798496
leaf_weight=58 54 66 62 68 71
leaf_count=58 54 66 62 68 71
internal_value=0.321518 1.44336 0.0960387 -2.80133 2.84555
internal_weight=379 321 267 130 137
internal_count=379 321 267 130 137
is_linear=0
shrinkage=0.03


Tree=219
num_leaves=7
num_cat=0
split_feature=3 1 24 5 26 27
split_gain=2.7545e+06 2.99863e+06 2.5355e+06 1.37582e+06 1.11287e+06 640904
threshold=47.350000000000001 1.0000000180025095e-35 3398.1472222222224 12.850000000000003 8.8500000000000032 0.25116912936697861
decision_type=2 2 2 2 2 2
left_child=-1 -2 4 -4 5 -3
right_child=1 2 3 -5 -6 -7
leaf_value=-5.6876356546261304 7.8269069123399859 -6.5311991429186724 6.7661106171125418 -0.016227945248127932 1.2805810404507654 -1.870629719202431
leaf_weight=58 54 50 58 50 52 57
leaf_count=58 54 50 58 50 52 57
internal_value=0.311916 1.40027 0.0931462 3.63471 -2.3147 -4.06072
internal_weight=379 321 267 108 159 107
internal_count=379 321 267 108 159 107
is_linear=0
shrinkage=0.03


Tree=220
num_leaves=6
num_cat=0
split_feature=23 19 28 24 27
split_gain=3.63828e+06 5.24654e+06 3.33291e+06 3.33943e+06 472619
threshold=-0.68301270189221952 1.0000000180025095e-35 0.86527520261780289 2185.1861111111116 0.88606241628642846
decision_type=2 2 2 2 2
left_child=-1 -2 3 -3 -5
right_child=1 2 -4 4 -6
leaf_value=-5.449371329273883 10.405269779456962 -8.5954364751979142 5.0423659537125376 -1.3164219874010692 2.6528467642099671
leaf_weight=79 52 54 77 58 50
leaf_count=79 52 54 77 58 50
internal_value=0.247866 1.79859 -0.0846532 -2.52644 0.523378
internal_weight=370 291 239 162 108
internal_count=370 291 239 162 108
is_linear=0
shrinkage=0.03


Tree=221
num_leaves=6
num_cat=0
split_feature=14 27 24 0 6
split_gain=3.84574e+06 3.85328e+06 9.47396e+06 2.50624e+06 669419
threshold=42.000000000000007 -0.55597109741588446 1157.4083333333335 363.4500000000001 3.2500000000000004
decision_type=2 2 2 2 2
left_child=-1 -2 -3 -4 -5
right_child=1 2 3 4 -6
leaf_value=7.7795493756562308 5.0381728031267743 -14.409498169142495 -4.2910711599901052 0.7897573746437635 5.2242167285036221
leaf_weight=52 73 50 71 69 55
leaf_count=52 73 50 71 69 55
internal_value=0.240496 -0.998447 -2.80111 0.192913 2.76459
internal_weight=370 318 245 195 124
internal_count=370 318 245 195 124
is_linear=0
shrinkage=0.03


Tree=222
num_leaves=6
num_cat=0
split_feature=22 14 0 11 8
split_gain=6.39904e+06 5.52008e+06 3.79029e+06 2.33173e+06 2.08954e+06
threshold=-0.6830127018922193 42.000000000000007 183.30000000000004 1.5000000000000002 8.5500000000000025
decision_type=2 2 2 2 2
left_child=-1 -2 -3 -4 -5
right_child=1 2 3 4 -6
leaf_value=9.9582166247522856 7.5475015723408978 -10.354071728649833 -5.8689909055219456 -2.6548185666291362 4.5375867600681774
leaf_weight=52 52 52 69 75 70
leaf_count=52 52 52 69 75 70
internal_value=0.233285 -1.36481 -3.11364 -1.34221 0.819515
internal_weight=370 318 266 214 145
internal_count=370 318 266 214 145
is_linear=0
shrinkage=0.03


Tree=223
num_leaves=6
num_cat=0
split_feature=22 4 11 6 7
split_gain=6.02295e+06 3.97905e+06 3.88946e+06 2.67388e+06 3.32134e+06
threshold=-0.6830127018922193 1009.0500000000001 2.5000000000000004 2.8500000000000001 9.8500000000000032
decision_type=2 2 2 2 2
left_child=-1 2 -2 -3 -5
right_child=1 3 -4 4 -6
leaf_value=9.6611836599528669 -11.8922728540519 -2.8674469878744842 -0.41122865173698131 9.3812389353257188 -0.5495869016474636
leaf_weight=52 52 90 54 55 67
leaf_count=52 52 90 54 55 67
internal_value=0.226363 -1.32406 -6.06119 1.04968 3.93938
internal_weight=370 318 106 212 122
internal_count=370 318 106 212 122
is_linear=0
shrinkage=0.03


Tree=224
num_leaves=6
num_cat=0
split_feature=22 24 10 30 8
split_gain=5.66895e+06 4.81969e+06 1.68327e+06 753298 449046
threshold=-0.6830127018922193 1157.4083333333335 6.5000000000000009 1.0000000180025095e-35 6.4500000000000011
decision_type=2 2 2 2 2
left_child=-1 -2 3 4 -3
right_child=1 2 -4 -5 -6
leaf_value=9.3730106301973244 -8.8433283685432169 -1.3196470265024296 -3.3652230944302071 4.6878164636919291 2.3242258689036737
leaf_weight=52 61 56 72 63 66
leaf_count=52 61 56 72 63 66
internal_value=0.219651 -1.28452 0.517778 2.03205 0.652421
internal_weight=370 318 257 185 122
internal_count=370 318 257 185 122
is_linear=0
shrinkage=0.03


Tree=225
num_leaves=6
num_cat=0
split_feature=24 3 1 27 21
split_gain=3.69507e+06 2.23335e+06 3.59605e+06 1.44705e+06 1.12445e+06
threshold=4861.1111111111122 54.95000000000001 0.6000000000000002 0.54879721697423822 0.65255999308437074
decision_type=2 2 2 2 2
left_child=1 -1 -3 4 -4
right_child=-2 2 3 -5 -6
leaf_value=-5.9941031160392617 7.2001953722858998 6.9891612349616166 -7.4664719399306225 0.99491081611306498 -1.5224157745877134
leaf_weight=75 51 51 50 89 67
leaf_count=75 51 51 50 89 67
internal_value=-0.29379 -1.45046 -0.119019 -1.88646 -4.07529
internal_weight=383 332 257 206 117
internal_count=383 332 257 206 117
is_linear=0
shrinkage=0.03


Tree=226
num_leaves=6
num_cat=0
split_feature=24 22 24 3 21
split_gain=3.47789e+06 3.12987e+06 1.0875e+07 2.89629e+06 2.05918e+06
threshold=4861.1111111111122 0.68301270189221941 861.1111111111112 65.350000000000009 0.65118305509987462
decision_type=2 2 2 2 2
left_child=1 2 -1 -3 -4
right_child=-2 3 4 -5 -6
leaf_value=12.777403061403867 6.9854527050709869 -10.455148208905321 -6.6884650216919503 -0.84891867491487316 -0.014553764878361939
leaf_weight=51 51 54 75 59 93
leaf_count=51 51 54 75 59 93
internal_value=-0.284971 -1.40714 0.686108 -5.45511 -3.00064
internal_weight=383 332 219 113 168
internal_count=383 332 219 113 168
is_linear=0
shrinkage=0.03


Tree=227
num_leaves=6
num_cat=0
split_feature=14 22 24 0 2
split_gain=3.3433e+06 4.40136e+06 1.6243e+07 1.9418e+06 1.24377e+06
threshold=40.000000000000007 -0.6830127018922193 1092.5916666666669 328.80000000000007 9.1500000000000004
decision_type=2 2 2 2 2
left_child=-1 -2 -3 -4 -5
right_child=1 2 3 4 -6
leaf_value=6.6209163840699592 6.1456324413559207 -17.683828083691676 -3.3286040861284585 6.2540493900341225 0.51477957870978519
leaf_weight=54 57 54 73 54 91
leaf_count=54 57 54 73 54 91
internal_value=-0.276381 -1.41349 -3.00263 0.653264 2.66072
internal_weight=383 329 272 218 145
internal_count=383 329 272 218 145
is_linear=0
shrinkage=0.03


Tree=228
num_leaves=6
num_cat=0
split_feature=25 27 5 20 21
split_gain=3.27885e+06 4.23192e+06 4.72771e+06 3.53973e+06 2.71023e+06
threshold=22.591700000000003 -0.66479998802101525 7.8750000000000009 8.7057500000000037 1.1065272024302681
decision_type=2 2 2 2 2
left_child=1 -1 4 -4 -3
right_child=-2 2 3 -5 -6
leaf_value=8.6169701752653705 -6.9554227074297881 9.4689834025650335 -7.7888802152705221 0.78754523553882205 -0.34322264822602971
leaf_weight=53 56 50 89 84 51
leaf_count=53 56 50 89 84 51
internal_value=-0.268122 0.882402 -0.621456 -3.6304 4.52787
internal_weight=383 327 274 173 101
internal_count=383 327 274 173 101
is_linear=0
shrinkage=0.03


Tree=229
num_leaves=6
num_cat=0
split_feature=24 22 24 3 21
split_gain=3.17014e+06 2.84695e+06 1.06825e+07 2.63236e+06 1.93986e+06
threshold=4861.1111111111122 0.68301270189221941 861.1111111111112 65.350000000000009 0.65118305509987462
decision_type=2 2 2 2 2
left_child=1 2 -1 -3 -4
right_child=-2 3 4 -5 -6
leaf_value=12.648849345201638 6.6812987406769695 -9.9588270472953351 -6.5683334159471132 -0.8007951097544691 -0.090399965892075718
leaf_weight=51 51 54 75 59 93
leaf_count=51 51 54 75 59 93
internal_value=-0.259989 -1.33137 0.665017 -5.19206 -2.98894
internal_weight=383 332 219 113 168
internal_count=383 332 219 113 168
is_linear=0
shrinkage=0.03


Tree=230
num_leaves=6
num_cat=0
split_feature=6 1 20 6 7
split_gain=3.88569e+06 3.33688e+06 2.46563e+06 1.63071e+06 1.87514e+06
threshold=4.2500000000000009 1.0000000180025095e-35 13.411200000000003 3.1500000000000008 15.15
decision_type=2 2 2 2 2
left_child=1 -1 3 4 -3
right_child=-2 2 -4 -5 -6
leaf_value=7.4214982557210529 -6.7761980751746682 -4.9785225671799234 -5.4480124164062333 5.2210019632857323 2.2768951339584191
leaf_weight=55 77 55 71 59 76
leaf_count=55 77 55 71 59 76
internal_value=-0.747026 0.727113 -0.690448 1.09312 -0.773619
internal_weight=393 316 261 190 131
internal_count=393 316 261 190 131
is_linear=0
shrinkage=0.03


Tree=231
num_leaves=7
num_cat=0
split_feature=3 24 27 24 28 4
split_gain=2.41364e+06 5.16126e+06 1.98531e+06 2.77709e+06 1.30411e+06 464372
threshold=84.450000000000017 1.0000000180025095e-35 0.54879721697423822 2541.6666666666674 0.79345403275494197 1013.5500000000001
decision_type=2 2 2 2 2 2
left_child=1 -1 3 -3 -5 -4
right_child=-2 2 5 4 -6 -7
leaf_value=8.7794453172531082 -6.6603860413726235 -9.0994673703401219 -0.038444501607414236 2.1554274430995384 -4.0606088521870554 3.8196950071457536
leaf_weight=53 53 53 62 62 59 51
leaf_count=53 53 53 62 62 59 51
internal_value=-0.724667 0.205637 -1.38516 -3.39365 -0.878005 1.70826
internal_weight=393 340 287 174 121 113
internal_count=393 340 287 174 121 113
is_linear=0
shrinkage=0.03


Tree=232
num_leaves=6
num_cat=0
split_feature=24 1 27 24 29
split_gain=1.77532e+06 2.28559e+06 3.506e+06 1.80495e+06 765586
threshold=4902.7777777777783 1.0000000180025095e-35 0.7266007961912001 2398.1472222222224 1.0000000180025095e-35
decision_type=2 2 2 2 2
left_child=1 -1 3 -3 -5
right_child=-2 2 -4 4 -6
leaf_value=3.4753756250492001 4.5021666182133186 -9.9958882541542735 1.9285183519440645 -5.5322246942908517 -0.90847750668277116
leaf_weight=67 51 50 96 66 63
leaf_count=67 51 50 96 66 63
internal_value=-0.703044 -1.48255 -2.69299 -5.17069 -3.28153
internal_weight=393 342 275 179 129
internal_count=393 342 275 179 129
is_linear=0
shrinkage=0.03


Tree=233
num_leaves=7
num_cat=0
split_feature=6 24 3 14 30 27
split_gain=3.64156e+06 2.84528e+06 2.35441e+06 1.83361e+06 1.67095e+06 828985
threshold=4.2500000000000009 1.0000000180025095e-35 71.65000000000002 156.00000000000003 -0.56174490092936669 0.39753913293121995
decision_type=2 2 2 2 2 2
left_child=1 -1 4 -4 -3 -6
right_child=-2 2 3 -5 5 -7
leaf_value=6.9265471262871472 -6.5188228783107824 5.7074080231780755 -0.086207163515146706 -8.119728723715621 -3.3685202629096942 2.0784969785057048
leaf_weight=55 77 59 51 51 50 50
leaf_count=55 77 59 51 51 50 50
internal_value=-0.682101 0.744944 -0.564116 -4.11509 1.71727 -0.646851
internal_weight=393 316 261 102 159 100
internal_count=393 316 261 102 159 100
is_linear=0
shrinkage=0.03


Tree=234
num_leaves=6
num_cat=0
split_feature=6 1 20 6 25
split_gain=3.42717e+06 2.67806e+06 2.14378e+06 1.49017e+06 1.74596e+06
threshold=4.2500000000000009 1.0000000180025095e-35 13.411200000000003 3.1500000000000008 10.622040000000002
decision_type=2 2 2 2 2
left_child=1 -1 3 4 -3
right_child=-2 2 -4 -5 -6
leaf_value=6.7198782356651963 -6.3240172662725733 -4.5422841447663345 -4.9835911503480164 5.0615876266325106 2.414306713269482
leaf_weight=55 77 58 71 59 73
leaf_count=55 77 58 71 59 73
internal_value=-0.661715 0.722684 -0.547323 1.11564 -0.668983
internal_weight=393 316 261 190 131
internal_count=393 316 261 190 131
is_linear=0
shrinkage=0.03


Tree=235
num_leaves=5
num_cat=0
split_feature=0 0 26 27
split_gain=2.8611e+06 2.44193e+06 3.99572e+06 2.74047e+06
threshold=805.4000000000002 551.10000000000014 8.8500000000000032 -0.34964421742355262
decision_type=2 2 2 2
left_child=1 2 3 -1
right_child=-2 -3 -4 -5
leaf_value=8.4738895392749711 -4.8741928113274451 6.817167881621117 -5.6631631136690501 -0.32177122210104442
leaf_weight=50 89 57 76 87
leaf_count=50 89 57 76 87
internal_value=-0.218745 1.3195 -0.159181 2.89976
internal_weight=359 270 213 137
internal_count=359 270 213 137
is_linear=0
shrinkage=0.03


Tree=236
num_leaves=5
num_cat=0
split_feature=3 24 27 21
split_gain=4.66653e+06 4.11363e+06 3.31006e+06 976396
threshold=83.500000000000014 861.1111111111112 0.54879721697423822 0.65255999308437074
decision_type=2 2 2 2
left_child=1 -1 3 -3
right_child=-2 2 -4 -5
leaf_value=9.0701205844860198 -8.315413172706057 -5.9575628443954436 4.0380287382830575 -1.1161254925975328
leaf_weight=50 54 61 97 97
leaf_count=50 54 61 97 97
internal_value=-0.212071 1.22935 -0.316872 -2.99309
internal_weight=359 305 255 158
internal_count=359 305 255 158
is_linear=0
shrinkage=0.03


Tree=237
num_leaves=6
num_cat=0
split_feature=3 0 3 20 21
split_gain=4.39221e+06 6.60802e+06 2.33123e+06 2.59112e+06 1.56736e+06
threshold=83.500000000000014 150.85000000000005 49.70000000000001 11.460400000000002 0.78866123068171057
decision_type=2 2 2 2 2
left_child=1 -1 -3 4 -4
right_child=-2 2 3 -5 -6
leaf_value=10.08935751936329 -8.0673290301159604 -6.6140507989084742 7.0089964958380548 -4.5135125019538851 0.28981280902180251
leaf_weight=60 54 52 51 62 80
leaf_count=60 54 52 51 62 80
internal_value=-0.205767 1.19265 -0.995777 0.525823 2.91578
internal_weight=359 305 245 193 131
internal_count=359 305 245 193 131
is_linear=0
shrinkage=0.03


Tree=238
num_leaves=6
num_cat=0
split_feature=3 0 3 7 6
split_gain=4.13649e+06 6.25042e+06 2.14324e+06 2.2467e+06 1.06542e+06
threshold=84.450000000000017 150.85000000000005 49.70000000000001 17.450000000000003 2.7500000000000004
decision_type=2 2 2 2 2
left_child=1 -1 -3 -4 -5
right_child=-2 2 3 4 -6
leaf_value=9.6762094487723864 -8.1782323730347422 -6.4167673848737499 3.7239765365476498 -5.7911837336006275 0.36009807876676148
leaf_weight=61 50 52 95 50 51
leaf_count=61 50 52 95 50 51
internal_value=-0.199638 1.09805 -1.02101 0.418092 -2.69313
internal_weight=359 309 248 196 101
internal_count=359 309 248 196 101
is_linear=0
shrinkage=0.03


Tree=239
num_leaves=5
num_cat=0
split_feature=0 14 6 7
split_gain=2.59795e+06 2.837e+06 2.6481e+06 1.46333e+06
threshold=805.4000000000002 319.00000000000006 3.1500000000000008 20.350000000000005
decision_type=2 2 2 2
left_child=1 2 3 -1
right_child=-2 -3 -4 -5
leaf_value=3.7642556941718386 -4.6300183225759337 -5.1584935557249763 6.5054730789208595 -2.8234512616102339
leaf_weight=51 89 50 95 74
leaf_count=51 89 50 95 74
internal_value=-0.193814 1.27197 2.73852 -0.133018
internal_weight=359 270 220 125
internal_count=359 270 220 125
is_linear=0
shrinkage=0.03


Tree=240
num_leaves=6
num_cat=0
split_feature=14 27 14 5 24
split_gain=5.05729e+06 1.77402e+06 3.04307e+06 2.62269e+06 773908
threshold=48.000000000000007 -0.71461382420154484 184.00000000000003 12.725000000000001 2509.2583333333337
decision_type=2 2 2 2 2
left_child=-1 -2 3 -3 -5
right_child=1 2 -4 4 -6
leaf_value=10.401826978817322 4.7575473836117821 -3.9231253139109805 -6.2060758962790628 6.5921942003552818 1.5487555959989439
leaf_weight=51 61 58 70 52 58
leaf_count=51 61 58 70 52 58
internal_value=1.69946 0.206136 -0.964885 1.22606 3.94445
internal_weight=350 299 238 168 110
internal_count=350 299 238 168 110
is_linear=0
shrinkage=0.03


Tree=241
num_leaves=5
num_cat=0
split_feature=14 6 2 14
split_gain=4.76008e+06 2.17234e+06 4.11992e+06 1.36264e+06
threshold=48.000000000000007 3.8500000000000001 10.450000000000001 145.00000000000003
decision_type=2 2 2 2
left_child=-1 2 -2 -4
right_child=1 -3 3 -5
leaf_value=10.091596981349745 -6.1984878650773014 4.8567550687872485 5.5756736878143798 -0.43764943771430997
leaf_weight=51 90 69 57 83
leaf_count=51 90 69 57 83
internal_value=1.64881 0.200035 -1.20145 2.01726
internal_weight=350 299 230 140
internal_count=350 299 230 140
is_linear=0
shrinkage=0.03


Tree=242
num_leaves=5
num_cat=0
split_feature=25 11 15 4
split_gain=2.96198e+06 2.29271e+06 2.79803e+06 1.68599e+06
threshold=8.0226450000000025 2.5000000000000004 1.0000000180025095e-35 1009.0500000000001
decision_type=2 2 2 2
left_child=-1 2 -2 -3
right_child=1 3 -4 -5
leaf_value=6.1121936241744708 -7.6389264304602333 6.2107105237951776 1.3281713036775222 -0.61450532288289184
leaf_weight=95 60 63 65 67
leaf_count=95 60 63 65 67
internal_value=1.5997 -0.0865919 -2.98395 2.69971
internal_weight=350 255 125 130
internal_count=350 255 125 130
is_linear=0
shrinkage=0.03


Tree=243
num_leaves=5
num_cat=0
split_feature=14 6 2 14
split_gain=4.35145e+06 2.00571e+06 3.92386e+06 1.24311e+06
threshold=48.000000000000007 3.8500000000000001 10.450000000000001 145.00000000000003
decision_type=2 2 2 2
left_child=-1 2 -2 -4
right_child=1 -3 3 -5
leaf_value=9.6241198644024593 -6.0566340547305009 4.6412599514366741 5.3599859021471437 -0.38362999707710843
leaf_weight=51 90 69 57 83
leaf_count=51 90 69 57 83
internal_value=1.55185 0.166679 -1.17995 1.96124
internal_weight=350 299 230 140
internal_count=350 299 230 140
is_linear=0
shrinkage=0.03


Tree=244
num_leaves=5
num_cat=0
split_feature=14 6 2 14
split_gain=4.09569e+06 1.88761e+06 3.69283e+06 1.17001e+06
threshold=48.000000000000007 3.8500000000000001 10.450000000000001 145.00000000000003
decision_type=2 2 2 2
left_child=-1 2 -2 -4
right_child=1 -3 3 -5
leaf_value=9.3370848151832302 -5.8755386605056819 4.5026248987380306 5.2000281488458526 -0.37216254106088847
leaf_weight=51 90 69 57 83
leaf_count=51 90 69 57 83
internal_value=1.50563 0.161785 -1.1446 1.90272
internal_weight=350 299 230 140
internal_count=350 299 230 140
is_linear=0
shrinkage=0.03


Tree=245
num_leaves=6
num_cat=0
split_feature=27 24 26 20 6
split_gain=5.58868e+06 6.26647e+06 4.75705e+06 2.31563e+06 512859
threshold=-0.11593352601052358 1092.5916666666669 7.6500000000000012 5.0563000000000011 3.0500000000000003
decision_type=2 2 2 2 2
left_child=2 -2 -1 -3 -5
right_child=1 3 -4 4 -6
leaf_value=10.052164875600347 -11.34641071463531 -5.0126151160794405 -1.5879444209720481 4.362942056605954 0.48099764103263759
leaf_weight=72 58 57 56 57 66
leaf_count=72 58 57 56 57 66
internal_value=-0.0804057 -2.79825 4.96774 -0.029496 2.28626
internal_weight=366 238 128 180 123
internal_count=366 238 128 180 123
is_linear=0
shrinkage=0.03


Tree=246
num_leaves=6
num_cat=0
split_feature=14 3 1 14 0
split_gain=5.21813e+06 5.26377e+06 3.67828e+06 2.09465e+06 600819
threshold=192.00000000000003 69.200000000000003 0.6000000000000002 56.000000000000007 543.65000000000009
decision_type=2 2 2 2 2
left_child=2 -2 -1 -4 -5
right_child=1 -3 3 4 -6
leaf_value=-9.6229707018183088 0.015987138370362794 12.314925161028951 -5.5638432453769457 -0.47201722771416449 3.7102423393039801
leaf_weight=54 83 50 55 67 57
leaf_count=54 83 50 55 67 57
internal_value=-0.0780678 4.65703 -2.78348 -0.707476 1.45472
internal_weight=366 133 233 179 124
internal_count=366 133 233 179 124
is_linear=0
shrinkage=0.03


Tree=247
num_leaves=6
num_cat=0
split_feature=27 21 0 6 2
split_gain=4.95583e+06 5.33684e+06 2.27896e+06 3.58131e+06 2.11804e+06
threshold=-0.11593352601052358 0.54024256428486794 543.65000000000009 3.0500000000000003 5.6500000000000012
decision_type=2 2 2 2 2
left_child=1 -1 4 -4 -2
right_child=2 -3 3 -5 -6
leaf_value=12.297309057868974 -9.6382752882432357 -0.23442533407174765 6.3020525558371299 -4.254758089449072 -1.6938096542268002
leaf_weight=50 58 78 51 66 63
leaf_count=50 58 78 51 66 63
internal_value=-0.0757156 4.67802 -2.63506 0.351201 -5.51639
internal_weight=366 128 238 117 121
internal_count=366 128 238 117 121
is_linear=0
shrinkage=0.03


Tree=248
num_leaves=6
num_cat=0
split_feature=27 24 26 28 0
split_gain=4.66451e+06 5.63406e+06 4.38326e+06 1.75417e+06 342243
threshold=-0.11593352601052358 1092.5916666666669 7.6500000000000012 0.57015780514270664 543.65000000000009
decision_type=2 2 2 2 2
left_child=2 -2 -1 4 -3
right_child=1 3 -4 -5 -6
leaf_value=9.4192509196902705 -10.661713465793669 0.64939101154552314 -1.7532878670091103 -4.1599936354381448 3.848520628889331
leaf_weight=72 58 65 56 59 56
leaf_count=72 58 65 56 59 56
internal_value=-0.0733766 -2.55636 4.53852 0.068715 2.13591
internal_weight=366 238 128 180 121
internal_count=366 238 128 180 121
is_linear=0
shrinkage=0.03


Tree=249
num_leaves=6
num_cat=0
split_feature=8 27 24 24 24
split_gain=4.65982e+06 4.27469e+06 5.48656e+06 3.51629e+06 1.08278e+06
threshold=0.55000000000000016 0.69636977696931246 1472.2222222222224 2185.1861111111116 3687.5000000000005
decision_type=2 2 2 2 2
left_child=-1 2 -2 -3 -4
right_child=1 3 4 -5 -6
leaf_value=-8.182600801267677 12.703139540139535 -8.5847973013398455 -1.0347122922994079 1.4689039198491582 4.4736556433537267
leaf_weight=54 50 55 83 72 52
leaf_count=54 50 55 83 72 52
internal_value=-0.0712399 1.33913 4.24581 -2.89496 1.09218
internal_weight=366 312 185 127 135
internal_count=366 312 185 127 135
is_linear=0
shrinkage=0.03


Tree=250
num_leaves=6
num_cat=0
split_feature=24 27 24 3 21
split_gain=3.98108e+06 2.63251e+06 2.07324e+06 713222 659688
threshold=1.0000000180025095e-35 0.60500564346204555 2430.5555555555561 70.200000000000003 0.89625276073619642
decision_type=2 2 2 2 2
left_child=-1 2 -2 -4 -3
right_child=1 4 3 -5 -6
leaf_value=6.7172649528301704 -9.0034270181523173 3.3932539200261327 -0.089176357522661828 -4.6378324788719949 -0.97088702736507604
leaf_weight=64 50 82 81 50 50
leaf_count=64 50 82 81 50 50
internal_value=-0.0823352 -1.4778 -3.82473 -1.832 1.74165
internal_weight=377 313 181 131 132
internal_count=377 313 181 131 132
is_linear=0
shrinkage=0.03


Tree=251
num_leaves=6
num_cat=0
split_feature=1 27 24 3 21
split_gain=3.747e+06 2.4777e+06 1.95143e+06 671319 620861
threshold=1.0000000180025095e-35 0.60500564346204555 2430.5555555555561 70.200000000000003 0.89625276073619642
decision_type=2 2 2 2 2
left_child=-1 2 -2 -4 -3
right_child=1 4 3 -5 -6
leaf_value=6.5166871507431079 -8.7349353009332003 3.2918274584771074 -0.086510789420771853 -4.4995272789228977 -0.94193417373755817
leaf_weight=64 50 82 81 50 50
leaf_count=64 50 82 81 50 50
internal_value=-0.0799754 -1.43379 -3.71067 -1.77737 1.68956
internal_weight=377 313 181 131 132
internal_count=377 313 181 131 132
is_linear=0
shrinkage=0.03


Tree=252
num_leaves=6
num_cat=0
split_feature=1 27 3 0 21
split_gain=3.52667e+06 2.332e+06 1.56514e+06 920967 584320
threshold=1.0000000180025095e-35 0.60500564346204555 54.000000000000007 331.85000000000008 0.89625276073619642
decision_type=2 2 2 2 2
left_child=-1 2 -2 -4 -3
right_child=1 4 3 -5 -6
leaf_value=6.3220991315737862 0.91172772465358909 3.1934325036678106 -7.9686232305989035 -2.9162707122424978 -0.91384466004715292
leaf_weight=64 50 82 62 69 50
leaf_count=64 50 82 62 69 50
internal_value=-0.077683 -1.39109 -3.60002 -5.32027 1.63903
internal_weight=377 313 181 131 132
internal_count=377 313 181 131 132
is_linear=0
shrinkage=0.03


Tree=253
num_leaves=6
num_cat=0
split_feature=1 14 4 4 6
split_gain=3.31923e+06 1.9484e+06 1.77844e+06 1.40887e+06 772764
threshold=1.0000000180025095e-35 188.00000000000003 1017.0000000000001 1010.0500000000001 3.1500000000000008
decision_type=2 2 2 2 2
left_child=-1 2 4 -3 -2
right_child=1 3 -4 -5 -6
leaf_value=6.1333207973759061 -0.20112359792225837 -8.1773374606980003 -4.2722877537367641 -1.5863957080325564 4.2418670196003383
leaf_weight=64 64 50 51 70 78
leaf_count=64 64 50 51 70 78
internal_value=-0.0753845 -1.34958 0.517432 -4.34624 2.24313
internal_weight=377 313 193 120 142
internal_count=377 313 193 120 142
is_linear=0
shrinkage=0.03


Tree=254
num_leaves=6
num_cat=0
split_feature=1 14 3 8 0
split_gain=3.12405e+06 1.83381e+06 1.40783e+06 1.08222e+06 879036
threshold=1.0000000180025095e-35 188.00000000000003 58.95000000000001 6.0500000000000007 363.4500000000001
decision_type=2 2 2 2 2
left_child=-1 2 -2 -4 -3
right_child=1 4 3 -5 -6
leaf_value=5.9501797304702215 4.496342940203462 -6.9525143807946472 -4.4812361798366958 0.98128281664593786 -1.8012395520751621
leaf_weight=64 56 56 53 84 64
leaf_count=64 56 56 53 84 64
internal_value=-0.0732159 -1.30938 0.501895 -1.13706 -4.21659
internal_weight=377 313 193 137 120
internal_count=377 313 193 137 120
is_linear=0
shrinkage=0.03


Tree=255
num_leaves=5
num_cat=0
split_feature=26 26 4 21
split_gain=2.80445e+06 3.507e+06 3.40033e+06 3.30943e+06
threshold=7.4500000000000011 8.6500000000000039 1011.0500000000001 0.63667604752970619
decision_type=2 2 2 2
left_child=3 -2 -3 -1
right_child=1 2 -4 -5
leaf_value=-8.0416975885558415 8.0604294945363524 -6.8770694717050302 2.6513252569821457 0.59316706507594474
leaf_weight=75 58 51 98 85
leaf_count=75 58 51 98 85
internal_value=-0.482358 1.82226 -0.617277 -3.46184
internal_weight=367 207 149 160
internal_count=367 207 149 160
is_linear=0
shrinkage=0.03


Tree=256
num_leaves=5
num_cat=0
split_feature=26 5 21 23
split_gain=2.6393e+06 3.32676e+06 3.11461e+06 2.24051e+06
threshold=7.4500000000000011 7.8750000000000009 0.63667604752970619 0.25000000000000017
decision_type=2 2 2 2
left_child=2 -2 -1 -3
right_child=1 3 -4 -5
leaf_value=-7.8014077906874544 7.5000044408906694 2.4095154450711833 0.57543473137920376 -5.1644433257354443
leaf_weight=75 63 84 85 60
leaf_count=75 63 84 85 60
internal_value=-0.467974 1.76776 -3.35841 -0.750414
internal_weight=367 207 160 144
internal_count=367 207 160 144
is_linear=0
shrinkage=0.03


Tree=257
num_leaves=6
num_cat=0
split_feature=14 24 27 14 4
split_gain=2.74891e+06 3.78873e+06 1.54701e+06 337158 375785
threshold=42.000000000000007 1472.2222222222224 -0.21772121422198129 127.00000000000001 1011.9500000000002
decision_type=2 2 2 2 2
left_child=-1 -2 -3 4 -4
right_child=1 2 3 -5 -6
leaf_value=6.0621836317415037 -7.6880292876767919 -2.6805783863445996 2.9789049322230676 4.1644360732602674 -0.69021285942487176
leaf_weight=50 69 98 50 50 50
leaf_count=50 69 98 50 50 50
internal_value=-0.453994 -1.48657 0.246003 2.15963 1.14768
internal_weight=367 317 248 150 100
internal_count=367 317 248 150 100
is_linear=0
shrinkage=0.03


Tree=258
num_leaves=6
num_cat=0
split_feature=3 8 4 6 3
split_gain=1.82927e+06 1.84098e+06 1.86684e+06 1.57075e+06 1.21066e+06
threshold=83.200000000000003 1.5000000000000002 1007.1000000000001 2.5500000000000003 61.20000000000001
decision_type=2 2 2 2 2
left_child=1 -1 -3 -4 -5
right_child=-2 2 3 4 -6
leaf_value=5.1929318765926524 -5.5790908014751954 3.2562584794020748 1.3268167854757869 -7.6114489192183443 -1.399828293348482
leaf_weight=59 53 76 66 56 57
leaf_count=59 53 76 66 56 57
internal_value=-0.440321 0.43152 -0.674913 -2.34672 -4.49024
internal_weight=367 314 255 179 113
internal_count=367 314 255 179 113
is_linear=0
shrinkage=0.03


Tree=259
num_leaves=5
num_cat=0
split_feature=26 26 4 21
split_gain=2.45694e+06 3.31604e+06 3.14219e+06 2.93421e+06
threshold=7.4500000000000011 8.6500000000000039 1011.0500000000001 0.65118305509987462
decision_type=2 2 2 2
left_child=3 -2 -3 -1
right_child=1 2 -4 -5
leaf_value=-7.4219674920403484 7.7958306720857973 -6.6596626544974713 2.499937540720826 0.6984261146656463
leaf_weight=77 58 51 98 83
leaf_count=77 58 51 98 83
internal_value=-0.427229 1.72986 -0.642249 -3.21603
internal_weight=367 207 149 160
internal_count=367 207 149 160
is_linear=0
shrinkage=0.03


Tree=260
num_leaves=5
num_cat=0
split_feature=14 24 11 0
split_gain=2.27059e+06 3.53652e+06 1.84548e+06 996557
threshold=46.000000000000007 1250.0000000000002 3.5000000000000004 363.4500000000001
decision_type=2 2 2 2
left_child=-1 -2 3 -3
right_child=1 2 -4 -5
leaf_value=5.400491730916567 -7.3351444572573428 -0.0066752252160790426 -2.9374596827758759 4.8472011248695903
leaf_weight=54 67 75 91 77
leaf_count=54 67 75 91 77
internal_value=-0.259162 -1.24933 0.435585 2.45684
internal_weight=364 310 243 152
internal_count=364 310 243 152
is_linear=0
shrinkage=0.03


Tree=261
num_leaves=6
num_cat=0
split_feature=14 24 29 8 8
split_gain=2.13773e+06 3.46212e+06 1.79305e+06 1.07173e+06 592731
threshold=44.000000000000007 1250.0000000000002 -1.0000000180025095e-35 13.15 7.5000000000000009
decision_type=2 2 2 2 2
left_child=-1 -2 -3 4 -4
right_child=1 2 3 -5 -6
leaf_value=5.3621900129910864 -7.1615691685711482 -2.8496255003061117 1.9787843370706011 -1.1381780293731993 6.5418509276628969
leaf_weight=52 68 91 53 50 50
leaf_count=52 68 91 53 50 50
internal_value=-0.251388 -1.19126 0.479305 2.46102 4.20652
internal_weight=364 312 244 153 103
internal_count=364 312 244 153 103
is_linear=0
shrinkage=0.03


Tree=262
num_leaves=5
num_cat=0
split_feature=14 24 0 11
split_gain=2.01527e+06 3.13022e+06 1.65949e+06 1.69418e+06
threshold=46.000000000000007 1250.0000000000002 183.30000000000004 2.5000000000000004
decision_type=2 2 2 2
left_child=-1 -2 -3 -4
right_child=1 2 3 -5
leaf_value=5.0881834763584877 -6.9021812133732388 -3.7709085379505609 5.0845015162295519 -0.75781676897469596
leaf_weight=54 67 63 81 99
leaf_count=54 67 63 81 99
internal_value=-0.243778 -1.17662 0.408558 1.87526
internal_weight=364 310 243 180
internal_count=364 310 243 180
is_linear=0
shrinkage=0.03


Tree=263
num_leaves=5
num_cat=0
split_feature=14 24 29 26
split_gain=1.89681e+06 2.94601e+06 1.57924e+06 1.47413e+06
threshold=46.000000000000007 1250.0000000000002 -1.0000000180025095e-35 8.7500000000000018
decision_type=2 2 2 2
left_child=-1 -2 -3 -4
right_child=1 2 3 -5
leaf_value=4.9363814453788883 -6.6960392853267834 -2.7239366726937981 -0.2898484307711886 5.672922412456451
leaf_weight=54 67 91 87 65
leaf_count=54 67 91 87 65
internal_value=-0.236495 -1.14151 0.39632 2.26611
internal_weight=364 310 243 152
internal_count=364 310 243 152
is_linear=0
shrinkage=0.03


end of trees

feature_importances:
avg_weight_price_ratio=443
day_of_year_sin=112
avg_weight_kg=83
trade_quantity=69
water_temp_ratio=59
humidity=58
day_of_year=52
water_temperature=45
pressure=44
day_of_year_cos=36
wind_speed=34
day_of_week=34
min_temperature=32
temp_range=31
avg_temperature=24
temp_humidity=22
month_sin=22
max_temperature=19
day_of_week_sin=14
temp_pressure=12
month_cos=11
spring=10
rainfall=4
month=4
day_of_week_cos=3
fall=2
winter=2
peak_season=2

parameters:
[boosting: gbdt]
[objective: regression]
[metric: l1]
[tree_learner: serial]
[device_type: cpu]
[data_sample_strategy: bagging]
[data: ]
[valid: ]
[num_iterations: 500]
[learning_rate: 0.03]
[num_leaves: 31]
[num_threads: 0]
[seed: 42]
[deterministic: 0]
[force_col_wise: 0]
[force_row_wise: 0]
[histogram_pool_size: -1]
[max_depth: 6]
[min_data_in_leaf: 50]
[min_sum_hessian_in_leaf: 0.001]
[bagging_fraction: 0.7]
[pos_bagging_fraction: 1]
[neg_bagging_fraction: 1]
[bagging_freq: 5]
[bagging_seed: 400]
[bagging_by_query: 0]
[feature_fraction: 0.7]
[feature_fraction_bynode: 1]
[feature_fraction_seed: 30056]
[extra_trees: 0]
[extra_seed: 12879]
[early_stopping_round: 0]
[early_stopping_min_delta: 0]
[first_metric_only: 0]
[max_delta_step: 0]
[lambda_l1: 0.3]
[lambda_l2: 0.3]
[linear_lambda: 0]
[min_gain_to_split: 0.1]
[drop_rate: 0.1]
[max_drop: 50]
[skip_drop: 0.5]
[xgboost_dart_mode: 0]
[uniform_drop: 0]
[drop_seed: 17869]
[top_rate: 0.2]
[other_rate: 0.1]
[min_data_per_group: 100]
[max_cat_threshold: 32]
[cat_l2: 10]
[cat_smooth: 10]
[max_cat_to_onehot: 4]
[top_k: 20]
[monotone_constraints: ]
[monotone_constraints_method: basic]
[monotone_penalty: 0]
[feature_contri: ]
[forcedsplits_filename: ]
[refit_decay_rate: 0.9]
[cegb_tradeoff: 1]
[cegb_penalty_split: 0]
[cegb_penalty_feature_lazy: ]
[cegb_penalty_feature_coupled: ]
[path_smooth: 0]
[interaction_constraints: ]
[verbosity: -1]
[saved_feature_importance_type: 0]
[use_quantized_grad: 0]
[num_grad_quant_bins: 4]
[quant_train_renew_leaf: 0]
[stochastic_rounding: 1]
[linear_tree: 0]
[max_bin: 255]
[max_bin_by_feature: ]
[min_data_in_bin: 3]
[bin_construct_sample_cnt: 200000]
[data_random_seed: 175]
[is_enable_sparse: 1]
[enable_bundle: 1]
[use_missing: 1]
[zero_as_missing: 0]
[feature_pre_filter: 1]
[pre_partition: 0]
[two_round: 0]
[header: 0]
[label_column: ]
[weight_column: ]
[group_column: ]
[ignore_column: ]
[categorical_feature: ]
[forcedbins_filename: ]
[precise_float_parser: 0]
[parser_config_file: ]
[objective_seed: 16083]
[num_class: 1]
[is_unbalance: 0]
[scale_pos_weight: 1]
[sigmoid: 1]
[boost_from_average: 1]
[reg_sqrt: 0]
[alpha: 0.9]
[fair_c: 1]
[poisson_max_delta_step: 0.7]
[tweedie_variance_power: 1.5]
[lambdarank_truncation_level: 30]
[lambdarank_norm: 1]
[label_gain: ]
[lambdarank_position_bias_regularization: 0]
[eval_at: ]
[multi_error_top_k: 1]
[auc_mu_weights: ]
[num_machines: 1]
[local_listen_port: 12400]
[time_out: 120]
[machine_list_filename: ]
[machines: ]
[gpu_platform_id: -1]
[gpu_device_id: -1]
[gpu_use_dp: 0]
[num_gpu: 1]

end of parameters

pandas_categorical:[]
