tree
version=v4
num_class=1
num_tree_per_iteration=1
label_index=0
max_feature_idx=30
objective=regression
feature_names=trade_quantity avg_weight_kg water_temperature humidity pressure avg_temperature wind_speed max_temperature min_temperature rainfall month day_of_week is_weekend quarter day_of_year spring summer fall winter peak_season_spring temp_humidity water_temp_ratio month_sin month_cos avg_weight_price_ratio temp_pressure temp_range day_of_year_sin day_of_year_cos day_of_week_sin day_of_week_cos
feature_infos=[1:3949.5] [0:1.5] [-0.69999999999999996:28.199999999999999] [20:99.900000000000006] [984:1034.7] [-8.1999999999999993:31.5] [0.90000000000000002:11.699999999999999] [-5.2999999999999998:36.700000000000003] [-12.199999999999999:27.600000000000001] [0:208.69999999999999] [1:12] [0:5] [0:1] [1:4] [2:364] [0:1] [0:1] [0:1] [0:1] [0:1] [-6.3121:25.866200000000003] [-52.313333333333325:31.500000000000007] [-1:1] [-1:1] [0:32000] [-8.3033199999999994:31.666949999999996] [1.2000000000000028:16.699999999999999] [-0.99999073973619013:0.99991665865473789] [-0.99996295911626554:0.99985183920911624] [-0.97492791218182362:0.97492791218182362] [-0.90096886790241903:1]
tree_sizes=1620 1569 1726 1654 1646 1652 1724 1735 1734 1813 1487 1791 1654 1729 1731 1733 1821 1741 1819 1737 1908 1809 1907 1818 1892 1735 1732 1807 1815 1731 1732 1726 1735 1650 1656 1487 1662 1661 1817 1909 1738 1822 1740 1571 1746 1718 1730 1655 1477 1397 1648 1571 1551 1800 1472 1657 1659 1836 1714 1658 1895 1729 1799 1661 1650 1729 1572 1725 1574 1488 1132 1812 1558 1661 1482 1335 1473 1236 1637 1417 1645 1225 1557 1146 1564 1663 1476 1475 1467 1724 1157 1554 1472 1562 1471 1402 1393 1564 1411 1713 985 986 1076 1064 905 1579 988 1405 1406 1314 1401 1311 1318 1322 1647 1628 1400 1401 1151 1405 1159 1157 1487 1157 1247 1323 1237 1401 1153 1405

Tree=0
num_leaves=18
num_cat=0
split_feature=24 24 24 1 24 0 24 0 24 24 10 24 24 24 24 24 5
split_gain=2.27076e+10 3.6226e+09 2.5931e+09 2.16567e+09 1.86146e+09 1.83808e+09 4.69611e+08 3.15972e+08 2.81962e+08 2.79592e+08 2.72428e+08 2.31022e+08 1.60502e+08 5.28407e+07 4.61384e+07 3.61423e+07 6.23804e+06
threshold=10652.777777777779 15263.888888888891 7943.0555555555566 0.18333333333333332 5458.3333333333339 133.55000000000004 18791.666666666668 436.15000000000003 3083.3333333333335 12122.686111111112 5.5000000000000009 9347.2222222222244 7161.7063492063508 4281.7460317460327 8601.8527777777799 6465.7416666666677 19.625000000000004
decision_type=2 2 2 2 2 2 2 2 2 2 2 2 2 2 2 2 2
left_child=2 9 3 5 8 10 -3 -7 -5 -2 -1 14 15 -10 -4 16 -6
right_child=1 6 11 4 12 7 -8 -9 13 -11 -12 -13 -14 -15 -16 -17 -18
leaf_value=15958.420563240752 16137.740116782103 16558.588569632462 15867.68992640611 15344.965323396502 15692.902596199394 15791.004819725031 16814.052448952083 15564.630329049358 15478.96537067043 16299.078645635105 16166.346321045368 16029.415490948089 15804.5722271675 15566.31490275929 15935.317690462931 15733.56335055011 15656.042005031399
leaf_weight=31 51 42 53 34 31 32 34 30 41 58 32 52 52 37 48 44 34
leaf_count=31 51 42 53 34 31 32 34 30 41 58 32 52 52 37 48 44 34
internal_value=15929.9 16409 15769 15701.7 15622.8 15874.1 16673.9 15681.1 15466.3 16223.9 16064.2 15943.9 15731.9 15519.9 15899.8 15697.4 15673.2
internal_weight=736 185 551 398 273 125 76 62 112 109 63 153 161 78 101 109 65
internal_count=736 185 551 398 273 125 76 62 112 109 63 153 161 78 101 109 65
is_linear=0
shrinkage=1


Tree=1
num_leaves=17
num_cat=0
split_feature=24 24 24 1 24 14 1 14 24 24 24 24 24 24 24 5
split_gain=2.05027e+10 3.36012e+09 2.25224e+09 1.95503e+09 1.68045e+09 9.9815e+08 4.78093e+08 3.55454e+08 2.69177e+08 2.54574e+08 1.89168e+08 1.44911e+08 4.76946e+07 4.16482e+07 3.26382e+07 5.62996e+06
threshold=10546.297222222223 15263.888888888891 7943.0555555555566 0.18333333333333332 5458.3333333333339 167.50000000000003 0.65000000000000013 106.50000000000001 12009.258333333337 3083.3333333333335 9347.2222222222244 7161.7063492063508 4281.7460317460327 8601.8527777777799 6465.7416666666677 19.625000000000004
decision_type=2 2 2 2 2 2 2 2 2 2 2 2 2 2 2 2
left_child=2 8 3 5 9 7 -3 -1 -2 -5 13 14 -11 -4 15 -6
right_child=1 6 10 4 11 -7 -8 -9 -10 12 -12 -13 -14 -15 -16 -17
leaf_value=-20.19451051570978 194.86268524342336 549.15020707342717 -57.704328783398068 -554.37248499358509 -223.78444873773014 143.31877002406287 810.66008062466108 -234.87072069201682 350.8574884663177 -427.04160797787409 92.432311178856125 -117.67231136036467 -344.05368145636794 6.5484829458526166 -185.14094509548613 -258.80407263792154
leaf_weight=31 53 30 53 34 31 43 46 51 59 41 49 52 37 48 44 34
leaf_count=31 53 30 53 34 31 43 46 51 59 41 49 52 37 48 44 34
internal_value=1.38549 451.801 -153.191 -215.406 -290.371 -51.582 708.29 -153.836 277.278 -439.071 11.9208 -186.719 -388.167 -27.192 -219.52 -242.472
internal_weight=736 188 548 398 273 125 76 82 112 112 150 161 78 101 109 65
internal_count=736 188 548 398 273 125 76 82 112 112 150 161 78 101 109 65
is_linear=0
shrinkage=0.05


Tree=2
num_leaves=19
num_cat=0
split_feature=24 24 24 1 0 24 0 24 0 24 10 24 24 24 24 24 24 24
split_gain=1.85135e+10 3.38161e+09 1.717e+09 2.24954e+09 1.61361e+09 1.00966e+09 3.77894e+08 3.65132e+08 2.63711e+08 2.55299e+08 2.24809e+08 1.25408e+08 1.19175e+08 4.67524e+07 3.39796e+07 3.38705e+07 3.11852e+07 1.76164e+07
threshold=10231.747222222224 16027.777777777779 7161.7063492063508 0.18333333333333332 133.55000000000004 4670.6361111111119 30.750000000000004 12180.555555555557 436.15000000000003 8601.8527777777799 5.5000000000000009 3083.3333333333335 5736.1111111111122 13468.750000000002 9417.9884920634959 7943.0555555555566 11157.638888888891 6465.7416666666677
decision_type=2 2 2 2 2 2 2 2 2 2 2 2 2 2 2 2 2 2
left_child=2 7 3 4 10 11 -3 16 -6 15 -1 -5 -7 -9 -11 -4 -2 -14
right_child=1 6 9 5 8 12 -8 13 -10 14 -12 -13 17 -15 -16 -17 -18 -19
leaf_value=32.958190670197418 148.89792717740968 576.68961280962935 -111.79998612943858 -526.73516770527863 -129.45174092800818 -304.7611768951806 813.34247781344413 300.37338749578225 -336.28738930914488 7.5099286037528818 221.86382054599272 -398.46457826534436 -220.38292335044878 392.18942090000752 72.258657827964626 -54.824545742113941 217.98285835747703 -175.90489100588152
leaf_weight=31 39 38 52 34 32 39 33 30 30 50 32 50 54 31 34 53 30 44
leaf_count=31 39 38 52 34 32 39 33 30 30 50 32 50 54 31 34 53 30 44
internal_value=1.31434 410.319 -152.397 -218.584 -49.0073 -314.433 687.673 258.428 -229.914 -31.1776 129.11 -450.948 -230.462 347.6 33.7726 -83.1205 179.207 -200.613
internal_weight=736 201 535 346 125 221 71 130 62 189 63 84 137 61 84 105 69 98
internal_count=736 201 535 346 125 221 71 130 62 189 63 84 137 61 84 105 69 98
is_linear=0
shrinkage=0.05


Tree=3
num_leaves=18
num_cat=0
split_feature=24 24 24 1 24 10 24 2 24 24 24 24 24 24 24 24 24
split_gain=1.67166e+10 2.53399e+09 2.05001e+09 1.59321e+09 1.37213e+09 8.45769e+08 3.76516e+08 3.62498e+08 2.27863e+08 2.07018e+08 1.99972e+08 1.17769e+08 3.93158e+07 3.38611e+07 3.20622e+07 2.63674e+07 5.06545e+06
threshold=10752.313888888892 16027.777777777779 7943.0555555555566 0.18333333333333332 5458.3333333333339 6.5000000000000009 18791.666666666668 9.2500000000000018 12886.904761904765 3083.3333333333335 9347.2222222222244 7161.7063492063508 4281.7460317460327 8601.8527777777799 11708.333333333334 6465.7416666666677 6043.9805555555567
decision_type=2 2 2 2 2 2 2 2 2 2 2 2 2 2 2 2 2
left_child=2 8 3 5 9 7 -3 -1 14 -5 13 15 -11 -4 -2 16 -6
right_child=1 6 10 4 11 -7 -8 -9 -10 12 -12 -13 -14 -15 -16 -17 -18
leaf_value=-10.184500774874149 170.84789240306597 539.76686097013987 -52.088480177482417 -500.47563619753487 -235.99606694319715 161.69285384392805 775.08609336338441 -213.29598876601673 358.01705901462356 -385.86670111960166 91.83016991935375 -106.22071715957144 -310.56381691164086 5.8470247816271197 242.93028913481146 -167.12959560126134 -203.18939848897125
leaf_weight=38 31 37 53 34 30 35 34 52 43 41 58 52 37 48 34 44 35
leaf_count=38 31 37 53 34 30 35 34 52 43 41 58 52 37 48 34 44 35
internal_value=1.2522 421.461 -133.839 -194.455 -262.128 -46.5654 653.387 -127.644 268.528 -396.497 17.9175 -168.467 -350.59 -24.5762 208.868 -198.037 -218.67
internal_weight=736 179 557 398 273 125 71 90 108 112 159 161 78 101 65 109 65
internal_count=736 179 557 398 273 125 71 90 108 112 159 161 78 101 65 109 65
is_linear=0
shrinkage=0.05


Tree=4
num_leaves=18
num_cat=0
split_feature=24 24 24 24 0 24 24 24 0 24 14 24 24 24 24 24 24
split_gain=1.51062e+10 2.7576e+09 1.39538e+09 1.83327e+09 1.40844e+09 8.2554e+08 3.97421e+08 2.49495e+08 2.22058e+08 2.05943e+08 1.80154e+08 1.10177e+08 8.67741e+07 2.75991e+07 2.675e+07 1.41433e+07 1.39282e+07
threshold=10231.747222222224 15263.888888888891 7161.7063492063508 1.0000000180025095e-35 133.55000000000004 4750.0000000000009 18791.666666666668 12009.258333333337 436.15000000000003 8601.8527777777799 150.50000000000003 3083.3333333333335 5736.1111111111122 7943.0555555555566 9483.7972222222234 6465.7416666666677 10990.741666666667
decision_type=2 2 2 2 2 2 2 2 2 2 2 2 2 2 2 2 2
left_child=2 7 3 4 10 11 -3 16 -6 13 -1 -5 -7 -4 -11 -14 -2
right_child=1 6 9 5 8 12 -8 -9 -10 14 -12 -13 15 -15 -16 -17 -18
leaf_value=36.068261588731382 134.76168349343843 502.5730726808381 -100.9198760459153 -475.52523826979478 -121.0560465875073 -272.49208754436461 736.44544402091742 300.71464425488779 -310.87198693158223 7.2236082230995313 205.20387744368793 -356.99546119129593 -198.66736847318694 -49.488962383952746 64.960711393327514 -158.79206094547192 182.26016425279693
leaf_weight=31 33 42 52 34 32 36 34 59 30 51 32 53 54 53 33 44 33
leaf_count=31 33 42 52 34 32 36 34 59 30 51 32 53 54 53 33 44 33
internal_value=1.19068 370.645 -137.657 -197.324 -44.2396 -283.851 608.03 225.945 -213.255 -28.3789 122.168 -403.81 -205.724 -75.0313 29.9564 -180.944 158.751
internal_weight=736 201 535 346 125 221 76 125 62 189 63 87 134 105 84 98 66
internal_count=736 201 535 346 125 221 76 125 62 189 63 87 134 105 84 98 66
is_linear=0
shrinkage=0.05


Tree=5
num_leaves=18
num_cat=0
split_feature=24 24 24 1 0 24 1 10 24 24 24 24 0 24 24 24 24
split_gain=1.43485e+10 2.38281e+09 1.42842e+09 1.4362e+09 8.28497e+08 7.12979e+08 5.85822e+08 2.4451e+08 1.75831e+08 1.50889e+08 1.02255e+08 8.92789e+07 8.06477e+07 3.31644e+07 2.12219e+07 1.79671e+07 1.10685e+07
threshold=10231.747222222224 14287.036111111114 7127.3138888888898 0.18333333333333332 133.55000000000004 4525.9250000000002 0.65000000000000013 5.5000000000000009 8601.8527777777799 12009.258333333337 2908.7301587301595 5701.3888888888896 360.25000000000006 9483.7972222222234 7943.0555555555566 6465.7416666666677 10909.722222222224
decision_type=2 2 2 2 2 2 2 2 2 2 2 2 2 2 2 2 2
left_child=2 9 3 4 7 10 -3 -1 14 16 -5 -7 -6 -10 -4 -13 -2
right_child=1 6 8 5 12 11 -8 -9 13 -11 -12 15 -14 -15 -16 -17 -18
leaf_value=-37.596092506850269 119.68304819837908 385.42688312020039 -94.110030782337148 -460.04908864001141 -134.93706744121158 -259.64008857285427 636.27870118928251 157.71782968757375 -0.24830067405028819 259.1358104618572 -343.47546615752873 -193.21365044441157 -250.81364268949943 62.900444495915693 -47.827706039968007 -145.94523693095903 162.67766797787675
leaf_weight=31 32 41 52 33 30 50 56 33 51 48 50 58 31 35 48 34 32
leaf_count=31 32 41 52 33 30 50 56 33 51 48 50 58 31 35 48 34 32
internal_value=-1.88015 349.424 -138.902 -198.392 -62.4356 -273.861 530.755 63.2015 -26.9131 192.045 -390.322 -205.562 -194.139 25.4949 -71.9645 -175.922 141.401
internal_weight=745 209 536 350 125 225 97 64 186 112 83 142 61 86 100 92 64
internal_count=745 209 536 350 125 225 97 64 186 112 83 142 61 86 100 92 64
is_linear=0
shrinkage=0.05


Tree=6
num_leaves=19
num_cat=0
split_feature=0 28 27 1 7 0 7 20 29 28 6 2 14 14 14 27 4 4
split_gain=1.23162e+09 8.03109e+08 8.36449e+08 4.74594e+08 4.27075e+08 3.38593e+08 2.88036e+08 2.82695e+08 3.26002e+08 2.31247e+08 2.24049e+08 2.22923e+08 2.7685e+08 1.66756e+08 1.65075e+08 1.65402e+08 1.16885e+08 2.54251e+07
threshold=3.0500000000000003 -0.28435918728100346 0.073094453017891456 0.65000000000000013 14.550000000000002 243.05000000000004 26.450000000000003 21.458850000000005 -1.0000000180025095e-35 0.44436171794418394 3.0500000000000003 7.8500000000000005 48.000000000000007 288.00000000000006 128.50000000000003 0.57023701209772126 1011.85 1015.9500000000002
decision_type=2 2 2 2 2 2 2 2 2 2 2 2 2 2 2 2 2 2
left_child=10 2 7 9 11 16 14 8 -2 -3 -1 12 -5 -7 -4 -16 -6 -13
right_child=1 3 6 4 5 13 -8 -9 -10 -11 -12 17 -14 -15 15 -17 -18 -19
leaf_value=104.15318627877399 185.16416740763225 -7.2981869423857617 -114.11437068601855 -52.79342458242337 125.07792438387531 -15.826380844268494 -25.75109621802595 -87.576589822673981 -13.410661761773694 -198.95959493947583 286.36865442334118 -109.42145945312892 121.54241210131261 126.32548617284181 -176.93732114707669 -319.51210068733462 254.01134973668655 -47.050242277835508
leaf_weight=32 33 33 44 41 35 50 32 50 55 30 36 31 51 35 52 34 36 35
leaf_count=32 33 33 44 41 35 50 32 50 55 30 36 31 51 35 52 34 36 35
internal_value=-1.78738 -22.1725 -83.2071 26.4053 51.5368 110.193 -160.227 7.25858 61.1805 -98.7363 200.899 -6.4103 43.8762 42.7863 -193.284 -233.61 190.718 -76.4671
internal_weight=745 677 300 377 314 156 162 138 88 63 68 158 92 85 130 86 71 66
internal_count=745 677 300 377 314 156 162 138 88 63 68 158 92 85 130 86 71 66
is_linear=0
shrinkage=0.05


Tree=7
num_leaves=19
num_cat=0
split_feature=24 24 24 24 24 0 0 24 10 24 24 27 24 24 24 24 24 24
split_gain=1.25965e+10 1.96379e+09 1.35463e+09 9.88525e+08 9.6841e+08 7.11639e+08 3.89716e+08 2.19141e+08 2.16147e+08 1.93444e+08 1.88654e+08 1.0071e+08 1.00047e+08 3.59956e+07 2.28525e+07 1.88615e+07 6.82166e+06 6.0237e+06
threshold=11157.638888888891 7943.0555555555566 16527.777777777781 1.0000000180025095e-35 5458.3333333333339 133.55000000000004 19.850000000000005 9546.2972222222234 5.5000000000000009 13534.722222222224 2908.7301587301595 0.50491897058791513 6680.5555555555566 4402.7777777777783 8657.4083333333347 10231.747222222224 7350.0000000000009 6043.9805555555567
decision_type=2 2 2 2 2 2 2 2 2 2 2 2 2 2 2 2 2 2
left_child=1 3 9 5 10 8 -4 14 -1 -2 -5 -7 17 -12 -3 -9 -14 -6
right_child=2 7 6 4 12 11 -8 15 -10 -11 13 -13 16 -15 -16 -17 -18 -19
leaf_value=-34.134837071458627 203.63712663240153 -43.768285066787513 442.95101525013843 -434.66486366479421 -200.50094468095293 -114.07557414260323 685.19221183556078 61.6828617945066 149.50407622645628 349.63180763064412 -325.70773554864655 -243.17583058506148 -116.5513345392983 -258.46558931355133 3.0874549578363162 113.48760623715633 -85.535835253774636 -169.68981429546079
leaf_weight=31 58 51 38 33 31 31 31 30 33 38 44 30 38 43 53 44 37 51
leaf_count=31 58 51 38 33 31 31 31 30 33 38 44 30 38 43 53 44 37 51
internal_value=-1.69778 -111.366 383.635 -172.574 -225.232 -55.7982 552.618 26.8885 60.6394 261.73 -332.148 -177.862 -143.353 -292.808 -19.9098 92.5973 -101.385 -181.568
internal_weight=745 580 165 402 277 125 69 178 64 96 120 61 157 87 104 74 75 82
internal_count=745 580 165 402 277 125 69 178 64 96 120 61 157 87 104 74 75 82
is_linear=0
shrinkage=0.05


Tree=8
num_leaves=19
num_cat=0
split_feature=24 24 24 1 24 0 24 24 0 10 24 27 24 24 24 24 14 24
split_gain=1.13715e+10 1.77281e+09 1.24774e+09 8.92355e+08 8.74226e+08 6.42471e+08 3.68698e+08 1.98312e+08 1.98053e+08 1.95135e+08 1.70342e+08 9.09235e+07 9.03141e+07 3.2493e+07 2.42937e+07 9.25918e+06 6.3596e+06 5.44312e+06
threshold=11157.638888888891 7943.0555555555566 18791.666666666668 0.18333333333333332 5458.3333333333339 133.55000000000004 13534.722222222224 9631.9444444444471 24.700000000000006 5.5000000000000009 2908.7301587301595 0.50491897058791513 6680.5555555555566 4402.7777777777783 8657.4083333333347 10310.186111111112 163.50000000000003 6043.9805555555567
decision_type=2 2 2 2 2 2 2 2 2 2 2 2 2 2 2 2 2 2
left_child=1 3 6 5 10 9 -2 14 -8 -1 -5 -7 17 -12 -3 -9 -14 -6
right_child=2 7 -4 4 12 11 8 15 -10 -11 13 -13 16 -15 -16 -17 -18 -19
leaf_value=-32.433584830231993 193.47279347930225 -41.584153213053071 607.50783362638333 -412.9972732958837 -190.50813117809233 -108.39013334317222 269.16389643773681 71.073692846758192 444.09787419979784 142.05145578067467 -309.4592756829295 -231.05743132936595 -78.867654922818105 -245.57229547699754 5.6902216571538666 108.50469663124385 -109.11008763855405 -161.22192894026725
leaf_weight=31 58 51 40 33 31 31 30 31 37 33 44 30 32 43 58 38 43 51
leaf_count=31 58 51 40 33 31 31 30 31 37 33 44 30 32 43 58 38 43 51
internal_value=-1.61301 -105.812 364.505 -163.968 -213.999 -53.018 286.32 25.5479 366.287 57.6164 -315.583 -168.998 -136.203 -278.201 -16.4468 91.8151 -96.3289 -172.512
internal_weight=745 580 165 402 277 125 125 178 67 64 120 61 157 87 109 69 75 82
internal_count=745 580 165 402 277 125 125 178 67 64 120 61 157 87 109 69 75 82
is_linear=0
shrinkage=0.05


Tree=9
num_leaves=20
num_cat=0
split_feature=24 24 24 1 24 1 24 0 9 24 24 24 24 0 24 24 24 24 21
split_gain=1.02655e+10 1.60042e+09 1.14198e+09 8.0554e+08 7.90247e+08 6.33777e+08 5.8634e+08 5.80827e+08 2.18431e+08 1.79749e+08 1.24523e+08 1.0919e+08 2.03342e+07 1.94427e+07 2.33199e+07 1.91963e+07 1.53327e+07 8.4137e+06 834536
threshold=11157.638888888891 7943.0555555555566 20194.444444444449 0.18333333333333332 5013.8888888888896 0.65000000000000013 14287.036111111114 195.75000000000003 1.0000000180025095e-35 9483.7972222222234 6509.2583333333341 2908.7301587301595 10125.000000000002 215.90000000000003 8745.3694444444463 5616.666666666667 7127.3138888888898 4009.2583333333337 0.79534158684258094
decision_type=2 2 2 2 2 2 2 2 2 2 2 2 2 2 2 2 2 2 2
left_child=1 3 5 7 11 -2 -7 8 -1 13 15 -5 -11 -3 -15 -6 -12 -13 -17
right_child=2 9 -4 4 10 6 -8 -9 -10 12 16 17 -14 14 -16 18 -18 -19 -20
leaf_value=122.91648961137933 93.112196340877858 -53.355543679976385 625.20805988501877 -392.40979645605171 -212.64011785679514 238.31260590828867 480.48465551811955 -173.80717028126037 -53.119530090141893 49.487373765606748 -123.48125405671733 -301.10380778265159 101.41904403135781 -31.599937647221282 27.28324230865783 -171.91130763602791 -79.43634657612688 -258.94546079282406 -154.42516487342368
leaf_weight=39 33 31 30 33 32 57 45 54 32 32 33 30 47 38 30 31 52 35 31
leaf_count=39 33 31 30 33 32 57 45 54 32 32 33 30 47 38 30 31 52 35 31
internal_value=-1.53289 -100.535 346.325 -155.791 -203.326 283.934 345.519 -50.3763 43.6131 24.2745 -140.707 -317.441 80.4727 -20.6064 -5.62007 -180.391 -96.6612 -278.836 -163.431
internal_weight=745 580 165 402 277 135 102 125 71 178 179 98 79 99 68 94 85 65 62
internal_count=745 580 165 402 277 135 102 125 71 178 179 98 79 99 68 94 85 65 62
is_linear=0
shrinkage=0.05


Tree=10
num_leaves=16
num_cat=0
split_feature=19 23 28 27 25 28 5 26 8 7 25 25 2 1 29
split_gain=7.50603e+08 2.96846e+08 3.19444e+08 2.90251e+08 2.01232e+08 1.73212e+08 1.5452e+08 1.14774e+08 1.32018e+08 2.13118e+08 1.9698e+08 2.66945e+08 1.63782e+08 7.2654e+07 7.15546e+07
threshold=1.0000000180025095e-35 -0.9330127018922193 -0.97502841500522164 0.83354805289222267 22.534490000000005 0.96897393274411392 15.450000000000001 10.850000000000003 6.5500000000000007 12.350000000000003 22.083425000000005 27.727430000000002 4.8500000000000005 0.65000000000000013 1.0000000180025095e-35
decision_type=2 2 2 2 2 2 2 2 2 2 2 2 2 2 2
left_child=1 4 -3 13 -1 7 -5 8 9 14 12 -12 -10 -2 -4
right_child=3 2 5 6 -6 -7 -8 -9 10 -11 11 -13 -14 -15 -16
leaf_value=-105.72249253300443 -102.54695998802063 197.79746514634422 -14.26622133227038 -84.133288136103857 39.423211426390083 -49.860743267335543 62.109619898658096 135.64934972290419 174.45021187034814 -107.57209405926217 -43.942735382761811 112.97109142267223 60.47753078380962 -202.59782061862313 81.758665769327507
leaf_weight=59 31 33 34 43 40 51 31 34 48 35 76 42 92 45 45
leaf_count=59 31 33 34 43 40 51 31 34 48 35 76 42 92 45 45
internal_value=6.4061 31.8378 47.7923 -93.4105 -47.0971 36.9195 -22.8682 47.83 39.7692 -5.03894 59.5625 11.9563 99.6505 -161.976 40.4656
internal_weight=739 589 490 150 99 457 74 406 372 114 258 118 140 76 79
internal_count=739 589 490 150 99 457 74 406 372 114 258 118 140 76 79
is_linear=0
shrinkage=0.05


Tree=11
num_leaves=20
num_cat=0
split_feature=24 24 24 1 24 27 2 24 24 24 24 20 24 7 24 11 24 4 7
split_gain=8.62741e+09 1.5325e+09 1.06685e+09 9.33481e+08 8.36678e+08 7.52372e+08 1.74711e+08 1.54273e+08 1.43328e+08 1.32647e+08 1.13027e+08 9.22731e+07 2.20847e+07 1.80049e+07 1.57483e+07 1.51046e+07 1.22402e+07 7.66762e+06 6.81574e+06
threshold=12009.258333333337 8342.591666666669 18791.666666666668 0.11250000000000002 5458.3333333333339 0.073094453017891456 9.2500000000000018 13361.111111111113 10050.000000000002 7161.7063492063508 2908.7301587301595 11.853975 4402.7777777777783 26.050000000000004 9347.2222222222244 2.5000000000000004 6344.6312222222232 1010.85 16.550000000000004
decision_type=2 2 2 2 2 2 2 2 2 2 2 2 2 2 2 2 2 2 2
left_child=1 3 7 5 10 -1 -7 -2 14 13 -5 -9 -12 16 18 -11 -6 -10 -3
right_child=2 8 -4 4 9 6 -8 11 17 15 12 -13 -14 -15 -16 -17 -18 -19 -20
leaf_value=165.45577537555647 185.46447541761262 9.9562374906106417 581.67328198049961 -368.38804343594268 -155.2299623391699 -17.431529864113475 -161.5921997815434 380.29782699143385 85.010112042064122 -84.18753882473834 -278.27453015385839 262.44271275259342 -222.97208321049527 -179.25017790549472 38.487751207320002 -40.799354619565221 -114.2276064599244 117.788184942775 -22.692718642732231
leaf_weight=40 35 34 38 30 37 38 47 31 38 42 44 39 37 33 30 39 40 37 30
leaf_count=40 35 34 38 30 37 38 47 31 38 42 44 39 37 33 30 39 40 37 30
internal_value=6.08683 -77.607 354.719 -128.039 -175.587 -13.1124 -97.2402 272.108 49.8153 -112.048 -284.722 315.104 -253.319 -147.8 8.66034 -63.3731 -134.106 101.316 -5.35941
internal_weight=739 596 143 427 302 125 85 105 169 191 111 70 81 110 94 81 77 75 64
internal_count=739 596 143 427 302 125 85 105 169 191 111 70 81 110 94 81 77 75 64
is_linear=0
shrinkage=0.05


Tree=12
num_leaves=18
num_cat=0
split_feature=24 24 24 24 24 14 2 24 24 24 24 24 7 11 24 24 4
split_gain=7.78849e+09 1.38347e+09 9.63078e+08 8.42721e+08 7.55324e+08 6.84464e+08 1.85938e+08 1.41054e+08 1.29475e+08 1.19752e+08 1.02423e+08 1.74647e+07 1.62568e+07 1.36351e+07 1.10689e+07 1.07683e+07 1.0157e+07
threshold=12009.258333333337 8342.591666666669 18791.666666666668 1.0000000180025095e-35 5458.3333333333339 173.50000000000003 9.2500000000000018 15263.888888888891 9750.0000000000018 7161.7063492063508 3083.3333333333335 4402.7777777777783 26.050000000000004 2.5000000000000004 6317.1305555555564 8875.0000000000018 1008.6500000000002
decision_type=2 2 2 2 2 2 2 2 2 2 2 2 2 2 2 2 2
left_child=1 3 7 5 10 6 -1 -2 15 12 -5 -12 14 -11 -6 -3 -10
right_child=2 8 -4 4 9 -7 -8 -9 16 13 11 -13 -14 -15 -16 -17 -18
leaf_value=-14.187824652201073 206.68012079280848 -20.247487084651706 552.66595712096057 -345.03789873843471 -148.0381870090136 154.78569484441527 -163.31164483791443 324.46849926267947 70.334006489376051 -79.988160600458343 -262.16171209701946 -211.85352891783188 -170.31474664693872 -38.764604073839116 -108.99633607887584 16.941659510589989 106.12963255592859
leaf_weight=39 59 30 38 33 36 41 45 46 35 42 41 37 33 39 41 55 49
leaf_count=39 59 30 38 33 36 41 45 46 35 42 41 37 33 39 41 55 49
internal_value=5.78372 -73.737 337.033 -121.654 -166.832 -12.4573 -94.1748 258.542 47.3313 -106.46 -270.525 -238.599 -140.43 -60.2121 -127.418 3.80765 91.3162
internal_weight=739 596 143 427 302 125 84 105 169 191 111 78 110 81 77 85 84
internal_count=739 596 143 427 302 125 84 105 169 191 111 78 110 81 77 85 84
is_linear=0
shrinkage=0.05


Tree=13
num_leaves=19
num_cat=0
split_feature=0 14 14 0 14 0 1 0 25 14 8 0 7 21 2 14 8 5
split_gain=7.79916e+08 6.20093e+08 5.59917e+08 2.88484e+08 2.0186e+08 1.75335e+08 1.7261e+08 1.6673e+08 1.20908e+08 1.77094e+08 1.36754e+08 2.0988e+08 1.185e+08 1.03476e+08 1.63166e+08 1.01952e+08 7.85464e+07 6.59534e+07
threshold=1.9000000000000001 176.00000000000003 110.50000000000001 8.1000000000000014 194.00000000000003 19.850000000000005 0.45000000000000007 138.05000000000004 27.727430000000002 236.50000000000003 6.8500000000000005 335.05000000000001 26.450000000000003 1.0000000180025095e-35 15.597000000000003 132.50000000000003 2.9000000000000004 19.975000000000005
decision_type=2 2 2 2 2 2 2 2 2 2 2 2 2 2 2 2 2 2
left_child=-1 2 6 -4 -3 -6 -2 -8 9 -7 16 -12 15 -9 -15 -5 -11 -17
right_child=1 4 3 12 5 8 7 13 -10 10 11 -13 -14 14 -16 17 -18 -19
leaf_value=235.51882868329346 -85.989352386955204 150.53091480225859 22.910290237379222 -108.45248721501376 -59.972393174905839 -67.913887349390265 134.25865193898804 -52.936745250974973 140.19043258717684 48.935561332829373 142.97720947663581 9.8419277155242177 -56.98276475567684 111.36988060777622 -35.194888141875126 -255.74348561266757 -65.292357473912034 -157.44013940857428
leaf_weight=35 38 39 32 47 46 36 32 46 30 30 67 53 32 40 36 33 30 37
leaf_count=35 38 39 32 47 46 36 32 46 30 30 67 53 32 40 36 33 30 37
internal_value=5.49365 -5.97408 -50.1728 -113.241 43.833 29.5356 9.31031 32.8664 46.2905 33.1899 53.4372 84.233 -142.478 6.18348 41.9894 -165.792 -8.19192 -204.082
internal_weight=739 704 373 181 331 292 192 154 246 216 180 120 149 122 76 117 60 70
internal_count=739 704 373 181 331 292 192 154 246 216 180 120 149 122 76 117 60 70
is_linear=0
shrinkage=0.05


Tree=14
num_leaves=19
num_cat=0
split_feature=24 24 1 0 24 24 0 24 14 24 24 24 24 14 24 0 0 20
split_gain=6.81099e+09 1.18509e+09 8.69571e+08 1.06385e+09 8.59187e+08 5.36361e+08 2.27786e+08 2.13188e+08 1.9397e+08 1.67838e+08 9.28678e+07 6.07528e+07 2.23095e+07 1.60312e+07 1.50459e+07 9.51435e+06 9.26832e+06 9.22694e+06
threshold=12009.258333333337 7986.1111111111122 0.18333333333333332 82.600000000000009 18791.666666666668 5458.3333333333339 10.500000000000002 14023.147222222224 159.50000000000003 9750.0000000000018 3083.3333333333335 6763.8888888888896 8745.3694444444463 169.50000000000003 4402.7777777777783 229.35000000000005 299.30000000000007 6.8187500000000005
decision_type=2 2 2 2 2 2 2 2 2 2 2 2 2 2 2 2 2 2
left_child=1 2 3 -1 6 10 -2 -8 -5 12 -4 13 -3 -7 -12 -13 -14 -11
right_child=4 9 5 8 -6 11 7 -9 -10 17 14 15 16 -15 -16 -17 -18 -19
leaf_value=184.36763014698238 123.820661523255 -31.793858004049039 -324.67208462164842 -179.44814457998066 518.64803361066686 -119.25505696803401 201.08718498620703 370.77391677816399 -18.621363501057669 106.5413564485569 -245.25142308441684 -101.64841865210042 -7.3880003526757321 -164.55161908630214 -198.51033004390581 -65.476811401615805 31.862188910170648 71.479635868319292
leaf_weight=45 30 55 33 50 38 43 37 38 30 30 41 30 30 39 37 49 30 54
leaf_count=45 30 55 33 50 38 43 37 38 30 30 41 30 30 39 37 49 30 54
internal_value=5.21931 -69.144 -119.052 -9.8791 314.985 -169.201 240.855 287.441 -119.237 30.4308 -253.746 -110.791 -8.81988 -140.973 -223.362 -79.3241 12.2574 84.1135
internal_weight=739 596 397 125 143 272 105 75 80 199 111 161 115 82 78 79 60 84
internal_count=739 596 397 125 143 272 105 75 80 199 111 161 115 82 78 79 60 84
is_linear=0
shrinkage=0.05


Tree=15
num_leaves=19
num_cat=0
split_feature=24 24 24 1 0 1 24 14 24 24 24 0 24 24 29 24 0 24
split_gain=6.17982e+09 1.1906e+09 5.7324e+08 8.25411e+08 9.07887e+08 5.0678e+08 3.35811e+08 3.35788e+08 1.73494e+08 6.22351e+07 5.01883e+07 3.12635e+07 2.70746e+07 1.87325e+07 1.1845e+07 1.1791e+07 6.83017e+06 2.26115e+06
threshold=10187.500000000002 16027.777777777779 7161.7063492063508 0.18333333333333332 68.15000000000002 0.65000000000000013 4858.7972222222224 167.50000000000003 12886.904761904765 8788.8888888888905 2908.7301587301595 138.05000000000004 6231.4805555555567 11157.638888888891 1.0000000180025095e-35 7881.9444444444453 285.00000000000006 8322.9166666666697
decision_type=2 2 2 2 2 2 2 2 2 2 2 2 2 2 2 2 2 2
left_child=2 8 3 4 -1 -3 10 -6 13 15 -5 -8 -13 -2 -11 -4 -12 -17
right_child=1 5 9 6 7 -7 11 -9 -10 14 16 12 -14 -15 -16 17 -18 -19
leaf_value=176.20787297446583 79.511831151125591 237.70088936941963 -65.569309474081891 -310.32723833601051 -186.81064024677374 512.29723665281335 -180.32155060118615 12.869936442303151 213.47444499503897 33.337713188672588 -251.26668567340636 -145.12767709334267 -92.846939424527179 124.12614912044977 -6.8669906201319382 -40.41851731614021 -213.80298832420726 -20.8767954351102
leaf_weight=38 48 30 41 32 58 39 30 33 55 41 30 56 46 48 33 30 34 30
leaf_count=38 48 30 41 32 58 39 30 33 55 41 30 56 46 48 33 30 34 30
internal_value=-1.37355 221.459 -93.5466 -129.877 -28.7697 393.424 -187.045 -114.464 142.67 -19.4004 -258.224 -135.122 -121.664 101.925 15.4234 -44.905 -231.729 -30.6987
internal_weight=752 220 532 357 129 69 228 91 151 175 96 132 102 96 74 101 64 60
internal_count=752 220 532 357 129 69 228 91 151 175 96 132 102 96 74 101 64 60
is_linear=0
shrinkage=0.05


Tree=16
num_leaves=20
num_cat=0
split_feature=24 24 24 24 0 0 24 14 24 24 0 27 0 24 24 24 29 24 24
split_gain=5.57873e+09 1.07712e+09 5.17486e+08 7.45194e+08 8.19562e+08 3.4413e+08 3.03197e+08 3.03106e+08 1.93867e+08 5.6183e+07 4.59818e+07 4.51948e+07 2.82341e+07 2.44376e+07 1.69097e+07 1.1586e+07 1.06929e+07 1.06432e+07 2.0414e+06
threshold=10187.500000000002 16527.777777777781 7161.7063492063508 1.0000000180025095e-35 68.15000000000002 10.500000000000002 4858.7972222222224 167.50000000000003 12886.904761904765 8788.8888888888905 30.750000000000004 0.073094453017891456 138.05000000000004 6231.4805555555567 11157.638888888891 3894.4444444444448 1.0000000180025095e-35 7881.9444444444453 8322.9166666666697
decision_type=2 2 2 2 2 2 2 2 2 2 2 2 2 2 2 2 2 2 2
left_child=2 8 3 4 -1 -3 10 -6 14 17 -5 -10 -8 -14 -2 -12 -11 -4 -19
right_child=1 5 9 6 7 -7 12 -9 11 16 15 -13 13 -15 -16 -17 -18 18 -20
leaf_value=167.42060684644645 75.544505072135678 266.7023243039153 -62.298820447341654 -291.88440198762464 -177.48618466874612 505.93634107779849 -171.33542879934723 12.22838595756231 250.64087919944001 31.674882842850515 -241.72434106364199 164.34872718887075 -137.88422776492521 -88.214663199799176 117.93274548187571 -194.77105237954683 -6.5246786688029577 -38.404305553753119 -19.836423516511125
leaf_weight=38 48 30 41 35 58 31 30 33 33 41 30 30 56 46 48 31 33 30 30
leaf_count=38 48 30 41 35 58 31 30 33 33 41 30 30 56 46 48 31 33 30 30
internal_value=-1.30571 210.412 -88.8814 -123.4 -27.3312 388.909 -177.719 -108.751 141.731 -18.4333 -245.353 209.875 -128.382 -115.593 96.8393 -218.221 14.6541 -42.666 -29.1689
internal_weight=752 220 532 357 129 61 228 91 159 175 96 63 132 102 96 61 74 101 60
internal_count=752 220 532 357 129 61 228 91 159 175 96 63 132 102 96 61 74 101 60
is_linear=0
shrinkage=0.05


Tree=17
num_leaves=19
num_cat=0
split_feature=24 24 24 1 19 1 26 24 24 24 24 24 24 14 24 29 14 24
split_gain=5.03632e+09 9.73303e+08 4.67153e+08 6.7277e+08 5.55547e+08 4.26952e+08 3.22688e+08 2.73748e+08 1.40592e+08 5.075e+07 4.29072e+07 2.08949e+07 1.52708e+07 1.18695e+07 1.06707e+07 9.56519e+06 4.75842e+06 2.19643e+06
threshold=10187.500000000002 16027.777777777779 7161.7063492063508 0.18333333333333332 1.0000000180025095e-35 0.65000000000000013 6.2500000000000009 4858.7972222222224 12886.904761904765 8875.0000000000018 2908.7301587301595 5513.8888888888896 11236.111111111113 167.50000000000003 7881.9444444444453 1.0000000180025095e-35 155.50000000000003 8322.9166666666697
decision_type=2 2 2 2 2 2 2 2 2 2 2 2 2 2 2 2 2 2
left_child=2 8 3 4 6 -3 -1 10 12 14 -5 -9 -2 -13 -4 -11 -12 -16
right_child=1 5 9 7 -6 -7 -8 11 -10 15 16 13 -14 -15 17 -17 -18 -19
leaf_value=-83.112458315539584 72.185458591562181 212.50716459458056 -59.191458456591683 -281.24803599895347 -175.07885935006402 464.50268005214997 117.71120530517767 -159.01337558074647 192.42503097174173 32.141164972837018 -192.9154371371082 -95.067425058402264 112.47567445143518 -130.01387574036571 -36.490469945863239 -5.375509633415958 -224.74543017421121 -17.96397093612584
leaf_weight=31 49 30 41 32 42 39 56 30 55 39 33 56 47 46 30 30 31 35
leaf_count=31 49 30 41 32 42 39 56 30 55 39 33 56 47 46 30 30 31 35
internal_value=-1.23934 199.923 -84.4488 -117.246 -25.9645 355.406 46.14 -168.857 128.687 -17.5143 -233.123 -121.978 92.0074 -110.94 -39.2241 15.8453 -208.66 -26.5577
internal_weight=752 220 532 357 129 69 87 228 151 175 96 132 96 102 106 69 64 65
internal_count=752 220 532 357 129 69 87 228 151 175 96 132 96 102 106 69 64 65
is_linear=0
shrinkage=0.05


Tree=18
num_leaves=20
num_cat=0
split_feature=24 24 24 1 27 2 24 24 21 24 27 24 24 24 14 29 24 14 24
split_gain=4.5465e+09 8.89018e+08 4.21736e+08 6.07339e+08 4.68647e+08 2.7639e+08 2.4716e+08 1.54975e+08 9.81236e+07 4.58425e+07 3.93915e+07 3.87363e+07 1.89486e+07 1.38093e+07 1.06317e+07 8.71605e+06 8.659e+06 4.29663e+06 1.65496e+06
threshold=10187.500000000002 16527.777777777781 7161.7063492063508 0.18333333333333332 0.073094453017891456 10.200000000000001 4858.7972222222224 12886.904761904765 0.79113666014350958 8788.8888888888905 0.073094453017891456 2908.7301587301595 5736.1111111111122 11157.638888888891 167.50000000000003 1.0000000180025095e-35 7881.9444444444453 155.50000000000003 8322.9166666666697
decision_type=2 2 2 2 2 2 2 2 2 2 2 2 2 2 2 2 2 2 2
left_child=2 7 3 4 -1 -6 11 13 -3 16 -9 -5 -8 -2 -14 -11 -4 -13 -18
right_child=1 8 9 6 5 -7 12 10 -10 15 -12 17 14 -15 -16 -17 18 -19 -20
leaf_value=117.29875651904175 68.173363420323867 287.70103391788393 -56.239086984601911 -267.22944176219329 11.24429934762628 -166.23677447351392 -146.5394568101415 226.49954468879815 417.49713414594584 28.613754565292325 146.05063095346242 -183.29880577617541 -88.5299403648592 106.47815719255539 -122.84870142993337 -5.874419564422884 -34.672007501164941 -213.54428812989852 -17.952682793576059
leaf_weight=40 48 31 41 32 39 50 37 33 30 41 30 33 53 48 42 33 30 31 30
leaf_count=40 48 31 41 32 39 50 37 33 30 41 30 33 53 48 42 33 30 31 30
internal_value=-1.17908 189.951 -80.2386 -111.4 -24.6717 -88.5388 -160.438 127.555 352.114 -16.6411 188.483 -221.504 -115.893 87.4167 -103.816 13.2467 -38.5306 -198.259 -26.3562
internal_weight=752 220 532 357 129 89 228 159 61 175 63 96 132 96 95 74 101 64 60
internal_count=752 220 532 357 129 89 228 159 61 175 63 96 132 96 95 74 101 64 60
is_linear=0
shrinkage=0.05


Tree=19
num_leaves=19
num_cat=0
split_feature=24 24 24 1 0 1 24 24 27 24 24 0 24 5 24 27 27 6
split_gain=4.10448e+09 7.37994e+08 4.64043e+08 4.5261e+08 7.28628e+08 4.2579e+08 3.5509e+08 3.22526e+08 1.85619e+08 6.48656e+07 3.91829e+07 3.86367e+07 3.55885e+07 1.15287e+07 1.20214e+07 9.88654e+06 4.37844e+06 1.30847e+06
threshold=10472.222222222224 19834.258333333335 7881.9444444444453 0.18333333333333332 68.15000000000002 0.65000000000000013 14023.147222222224 5013.8888888888896 0.28433548840379819 11798.611111111111 6763.8888888888896 47.150000000000006 9483.7972222222234 20.725000000000005 8824.0750000000025 0.23448921811828119 0.24284747324344283 3.1500000000000008
decision_type=2 2 2 2 2 2 2 2 2 2 2 2 2 2 2 2 2 2
left_child=2 5 3 4 -1 -2 9 11 -6 -7 15 -5 13 14 -4 -9 -12 -13
right_child=1 -3 12 7 8 6 -8 10 -10 -11 16 17 -14 -15 -16 -17 -18 -19
leaf_value=160.18792593247622 -18.756173210550351 407.05451136470924 -19.421190279180355 -246.75031671310003 -11.879290475607577 87.379525708395335 305.44665821898565 -131.26778072194023 -157.90145077021714 170.223369084393 -77.573918312257831 -171.68452336841841 39.104220547955364 -39.728935952836103 21.381777681623188 -98.862994628418946 -51.86092268328801 -192.43609331200685
leaf_weight=38 31 33 45 40 36 44 43 49 55 52 37 31 46 30 30 50 32 30
leaf_count=38 31 33 45 40 36 44 43 49 55 52 37 31 46 30 30 50 32 30
internal_value=-1.11942 190.926 -72.1525 -100.461 -23.4396 148.757 186.102 -137.374 -100.211 132.384 -94.8306 -207.976 2.47885 -13.5884 -3.0932 -115.018 -65.7414 -182.189
internal_weight=752 203 549 398 129 170 139 269 91 96 168 101 151 105 75 99 69 61
internal_count=752 203 549 398 129 170 139 269 91 96 168 101 151 105 75 99 69 61
is_linear=0
shrinkage=0.05


Tree=20
num_leaves=21
num_cat=0
split_feature=24 24 24 1 1 27 24 24 3 24 24 24 24 27 23 24 24 20 27 24
split_gain=4.06416e+09 6.96495e+08 5.74676e+08 4.89006e+08 4.26892e+08 3.28928e+08 3.09835e+08 2.58507e+08 1.64696e+08 6.8996e+07 3.9774e+07 3.42308e+07 1.43718e+07 1.24169e+07 9.27411e+06 7.67003e+06 3.09755e+06 2.95596e+06 2.92387e+06 2.85076e+06
threshold=11157.638888888891 20194.444444444449 7881.9444444444453 0.65000000000000013 0.18333333333333332 0.073094453017891456 5013.8888888888896 14287.036111111114 59.300000000000004 9631.9444444444471 6680.5555555555566 2828.5714285714289 12467.591666666669 0.23448921811828119 -0.24999999999999994 5736.1111111111122 7350.0000000000009 8.2937500000000011 0.23448921811828119 4009.2583333333337
decision_type=2 2 2 2 2 2 2 2 2 2 2 2 2 2 2 2 2 2 2 2
left_child=2 3 4 -2 5 -1 11 12 -7 13 15 -6 -5 14 -4 -8 -12 -11 -17 -13
right_child=1 -3 9 7 6 8 10 -9 -10 17 16 19 -14 -15 -16 18 -18 -19 -20 -21
leaf_value=103.72716467802661 -7.7528894651357767 426.04248005044059 -43.800706665222833 129.65924244969605 -243.27486207232215 19.433630360955021 -127.65153414818548 311.16284024677583 -129.78903434816866 63.718737438113195 -69.411744545149972 -190.66162439082598 176.7204516164482 10.086766324946447 -9.024952440746759 -108.70696574002905 -48.558577236052486 42.498489075487534 -87.726593786524973 -165.33158774015766
leaf_weight=40 31 32 30 31 31 30 34 44 48 30 41 31 39 49 53 37 34 39 38 33
leaf_count=40 31 32 30 31 31 30 34 44 48 30 41 31 39 49 53 37 34 39 38 33
internal_value=4.739 215.129 -57.5591 168.321 -92.4285 -12.6878 -126.137 216.165 -72.4442 11.324 -88.1967 -199.452 156.094 -9.85894 -21.6321 -107.501 -60.0356 51.8036 -98.2079 -177.879
internal_weight=775 177 598 145 397 118 279 114 78 201 184 95 70 132 83 109 75 69 75 64
internal_count=775 177 598 145 397 118 279 114 78 201 184 95 70 132 83 109 75 69 75 64
is_linear=0
shrinkage=0.05


Tree=21
num_leaves=20
num_cat=0
split_feature=14 14 0 26 14 5 1 0 7 1 3 2 26 3 3 3 7 0 14
split_gain=2.94631e+08 2.20125e+08 1.98496e+08 1.31216e+08 1.29083e+08 1.09858e+08 8.50834e+07 1.34419e+08 8.03933e+07 1.08465e+08 6.71205e+07 5.64226e+07 5.24328e+07 5.66294e+07 5.34241e+07 3.60019e+07 3.42762e+07 3.30124e+07 1.49505e+07
threshold=176.00000000000003 110.50000000000001 3.0500000000000003 11.050000000000002 198.00000000000003 3.2000000000000006 0.11250000000000002 30.750000000000004 26.450000000000003 0.29166666666666669 80.200000000000003 5.2500000000000009 8.5500000000000025 70.15000000000002 81.050000000000011 57.95000000000001 18.050000000000004 559.75000000000011 253.50000000000003
decision_type=2 2 2 2 2 2 2 2 2 2 2 2 2 2 2 2 2 2 2
left_child=1 3 -3 5 -2 -1 -6 -8 9 -4 11 -7 13 -9 18 -13 -14 -11 -15
right_child=4 2 8 -5 6 10 7 12 -10 17 -12 15 16 14 -16 -17 -18 -19 -20
leaf_value=70.224610981064018 111.31914431025643 48.17558059000897 -179.66874028393346 103.48468282349012 103.60862742727593 -93.521019545845363 -54.522985869458779 -24.352907686012529 -19.208078281696025 -102.07663657102383 35.862668049515555 -51.832581520594687 29.849527979025623 42.818233479041709 -10.058037622351396 20.498740951443015 95.225916542866329 -41.078884595983169 91.795482480882413
leaf_weight=37 50 33 35 32 31 39 54 56 35 52 33 37 37 33 36 32 44 39 30
leaf_count=37 50 33 35 32 31 39 54 56 35 52 33 37 37 33 36 32 44 39 30
internal_value=4.50238 -25.0377 -63.4227 10.436 36.6681 -6.34056 25.0092 16.5744 -86.3127 -104.923 -26.4677 -45.5287 32.8586 15.8029 38.519 -18.3064 65.4363 -76.0086 66.2493
internal_weight=775 404 194 210 371 178 321 290 161 126 141 108 236 155 99 69 81 91 63
internal_count=775 404 194 210 371 178 321 290 161 126 141 108 236 155 99 69 81 91 63
is_linear=0
shrinkage=0.05


Tree=22
num_leaves=21
num_cat=0
split_feature=24 24 24 24 0 24 0 24 9 24 24 24 24 14 0 24 0 0 27 7
split_gain=3.60774e+09 6.24058e+08 4.98527e+08 3.83144e+08 6.55602e+08 2.72303e+08 2.03408e+08 2.03541e+08 1.59235e+08 6.12212e+07 3.60439e+07 3.18033e+07 1.98106e+07 1.14583e+07 1.06236e+07 7.0019e+06 5.75526e+06 4.54225e+06 3.37702e+06 3.20275e+06
threshold=11157.638888888891 20194.444444444449 7881.9444444444453 1.0000000180025095e-35 82.600000000000009 5013.8888888888896 4.8500000000000005 15726.85277777778 1.0000000180025095e-35 9750.0000000000018 6680.5555555555566 2828.5714285714289 13097.222222222224 167.50000000000003 251.55000000000004 5736.1111111111122 279.05000000000001 300.90000000000003 0.23448921811828119 20.850000000000005
decision_type=2 2 2 2 2 2 2 2 2 2 2 2 2 2 2 2 2 2 2 2
left_child=2 6 3 4 -1 11 -2 12 -6 13 15 -5 -8 -4 -15 -7 -12 -13 -17 -11
right_child=1 -3 9 5 8 10 7 -9 -10 19 16 17 -14 14 -16 18 -18 -19 -20 -21
leaf_value=159.39944318636196 46.731573619426598 402.14549180265527 7.7446772256869298 -229.76074254075812 -31.780337830582823 -120.87870914761271 127.85658380504616 298.84386516215335 -174.44488107899417 60.650216880641722 -73.49734665373235 -182.32730047789917 179.27156647774291 -42.554078936087421 -5.5387299300297395 -103.91125624828904 -44.95435774976557 -152.59322069453353 -81.664468127473455 37.923470694202919
leaf_weight=38 32 32 58 31 46 34 50 31 34 34 30 30 32 34 45 37 45 34 38 30
leaf_count=38 32 32 58 31 46 34 50 31 34 34 30 30 32 34 45 37 45 34 38 30
internal_value=4.2784 202.503 -54.4174 -86.8945 -11.3508 -118.829 158.197 189.693 -92.5549 9.74015 -83.2603 -187.561 148.115 -9.12418 -21.5031 -101.636 -56.4543 -166.794 -92.7634 50.0729
internal_weight=775 177 598 397 118 279 145 113 80 201 184 95 82 137 79 109 75 64 75 64
internal_count=775 177 598 397 118 279 145 113 80 201 184 95 82 137 79 109 75 64 75 64
is_linear=0
shrinkage=0.05


Tree=23
num_leaves=20
num_cat=0
split_feature=24 24 24 24 0 24 0 24 9 24 24 0 24 14 0 0 24 21 24
split_gain=3.257e+09 5.63408e+08 4.50062e+08 3.45894e+08 5.91848e+08 2.45844e+08 1.83628e+08 1.83771e+08 1.43757e+08 5.58541e+07 3.27182e+07 2.90214e+07 1.78904e+07 1.22628e+07 1.08615e+07 6.85288e+06 6.20323e+06 4.46335e+06 3.6081e+06
threshold=11157.638888888891 20194.444444444449 7881.9444444444453 1.0000000180025095e-35 82.600000000000009 5013.8888888888896 4.8500000000000005 15726.85277777778 1.0000000180025095e-35 9483.7972222222234 6465.7416666666677 120.75000000000001 13097.222222222224 167.50000000000003 279.05000000000001 229.35000000000005 10050.000000000002 0.78815722447855741 7161.7063492063508
decision_type=2 2 2 2 2 2 2 2 2 2 2 2 2 2 2 2 2 2 2
left_child=2 6 3 4 -1 11 -2 12 -6 13 17 -5 -8 -4 -15 -12 -11 -7 -17
right_child=1 -3 9 5 8 10 7 -9 -10 16 15 -13 -14 14 -16 18 -18 -19 -20
leaf_value=151.45039152210467 44.402274679023535 382.10085542387679 5.5919544668435588 -204.78493035900854 -30.194767658622563 -112.63961854332133 121.47651435410428 283.94971601970707 -165.74821546895762 23.678441173042462 -77.620202413666689 -148.29913692770407 170.33591310019804 -49.054180650457596 -8.5777063278496417 -60.386337339149797 51.984883541023422 -89.58169644597524 -35.992281718116104
leaf_weight=38 32 32 52 50 46 42 50 31 34 32 30 45 32 30 37 31 50 50 31
leaf_count=38 32 32 52 50 46 42 50 31 34 32 30 45 32 30 37 31 50 50 31
internal_value=4.06498 192.407 -51.7047 -82.5628 -10.7852 -112.906 150.31 180.235 -87.94 9.25459 -79.1088 -178.213 140.728 -12.6232 -26.7477 -57.9126 40.9808 -100.219 -48.267
internal_weight=775 177 598 397 118 279 145 113 80 201 184 95 82 119 67 92 82 92 62
internal_count=775 177 598 397 118 279 145 113 80 201 184 95 82 119 67 92 82 92 62
is_linear=0
shrinkage=0.05


Tree=24
num_leaves=21
num_cat=0
split_feature=24 24 24 1 1 0 24 24 14 24 24 24 24 22 24 0 3 0 27 20
split_gain=2.94056e+09 4.93059e+08 4.26566e+08 4.09222e+08 3.12241e+08 5.34294e+08 2.21913e+08 1.79191e+08 1.35311e+08 5.5968e+07 2.96499e+07 2.72921e+07 1.02791e+07 7.55903e+06 6.11189e+06 4.72952e+06 3.61405e+06 3.48731e+06 3.04757e+06 2.43844e+06
threshold=11326.719444444447 20194.444444444449 7881.9444444444453 0.65000000000000013 0.18333333333333332 82.600000000000009 5013.8888888888896 13935.186111111112 167.50000000000003 9750.0000000000018 6680.5555555555566 2828.5714285714289 8601.8527777777799 -0.5 5736.1111111111122 279.05000000000001 67.850000000000009 300.90000000000003 0.23448921811828119 8.6195000000000004
decision_type=2 2 2 2 2 2 2 2 2 2 2 2 2 2 2 2 2 2 2 2
left_child=2 3 4 -2 5 -1 11 -5 -7 12 14 -6 16 -14 -8 -12 -4 -13 -16 -11
right_child=1 -3 9 7 6 8 10 -9 -10 19 15 17 13 -15 18 -17 -18 -19 -20 -21
leaf_value=143.89774085017325 -14.766570281982423 363.05533413040303 -11.581121440839915 130.5627591420369 -208.37576378334757 -136.56108182720729 -109.77798145104015 259.44787296660962 -3.8686908983367254 57.112395679319391 -66.300424452873571 -163.78663301689679 -14.709175033814654 17.481647444311996 -94.103802342170638 -40.42920043928396 -35.770980680345303 -137.59272292688095 -73.068752907580276 37.954634476736231
leaf_weight=38 31 32 32 58 31 48 34 51 32 32 30 30 31 44 37 45 30 34 38 37
leaf_count=38 31 32 32 58 31 48 34 51 32 32 30 30 31 44 37 45 30 34 38 37
internal_value=3.86335 186.161 -48.1576 145.498 -78.4444 -10.2478 -107.273 191.049 -83.5553 10.2205 -75.1636 -169.321 -8.27848 4.17417 -91.8296 -50.8523 -23.3247 -150.108 -83.5576 46.9093
internal_weight=775 172 603 140 397 118 279 109 80 206 184 95 137 75 109 75 62 64 75 69
internal_count=775 172 603 140 397 118 279 109 80 206 184 95 137 75 109 75 62 64 75 69
is_linear=0
shrinkage=0.05


Tree=25
num_leaves=19
num_cat=0
split_feature=24 24 1 24 1 0 24 24 14 0 24 0 24 30 24 24 7 21
split_gain=2.4578e+09 3.75155e+08 3.61969e+08 3.2486e+08 3.26806e+08 4.01392e+08 2.60327e+08 1.71649e+08 1.63474e+08 4.93412e+07 2.86303e+07 2.79967e+07 2.07192e+07 8.94398e+06 7.14719e+06 6.04717e+06 1.9743e+06 1.75991e+06
threshold=11326.719444444447 20194.444444444449 0.65000000000000013 8342.591666666669 0.18333333333333332 224.55000000000004 5736.1111111111122 14023.147222222224 150.50000000000003 120.75000000000001 9701.8527777777799 117.25000000000001 7350.0000000000009 -0.22252093395631442 4402.7777777777783 6344.6312222222232 21.050000000000004 0.8624334670069268
decision_type=2 2 2 2 2 2 2 2 2 2 2 2 2 2 2 2 2 2
left_child=3 2 -2 4 5 8 9 17 -1 -6 13 -8 15 -5 -11 -13 -12 -4
right_child=1 -3 7 10 6 -7 11 -9 -10 14 16 12 -14 -15 -16 -17 -18 -19
leaf_value=-5.8691660182869692 -12.032934816306996 330.50533392009544 132.35515420603198 13.034096767553468 -184.48519024155814 -106.86047081785526 -100.41554420952781 249.86526543821466 146.50624923315806 -140.89659241330978 51.019991005151297 -76.699970965373254 -22.641012396169018 -20.109483109844341 -107.69443710218417 -50.766495191604697 33.440186109283545 112.55052023852782
leaf_weight=32 32 30 30 45 57 50 30 48 39 30 33 39 54 37 42 56 33 30
leaf_count=32 32 30 30 45 57 50 30 48 39 30 33 39 54 37 42 56 33 30
internal_value=3.17551 170.207 135.645 -46.0574 -68.0893 1.53819 -95.4346 179.373 77.9183 -149.567 17.8083 -56.3616 -47.4303 -1.92715 -121.705 -61.4824 42.2941 122.657
internal_weight=747 170 140 577 429 121 308 108 71 129 148 179 149 82 72 95 66 60
internal_count=747 170 140 577 429 121 308 108 71 129 148 179 149 82 72 95 66 60
is_linear=0
shrinkage=0.05


Tree=26
num_leaves=19
num_cat=0
split_feature=24 24 1 24 1 0 24 10 24 0 0 24 24 24 24 30 20 26
split_gain=2.2203e+09 3.26988e+08 3.27504e+08 3.10565e+08 2.95023e+08 3.62341e+08 2.35929e+08 1.47575e+08 1.43272e+08 3.93651e+07 3.49998e+07 2.85365e+07 2.38283e+07 1.19957e+07 8.15557e+06 8.07407e+06 3.05271e+06 725368
threshold=11680.555555555557 20194.444444444449 0.65000000000000013 8342.591666666669 0.18333333333333332 224.55000000000004 5490.7416666666677 5.5000000000000009 14023.147222222224 30.750000000000004 97.850000000000009 9701.8527777777799 6344.6312222222232 4009.2583333333337 7560.1861111111111 -0.22252093395631442 8.2937500000000011 8.0500000000000025
decision_type=2 2 2 2 2 2 2 2 2 2 2 2 2 2 2 2 2 2
left_child=3 2 -2 4 5 7 9 -1 -4 -6 -8 15 -12 -11 17 -5 -13 -14
right_child=1 -3 8 11 6 -7 10 -9 -10 13 12 16 14 -15 -16 -17 -18 -19
leaf_value=-5.5766226605091518 -11.124857185584556 314.03497364893309 119.29604126629346 12.383836719149231 -191.54827599158654 -101.52811378433319 -106.18755526621872 139.19967505803803 237.39797495249155 -152.36148489311194 -76.482419674750972 53.624621683418553 -40.56837854416041 -111.77188040910367 -19.280745849492838 -19.106719709021061 32.431858524962934 -51.818005089889482
leaf_weight=32 31 30 56 45 35 50 30 39 48 31 49 30 31 50 49 37 41 33
leaf_count=32 31 30 56 45 35 50 30 39 48 31 49 30 31 50 49 37 41 33
internal_value=3.01834 164.857 131.498 -42.8841 -64.6924 1.46267 -90.674 74.0322 173.98 -146.956 -56.6116 18.2672 -47.371 -127.475 -34.691 -1.83122 41.4494 -46.4408
internal_weight=747 165 135 582 429 121 308 71 104 116 192 153 162 81 113 82 71 64
internal_count=747 165 135 582 429 121 308 71 104 116 192 153 162 81 113 82 71 64
is_linear=0
shrinkage=0.05


Tree=27
num_leaves=20
num_cat=0
split_feature=24 24 1 0 1 24 24 10 24 24 0 24 7 24 25 24 24 0 30
split_gain=2.00664e+09 4.24984e+08 2.6634e+08 3.27089e+08 2.33977e+08 2.6472e+08 2.12986e+08 1.33223e+08 4.92881e+07 3.67113e+07 3.16007e+07 2.15081e+07 1.16003e+07 1.61226e+07 7.60738e+06 7.3634e+06 6.72392e+06 5.97131e+06 714980
threshold=12886.904761904765 8342.591666666669 0.18333333333333332 224.55000000000004 0.65000000000000013 16680.555555555558 5490.7416666666677 5.5000000000000009 10050.000000000002 2828.5714285714289 97.850000000000009 6344.6312222222232 25.450000000000003 11326.719444444447 22.320420000000002 7560.1861111111111 9150.0000000000018 273.7000000000001 -0.22252093395631442
decision_type=2 2 2 2 2 2 2 2 2 2 2 2 2 2 2 2 2 2 2
left_child=1 2 3 7 -2 -6 9 -1 14 -4 -8 -12 13 -10 16 18 -3 -11 -13
right_child=4 8 6 -5 5 -7 10 -9 12 17 11 15 -14 -15 -16 -17 -18 -19 -20
leaf_value=-5.2986543934664629 90.199772966615939 -4.0329395328726729 -187.54144495967216 -96.461838747355742 165.02960202689275 350.81887646641377 -100.89581586261129 132.25749119517138 39.721845395264388 -140.06089977252878 -72.666087139308317 -49.277825853901533 27.728458471384656 88.957633820041067 -18.067218571659932 -18.31867213200649 28.876616503946806 -111.67128347623145 -38.142789793806621
leaf_weight=32 42 32 30 50 51 31 30 39 34 33 49 34 33 33 32 49 30 53 30
leaf_count=32 42 32 30 50 51 31 30 39 34 33 49 34 33 33 32 49 30 53 30
internal_value=2.86756 -33.7001 -61.4662 1.39086 186.47 235.609 -86.1525 70.34 27.7002 -139.628 -53.7887 -45.0083 52.1162 64.0688 1.69778 -32.9613 11.9118 -122.715 -44.126
internal_weight=747 623 429 121 124 82 308 71 194 116 192 162 100 67 94 113 62 86 64
internal_count=747 623 429 121 124 82 308 71 194 116 192 162 100 67 94 113 62 86 64
is_linear=0
shrinkage=0.05


Tree=28
num_leaves=20
num_cat=0
split_feature=24 24 24 0 24 24 14 0 24 24 24 0 24 7 24 0 11 24 24
split_gain=1.81148e+09 3.83659e+08 2.40447e+08 2.95267e+08 1.96902e+08 1.92747e+08 1.20266e+08 8.63132e+07 4.88707e+07 4.47223e+07 3.83629e+07 2.04089e+07 1.53174e+07 1.31941e+07 1.54886e+07 9.1254e+06 7.19027e+06 4.23708e+06 3.04284e+06
threshold=12886.904761904765 8342.591666666669 1.0000000180025095e-35 224.55000000000004 20194.444444444449 5736.1111111111122 150.50000000000003 9.3500000000000032 15726.85277777778 9701.8527777777799 2828.5714285714289 117.25000000000001 7350.0000000000009 25.250000000000004 11326.719444444447 124.95000000000002 2.5000000000000004 6344.6312222222232 4630.5555555555566
decision_type=2 2 2 2 2 2 2 2 2 2 2 2 2 2 2 2 2 2 2
left_child=1 2 3 6 7 10 -1 -2 -9 16 -4 -7 17 14 -11 -12 -3 -13 -17
right_child=4 9 5 -5 -6 11 -8 8 -10 13 15 12 -14 -15 -16 18 -18 -19 -20
leaf_value=-5.0345525628681127 70.992418317541336 -18.042876801272286 -178.19552354780939 -91.648373798362741 288.69531453154804 -85.849303018056673 125.66152865124479 132.34541796015853 220.84024662258616 38.606865733819454 -136.69085415558163 -65.436428107142135 -19.296229979820041 22.328627067627615 84.523191386335213 -113.9945071581172 11.674253069799384 -43.715658019910734 -91.614419147024137
leaf_weight=32 30 37 30 50 30 30 39 34 30 42 30 39 54 37 33 34 45 56 35
leaf_count=32 30 37 30 50 30 30 39 34 30 42 30 39 54 37 33 34 45 56 35
internal_value=2.72473 -32.0193 -58.4009 1.32257 177.171 -81.8565 66.8319 141.309 174.107 26.3194 -128.435 -48.2357 -40.61 46.8463 58.8958 -113.192 -1.74028 -52.6921 -102.791
internal_weight=747 623 429 121 124 308 71 94 64 194 129 179 149 112 75 99 82 95 69
internal_count=747 623 429 121 124 308 71 94 64 194 129 179 149 112 75 99 82 95 69
is_linear=0
shrinkage=0.05


Tree=29
num_leaves=19
num_cat=0
split_feature=24 24 1 0 1 24 24 14 24 0 0 24 7 24 24 11 24 21
split_gain=1.63541e+09 3.46354e+08 2.17075e+08 2.66541e+08 2.09263e+08 2.26042e+08 1.74061e+08 1.0857e+08 4.03739e+07 3.16077e+07 2.61092e+07 1.75322e+07 1.19112e+07 1.39837e+07 8.95681e+06 6.49094e+06 6.12652e+06 678419
threshold=12886.904761904765 8342.591666666669 0.18333333333333332 224.55000000000004 0.65000000000000013 16680.555555555558 5490.7416666666677 150.50000000000003 9701.8527777777799 30.750000000000004 97.850000000000009 6344.6312222222232 25.250000000000004 11326.719444444447 4009.2583333333337 2.5000000000000004 7560.1861111111111 0.92026102476388794
decision_type=2 2 2 2 2 2 2 2 2 2 2 2 2 2 2 2 2 2
left_child=1 2 3 7 -2 -6 9 -1 15 -4 -8 -12 13 -10 -11 -3 17 -13
right_child=4 8 6 -5 5 -7 10 -9 12 14 11 16 -14 -15 -16 -17 -18 -19
leaf_value=-4.7836049968208476 77.327359027817238 -17.143165304204526 -166.04507112421541 -87.075101220821907 149.59765383725997 321.25963900158263 -91.336218112964573 119.39451896491867 36.681107444491353 -130.17355274065514 -65.508446631654948 -34.732318954244043 21.215204992577071 80.309799019159513 -95.123806439854661 11.091834610053018 -16.306211302965092 -45.503763471964589
leaf_weight=32 42 37 35 50 51 31 30 39 42 31 49 34 37 33 50 45 49 30
leaf_count=32 42 37 35 50 51 31 30 39 42 31 49 34 37 33 50 45 49 30
internal_value=2.58947 -30.4229 -55.4891 1.25763 168.341 214.807 -77.7756 63.4988 25.007 -126.118 -48.5184 -40.5376 44.5105 55.9592 -108.682 -1.65365 -29.6612 -39.8446
internal_weight=747 623 429 121 124 82 308 71 194 116 192 162 112 75 81 82 113 64
internal_count=747 623 429 121 124 82 308 71 194 116 192 162 112 75 81 82 113 64
is_linear=0
shrinkage=0.05


Tree=30
num_leaves=19
num_cat=0
split_feature=1 0 3 3 28 2 0 20 20 2 3 3 21 29 28 0 7 11
split_gain=1.86315e+08 2.25288e+08 1.14131e+08 1.1618e+08 5.66525e+07 9.29309e+07 8.83972e+07 5.24738e+07 3.22658e+07 2.92593e+07 2.08765e+07 4.17513e+07 2.94311e+07 1.92162e+07 1.53079e+07 1.33098e+07 2.40302e+07 4.60816e+06
threshold=0.65000000000000013 2.7500000000000004 79.450000000000017 73.050000000000011 -0.34155811708470757 19.750000000000004 40.70000000000001 10.277500000000002 19.588200000000004 23.550000000000004 59.050000000000004 63.850000000000001 1.2888920855498862 0.6078576107927941 -0.65187484896379921 301.75000000000006 17.750000000000004 3.5000000000000004
decision_type=2 2 2 2 2 2 2 2 2 2 2 2 2 2 2 2 2 2
left_child=1 -1 3 7 5 8 -6 -3 14 -7 13 -12 15 17 -2 -13 -17 -8
right_child=4 2 -4 -5 6 9 10 -9 -10 -11 11 12 -14 -15 -16 16 -18 -19
leaf_value=52.560727390534602 -70.423826817721931 -102.91553916702726 -13.401798722836535 -184.15402266818228 103.17730199047101 69.138751006794877 -31.27650449398072 -21.633396549743466 1.471033916833266 3.8913994457522492 76.675882622206714 42.730826439291747 -31.216591297035599 22.593895350115794 -28.015669092357673 37.580247044248665 -23.723094772896498 -6.1446617929559002
leaf_weight=45 55 50 54 31 30 32 37 33 37 37 31 53 30 45 35 34 30 36
leaf_count=45 55 50 54 31 30 32 37 33 37 37 31 53 30 45 35 34 30 36
internal_value=-7.31248 -46.7099 -73.3157 -101.659 8.76934 -12.4701 21.539 -70.6635 -37.8374 34.2074 13.2328 24.0395 12.8947 -3.07533 -53.9812 24.2223 8.85205 -18.9081
internal_weight=735 213 168 114 522 196 326 83 127 69 296 178 147 118 90 117 64 73
internal_count=735 213 168 114 522 196 326 83 127 69 296 178 147 118 90 117 64 73
is_linear=0
shrinkage=0.05


Tree=31
num_leaves=19
num_cat=0
split_feature=1 0 3 3 28 0 14 20 3 21 12 3 26 6 26 6 26 7
split_gain=1.682e+08 2.03375e+08 1.03033e+08 1.04896e+08 5.11401e+07 7.98078e+07 7.16808e+07 4.73662e+07 3.73888e+07 5.94283e+07 1.94602e+07 2.29582e+07 2.88933e+07 3.432e+07 3.17859e+07 2.3721e+07 1.3963e+07 9.91111e+06
threshold=0.65000000000000013 2.7500000000000004 79.450000000000017 73.050000000000011 -0.34155811708470757 40.70000000000001 157.50000000000003 10.277500000000002 81.050000000000011 0.8624334670069268 1.0000000180025095e-35 46.000000000000007 8.3500000000000032 4.6500000000000012 6.2500000000000009 3.1500000000000008 9.6500000000000039 22.050000000000004
decision_type=2 2 2 2 2 2 2 2 2 2 2 2 2 2 2 2 2 2
left_child=1 -1 3 7 6 -6 17 -3 9 -8 11 -7 13 14 -13 16 -14 -2
right_child=4 2 -4 -5 5 10 8 -9 -10 -11 -12 12 15 -15 -16 -17 -18 -19
leaf_value=49.93851823489576 -36.805188902034317 -97.780032637971132 -12.732945128774027 -174.97592977910179 98.035574343354995 -11.391708650790342 -7.5785425491491623 -20.554990403097563 -25.048246288848702 77.32337542108553 -16.909575474894982 61.193513112733847 4.0078407084823047 -35.994946995578779 -3.9934505053589171 82.052707111567159 52.223222951793993 -77.648782252314888
leaf_weight=45 30 50 54 31 30 52 48 33 52 36 47 35 30 31 40 31 30 30
leaf_count=45 30 50 54 31 30 52 48 33 52 36 47 35 30 31 40 31 30 30
internal_value=-6.94756 -44.3807 -69.6595 -96.5899 8.33247 20.465 -11.8472 -67.1378 8.24263 28.8566 12.5726 18.1421 25.9397 8.18381 26.468 46.5906 28.1624 -57.3223
internal_weight=735 213 168 114 522 326 196 83 136 84 296 249 197 106 75 91 60 60
internal_count=735 213 168 114 522 326 196 83 136 84 296 249 197 106 75 91 60 60
is_linear=0
shrinkage=0.05


Tree=32
num_leaves=19
num_cat=0
split_feature=1 3 21 3 28 2 25 14 2 14 3 2 14 25 27 29 14 8
split_gain=1.51846e+08 1.69097e+08 6.77227e+07 6.4385e+07 4.61699e+07 7.65969e+07 4.09296e+07 3.69546e+07 2.97618e+07 5.09455e+07 4.04766e+07 2.69213e+07 2.13177e+07 2.00101e+07 2.56807e+07 1.57739e+07 1.51815e+07 1.05286e+07
threshold=0.65000000000000013 79.700000000000003 0.52934623347666843 73.050000000000011 -0.34155811708470757 19.750000000000004 19.222345000000001 118.50000000000001 9.1500000000000004 48.000000000000007 58.95000000000001 23.550000000000004 166.00000000000003 9.4023000000000021 -0.98046008095854964 0.6078576107927941 132.50000000000003 2.1500000000000008
decision_type=2 2 2 2 2 2 2 2 2 2 2 2 2 2 2 2 2 2
left_child=1 3 -3 6 5 12 7 -1 9 -6 -11 -7 16 17 -15 -16 -2 -10
right_child=4 2 -4 -5 8 11 -8 -9 13 10 -12 -13 -14 14 15 -17 -18 -19
leaf_value=-38.396626497618257 -25.649663744862057 79.272175694462476 -21.681577423383604 -126.34250885161971 -7.8729600261939083 64.627055875831672 -14.193992382854985 -115.12152574129193 4.3880160740443639 22.883288324939457 87.603492345268705 2.0457837631760261 -10.819350833165885 -20.560935781603661 15.710096184255335 59.009364249699075 -72.116928077846268 -36.797899939040903
leaf_weight=31 31 30 37 40 44 32 43 32 30 46 51 37 55 32 58 33 41 32
leaf_count=31 31 30 37 40 44 32 43 32 30 46 51 37 55 32 58 33 41 32
internal_value=-6.60084 -42.1677 23.5723 -72.3316 7.91737 -11.2567 -51.8502 -77.4888 19.4452 36.7417 56.9667 31.1206 -34.2869 6.24974 17.9201 31.4596 -52.1736 -16.8942
internal_weight=735 213 67 146 522 196 106 63 326 141 97 69 127 185 123 91 72 62
internal_count=735 213 67 146 522 196 106 63 326 141 97 69 127 185 123 91 72 62
is_linear=0
shrinkage=0.05


Tree=33
num_leaves=18
num_cat=0
split_feature=24 24 24 1 0 9 24 0 24 24 24 0 14 24 24 14 28
split_gain=1.53059e+09 2.71493e+08 1.95098e+08 8.19794e+07 1.44866e+08 1.17911e+08 8.4175e+07 5.71013e+07 5.85299e+07 2.94815e+07 2.44081e+07 2.1787e+07 6.81789e+06 5.00023e+06 3.54653e+06 2.76535e+06 261184
threshold=12009.258333333337 7161.7063492063508 18791.666666666668 0.18333333333333332 68.15000000000002 1.0000000180025095e-35 3790.2777777777778 43.300000000000004 9197.2222222222244 13361.111111111113 5736.1111111111122 48.600000000000009 167.50000000000003 10546.297222222223 8231.4805555555577 177.50000000000003 0.2843486543654084
decision_type=2 2 2 2 2 2 2 2 2 2 2 2 2 2 2 2 2
left_child=1 3 9 4 -1 -6 -5 -3 14 -2 15 -11 -12 -10 16 -8 -9
right_child=2 7 -4 6 5 -7 10 8 13 11 12 -13 -14 -15 -16 -17 -18
leaf_value=56.03711689154818 69.593980634183495 -65.19467536491463 234.98686528443665 -144.60084164016632 -22.287307834798327 -137.68523082887387 -84.091186426556305 -19.456810771666493 29.320023365899381 90.860792474334815 -42.882553637948192 148.23801662903611 -69.1032247824877 53.68140148046605 -5.5137326406285085 -104.37097459314812 -26.249469998411811
leaf_weight=31 41 30 38 51 55 37 44 30 52 30 53 39 48 36 56 33 31
leaf_count=31 41 30 38 51 55 37 44 30 52 30 53 39 48 36 56 33 31
internal_value=-6.27185 -42.5052 137.369 -70.2827 -37.3144 -68.7965 -87.9666 -0.885674 8.55257 103.464 -71.6679 123.459 -55.3999 39.3357 -14.6143 -92.9067 -22.9462
internal_weight=735 587 148 352 123 92 229 235 205 110 178 69 101 88 117 77 61
internal_count=735 587 148 352 123 92 229 235 205 110 178 69 101 88 117 77 61
is_linear=0
shrinkage=0.05


Tree=34
num_leaves=18
num_cat=0
split_feature=24 24 24 1 20 2 24 0 24 24 21 0 0 24 24 24 14
split_gain=1.38173e+09 2.45075e+08 1.77772e+08 7.40033e+07 1.34741e+08 8.27288e+07 7.59804e+07 5.1551e+07 5.28375e+07 2.20366e+07 2.06022e+07 2.49529e+07 6.17861e+06 4.53571e+06 3.21375e+06 2.49954e+06 2.49842e+06
threshold=12009.258333333337 7161.7063492063508 18046.297222222227 0.18333333333333332 15.536750000000001 10.200000000000001 3790.2777777777778 43.300000000000004 9197.2222222222244 5736.1111111111122 0.65528469316596949 112.95000000000002 169.00000000000003 10708.333333333334 8206.0194444444478 6344.6312222222232 173.50000000000003
decision_type=2 2 2 2 2 2 2 2 2 2 2 2 2 2 2 2 2
left_child=1 3 10 4 5 -1 -5 -3 14 16 -2 -12 -11 -10 -9 -14 -8
right_child=2 7 -4 6 -6 -7 9 8 13 12 11 -13 15 -15 -16 -17 -18
leaf_value=-21.233920057802376 127.85213823793734 -61.945771186296327 210.8154459489632 -137.38494861699832 34.618844703103413 -123.64785236442177 -79.674060695851765 -22.093137130842194 28.701587787838971 -71.740995442590048 44.203595750814856 104.17311020848757 -55.529687074173331 52.412900987666717 -5.5132387940321443 -36.26738824217859 -98.883749738676443
leaf_weight=38 30 30 47 51 44 41 43 59 56 30 31 40 30 32 58 41 34
leaf_count=38 30 30 47 51 44 41 43 59 56 30 31 40 30 32 58 41 34
internal_value=-5.95852 -40.3849 130.519 -66.7764 -35.4529 -74.4746 -83.578 -0.842102 8.12572 -68.0929 92.9815 78.0883 -52.6355 37.3736 -13.8858 -44.4731 -88.2736
internal_weight=735 587 148 352 123 79 229 235 205 178 101 71 101 88 117 71 77
internal_count=735 587 148 352 123 79 229 235 205 178 101 71 101 88 117 71 77
is_linear=0
shrinkage=0.05


Tree=35
num_leaves=16
num_cat=0
split_feature=19 27 28 20 11 0 9 14 0 0 21 2 25 2 26
split_gain=1.00676e+08 7.25394e+07 4.92949e+07 6.1008e+07 6.67622e+07 5.94866e+07 4.67214e+07 4.55437e+07 4.57254e+07 1.10188e+08 6.09441e+07 3.59944e+07 2.33649e+07 1.98583e+07 1.25228e+07
threshold=1.0000000180025095e-35 0.83354805289222267 -0.98208922706762081 17.461000000000002 1.5000000000000002 108.40000000000002 10.350000000000001 29.000000000000004 30.750000000000004 189.50000000000003 0.84390006905396076 11.100000000000001 18.470340000000004 9.1500000000000004 7.6500000000000012
decision_type=2 2 2 2 2 2 2 2 2 2 2 2 2 2 2
left_child=2 12 -1 6 -5 -6 7 -4 14 10 -10 -3 -2 -11 -9
right_child=1 11 3 4 5 -7 -8 8 9 13 -12 -13 -14 -15 -16
leaf_value=51.815144228979307 -108.02612054593095 -39.583047048902834 -42.384116499440978 25.412410762072192 -95.036641560824066 -14.337592423461869 71.361879609193508 -48.448463241233704 129.79327003331045 22.564488019837853 29.776063884849169 24.318526702137394 -49.832807319245632 -8.7401355718207903 -3.1576425203849312
leaf_weight=54 32 45 42 41 42 50 30 31 31 87 30 43 38 121 30
leaf_count=54 32 45 42 41 42 50 30 31 31 87 30 43 38 121 30
internal_value=-3.17689 -38.6043 6.3315 1.73179 -27.6101 -51.2417 11.4439 6.59391 12.8384 21.7011 80.7338 -8.3662 -76.5517 4.35815 -26.216
internal_weight=747 158 589 535 133 92 402 372 330 269 61 88 70 208 61
internal_count=747 158 589 535 133 92 402 372 330 269 61 88 70 208 61
is_linear=0
shrinkage=0.05


Tree=36
num_leaves=18
num_cat=0
split_feature=24 24 1 24 1 14 24 22 24 24 24 24 11 27 27 24 24
split_gain=1.13708e+09 3.31612e+08 1.39466e+08 1.16497e+08 1.11718e+08 2.63066e+08 8.18676e+07 6.99875e+07 6.62076e+07 1.96919e+07 1.20924e+07 1.20178e+07 6.06929e+06 4.46232e+06 3.22999e+06 3.46037e+06 3.0581e+06
threshold=10231.747222222224 18791.666666666668 0.65000000000000013 6850.0000000000009 0.22500000000000003 167.50000000000003 13935.186111111112 0.68301270189221941 3790.2777777777778 11798.611111111111 8875.0000000000018 5013.8888888888896 2.5000000000000004 0.13301347478292308 0.59125596962661842 8009.2583333333341 6061.1111111111122
decision_type=2 2 2 2 2 2 2 2 2 2 2 2 2 2 2 2 2
left_child=3 2 -2 4 5 7 9 -1 -6 -4 14 -10 -12 -13 15 -5 -15
right_child=1 -3 6 10 8 -7 -8 -9 11 -11 12 13 -14 16 -16 -17 -18
leaf_value=-112.35777935952615 -29.021804786801724 230.13920391813664 40.826144329872051 -34.621402860701416 -131.89283334989602 79.163720616139017 149.56148094704085 -16.34093177034924 -88.171817120402849 85.800959762603696 -11.213632335110173 -68.522376275012988 16.847435071759687 -58.949086827710509 -8.6887969601507784 -16.013133837058032 -36.259664121101864
leaf_weight=49 31 38 48 54 51 42 39 31 44 50 37 48 40 31 37 47 30
leaf_count=49 31 38 48 54 51 42 39 31 44 50 37 48 40 31 37 47 30
internal_value=-3.01841 96.9236 66.6725 -41.0848 -59.9232 -22.049 88.3314 -75.2182 -82.5516 63.8366 -12.506 -66.0291 3.36643 -57.018 -21.3584 -25.9866 -47.868
internal_weight=747 206 168 541 326 122 137 80 204 98 215 153 77 109 138 101 61
internal_count=747 206 168 541 326 122 137 80 204 98 215 153 77 109 138 101 61
is_linear=0
shrinkage=0.05


Tree=37
num_leaves=18
num_cat=0
split_feature=24 24 1 24 1 14 24 22 24 0 24 24 24 27 27 24 28
split_gain=1.02646e+09 2.99368e+08 1.25902e+08 1.05163e+08 1.00852e+08 2.37473e+08 7.39085e+07 6.31759e+07 5.97612e+07 2.53156e+07 1.91078e+07 1.78742e+07 1.08478e+07 4.02691e+06 2.93942e+06 2.69526e+06 950437
threshold=10231.747222222224 18791.666666666668 0.65000000000000013 6850.0000000000009 0.22500000000000003 167.50000000000003 13935.186111111112 0.68301270189221941 3790.2777777777778 62.300000000000004 9073.6111111111113 11888.888888888891 5013.8888888888896 0.13301347478292308 0.7206604759859373 7726.852777777779 -0.012910296075008829
decision_type=2 2 2 2 2 2 2 2 2 2 2 2 2 2 2 2 2
left_child=3 2 -2 4 5 7 11 -1 -6 -5 15 -4 -10 -14 -15 -11 -17
right_child=1 -3 6 9 8 -7 -8 -9 12 10 -12 -13 13 14 -16 16 -18
leaf_value=-106.75133267963977 -27.575380184872742 218.66244491116584 40.025378223874569 -54.408037172045027 -125.31109557123801 75.214937502754566 142.10253231897377 -15.52650992954659 -83.773223018862495 -25.411124767560143 20.374509189896667 82.899866812193721 -65.103381093871818 -34.113879343837603 -56.339039582378227 -3.2447072358889004 -14.021561426707201
leaf_weight=49 31 38 51 30 51 42 39 31 44 43 53 47 48 30 31 32 57
leaf_count=49 31 38 51 30 51 42 39 31 44 43 53 47 48 30 31 32 57
internal_value=-2.86755 92.089 63.3462 -39.0351 -56.9337 -20.9485 83.9249 -71.4653 -78.4334 -11.882 -4.96015 60.6512 -62.7359 -54.1747 -45.4824 -15.1402 -10.1548
internal_weight=747 206 168 541 326 122 137 80 204 215 185 98 153 109 61 132 89
internal_count=747 206 168 541 326 122 137 80 204 215 185 98 153 109 61 132 89
is_linear=0
shrinkage=0.05


Tree=38
num_leaves=20
num_cat=0
split_feature=24 24 1 24 1 27 0 26 24 24 24 0 24 24 4 28 28 28 27
split_gain=9.27639e+08 2.38243e+08 1.37463e+08 1.2665e+08 7.87989e+07 1.65406e+08 6.67491e+07 6.02812e+07 4.27569e+07 2.71083e+07 1.85344e+07 1.0661e+07 8.54013e+06 6.97727e+06 4.16558e+06 1.64409e+06 1.61963e+06 1.21765e+06 658407
threshold=10909.722222222224 18791.666666666668 0.65000000000000013 7161.7063492063508 0.22500000000000003 0.1670500785599974 47.150000000000006 7.2000000000000028 13935.186111111112 5013.8888888888896 9483.7972222222234 166.05000000000004 8875.0000000000018 6344.6312222222232 1012.85 -0.46734190575957718 -0.60505606964884906 -0.073092422389869308 -0.36569204369016833
decision_type=2 2 2 2 2 2 2 2 2 2 2 2 2 2 2 2 2 2 2
left_child=3 2 -2 4 5 -1 -6 -7 14 16 11 -5 17 15 -4 -11 -8 -13 -12
right_child=1 -3 8 10 6 7 9 -9 -10 13 18 12 -14 -15 -16 -17 -18 -19 -20
leaf_value=60.355958452020857 -26.201044552425863 207.75802132513891 82.584566984147827 -39.715181921645261 -121.38523077566609 -115.11541677100637 -74.036529912346623 -26.52685047871358 135.01557720213594 -41.885377304736167 24.806061438785438 -6.9441968265761673 15.234928748254688 -26.453199997279235 57.626057275736109 -57.450355993300484 -91.780450850071702 -18.779200280615466 14.312839517869367
leaf_weight=42 31 38 33 30 49 32 30 48 39 30 30 35 33 46 37 45 30 58 31
leaf_count=42 31 38 33 30 49 32 30 48 39 30 30 35 33 46 37 45 30 58 31
internal_value=-2.72439 96.8631 66.6362 -33.8899 -52.4071 -19.903 -69.6323 -62.0618 93.0394 -55.5625 -3.84232 -12.9787 -6.58633 -41.8767 69.4933 -51.2885 -83.0465 -14.3375 19.5057
internal_weight=747 178 140 569 352 122 230 80 109 181 217 156 126 121 70 75 60 93 61
internal_count=747 178 140 569 352 122 230 80 109 181 217 156 126 121 70 75 60 93 61
is_linear=0
shrinkage=0.05


Tree=39
num_leaves=21
num_cat=0
split_feature=24 24 1 24 1 14 1 24 21 24 24 7 24 14 27 24 3 28 28 24
split_gain=8.40599e+08 1.89666e+08 1.38865e+08 1.77443e+08 5.10929e+07 1.98342e+08 8.82531e+07 6.08031e+07 5.32052e+07 3.24562e+07 1.22663e+07 9.93866e+06 9.915e+06 5.98259e+06 5.65601e+06 5.24861e+06 4.77347e+06 2.47352e+06 1.05137e+06 1.00605e+06
threshold=12886.904761904765 8009.2583333333341 0.65000000000000013 16680.555555555558 0.18333333333333332 167.50000000000003 0.65000000000000013 5291.666666666667 0.70736457236457251 9701.8527777777799 6344.6312222222232 25.250000000000004 3394.4444444444448 169.50000000000003 -0.55597109741588446 11680.555555555557 77.200000000000003 -0.58427653070765284 -0.32533003375364639 7078.7027777777785
decision_type=2 2 2 2 2 2 2 2 2 2 2 2 2 2 2 2 2 2 2 2
left_child=1 4 -2 -4 5 8 -6 12 -1 13 18 15 -8 -3 -15 -11 19 -14 -9 -12
right_child=2 9 3 -5 6 -7 7 10 -10 11 16 -13 17 14 -16 -17 -18 -19 -20 -21
leaf_value=-15.06651006146012 48.816300507653892 6.6880640521614572 95.829839832987417 252.99671289376508 -138.62043753082173 68.972478334694173 -104.11274141077189 -39.270093695619771 -98.319443913259533 30.15554734968029 -32.125934083208783 8.1209033009508946 -57.900843741331386 -3.5207278318722235 -32.118368649252744 57.289082204622289 -1.7204033062005735 -78.600028407016651 -52.472697517879055 -19.438836778434741
leaf_weight=32 43 48 43 31 30 42 30 32 48 45 31 33 30 39 31 30 31 32 33 33
leaf_count=32 43 48 43 31 30 42 30 32 48 45 31 33 30 39 31 30 31 32 33 33
internal_value=-2.5885 -25.4505 120.431 161.923 -45.9656 -18.9112 -57.6592 -47.9697 -65.0787 11.2268 -29.3159 31.0197 -80.344 -6.89963 -16.2132 41.0709 -17.8345 -68.6937 -46.0433 -25.6248
internal_weight=747 630 117 74 404 122 282 252 80 226 160 108 92 118 70 75 95 62 65 64
internal_count=747 630 117 74 404 122 282 252 80 226 160 108 92 118 70 75 95 62 65 64
is_linear=0
shrinkage=0.05


Tree=40
num_leaves=19
num_cat=0
split_feature=24 24 1 24 1 0 6 1 24 24 24 14 6 0 0 24 23 24
split_gain=7.63474e+08 1.57063e+08 1.41757e+08 1.35933e+08 9.28545e+07 2.17237e+08 1.92335e+08 8.97474e+07 6.14871e+07 2.79087e+07 1.37135e+07 1.00403e+07 9.56148e+06 7.9988e+06 5.9845e+06 3.54771e+06 3.11409e+06 2.77515e+06
threshold=12886.904761904765 7986.1111111111122 0.65000000000000013 16680.555555555558 0.18333333333333332 68.15000000000002 2.7500000000000004 0.65000000000000013 5905.5555555555557 9483.7972222222234 3736.1111111111118 167.50000000000003 2.9500000000000006 192.40000000000003 243.05000000000004 10990.741666666667 1.0000000180025095e-35 6850.0000000000009
decision_type=2 2 2 2 2 2 2 2 2 2 2 2 2 2 2 2 2 2
left_child=1 4 -2 -4 5 -1 -7 -6 10 11 -9 -3 14 -10 -11 -14 -12 -15
right_child=2 9 3 -5 7 6 -8 8 13 12 16 -13 15 17 -16 -17 -18 -19
leaf_value=96.424018600751765 39.88991640348921 8.5115112556850825 99.910121289158042 232.93044127436693 -131.62125560619211 38.919488837969595 -110.68320358186784 -97.881922871468831 -2.6829915649870522 -3.7792105871181549 -53.326923105309426 -23.179369493304304 28.492647266676062 -38.647616360658773 26.827407353644499 52.424843833137587 -74.004672494679198 -21.976713300369937
leaf_weight=37 45 45 51 31 35 37 51 37 35 30 52 56 33 51 34 30 30 50
leaf_count=37 45 45 51 31 35 37 51 37 35 30 52 56 33 51 34 30 30 50
internal_value=-0.659298 -22.7901 111.319 150.421 -41.1033 -5.0732 -47.8092 -56.6264 -46.2854 10.5465 -72.5214 -9.06517 26.1382 -23.2925 12.497 39.954 -60.9729 -30.4246
internal_weight=770 643 127 82 415 125 88 290 255 228 119 101 127 136 64 63 82 101
internal_count=770 643 127 82 415 125 88 290 255 228 119 101 127 136 64 63 82 101
is_linear=0
shrinkage=0.05


Tree=41
num_leaves=20
num_cat=0
split_feature=24 24 24 4 24 14 24 14 0 24 0 24 14 6 2 24 0 6 24
split_gain=6.8922e+08 1.41788e+08 1.12311e+08 9.21528e+07 1.84958e+08 3.86696e+08 7.44429e+07 4.36477e+07 3.03884e+07 2.51949e+07 2.47566e+07 1.38722e+07 9.06319e+06 8.63229e+06 5.93062e+06 7.36952e+06 5.40271e+06 4.12381e+06 3.20305e+06
threshold=12886.904761904765 7986.1111111111122 19834.258333333335 997.35000000000002 1.0000000180025095e-35 167.50000000000003 5458.3333333333339 110.50000000000001 13.850000000000001 9483.7972222222234 106.40000000000002 14506.944444444447 167.50000000000003 2.9500000000000006 18.500000000000004 6344.6312222222232 243.05000000000004 3.3500000000000001 10990.741666666667
decision_type=2 2 2 2 2 2 2 2 2 2 2 2 2 2 2 2 2 2 2
left_child=1 3 8 -1 5 7 10 -5 -2 12 -6 -10 -3 16 15 -8 -11 -17 -15
right_child=2 9 -4 4 6 -7 14 -9 11 13 -12 -13 -14 18 -16 17 -18 -19 -20
leaf_value=-111.11126774433545 36.608377496375915 8.0868793833282204 183.46955747184865 -0.20147888589142959 -110.77898447946637 160.58316206103376 -44.67279635688611 -81.811124730836653 73.304213309824661 -3.5908779993405773 -62.535291010582505 121.17090673906625 -22.022466744033625 27.072318976595326 -50.234933831335162 -11.180137003043328 25.489970666432313 -33.415943159715411 49.81230828674925
leaf_weight=40 31 45 34 30 50 35 40 36 31 30 58 31 56 33 34 60 34 32 30
leaf_count=40 31 45 34 30 50 35 40 36 31 30 58 31 56 33 34 60 34 32 30
internal_value=-0.625901 -21.653 105.767 -39.0529 -31.3391 26.4789 -52.6535 -44.7723 77.1934 10.0212 -84.9522 97.3942 -8.61263 24.8353 -31.6013 -26.7674 11.8739 -18.9423 37.9627
internal_weight=770 643 127 415 375 101 274 66 93 228 108 62 101 127 166 132 64 92 63
internal_count=770 643 127 415 375 101 274 66 93 228 108 62 101 127 166 132 64 92 63
is_linear=0
shrinkage=0.05


Tree=42
num_leaves=19
num_cat=0
split_feature=24 24 24 4 24 14 24 14 0 24 0 24 14 7 24 3 3 5
split_gain=6.22209e+08 1.27997e+08 1.0139e+08 8.31915e+07 1.66967e+08 3.49097e+08 6.71948e+07 3.94035e+07 2.74348e+07 2.27449e+07 2.23484e+07 1.25239e+07 8.18117e+06 7.87331e+06 8.64279e+06 6.3786e+06 3.63531e+06 2.74575e+06
threshold=12886.904761904765 7986.1111111111122 19834.258333333335 997.35000000000002 1.0000000180025095e-35 167.50000000000003 5458.3333333333339 110.50000000000001 13.850000000000001 9483.7972222222234 106.40000000000002 14506.944444444447 167.50000000000003 25.350000000000005 11326.719444444447 81.550000000000011 73.550000000000011 14.550000000000002
decision_type=2 2 2 2 2 2 2 2 2 2 2 2 2 2 2 2 2 2
left_child=1 3 8 -1 5 7 10 -5 -2 12 -6 -10 -3 14 -11 16 17 -8
right_child=2 9 -4 4 6 -7 15 -9 11 13 -12 -13 -14 -15 -16 -17 -18 -19
leaf_value=-105.56955870059956 34.783844972960054 7.6834319228872223 174.32298440793392 -0.19144022171679526 -105.25109111610762 152.57688122176037 -37.628692486471763 -77.73190004132131 69.650787804901029 20.451369185366875 -59.413908499161259 115.13184266903009 -20.923306264894322 6.4786441552125398 54.071479427299636 -12.296955460355715 -48.443310405200549 -19.834243018791803
leaf_weight=40 31 45 34 30 50 35 50 36 31 53 58 31 56 44 30 39 38 39
leaf_count=40 31 45 34 30 50 35 50 36 31 53 58 31 56 44 30 39 38 39
internal_value=-0.593606 -20.5724 100.495 -37.1044 -29.7753 25.1588 -50.0265 -42.5399 73.3462 9.52198 -80.7126 92.5402 -8.18269 23.5975 32.6537 -30.0255 -35.4557 -29.8622
internal_weight=770 643 127 415 375 101 274 66 93 228 108 62 101 127 83 166 127 89
internal_count=770 643 127 415 375 101 274 66 93 228 108 62 101 127 83 166 127 89
is_linear=0
shrinkage=0.05


Tree=43
num_leaves=17
num_cat=0
split_feature=24 24 24 0 4 24 14 24 0 0 0 24 24 0 24 2
split_gain=5.61714e+08 1.15704e+08 9.15303e+07 8.94865e+07 1.20258e+08 7.10591e+07 2.10011e+08 6.70896e+07 2.47682e+07 2.04461e+07 1.88148e+07 1.13066e+07 7.19008e+06 6.83109e+06 8.64634e+06 1.73051e+06
threshold=12886.904761904765 8875.0000000000018 19834.258333333335 5.1500000000000012 997.75000000000011 1.0000000180025095e-35 161.50000000000003 5458.3333333333339 13.850000000000001 76.050000000000026 106.40000000000002 14506.944444444447 10909.722222222224 86.90000000000002 6344.6312222222232 1.0000000180025095e-35
decision_type=2 2 2 2 2 2 2 2 2 2 2 2 2 2 2 2
left_child=1 3 8 -1 -5 6 -6 10 -2 -3 -7 -10 15 -9 -15 -11
right_child=2 9 -4 4 5 7 -8 13 11 12 -12 -13 -14 14 -16 -17
leaf_value=41.415120330570254 33.050246849550696 -20.34030489047624 165.63239434653363 -122.18962416978138 -47.771014537568966 -101.43130852172554 116.46030236938071 -47.801919012608323 66.179446263941927 25.249058460070593 -56.798172670487979 109.39376061736962 40.675678665260435 -41.146110609101093 -15.968451248306827 10.922315663322408
leaf_weight=38 31 31 34 39 55 41 30 30 31 34 57 31 46 45 141 56
leaf_count=38 31 31 34 39 55 41 30 30 31 34 57 31 46 45 141 56
internal_value=-0.562966 -19.5457 95.486 -32.107 -38.4936 -30.2842 10.2617 -41.2598 69.6906 16.2556 -75.5556 87.928 24.6061 -25.6718 -22.0787 16.3567
internal_weight=770 643 127 476 438 399 85 314 93 167 98 62 136 216 186 90
internal_count=770 643 127 476 438 399 85 314 93 167 98 62 136 216 186 90
is_linear=0
shrinkage=0.05


Tree=44
num_leaves=19
num_cat=0
split_feature=24 1 24 24 5 1 10 1 28 24 24 6 6 0 7 24 28 23
split_gain=5.07099e+08 1.2785e+08 1.07313e+08 1.05428e+08 7.54909e+07 1.38211e+08 2.52262e+08 6.46263e+07 4.62307e+07 3.46583e+07 1.87507e+07 8.53017e+06 6.75792e+06 6.19535e+06 5.65947e+06 5.64833e+06 3.35689e+06 2.67769e+06
threshold=12886.904761904765 0.65000000000000013 16680.555555555558 7986.1111111111122 25.050000000000004 0.18333333333333332 5.5000000000000009 0.65000000000000013 -0.317191288589106 5905.5555555555557 9824.0750000000025 2.7500000000000004 3.1500000000000008 210.05000000000004 20.850000000000005 3736.1111111111118 -0.37370587188196375 -0.24999999999999994
decision_type=2 2 2 2 2 2 2 2 2 2 2 2 2 2 2 2 2 2
left_child=3 -2 -3 4 5 6 8 -7 -1 15 12 -12 14 -11 -5 -9 -17 -15
right_child=1 2 -4 10 -6 7 -8 9 -10 13 11 -13 -14 17 -16 16 -18 -19
leaf_value=-78.294783838892968 22.934717774549767 82.995988019431877 201.15327552721814 -0.80046006064129682 -91.800148739008705 -111.70689697265624 121.30593709208425 -74.813863175531793 6.0529226327632406 1.6640682575314543 8.1973557648385391 36.760118465758424 8.7950128048826741 -12.828231449069571 -29.424026059125527 -38.602930514189111 -60.484194468093392 -30.514473586765849
leaf_weight=34 45 51 31 35 49 32 40 32 31 30 47 59 53 33 34 37 35 62
leaf_count=34 45 51 31 35 49 32 40 32 31 30 47 59 53 33 34 37 35 62
internal_value=-0.533807 90.7264 127.856 -18.5701 -33.5741 -25.7558 22.6714 -45.2393 -38.1198 -35.9065 8.74256 24.1152 -4.62277 -18.1413 -14.9271 -57.2209 -49.3089 -24.3908
internal_weight=770 127 82 643 415 366 105 261 65 229 228 106 122 125 69 104 72 95
internal_count=770 127 82 643 415 366 105 261 65 229 228 106 122 125 69 104 72 95
is_linear=0
shrinkage=0.05


Tree=45
num_leaves=19
num_cat=0
split_feature=24 1 24 24 4 1 14 1 2 24 26 23 24 28 24 24 14 3
split_gain=4.57675e+08 1.60905e+08 1.13797e+08 1.08984e+08 7.84324e+07 1.5708e+08 3.3582e+08 8.81395e+07 6.49301e+07 4.2129e+07 1.15469e+07 1.15966e+07 1.04684e+07 6.1174e+06 5.28484e+06 3.38134e+06 2.31645e+06 1.66422e+06
threshold=13361.111111111113 0.45000000000000007 16983.333333333336 8875.0000000000018 997.75000000000011 0.11250000000000002 167.50000000000003 0.65000000000000013 9.2500000000000018 6344.6312222222232 5.5499999999999998 -0.5 4402.7777777777783 -0.63872576220844934 10187.500000000002 7560.1861111111111 124.50000000000001 58.45000000000001
decision_type=2 2 2 2 2 2 2 2 2 2 2 2 2 2 2 2 2 2
left_child=3 -2 -3 4 -1 6 8 -7 -6 12 -5 -12 -9 -11 -13 -15 -14 -16
right_child=1 2 -4 10 5 7 -8 9 -10 13 11 14 16 15 17 -17 -18 -19
leaf_value=-86.989409318912294 7.6820518493652337 86.288939476426918 211.6856668770115 44.907166792010983 23.426815030582226 -110.81422036295122 167.81874435995226 -66.907250111593214 -74.338834332495182 9.4232194728789977 -15.090632071764364 5.693577438408858 -48.684132887121052 -24.642866945007103 35.436245934211343 -8.1178911422375393 -30.920939514403813 20.105202802090222
leaf_weight=49 36 46 30 34 32 36 32 50 36 31 30 42 30 55 37 71 50 35
leaf_count=49 36 46 30 34 32 36 32 50 36 31 30 42 30 55 37 71 50 35
internal_value=1.4951 94.7992 136.001 -14.594 -27.1654 -20.2165 34.519 -37.1679 -28.3646 -27.8946 18.7378 12.5319 -48.9362 -10.4516 19.8079 -15.345 -37.6347 28.0219
internal_weight=762 112 76 650 472 423 100 323 68 287 178 144 130 157 114 126 80 72
internal_count=762 112 76 650 472 423 100 323 68 287 178 144 130 157 114 126 80 72
is_linear=0
shrinkage=0.05


Tree=46
num_leaves=19
num_cat=0
split_feature=24 1 24 24 1 28 1 28 24 26 8 24 24 28 24 23 6 24
split_gain=4.1317e+08 1.45261e+08 1.02747e+08 9.83813e+07 5.93652e+07 1.25824e+08 8.25304e+07 7.1443e+07 4.4962e+07 1.04245e+07 1.29198e+07 1.01471e+07 6.08802e+06 4.65863e+06 3.85017e+06 2.85744e+06 1.27915e+06 699769
threshold=13361.111111111113 0.45000000000000007 16983.333333333336 8875.0000000000018 0.11250000000000002 -0.58427653070765284 0.65000000000000013 -0.84291031405530259 5229.166666666667 5.5499999999999998 19.550000000000004 7560.1861111111111 3577.7777777777783 -0.14153505243942446 10909.722222222224 -0.68301270189221952 3.2500000000000004 9824.0750000000025
decision_type=2 2 2 2 2 2 2 2 2 2 2 2 2 2 2 2 2 2
left_child=3 -2 -3 4 5 7 -6 -1 12 -5 14 15 -8 -13 17 -10 -17 -11
right_child=1 2 -4 9 6 -7 8 -9 11 10 -12 13 -14 -15 -16 16 -18 -19
leaf_value=3.0271495488684952 7.2990127922755521 81.983851540786844 201.1365463510304 42.668392808416371 -105.94169208997189 57.621911541648245 -73.879745827951737 -100.08634579680688 -13.365607464283778 6.8471809756721855 -17.246570578286814 12.840246073033578 -47.067998287762485 -10.967675461994579 30.35399560115442 -24.191301995916426 -36.660415194940697 17.187965136095642
leaf_weight=38 36 46 30 34 38 58 34 30 40 35 30 32 59 57 48 49 37 31
leaf_count=38 36 46 30 34 38 58 34 30 40 35 30 32 59 57 48 49 37 31
internal_value=1.4213 90.0729 129.22 -13.8655 -25.8098 3.5731 -36.5078 -42.5442 -27.9097 17.8034 11.907 -15.3322 -56.939 -2.40266 19.5874 -24.4557 -29.5923 11.7229
internal_weight=762 112 76 650 472 126 346 68 308 178 144 215 93 89 114 126 86 66
internal_count=762 112 76 650 472 126 346 68 308 178 144 215 93 89 114 126 86 66
is_linear=0
shrinkage=0.05


Tree=47
num_leaves=18
num_cat=0
split_feature=24 1 24 24 4 1 10 1 24 26 8 24 28 24 24 28 24
split_gain=3.72999e+08 1.31138e+08 9.27691e+07 8.88142e+07 6.88963e+07 1.31779e+08 1.88658e+08 7.17985e+07 3.47608e+07 9.41126e+06 1.16636e+07 8.52433e+06 5.16886e+06 3.4753e+06 2.65541e+06 1.64426e+06 631769
threshold=13361.111111111113 0.45000000000000007 16983.333333333336 8875.0000000000018 997.75000000000011 0.11250000000000002 5.5000000000000009 0.65000000000000013 6344.6312222222232 5.5499999999999998 19.550000000000004 4402.7777777777783 -0.63872576220844934 10909.722222222224 7560.1861111111111 -0.46734190575957718 9824.0750000000025
decision_type=2 2 2 2 2 2 2 2 2 2 2 2 2 2 2 2 2
left_child=3 -2 -3 4 -1 6 -6 -7 11 -5 13 -9 -10 16 -14 -13 -11
right_child=1 2 -4 9 5 7 -8 8 12 10 -12 15 14 -15 -16 -17 -18
leaf_value=-80.591686371533299 6.9350730869578516 77.893551218690675 191.11313135901162 40.541228331288984 -26.316858247635494 -100.00644678343036 112.69749988048488 -60.497389572965886 8.9455998724296535 6.5057971231618161 -16.387107125786056 -25.378978133417689 -22.060862242115391 28.8394512232029 -7.4160934037129422 -40.125124927690841 16.331330428591112
leaf_weight=49 36 46 30 34 58 36 42 50 31 35 30 33 55 48 71 47 31
leaf_count=49 36 46 30 34 58 36 42 50 31 35 30 33 55 48 71 47 31
internal_value=1.35044 85.5822 122.778 -13.1743 -24.5229 -18.0104 32.1234 -33.5368 -25.1672 16.9155 11.3129 -44.2803 -9.32291 18.6104 -13.8211 -34.0817 11.1386
internal_weight=762 112 76 650 472 423 100 323 287 178 144 130 157 114 126 80 66
internal_count=762 112 76 650 472 423 100 323 287 178 144 130 157 114 126 80 66
is_linear=0
shrinkage=0.05


Tree=48
num_leaves=16
num_cat=0
split_feature=0 14 21 0 20 6 0 0 21 21 14 26 0 0 14
split_gain=5.23946e+07 4.95561e+07 5.28617e+07 1.3113e+08 4.10744e+07 4.24345e+07 4.41977e+07 7.6175e+07 3.23795e+07 4.17062e+07 2.76308e+07 2.41719e+07 1.94338e+07 8.53541e+06 3.34881e+06
threshold=1.9000000000000001 236.50000000000003 0.63667604752970619 103.70000000000002 1.62405 2.3500000000000001 5.1500000000000012 24.700000000000006 0.88962253888828469 0.61909511064081435 54.000000000000007 6.7999999999999998 108.40000000000002 378.90000000000003 298.00000000000006
decision_type=2 2 2 2 2 2 2 2 2 2 2 2 2 2 2
left_child=-1 4 3 -3 -2 8 -7 -8 9 -6 -9 -12 -4 14 -14
right_child=1 2 12 -5 5 6 7 10 -10 -11 11 -13 13 -15 -16
leaf_value=60.076198829376132 39.642677257567883 132.85104450656726 -36.990644949852829 3.8378345957153104 38.740906252399569 31.819434008065311 -103.22981864217778 -64.484707048600328 54.336483696019542 -32.120204205701583 -32.106692222136189 -1.0235526516174942 31.138649762433104 -9.1173057869568446 8.0375441085460562
leaf_weight=36 38 30 30 57 34 33 31 32 32 53 115 137 33 41 30
leaf_count=36 38 30 30 57 34 33 31 32 32 53 115 137 33 41 30
internal_value=1.28365 -1.63955 18.1024 48.4267 -10.281 -14.3509 -23.1629 -28.9312 11.4163 -4.41461 -20.7877 -15.2154 -1.60712 8.62534 20.1684
internal_weight=762 726 221 87 505 467 348 315 119 87 284 252 134 104 63
internal_count=762 726 221 87 505 467 348 315 119 87 284 252 134 104 63
is_linear=0
shrinkage=0.05


Tree=49
num_leaves=15
num_cat=0
split_feature=24 1 24 24 0 5 25 8 0 24 26 0 24 28
split_gain=3.29372e+08 1.18917e+08 8.36614e+07 7.94385e+07 5.94458e+07 5.36515e+07 6.28383e+07 4.35591e+07 3.96557e+07 2.2621e+07 9.17592e+06 1.25633e+07 4.69513e+06 884131
threshold=13361.111111111113 0.45000000000000007 16983.333333333336 8875.0000000000018 5.1500000000000012 25.525000000000002 23.703120000000002 19.150000000000002 74.700000000000017 5513.8888888888896 5.5499999999999998 92.300000000000011 10826.388888888891 0.12447926388678894
decision_type=2 2 2 2 2 2 2 2 2 2 2 2 2 2
left_child=3 -2 -3 4 -1 6 7 8 -6 -10 -5 -12 13 -13
right_child=1 2 -4 10 5 -7 -8 -9 9 -11 11 12 -14 -15
leaf_value=39.459004598329557 5.4832400884654717 73.171810529133765 180.68537761903679 39.356356103958625 23.561732138590688 -79.210371590901872 44.878241530682814 -74.700939214580998 -44.471858565503268 -15.534309693855258 -18.249182676397684 16.30051879853103 31.095121678398826 5.0765637892896258
leaf_weight=35 36 46 30 34 42 46 32 44 123 150 30 32 43 39
leaf_count=35 36 46 30 34 42 46 32 44 123 150 30 32 43 39
internal_value=1.22026 80.3729 115.793 -12.4286 -23.1615 -28.1848 -22.163 -28.1497 -21.6256 -28.5836 16.0286 10.4972 18.0714 10.1511
internal_weight=762 112 76 650 472 437 391 359 315 273 178 144 114 71
internal_count=762 112 76 650 472 437 391 359 315 273 178 144 114 71
is_linear=0
shrinkage=0.05


Tree=50
num_leaves=18
num_cat=0
split_feature=24 24 4 1 0 1 1 4 24 24 0 3 0 24 24 24 28
split_gain=3.35557e+08 7.14448e+07 7.06395e+07 1.10621e+08 2.1148e+08 9.59377e+07 6.45085e+07 4.77667e+07 4.23321e+07 3.97661e+07 1.07394e+07 8.20084e+06 1.04519e+07 4.3447e+06 4.224e+06 3.76094e+06 3.40157e+06
threshold=13534.722222222224 9483.7972222222234 997.35000000000002 1.0000000180025095e-35 86.90000000000002 0.65000000000000013 0.65000000000000013 1006.1500000000002 16606.483333333334 6344.6312222222232 129.15000000000003 82.700000000000003 118.45000000000002 3736.1111111111118 10909.722222222224 7451.3888888888896 -0.60505606964884906
decision_type=2 2 2 2 2 2 2 2 2 2 2 2 2 2 2 2 2
left_child=1 2 -1 4 -4 -5 -2 -6 -8 13 -11 12 -3 -7 -14 -12 -15
right_child=6 11 3 5 7 9 8 -9 -10 10 15 -13 14 16 -16 -17 -18
leaf_value=-82.763855057505211 35.394278953531682 -10.436361189551222 135.74309238768055 -106.72709683504971 23.878285653951465 -56.113096507126308 78.523094305591059 -63.084463948995534 161.61233536729779 22.766103394391834 -19.2402645263418 42.30887617006946 12.383209117219144 -23.264590431732127 34.779310495835134 -3.5516455481553737 -41.575198214209216
leaf_weight=41 37 33 33 34 31 30 32 32 30 31 60 31 46 42 39 105 66
leaf_count=41 37 33 33 34 31 30 32 32 30 31 60 31 46 42 39 105 66
internal_value=2.0328 -10.9576 -19.9336 -14.3651 33.41 -26.8339 87.7726 -20.3232 118.923 -18.6716 -4.18966 19.4574 13.4233 -39.2221 22.6879 -9.26483 -34.4826
internal_weight=753 654 505 464 96 368 99 63 62 334 196 149 118 138 85 165 108
internal_count=753 654 505 464 96 368 99 63 62 334 196 149 118 138 85 165 108
is_linear=0
shrinkage=0.05


Tree=51
num_leaves=17
num_cat=0
split_feature=24 24 4 1 0 1 1 4 24 24 0 7 24 24 24 28
split_gain=3.02937e+08 6.44954e+07 6.37691e+07 9.98639e+07 1.90921e+08 8.66125e+07 5.82403e+07 4.31238e+07 3.82189e+07 3.58984e+07 9.69508e+06 6.63798e+06 7.34423e+06 3.92352e+06 3.3949e+06 3.07004e+06
threshold=13534.722222222224 9483.7972222222234 997.35000000000002 1.0000000180025095e-35 86.90000000000002 0.65000000000000013 0.65000000000000013 1006.1500000000002 16606.483333333334 6344.6312222222232 129.15000000000003 25.250000000000004 11326.719444444447 3736.1111111111118 7451.3888888888896 -0.60505606964884906
decision_type=2 2 2 2 2 2 2 2 2 2 2 2 2 2 2 2
left_child=1 2 -1 4 -4 -5 -2 -6 -8 13 -11 12 -3 -7 -12 -15
right_child=6 11 3 5 7 9 8 -9 -10 10 14 -13 -14 15 -16 -17
leaf_value=-78.635731317005025 33.629333298675455 12.60262747075333 128.97643900983641 -101.40639181276919 22.688209224590537 -53.31676334067437 74.609170204233905 -59.940065286464041 153.55856445920821 21.631458183423501 -18.279851992713436 2.435342759515124 39.217536202828569 -22.104123945077642 -3.3742322936327995 -39.499583296552196
leaf_weight=41 37 54 33 34 31 30 32 32 30 31 60 45 50 42 105 66
leaf_count=41 37 54 33 34 31 30 32 32 30 31 60 45 50 42 105 66
internal_value=1.93209 -10.4107 -18.939 -13.6483 31.7445 -25.4953 83.3978 -19.3101 112.996 -17.7398 -3.98018 18.4872 25.4237 -37.2654 -8.80228 -32.7614
internal_weight=753 654 505 464 96 368 99 63 62 334 196 149 104 138 165 108
internal_count=753 654 505 464 96 368 99 63 62 334 196 149 104 138 165 108
is_linear=0
shrinkage=0.05


Tree=52
num_leaves=17
num_cat=0
split_feature=0 1 27 11 2 0 8 26 9 7 7 0 20 4 4 27
split_gain=3.53439e+07 5.85952e+07 8.16752e+07 9.09687e+07 4.96308e+07 4.54636e+07 9.31052e+06 1.07805e+07 6.46586e+06 8.21572e+06 7.1592e+06 8.55991e+06 3.96916e+06 3.04014e+06 2.88815e+06 1.597e+06
threshold=1.9000000000000001 0.65000000000000013 0.40542197401079721 1.5000000000000002 10.200000000000001 16.250000000000004 19.250000000000004 6.450000000000002 11.400000000000002 19.450000000000003 9.3500000000000032 136.55000000000004 14.83245 1009.2500000000001 1002.6000000000001 0.36571913681022045
decision_type=2 2 2 2 2 2 2 2 2 2 2 2 2 2 2 2
left_child=-1 2 3 -2 -4 -3 8 14 9 10 15 -12 13 -11 -8 -7
right_child=1 5 4 -5 -6 6 7 -9 -10 12 11 -13 -14 -15 -16 -17
leaf_value=46.350073334610101 3.5581610728466928 64.904695122264258 58.2430512327442 -97.077324747329413 -24.026809374955452 -2.9117306760542685 -3.4145186625863482 38.240674219876929 21.782976286050975 -29.095972886742739 33.981376982844154 4.1804370531260133 3.0093036222313829 -10.582113209361133 15.723863802701636 -17.390371757329898
leaf_weight=42 37 32 33 57 41 52 42 37 31 34 30 121 33 64 37 30
leaf_count=42 37 32 33 57 41 52 42 37 31 34 30 121 33 64 37 30
internal_value=1.83624 -0.799415 -26.5958 -57.5037 12.6901 7.18521 3.55869 16.0063 -0.0999332 -1.96907 3.66338 10.1198 -11.9823 -17.0285 5.55751 -8.22359
internal_weight=753 711 168 94 74 543 511 116 395 364 233 151 131 98 79 82
internal_count=753 711 168 94 74 543 511 116 395 364 233 151 131 98 79 82
is_linear=0
shrinkage=0.05


Tree=53
num_leaves=20
num_cat=0
split_feature=28 28 1 0 0 0 28 28 21 2 14 21 2 0 0 0 3 21 0
split_gain=3.67371e+07 4.51667e+07 6.08255e+07 7.35432e+07 3.87623e+07 4.25982e+07 8.91284e+07 7.79533e+07 1.78045e+07 1.24851e+07 1.91741e+07 1.18163e+07 1.0312e+07 8.88227e+06 3.64664e+06 3.27695e+06 5.0567e+06 6.6846e+06 1.65485e+06
threshold=-0.98208922706762081 -0.58427653070765284 0.65000000000000013 7.0500000000000007 101.95 15.300000000000002 0.1500498401600889 0.12447926388678894 0.52934623347666843 4.9500000000000011 309.00000000000006 0.74765040650406511 7.8500000000000005 248.95000000000002 467.15000000000003 249.55000000000004 69.200000000000003 1.3876065969428801 443.50000000000006
decision_type=2 2 2 2 2 2 2 2 2 2 2 2 2 2 2 2 2 2 2
left_child=-1 2 3 -2 5 7 -7 -3 -4 10 13 -10 -11 -6 -15 -14 17 -17 -18
right_child=1 4 8 -5 9 6 -8 -9 11 12 -12 -13 15 14 -16 16 18 -19 -20
leaf_value=40.300325414052992 -2.285652867241589 -56.572519198446173 -27.947889634975105 -95.124264830895029 -47.598600220284197 122.02948883981799 4.6739770210027016 56.302919771740292 37.348591332565263 31.920465247133439 18.565138025927052 -0.46020795247515833 11.331015642169421 -2.2756144508288223 -25.663752651478774 -23.749076900778221 16.050696939364123 5.8495204937061871 -0.40778230496023182
leaf_weight=57 39 30 36 47 30 30 35 31 33 32 34 55 58 31 36 45 31 33 30
leaf_count=57 39 30 36 47 30 30 35 31 33 32 34 55 58 31 36 45 31 33 30
internal_value=1.74512 -1.41774 -20.789 -53.0746 6.9551 30.8116 58.9424 0.788592 1.62733 -1.40088 -13.7062 13.7443 5.6413 -25.0253 -14.862 1.35855 -2.80774 -11.2351 7.96886
internal_weight=753 696 210 86 486 126 65 61 124 360 131 88 229 97 67 197 139 78 61
internal_count=753 696 210 86 486 126 65 61 124 360 131 88 229 97 67 197 139 78 61
is_linear=0
shrinkage=0.05


Tree=54
num_leaves=16
num_cat=0
split_feature=28 28 1 20 1 1 2 2 27 14 5 4 20 20 4
split_gain=3.31608e+07 4.0773e+07 5.49077e+07 4.84903e+07 2.68852e+07 2.79457e+07 1.61928e+07 1.07268e+07 6.78005e+06 8.15694e+06 1.2407e+07 4.59765e+06 5.05092e+06 4.80681e+06 3.96171e+06
threshold=-0.98208922706762081 -0.58427653070765284 0.65000000000000013 16.062950000000001 1.0000000180025095e-35 0.65000000000000013 15.597000000000003 15.797000000000002 0.98038744674281963 288.00000000000006 14.450000000000001 1015.1000000000001 14.83245 3.6268500000000006 1019.2500000000001
decision_type=2 2 2 2 2 2 2 2 2 2 2 2 2 2 2
left_child=-1 2 3 -2 -3 -6 -4 -8 9 11 14 12 -7 -13 -11
right_child=1 4 6 -5 5 8 7 -9 -10 10 -12 13 -14 -15 -16
leaf_value=38.28883866380685 -16.957046990979489 39.163517282523365 -24.126372517054392 -92.54826569544673 -37.944042911188077 -13.339000004584637 37.470625694005058 0.34848644490891822 25.601712706489288 14.463424087177286 41.170446934209806 -5.147843817998643 7.5446715539389277 18.529346605081624 -6.2534430467601059
leaf_weight=57 48 56 41 38 39 98 31 52 41 51 32 40 41 46 42
leaf_count=57 48 56 41 38 39 98 31 52 41 51 32 40 41 46 42
internal_value=1.65828 -1.3467 -19.7517 -50.4266 6.60848 2.36063 1.54632 14.2418 6.38947 4.13221 14.3676 -1.55793 -7.17804 7.52345 5.1107
internal_weight=753 696 210 86 486 430 124 83 391 350 125 225 139 86 93
internal_count=753 696 210 86 486 430 124 83 391 350 125 225 139 86 93
is_linear=0
shrinkage=0.05


Tree=55
num_leaves=18
num_cat=0
split_feature=24 24 1 4 1 0 1 4 24 0 24 24 0 24 24 10 23
split_gain=2.55218e+08 1.05936e+08 8.59873e+07 6.87121e+07 6.21549e+07 2.29255e+08 5.94591e+07 4.27453e+07 3.84561e+07 3.66652e+07 9.61259e+06 9.58813e+06 6.20689e+06 4.91683e+06 2.67444e+06 2.18172e+06 1.82058e+06
threshold=9824.0750000000025 19834.258333333335 0.65000000000000013 997.75000000000011 1.0000000180025095e-35 86.90000000000002 0.65000000000000013 1006.1500000000002 5229.166666666667 80.250000000000014 13097.222222222224 6850.0000000000009 124.95000000000002 3736.1111111111118 11326.719444444447 4.5000000000000009 -0.24999999999999994
decision_type=2 2 2 2 2 2 2 2 2 2 2 2 2 2 2 2 2
left_child=3 2 -2 -1 5 -5 -6 -7 13 -4 14 15 -13 -8 -11 -10 -14
right_child=1 -3 9 4 6 7 8 -9 11 10 -12 12 16 -15 -16 -17 -18
leaf_value=-74.339772623496756 -48.264043203461611 127.53838945905738 92.625412291499202 126.01681107775556 -86.774693517601037 5.698763247432872 -63.149865235717868 -73.543401323992683 -32.258880691587741 15.970565127228136 54.009485332457317 18.82285216488064 2.2375007985756912 -37.537806456661023 33.100438382967837 -15.614176674584739 -9.7667060870409781
leaf_weight=53 30 32 31 34 34 35 32 33 32 52 36 31 47 47 41 52 96
leaf_count=53 30 32 31 34 34 35 32 33 32 52 36 31 47 47 41 52 96
internal_value=-1.43212 43.5125 29.3012 -20.4058 -14.3481 20.2048 -23.8507 -32.8084 -17.4784 43.8657 32.0856 -8.12403 -1.42328 -47.9791 23.5499 -21.9859 -5.82243
internal_weight=748 222 190 526 473 102 371 68 337 160 129 258 174 79 93 84 143
internal_count=748 222 190 526 473 102 371 68 337 160 129 258 174 79 93 84 143
is_linear=0
shrinkage=0.05


Tree=56
num_leaves=18
num_cat=0
split_feature=24 24 5 24 5 5 2 1 24 29 24 24 20 0 3 24 24
split_gain=2.30398e+08 9.65265e+07 5.33255e+07 6.25774e+07 5.841e+07 6.38043e+07 3.17232e+07 1.41213e+08 3.06316e+07 4.51042e+07 9.40963e+06 6.74231e+06 5.28539e+06 6.85323e+06 3.3115e+06 3.50908e+06 3.09311e+06
threshold=9824.0750000000025 18708.333333333339 25.050000000000004 3736.1111111111118 22.925000000000001 22.050000000000004 4.6500000000000012 0.45000000000000007 5229.166666666667 1.0000000180025095e-35 6850.0000000000009 14287.036111111114 18.777800000000003 120.75000000000001 78.950000000000017 8097.2222222222235 11326.719444444447
decision_type=2 2 2 2 2 2 2 2 2 2 2 2 2 2 2 2 2
left_child=2 11 4 -4 5 6 7 -1 9 -8 -9 12 13 -2 15 -10 -15
right_child=1 -3 3 -5 -6 -7 8 10 14 -11 -12 -13 -14 16 -16 -17 -18
leaf_value=101.53116074495537 -4.7068845685534297 113.7913739942816 -114.36653785862002 -19.849230732204234 37.32496850355264 -83.836764520933158 -75.546103377437404 -36.635495349129883 -19.841325563958847 -8.8492375284749727 -6.0983551538160521 42.903843199508572 39.320305375007308 12.861050044944022 5.2062343332342511 -0.43878196335895564 32.845818028136762
leaf_weight=30 30 38 30 42 51 35 55 52 66 47 49 46 30 37 33 36 41
leaf_count=30 30 38 30 42 51 35 55 52 66 47 49 46 30 37 33 36 41
internal_value=-1.36029 41.3431 -19.3878 -59.3355 -13.0408 -19.4224 -13.2749 6.46788 -24.1857 -44.8521 -21.8412 26.3273 20.7746 15.5914 -8.54941 -13.0006 23.3945
internal_weight=748 222 526 72 454 403 368 131 237 102 101 184 138 108 135 102 78
internal_count=748 222 526 72 454 403 368 131 237 102 101 184 138 108 135 102 78
is_linear=0
shrinkage=0.05


Tree=57
num_leaves=20
num_cat=0
split_feature=24 24 4 24 30 29 24 24 24 24 20 4 14 20 14 28 24 24 21
split_gain=2.07988e+08 8.7187e+07 5.97258e+07 5.6317e+07 1.67092e+08 4.98853e+07 4.04125e+07 9.00037e+06 8.8529e+06 7.05519e+06 4.77203e+06 6.93211e+06 4.54089e+06 4.97773e+06 4.78846e+06 2.36906e+06 2.1118e+06 1.85838e+06 1.302e+06
threshold=9824.0750000000025 19834.258333333335 997.75000000000011 1.0000000180025095e-35 1.0000000180025095e-35 1.0000000180025095e-35 4402.7777777777783 6850.0000000000009 14287.036111111114 2908.7301587301595 18.777800000000003 1009.2500000000001 167.50000000000003 7.9199000000000011 229.00000000000003 -0.32533003375364639 11326.719444444447 8322.9166666666697 0.93024593064401995
decision_type=2 2 2 2 2 2 2 2 2 2 2 2 2 2 2 2 2 2 2
left_child=2 8 -1 4 5 -4 9 15 10 -5 11 -2 13 -9 -14 -8 -13 -16 -17
right_child=1 -3 3 6 -6 -7 7 12 -10 -11 -12 16 14 -15 17 18 -18 -19 -20
leaf_value=-68.703905113133999 -5.5986918807425772 115.50949011472898 14.975905674101373 -74.679702391425138 119.04976423776822 -68.970410568384509 -17.431415911791799 -7.7437955113744117 43.965093915064372 -41.671582592043109 37.36082202239686 12.738175385317698 -30.732412236143155 17.622839211071049 -16.200410024807834 -39.215391251573536 29.522549166234612 -0.048330407368571977 -24.518031126836377
leaf_weight=53 30 32 41 31 30 31 56 54 52 35 30 32 31 30 32 30 46 40 32
leaf_count=53 30 32 41 31 30 31 56 54 52 35 30 32 31 30 32 30 46 40 32
internal_value=-1.29217 39.2813 -18.4206 -12.7729 20.1168 -21.2131 -21.8184 -14.1317 26.3888 -57.265 19.7388 14.8137 -7.30225 1.32584 -14.3333 -24.9392 22.6618 -7.23961 -31.6814
internal_weight=748 222 526 473 102 72 371 305 190 66 138 108 187 84 103 118 78 72 62
internal_count=748 222 526 473 102 72 371 305 190 66 138 108 187 84 103 118 78 72 62
is_linear=0
shrinkage=0.05


Tree=58
num_leaves=19
num_cat=0
split_feature=1 7 2 21 26 21 28 11 22 6 7 25 6 7 6 2 7 8
split_gain=4.50197e+07 1.03737e+08 8.66106e+07 7.16036e+07 4.36424e+07 6.2866e+07 1.23344e+07 1.59959e+07 6.55636e+06 8.12615e+06 6.20338e+06 5.82356e+06 2.81732e+06 2.69248e+06 5.41483e+06 5.77247e+06 5.00938e+06 2.37724e+06
threshold=0.65000000000000013 25.950000000000003 4.6500000000000012 0.59111320754717001 6.6500000000000021 0.78342495131316492 -0.90878397393106225 2.5000000000000004 -0.5 3.3500000000000001 21.350000000000005 17.598980000000001 2.2500000000000004 15.500000000000002 3.1500000000000008 1.0000000180025095e-35 18.750000000000004 1.8500000000000003
decision_type=2 2 2 2 2 2 2 2 2 2 2 2 2 2 2 2 2 2
left_child=1 2 -1 -3 -4 -6 7 -2 9 10 -8 13 -12 14 15 -10 -15 -16
right_child=6 3 4 -5 5 -7 8 -9 11 -11 12 -13 -14 16 17 -17 -18 -19
leaf_value=60.862124811697939 -0.60249964358869534 -124.66990720653831 -69.017313710008153 -25.40097575787977 -49.22727895717685 52.138396981291457 23.099723388823957 45.264993780892858 -6.296213233432586 26.74583562716656 8.7655473972823454 -17.507980452815712 -10.058709702258101 21.286098537309158 -2.1969685199061626 23.712654595504716 -3.2613196922914827 -18.301272894445539
leaf_weight=46 34 32 33 42 30 31 30 43 31 56 31 46 55 42 49 33 41 43
leaf_count=46 34 32 33 42 30 31 30 43 31 56 31 46 55 42 49 33 41 43
internal_value=-1.22759 -20.599 4.71826 -68.4385 -22.7918 2.28737 6.5379 25.0372 3.41613 11.1221 3.56309 -1.23677 -3.27086 1.90092 -1.97043 9.18989 9.17087 -9.73573
internal_weight=748 214 140 74 94 61 534 77 457 172 116 285 86 239 156 64 83 92
internal_count=748 214 140 74 94 61 534 77 457 172 116 285 86 239 156 64 83 92
is_linear=0
shrinkage=0.05


Tree=59
num_leaves=18
num_cat=0
split_feature=24 24 4 24 0 4 24 8 4 24 24 24 9 20 28 28 24
split_gain=1.83195e+08 7.89649e+07 5.05983e+07 5.28145e+07 1.97633e+08 3.77729e+07 3.58068e+07 9.71261e+06 1.57326e+07 9.65772e+06 7.37741e+06 7.14499e+06 3.37155e+06 5.2093e+06 1.79337e+06 1.72423e+06 938267
threshold=9824.0750000000025 18708.333333333339 997.75000000000011 1.0000000180025095e-35 86.90000000000002 1006.1500000000002 4670.6361111111119 21.250000000000004 1008.9500000000002 13097.222222222224 2908.7301587301595 6850.0000000000009 1.2500000000000002 15.762000000000002 -0.32533003375364639 0.055916990100603255 11326.719444444447
decision_type=2 2 2 2 2 2 2 2 2 2 2 2 2 2 2 2 2
left_child=2 7 -1 4 -4 -6 10 8 -2 16 -5 14 13 15 -8 -13 -10
right_child=1 -3 3 6 5 -7 11 -9 9 -11 -12 12 -14 -15 -16 -17 -18
leaf_value=-63.523776255893168 -7.6486945005230886 102.43867509997108 118.05022395517119 -70.697604952747795 6.7787055186736271 -67.708645141232779 -16.447427311769765 45.107257879166838 11.176014598723381 49.828377848706289 -38.350270007780786 4.7628689420579677 4.9603487785981626 -27.592626107588117 -29.235684048821721 -9.3273465858684173 23.160160632742528
leaf_weight=53 44 38 34 31 35 33 53 40 34 34 42 30 44 35 58 78 32
leaf_count=53 44 38 34 31 35 33 53 40 34 34 42 30 44 35 58 78 32
internal_value=-1.16664 36.9118 -17.2418 -12.0435 19.8069 -29.4158 -20.8032 23.3308 17.2546 28.2088 -52.1648 -13.1057 -7.13441 -10.8568 -23.1499 -5.41257 17.0128
internal_weight=748 222 526 473 102 68 371 184 144 100 73 298 187 143 111 108 66
internal_count=748 222 526 473 102 68 371 184 144 100 73 298 187 143 111 108 66
is_linear=0
shrinkage=0.05


Tree=60
num_leaves=21
num_cat=0
split_feature=24 4 24 1 11 1 1 26 0 24 0 24 24 24 24 3 14 20 28 4
split_gain=1.80657e+08 8.6373e+07 6.41977e+07 7.58059e+07 3.71691e+07 1.32728e+08 6.0564e+07 1.41946e+08 2.56445e+07 1.99266e+07 1.25968e+07 1.05558e+07 7.05984e+06 5.24576e+06 4.91958e+06 2.05688e+06 1.07137e+06 1.29698e+06 838160 721055
threshold=10187.500000000002 997.35000000000002 20194.444444444449 0.65000000000000013 1.5000000000000002 0.18333333333333332 0.65000000000000013 6.6500000000000021 85.40000000000002 6850.0000000000009 43.300000000000004 13097.222222222224 9030.091666666669 6287.0361111111115 4481.9444444444453 73.550000000000011 241.00000000000003 9.3500000000000014 -0.10737736916418625 1011.9500000000002
decision_type=2 2 2 2 2 2 2 2 2 2 2 2 2 2 2 2 2 2 2 2
left_child=1 -1 3 -2 5 -3 7 -6 -5 14 -7 19 16 -12 -8 -15 17 -11 -16 -10
right_child=2 4 -4 8 6 10 9 -9 11 12 13 -13 -14 15 18 -17 -18 -19 -20 -21
leaf_value=-87.830037542285595 -49.099951922141045 90.049660286943009 102.24076732749559 77.525867602386953 -145.34566403109926 -46.236699215043032 -41.379278371279199 -13.315566376300431 21.156873495095795 -8.5171706093265005 -25.530415068188965 46.606978047364272 18.241245151868625 -9.20667514257363 -14.005215128669841 7.749398989156127 -13.152495123925712 5.3701945822896358 -24.728773911879713 11.05205038029904
leaf_weight=43 30 36 30 32 31 30 39 59 31 38 35 43 42 42 37 31 35 30 37 42
leaf_count=43 30 36 30 32 31 30 39 59 31 38 35 43 42 42 37 31 35 30 37 42
internal_value=-5.13219 -19.798 34.6956 23.2606 -14.1781 4.68895 -23.6103 -58.9035 37.9516 -11.2806 -17.6281 26.9771 0.988542 -9.64581 -27.0112 -2.00533 -6.05736 -2.39143 -19.3932 15.3663
internal_weight=773 565 208 178 522 174 348 90 148 258 138 116 145 108 113 73 103 68 74 73
internal_count=773 565 208 178 522 174 348 90 148 258 138 116 145 108 113 73 103 68 74 73
is_linear=0
shrinkage=0.05


Tree=61
num_leaves=19
num_cat=0
split_feature=24 4 24 11 24 0 26 24 0 0 26 26 0 9 24 24 3 11
split_gain=1.63092e+08 7.79696e+07 5.796e+07 3.35548e+07 1.19822e+08 5.30164e+07 7.42144e+07 1.42601e+07 1.18644e+07 1.13728e+07 8.88265e+06 8.4329e+06 1.42338e+07 9.7745e+06 4.7358e+06 2.82501e+06 1.85688e+06 614884
threshold=10187.500000000002 997.35000000000002 20194.444444444449 1.5000000000000002 876.66666666666674 106.40000000000002 6.3000000000000034 9030.091666666669 4.8500000000000005 43.300000000000004 5.950000000000002 9.8500000000000032 210.05000000000004 0.15000000000000005 6287.0361111111115 12518.519444444446 73.550000000000011 2.5000000000000004
decision_type=2 2 2 2 2 2 2 2 2 2 2 2 2 2 2 2 2 2
left_child=1 -1 8 4 -3 6 -5 11 -2 -6 -10 12 -7 -14 -11 17 -16 -12
right_child=2 3 -4 5 9 7 -8 -9 10 14 15 -13 13 -15 16 -17 -18 -19
leaf_value=-83.448725764989291 -6.5528566835726609 85.559652033142768 97.145713828964489 -114.9544781125384 -43.932543926302387 20.011140888373568 -21.076003502568366 18.813519325894848 49.11059862121418 -24.257531460058317 18.498631650265132 -35.638898752534196 -8.2015399954788819 -35.45410765373051 -8.7474348464657741 29.77558696187441 7.3631748561307164 8.4901684473519303
leaf_weight=43 30 36 30 33 30 31 58 35 37 35 32 42 100 49 42 49 31 30
leaf_count=43 30 36 30 33 30 31 58 35 37 35 32 42 100 49 42 49 31 30
internal_value=-4.87622 -18.8109 32.9659 -13.4713 4.45498 -22.4332 -55.2087 -10.8108 22.1006 -16.7494 27.9092 -15.4877 -10.7686 -17.1816 -9.16477 20.8042 -1.90516 13.6774
internal_weight=773 565 208 522 174 348 91 257 178 138 148 222 180 149 108 111 73 62
internal_count=773 565 208 522 174 348 91 257 178 138 148 222 180 149 108 111 73 62
is_linear=0
shrinkage=0.05


Tree=62
num_leaves=20
num_cat=0
split_feature=24 4 24 1 11 1 1 26 24 24 24 4 24 24 21 7 14 20 28
split_gain=1.47232e+08 7.03848e+07 5.23285e+07 6.65135e+07 3.02903e+07 1.08172e+08 5.23148e+07 1.2216e+08 1.67954e+07 1.63889e+07 7.51736e+06 6.73668e+06 5.64527e+06 4.11736e+06 2.72465e+06 1.60681e+06 976998 1.20251e+06 747787
threshold=10187.500000000002 997.35000000000002 20194.444444444449 0.65000000000000013 1.5000000000000002 0.18333333333333332 0.65000000000000013 6.6500000000000021 6850.0000000000009 13935.186111111112 6287.0361111111115 1008.9500000000002 9030.091666666669 4481.9444444444453 0.86403153854134251 14.65 241.00000000000003 9.3500000000000014 -0.32533003375364639
decision_type=2 2 2 2 2 2 2 2 2 2 2 2 2 2 2 2 2 2 2
left_child=1 -1 3 -2 5 -3 7 -6 13 11 -7 -5 16 -8 -12 -13 17 -10 -15
right_child=2 4 -4 9 6 10 8 -9 12 -11 14 15 -14 18 -16 -17 -18 -19 -20
leaf_value=-79.28597032763841 -46.781097504625293 81.293517874086334 92.304563374059938 43.183364431804399 -134.30698658247084 -30.904036185471433 -37.440579650225239 -11.825049339333162 -7.2926343437254886 59.913213584375491 0.91209592343347856 23.40513918320578 16.83602570853154 -11.965026828841946 -17.047537683990765 8.3914953154980978 -11.667360558503034 6.0786590392407396 -22.099339017355842
leaf_weight=43 30 36 30 31 31 52 39 59 38 45 49 33 42 35 37 39 35 30 39
leaf_count=43 30 36 30 31 31 52 39 59 38 45 49 33 42 35 37 39 35 30 39
internal_value=-4.63272 -17.8725 31.3223 20.9983 -12.7993 4.23269 -21.314 -54.1156 -9.85511 34.7598 -15.9144 23.7229 1.40858 -24.297 -6.82549 15.2957 -4.8924 -1.3932 -17.3288
internal_weight=773 565 208 178 522 174 348 90 258 148 138 103 145 113 86 72 103 68 74
internal_count=773 565 208 178 522 174 348 90 258 148 138 103 145 113 86 72 103 68 74
is_linear=0
shrinkage=0.05


Tree=63
num_leaves=18
num_cat=0
split_feature=24 24 25 24 3 9 24 28 24 0 24 26 2 0 24 0 6
split_gain=1.33203e+08 4.5084e+07 3.16234e+07 7.18146e+07 2.29116e+07 2.77512e+07 8.02383e+07 3.33127e+07 7.19381e+07 1.00355e+07 9.06689e+06 7.33629e+06 5.69503e+06 5.05011e+06 3.72973e+06 2.20428e+06 1.38296e+06
threshold=10472.222222222224 20194.444444444449 24.928750000000004 4281.7460317460327 35.150000000000006 1.0000000180025095e-35 2683.3333333333335 0.88999460902669758 1.0000000180025095e-35 4.8500000000000005 8691.6666666666679 5.950000000000002 17.750000000000004 120.75000000000001 6287.0361111111115 192.40000000000003 3.5500000000000003
decision_type=2 2 2 2 2 2 2 2 2 2 2 2 2 2 2 2 2
left_child=2 9 4 -4 -1 7 -7 8 -6 -2 13 -11 14 -10 -8 -13 -16
right_child=1 -3 3 -5 5 6 12 -9 10 11 -12 15 -14 -15 16 -17 -18
leaf_value=30.468737935544649 -5.0194242838609258 87.704670722936086 -106.53330748802007 -7.5983279671638631 53.638834271716554 -79.947741117667803 -16.197935325380353 -43.01848203527954 -36.580619748486235 46.617805609200417 9.1371084203244504 11.232507983635836 -28.912375894337398 -13.135787055105977 8.3049047409763013 26.367122726056291 -5.1083312104283287
leaf_weight=30 30 30 30 47 55 55 44 45 30 35 38 42 30 98 41 57 36
leaf_count=30 30 30 30 47 55 55 44 45 30 35 38 42 30 98 41 57 36
internal_value=-4.40159 31.4455 -16.4159 -46.2327 -11.8341 -14.5287 -28.3008 -3.85647 4.13352 21.107 -12.2912 26.9556 -9.44855 -18.655 -4.60287 19.9642 2.03522
internal_weight=773 194 579 77 502 472 206 266 221 164 166 134 151 128 121 99 77
internal_count=773 194 579 77 502 472 206 266 221 164 166 134 151 128 121 99 77
is_linear=0
shrinkage=0.05


Tree=64
num_leaves=18
num_cat=0
split_feature=1 26 26 27 26 1 28 3 20 7 28 27 26 3 11 3 28
split_gain=7.88186e+07 7.06885e+07 7.4657e+07 8.02689e+07 6.68545e+07 2.92807e+07 5.31161e+06 1.15748e+07 2.571e+06 3.38778e+06 4.14796e+06 3.48944e+06 2.28453e+06 1.4958e+06 1.29811e+06 1.24275e+06 628936
threshold=0.65000000000000013 6.6500000000000021 7.6500000000000012 0.40542197401079721 5.2999999999999998 0.90000000000000013 -0.90878397393106225 81.350000000000009 20.465000000000003 19.350000000000005 0.41326329957804331 0.93836870211866363 5.450000000000002 53.050000000000004 2.5000000000000004 69.200000000000003 -0.29258949745833546
decision_type=2 2 2 2 2 2 2 2 2 2 2 2 2 2 2 2 2
left_child=1 4 -3 -4 -1 6 7 -2 9 10 11 -8 -12 -14 16 -16 -11
right_child=5 2 3 -5 -6 -7 8 -9 -10 14 12 -13 13 -15 15 -17 -18
leaf_value=-20.514581843543212 38.677888397996213 51.710697411149368 -94.154279650037537 6.0237145256861453 -106.71089343897785 49.908380783385361 26.197433020377474 -4.8375460977339664 13.349348251462921 3.4571032619219269 11.289335070220851 4.6378784488061227 1.9077137805552493 -7.9357405416228151 -16.033489779171759 -3.9282182398793761 -5.8134149773959631
leaf_weight=45 30 39 32 53 45 35 30 31 38 37 32 50 72 83 44 41 36
leaf_count=45 30 39 32 53 45 35 30 31 38 37 32 50 72 83 44 41 36
internal_value=-4.18195 -29.9789 -5.48425 -31.7566 -63.6834 5.69738 2.73538 16.5917 0.906623 -0.20877 3.22495 12.7454 -0.852572 -3.36498 -6.00972 -10.206 -1.11629
internal_weight=773 214 124 85 90 559 524 61 463 425 267 80 187 155 158 85 73
internal_count=773 214 124 85 90 559 524 61 463 425 267 80 187 155 158 85 73
is_linear=0
shrinkage=0.05


Tree=65
num_leaves=19
num_cat=0
split_feature=24 26 1 1 0 1 24 24 24 24 0 24 24 6 0 24 8 4
split_gain=1.26025e+08 5.56528e+07 2.40032e+08 1.20361e+08 2.2995e+08 5.27014e+07 5.08355e+07 2.44139e+07 2.07193e+07 5.72839e+06 4.88927e+06 3.77558e+06 2.95569e+06 2.74207e+06 2.65187e+06 2.31471e+06 1.10828e+06 724836
threshold=18708.333333333339 6.2500000000000009 0.45000000000000007 0.11250000000000002 195.75000000000003 0.45000000000000007 7840.2777777777783 13361.111111111113 9175.9250000000011 5736.1111111111122 131.15000000000001 6344.6312222222232 12122.686111111112 2.6500000000000008 224.55000000000004 10909.722222222224 9.2500000000000018 1004.4500000000002
decision_type=2 2 2 2 2 2 2 2 2 2 2 2 2 2 2 2 2 2
left_child=1 2 -1 4 -3 -5 9 10 11 13 -8 17 -10 -7 -11 -12 -16 -4
right_child=-2 3 8 5 -6 6 7 -9 12 14 15 -13 -14 -15 16 -17 -18 -19
leaf_value=-119.00099593683231 87.944662334794117 148.87260423157829 -11.733603120087785 -66.041386408077969 -22.666743976563751 -41.740624713600617 26.150172260615903 55.553238718250981 16.112819069122601 0.22024850556224684 1.8443967572425959 1.509736806984503 37.674785323454955 -21.883615755242158 -24.166893383383393 16.740629515899592 -10.946512379293656 -22.797061713272551
leaf_weight=51 40 39 30 32 39 32 35 34 32 30 111 48 32 39 33 34 31 30
leaf_count=51 40 39 30 32 39 32 35 34 32 30 111 48 32 39 33 34 31 30
internal_value=1.70048 -3.15637 -23.8508 6.28392 63.1837 -4.5273 0.682537 16.7586 4.41503 -20.1651 9.40394 -8.94315 26.9358 -30.8794 -12.0482 5.34647 -17.7904 -17.2941
internal_weight=752 712 223 489 78 411 379 214 172 165 180 108 64 71 94 145 64 60
internal_count=752 712 223 489 78 411 379 214 172 165 180 108 64 71 94 145 64 60
is_linear=0
shrinkage=0.05


Tree=66
num_leaves=17
num_cat=0
split_feature=24 1 26 1 1 2 1 24 24 24 19 24 24 24 4 24
split_gain=1.14929e+08 5.54751e+07 5.2719e+07 1.92609e+08 1.23562e+08 8.60686e+07 4.33848e+07 3.52584e+07 1.58502e+07 9.08109e+06 6.48212e+06 4.82356e+06 4.59886e+06 2.87089e+06 1.51301e+06 1.49349e+06
threshold=17436.111111111113 0.90000000000000013 6.2500000000000009 0.29166666666666669 0.11250000000000002 8.4500000000000011 0.65000000000000013 7726.852777777779 7350.0000000000009 10990.741666666667 1.0000000180025095e-35 5161.1111111111122 11680.555555555557 5161.1111111111122 1008.4500000000002 13319.444444444447
decision_type=2 2 2 2 2 2 2 2 2 2 2 2 2 2 2 2
left_child=1 2 3 -1 5 -4 -6 10 13 14 11 -8 -10 -5 -9 -11
right_child=-2 -3 4 8 6 -7 7 9 12 15 -12 -13 -14 -15 -16 -17
leaf_value=-124.56588475303927 74.008766747640763 61.62112513600438 122.87016747733142 -32.615546907872634 -60.340571280631096 16.147616841943041 -44.916147951366618 11.795938941028631 1.5692662695741089 17.997823127120963 -6.3922977240345595 -21.617879678869766 24.637971204606671 -12.521905676372826 -0.60753607654662289 32.933809832322645
leaf_weight=41 51 31 32 31 37 46 34 32 59 39 43 65 34 42 105 30
leaf_count=41 51 31 32 31 37 46 34 32 59 39 43 65 34 42 105 30
internal_value=1.6158 -3.66082 -6.69008 -27.6595 2.68893 60.0326 -8.94129 -3.46065 -3.66413 9.7517 -22.6213 -29.6566 10.0204 -21.0878 2.29608 24.5301
internal_weight=752 701 670 207 463 78 385 348 166 206 142 99 93 73 137 69
internal_count=752 701 670 207 463 78 385 348 166 206 142 99 93 73 137 69
is_linear=0
shrinkage=0.05


Tree=67
num_leaves=19
num_cat=0
split_feature=24 20 1 1 0 1 24 24 24 0 24 28 0 24 8 20 24 26
split_gain=1.05242e+08 5.04602e+07 1.0475e+08 4.89781e+07 1.52808e+08 4.22881e+07 3.22822e+07 2.73707e+07 1.02144e+07 4.81885e+06 4.00131e+06 3.47515e+06 3.33944e+06 3.28937e+06 3.10092e+06 2.96148e+06 1.86948e+06 442997
threshold=13361.111111111113 16.943300000000004 0.45000000000000007 0.18333333333333332 195.75000000000003 0.45000000000000007 16606.483333333334 7161.7063492063508 5905.5555555555557 52.20000000000001 9197.2222222222244 -0.32533003375364639 236.45000000000002 5736.1111111111122 23.450000000000003 3.5228000000000006 11326.719444444447 8.8500000000000032
decision_type=2 2 2 2 2 2 2 2 2 2 2 2 2 2 2 2 2 2
left_child=1 3 -3 4 -1 -2 -7 9 -4 -5 12 -11 -9 -13 -10 -12 -17 -14
right_child=5 2 8 7 -6 6 -8 10 14 11 15 13 17 -15 -16 16 -18 -19
leaf_value=105.37522688445672 4.1709872345790231 -92.237947371199311 -27.003698376712634 -37.223108306168818 -30.18117862801088 39.94140059409969 107.30894319098861 13.218133596130384 -3.4662407215312947 -5.4895086933299133 25.822172456845593 -34.297725630505695 -2.8870319653033025 -14.480468235431264 16.200305783385385 1.5606371736812021 16.618456383240527 -10.59411883340602
leaf_weight=41 39 48 35 34 42 42 31 30 45 49 31 34 40 55 36 50 35 35
leaf_count=41 39 48 35 34 42 42 31 30 45 49 31 34 40 55 36 50 35 35
internal_value=1.5354 -6.29144 -30.201 1.95089 36.8266 46.226 68.6573 -5.4222 -4.47309 -20.3735 6.21806 -16.1982 -0.854022 -22.0812 5.28358 12.6148 7.77322 -6.49306
internal_weight=752 640 164 476 83 112 73 393 116 172 221 138 105 89 81 116 85 75
internal_count=752 640 164 476 83 112 73 393 116 172 221 138 105 89 81 116 85 75
is_linear=0
shrinkage=0.05


Tree=68
num_leaves=17
num_cat=0
split_feature=24 1 26 1 1 0 24 0 24 24 24 0 28 24 24 24
split_gain=9.82318e+07 5.02202e+07 4.58023e+07 1.79398e+08 1.05619e+08 1.92132e+08 3.61247e+07 1.79589e+07 1.55188e+07 7.33606e+06 5.2497e+06 4.13298e+06 3.61311e+06 3.88521e+06 1.7111e+06 1.00957e+06
threshold=18708.333333333339 0.90000000000000013 6.2500000000000009 0.29166666666666669 0.11250000000000002 195.75000000000003 8342.591666666669 48.600000000000009 10263.888888888891 13361.111111111113 5161.1111111111122 118.45000000000002 -0.32533003375364639 6658.3333333333348 10909.722222222224 7350.0000000000009
decision_type=2 2 2 2 2 2 2 2 2 2 2 2 2 2 2 2
left_child=1 2 3 -1 5 -4 7 -6 10 11 -5 -8 -9 -14 -13 -12
right_child=-2 -3 4 8 6 -7 9 12 -10 -11 15 14 13 -15 -16 -17
leaf_value=-117.36283306203376 77.601539219882426 59.306337581033496 134.44709297628964 -29.486074071068476 -55.141803820792092 -22.350274506005487 -13.994377617661739 -5.7877660982903292 21.342623334825635 26.4045956794943 -11.173131699686662 2.8422642627720394 -30.356652114785085 -10.753035011463611 15.649680503166588 -0.4566072832219254
leaf_weight=42 40 31 39 31 35 39 30 59 50 41 42 88 55 47 37 46
leaf_count=42 40 31 39 31 35 39 30 59 50 41 42 88 55 47 37 46
internal_value=1.45911 -2.82884 -5.66561 -25.0127 3.02345 56.1201 -7.55331 -22.7265 -2.00588 7.62371 -11.8259 2.64201 -15.6498 -21.343 6.64278 -5.57825
internal_weight=752 712 681 211 470 78 392 196 169 196 119 155 161 102 125 88
internal_count=752 712 681 211 470 78 392 196 169 196 119 155 161 102 125 88
is_linear=0
shrinkage=0.05


Tree=69
num_leaves=16
num_cat=0
split_feature=24 1 26 1 1 0 1 24 24 24 24 24 28 28 8
split_gain=8.86772e+07 4.53388e+07 4.1348e+07 1.62248e+08 9.53462e+07 1.73446e+08 3.46004e+07 3.02268e+07 1.32828e+07 9.14865e+06 5.00659e+06 2.72749e+06 2.5478e+06 1.86937e+06 512548
threshold=18708.333333333339 0.90000000000000013 6.2500000000000009 0.45000000000000007 0.11250000000000002 195.75000000000003 0.45000000000000007 7726.852777777779 11680.555555555557 12361.111111111111 4204.6305555555564 6937.5000000000009 -0.38168922026665864 -0.32533003375364639 20.050000000000004
decision_type=2 2 2 2 2 2 2 2 2 2 2 2 2 2 2
left_child=1 2 3 -1 5 -4 -6 10 11 13 -8 -5 -12 -9 -13
right_child=-2 -3 4 8 6 -7 7 9 -10 -11 12 14 -14 -15 -16
leaf_value=-101.33010506527297 73.731138393944349 56.350556343544717 127.74193312310807 -14.422414424778445 -56.91734896627171 -21.235618013738062 -38.089379669999005 14.38161922712418 28.186305334629157 27.451139145666261 -5.2338071324581517 -3.6526779275191461 -20.872579218044425 0.74472152773975697 5.1828163860644221
leaf_weight=51 40 31 39 59 32 39 31 31 35 52 40 36 75 131 30
leaf_count=51 40 31 39 59 32 39 31 31 35 52 40 36 75 131 30
internal_value=1.38643 -2.68766 -5.38304 -23.7653 2.87271 53.3213 -7.17656 -2.74056 1.00631 9.2252 -20.2738 -6.62049 -15.4423 3.36154 0.365145
internal_weight=752 712 681 211 470 78 392 360 160 214 146 125 115 162 66
internal_count=752 712 681 211 470 78 392 360 160 214 146 125 115 162 66
is_linear=0
shrinkage=0.05


Tree=70
num_leaves=12
num_cat=0
split_feature=24 20 24 6 0 5 8 20 0 24 8
split_gain=7.1507e+07 2.58651e+07 3.38981e+07 2.90063e+07 3.80102e+07 6.73569e+07 6.031e+07 3.81424e+07 7.27485e+07 2.12978e+07 8.24543e+06
threshold=20194.444444444449 1.5927 13777.777777777779 5.3500000000000005 30.750000000000004 18.950000000000003 20.050000000000004 21.834800000000001 79.350000000000009 7350.0000000000009 17.350000000000005
decision_type=2 2 2 2 2 2 2 2 2 2 2
left_child=1 -1 3 4 5 -3 -7 8 -6 -10 -4
right_child=-2 2 10 -5 7 6 -8 -9 9 -11 -12
leaf_value=30.771893233352912 76.442892395222302 -94.34923250906354 43.619949934489 29.82247094875429 67.163030486365003 41.439215973489155 -53.561905407047007 -59.15636129839244 -18.771295393862921 4.5670645512963715 10.446089354118337
leaf_weight=55 30 36 37 45 35 31 36 31 211 182 38
leaf_count=55 30 36 37 45 35 31 36 31 211 182 38
internal_value=0.904232 -2.18056 -4.84214 -8.76154 -11.8558 -39.2903 -9.60984 -5.69221 -1.80688 -7.96477 26.8482
internal_weight=767 737 682 607 562 103 67 459 428 393 75
internal_count=767 737 682 607 562 103 67 459 428 393 75
is_linear=0
shrinkage=0.05


Tree=71
num_leaves=20
num_cat=0
split_feature=24 14 14 24 28 0 0 26 28 0 24 0 8 24 24 28 28 24 4
split_gain=6.4557e+07 2.36573e+07 9.23106e+07 3.10523e+07 3.15726e+07 7.04719e+07 4.95275e+07 4.21924e+07 3.99314e+07 4.84917e+07 1.44539e+07 7.74391e+06 7.25592e+06 5.68337e+06 3.69602e+06 2.1242e+06 1.23929e+06 819099 361331
threshold=20194.444444444449 46.000000000000007 23.000000000000004 7161.7063492063508 -0.79354221435844507 11.900000000000002 40.70000000000001 6.2000000000000011 -0.63872576220844934 133.55000000000004 13777.777777777779 17.350000000000005 17.350000000000005 3942.5916666666667 10826.388888888891 -0.012910296075008829 0.65180241000790706 8972.2222222222244 1011.9500000000002
decision_type=2 2 2 2 2 2 2 2 2 2 2 2 2 2 2 2 2 2 2
left_child=1 2 -1 4 6 -6 -3 -8 -7 -10 11 -5 -12 -11 15 17 -17 -13 -16
right_child=-2 3 -4 10 5 8 7 -9 9 13 12 14 -14 -15 18 16 -18 -19 -20
leaf_value=-24.158519915541511 72.633445572457035 57.048398940440762 91.711198096101072 -22.8075050418622 -96.65397036635224 -61.802748634358949 -56.686722924430832 16.786326525595182 40.203199151313768 -39.762959665078618 41.262569885042566 0.015714232924431918 9.9251556282594127 -14.532394706092868 17.702573051325903 -11.65660594254409 0.72154933316555703 9.772409534670599 10.053895135516486
leaf_weight=40 30 33 30 32 31 37 35 44 44 32 36 42 38 74 30 46 36 44 33
leaf_count=40 30 33 30 32 31 37 35 44 44 32 36 42 38 74 30 46 36 44 33
internal_value=0.859532 -2.07152 25.5598 -4.97476 -15.8747 -26.956 5.69915 -15.7955 -15.3563 -3.86596 5.70027 0.204575 25.2056 -22.1795 3.40091 -0.474014 -6.22797 5.01312 13.7185
internal_weight=767 737 70 667 330 218 112 79 187 150 337 263 74 106 231 168 82 86 63
internal_count=767 737 70 667 330 218 112 79 187 150 337 263 74 106 231 168 82 86 63
is_linear=0
shrinkage=0.05


Tree=72
num_leaves=17
num_cat=0
split_feature=24 20 24 21 24 24 26 24 0 0 8 24 28 28 24 24
split_gain=5.82828e+07 2.18817e+07 2.78902e+07 1.70753e+07 3.90349e+07 2.84378e+07 9.52522e+07 2.35236e+07 1.31758e+07 1.26446e+07 6.80338e+06 4.58003e+06 2.84663e+06 1.62381e+06 1.4125e+06 783089
threshold=20194.444444444449 1.5927 13777.777777777779 0.64182307975686148 1.0000000180025095e-35 4402.7777777777783 7.8500000000000005 6122.2222222222235 24.700000000000006 103.70000000000002 17.350000000000005 9150.0000000000018 -0.51974381215551546 -0.37370587188196375 8384.258333333335 11326.719444444447
decision_type=2 2 2 2 2 2 2 2 2 2 2 2 2 2 2 2
left_child=1 -1 3 4 -3 6 -5 9 -7 -6 -4 13 -9 -10 -14 -13
right_child=-2 2 10 5 7 8 -8 12 11 -11 -12 15 14 -15 -16 -17
leaf_value=28.340816201315604 69.013839174188249 38.516108917396672 39.56360113961356 6.2410933537066722 -56.248109082163722 -36.777186529276072 -91.38244203284151 16.71754036266638 -1.5109082784530272 -11.433410903597917 9.430200359514691 3.4931044601859966 -9.0559896685302821 -11.76732309930693 4.3163399496052044 13.550540041552154
leaf_weight=55 30 57 37 56 31 31 45 33 70 32 38 49 31 86 54 32
leaf_count=55 30 57 37 56 31 31 45 33 70 32 38 49 31 86 54 32
internal_value=0.816816 -1.96816 -4.41624 -7.97138 2.47022 -14.7049 -37.3019 -8.89622 -6.17817 -33.5394 24.329 -2.16193 4.27793 -7.16903 -0.565479 7.47828
internal_weight=767 737 682 607 238 369 101 181 268 63 75 237 118 156 85 81
internal_count=767 737 682 607 238 369 101 181 268 63 75 237 118 156 85 81
is_linear=0
shrinkage=0.05


Tree=73
num_leaves=18
num_cat=0
split_feature=24 1 3 24 1 9 9 11 24 24 24 24 23 24 25 24 24
split_gain=5.26187e+07 2.12652e+07 1.65522e+07 6.33334e+07 2.94442e+07 3.70993e+07 8.42683e+07 7.53135e+07 2.68131e+07 1.01912e+07 8.94325e+06 6.95837e+06 3.4257e+06 3.02585e+06 2.38562e+06 1.38989e+06 716290
threshold=20194.444444444449 0.90000000000000013 50.550000000000004 3394.4444444444448 0.65000000000000013 4.5500000000000007 1.0000000180025095e-35 2.5000000000000004 10546.297222222223 6974.5361111111115 4204.6305555555564 14868.055555555557 -0.24999999999999994 7596.2972222222224 17.938145000000002 7560.1861111111111 10546.297222222223
decision_type=2 2 2 2 2 2 2 2 2 2 2 2 2 2 2 2 2
left_child=1 2 3 -1 5 6 7 -4 10 -5 -6 14 15 -14 -10 -12 -11
right_child=-2 -3 4 9 8 -7 -8 -9 11 16 12 -13 13 -15 -16 -17 -18
leaf_value=76.048584602837551 65.574610165820957 38.593909931182864 -55.461657925912561 -30.238948148210472 -32.745086201364209 25.518241718203523 -85.944200512452227 38.238563951752973 4.7808388949066325 -0.80538185474484458 -3.2694903779123834 41.428938075983638 -18.790405732654232 -4.0371196595908021 23.158295309291503 6.9030039016101599 10.109101129766318
leaf_weight=30 30 31 40 32 31 30 52 46 38 30 76 32 57 89 33 60 30
leaf_count=30 30 31 40 32 31 30 52 46 38 30 76 32 57 89 33 60 30
internal_value=0.776048 -1.87015 -3.65212 13.0911 -7.15151 -24.8114 -35.7633 -5.35667 -0.0153471 -7.49868 -7.29786 22.1006 -4.48983 -9.80592 13.3431 1.22011 4.65952
internal_weight=767 737 706 122 584 168 138 86 416 92 313 103 282 146 71 136 60
internal_count=767 737 706 122 584 168 138 86 416 92 313 103 282 146 71 136 60
is_linear=0
shrinkage=0.05


Tree=74
num_leaves=16
num_cat=0
split_feature=3 26 1 0 1 0 14 1 0 26 26 26 20 0 14
split_gain=2.2083e+07 3.7085e+07 2.82314e+07 1.54885e+08 7.50163e+07 2.54429e+07 1.79355e+07 1.68933e+07 3.73126e+06 6.00686e+06 5.22528e+06 2.58376e+06 4.001e+06 1.7162e+06 1.43267e+06
threshold=89.450000000000017 3.7500000000000018 1.0000000180025095e-35 133.55000000000004 0.29166666666666669 3.0500000000000003 146.50000000000003 0.65000000000000013 320.4500000000001 8.8500000000000032 5.3000000000000034 6.5000000000000018 8.7561000000000018 535.95000000000016 232.50000000000003
decision_type=2 2 2 2 2 2 2 2 2 2 2 2 2 2 2
left_child=2 -2 3 -1 -4 -6 -5 -7 11 10 -10 14 -13 -11 -9
right_child=1 -3 4 6 5 7 -8 8 9 13 -12 12 -14 -15 -16
leaf_value=91.839132532055032 14.150861376385357 -61.033896351653119 -73.035941163675531 -51.300230237148327 48.075688971079074 -32.201045797670318 2.0714502531032628 10.164424418431153 -0.88193745845135685 6.6855115449326661 20.247827827708615 1.2191828912367662 -15.371167937490496 -7.2734258400002112 -2.4427060819770166
leaf_weight=50 30 36 34 33 30 36 30 60 41 35 102 97 58 59 36
leaf_count=50 30 36 34 33 30 36 30 60 41 35 102 97 58 59 36
internal_value=0.737891 -26.8892 3.34249 26.2197 -1.05769 3.37212 -25.9221 0.80406 3.24497 7.74295 14.1932 -1.00349 -4.9947 -2.07431 5.43908
internal_weight=767 66 701 113 588 554 63 524 488 237 143 251 155 94 96
internal_count=767 66 701 113 588 554 63 524 488 237 143 251 155 94 96
is_linear=0
shrinkage=0.05


Tree=75
num_leaves=14
num_cat=0
split_feature=24 1 3 26 1 30 0 1 24 19 5 24 24
split_gain=4.60993e+07 3.87371e+07 2.10627e+07 3.84934e+07 2.55022e+07 9.36765e+07 1.32766e+08 4.86746e+07 1.77038e+07 4.0727e+06 3.84645e+06 3.47757e+06 2.50822e+06
threshold=17791.666666666668 0.90000000000000013 89.450000000000017 4.1500000000000012 1.0000000180025095e-35 -0.56174490092936669 136.55000000000004 0.45000000000000007 7451.3888888888896 1.0000000180025095e-35 25.900000000000002 4630.5555555555566 10187.500000000002
decision_type=2 2 2 2 2 2 2 2 2 2 2 2 2
left_child=1 2 4 -4 5 -1 -7 -6 9 11 12 -9 -10
right_child=-2 -3 3 -5 7 6 -8 8 10 -11 -12 -13 -14
leaf_value=-44.409744764979649 45.490853603012177 49.205698497922043 5.6143438877853447 -74.398814769123874 -61.15644720890873 123.49756625446756 -8.5917230398085174 -34.840440088426952 -3.0202701164650794 -3.4858696187112539 19.333262530351295 -15.949197292744131 6.8258815731568081
leaf_weight=40 51 33 30 30 40 34 43 32 135 48 35 103 124
leaf_count=40 51 33 30 30 40 34 43 32 135 48 35 103 124
internal_value=-0.413991 -3.6401 -6.15967 -34.4494 -3.47739 17.5929 49.8179 -8.2482 -3.79955 -16.0045 3.80024 -20.4496 1.69451
internal_weight=778 727 694 60 634 117 77 517 477 183 294 135 259
internal_count=778 727 694 60 634 117 77 517 477 183 294 135 259
is_linear=0
shrinkage=0.05


Tree=76
num_leaves=16
num_cat=0
split_feature=28 1 28 28 7 21 0 4 3 14 0 21 3 0 8
split_gain=3.37552e+07 4.82425e+07 7.82821e+07 7.6573e+07 7.44328e+07 2.1591e+07 8.42908e+06 5.23544e+06 3.17634e+06 2.40843e+06 2.67654e+06 1.47971e+06 1.43319e+06 1.14533e+06 1.06163e+06
threshold=-0.9668120007078248 0.45000000000000007 -0.58427653070765284 -0.79354221435844507 16.650000000000002 0.65528469316596949 15.300000000000002 1000.85 85.950000000000017 286.00000000000006 92.300000000000011 1.0030128205128208 62.050000000000004 329.70000000000005 7.6500000000000012
decision_type=2 2 2 2 2 2 2 2 2 2 2 2 2 2 2
left_child=5 2 3 -2 -4 -1 -3 -8 9 10 -9 14 -12 -13 -11
right_child=1 6 4 -5 -6 -7 7 8 -10 11 12 13 -14 -15 -16
leaf_value=-2.8449769992765006 -22.423835471205706 24.689107277996303 -44.910821322467939 -120.92174716211876 48.417055525243157 50.984374041858374 17.105171749790916 -18.343384268117504 11.874712484091702 5.5563326521965362 -7.4683143176460902 16.402032970845507 0.5505061925232696 2.6975301007495767 -7.4193122889700254
leaf_weight=30 49 43 39 33 47 49 49 30 49 30 90 31 146 30 33
leaf_count=30 49 43 39 33 47 49 49 30 49 30 90 31 146 30 33
internal_value=-0.393266 -3.89601 -27.2403 -62.1623 6.09089 30.565 3.49349 1.62115 -0.11062 -1.61914 -4.3014 4.13352 -2.50937 9.67764 -1.24134
internal_weight=778 699 168 82 86 79 531 488 439 390 266 124 236 61 63
internal_count=778 699 168 82 86 79 531 488 439 390 266 124 236 61 63
is_linear=0
shrinkage=0.05


Tree=77
num_leaves=13
num_cat=0
split_feature=24 1 3 4 9 7 0 6 0 24 6 24
split_gain=4.12355e+07 3.37786e+07 1.94768e+07 3.7078e+07 4.6629e+07 2.45186e+07 2.11196e+07 5.11476e+07 2.5266e+07 1.39449e+07 1.99601e+07 2.11039e+06
threshold=17791.666666666668 0.90000000000000013 89.450000000000017 998.95000000000016 1.0000000180025095e-35 23.050000000000004 35.45000000000001 3.4500000000000006 76.050000000000026 7726.852777777779 2.1500000000000008 9150.0000000000018
decision_type=2 2 2 2 2 2 2 2 2 2 2 2
left_child=1 2 3 4 -1 -4 7 -5 -8 10 -10 -11
right_child=-2 -3 5 6 -6 -7 8 -9 9 11 -12 -13
leaf_value=72.988497734629163 43.041841623041265 45.922751502183992 -0.98898964688627433 -60.353868454882047 -9.1417077856525726 -64.864664767509282 39.620846208233701 16.520535103700166 17.929032172668332 -4.0580800594692485 -22.394348243365858 5.9349200022376714
leaf_weight=34 51 33 30 54 35 30 32 36 37 83 178 145
leaf_count=34 51 33 30 54 35 30 32 36 37 83 178 145
internal_value=-0.373898 -3.42508 -5.77787 -3.19857 31.3752 -32.9817 -7.42568 -29.6198 -3.21511 -6.31761 -15.4498 2.29691
internal_weight=778 727 694 634 69 60 565 90 475 443 215 228
internal_count=778 727 694 634 69 60 565 90 475 443 215 228
is_linear=0
shrinkage=0.05


Tree=78
num_leaves=18
num_cat=0
split_feature=28 1 28 7 28 26 3 14 21 7 4 14 3 27 4 3 7
split_gain=2.99079e+07 4.30138e+07 7.12756e+07 6.76481e+07 6.68373e+07 2.25929e+07 4.66555e+06 5.13787e+06 6.59555e+06 3.15115e+06 2.40471e+06 2.36654e+06 2.30491e+06 2.62932e+06 1.64293e+06 1.27946e+06 296806
threshold=-0.9668120007078248 0.45000000000000007 -0.58427653070765284 16.650000000000002 -0.79354221435844507 6.450000000000002 60.20000000000001 286.00000000000006 1.1263335935467087 21.450000000000003 999.45000000000016 50.000000000000007 88.850000000000009 0.96900085243778578 1019.35 53.050000000000004 13.250000000000002
decision_type=2 2 2 2 2 2 2 2 2 2 2 2 2 2 2 2 2
left_child=5 2 4 -4 -2 -1 9 10 -9 11 -8 -3 13 14 -12 16 -13
right_child=1 6 3 -5 -6 -7 7 8 -10 -11 12 15 -14 -15 -16 -17 -18
leaf_value=5.5114331207359974 -21.888563366285897 -12.445362329329708 -42.512545503191944 46.460263323530782 -113.91508339740717 59.483857461644064 15.84073119566381 34.454357699424996 2.5791663393713655 -17.849923203459124 -4.3822147861483201 11.131784585357863 13.415500642621296 13.567548977830402 7.4760433450630162 -3.4254906284565827 4.3974771342046584
leaf_weight=45 49 31 39 47 33 34 36 34 31 31 153 31 38 31 36 44 35
leaf_count=45 49 31 39 47 33 34 36 34 31 31 153 31 38 31 36 44 35
internal_value=-0.354687 -3.65178 -25.6947 6.10956 -59.0173 28.786 3.32578 6.56927 19.2797 -3.44391 3.75352 -0.266194 2.06143 0.0950425 -2.12071 3.17426 7.57269
internal_weight=778 699 168 86 82 79 531 359 65 172 294 141 258 220 189 110 66
internal_count=778 699 168 86 82 79 531 359 65 172 294 141 258 220 189 110 66
is_linear=0
shrinkage=0.05


Tree=79
num_leaves=15
num_cat=0
split_feature=24 1 26 12 1 4 20 1 24 19 5 24 24 24
split_gain=3.67327e+07 2.99898e+07 1.84734e+07 1.58474e+07 4.05783e+07 4.61755e+07 4.39437e+07 2.40098e+07 1.12874e+07 4.66923e+06 3.05361e+06 2.62909e+06 2.19188e+06 1.95285e+06
threshold=17791.666666666668 0.90000000000000013 11.450000000000001 1.0000000180025095e-35 0.45000000000000007 1006.4500000000002 17.134850000000004 0.65000000000000013 7560.1861111111111 1.0000000180025095e-35 25.900000000000002 8175.9250000000002 10370.369444444446 4670.6361111111119
decision_type=2 2 2 2 2 2 2 2 2 2 2 2 2 2
left_child=1 2 3 4 5 6 -1 -5 9 13 12 -9 -10 -6
right_child=-2 -3 -4 7 8 -7 -8 11 10 -11 -12 -13 -14 -15
leaf_value=22.91882336879242 40.639822056988685 43.281216389499043 29.393368129783063 48.152187547652034 -29.079178485205006 -68.491268410490605 -48.190571024354071 -14.135939439223462 -2.5835388206923731 1.5129775326907491 18.645697199493359 4.4482554443047171 7.5296387014478361 -14.299291185203495
leaf_weight=46 51 33 36 30 30 57 41 37 121 41 31 39 96 89
leaf_count=46 51 33 36 30 30 57 41 37 121 41 31 39 96 89
internal_value=-0.336964 -3.21674 -5.43366 -7.34328 -10.7435 -33.5526 -10.6093 10.3569 -2.68696 -13.0366 3.9928 -4.60593 1.89188 -18.0466
internal_weight=778 727 694 658 552 144 87 106 408 160 248 76 217 119
internal_count=778 727 694 658 552 144 87 106 408 160 248 76 217 119
is_linear=0
shrinkage=0.05


Tree=80
num_leaves=18
num_cat=0
split_feature=24 1 8 4 1 20 21 8 24 19 24 24 24 27 23 8 4
split_gain=4.29484e+07 3.64667e+07 2.15028e+07 3.24075e+07 2.49258e+07 5.30185e+07 2.53055e+07 2.46484e+07 1.31559e+07 3.19793e+06 4.27491e+06 3.01584e+06 1.68077e+06 1.28133e+06 800395 887778 377752
threshold=18708.333333333339 0.90000000000000013 22.300000000000001 1001.9500000000002 0.65000000000000013 16.223524999999999 0.80897891810494627 10.850000000000003 9150.0000000000018 1.0000000180025095e-35 7560.1861111111111 13319.444444444447 5088.8888888888896 0.85206963063867758 1.0000000180025095e-35 6.5500000000000007 1017.5500000000001
decision_type=2 2 2 2 2 2 2 2 2 2 2 2 2 2 2 2 2
left_child=1 2 4 -4 5 6 7 -1 9 10 12 14 -6 -11 -10 -16 -12
right_child=-2 -3 3 -5 8 -7 -8 -9 11 13 16 -13 -14 -15 15 -17 -18
leaf_value=-60.349168180116123 52.398027357967514 49.112685480002554 45.591816664616111 -13.126101145353127 -28.131421273222596 -82.773452869308329 26.055638789291606 -4.2684185638715091 11.170241876748891 8.2189606744760102 -1.5284230424639786 20.145990036987172 -14.53544216545929 -6.0217811614182137 6.6398432048269944 -4.291321603531407 -8.3220564305590656
leaf_weight=31 38 33 49 45 32 32 34 53 35 31 60 46 80 32 44 32 31
leaf_count=31 38 33 49 45 32 32 34 53 35 31 60 46 80 32 44 32 31
internal_value=0.700052 -2.11349 -4.6549 17.498 -8.2915 -25.7965 -10.288 -25.0121 -2.07943 -8.85264 -11.9054 9.3945 -18.4417 0.987409 4.92476 2.03759 -3.84939
internal_weight=738 700 667 94 573 150 118 84 423 266 203 157 112 63 111 76 91
internal_count=738 700 667 94 573 150 118 84 423 266 203 157 112 63 111 76 91
is_linear=0
shrinkage=0.05


Tree=81
num_leaves=13
num_cat=0
split_feature=24 8 14 28 29 6 5 8 24 11 24 20
split_gain=3.94096e+07 1.7296e+07 2.70938e+07 1.81664e+07 1.60916e+07 1.5635e+07 1.52018e+07 3.55019e+07 3.22744e+07 1.51059e+07 2.90069e+07 2.19194e+07
threshold=14023.147222222224 0.8500000000000002 63.500000000000007 0.88201535311751322 0.6078576107927941 5.7500000000000009 25.050000000000004 21.250000000000004 6122.2222222222235 4.5000000000000009 2131.428571428572 11.853975
decision_type=2 2 2 2 2 2 2 2 2 2 2 2
left_child=1 3 -3 -1 -2 6 7 9 -8 10 -4 -11
right_child=4 2 5 -5 -6 -7 8 -9 -10 11 -12 -13
leaf_value=48.975211467299353 49.059682338947184 -42.572867210986963 -41.302632791606825 -1.9140457488578744 7.3398179801656811 29.376498924881833 -65.38955549626489 45.583159716703889 -0.0031883794899541969 41.716104653271287 -3.2527786698816055 -14.628947984632047
leaf_weight=30 53 48 63 42 41 34 31 36 48 36 243 33
leaf_count=30 53 48 63 42 41 34 31 36 48 36 243 33
internal_value=0.665021 -3.75079 -6.65872 19.3283 30.8899 -3.36137 -5.63852 -1.7749 -25.7114 -6.33223 -11.0975 14.7862
internal_weight=738 644 572 72 94 524 490 411 79 375 306 69
internal_count=738 644 572 72 94 524 490 411 79 375 306 69
is_linear=0
shrinkage=0.05


Tree=82
num_leaves=17
num_cat=0
split_feature=24 1 8 0 20 6 24 24 27 24 8 24 24 28 0 24
split_gain=3.64662e+07 3.29809e+07 2.00466e+07 2.31779e+07 6.58938e+07 2.68017e+07 4.15539e+07 3.67823e+07 4.21877e+07 2.3028e+07 1.95398e+07 4.39827e+06 4.05227e+06 2.00397e+06 1.42879e+06 974731
threshold=18708.333333333339 0.90000000000000013 22.300000000000001 47.150000000000006 10.872700000000002 2.3500000000000001 4630.5555555555566 3790.2777777777778 0.7025209685794126 7118.0555555555566 24.250000000000004 9150.0000000000018 10472.222222222224 -0.57729161655172734 439.50000000000006 7350.0000000000009
decision_type=2 2 2 2 2 2 2 2 2 2 2 2 2 2 2 2
left_child=1 2 3 4 -1 6 -5 8 -7 -6 -4 13 15 -9 -13 -8
right_child=-2 -3 10 5 9 7 12 11 -10 -11 -12 14 -14 -15 -16 -17
leaf_value=24.352985231828828 48.269214873426542 46.755999833651543 44.635206345685823 67.61489234715205 -92.810525115383825 -79.448252858370154 -13.153125460995392 3.0296365462576 0.29067697620075011 -31.259049221480396 -1.7777868961055436 1.4244049319982903 15.608908736270131 -9.8526724490949675 13.980085150672501 -1.033061197697313
leaf_weight=35 38 33 38 30 30 37 30 38 30 31 56 64 30 146 35 37
leaf_count=35 38 33 38 30 30 37 30 38 30 31 56 64 30 146 35 37
internal_value=0.632128 -1.9604 -4.37732 -7.88863 -30.291 -3.37457 16.2926 -10.5136 -43.797 -61.6327 17.0124 -2.62107 0.366452 -7.19197 5.87296 -6.47154
internal_weight=738 700 667 573 96 477 127 350 67 61 94 283 97 184 99 67
internal_count=738 700 667 573 96 477 127 350 67 61 94 283 97 184 99 67
is_linear=0
shrinkage=0.05


Tree=83
num_leaves=12
num_cat=0
split_feature=24 1 1 0 0 0 0 24 4 24 24
split_gain=3.3063e+07 4.57697e+07 1.59535e+07 2.0487e+07 2.63194e+07 5.28178e+07 5.47368e+07 1.56833e+07 4.41302e+07 9.99379e+06 6.27893e+06
threshold=14023.147222222224 0.45000000000000007 0.90000000000000013 3.7500000000000004 10.500000000000002 30.750000000000004 79.350000000000009 3736.1111111111118 1006.1500000000002 16680.555555555558 9150.0000000000018
decision_type=2 2 2 2 2 2 2 2 2 2 2
left_child=2 -2 3 -1 -5 -6 -7 8 -8 -3 -9
right_child=1 9 -4 4 5 6 7 10 -10 -11 -12
leaf_value=-45.468797586130542 -19.11350316857283 33.171160446686606 30.916611481901271 41.587897528252803 -68.984028430460356 54.989295596692266 8.1597948645330529 -6.6122687165431762 -61.875599896990792 73.821098417177851 6.8861684716929705
leaf_weight=30 33 30 32 31 31 39 47 263 43 31 128
leaf_count=30 33 30 32 31 31 39 47 263 43 31 128
internal_value=0.60077 28.2851 -3.44387 -5.24526 -3.16442 -5.68935 -1.90346 -6.52687 -25.333 53.9164 -2.1927
internal_weight=738 94 644 612 582 551 520 481 90 61 391
internal_count=738 94 644 612 582 551 520 481 90 61 391
is_linear=0
shrinkage=0.05


Tree=84
num_leaves=17
num_cat=0
split_feature=8 1 6 20 8 21 1 11 3 5 4 6 26 7 22 20
split_gain=2.61898e+07 3.39899e+07 4.48326e+07 3.85273e+07 5.18162e+07 4.02163e+07 2.24166e+07 2.20373e+07 2.97989e+07 3.23022e+06 3.6141e+06 2.97369e+06 5.23326e+06 1.72329e+06 1.03246e+06 671825
threshold=22.300000000000001 0.65000000000000013 2.3500000000000001 15.016800000000002 14.250000000000002 0.73343686040490241 0.90000000000000013 1.5000000000000002 79.550000000000011 22.850000000000005 1001.6500000000002 2.5500000000000003 6.5000000000000018 17.550000000000004 0.93301270189221952 13.411200000000003
decision_type=2 2 2 2 2 2 2 2 2 2 2 2 2 2 2 2
left_child=1 2 -1 4 5 -4 9 -2 -9 10 -3 12 -12 -14 15 -13
right_child=7 6 3 -5 -6 -7 -8 8 -10 -11 11 14 13 -15 -16 -17
leaf_value=23.123981863796857 55.340197355000932 18.830075755705469 -88.883538712536392 -81.558300342179436 29.126278503059993 -7.0557411269888126 45.478480187603012 42.378406462862486 -23.417453566643431 -13.253415144228871 24.781917379446735 -2.4274732365295129 8.2797389562114443 -4.9924493764046289 -10.710391166202971 5.4520449391778021
leaf_weight=41 36 30 30 35 34 30 30 32 37 37 31 172 46 52 33 32
leaf_count=41 36 30 30 35 34 30 30 32 37 37 31 172 46 52 33 32
internal_value=0.571054 -3.26621 -22.3802 -36.8495 -20.1335 -48.0495 3.75517 23.6854 7.11367 0.85457 2.17577 0.805874 6.91175 1.23939 -2.51907 -1.18938
internal_weight=738 633 170 129 94 60 463 105 69 433 396 366 129 98 237 204
internal_count=738 633 170 129 94 60 463 105 69 433 396 366 129 98 237 204
is_linear=0
shrinkage=0.05


Tree=85
num_leaves=18
num_cat=0
split_feature=24 24 27 7 24 24 6 6 20 3 4 3 24 2 14 14 23
split_gain=5.31031e+07 3.60712e+07 5.70358e+07 9.87758e+07 3.45901e+07 1.13385e+07 6.24583e+06 8.80728e+06 4.46347e+06 3.88703e+06 2.59063e+06 4.33405e+06 2.18094e+06 2.45491e+06 1.86385e+06 1.60957e+06 1.41357e+06
threshold=20194.444444444449 1.0000000180025095e-35 0.6254047815183511 25.750000000000004 2828.5714285714289 9150.0000000000018 3.7500000000000004 4.7500000000000009 18.777800000000003 87.700000000000003 1019.5500000000001 72.950000000000017 6850.0000000000009 19.150000000000002 108.50000000000001 173.50000000000003 -0.24999999999999994
decision_type=2 2 2 2 2 2 2 2 2 2 2 2 2 2 2 2 2
left_child=1 2 3 -1 -3 9 8 -8 10 12 11 -7 14 16 -6 -16 -14
right_child=-2 4 -4 -5 5 6 7 -9 -10 -11 -12 -13 13 -15 15 -17 -18
leaf_value=104.78055949617186 66.801654646923978 -55.288974808573336 -20.852689294306145 -5.5770354406494747 -22.572930387812338 3.2903276049135104 36.919655924556658 0.58320409523329164 -13.219394995388638 8.4737535439699965 -6.2807954874069365 25.435515047827984 8.3164632144560446 -16.833030521884034 -3.4371948439621001 -15.042231861347595 -4.3505760879377213
leaf_weight=41 32 31 43 40 38 71 36 31 37 36 31 32 30 31 54 67 82
leaf_count=41 32 31 43 40 38 71 36 31 37 36 31 32 30 31 54 67 82
internal_value=3.85891 1.09478 25.6574 50.3432 -3.92634 -1.15291 7.20534 20.1333 2.13118 -7.0387 6.37651 10.1884 -8.89008 -4.40506 -12.9184 -9.87028 -0.953182
internal_weight=763 731 124 81 607 576 238 67 171 338 134 103 302 143 159 121 112
internal_count=763 731 124 81 607 576 238 67 171 338 134 103 302 143 159 121 112
is_linear=0
shrinkage=0.05


Tree=86
num_leaves=16
num_cat=0
split_feature=24 1 0 9 1 24 0 24 24 27 27 4 22 27 20
split_gain=4.79413e+07 3.25626e+07 8.70367e+07 8.97807e+07 4.36334e+07 3.01129e+07 1.85287e+07 1.75039e+07 4.23791e+06 1.80021e+06 2.55468e+06 1.78112e+06 1.57218e+06 2.06065e+06 1.41406e+06
threshold=20194.444444444449 1.0000000180025095e-35 82.600000000000009 0.25000000000000006 0.45000000000000007 10990.741666666667 52.20000000000001 3394.4444444444448 7350.0000000000009 0.098819223632317002 0.83354805289222267 1011.85 0.68301270189221941 0.1670500785599974 19.135250000000003
decision_type=2 2 2 2 2 2 2 2 2 2 2 2 2 2 2
left_child=1 2 -1 -4 -3 7 -7 -6 12 14 -11 -8 13 -9 -10
right_child=-2 4 3 -5 5 6 11 8 9 10 -12 -13 -14 -15 -16
leaf_value=86.116443202806551 63.471977457302017 -48.918739649428858 36.89811711521844 -68.407144950451809 -39.186172599475469 56.38979222117073 19.459610086117152 -10.561910948146682 -5.10977374790287 15.757525877942001 -1.3763535259455231 5.1612597988150206 -16.136362625407578 1.8817946148437945 6.565946401024128
leaf_weight=39 32 49 52 33 36 30 37 84 92 45 42 53 48 55 36
leaf_count=39 32 49 52 33 36 30 37 84 92 45 42 53 48 55 36
internal_value=3.66656 1.04021 24.3777 -4.01739 -3.73047 0.245723 22.426 -5.83477 -2.83907 1.94856 7.49386 11.0546 -8.34168 -5.64029 -1.82338
internal_weight=763 731 124 85 607 558 120 438 402 215 87 90 187 139 128
internal_count=763 731 124 85 607 558 120 438 402 215 87 90 187 139 128
is_linear=0
shrinkage=0.05


Tree=87
num_leaves=16
num_cat=0
split_feature=24 1 0 9 1 24 0 24 24 14 27 4 26 14 20
split_gain=4.32811e+07 2.93929e+07 7.85742e+07 8.10496e+07 3.9388e+07 2.71849e+07 1.67284e+07 1.58021e+07 3.82552e+06 1.63046e+06 2.16267e+06 1.60797e+06 1.55003e+06 1.59282e+06 1.3246e+06
threshold=20194.444444444449 1.0000000180025095e-35 82.600000000000009 0.25000000000000006 0.45000000000000007 10990.741666666667 52.20000000000001 3394.4444444444448 7350.0000000000009 177.50000000000003 0.83354805289222267 1011.85 5.2999999999999998 96.500000000000014 19.135250000000003
decision_type=2 2 2 2 2 2 2 2 2 2 2 2 2 2 2
left_child=1 2 -1 -4 -3 7 -7 -6 12 10 -10 -8 -9 -14 -11
right_child=-2 4 3 -5 5 6 11 8 9 14 -12 -13 13 -15 -16
leaf_value=81.821628800316546 60.308265778728732 -46.477784312572595 35.05675259149006 -64.997123226154244 -37.232291000239407 53.579670032235086 18.489252073777653 0.79999528014451782 14.217858646020076 -5.115310807116372 -1.3076993693082182 4.9036827252634048 -18.951183414703134 -7.1591584779067139 6.2385585095413498
leaf_weight=39 32 49 52 33 36 30 37 40 48 89 42 53 39 108 36
leaf_count=39 32 49 52 33 36 30 37 40 48 89 42 53 39 108 36
internal_value=3.4839 0.988461 23.161 -3.81837 -3.54408 0.233731 21.308 -5.54358 -2.69722 1.8515 6.97913 10.5032 -7.92526 -10.2984 -1.84298
internal_weight=763 731 124 85 607 558 120 438 402 215 90 90 187 147 125
internal_count=763 731 124 85 607 558 120 438 402 215 90 90 187 147 125
is_linear=0
shrinkage=0.05


Tree=88
num_leaves=16
num_cat=0
split_feature=24 1 0 9 1 24 0 24 24 4 22 27 27 27 7
split_gain=3.90739e+07 2.65318e+07 7.09345e+07 7.31676e+07 3.55557e+07 2.45416e+07 1.51029e+07 1.42658e+07 3.47425e+06 1.45165e+06 1.36433e+06 2.18521e+06 1.33684e+06 2.14743e+06 594529
threshold=20194.444444444449 1.0000000180025095e-35 82.600000000000009 0.25000000000000006 0.45000000000000007 10990.741666666667 52.20000000000001 3394.4444444444448 7726.852777777779 1011.85 0.68301270189221941 0.1670500785599974 0.098819223632317002 0.61866567420209762 25.450000000000003
decision_type=2 2 2 2 2 2 2 2 2 2 2 2 2 2 2
left_child=1 2 -1 -4 -3 7 -7 -6 10 -8 11 -9 14 -14 -10
right_child=-2 4 3 -5 5 6 9 8 12 -11 -12 -13 13 -15 -16
leaf_value=77.741012585925318 57.302245018861008 -44.158627835553439 33.307279988030785 -61.757084397606981 -35.375833435269939 50.909587177960979 17.567281489616455 -9.6758316717241044 -4.0154164172719184 4.6589604011363219 -14.327086874967563 2.522080125199988 16.890212986620533 0.18936853388126398 3.188333257646824
leaf_weight=39 32 49 52 33 36 30 37 92 73 53 50 61 33 46 47
leaf_count=39 32 49 52 33 36 30 37 92 73 53 50 61 33 46 47
internal_value=3.31032 0.93927 22.005 -3.6292 -3.36702 0.2223 20.2458 -5.26696 -2.5625 9.97938 -7.16313 -4.81411 2.13182 7.17827 -1.1936
internal_weight=763 731 124 85 607 558 120 438 402 90 203 153 199 79 120
internal_count=763 731 124 85 607 558 120 438 402 90 203 153 199 79 120
is_linear=0
shrinkage=0.05


Tree=89
num_leaves=19
num_cat=0
split_feature=4 27 0 21 1 1 3 29 26 27 0 27 8 3 0 27 8 0
split_gain=2.94724e+07 1.79954e+07 6.71076e+07 3.18608e+07 6.4015e+07 5.60291e+07 5.09728e+07 5.58618e+07 6.06466e+06 7.39085e+06 1.53137e+07 2.68335e+06 4.38095e+06 6.7147e+06 2.44836e+06 2.10006e+06 1.77971e+06 1.2294e+06
threshold=996.25000000000011 -0.81403855522663837 103.70000000000002 0.80897891810494627 1.0000000180025095e-35 0.65000000000000013 64.850000000000009 0.6078576107927941 5.950000000000002 0.88606241628642846 101.95 0.57023701209772126 19.950000000000003 58.95000000000001 189.50000000000003 -0.95747632178960107 9.9500000000000011 521.75000000000011
decision_type=2 2 2 2 2 2 2 2 2 2 2 2 2 2 2 2 2 2
left_child=-1 2 -2 5 -5 6 -3 -8 -6 10 -10 12 13 -7 -13 -4 -16 -12
right_child=1 3 15 4 8 11 7 -9 9 -11 17 14 -14 -15 16 -17 -18 -19
leaf_value=45.428694501130479 76.723082955950005 -91.798769869899488 -13.019695742666858 79.125459294620157 15.653177103436768 0.32189853894515824 27.332823387102525 -59.057468903584976 -40.212595103824654 15.620999455035772 4.7008611648849756 -16.84659834981348 -7.1170615947168976 27.22677482351698 -8.3905905685551527 2.5039907533295302 8.5334532274264046 -6.6736058768324957
leaf_weight=39 35 35 43 30 57 55 35 40 30 40 63 31 46 40 30 44 32 38
leaf_count=39 35 35 43 30 57 55 35 40 30 40 63 31 46 40 30 44 32 38
internal_value=3.14543 0.861774 18.3641 -2.68766 10.5922 -12.6477 -42.0614 -18.7592 1.54388 -3.16559 -8.90953 1.19123 5.53816 11.667 -5.39809 -5.17472 0.343995 0.418941
internal_weight=763 724 122 602 258 344 110 75 228 171 131 234 141 95 93 87 62 101
internal_count=763 724 122 602 258 344 110 75 228 171 131 234 141 95 93 87 62 101
is_linear=0
shrinkage=0.05


Tree=90
num_leaves=12
num_cat=0
split_feature=24 20 1 3 0 0 27 1 6 24 28
split_gain=4.03314e+07 3.88753e+07 2.74123e+07 2.98908e+07 6.9385e+07 1.77158e+07 3.35499e+07 3.2917e+07 6.95212e+07 5.34661e+06 4.18183e+06
threshold=17436.111111111113 22.524600000000003 0.90000000000000013 50.550000000000004 189.50000000000003 3.7500000000000004 -0.98801351631316325 0.29166666666666669 2.8500000000000001 6974.5361111111115 0.12447926388678894
decision_type=2 2 2 2 2 2 2 2 2 2 2
left_child=1 2 3 4 -1 -5 -7 8 -8 -6 -9
right_child=-2 -3 -4 5 9 6 7 10 -10 -11 -12
leaf_value=74.535044294976828 43.123700045232908 -58.473083075336447 43.975053413612969 -43.202560895015111 -23.376612727269777 44.858249606656877 7.5320664013679295 1.9007146240218491 -85.639940547699211 3.289932641583289 -8.6325985029598407
leaf_weight=39 51 30 33 33 30 31 41 216 39 50 167
leaf_count=39 51 30 33 33 30 31 41 216 39 50 167
internal_value=0.222393 -2.86924 -0.404257 -2.67777 19.9455 -7.78908 -5.41513 -8.79014 -37.9394 -6.72666 -2.69318
internal_weight=760 709 679 646 119 527 494 463 80 80 383
internal_count=760 709 679 646 119 527 494 463 80 80 383
is_linear=0
shrinkage=0.05


Tree=91
num_leaves=17
num_cat=0
split_feature=24 5 24 5 4 2 0 1 6 24 28 24 24 0 24 14
split_gain=3.65694e+07 4.35089e+07 8.86661e+07 5.44298e+07 7.08662e+07 2.93749e+07 1.15889e+08 5.67861e+07 4.24465e+07 5.80192e+07 3.24435e+07 3.7676e+06 2.84611e+06 1.82132e+06 1.7129e+06 1.58546e+06
threshold=18046.297222222227 25.050000000000004 5402.7777777777783 22.850000000000005 1001.35 5.4500000000000011 20.950000000000003 0.29166666666666669 2.3500000000000001 4009.2583333333337 -0.65187484896379921 9150.0000000000018 5161.1111111111122 180.20000000000002 12597.222222222224 317.00000000000006
decision_type=2 2 2 2 2 2 2 2 2 2 2 2 2 2 2 2
left_child=1 3 -3 5 -5 6 -1 10 -8 -10 -7 -11 -9 -4 15 -14
right_child=-2 2 13 4 -6 7 8 12 9 11 -12 -13 14 -15 -16 -17
leaf_value=99.450292578961623 43.878932722814859 -105.029123718794 -8.991409808339796 99.994458051969772 -5.1822207707292733 -92.135772480758718 40.643951267975673 -14.06253365839717 -78.58381103186116 -7.725200116845528 -20.275076307775031 11.515725109693346 -4.170275100002427 8.120511941817794 8.2222995232661713 8.1372124466865383
leaf_weight=32 45 30 31 31 33 30 41 43 30 62 33 43 165 31 49 31
leaf_count=32 45 30 31 31 33 30 41 43 30 62 33 43 165 31 49 31
internal_value=0.211272 -2.54279 -34.6196 2.19886 45.8392 -2.80482 12.0809 -11.627 -3.85184 -17.3855 -54.5863 0.157829 -2.21389 -0.43607 -0.129417 -2.2205
internal_weight=760 715 92 623 64 559 208 351 176 135 63 105 288 62 245 196
internal_count=760 715 92 623 64 559 208 351 176 135 63 105 288 62 245 196
is_linear=0
shrinkage=0.05


Tree=92
num_leaves=16
num_cat=0
split_feature=24 5 24 5 24 5 0 27 24 24 27 7 24 20 23
split_gain=3.31347e+07 3.88522e+07 8.00492e+07 4.95973e+07 2.83802e+07 2.365e+07 2.05048e+07 5.71592e+07 8.58631e+07 1.35295e+07 2.10087e+07 2.90507e+06 2.6248e+06 2.64019e+06 1.94065e+06
threshold=17436.111111111113 25.050000000000004 5402.7777777777783 22.850000000000005 6231.4805555555567 22.050000000000004 74.700000000000017 0.65189295912203338 4909.7222222222235 2683.3333333333335 0.69636977696931246 31.250000000000004 9150.0000000000018 4.017500000000001 -0.5
decision_type=2 2 2 2 2 2 2 2 2 2 2 2 2 2 2
left_child=1 3 -3 5 -5 6 7 8 -1 10 -8 -4 14 -14 -11
right_child=-2 2 11 4 -6 -7 9 -9 -10 12 -12 -13 13 -15 -16
leaf_value=110.56926261927202 39.086390402359044 -99.795113830312943 10.745194556150722 78.917772905216665 12.211743524556985 -38.471228015976003 -56.359616286572432 -27.652534526815199 -5.3679276846720683 4.7728413493035893 2.7553915841238843 -10.877426079723321 15.365114658872793 -0.22217572947543879 -6.8674455272131176
leaf_weight=30 51 30 30 30 34 43 30 39 34 45 30 32 39 89 174
leaf_count=30 51 30 30 30 34 43 30 39 34 45 30 32 39 89 174
internal_value=0.200602 -2.60165 -32.8943 1.91984 43.5546 -2.90565 0.0999612 20.0181 49.0653 -4.94441 -26.8466 -0.414332 -1.15063 4.53532 -4.4745
internal_weight=760 709 92 617 64 553 510 103 64 407 60 62 347 128 219
internal_count=760 709 92 617 64 553 510 103 64 407 60 62 347 128 219
is_linear=0
shrinkage=0.05


Tree=93
num_leaves=17
num_cat=0
split_feature=24 5 24 5 4 2 0 1 28 27 0 9 24 7 24 14
split_gain=2.99966e+07 3.54436e+07 7.22697e+07 4.43841e+07 6.30647e+07 2.5943e+07 1.01188e+08 5.05993e+07 2.8745e+07 1.24716e+07 1.69986e+07 1.37838e+07 3.02305e+06 2.62272e+06 1.6105e+06 1.21273e+06
threshold=18046.297222222227 25.050000000000004 5402.7777777777783 22.850000000000005 1001.35 5.4500000000000011 20.950000000000003 0.29166666666666669 -0.65187484896379921 0.49002412863433359 301.75000000000006 1.0000000180025095e-35 4481.9444444444453 31.250000000000004 12597.222222222224 317.00000000000006
decision_type=2 2 2 2 2 2 2 2 2 2 2 2 2 2 2 2
left_child=1 3 -3 5 -5 6 -1 8 -7 10 -8 -11 -9 -4 15 -14
right_child=-2 2 13 4 -6 7 9 12 -10 11 -12 -13 14 -15 -16 -17
leaf_value=93.086768370773939 39.739864339215266 -94.821936525617332 10.209719384469068 92.471786024332815 -6.7418072899302679 -86.729261775983133 -47.167653528004394 -16.942648305290955 -19.088341967072733 25.179046714284244 -0.99097063045211253 -16.044647933389538 -3.761159078909686 -10.335249075488509 7.9510636741420644 6.6708930531297206
leaf_weight=32 45 30 30 31 33 30 30 30 33 55 59 32 176 32 49 33
leaf_count=32 45 30 30 31 33 30 30 30 33 55 59 32 176 32 49 33
internal_value=0.190761 -2.30355 -31.255 1.97612 41.384 -2.54228 11.4469 -10.8331 -51.3848 -3.44114 -16.5917 10.0152 -1.94761 -0.393622 -0.198087 -2.11157
internal_weight=760 715 92 623 64 559 208 351 63 176 89 87 288 62 258 209
internal_count=760 715 92 623 64 559 208 351 63 176 89 87 288 62 258 209
is_linear=0
shrinkage=0.05


Tree=94
num_leaves=16
num_cat=0
split_feature=24 5 24 5 4 2 0 6 24 24 0 24 0 24 14
split_gain=2.72843e+07 3.32968e+07 6.3441e+07 4.05301e+07 5.69351e+07 2.35203e+07 9.20712e+07 3.80989e+07 4.89135e+07 3.76891e+07 3.913e+06 2.74358e+06 2.17581e+06 1.57388e+06 1.19671e+06
threshold=17154.761904761912 25.050000000000004 5402.7777777777783 22.850000000000005 1001.35 5.4500000000000011 20.950000000000003 2.3500000000000001 4009.2583333333337 2131.428571428572 17.350000000000005 9150.0000000000018 180.20000000000002 12597.222222222224 96.500000000000014
decision_type=2 2 2 2 2 2 2 2 2 2 2 2 2 2 2
left_child=1 3 -3 5 -5 6 -1 -8 -9 -7 -11 -10 -4 14 -12
right_child=-2 2 12 4 -6 9 7 8 11 10 13 -13 -14 -15 -16
leaf_value=88.446928017458816 33.739215210287334 -90.096590768300814 -10.966469708312786 87.863064926000277 -6.4057355811588712 -49.035519053799391 38.448368793450427 -72.707808109058504 -7.0106509844462073 -18.25495936547399 -8.632525107250121 9.5232648599176102 7.8916990801452434 9.0942218385752849 -0.41767817398258222
leaf_weight=32 56 30 30 31 33 54 41 30 62 39 62 42 31 32 155
leaf_count=32 56 30 30 31 33 54 41 30 62 39 62 42 31 32 155
internal_value=0.181042 -2.49276 -30.6978 1.69859 39.3215 -2.69367 10.6057 -3.6705 -16.5767 -10.744 -3.54985 -0.330711 -1.3855 -1.24021 -2.7677
internal_weight=760 704 91 613 64 549 207 175 134 342 288 104 61 249 217
internal_count=760 704 91 613 64 549 207 175 134 342 288 104 61 249 217
is_linear=0
shrinkage=0.05


Tree=95
num_leaves=15
num_cat=0
split_feature=22 1 1 4 26 24 24 24 4 9 24 24 0 0
split_gain=2.98781e+07 7.33948e+07 5.79424e+07 1.37651e+08 3.44134e+07 3.1801e+07 1.06082e+07 9.63242e+06 4.6163e+06 3.37213e+06 2.50488e+06 1.39931e+06 1.83616e+06 1.03059e+06
threshold=0.68301270189221941 0.45000000000000007 0.29166666666666669 1006.4500000000002 6.2500000000000009 15726.85277777778 9197.2222222222244 3577.7777777777783 998.55000000000007 10.350000000000001 6850.0000000000009 10472.222222222224 68.15000000000002 192.40000000000003
decision_type=2 2 2 2 2 2 2 2 2 2 2 2 2 2
left_child=2 -2 3 4 -1 7 10 -4 -9 11 -3 12 -10 -13
right_child=1 6 5 -5 -6 -7 -8 8 9 -11 -12 13 -14 -15
leaf_value=-40.463661144380268 86.002817697310377 -15.912128344515693 -28.125791228621587 -121.10927858162468 20.421434684933423 44.53741516774268 18.577104477710034 18.087356004530974 9.3202985630478974 -16.2655328706911 0.3911153765676193 -0.90774921650288565 -3.9391226282281844 11.296204585736364
leaf_weight=40 31 52 34 35 55 39 58 31 30 37 43 31 197 39
leaf_count=40 31 52 34 35 55 39 58 31 30 37 43 31 197 39
internal_value=-1.52568 15.9797 -7.19825 -36.4974 -5.22993 1.50416 1.74504 -2.71219 -0.337822 -2.05286 -8.54006 -0.277363 -2.18342 5.89794
internal_weight=752 184 568 130 95 438 153 399 365 334 95 297 227 70
internal_count=752 184 568 130 95 438 153 399 365 334 95 297 227 70
is_linear=0
shrinkage=0.05


Tree=96
num_leaves=15
num_cat=0
split_feature=22 1 1 4 26 24 24 24 4 4 24 4 21 20
split_gain=2.69732e+07 6.62615e+07 5.23098e+07 1.24267e+08 3.10655e+07 2.87079e+07 9.5757e+06 8.69614e+06 4.16748e+06 2.26478e+06 2.26112e+06 1.51938e+06 1.8304e+06 1.62132e+06
threshold=0.68301270189221941 0.45000000000000007 0.29166666666666669 1006.4500000000002 6.2500000000000009 15726.85277777778 9197.2222222222244 3577.7777777777783 998.55000000000007 1002.0500000000001 6850.0000000000009 1008.85 1.3876065969428801 15.016800000000002
decision_type=2 2 2 2 2 2 2 2 2 2 2 2 2 2
left_child=2 -2 3 4 -1 7 10 -4 -9 -10 -3 13 -13 -11
right_child=1 6 5 -5 -6 -7 -8 8 9 11 -12 12 -14 -15
leaf_value=-38.445521088788041 81.716507164075068 -15.1180491432805 -26.723625482911586 -115.07106705798722 19.402215281242469 42.316239955053305 17.64984820418432 17.185895665895515 -13.257761148418613 13.498535028161193 0.37160500119291157 -5.5403389897538355 5.7234224988649851 -0.15472090206606418
leaf_weight=40 31 52 34 35 55 39 58 31 39 34 43 154 47 60
leaf_count=40 31 52 34 35 55 39 58 31 39 34 43 154 47 60
internal_value=-1.44952 15.1831 -6.83928 -34.6779 -4.96949 1.42934 1.65788 -2.57671 -0.32069 -1.95023 -8.11387 -0.451327 -2.90496 4.79273
internal_weight=752 184 568 130 95 438 153 399 365 334 95 295 201 94
internal_count=752 184 568 130 95 438 153 399 365 334 95 295 201 94
is_linear=0
shrinkage=0.05


Tree=97
num_leaves=17
num_cat=0
split_feature=3 24 0 28 8 24 3 3 24 0 28 24 27 24 27 5
split_gain=2.36542e+07 7.12067e+07 2.65285e+07 6.02454e+07 2.54715e+07 3.47725e+07 5.56124e+07 2.18546e+07 1.27277e+07 8.14014e+06 2.97393e+06 2.89801e+06 2.03708e+06 1.33364e+06 1.22721e+06 817224
threshold=51.70000000000001 3083.3333333333335 3.7500000000000004 -0.86517904975604198 22.300000000000001 2412.9638888888894 76.450000000000017 82.050000000000011 11326.719444444447 263.70000000000005 -0.9574497222574998 7726.852777777779 -0.74981945761428159 9197.2222222222244 -0.12447811117596669 19.825000000000006
decision_type=2 2 2 2 2 2 2 2 2 2 2 2 2 2 2 2
left_child=1 -1 3 -2 5 6 -4 -6 10 -10 -7 -3 15 -14 -13 -12
right_child=2 11 4 -5 7 8 -8 -9 9 -11 12 14 13 -15 -16 -17
leaf_value=85.410059565167103 17.568279325233778 -13.25762202543711 -68.743544502791281 -75.714615158900571 40.39654502481374 -19.392771712458746 17.286117411768711 -10.87664227233126 4.0317570062231436 35.085061769403964 -17.358597207940694 -2.3071711425557515 -2.7915470323043268 8.48505379517362 11.430715602923819 -5.6692250628804057
leaf_weight=30 31 37 50 39 59 33 30 32 53 35 30 34 167 31 31 30
leaf_count=30 31 37 50 39 59 33 30 32 53 35 30 34 167 31 31 30
internal_value=-1.37715 17.8335 -5.46938 -34.4374 -1.77694 -6.56891 -36.5011 22.3742 -0.242808 16.4084 -5.28214 -2.10614 -3.47046 -1.0226 4.25216 -11.5332
internal_weight=752 132 620 70 550 459 80 91 379 88 291 102 258 198 65 60
internal_count=752 132 620 70 550 459 80 91 379 88 291 102 258 198 65 60
is_linear=0
shrinkage=0.05


Tree=98
num_leaves=15
num_cat=0
split_feature=22 8 1 4 26 24 28 0 24 4 29 4 4 24
split_gain=2.34976e+07 6.04726e+07 4.46685e+07 1.10661e+08 2.87228e+07 2.46762e+07 1.00176e+07 1.09328e+07 7.44485e+06 3.64556e+06 2.19273e+06 2.17275e+06 1.71861e+06 1.57271e+06
threshold=0.68301270189221941 1.9500000000000002 0.29166666666666669 1006.4500000000002 6.2500000000000009 15726.85277777778 -0.317191288589106 133.55000000000004 3577.7777777777783 998.55000000000007 1.0000000180025095e-35 1002.9500000000002 1005.2500000000001 10752.313888888892
decision_type=2 2 2 2 2 2 2 2 2 2 2 2 2 2
left_child=2 -2 3 4 -1 8 -3 -8 -4 -10 -9 -11 -13 -14
right_child=1 6 5 -5 -6 -7 7 10 9 11 -12 12 13 -15
leaf_value=-36.219470547797378 79.03444221629654 -23.310452050360563 -24.754291174209015 -107.92820549337272 19.404101001718733 39.209351208386828 28.703854946116088 -11.035845262035171 16.049067933306432 -11.802028139077933 5.5002992687082646 10.322319414468804 -3.8326721549527996 5.4294642373845106
leaf_weight=40 30 32 34 35 55 39 42 40 31 47 40 34 193 60
leaf_count=40 30 32 34 35 55 39 42 40 31 47 40 34 193 60
internal_value=-1.30827 14.2158 -6.33882 -32.0639 -4.02976 1.30205 1.54566 8.07909 -2.41206 -0.324642 -2.77117 -1.84872 -0.215176 -1.63482
internal_weight=752 184 568 130 95 438 154 122 399 365 80 334 287 253
internal_count=752 184 568 130 95 438 154 122 399 365 80 334 287 253
is_linear=0
shrinkage=0.05


Tree=99
num_leaves=19
num_cat=0
split_feature=22 1 1 7 7 24 24 1 24 23 24 5 26 27 0 27 0 5
split_gain=2.1213e+07 5.83807e+07 4.03264e+07 9.67517e+07 3.27088e+07 2.22761e+07 7.88118e+06 7.05462e+06 6.41739e+06 6.66484e+06 3.0701e+06 2.15837e+06 1.5463e+06 799391 755959 602680 956604 760723
threshold=0.68301270189221941 0.45000000000000007 0.29166666666666669 21.750000000000004 25.750000000000004 15726.85277777778 9197.2222222222244 0.65000000000000013 7726.852777777779 -0.68301270189221952 3790.2777777777778 8.0500000000000025 8.6500000000000021 0.49002412863433359 249.55000000000004 -0.72660079619119988 288.50000000000006 21.050000000000004
decision_type=2 2 2 2 2 2 2 2 2 2 2 2 2 2 2 2 2 2
left_child=2 -2 3 -1 -5 7 11 -4 10 -10 -9 -3 -13 14 -12 17 -17 -11
right_child=1 6 5 4 -6 -7 -8 8 9 15 13 12 -14 -15 -16 16 -18 -19
leaf_value=-105.80528852040894 75.958740832951293 -18.605765790434269 -23.698928420733864 25.53613207176361 -32.370857812051717 37.253897174727889 15.320735855192821 -22.08085061133502 23.666426944500628 -7.434619382345776 -0.34299580265748175 4.7919724043762582 -10.868924143148021 2.6415266889467883 -9.5873323747546788 10.569992546444574 -0.018072374569199447 3.0615927293649072
leaf_weight=32 31 32 35 45 53 39 58 30 41 36 33 33 30 31 67 33 60 33
leaf_count=32 31 32 35 45 53 39 58 30 41 36 33 33 30 31 67 33 60 33
internal_value=-1.24296 13.5071 -6.0227 -30.4655 -5.78194 1.2373 0.812177 -2.29156 -0.227206 5.684 -7.67939 -8.05242 -2.67092 -4.36698 -6.54014 1.12106 3.74625 -2.41745
internal_weight=752 184 568 130 98 438 153 399 364 203 161 95 63 131 100 162 93 69
internal_count=752 184 568 130 98 438 153 399 364 203 161 95 63 131 100 162 93 69
is_linear=0
shrinkage=0.05


Tree=100
num_leaves=10
num_cat=0
split_feature=24 6 20 4 0 6 0 0 6
split_gain=1.85531e+07 2.6081e+07 4.44441e+07 1.44786e+07 1.58814e+07 8.81042e+07 2.72687e+07 2.1412e+07 1.56382e+07
threshold=20194.444444444449 5.7500000000000009 22.328100000000003 997.85000000000002 9.3500000000000032 2.7500000000000004 17.350000000000005 52.20000000000001 2.3500000000000001
decision_type=2 2 2 2 2 2 2 2 2
left_child=1 2 3 -1 5 -5 -6 -8 -9
right_child=-2 -3 -4 4 6 -7 7 8 -10
leaf_value=24.678225596030401 37.366201160704236 39.957265513623526 -62.049584396054129 -84.88603906314539 46.144209800606156 26.644595251809267 -42.360738675811582 14.305326511726996 -5.8314124566269703
leaf_weight=51 32 36 31 33 30 38 32 134 343
leaf_count=51 32 36 31 33 30 38 32 134 343
internal_value=0.164993 -1.47513 -3.63604 -0.887542 -3.02871 -25.24 -0.0987708 -2.83283 -0.172728
internal_weight=760 728 692 661 610 71 539 509 477
internal_count=760 728 692 661 610 71 539 509 477
is_linear=0
shrinkage=0.05


Tree=101
num_leaves=10
num_cat=0
split_feature=6 8 2 28 0 0 0 8 0
split_gain=1.56591e+07 1.41829e+07 2.26452e+07 1.92148e+07 1.33989e+07 1.67241e+07 4.12589e+07 1.62827e+07 1.57597e+07
threshold=5.7500000000000009 23.650000000000002 22.650000000000002 -0.98798606843101155 3.7500000000000004 16.250000000000004 43.300000000000004 21.350000000000005 203.75000000000003
decision_type=2 2 2 2 2 2 2 2 2
left_child=1 3 -3 -1 -5 -6 -7 8 -8
right_child=-2 2 -4 4 5 6 7 -9 -10
leaf_value=37.967060882015168 30.974337836848505 -47.687784787603746 7.7618551238890605 -24.903577570465711 27.310186530111494 -57.48906196643302 -16.965660988699838 35.782503264134029 4.8710997785111632
leaf_weight=33 39 40 34 54 55 31 110 33 331
leaf_count=33 39 40 34 54 55 31 110 33 331
internal_value=0.156704 -1.51433 -22.2348 0.858616 -1.14166 1.15369 -1.69987 1.96014 -0.578311
internal_weight=760 721 74 647 614 560 505 474 441
internal_count=760 721 74 647 614 560 505 474 441
is_linear=0
shrinkage=0.05


Tree=102
num_leaves=11
num_cat=0
split_feature=24 6 3 28 4 6 1 0 1 24
split_gain=1.69363e+07 2.17528e+07 1.62436e+07 3.85636e+07 2.37286e+07 1.61252e+07 2.82779e+07 4.16781e+07 1.96024e+07 1.18436e+07
threshold=20194.444444444449 5.7500000000000009 87.15000000000002 -0.65187484896379921 996.75000000000011 4.8500000000000005 1.0000000180025095e-35 133.55000000000004 0.45000000000000007 3736.1111111111118
decision_type=2 2 2 2 2 2 2 2 2 2
left_child=1 2 4 -4 -1 6 7 -6 -8 -10
right_child=-2 -3 3 -5 5 -7 8 -9 9 -11
leaf_value=42.430535931761483 35.692207268688172 36.420509272863335 -66.351728240871736 9.5056736916218725 64.396248612691736 -35.947455895796125 -35.346503726403391 -5.9605541901477075 -31.983394779806357 0.066658307517415763
leaf_weight=30 32 36 32 35 38 35 50 47 31 394
leaf_count=30 32 36 32 35 38 35 50 47 31 394
internal_value=0.148854 -1.41817 -3.39164 -26.7695 -0.881643 -3.07222 -1.01146 25.5317 -5.76568 -2.27807
internal_weight=760 728 692 67 625 595 560 85 475 425
internal_count=760 728 692 67 625 595 560 85 475 425
is_linear=0
shrinkage=0.05


Tree=103
num_leaves=11
num_cat=0
split_feature=24 6 20 1 26 15 1 24 0 0
split_gain=1.529e+07 1.96376e+07 3.79825e+07 1.24155e+07 5.73718e+07 1.01274e+08 2.19605e+07 1.01003e+07 1.32559e+07 2.18429e+06
threshold=20194.444444444449 5.7500000000000009 22.328100000000003 1.0000000180025095e-35 6.6500000000000021 1.0000000180025095e-35 0.45000000000000007 3472.2222222222226 12.4 1048.2500000000002
decision_type=2 2 2 2 2 2 2 2 2 2
left_child=1 2 3 4 -1 -6 -5 -8 -9 -10
right_child=-2 -3 -4 6 5 -7 7 8 9 -11
leaf_value=-39.641980690394291 33.913154587790238 34.604529286223439 -57.222982907065244 -33.940946521820734 99.292042177998127 -18.378454201176481 -27.542732830582381 33.546977620425814 -1.9306163881480378 9.8017500527051027
leaf_weight=33 32 36 31 54 36 37 32 30 395 44
leaf_count=33 32 36 31 54 36 37 32 30 395 44
internal_value=0.141496 -1.34742 -3.22249 -0.681659 14.99 39.7072 -3.67698 -0.408865 1.44795 -0.752731
internal_weight=760 728 692 661 106 73 555 501 469 439
internal_count=760 728 692 661 106 73 555 501 469 439
is_linear=0
shrinkage=0.05


Tree=104
num_leaves=9
num_cat=0
split_feature=24 6 20 3 0 0 0 6
split_gain=1.38036e+07 1.77279e+07 3.42911e+07 1.36105e+07 2.20861e+07 2.69629e+07 2.7657e+07 1.36734e+07
threshold=20194.444444444449 5.7500000000000009 22.328100000000003 35.150000000000006 3.7500000000000004 16.250000000000004 48.600000000000009 2.3500000000000001
decision_type=2 2 2 2 2 2 2 2
left_child=1 2 3 -1 -5 -6 -7 -8
right_child=-2 -3 -4 4 5 6 7 -9
leaf_value=32.200557116891858 32.222778591262959 32.879094596912992 -54.371033079601183 -33.395761821549137 33.862961097897291 -46.446088500596211 13.065386703842059 -5.2646317032809229
leaf_weight=30 32 36 31 52 55 34 144 346
leaf_count=30 32 36 31 52 55 34 144 346
internal_value=0.134635 -1.28006 -3.06163 -0.647416 -2.21399 0.591721 -2.90627 0.123706
internal_weight=760 728 692 661 631 579 524 490
internal_count=760 728 692 661 631 579 524 490
is_linear=0
shrinkage=0.05


Tree=105
num_leaves=17
num_cat=0
split_feature=26 9 1 28 28 0 0 24 24 0 24 28 8 21 19 24
split_gain=2.37724e+07 5.0995e+07 3.73294e+07 6.97332e+07 6.32057e+07 5.31064e+07 3.5615e+07 3.29986e+07 8.25401e+06 5.25298e+06 2.41059e+06 1.17526e+06 1.46647e+06 1.22361e+06 1.0695e+06 683927
threshold=4.1500000000000012 13.750000000000002 0.65000000000000013 0.48250774176121808 -0.27608674622158874 90.40000000000002 5.1500000000000012 16606.483333333334 3394.4444444444448 52.20000000000001 6902.7777777777783 -0.17552498857989954 19.650000000000002 1.3876065969428801 1.0000000180025095e-35 5736.1111111111122
decision_type=2 2 2 2 2 2 2 2 2 2 2 2 2 2 2 2
left_child=1 -1 3 4 5 6 -2 8 -4 -10 14 12 -12 -13 15 -11
right_child=2 -3 7 -5 -6 -7 -8 -9 9 10 11 13 -14 -15 -16 -17
leaf_value=-6.4784390023627338 -26.802194455525427 73.960705234996496 -27.445248874284069 -92.317893396136924 47.762410398086594 12.075086268503034 -96.547317915818226 49.115584990625301 19.373037521862905 -16.24826961527901 13.497925041521425 -3.993601553372065 -0.12451437379095075 5.5096821108102256 -0.81292655962818072 -7.3307336294166268
leaf_weight=57 47 30 31 32 35 50 30 33 30 36 33 146 49 44 37 54
leaf_count=57 47 30 31 32 35 50 30 33 30 36 33 146 49 44 37 54
internal_value=-3.29671 21.3122 -6.41577 -24.9894 -11.6411 -28.0369 -54.0657 0.896688 -2.57241 -0.769079 -2.28801 0.368153 5.36739 -1.79107 -7.97266 -10.9119
internal_weight=774 87 687 194 162 127 77 493 460 429 399 272 82 190 127 90
internal_count=774 87 687 194 162 127 77 493 460 429 399 272 82 190 127 90
is_linear=0
shrinkage=0.05


Tree=106
num_leaves=10
num_cat=0
split_feature=24 0 9 5 5 27 5 0 6
split_gain=1.873e+07 1.7378e+07 3.57869e+07 2.65894e+07 2.08973e+07 1.67838e+07 2.0865e+07 2.50442e+07 1.65969e+07
threshold=20194.444444444449 4.8500000000000005 1.0000000180025095e-35 27.925000000000001 25.050000000000004 -0.98513799718698414 22.850000000000005 47.150000000000006 2.3500000000000001
decision_type=2 2 2 2 2 2 2 2 2
left_child=1 2 -1 4 5 -3 7 -7 -9
right_child=-2 3 -4 -5 -6 6 -8 8 -10
leaf_value=3.4056203339715752 33.099545138182883 33.859776270581214 -68.494189905142861 42.08112076792019 -35.223674291174007 -38.633781778536168 24.747597404954316 13.163907941645071 -8.9033114893789413
leaf_weight=39 34 31 31 32 51 56 57 115 328
leaf_count=39 34 31 31 32 51 56 57 115 328
internal_value=-3.13224 -4.80119 -28.4879 -2.32257 -4.55597 -1.88593 -3.88468 -7.15962 -3.17311
internal_weight=774 740 70 670 638 587 556 499 443
internal_count=774 740 70 670 638 587 556 499 443
is_linear=0
shrinkage=0.05


Tree=107
num_leaves=15
num_cat=0
split_feature=3 3 24 26 9 3 11 1 1 24 24 24 4 14
split_gain=2.25646e+07 3.43853e+07 3.17817e+07 2.14838e+07 4.52496e+07 3.1883e+07 2.20538e+07 5.04048e+07 3.62778e+07 9.37883e+06 9.18571e+06 5.48226e+06 1.69868e+06 614712
threshold=46.000000000000007 49.95000000000001 4909.7222222222235 4.1500000000000012 13.750000000000002 89.450000000000017 2.5000000000000004 0.29166666666666669 0.11250000000000002 14506.944444444447 13777.777777777779 5736.1111111111122 1003.7500000000001 110.50000000000001
decision_type=2 2 2 2 2 2 2 2 2 2 2 2 2 2
left_child=2 -2 -1 4 -3 6 7 -5 -8 12 11 -9 -10 -4
right_child=1 3 13 5 -6 -7 8 10 9 -11 -12 -13 -14 -15
leaf_value=-68.328482628502329 47.668151409540151 -5.5600648397322088 -0.99227879485608639 -54.822284603619948 70.213114995734642 -53.675832956435102 48.059140865554305 -20.612965236111641 -15.410357770620926 24.591835339441648 23.259660034547665 -0.85445019587656812 -3.1800895416520731 -10.866978357689174
leaf_weight=30 36 57 32 57 30 33 45 48 35 30 31 130 149 31
leaf_count=30 36 57 32 57 30 33 45 48 35 30 31 130 149 31
internal_value=-2.97563 0.180696 -26.0635 -2.47674 20.6192 -6.08077 -3.07942 -13.1891 7.3046 -1.2837 -1.81383 -6.1912 -5.51363 -5.86086
internal_weight=774 681 93 645 87 558 525 266 259 214 209 178 184 63
internal_count=774 681 93 645 87 558 525 266 259 214 209 178 184 63
is_linear=0
shrinkage=0.05


Tree=108
num_leaves=15
num_cat=0
split_feature=3 3 24 26 9 3 11 24 24 0 24 24 27 14
split_gain=2.03723e+07 3.10412e+07 2.86931e+07 1.93956e+07 4.08516e+07 2.87841e+07 1.99077e+07 3.31025e+07 3.2748e+07 1.2125e+07 8.46712e+06 4.52401e+06 1.40121e+06 554965
threshold=46.000000000000007 49.95000000000001 4909.7222222222235 4.1500000000000012 13.750000000000002 89.450000000000017 2.5000000000000004 2131.428571428572 1.0000000180025095e-35 4.1000000000000005 14506.944444444447 13097.222222222224 -0.5416228050394748 110.50000000000001
decision_type=2 2 2 2 2 2 2 2 2 2 2 2 2 2
left_child=2 -2 -1 4 -3 6 7 -5 -8 -9 12 -11 -10 -4
right_child=1 3 13 5 -6 -7 8 9 10 11 -12 -13 -14 -15
leaf_value=-64.923410273707191 45.291344980651985 -5.282548341483869 -0.94281957513446746 -52.644854014987459 66.714122855227657 -51.000149629483417 45.661512157499402 -31.30496739733583 -10.801460253801224 -3.1238413778884837 23.366328876913585 17.75966553964032 -1.8160626207706074 -10.325376738344358
leaf_weight=30 36 57 32 43 30 33 45 36 70 156 30 31 114 31
leaf_count=30 36 57 32 43 30 33 45 36 70 156 30 31 114 31
internal_value=-2.82698 0.172098 -24.7646 -2.35281 19.5919 -5.7772 -2.92544 -12.5307 6.94041 -4.77551 -1.21938 0.345745 -5.23846 -5.56876
internal_weight=774 681 93 645 87 558 525 266 259 223 214 187 184 63
internal_count=774 681 93 645 87 558 525 266 259 223 214 187 184 63
is_linear=0
shrinkage=0.05


Tree=109
num_leaves=14
num_cat=0
split_feature=3 3 24 24 6 1 11 3 24 0 1 28 14
split_gain=1.83929e+07 2.80225e+07 2.59046e+07 1.87327e+07 2.19755e+07 2.97384e+07 9.61529e+07 4.01616e+07 7.08219e+06 4.76922e+06 1.45827e+07 2.88154e+06 501025
threshold=46.000000000000007 49.95000000000001 4909.7222222222235 20194.444444444449 5.7500000000000009 0.29166666666666669 2.5000000000000004 75.700000000000003 3394.4444444444448 59.70000000000001 0.65000000000000013 -0.9523422988233432 110.50000000000001
decision_type=2 2 2 2 2 2 2 2 2 2 2 2 2
left_child=2 -2 -1 4 5 6 -3 -8 -7 10 -10 -11 -4
right_child=1 3 12 -5 -6 8 7 -9 9 11 -12 -13 -14
leaf_value=-61.688022161084554 43.033050001361033 -81.327933420344976 -0.89582523215225551 34.999030096174401 32.08659290340551 -22.604843186551008 53.247912398049998 -26.563454651616492 -10.502034426263826 -15.478033566265163 33.85511916378352 -0.18383257294899918 -9.8107679217383019
leaf_weight=30 36 50 32 32 39 35 30 33 36 34 38 318 31
leaf_count=30 36 50 32 32 39 35 30 33 36 34 38 318 31
internal_value=-2.68585 0.163807 -23.5305 -2.23519 -4.1843 -6.65387 -29.6288 11.466 -1.01705 0.761473 12.2908 -1.6651 -5.29122
internal_weight=774 681 93 645 613 574 113 63 461 426 74 352 63
internal_count=774 681 93 645 613 574 113 63 461 426 74 352 63
is_linear=0
shrinkage=0.05


Tree=110
num_leaves=15
num_cat=0
split_feature=9 0 3 24 24 26 0 0 24 7 24 8 25 0
split_gain=1.70967e+07 6.15017e+07 1.38222e+07 3.98834e+07 2.30772e+07 7.50638e+07 7.27406e+06 6.80724e+06 6.66181e+06 7.96243e+06 2.51601e+06 1.73863e+06 3.17453e+06 1.30903e+06
threshold=4.2000000000000002 43.300000000000004 50.550000000000004 3577.7777777777783 2412.9638888888894 7.6500000000000012 2.1000000000000005 300.90000000000003 12518.519444444446 23.650000000000002 8322.9166666666697 23.350000000000005 23.221600000000006 1048.2500000000002
decision_type=2 2 2 2 2 2 2 2 2 2 2 2 2 2
left_child=2 -2 3 -1 5 -4 -6 -3 11 -10 -5 12 13 -8
right_child=1 7 4 10 6 -7 8 -9 9 -11 -12 -13 -14 -15
leaf_value=63.429280896361092 74.811211314839852 -14.732140297990384 8.1056415783774014 -11.639869158229253 -23.439221211031704 -81.91609801445108 -2.2731104035161058 11.801013254960729 0.77156490566129987 34.503759142516898 4.8380459905384541 8.7792791117233726 -17.803109209483843 8.3981993074503531
leaf_weight=30 35 52 59 43 31 38 218 45 40 31 50 37 31 33
leaf_count=30 35 52 59 43 31 38 218 45 40 31 50 37 31 33
internal_value=1.71754 18.0966 -1.65765 13.4032 -5.23577 -27.2086 -0.167878 -2.42342 1.68742 15.5276 -2.78504 -1.39688 -2.73471 -0.867304
internal_weight=773 132 641 123 518 97 421 97 390 71 93 319 282 251
internal_count=773 132 641 123 518 97 421 97 390 71 93 319 282 251
is_linear=0
shrinkage=0.05


Tree=111
num_leaves=14
num_cat=0
split_feature=1 1 0 20 1 24 28 28 24 6 24 8 28
split_gain=1.91473e+07 1.68672e+07 6.51625e+07 4.3535e+07 2.07825e+07 3.50987e+07 7.04674e+06 7.85637e+06 3.79723e+06 3.01796e+06 1.30518e+06 758296 679950
threshold=0.90000000000000013 1.0000000180025095e-35 68.15000000000002 15.3256 0.29166666666666669 17791.666666666668 -0.98518361333263327 -0.27608674622158874 5958.3333333333339 5.1500000000000012 6974.5361111111115 19.650000000000002 -0.83352489619613901
decision_type=2 2 2 2 2 2 2 2 2 2 2 2 2
left_child=1 2 -1 -4 -3 6 -6 10 -9 -10 12 -12 -8
right_child=-2 4 3 -5 5 -7 7 8 9 -11 11 -13 -14
leaf_value=70.206224479516763 38.837646584352342 -37.768048532861869 18.647133495240809 -56.128853019131384 -26.642566322017686 50.697214817924134 -4.3136889946427699 -20.699427672322042 -3.2127768078442589 -19.78963873455379 14.812049877487141 5.8586600302138532 4.2905381618702281
leaf_weight=39 33 41 55 30 32 31 36 46 235 31 38 63 63
leaf_count=39 33 41 55 30 32 31 36 46 235 31 38 63 63
internal_value=1.63208 -0.0321088 16.7852 -7.77928 -3.41959 -0.964248 -3.91698 -2.49169 -7.44965 -5.1514 5.24255 9.23863 1.16048
internal_weight=773 740 124 85 616 575 544 512 312 266 200 101 99
internal_count=773 740 124 85 616 575 544 512 312 266 200 101 99
is_linear=0
shrinkage=0.05


Tree=112
num_leaves=14
num_cat=0
split_feature=1 1 0 6 1 24 28 28 24 6 24 3 8
split_gain=1.7286e+07 1.52252e+07 5.88269e+07 4.2173e+07 1.87612e+07 3.16871e+07 6.36186e+06 7.09181e+06 3.42784e+06 2.72479e+06 1.17824e+06 702402 684599
threshold=0.90000000000000013 1.0000000180025095e-35 68.15000000000002 2.7500000000000004 0.29166666666666669 17791.666666666668 -0.98518361333263327 -0.27608674622158874 5958.3333333333339 5.1500000000000012 6974.5361111111115 66.450000000000017 19.650000000000002
decision_type=2 2 2 2 2 2 2 2 2 2 2 2 2
left_child=1 2 -1 -4 -3 6 -6 10 -9 -10 11 -8 -12
right_child=-2 4 3 -5 5 -7 7 8 9 -11 12 -13 -14
leaf_value=66.704892315096259 36.901630417313825 -35.884240556981446 33.642733637844096 -37.548074204081672 -25.314587712510725 48.170504294637702 -4.5844673327910597 -19.666701289319686 -3.0522062514092965 -18.803338155715792 14.073391092292907 4.2148679878150066 5.5661912277270043
leaf_weight=39 33 41 36 49 32 31 35 46 235 31 38 64 63
leaf_count=39 33 41 36 49 32 31 35 46 235 31 38 64 63
internal_value=1.5507 -0.0305306 15.9472 -7.39251 -3.24891 -0.916027 -3.72159 -2.36733 -7.07787 -4.89426 4.98094 1.10245 8.77772
internal_weight=773 740 124 85 616 575 544 512 312 266 200 99 101
internal_count=773 740 124 85 616 575 544 512 312 266 200 99 101
is_linear=0
shrinkage=0.05


Tree=113
num_leaves=14
num_cat=0
split_feature=27 4 6 3 24 24 3 0 24 26 28 3 24
split_gain=1.21607e+07 1.35349e+07 1.35481e+07 1.95702e+07 5.86153e+07 3.58986e+07 7.2146e+07 1.97853e+07 4.97983e+06 1.0567e+07 2.79146e+06 2.64873e+06 1.82774e+06
threshold=-0.98513799718698414 996.25000000000011 5.8500000000000005 50.550000000000004 4281.7460317460327 2412.9638888888894 77.950000000000017 185.15000000000003 12467.591666666669 6.6500000000000021 -0.97870382656940669 89.200000000000003 8322.9166666666697
decision_type=2 2 2 2 2 2 2 2 2 2 2 2 2
left_child=-1 -2 3 4 -3 6 7 -5 10 -10 -7 -12 -6
right_child=1 2 -4 5 12 8 -8 -9 9 -11 11 -13 -14
leaf_value=31.124158303759248 25.794132758475641 78.658534177355591 -31.456158827414477 -93.450488762839697 -9.9718727315899134 -15.657142370483804 28.098122668637668 -35.879124515318004 -4.0829527007013056 27.630916597698537 -1.2232270549382962 14.385603643968651 4.416637496185885
leaf_weight=33 48 30 36 30 40 30 32 30 54 51 280 30 49
leaf_count=33 48 30 36 30 40 30 32 30 54 51 280 30 49
internal_value=1.47358 0.147289 -1.63515 0.0059106 18.3426 -4.06018 -32.4742 -64.7725 1.82014 11.3325 -1.11996 0.291441 -2.05399
internal_weight=773 740 692 656 119 537 92 60 445 105 340 310 89
internal_count=773 740 692 656 119 537 92 60 445 105 340 310 89
is_linear=0
shrinkage=0.05


Tree=114
num_leaves=18
num_cat=0
split_feature=9 0 6 0 3 0 14 0 0 28 20 7 0 6 26 21 26
split_gain=1.52575e+07 5.36696e+07 2.0885e+07 1.97918e+07 1.53361e+07 3.59563e+07 1.76022e+07 2.76573e+07 2.17813e+07 1.63069e+07 1.42601e+07 1.04759e+07 1.03861e+07 9.15623e+06 6.30204e+06 5.8188e+06 1.11468e+06
threshold=4.2000000000000002 43.300000000000004 4.4500000000000011 200.45000000000002 50.550000000000004 189.50000000000003 278.00000000000006 99.850000000000009 203.75000000000003 -0.86517904975604198 20.465000000000003 26.850000000000005 7.0500000000000007 2.3500000000000001 4.6500000000000021 0.65803224218557732 9.8500000000000032
decision_type=2 2 2 2 2 2 2 2 2 2 2 2 2 2 2 2 2
left_child=2 -2 4 -4 5 -1 7 9 -8 12 11 13 -6 -9 -3 -11 -7
right_child=1 14 3 -5 6 16 8 10 -10 15 -12 -13 -14 -15 -16 -17 -18
leaf_value=55.620973015817697 69.853502298556165 -13.896211127013585 -50.807874587368786 -3.9058366808738634 13.547719829343876 2.1721692809440252 52.893179121049144 19.641156321079681 -5.9054959949770005 -58.666136401803513 35.421919931050553 -25.499895967756004 -27.340855022679985 -4.1361240592913511 11.676941064371814 -27.862855245643285 -10.56109028464536
leaf_weight=41 35 53 39 53 30 40 30 60 33 32 30 37 32 124 44 30 30
leaf_count=41 35 53 39 53 30 40 30 60 33 32 30 37 32 124 44 30 30
internal_value=1.40002 16.873 -1.78843 -23.8219 1.90753 18.499 -2.30041 -6.41008 22.1332 -25.7189 3.13536 -1.26145 -7.56602 3.62377 -2.29589 -43.8303 -3.29215
internal_weight=773 132 641 92 549 111 438 375 63 124 251 221 62 184 97 62 70
internal_count=773 132 641 92 549 111 438 375 63 124 251 221 62 184 97 62 70
is_linear=0
shrinkage=0.05


Tree=115
num_leaves=18
num_cat=0
split_feature=8 4 8 27 26 1 11 11 4 0 20 5 26 0 7 0 0
split_gain=2.44213e+07 2.18603e+07 1.74007e+07 3.8377e+07 2.00552e+07 6.28731e+07 2.96455e+07 1.90717e+07 1.86495e+07 3.79129e+07 7.77255e+06 2.25035e+07 6.61726e+06 4.46547e+06 974760 2.30218e+06 1.46485e+06
threshold=22.300000000000001 1000.85 0.8500000000000002 0.45972848220565493 7.6500000000000012 0.45000000000000007 4.5000000000000009 2.5000000000000004 999.55000000000007 11.300000000000002 11.960400000000002 21.250000000000004 8.6500000000000021 263.70000000000005 18.250000000000004 222.90000000000003 269.2000000000001
decision_type=2 2 2 2 2 2 2 2 2 2 2 2 2 2 2 2 2
left_child=2 -2 3 -1 6 7 8 -6 -4 -10 13 -12 -7 -11 16 -16 -14
right_child=1 -3 4 -5 5 12 -8 -9 9 10 11 -13 14 -15 15 -17 -18
leaf_value=-3.8053145371516139 53.067243343181111 5.8920343691927526 26.729570647359154 65.568807114635987 -27.697766282201869 16.255701232126434 44.391962353504489 -80.004823996948076 -54.592429172002056 -24.097162046147343 41.68037707484315 -11.44749494428701 6.1385855366864535 0.27757814534885916 -18.7132798341826 -1.8401482301115306 -8.6189465188504837
leaf_weight=59 42 59 47 30 34 49 41 36 36 30 37 43 38 50 33 52 30
leaf_count=59 42 59 47 30 34 49 41 36 36 30 37 43 38 50 33 52 30
internal_value=2.69394 25.5426 -0.887304 19.6265 -4.17394 -13.8749 5.1187 -54.6744 -1.52317 -8.30826 2.13324 13.1454 0.28359 -8.88156 -4.83891 -8.40524 -0.375113
internal_weight=746 101 645 89 556 272 284 70 243 196 160 80 202 80 153 85 68
internal_count=746 101 645 89 556 272 284 70 243 196 160 80 202 80 153 85 68
is_linear=0
shrinkage=0.05


Tree=116
num_leaves=15
num_cat=0
split_feature=1 27 0 1 24 1 28 28 24 21 28 3 24 4
split_gain=2.59091e+07 8.324e+07 1.58468e+08 1.90414e+07 2.51231e+07 1.7578e+07 6.34339e+06 4.21228e+06 3.04913e+06 2.19774e+06 1.24575e+06 1.04269e+06 805752 463005
threshold=1.0000000180025095e-35 0.7025209685794126 82.600000000000009 0.29166666666666669 18046.297222222227 0.90000000000000013 -0.98208922706762081 -0.46734190575957718 6937.5000000000009 1.4798593350383633 -0.8140159405215136 74.200000000000003 4909.7222222222235 1007.9500000000002
decision_type=2 2 2 2 2 2 2 2 2 2 2 2 2 2
left_child=1 2 -1 -2 5 6 -5 10 12 -10 11 -8 -9 -12
right_child=3 -3 -4 4 -6 -7 7 8 9 -11 13 -13 -14 -15
leaf_value=141.60555320445363 -38.465813331949754 -34.372169687684149 -2.1327609658003328 -25.578022699712594 44.246169152213838 35.245371584718015 -7.5542995706349103 -19.829329197468098 -4.8949855021591784 7.3936637760560249 11.472165656556356 4.8965057518225645 -10.027682560402759 3.6299869695771179
leaf_weight=31 33 41 50 32 31 30 30 31 208 44 51 38 66 30
leaf_count=31 33 41 50 32 31 30 30 31 208 44 51 38 66 30
internal_value=2.55944 23.6231 52.9849 -1.56188 0.504892 -1.92396 -4.03414 -2.64493 -5.64913 -2.74725 4.3908 -0.59945 -13.1774 8.57577
internal_weight=746 122 81 624 591 560 530 498 349 252 149 68 97 81
internal_count=746 122 81 624 591 560 530 498 349 252 149 68 97 81
is_linear=0
shrinkage=0.05


Tree=117
num_leaves=15
num_cat=0
split_feature=1 27 0 1 24 1 21 28 28 24 21 24 10 28
split_gain=2.33914e+07 7.51472e+07 1.43065e+08 1.74236e+07 2.15469e+07 1.48798e+07 1.44481e+07 2.55596e+06 3.64943e+06 2.2488e+06 1.32452e+06 835300 605996 290704
threshold=1.0000000180025095e-35 0.7025209685794126 82.600000000000009 0.65000000000000013 17211.111111111113 0.90000000000000013 0.66641489361702144 -0.94695267581281539 -0.46734190575957718 6937.5000000000009 1.3876065969428801 5905.5555555555557 3.5000000000000004 -0.71464691390916035
decision_type=2 2 2 2 2 2 2 2 2 2 2 2 2 2
left_child=1 2 -1 6 5 7 -2 -5 11 12 -11 -9 -10 -13
right_child=3 -3 -4 4 -6 -7 -8 8 9 10 -12 13 -14 -15
leaf_value=134.54804203119306 -45.979895363470938 -32.657744180721089 -2.0263354882032814 -14.368112168455898 42.920968233786553 33.488958283357839 -4.231165133109771 1.1559911497079642 -15.370074708500482 -3.5565209008933714 5.9560389131770162 13.413524327784106 -6.9987636503448831 6.6351984582998957
leaf_weight=31 37 41 50 43 30 30 47 47 43 194 45 31 44 33
leaf_count=31 37 41 50 43 30 30 47 47 43 194 45 31 44 33
internal_value=2.43218 22.4462 50.3443 -1.48378 1.81283 -0.613221 -22.6534 -2.75115 -1.60502 -4.27109 -1.76369 6.22181 -11.1493 9.93433
internal_weight=746 122 81 624 540 510 84 480 437 326 239 111 87 64
internal_count=746 122 81 624 540 510 84 480 437 326 239 111 87 64
is_linear=0
shrinkage=0.05


Tree=118
num_leaves=12
num_cat=0
split_feature=1 26 26 14 1 24 1 24 8 9 19
split_gain=2.11181e+07 7e+07 8.78125e+07 6.1056e+07 1.62656e+07 2.13713e+07 1.43295e+07 3.86348e+06 3.03514e+06 2.72488e+06 1.43975e+06
threshold=1.0000000180025095e-35 7.6500000000000012 8.6500000000000021 167.50000000000003 0.29166666666666669 18046.297222222227 0.90000000000000013 3861.1111111111113 23.150000000000002 10.350000000000001 1.0000000180025095e-35
decision_type=2 2 2 2 2 2 2 2 2 2 2
left_child=1 3 -3 -1 -2 6 7 -6 9 10 -9
right_child=4 2 -4 -5 5 -7 -8 8 -10 -11 -12
leaf_value=8.2394086869452092 -35.517575229978995 -77.393225493066737 42.415163203297709 108.24950216115479 -20.743529692953423 40.843885045189573 31.820072245993885 -4.0343264162811279 8.379453820893259 -15.759908141354584 3.9032451389839959
leaf_weight=30 33 30 31 31 31 31 30 330 56 44 69
leaf_count=30 33 30 31 31 31 31 30 330 56 44 69
internal_value=2.31132 21.328 -16.5371 59.1583 -1.40949 0.5007 -1.73947 -3.64472 -2.57851 -3.96531 -2.66102
internal_weight=746 122 61 61 624 591 560 530 499 443 399
internal_count=746 122 61 61 624 591 560 530 499 443 399
is_linear=0
shrinkage=0.05


Tree=119
num_leaves=15
num_cat=0
split_feature=1 27 0 1 24 21 1 28 28 24 21 21 24 10
split_gain=1.90648e+07 6.49396e+07 1.31941e+08 1.48914e+07 1.86961e+07 1.33252e+07 1.23489e+07 3.19943e+06 2.31512e+06 1.78118e+06 1.60072e+06 1.17855e+06 922478 636996
threshold=1.0000000180025095e-35 0.7025209685794126 82.600000000000009 0.45000000000000007 17291.666666666668 0.66641489361702144 0.90000000000000013 -0.97870382656940669 -0.46734190575957718 6937.5000000000009 1.3876065969428801 0.86772183449651064 7310.186111111112 3.5000000000000004
decision_type=2 2 2 2 2 2 2 2 2 2 2 2 2 2
left_child=1 2 -1 5 6 -2 7 -5 11 13 -11 12 -9 -10
right_child=3 -3 -4 4 -6 -7 -8 8 9 10 -12 -13 -14 -15
leaf_value=127.06342558906775 -48.330980976396233 -30.959083731621146 -4.089769959592533 -18.546431966635872 39.647710626545148 -3.2421385672614189 30.23435492911608 2.4412069081819432 -14.264376271241225 -3.6270378352415076 6.7177578791620407 -3.9360672346207495 12.320666712310139 -5.9485070552178723
leaf_weight=31 30 41 50 30 30 36 30 54 43 198 46 35 42 50
leaf_count=31 30 41 50 30 30 36 30 54 43 198 46 35 42 50
internal_value=2.19636 20.2649 46.1994 -1.33894 1.31906 -23.7793 -0.865788 -2.74499 -1.72833 -3.92064 -1.67482 3.91009 6.77185 -9.80472
internal_weight=746 122 81 624 558 66 528 498 468 337 244 131 96 93
internal_count=746 122 81 624 558 66 528 498 468 337 244 131 96 93
is_linear=0
shrinkage=0.05


Tree=120
num_leaves=12
num_cat=0
split_feature=27 8 6 6 5 7 1 26 1 24 24
split_gain=1.28366e+07 1.14467e+07 2.39998e+07 2.23896e+07 1.65168e+07 1.46181e+07 1.21156e+07 4.77038e+07 7.74486e+06 8.79482e+06 5.34408e+06
threshold=-0.98801351631316325 22.300000000000001 4.8500000000000005 2.6500000000000008 23.625000000000004 12.850000000000003 1.0000000180025095e-35 8.4500000000000028 0.36666666666666675 13935.186111111112 3894.4444444444448
decision_type=2 2 2 2 2 2 2 2 2 2 2
left_child=-1 2 4 -3 6 -4 7 -2 -8 10 -10
right_child=1 3 5 -5 -6 -7 8 -9 9 -11 -12
leaf_value=29.845550099488733 -8.9009487736663555 -13.988779606122151 -2.6387143779038595 33.757287202825061 -35.98756456675931 -46.618009930736804 -22.587809594103469 68.895850714496603 -20.287228343957832 21.328889121522248 -0.63807311368439923
leaf_weight=32 57 43 30 57 32 51 43 30 39 42 301
leaf_count=32 57 43 30 57 32 51 43 30 39 42 301
internal_value=-1.09573 -2.46535 -4.9788 13.233 -1.1958 -30.3528 0.985282 17.9738 -2.49576 -0.228757 -2.89726
internal_weight=757 725 625 100 544 81 512 87 425 382 340
internal_count=757 725 625 100 544 81 512 87 425 382 340
is_linear=0
shrinkage=0.05


Tree=121
num_leaves=12
num_cat=0
split_feature=3 1 3 26 1 26 24 24 1 0 24
split_gain=1.78657e+07 3.56076e+07 7.91645e+07 4.09138e+07 2.41677e+07 2.32274e+07 1.44891e+07 9.59115e+06 4.67379e+06 9.41192e+06 1.73582e+06
threshold=89.450000000000017 1.0000000180025095e-35 77.450000000000017 8.6500000000000021 0.29166666666666669 4.1500000000000012 17211.111111111113 2908.7301587301595 0.65000000000000013 34.000000000000007 8691.6666666666679
decision_type=2 2 2 2 2 2 2 2 2 2 2
left_child=1 2 3 -1 -3 -2 7 -6 -9 -10 -11
right_child=5 4 -4 -5 6 -7 -8 8 9 10 -12
leaf_value=-25.4840929198838 2.9161234243174805 -45.96956050195427 91.93398537073972 46.484972776554024 -30.243096686482815 -56.378888484324989 31.817117348207923 -17.928598247442459 26.888188723947522 -4.8834180345944986 1.7035434127333244
leaf_weight=54 34 32 33 31 31 32 31 40 30 235 174
leaf_count=54 34 32 33 31 31 32 31 40 30 235 174
internal_value=-1.04093 1.33443 26.3337 0.787171 -3.81745 -25.8747 -1.31612 -3.33595 -1.58861 -0.096015 -2.0814
internal_weight=757 691 118 85 573 66 541 510 479 439 409
internal_count=757 691 118 85 573 66 541 510 479 439 409
is_linear=0
shrinkage=0.05


Tree=122
num_leaves=16
num_cat=0
split_feature=3 24 3 27 4 24 0 24 26 6 28 21 4 24 6
split_gain=1.61295e+07 3.21474e+07 7.14668e+07 4.17203e+07 2.36245e+07 1.13866e+07 5.71056e+06 4.14217e+06 1.14929e+07 2.45184e+06 1.30258e+06 1.78528e+06 1.2974e+06 1.2225e+06 266642
threshold=89.450000000000017 1.0000000180025095e-35 77.450000000000017 0.7025209685794126 1002.9500000000002 2828.5714285714289 2.1000000000000005 12467.591666666669 8.6500000000000021 2.3500000000000001 -0.44437817810461328 0.58889513108614244 1023.2500000000001 6974.5361111111115 2.0500000000000003
decision_type=2 2 2 2 2 2 2 2 2 2 2 2 2 2 2
left_child=1 2 3 -1 -2 -3 -7 9 -9 13 11 -11 -12 -8 -15
right_child=4 5 -4 -5 -6 6 7 8 -10 10 12 -13 -14 14 -16
leaf_value=27.951996006220298 -57.275513966455811 -33.561390429873803 87.351171577661063 -44.25241199817242 2.7401449375205424 -20.374767777133172 -15.487344389761928 27.277849562205969 -9.2516677763569657 14.318044469900835 -4.1508292336677206 -0.14355599155510052 7.0603875724184153 -7.979258924281865 -1.5208287921917041
leaf_weight=53 30 30 33 32 36 39 44 44 42 31 181 68 30 31 33
leaf_count=53 30 30 33 32 36 39 44 44 42 31 181 68 30 31 33
internal_value=-0.988745 1.26825 25.0218 0.749043 -24.585 -3.62691 -1.96719 -0.539022 9.44777 -2.5955 -0.334336 4.39465 -2.5542 -9.07952 -4.65678
internal_weight=757 691 118 85 66 573 543 504 86 418 310 99 211 108 64
internal_count=757 691 118 85 66 573 543 504 86 418 310 99 211 108 64
is_linear=0
shrinkage=0.05


Tree=123
num_leaves=12
num_cat=0
split_feature=3 1 3 26 1 4 0 0 27 8 0
split_gain=1.4562e+07 2.90202e+07 6.4521e+07 3.77953e+07 2.14152e+07 2.13285e+07 6.49109e+06 2.85383e+06 2.41084e+06 1.56794e+06 1.69335e+06
threshold=89.450000000000017 1.0000000180025095e-35 77.450000000000017 8.6500000000000021 0.29166666666666669 1002.9500000000002 3.0500000000000003 9.3500000000000032 -0.96683886033945943 24.150000000000002 180.20000000000002
decision_type=2 2 2 2 2 2 2 2 2 2 2
left_child=1 2 3 -1 -3 -2 -6 -8 -9 10 -10
right_child=5 4 -4 -5 6 -7 7 8 9 -11 -12
leaf_value=-24.539544091779955 -54.421252159422821 -43.125102308903159 82.996810119893979 44.632440803748622 20.716028621115044 2.6035176233571651 -17.400149558311284 -13.952253025192304 -6.5172903239574325 8.9143933113079115 0.62071505837801322
leaf_weight=54 30 32 33 31 32 36 30 36 117 40 286
leaf_count=54 30 32 33 31 32 36 30 36 117 40 286
internal_value=-0.939489 1.20503 23.7737 0.71063 -3.44595 -23.3599 -1.09139 -2.4662 -1.52743 -0.514807 -1.4527
internal_weight=757 691 118 85 573 66 541 509 479 443 403
internal_count=757 691 118 85 573 66 541 509 479 443 403
is_linear=0
shrinkage=0.05


Tree=124
num_leaves=13
num_cat=0
split_feature=3 1 3 27 26 1 24 24 1 6 24 24
split_gain=1.3147e+07 2.62005e+07 5.82471e+07 3.84892e+07 2.13839e+07 1.93336e+07 1.25272e+07 7.64912e+06 4.10761e+06 4.01215e+06 5.71619e+06 1.42238e+06
threshold=89.450000000000017 1.0000000180025095e-35 77.450000000000017 0.7025209685794126 4.1500000000000012 0.29166666666666669 17211.111111111113 2908.7301587301595 0.65000000000000013 4.1500000000000012 8972.2222222222244 6658.3333333333348
decision_type=2 2 2 2 2 2 2 2 2 2 2 2
left_child=1 2 3 -1 -2 -3 7 -7 -9 11 -11 -10
right_child=4 5 -4 -5 -6 6 -8 8 9 10 -12 -13
leaf_value=26.804688525873388 5.4217745913788029 -40.975565878253121 78.859504201837183 -42.547441486109086 -51.465097945650058 -26.944165742512304 29.771485550073947 -16.672938699466627 -7.2909163894078874 -0.45786235625110216 26.024561831994362 -0.29110008765862128
leaf_weight=53 34 32 33 32 32 31 31 40 102 53 33 251
leaf_count=53 34 32 33 32 32 31 31 40 102 53 33 251
internal_value=-0.89251 1.14516 22.5894 0.676276 -22.1958 -3.27409 -1.03689 -2.91504 -1.35461 0.0446088 9.72236 -2.31522
internal_weight=757 691 118 85 66 573 541 510 479 439 86 353
internal_count=757 691 118 85 66 573 541 510 479 439 86 353
is_linear=0
shrinkage=0.05


Tree=125
num_leaves=14
num_cat=0
split_feature=1 0 9 1 0 20 4 6 24 24 28 24 7
split_gain=1.45502e+07 2.04633e+07 8.56285e+07 9.83418e+07 2.22916e+07 3.69334e+07 2.7518e+07 8.45421e+06 2.36828e+07 1.04256e+07 1.68771e+06 1.56744e+06 1.29321e+06
threshold=0.90000000000000013 24.700000000000006 4.2000000000000002 0.18333333333333332 62.300000000000004 21.834800000000001 997.95000000000016 2.1500000000000008 6189.8138888888898 3790.2777777777778 -0.89388548498445497 10826.388888888891 22.450000000000003
decision_type=2 2 2 2 2 2 2 2 2 2 2 2 2
left_child=1 2 3 -1 -3 6 -6 8 -8 -9 -5 -11 -10
right_child=-2 4 -4 10 5 -7 7 9 12 11 -12 -13 -14
leaf_value=-105.63427056572186 32.637220723682667 38.498715745091744 53.978697884342751 1.2995764925472462 47.453716584678006 -53.487006424170978 49.559588946218902 -23.675289258514923 -10.597154941178454 -2.2172649115410188 -13.339645063247232 6.1368915127338042 3.5315095347027445
leaf_weight=37 31 39 32 32 32 31 30 56 35 242 51 73 30
leaf_count=37 31 39 32 32 32 31 30 56 35 242 51 73 30
internal_value=-0.847289 -2.29332 -18.5815 -37.9598 2.06799 -0.624592 2.67611 -0.40826 12.8926 -3.8167 -7.70078 -0.279873 -4.08075
internal_weight=751 720 152 120 568 529 498 466 95 371 83 315 65
internal_count=751 720 152 120 568 529 498 466 95 371 83 315 65
is_linear=0
shrinkage=0.05


Tree=126
num_leaves=13
num_cat=0
split_feature=1 0 9 1 0 20 4 14 0 2 25 11
split_gain=1.31357e+07 1.8473e+07 7.73033e+07 8.87792e+07 2.01233e+07 3.3344e+07 2.48428e+07 7.15785e+06 1.26503e+07 1.09172e+07 9.29124e+06 1.56615e+06
threshold=0.90000000000000013 24.700000000000006 4.2000000000000002 0.18333333333333332 62.300000000000004 21.834800000000001 997.95000000000016 48.000000000000007 133.55000000000004 5.3500000000000005 20.974195000000002 2.5000000000000004
decision_type=2 2 2 2 2 2 2 2 2 2 2 2
left_child=1 2 3 -1 -3 6 -6 9 -9 -8 -10 -5
right_child=-2 4 -4 11 5 -7 7 8 10 -11 -12 -13
leaf_value=-100.36679269219987 31.010608026682373 36.578701578320754 51.288170810651927 -1.5867320917288787 45.088422707530945 -50.821255421316273 -34.187766067737357 24.164222607871853 3.277519046687563 6.2479505721395805 -15.773735493750749 -15.544989481559597
leaf_weight=37 31 39 32 49 32 31 36 56 258 31 85 34
leaf_count=37 31 39 32 49 32 31 36 56 258 31 85 34
internal_value=-0.804763 -2.17871 -17.6545 -36.0667 1.96507 -0.593204 2.54301 -0.387602 2.15283 -15.4972 -1.44684 -7.31646
internal_weight=751 720 152 120 568 529 498 466 399 67 343 83
internal_count=751 720 152 120 568 529 498 466 399 67 343 83
is_linear=0
shrinkage=0.05


Tree=127
num_leaves=15
num_cat=0
split_feature=3 3 3 0 24 3 1 29 24 24 0 24 25 4
split_gain=1.27654e+07 1.86012e+07 2.98303e+07 1.27899e+07 2.68645e+07 5.75066e+07 1.23769e+07 7.99911e+06 3.08195e+07 1.11303e+07 5.36581e+06 5.22246e+06 3.8454e+06 1.00505e+06
threshold=35.150000000000006 46.000000000000007 49.45000000000001 271.85000000000008 2412.9638888888894 79.450000000000017 0.29166666666666669 0.6078576107927941 4009.2583333333337 5513.8888888888896 6.2500000000000009 9197.2222222222244 25.893360000000001 1017.9500000000002
decision_type=2 2 2 2 2 2 2 2 2 2 2 2 2 2
left_child=-1 -2 -3 4 5 -4 -6 8 -5 -9 -8 13 -12 -10
right_child=1 2 3 7 6 -7 10 9 11 -11 12 -13 -14 -15
leaf_value=30.08523931443877 -30.057743112880829 47.195551666366725 -78.217414603646347 58.40713514743058 -29.5324857219573 7.5997469542924296 16.356637724860828 -30.173501636667652 -0.089670516462517211 7.1213317862168992 -4.1289388451584541 17.217173141038337 15.242449515523308 -10.868584308440278
leaf_weight=32 55 32 38 30 34 40 55 31 71 56 172 44 30 31
leaf_count=32 55 32 38 30 34 40 55 31 71 56 172 44 30 31
internal_value=-0.764661 -2.14167 0.17482 -2.21306 -8.21709 -34.2552 -1.22843 6.21075 12.3392 -6.18696 2.52609 2.83969 -1.24586 -3.3731
internal_weight=751 719 664 632 369 78 291 263 176 87 257 146 202 102
internal_count=751 719 664 632 369 78 291 263 176 87 257 146 202 102
is_linear=0
shrinkage=0.05


Tree=128
num_leaves=12
num_cat=0
split_feature=3 3 3 6 24 21 6 30 0 14 24
split_gain=1.15244e+07 1.67909e+07 2.69305e+07 1.18347e+07 3.56199e+07 7.09799e+07 4.5547e+06 6.84857e+06 5.11568e+06 4.05824e+06 2.54165e+06
threshold=35.150000000000006 46.000000000000007 49.45000000000001 5.5500000000000007 2412.9638888888894 0.59863311552615228 3.7500000000000004 -0.56174490092936669 4.1000000000000005 136.50000000000003 14868.055555555557
decision_type=2 2 2 2 2 2 2 2 2 2 2
left_child=-1 -2 -3 4 5 -4 8 -8 -6 -9 -10
right_child=1 2 3 -5 6 -7 7 9 10 -11 -12
leaf_value=28.585664643156942 -28.557583961556048 44.843126544179945 -70.369542622874704 24.54169870763636 -17.463265955477155 9.9191965698983378 29.331115865847234 15.995219426670232 -0.2153765494237618 -5.6523350948161424 14.622485814287655
leaf_weight=32 55 32 54 39 41 56 34 36 286 54 32
leaf_count=32 55 32 54 39 41 56 34 36 286 54 32
internal_value=-0.72632 -2.03469 0.166201 -2.10265 -3.85883 -29.5233 1.99098 10.2484 -0.863207 3.01477 1.28185
internal_weight=751 719 664 632 593 110 483 124 359 90 318
internal_count=751 719 664 632 593 110 483 124 359 90 318
is_linear=0
shrinkage=0.05


Tree=129
num_leaves=15
num_cat=0
split_feature=1 0 9 1 0 20 4 23 0 5 2 10 2 1
split_gain=1.26646e+07 1.50086e+07 6.86803e+07 7.68919e+07 1.80501e+07 2.91783e+07 2.19056e+07 5.75333e+06 6.70403e+06 7.49504e+06 6.57064e+06 1.05418e+07 4.10679e+06 3.05662e+06
threshold=0.90000000000000013 24.700000000000006 4.2000000000000002 0.11250000000000002 62.300000000000004 21.834800000000001 997.95000000000016 -0.24999999999999994 136.55000000000004 20.950000000000003 5.1500000000000012 9.5000000000000018 9.1500000000000004 0.36666666666666675
decision_type=2 2 2 2 2 2 2 2 2 2 2 2 2 2
left_child=1 2 3 -1 -3 6 -6 8 -8 -10 11 -9 -12 -5
right_child=-2 4 -4 13 5 -7 7 10 9 -11 12 -13 -14 -15
leaf_value=-101.02400712629607 30.54986893693734 34.478431636293223 48.994826223842828 -20.154869638623484 42.158374355812313 -47.712432877273812 27.913285946766806 -29.35397505209033 9.9846414157856245 -13.321604775741783 14.888669980334505 4.1092682442462953 -3.3556815013830015 -1.4895783645188263
leaf_weight=31 31 39 32 39 32 31 30 57 102 52 39 40 146 50
leaf_count=31 31 39 32 39 32 31 30 57 102 52 39 40 146 50
internal_value=-0.6897 -2.0388 -15.9882 -33.3434 1.69628 -0.726602 2.2072 -0.544673 6.33116 2.11143 -5.0317 -15.5646 0.496364 -9.68225
internal_weight=751 720 152 120 568 529 498 466 184 154 282 97 185 89
internal_count=751 720 152 120 568 529 498 466 184 154 282 97 185 89
is_linear=0
shrinkage=0.05


end of trees

feature_importances:
avg_weight_price_ratio=715
trade_quantity=253
avg_weight_kg=194
day_of_year_cos=90
day_of_year=85
humidity=81
pressure=74
temp_range=66
day_of_year_sin=65
wind_speed=54
temp_humidity=50
max_temperature=45
min_temperature=42
water_temp_ratio=40
water_temperature=37
avg_temperature=36
rainfall=27
day_of_week=23
temp_pressure=15
month=14
day_of_week_sin=14
month_cos=13
month_sin=11
peak_season_spring=9
day_of_week_cos=6
is_weekend=2
spring=1

parameters:
[boosting: gbdt]
[objective: regression]
[metric: l1]
[tree_learner: serial]
[device_type: cpu]
[data_sample_strategy: bagging]
[data: ]
[valid: ]
[num_iterations: 500]
[learning_rate: 0.05]
[num_leaves: 31]
[num_threads: 0]
[seed: 42]
[deterministic: 0]
[force_col_wise: 0]
[force_row_wise: 0]
[histogram_pool_size: -1]
[max_depth: 8]
[min_data_in_leaf: 30]
[min_sum_hessian_in_leaf: 0.001]
[bagging_fraction: 0.8]
[pos_bagging_fraction: 1]
[neg_bagging_fraction: 1]
[bagging_freq: 5]
[bagging_seed: 400]
[bagging_by_query: 0]
[feature_fraction: 0.8]
[feature_fraction_bynode: 1]
[feature_fraction_seed: 30056]
[extra_trees: 0]
[extra_seed: 12879]
[early_stopping_round: 0]
[early_stopping_min_delta: 0]
[first_metric_only: 0]
[max_delta_step: 0]
[lambda_l1: 0.1]
[lambda_l2: 0.1]
[linear_lambda: 0]
[min_gain_to_split: 0.05]
[drop_rate: 0.1]
[max_drop: 50]
[skip_drop: 0.5]
[xgboost_dart_mode: 0]
[uniform_drop: 0]
[drop_seed: 17869]
[top_rate: 0.2]
[other_rate: 0.1]
[min_data_per_group: 100]
[max_cat_threshold: 32]
[cat_l2: 10]
[cat_smooth: 10]
[max_cat_to_onehot: 4]
[top_k: 20]
[monotone_constraints: ]
[monotone_constraints_method: basic]
[monotone_penalty: 0]
[feature_contri: ]
[forcedsplits_filename: ]
[refit_decay_rate: 0.9]
[cegb_tradeoff: 1]
[cegb_penalty_split: 0]
[cegb_penalty_feature_lazy: ]
[cegb_penalty_feature_coupled: ]
[path_smooth: 0]
[interaction_constraints: ]
[verbosity: -1]
[saved_feature_importance_type: 0]
[use_quantized_grad: 0]
[num_grad_quant_bins: 4]
[quant_train_renew_leaf: 0]
[stochastic_rounding: 1]
[linear_tree: 0]
[max_bin: 255]
[max_bin_by_feature: ]
[min_data_in_bin: 3]
[bin_construct_sample_cnt: 200000]
[data_random_seed: 175]
[is_enable_sparse: 1]
[enable_bundle: 1]
[use_missing: 1]
[zero_as_missing: 0]
[feature_pre_filter: 1]
[pre_partition: 0]
[two_round: 0]
[header: 0]
[label_column: ]
[weight_column: ]
[group_column: ]
[ignore_column: ]
[categorical_feature: ]
[forcedbins_filename: ]
[precise_float_parser: 0]
[parser_config_file: ]
[objective_seed: 16083]
[num_class: 1]
[is_unbalance: 0]
[scale_pos_weight: 1]
[sigmoid: 1]
[boost_from_average: 1]
[reg_sqrt: 0]
[alpha: 0.9]
[fair_c: 1]
[poisson_max_delta_step: 0.7]
[tweedie_variance_power: 1.5]
[lambdarank_truncation_level: 30]
[lambdarank_norm: 1]
[label_gain: ]
[lambdarank_position_bias_regularization: 0]
[eval_at: ]
[multi_error_top_k: 1]
[auc_mu_weights: ]
[num_machines: 1]
[local_listen_port: 12400]
[time_out: 120]
[machine_list_filename: ]
[machines: ]
[gpu_platform_id: -1]
[gpu_device_id: -1]
[gpu_use_dp: 0]
[num_gpu: 1]

end of parameters

pandas_categorical:[]
