tree
version=v4
num_class=1
num_tree_per_iteration=1
label_index=0
max_feature_idx=30
objective=regression
feature_names=trade_quantity avg_weight_kg water_temperature humidity pressure avg_temperature wind_speed max_temperature min_temperature rainfall month day_of_week is_weekend quarter day_of_year spring summer fall winter peak_season temp_humidity water_temp_ratio month_sin month_cos avg_weight_price_ratio temp_pressure temp_range day_of_year_sin day_of_year_cos day_of_week_sin day_of_week_cos
feature_infos=[1:2962.9000000000001] [0:2.5] [-0.69999999999999996:28.199999999999999] [20:99.900000000000006] [984:1034.7] [-8.1999999999999993:31.5] [0.90000000000000002:11.699999999999999] [-5.2999999999999998:36.700000000000003] [-12.199999999999999:27.600000000000001] [0:208.69999999999999] [1:12] [0:5] [0:1] [1:4] [2:364] [0:1] [0:1] [0:1] [0:1] [0:1] [-6.3121:25.866200000000003] [-52.313333333333325:31.500000000000007] [-1:1] [-1:1] [0:47619.047619047618] [-8.3033199999999994:31.666949999999996] [1.2000000000000028:16.699999999999999] [-0.99999073973619013:0.99991665865473789] [-0.99996295911626554:0.99985183920911624] [-0.97492791218182362:0.97492791218182362] [-0.90096886790241903:1]
tree_sizes=1046 1071 988 1070 1059 1071 989 1073 1071 1137 973 966 972 1052 971 990 1075 991 1072 1074 962 1067 1154 1062 1068 1064 1076 1074 1073 1069 991 1073 990 1161 993 1070 970 1061 1069 1059 1154 1156 1159 1160 1158 967 1063 1060 982 975 1160 1055 900 987 1074 986 973 979 1076 991 987 986 908 990 1060 1078 1077 1074 1072 1071 898 906 901 980 1068 997 816 989 814 1070 986 905 908 982 988 974 902 986 991 903 886 907 909 907 909 907 990 909 914 994 820 972 973 991 986 828 828 826 831 909 740 991 901 988 987 1065 1072 1070 981 1075 1069 993 992 896 992 990 823 978 990 995 904 823 822 970 1062 966 990 914 990 904 969 902 987 985 991 1070 989 822 738 1157 826 913 829 827 916 994 741 908 740 738 910 899 722 903 824 823 988 1071 823 813 884 831 908 911 995 1069 890 1076 1069 907 825 990 741 1074 981 737 739 738 894 1057 1056 818 987 822 983 824 909 824 978 823 826 994 910 970 827 822 817 988 828 905 809 906 1072 905 905 903 1062 807 1064 971 994 822 1053 1127 899 987 987 988 826 823 910 901 914 991 915 809 991 826 991 973 1073 982 819 970 904 743 979 811 809 811 999 824 898 974 983 911 1052 912 992 912 1075 728 980

Tree=0
num_leaves=11
num_cat=0
split_feature=24 24 1 24 24 0 24 24 24 0
split_gain=7.3839e+09 1.39914e+09 9.10444e+08 6.62475e+08 4.79925e+08 3.85735e+08 1.02536e+08 8.84626e+07 8.25771e+07 6.28239e+07
threshold=9395.8333333333339 6641.666666666667 0.095454545454545472 11569.444444444447 5041.666666666667 363.00000000000006 7398.1472222222228 5734.0058080808094 4236.1111111111122 142.50000000000003
decision_type=2 2 2 2 2 2 2 2 2 2
left_child=1 2 5 -2 8 -1 -3 -6 -4 -8
right_child=3 6 4 -5 7 -7 9 -9 -10 -11
leaf_value=13110.52072314297 13211.256062562365 13053.324634479637 12877.134941734435 13365.589399469465 12963.198733418743 12999.461541734587 13078.230018542872 13006.395324001443 12930.500927864721 13124.144078195659
leaf_weight=56 51 57 50 51 82 56 50 93 67 58
leaf_count=56 51 57 50 51 82 56 50 93 67 58
internal_value=13054.4 13012.2 12982.2 13289.1 12954.3 13055 13085.8 12986 12907.3 13103
internal_weight=671 569 404 102 292 112 165 175 117 108
internal_count=671 569 404 102 292 112 165 175 117 108
is_linear=0
shrinkage=1


Tree=1
num_leaves=11
num_cat=0
split_feature=24 24 1 24 24 21 24 24 24 27
split_gain=6.9499e+09 1.31783e+09 9.08648e+08 6.23548e+08 3.97383e+08 3.03667e+08 1.27132e+08 7.09981e+07 6.73128e+07 2.33088e+07
threshold=9395.8333333333339 6569.4444444444453 0.095454545454545472 11569.444444444447 4953.7027777777785 0.62902056224899605 7398.1472222222228 4236.1111111111122 5734.0058080808094 0.047317444494269389
decision_type=2 2 2 2 2 2 2 2 2 2
left_child=1 2 5 -2 7 -1 -3 -4 -6 -8
right_child=3 6 4 -5 8 -7 9 -9 -10 -11
leaf_value=41.02773552808889 139.72747847529183 -17.144664188347026 -184.42928724527835 289.45787917644657 -101.90074594609106 -57.762368282488922 47.60139020811836 -133.82700993178173 -63.192273529926844 19.490371520874753
leaf_weight=52 51 70 50 51 87 60 58 62 80 50
leaf_count=52 51 70 50 51 87 60 58 62 80 50
internal_value=-12.445 -53.349 -84.1345 215.222 -113.085 -11.9084 14.3032 -156.85 -83.5044 34.6772
internal_weight=671 569 391 102 279 112 178 112 167 108
internal_count=671 569 391 102 279 112 178 112 167 108
is_linear=0
shrinkage=0.03


Tree=2
num_leaves=10
num_cat=0
split_feature=24 24 1 24 24 28 24 24 24
split_gain=6.54142e+09 1.24081e+09 7.96099e+08 5.86908e+08 4.37134e+08 2.67422e+08 8.69825e+07 8.32712e+07 7.33044e+07
threshold=9395.8333333333339 6694.4444444444443 0.095454545454545472 11569.444444444447 5041.666666666667 -0.58427653070765284 7813.8888888888896 5784.7222222222235 4263.8888888888896
decision_type=2 2 2 2 2 2 2 2 2
left_child=1 2 5 -2 8 -1 -3 -6 -4
right_child=3 6 4 -5 7 -7 -8 -9 -10
leaf_value=-62.064419100131204 135.56016582645171 -3.0162649131307799 -177.99139185363887 280.82493451391741 -96.28787396438446 30.775747527827249 40.909539043719953 -54.851838890152578 -127.93635541229482
leaf_weight=51 51 83 52 51 89 61 79 89 65
leaf_count=51 51 83 52 51 89 61 79 89 65
internal_value=-12.072 -51.7556 -79.689 208.803 -105.52 -11.5525 18.4403 -75.6971 -150.581
internal_weight=671 569 407 102 295 112 162 178 117
internal_count=671 569 407 102 295 112 162 178 117
is_linear=0
shrinkage=0.03


Tree=3
num_leaves=11
num_cat=0
split_feature=24 24 1 24 24 21 24 24 27 24
split_gain=6.15695e+09 1.16965e+09 8.16529e+08 5.52422e+08 3.44576e+08 2.83637e+08 1.19828e+08 8.22218e+07 2.05823e+07 8.65256e+06
threshold=9395.8333333333339 6513.8888888888896 0.095454545454545472 11569.444444444447 4699.0750000000007 0.62902056224899605 7383.3333333333339 5734.0058080808094 -0.2595093939220976 5231.4805555555567
decision_type=2 2 2 2 2 2 2 2 2 2
left_child=1 2 5 -2 -4 -1 -3 9 -8 -6
right_child=3 6 4 -5 7 -7 8 -9 -10 -11
leaf_value=39.95107369242389 131.51713613052817 -17.937662073300878 -158.44129190543404 272.4494504979898 -111.15834801774 -55.524937728957752 46.35828820897855 -60.587073530860899 20.250026429317902 -91.822787161103037
leaf_weight=52 51 70 83 51 54 60 50 77 61 62
leaf_count=52 51 70 83 51 54 60 50 77 61 62
internal_value=-11.7103 -50.2101 -79.5692 202.576 -107.268 -11.2084 12.7531 -85.0484 32.1038 -101.087
internal_weight=671 569 388 102 276 112 181 193 111 116
internal_count=671 569 388 102 276 112 181 193 111 116
is_linear=0
shrinkage=0.03


Tree=4
num_leaves=11
num_cat=0
split_feature=0 28 4 14 27 14 14 11 2 0
split_gain=1.66107e+09 5.58262e+08 3.41394e+08 2.8075e+08 2.77427e+08 2.62836e+08 2.25828e+08 1.02472e+08 4.67955e+07 1.60146e+07
threshold=282.60000000000008 -0.18399835165767994 1017.85 255.50000000000003 0.45972848220565493 172.50000000000003 290.00000000000006 3.5000000000000004 6.3500000000000005 595.50000000000011
decision_type=2 2 2 2 2 2 2 2 2 2
left_child=1 5 4 7 6 -1 -3 8 -2 -10
right_child=3 2 -4 -5 -6 -7 -8 -9 9 -11
leaf_value=-61.205856890879431 -68.212827290066031 156.75635279197061 -3.9732526562785546 -8.1602452477128988 32.188469623022584 21.035483044292274 67.68728877528288 -50.948548565734662 -90.390756735996902 -116.74087668690009
leaf_weight=59 54 54 51 69 58 85 50 90 51 50
leaf_count=59 54 54 51 69 58 85 50 90 51 50
internal_value=-11.3587 32.8971 63.7098 -61.6585 84.9855 -12.7178 114.253 -76.6969 -91.5202 -103.743
internal_weight=671 357 213 314 162 144 104 245 155 101
internal_count=671 357 213 314 162 144 104 245 155 101
is_linear=0
shrinkage=0.03


Tree=5
num_leaves=11
num_cat=0
split_feature=24 24 24 1 24 0 24 24 24 24
split_gain=6.83229e+09 1.08873e+09 1.00129e+09 9.16788e+08 4.01929e+08 2.66244e+08 9.70432e+07 8.94528e+07 5.5298e+07 2.28475e+07
threshold=9395.8333333333339 6736.1111111111122 12395.238095238097 0.095454545454545472 4902.7777777777783 300.85000000000008 6236.1111111111122 7842.5916666666672 4236.1111111111122 5581.666666666667
decision_type=2 2 2 2 2 2 2 2 2 2
left_child=1 3 -2 5 8 -1 9 -3 -5 -6
right_child=2 7 -4 4 6 -7 -8 -9 -10 -11
leaf_value=52.919172758250305 129.09979126451177 -2.8151325328587604 309.07819847759146 -169.36718544203529 -96.678143557259858 -39.871255624443528 -36.872100358929551 41.321709114699175 -123.79201610323088 -70.83081621919699
leaf_weight=50 64 81 50 50 78 62 51 84 58 60
leaf_count=50 64 81 50 50 78 62 51 84 58 60
internal_value=-3.17978 -45.3359 208.642 -71.5635 -99.1215 1.58367 -72.5439 19.6887 -145.302 -85.6183
internal_weight=688 574 114 409 297 112 189 165 108 138
internal_count=688 574 114 409 297 112 189 165 108 138
is_linear=0
shrinkage=0.03


Tree=6
num_leaves=10
num_cat=0
split_feature=0 0 23 12 28 0 27 2 20
split_gain=1.96879e+09 5.812e+08 2.33983e+08 1.86522e+08 1.74484e+08 1.72051e+08 1.56005e+08 6.78106e+07 1.12937e+07
threshold=223.75000000000003 36.650000000000006 0.6830127018922193 1.0000000180025095e-35 0.70242338714296659 560.85000000000002 -0.71461382420154484 15.950000000000001 13.424000000000001
decision_type=2 2 2 2 2 2 2 2 2
left_child=1 -1 3 5 6 7 -3 -2 -8
right_child=2 4 -4 -5 -6 -7 8 -9 -10
leaf_value=124.71991215672125 -35.807457539136117 46.65038364525391 -3.239903496144549 -13.963281627294437 73.876846541457795 -104.80792077203066 -0.18495798463612853 -78.223642744535255 -20.319834935091599
leaf_weight=76 88 76 79 60 59 94 50 56 50
leaf_count=76 88 76 79 60 59 94 50 56 50
internal_value=-3.08449 52.7628 -49.1601 -61.3181 29.3622 -73.2236 14.3393 -52.431 -10.2832
internal_weight=688 311 377 298 235 238 176 144 100
internal_count=688 311 377 298 235 238 176 144 100
is_linear=0
shrinkage=0.03


Tree=7
num_leaves=11
num_cat=0
split_feature=24 24 24 24 24 0 24 24 24 26
split_gain=6.29849e+09 9.95359e+08 9.22857e+08 8.69231e+08 3.57216e+08 2.38256e+08 8.67044e+07 8.43281e+07 5.00873e+07 3.34494e+06
threshold=9395.8333333333339 6694.4444444444443 12395.238095238097 1.0000000180025095e-35 4842.5916666666672 300.85000000000008 7842.5916666666672 5784.7222222222235 4236.1111111111122 6.7500000000000009
decision_type=2 2 2 2 2 2 2 2 2 2
left_child=1 3 -2 5 8 -1 -3 9 -5 -6
right_child=2 6 -4 4 7 -7 -8 -9 -10 -11
leaf_value=50.678882508646865 124.02239462726409 -3.7013356334690757 296.8093742768001 -162.87340292230988 -81.646001946043583 -37.099140784690697 39.225163726263624 -47.896940094772845 -119.0770226638821 -95.917400687591382
leaf_weight=50 64 85 50 50 54 62 84 82 56 51
leaf_count=50 64 85 50 50 54 62 84 82 56 51
internal_value=-2.9921 -43.4679 200.386 -68.9726 -96.1216 2.1181 17.6666 -70.9871 -140.137 -88.8314
internal_weight=688 574 114 405 293 112 169 187 106 105
internal_count=688 574 114 405 293 112 169 187 106 105
is_linear=0
shrinkage=0.03


Tree=8
num_leaves=11
num_cat=0
split_feature=24 24 24 1 24 2 24 24 24 24
split_gain=5.92827e+09 9.37276e+08 8.68688e+08 8.05483e+08 3.48484e+08 2.33106e+08 8.51858e+07 7.56269e+07 4.92312e+07 1.92851e+07
threshold=9395.8333333333339 6736.1111111111122 12395.238095238097 0.095454545454545472 4902.7777777777783 8.2500000000000018 6236.1111111111122 7842.5916666666672 4236.1111111111122 5581.666666666667
decision_type=2 2 2 2 2 2 2 2 2 2
left_child=1 3 -2 5 8 -1 9 -3 -5 -6
right_child=2 7 -4 4 6 -7 -8 -9 -10 -11
leaf_value=45.988656052215184 120.3190826809944 -2.5304303845620244 287.95820063627025 -158.01634128820825 -90.012006701436533 -40.354542820715778 -34.171747425815511 38.05259568401079 -115.07565407492899 -66.230500901255454
leaf_weight=55 64 81 50 50 78 57 51 84 58 60
leaf_count=55 64 81 50 50 78 57 51 84 58 60
internal_value=-2.90283 -42.1711 194.408 -66.5061 -92.3371 2.05564 -67.5894 18.1615 -135.338 -79.8384
internal_weight=688 574 114 409 297 112 189 165 108 138
internal_count=688 574 114 409 297 112 189 165 108 138
is_linear=0
shrinkage=0.03


Tree=9
num_leaves=12
num_cat=0
split_feature=24 24 24 1 24 0 24 0 24 24 24
split_gain=5.57979e+09 8.82265e+08 8.17698e+08 7.434e+08 3.42398e+08 2.20616e+08 8.94015e+07 7.5242e+07 1.04744e+08 4.63459e+07 1.81456e+07
threshold=9395.8333333333339 6791.666666666667 12395.238095238097 0.095454545454545472 4902.7777777777783 300.85000000000008 6236.1111111111122 105.2 7953.7027777777785 4236.1111111111122 5581.666666666667
decision_type=2 2 2 2 2 2 2 2 2 2 2
left_child=1 3 -2 5 9 -1 10 -3 -9 -5 -6
right_child=2 7 -4 4 6 -7 -8 8 -10 -11 -12
leaf_value=48.723096963491876 116.72635120635084 -11.576650129132434 279.37097711460729 -153.30412532616799 -87.321992502614464 -35.743007354001556 -32.26385369471928 5.4430970617490519 64.086046677974238 -111.64114913181416 -64.253471436761515
leaf_weight=50 64 50 50 50 78 62 56 59 51 58 60
leaf_count=50 64 50 50 50 78 62 56 59 51 58 60
internal_value=-2.81593 -40.9126 188.608 -64.0217 -88.4822 1.99442 -64.479 18.8901 32.7325 -131.301 -77.4534
internal_weight=688 574 114 414 302 112 194 160 110 108 138
internal_count=688 574 114 414 302 112 194 160 110 108 138
is_linear=0
shrinkage=0.03


Tree=10
num_leaves=10
num_cat=0
split_feature=3 1 1 2 4 28 7 4 2
split_gain=7.16822e+08 4.81804e+08 7.35464e+08 3.23937e+08 4.0124e+08 4.33477e+08 1.49208e+08 4.76172e+07 2.65281e+07
threshold=44.500000000000007 0.6000000000000002 1.0000000180025095e-35 15.747000000000002 1016.3000000000001 -0.18399835165767994 17.150000000000002 1008.35 14.700000000000001
decision_type=2 2 2 2 2 2 2 2 2
left_child=-1 2 -2 4 5 8 -7 -5 -3
right_child=1 3 -4 7 -6 6 -8 -9 -10
leaf_value=88.851872112991501 -9.3533113432658173 -38.332049421210712 129.08723849169533 -83.109195068771086 -56.393729979785753 25.667576812686882 98.001535083778336 -45.591036104918601 -8.5994148257428105
leaf_weight=80 98 59 53 59 98 53 50 66 50
leaf_count=80 98 59 53 59 98 53 50 66 50
internal_value=4.79221 -6.72309 39.398 -22.7491 -6.28935 16.919 60.9639 -63.4563 -24.7543
internal_weight=666 586 151 435 310 212 103 125 109
internal_count=666 586 151 435 310 212 103 125 109
is_linear=0
shrinkage=0.03


Tree=11
num_leaves=10
num_cat=0
split_feature=24 24 24 1 24 23 24 24 24
split_gain=5.88539e+09 8.9046e+08 7.60941e+08 8.42654e+08 3.5947e+08 2.91843e+08 7.64655e+07 4.03367e+07 3.87404e+07
threshold=9675.9250000000011 12395.238095238097 6958.3333333333339 0.10555555555555557 5437.5000000000009 -0.5 4308.1472222222228 7813.8888888888896 6421.2972222222224
decision_type=2 2 2 2 2 2 2 2 2
left_child=2 -2 3 5 6 -1 -5 -4 -6
right_child=1 -3 7 4 8 -7 -8 -9 -10
leaf_value=-33.882939811411482 126.07280001175967 300.4375772604364 4.9288248732626716 -142.06805262700428 -59.590122656716019 64.043158851885664 -96.98790524269576 36.169465260718695 -27.078511469241079
leaf_weight=54 57 50 65 57 94 55 95 87 52
leaf_count=54 57 50 65 57 94 55 95 87 52
internal_value=4.6498 208.164 -34.3962 -55.7753 -81.8606 15.5694 -114.14 22.8461 -48.09
internal_weight=666 107 559 407 298 109 152 152 146
internal_count=666 107 559 407 298 109 152 152 146
is_linear=0
shrinkage=0.03


Tree=12
num_leaves=10
num_cat=0
split_feature=24 24 24 24 24 23 24 24 24
split_gain=5.53944e+09 8.38707e+08 7.16297e+08 8.04639e+08 3.24518e+08 2.74688e+08 7.1991e+07 4.2471e+07 2.53033e+07
threshold=9675.9250000000011 12101.85277777778 6916.666666666667 1.0000000180025095e-35 5437.5000000000009 -0.5 4308.1472222222228 7813.8888888888896 6236.1111111111122
decision_type=2 2 2 2 2 2 2 2 2
left_child=2 -2 3 5 6 -1 -5 -4 -6
right_child=1 -3 7 4 8 -7 -8 -9 -10
leaf_value=-32.87206792841959 120.79669634370144 289.84184804280602 3.5777136741572133 -137.82832532313483 -58.707300993466887 62.132286868104025 -94.087427003746384 35.088110074701994 -32.853392089059987
leaf_weight=54 56 51 69 57 80 55 95 87 62
leaf_count=54 56 51 69 57 80 55 95 87 62
internal_value=4.51263 201.955 -33.3685 -54.4858 -80.2755 15.1048 -110.73 21.1845 -47.5121
internal_weight=666 107 559 403 294 109 152 156 142
internal_count=666 107 559 403 294 109 152 156 142
is_linear=0
shrinkage=0.03


Tree=13
num_leaves=11
num_cat=0
split_feature=0 0 26 3 21 22 11 21 2 25
split_gain=1.51429e+09 6.97073e+08 4.84319e+08 1.3873e+08 1.15302e+08 1.3248e+08 8.8203e+07 6.56966e+07 5.36304e+07 6.82977e+07
threshold=262.95000000000005 14.500000000000002 8.9500000000000046 50.650000000000006 0.77356471115091818 -0.5 4.5000000000000009 0.65135923550861319 15.350000000000003 22.371295000000003
decision_type=2 2 2 2 2 2 2 2 2 2
left_child=1 -1 4 -2 5 -3 7 -5 -9 -10
right_child=3 2 -4 6 -6 -7 -8 8 9 -11
leaf_value=150.39687225195922 4.9647680244668893 54.155097860043604 91.071235501706823 -31.576775299348444 -28.69606549178808 -6.0054121817875039 -14.908139130505958 -92.202450045072126 -30.317150126272917 -78.046691139993627
leaf_weight=52 51 59 84 66 62 74 56 53 53 56
leaf_count=52 51 59 84 66 62 74 56 53 53 56
internal_value=4.37934 49.8657 30.9872 -40.5682 5.00467 20.7441 -48.7416 -57.021 -67.3096 -54.9857
internal_weight=666 331 279 335 195 133 284 228 162 109
internal_count=666 331 279 335 195 133 284 228 162 109
is_linear=0
shrinkage=0.03


Tree=14
num_leaves=10
num_cat=0
split_feature=24 24 24 1 0 24 24 0 24
split_gain=5.11606e+09 9.43157e+08 5.20588e+08 8.091e+08 3.57181e+08 2.28838e+08 4.58343e+07 4.55648e+07 7.96452e+07
threshold=9240.7416666666668 12101.85277777778 6620.3694444444454 0.10555555555555557 387.75000000000006 4842.5916666666672 5587.9638888888894 105.2 7736.1111111111122
decision_type=2 2 2 2 2 2 2 2 2
left_child=2 -2 3 4 -1 -5 -7 -4 -9
right_child=1 -3 7 5 -6 6 -8 8 -10
leaf_value=67.277443146510819 108.23586950527316 278.38256509524342 -14.204420027928046 -118.20305537489095 -41.089305379842507 -78.85025033906571 -47.018941915106311 -2.5191533930527847 47.642245065789474
leaf_weight=56 70 51 51 100 53 73 97 64 51
leaf_count=56 70 51 51 100 53 73 97 64 51
internal_value=4.24822 180.462 -34.9522 -54.3443 14.6171 -82.1696 -60.8026 9.34071 19.7923
internal_weight=666 121 545 379 109 270 170 166 115
internal_count=666 121 545 379 109 270 170 166 115
is_linear=0
shrinkage=0.03


Tree=15
num_leaves=10
num_cat=0
split_feature=24 24 24 1 24 0 24 24 28
split_gain=4.05679e+09 9.59876e+08 5.10693e+08 5.5312e+08 2.2836e+08 1.57301e+08 5.55434e+07 4.27893e+07 5.96113e+06
threshold=9041.6666666666679 12791.666666666668 6458.3333333333339 0.095454545454545472 4618.0555555555566 380.45000000000005 7383.3333333333339 5734.0058080808094 -0.5488429582847193
decision_type=2 2 2 2 2 2 2 2 2
left_child=2 -2 3 5 -5 -1 -4 8 -6
right_child=1 -3 6 4 7 -7 -8 -9 -10
leaf_value=34.635282981257056 79.473802853627163 245.40119550559956 -16.634888325721409 -123.92624100763179 -66.564768144931008 -38.956911010742189 16.690611612293928 -45.966610442157659 -82.156526212649766
leaf_weight=53 82 51 85 84 51 51 95 73 67
leaf_count=53 82 51 85 84 51 51 95 73 67
internal_value=-5.2163 143.509 -40.6598 -60.4078 -82.6744 -1.46136 0.952026 -64.3663 -75.6037
internal_weight=692 133 559 379 275 104 180 191 118
internal_count=692 133 559 379 275 104 180 191 118
is_linear=0
shrinkage=0.03


Tree=16
num_leaves=11
num_cat=0
split_feature=24 24 24 24 24 0 0 24 24 2
split_gain=3.8214e+09 7.92752e+08 5.63647e+08 5.20563e+08 2.14893e+08 1.48057e+08 7.27476e+07 1.29166e+08 4.02764e+07 5.73585e+06
threshold=9240.7416666666668 12791.666666666668 6458.3333333333339 1.0000000180025095e-35 4618.0555555555566 380.45000000000005 96.950000000000003 7398.1472222222228 5734.0058080808094 15.747000000000002
decision_type=2 2 2 2 2 2 2 2 2 2
left_child=2 -2 3 5 -5 -1 -4 -8 9 -6
right_child=1 -3 6 4 8 -7 7 -9 -10 -11
leaf_value=33.602072921810183 81.788275035511376 238.08221513357776 -26.682666919169794 -120.22168461375389 -80.345379338884442 -37.795038691292028 -12.650071397050505 44.284045109755624 -44.593255976615787 -65.211562561285859
leaf_weight=53 69 51 50 84 62 51 73 70 73 56
leaf_count=53 69 51 50 84 62 51 73 70 73 56
internal_value=-5.05979 148.641 -37.3658 -58.6033 -80.2046 -1.41789 4.36504 15.2541 -62.4445 -73.3469
internal_weight=692 120 572 379 275 104 193 143 191 118
internal_count=692 120 572 379 275 104 193 143 191 118
is_linear=0
shrinkage=0.03


Tree=17
num_leaves=10
num_cat=0
split_feature=24 24 24 1 24 4 24 24 2
split_gain=3.59727e+09 8.49229e+08 4.5219e+08 5.01339e+08 1.92558e+08 1.53196e+08 5.3375e+07 3.65824e+07 5.16531e+06
threshold=9041.6666666666679 12791.666666666668 6421.2972222222224 0.095454545454545472 4532.4083333333338 1004.5500000000001 7383.3333333333339 5734.0058080808094 15.747000000000002
decision_type=2 2 2 2 2 2 2 2 2
left_child=2 -2 3 5 -5 -1 -4 8 -6
right_child=1 -3 6 4 7 -7 -8 -9 -10
leaf_value=-39.093916031020292 74.908906048279931 230.98151671214413 -16.461188847065493 -119.78769382431214 -78.943227060213147 33.571419794493615 15.635778096850496 -44.666932588891861 -64.954678756182474
leaf_weight=50 82 51 91 75 67 54 95 67 60
leaf_count=50 82 51 91 75 67 54 95 67 60
internal_value=-4.90786 135.142 -38.2837 -57.3246 -78.9297 -1.37571 -0.0687487 -62.9735 -72.5032
internal_weight=692 133 559 373 269 104 186 194 127
internal_count=692 133 559 373 269 104 186 194 127
is_linear=0
shrinkage=0.03


Tree=18
num_leaves=11
num_cat=0
split_feature=24 24 24 1 24 4 24 24 27 26
split_gain=3.38881e+09 7.01112e+08 4.987e+08 4.61178e+08 1.90793e+08 1.44193e+08 6.28226e+07 3.55039e+07 1.68667e+07 5.19186e+06
threshold=9240.7416666666668 12791.666666666668 6458.3333333333339 0.095454545454545472 4618.0555555555566 1004.5500000000001 7383.3333333333339 5734.0058080808094 -0.29259762607704992 7.5000000000000018
decision_type=2 2 2 2 2 2 2 2 2 2
left_child=2 -2 3 5 -5 -1 -4 9 -8 -6
right_child=1 -3 6 4 7 -7 8 -9 -10 -11
leaf_value=-37.928094124007174 77.107710003212944 224.09259132429872 -15.193301545173314 -113.19775774646909 -62.665610133515969 32.569841654234828 31.952314302053889 -41.995673709884997 8.1557458395164577 -77.17516594342635
leaf_weight=50 69 51 85 84 68 54 50 73 58 50
leaf_count=50 69 51 85 84 68 54 50 73 58 50
internal_value=-4.76074 139.979 -35.1833 -55.1598 -75.4917 -1.33492 4.0698 -58.7573 19.2308 -68.9939
internal_weight=692 120 572 379 275 104 193 191 108 118
internal_count=692 120 572 379 275 104 193 191 108 118
is_linear=0
shrinkage=0.03


Tree=19
num_leaves=11
num_cat=0
split_feature=24 24 24 1 24 0 24 0 24 24
split_gain=3.19029e+09 7.51168e+08 4.00061e+08 4.44184e+08 1.72321e+08 1.41027e+08 4.72651e+07 4.63955e+07 4.04206e+07 9.21595e+06
threshold=9041.6666666666679 12791.666666666668 6421.2972222222224 0.095454545454545472 4308.1472222222228 380.45000000000005 7143.5194444444451 118.90000000000002 5734.0058080808094 5064.8138888888898
decision_type=2 2 2 2 2 2 2 2 2 2
left_child=2 -2 3 5 -5 -1 -4 -8 9 -6
right_child=1 -3 6 4 8 -7 7 -9 -10 -11
leaf_value=32.88284793921752 70.622383752871542 217.40913092808418 -19.974694082726494 -120.62449806732657 -79.843527338832473 -36.798585280033578 -10.161426126580489 27.729518134310553 -42.078643847801359 -63.30261281937036
leaf_weight=53 82 51 68 57 63 51 51 67 67 82
leaf_count=53 82 51 68 57 63 51 51 67 67 82
internal_value=-4.61758 127.272 -36.0488 -53.9585 -74.2949 -1.29533 -0.103898 11.3686 -61.6854 -70.6394
internal_weight=692 133 559 373 269 104 186 118 212 145
internal_count=692 133 559 373 269 104 186 118 212 145
is_linear=0
shrinkage=0.03


Tree=20
num_leaves=10
num_cat=0
split_feature=23 1 4 2 20 4 3 1 4
split_gain=4.35208e+08 4.23523e+08 3.74234e+08 2.26353e+08 1.05183e+08 1.46927e+08 4.75618e+07 4.55902e+07 3.34918e+07
threshold=-0.68301270189221952 0.095454545454545472 1017.35 21.250000000000004 10.98 1009.2500000000001 68.450000000000017 0.15476190476190474 1005.4500000000002
decision_type=2 2 2 2 2 2 2 2 2
left_child=7 -2 3 4 5 -3 -4 -1 -9
right_child=1 2 6 -5 -6 -7 -8 8 -10
leaf_value=-13.202215938029637 86.267503533491222 -17.17354832233065 -16.746567397110198 -27.945871869081948 67.249675822355314 43.641361782967046 -54.666777448095182 -26.528678266400131 -60.270557596196852
leaf_weight=67 78 50 64 54 83 124 56 50 58
leaf_count=67 78 50 64 54 83 124 56 50 58
internal_value=8.05014 22.0801 10.4119 27.7713 39.4974 26.1663 -34.5349 -32.725 -44.7662
internal_weight=684 509 431 311 257 174 120 175 108
internal_count=684 509 431 311 257 174 120 175 108
is_linear=0
shrinkage=0.03


Tree=21
num_leaves=11
num_cat=0
split_feature=0 0 3 28 26 2 6 11 6 0
split_gain=1.33098e+09 3.42626e+08 2.93466e+08 2.81092e+08 1.82109e+08 1.18863e+08 1.17789e+08 8.25068e+07 3.13624e+07 6.41821e+06
threshold=58.400000000000006 390.75000000000006 63.050000000000004 -0.44437817810461328 7.5000000000000018 11.450000000000001 4.5500000000000007 3.5000000000000004 2.6500000000000008 193.45000000000002
decision_type=2 2 2 2 2 2 2 2 2 2
left_child=2 3 -1 9 -5 -6 7 8 -3 -2
right_child=1 6 -4 4 5 -7 -8 -9 -10 -11
leaf_value=53.838889202987936 -20.936760344154553 -46.045685846098976 154.53601415391788 -4.6399967612226583 80.818245709315306 24.496659297292585 1.4714360865891303 -22.776897131022363 -77.889846197949069 -35.658101164448887
leaf_weight=51 50 52 54 88 63 73 55 71 65 62
leaf_count=51 50 52 54 88 63 73 55 71 65 62
internal_value=7.80838 -10.0293 105.919 9.59575 28.9866 50.7073 -37.1436 -48.4249 -63.8909 -29.1596
internal_weight=684 579 105 336 224 136 243 188 117 112
internal_count=684 579 105 336 224 136 243 188 117 112
is_linear=0
shrinkage=0.03


Tree=22
num_leaves=12
num_cat=0
split_feature=24 24 24 0 24 24 0 24 24 24 0
split_gain=5.21005e+09 9.36851e+08 5.69637e+08 2.94224e+08 2.66152e+08 2.20856e+08 1.8734e+08 5.78394e+07 2.96852e+07 8.54419e+06 4.80757e+06
threshold=13249.107142857147 7201.3888888888896 1957.1428571428573 72.300000000000026 8907.4083333333347 4902.7777777777783 432.65000000000003 5953.7027777777785 4201.3888888888896 6513.8888888888896 405.80000000000001
decision_type=2 2 2 2 2 2 2 2 2 2 2
left_child=1 2 6 -3 -5 8 -1 10 -4 -9 -7
right_child=-2 3 5 4 -6 7 -8 9 -10 -11 -12
leaf_value=46.607908658941753 301.46436541153474 -22.129668577546862 -110.97047068258546 25.720253206742676 109.39219221354698 -64.354785220497533 -28.801161911587116 -34.039531767549569 -78.960126334095463 -16.421700166774318 -50.296083216828094
leaf_weight=72 50 50 52 78 61 51 50 51 63 50 56
leaf_count=72 50 50 52 78 61 51 50 51 63 50 56
internal_value=7.57554 -15.7334 -39.493 40.1823 62.5962 -60.338 15.7076 -41.7923 -93.6855 -25.3924 -57.1582
internal_weight=684 634 445 189 139 323 122 208 115 101 107
internal_count=684 634 445 189 139 323 122 208 115 101 107
is_linear=0
shrinkage=0.03


Tree=23
num_leaves=11
num_cat=0
split_feature=24 24 24 0 24 4 24 24 24 0
split_gain=4.90396e+09 8.81761e+08 5.36134e+08 2.76921e+08 2.50504e+08 2.34309e+08 2.07867e+08 5.4474e+07 2.79454e+07 5.05563e+06
threshold=13249.107142857147 7201.3888888888896 1957.1428571428573 72.300000000000026 8907.4083333333347 1005.7500000000001 4902.7777777777783 5979.166666666667 4201.3888888888896 405.80000000000001
decision_type=2 2 2 2 2 2 2 2 2 2
left_child=1 2 5 -3 -5 -1 8 9 -4 -8
right_child=-2 3 6 4 -6 -7 7 -9 -10 -11
leaf_value=-24.94778064673546 292.47437191608645 -21.469739594961965 -107.66045316794634 24.9516021893673 106.12648676263956 58.056941107610022 -62.435431900470583 -24.166453126012854 -76.6025485735708 -48.349835312121229
leaf_weight=63 50 50 52 78 61 59 51 98 63 59
leaf_count=63 50 50 52 78 61 59 51 98 63 59
internal_value=7.34928 -15.2646 -38.315 38.9822 60.727 15.2377 -58.5378 -40.5457 -90.8898 -55.0326
internal_weight=684 634 445 189 139 122 323 208 115 110
internal_count=684 634 445 189 139 122 323 208 115 110
is_linear=0
shrinkage=0.03


Tree=24
num_leaves=11
num_cat=0
split_feature=24 24 1 0 24 4 24 24 24 24
split_gain=4.61583e+09 8.29892e+08 5.04608e+08 2.60636e+08 2.35775e+08 2.20529e+08 1.96518e+08 5.19747e+07 2.79206e+07 5.5184e+06
threshold=13249.107142857147 7201.3888888888896 0.095454545454545472 72.300000000000026 8907.4083333333347 1005.7500000000001 5437.5000000000009 4201.3888888888896 6421.2972222222224 4902.7777777777783
decision_type=2 2 2 2 2 2 2 2 2 2
left_child=1 2 5 -3 -5 -1 7 -4 -8 -9
right_child=-2 3 6 4 -6 -7 8 9 -10 -11
leaf_value=-24.20289496254582 283.75247159650741 -20.829488956307323 -104.4491658419724 24.205921910713457 102.95827407115048 56.324043474486864 -42.305832143052719 -74.315363266208166 -15.976411299536643 -59.512900592166979
leaf_weight=63 50 50 52 78 61 59 96 63 59 53
leaf_count=63 50 50 52 78 61 59 96 63 59 53
internal_value=7.13033 -14.8092 -37.1714 37.818 58.9137 14.783 -56.7905 -79.2567 -32.3339 -67.7232
internal_weight=684 634 445 189 139 122 323 168 155 116
internal_count=684 634 445 189 139 122 323 168 155 116
is_linear=0
shrinkage=0.03


Tree=25
num_leaves=11
num_cat=0
split_feature=24 24 1 0 24 4 24 24 24 0
split_gain=5.40642e+09 7.22454e+08 3.43475e+08 3.27521e+08 2.22575e+08 1.67834e+08 1.51385e+08 3.86643e+07 1.9212e+07 1.53e+07
threshold=13788.888888888892 7143.5194444444451 0.095454545454545472 63.500000000000007 8736.1111111111131 1004.5500000000001 4902.7777777777783 6494.4444444444453 4236.1111111111122 282.60000000000008
decision_type=2 2 2 2 2 2 2 2 2 2
left_child=1 2 5 -3 -5 -1 8 9 -4 -8
right_child=-2 3 6 4 -6 -7 7 -9 -10 -11
leaf_value=-30.839137379852964 307.05070386124413 -37.583521272572092 -98.849674297962238 18.465094652327107 90.14130420408074 45.92002093269538 -60.630051772822952 -17.493787625630699 -71.302939057505156 -40.529764567579477
leaf_weight=50 50 50 50 88 70 52 55 51 52 101
leaf_count=50 50 50 50 88 70 52 55 51 52 101
internal_value=7.94076 -16.357 -39.404 29.174 50.3311 8.3128 -55.1479 -40.3085 -85.0566 -47.7192
internal_weight=669 619 411 208 158 102 309 207 102 156
internal_count=669 619 411 208 158 102 309 207 102 156
is_linear=0
shrinkage=0.03


Tree=26
num_leaves=11
num_cat=0
split_feature=24 24 24 0 24 28 24 24 24 3
split_gain=5.08878e+09 6.79942e+08 3.23278e+08 3.08258e+08 2.09479e+08 1.70194e+08 1.42597e+08 4.39621e+07 1.20238e+07 2.87707e+06
threshold=13788.888888888892 7143.5194444444451 1.0000000180025095e-35 63.500000000000007 8736.1111111111131 -0.57729161655172734 4699.0750000000007 5745.3694444444454 6494.4444444444453 73.700000000000003
decision_type=2 2 2 2 2 2 2 2 2 2
left_child=1 2 5 -3 -5 -1 -4 9 -9 -8
right_child=-2 3 6 4 -6 -7 7 8 -10 -11
leaf_value=-30.59968169457731 297.89412196134714 -36.462741016365186 -88.262471101816189 17.913023843862462 87.448604850931829 46.682176567211485 -60.104941241352016 -36.86727832987102 -16.972043236626519 -49.229188660509188
leaf_weight=51 50 50 79 88 70 51 53 61 51 65
leaf_count=51 50 50 79 88 70 51 53 61 51 65
internal_value=7.70394 -15.8692 -38.2278 28.3019 48.8273 8.06474 -53.5019 -41.4629 -27.8775 -54.2542
internal_weight=669 619 411 208 158 102 309 230 112 118
internal_count=669 619 411 208 158 102 309 230 112 118
is_linear=0
shrinkage=0.03


Tree=27
num_leaves=11
num_cat=0
split_feature=24 24 1 0 24 4 24 24 24 0
split_gain=4.78979e+09 6.39919e+08 3.04261e+08 2.90128e+08 1.97154e+08 1.51143e+08 1.34529e+08 3.41753e+07 1.75698e+07 1.44617e+07
threshold=13788.888888888892 7143.5194444444451 0.095454545454545472 63.500000000000007 8736.1111111111131 1004.5500000000001 4902.7777777777783 6494.4444444444453 4236.1111111111122 282.60000000000008
decision_type=2 2 2 2 2 2 2 2 2 2
left_child=1 2 5 -3 -5 -1 8 9 -4 -8
right_child=-2 3 6 4 -6 -7 7 -9 -10 -11
leaf_value=-29.329612719913126 289.01059843514599 -35.375381917479501 -93.269789592522997 17.377458985162345 84.836342011149213 43.512528271356004 -57.418704553642065 -16.465859360276607 -66.971067978109502 -37.906346938650081
leaf_weight=50 50 50 50 88 70 52 55 51 52 101
leaf_count=50 50 50 50 88 70 52 55 51 52 101
internal_value=7.47459 -15.3956 -37.0861 27.4558 47.3685 7.82421 -51.9042 -37.9155 -80.0984 -44.8828
internal_weight=669 619 411 208 158 102 309 207 102 156
internal_count=669 619 411 208 158 102 309 207 102 156
is_linear=0
shrinkage=0.03


Tree=28
num_leaves=11
num_cat=0
split_feature=24 24 24 0 24 28 24 24 24 3
split_gain=4.50838e+09 6.02264e+08 2.8637e+08 2.73064e+08 1.86278e+08 1.53708e+08 1.2674e+08 3.98189e+07 1.03148e+07 2.6678e+06
threshold=13788.888888888892 7143.5194444444451 1.0000000180025095e-35 63.500000000000007 8587.9638888888912 -0.57729161655172734 4699.0750000000007 5745.3694444444454 6494.4444444444453 72.850000000000009
decision_type=2 2 2 2 2 2 2 2 2 2
left_child=1 2 5 -3 -5 -1 -4 9 -9 -8
right_child=-2 3 6 4 -6 -7 7 8 -10 -11
leaf_value=-29.153098119323015 280.39199535938667 -34.320450428532318 -83.125629210694584 14.103831941861507 79.272317784396989 44.290342999731585 -57.087408755474968 -34.405864815393045 -15.974772257665446 -46.600429751841595
leaf_weight=51 50 50 79 81 77 51 50 61 51 68
leaf_count=51 50 50 79 81 77 51 50 61 51 68
internal_value=7.25167 -14.9365 -35.9792 26.635 45.9533 7.59073 -50.355 -39.0053 -26.0783 -51.1776
internal_weight=669 619 411 208 158 102 309 230 112 118
internal_count=669 619 411 208 158 102 309 230 112 118
is_linear=0
shrinkage=0.03


Tree=29
num_leaves=11
num_cat=0
split_feature=24 24 1 0 24 4 24 24 24 0
split_gain=4.24349e+09 5.66808e+08 2.69525e+08 2.57001e+08 1.75713e+08 1.36102e+08 1.19523e+08 3.02116e+07 1.60816e+07 1.36929e+07
threshold=13788.888888888892 7143.5194444444451 0.095454545454545472 63.500000000000007 8861.1111111111131 1004.5500000000001 4902.7777777777783 6494.4444444444453 4236.1111111111122 282.60000000000008
decision_type=2 2 2 2 2 2 2 2 2 2
left_child=1 2 5 -3 -5 -1 8 9 -4 -8
right_child=-2 3 6 4 -6 -7 7 -9 -10 -11
leaf_value=-27.892218947666539 272.03040266086282 -33.296977196270618 -88.009488435597362 18.02859945977999 82.311362153735317 41.230577964418018 -54.399872570072333 -15.498331952903705 -62.89166049147655 -35.440842737647877
leaf_weight=50 50 50 50 93 65 52 55 51 52 101
leaf_count=50 50 50 50 93 65 52 55 51 52 101
internal_value=7.03569 -14.4908 -34.9047 25.8385 44.58 7.36434 -48.8512 -35.666 -75.4264 -42.2168
internal_weight=669 619 411 208 158 102 309 207 102 156
internal_count=669 619 411 208 158 102 309 207 102 156
is_linear=0
shrinkage=0.03


Tree=30
num_leaves=10
num_cat=0
split_feature=0 23 20 2 11 6 11 10 27
split_gain=4.41327e+08 1.61699e+08 2.24783e+08 1.13725e+08 6.99657e+07 5.87665e+07 4.90922e+07 4.53415e+07 2.8566e+07
threshold=390.75000000000006 -0.68301270189221952 13.066650000000001 5.0500000000000007 2.5000000000000004 4.1500000000000012 3.5000000000000004 4.5000000000000009 0.18821973775956946
decision_type=2 2 2 2 2 2 2 2 2
left_child=1 8 3 -3 -5 6 7 -2 -1
right_child=5 2 -4 4 -6 -7 -8 -9 -10
leaf_value=-0.13320300092754023 -77.818371485659952 34.651291428624873 63.054912000044112 13.778526527107537 -27.999634591117797 -8.2704879510890663 -24.497425810578584 -39.689640342163273 -30.471273546625653
leaf_weight=50 51 92 96 69 75 51 69 65 63
leaf_count=50 51 92 96 69 75 51 69 65 63
internal_value=-3.70518 13.8815 24.4267 8.65338 -7.99384 -36.8421 -44.6924 -56.6107 -17.0833
internal_weight=681 445 332 236 144 236 185 116 113
internal_count=681 445 332 236 144 236 185 116 113
is_linear=0
shrinkage=0.03


Tree=31
num_leaves=11
num_cat=0
split_feature=0 23 20 3 20 27 6 0 21 27
split_gain=4.15359e+08 1.52178e+08 2.11539e+08 9.27546e+07 5.80562e+07 1.21283e+08 5.53104e+07 3.715e+07 4.28964e+07 2.68856e+07
threshold=390.75000000000006 -0.68301270189221952 13.066650000000001 67.350000000000009 3.1056250000000007 -0.5416228050394748 4.1500000000000012 730.4000000000002 0.86543209876543215 0.18821973775956946
decision_type=2 2 2 2 2 2 2 2 2 2
left_child=1 9 3 4 -3 -6 7 8 -2 -1
right_child=6 2 -4 -5 5 -7 -8 -9 -10 -11
leaf_value=-0.12922990347708668 -13.428976775111416 45.255486164772933 61.169157733857823 -24.847471217809545 38.170382050954494 -20.590491274940291 -8.0238249054847426 -61.877921697637348 -49.426110952300796 -29.561468604933026
leaf_weight=50 54 53 96 57 61 65 51 64 67 63
leaf_count=50 54 53 96 57 61 65 51 64 67 63
internal_value=-3.59531 13.4661 23.6962 8.39456 19.0039 7.88026 -35.7426 -43.3585 -33.4343 -16.5733
internal_weight=681 445 332 236 179 126 236 185 121 113
internal_count=681 445 332 236 179 126 236 185 121 113
is_linear=0
shrinkage=0.03


Tree=32
num_leaves=10
num_cat=0
split_feature=23 25 1 4 27 25 25 2 3
split_gain=1.69709e+08 1.73643e+08 1.40567e+08 1.77444e+08 1.56483e+08 1.38937e+08 2.87651e+07 5.68494e+07 2.23549e+07
threshold=-0.68301270189221952 16.195010000000003 0.18333333333333332 1016.3000000000001 0.30081702196488996 22.284120000000005 18.852220000000003 16.650000000000002 67.550000000000011
decision_type=2 2 2 2 2 2 2 2 2
left_child=6 2 -2 4 -4 -3 -1 -8 -5
right_child=1 5 3 8 -6 -7 7 -9 -10
leaf_value=-47.542028843783001 -47.412118792059296 60.530418435206933 62.482159745729383 -11.110216877678617 -1.6496135455479919 6.1974139647371116 -1.2997216610958104 -40.489538775828088 -36.736199481584507
leaf_weight=50 63 75 59 62 81 97 67 66 61
leaf_count=50 63 75 59 62 81 97 67 66 61
internal_value=-3.48829 5.59247 -7.27619 2.38115 25.4531 29.9533 -28.1686 -20.7947 -23.8776
internal_weight=681 498 326 263 140 172 183 133 123
internal_count=681 498 326 263 140 172 183 133 123
is_linear=0
shrinkage=0.03


Tree=33
num_leaves=12
num_cat=0
split_feature=24 24 1 24 26 0 24 24 24 0 27
split_gain=2.12297e+09 4.82057e+08 9.71148e+07 1.57588e+08 1.34866e+08 7.34784e+07 6.30113e+07 3.94518e+07 1.35687e+07 7.12987e+06 1.68602e+06
threshold=10852.777777777779 7143.5194444444451 0.095454545454545472 5437.5000000000009 7.3500000000000014 91.850000000000009 8319.4444444444471 4236.1111111111122 6494.4444444444453 322.05000000000007 -0.04732095011389225
decision_type=2 2 2 2 2 2 2 2 2 2 2
left_child=1 2 4 7 -1 -3 -7 -4 9 -5 -9
right_child=-2 5 3 8 -6 6 -8 10 -10 -11 -12
leaf_value=-45.263232651178349 157.91001541655527 -7.6278864666803976 -90.070460615214969 -40.920605015447961 22.929439341732806 12.813303706671922 55.815756821527856 -61.634664117802572 -14.840622183175888 -25.612826544453501 -51.862146315678928
leaf_weight=54 66 57 50 51 50 64 59 54 61 65 50
leaf_count=54 66 57 50 51 50 64 59 54 61 65 50
internal_value=-3.3844 -20.7626 -37.8404 -45.7817 -12.5066 20.503 33.5262 -67.9585 -26.4044 -32.4312 -57.0991
internal_weight=681 615 435 331 104 180 123 154 177 116 104
internal_count=681 615 435 331 104 180 123 154 177 116 104
is_linear=0
shrinkage=0.03


Tree=34
num_leaves=10
num_cat=0
split_feature=24 24 26 24 27 24 30 24 6
split_gain=1.99808e+09 4.53718e+08 9.18926e+07 9.3708e+07 1.18664e+08 4.38317e+07 2.75928e+07 8.94789e+06 3.43076e+06
threshold=10852.777777777779 7143.5194444444451 10.350000000000003 5437.5000000000009 -0.38168568572378597 8587.9638888888912 1.0000000180025095e-35 6494.4444444444453 3.1500000000000008
decision_type=2 2 2 2 2 2 2 2 2
left_child=1 2 3 4 -1 -3 -6 8 -5
right_child=-2 5 -4 7 6 -7 -8 -9 -10
leaf_value=-20.449857176353486 153.19415273675014 5.8543204182067425 1.1188310724671124 -23.949434308955805 -58.481871439308556 35.503100030682155 -85.208805218299105 -14.146651343983182 -35.123046436954439
leaf_weight=66 66 95 51 57 99 85 58 54 50
leaf_count=66 66 95 51 57 99 85 58 54 50
internal_value=-3.28404 -20.1433 -36.7116 -41.7329 -54.325 19.891 -68.4993 -24.223 -29.2544
internal_weight=681 615 435 384 223 180 157 161 107
internal_count=681 615 435 384 223 180 157 161 107
is_linear=0
shrinkage=0.03


Tree=35
num_leaves=11
num_cat=0
split_feature=0 14 27 6 6 11 0 14 14 28
split_gain=5.03993e+08 1.93947e+08 2.56985e+08 3.46318e+08 1.20527e+08 9.72173e+07 8.95068e+07 4.8042e+07 3.37924e+07 2.2646e+07
threshold=239.25000000000003 101.50000000000001 -0.44437406304545285 2.7500000000000004 4.5500000000000007 4.5000000000000009 480.85000000000008 166.00000000000003 135.50000000000003 -0.40541071103273002
decision_type=2 2 2 2 2 2 2 2 2 2
left_child=1 -1 3 -3 5 6 9 -4 -8 -2
right_child=4 2 7 -5 -6 -7 8 -9 -10 -11
leaf_value=71.985431625553559 -33.474298107927019 89.79023760085353 -36.820623034922733 -5.5483237404413357 12.426577550345016 1.1492538945196598 -74.414277281865708 2.4111272679086686 -42.124845820515617 -5.4534677633660937
leaf_weight=73 54 71 56 66 71 65 59 56 61 50
leaf_count=73 54 71 56 66 71 65 59 56 61 50
internal_value=1.82841 29.0831 16.4337 43.9489 -22.5532 -31.1509 -40.5128 -17.2506 -58.1465 -20.0573
internal_weight=682 322 249 137 360 289 224 112 120 104
internal_count=682 322 249 137 360 289 224 112 120 104
is_linear=0
shrinkage=0.03


Tree=36
num_leaves=10
num_cat=0
split_feature=23 27 4 4 14 8 20 11 8
split_gain=2.19918e+08 1.52225e+08 2.26287e+08 1.63043e+08 1.27209e+08 8.00381e+07 8.3321e+07 3.2016e+07 1.61835e+07
threshold=-0.68301270189221952 0.61866567420209762 1006.7500000000001 1017.85 282.00000000000006 9.3500000000000032 5.1491000000000016 2.5000000000000004 22.150000000000002
decision_type=2 2 2 2 2 2 2 2 2
left_child=7 2 8 4 -4 6 -3 -1 -2
right_child=1 5 3 -5 -6 -7 -8 -9 -10
leaf_value=-38.722782141374481 -25.724977782846192 1.6931793740967263 85.596859610671302 5.9130898415369719 30.573203322784302 19.289156557216977 -50.322789174766605 -13.646120009065836 -1.729852310393013
leaf_weight=92 51 52 76 83 76 51 59 92 50
leaf_count=92 51 52 76 83 76 51 59 92 50
internal_value=1.7733 12.1284 23.6385 39.7635 58.1995 -11.7439 -26.016 -26.2271 -13.8866
internal_weight=682 498 336 235 152 162 111 184 101
internal_count=682 498 336 235 152 162 111 184 101
is_linear=0
shrinkage=0.03


Tree=37
num_leaves=11
num_cat=0
split_feature=24 24 1 24 4 20 24 24 24 28
split_gain=3.00878e+09 4.63771e+08 1.10425e+08 1.5805e+08 9.38966e+07 5.16761e+07 4.73558e+07 3.26685e+07 2.24132e+07 4.14894e+06
threshold=13536.111111111113 7383.3333333333339 0.10555555555555557 5175.9250000000011 1006.35 8.6426500000000015 8791.6666666666679 4201.3888888888896 5953.7027777777785 0.32534208471197984
decision_type=2 2 2 2 2 2 2 2 2 2
left_child=1 2 4 7 -1 6 -3 -4 -5 -10
right_child=-2 5 3 8 -6 -7 -8 -9 9 -11
leaf_value=-31.282805830245898 225.03110463834426 16.463832787923646 -86.244214551557846 -36.954900829652473 23.631642519000984 5.4878459856311235 56.679359239022943 -54.789438413500349 -11.769988792644993 -23.111352812196341
leaf_weight=63 50 51 50 80 50 80 55 81 72 50
leaf_count=63 50 51 50 80 50 80 55 81 72 50
internal_value=1.72027 -16.0451 -32.635 -41.3245 -6.98606 23.7233 37.4315 -66.9648 -24.6217 -16.4635
internal_weight=682 632 446 333 113 186 106 131 202 122
internal_count=682 632 446 333 113 186 106 131 202 122
is_linear=0
shrinkage=0.03


Tree=38
num_leaves=11
num_cat=0
split_feature=24 24 0 1 24 2 24 24 24 0
split_gain=2.83199e+09 4.36494e+08 2.27306e+08 1.03931e+08 1.48756e+08 9.3018e+07 9.30111e+07 3.07571e+07 2.11189e+07 8.1447e+06
threshold=13536.111111111113 7383.3333333333339 63.500000000000007 0.10555555555555557 5175.9250000000011 8.2500000000000018 8907.4083333333347 4201.3888888888896 5923.6111111111122 212.25000000000003
decision_type=2 2 2 2 2 2 2 2 2 2
left_child=1 3 -3 5 7 -1 -4 -5 -6 -10
right_child=-2 2 6 4 8 -7 -8 -9 9 -11
leaf_value=19.21979689857007 218.32043531535399 -30.814903029057021 22.590453134657881 -83.672319214595262 -36.237980775425996 -35.130512846214337 73.319436975517078 -53.151820442227866 -25.413417636692873 -9.7882038818041064
leaf_weight=59 50 51 80 50 77 54 55 81 51 74
leaf_count=59 50 51 80 50 77 54 55 81 51 74
internal_value=1.66976 -15.5658 23.0154 -31.6604 -40.0905 -6.77709 43.3746 -64.9655 -23.8862 -16.2089
internal_weight=682 632 186 446 333 113 135 131 202 125
internal_count=682 632 186 446 333 113 135 131 202 125
is_linear=0
shrinkage=0.03


Tree=39
num_leaves=11
num_cat=0
split_feature=24 24 1 24 4 20 24 24 24 24
split_gain=2.66559e+09 4.10816e+08 9.78154e+07 1.40138e+08 8.78184e+07 4.73942e+07 4.42977e+07 4.26887e+07 7.14184e+06 4.87674e+06
threshold=13536.111111111113 7383.3333333333339 0.10555555555555557 5581.666666666667 1006.35 8.6426500000000015 4201.3888888888896 8791.6666666666679 6421.2972222222224 4865.7416666666677
decision_type=2 2 2 2 2 2 2 2 2 2
left_child=1 2 4 6 -1 7 -4 -3 -5 -8
right_child=-2 5 3 8 -6 -7 9 -9 -10 -11
leaf_value=-30.072602572689686 211.80988637753558 15.548905465867783 -81.177121043271626 -25.048056933771029 23.03449512383099 4.8661642416150013 -54.966482227682839 53.73049923888167 -12.098842234017585 -42.155057888562936
leaf_weight=63 50 51 50 72 50 80 52 55 84 75
leaf_count=63 50 51 50 72 50 80 52 55 84 75
internal_value=1.62044 -15.1011 -30.7151 -38.8934 -6.57504 22.3281 -57.1475 35.4559 -18.1121 -47.5179
internal_weight=682 632 446 333 113 186 177 106 156 127
internal_count=682 632 446 333 113 186 177 106 156 127
is_linear=0
shrinkage=0.03


Tree=40
num_leaves=12
num_cat=0
split_feature=24 24 1 0 0 24 24 24 0 24 10
split_gain=1.76512e+09 2.82727e+08 1.74532e+08 1.49312e+08 1.10879e+08 1.09512e+08 4.88149e+07 3.01783e+07 8.73842e+06 7.20748e+06 5.58596e+06
threshold=10750.000000000002 7143.5194444444451 0.10555555555555557 415.30000000000001 89.950000000000017 5437.5000000000009 8199.0750000000025 4201.3888888888896 208.50000000000003 6118.0555555555557 7.5000000000000009
decision_type=2 2 2 2 2 2 2 2 2 2 2
left_child=1 2 3 -1 -3 7 -6 -4 -7 -10 -9
right_child=-2 4 5 -5 6 8 -8 10 9 -11 -12
leaf_value=36.430876213584099 137.44880009503004 -21.539054594824005 -76.729309960549202 -33.040707615320947 11.10640331605847 -32.460156629573312 48.20642848778634 -42.61246988744179 -25.716036725205409 -10.108793887732165 -56.596862688614408
leaf_weight=58 75 52 50 53 62 52 66 70 50 58 50
leaf_count=58 75 52 50 53 62 52 66 70 50 58 50
internal_value=0.275361 -16.3498 -29.2764 3.26003 15.3163 -40.2135 30.3042 -56.9699 -22.3365 -17.3857 -48.566
internal_weight=696 621 441 111 180 330 128 170 160 108 120
internal_count=696 621 441 111 180 330 128 170 160 108 120
is_linear=0
shrinkage=0.03


Tree=41
num_leaves=12
num_cat=0
split_feature=24 24 24 21 0 24 24 24 0 24 10
split_gain=1.66124e+09 2.66101e+08 1.64271e+08 1.67195e+08 1.04358e+08 1.03073e+08 4.59425e+07 2.84079e+07 8.2249e+06 6.78424e+06 5.2597e+06
threshold=10750.000000000002 7143.5194444444451 1.0000000180025095e-35 0.65135923550861319 89.950000000000017 5437.5000000000009 8199.0750000000025 4201.3888888888896 208.50000000000003 6118.0555555555557 7.5000000000000009
decision_type=2 2 2 2 2 2 2 2 2 2 2
left_child=1 2 3 -1 -3 7 -6 -4 -7 -10 -9
right_child=-2 4 5 -5 6 8 -8 10 9 -11 -12
leaf_value=42.254493089314856 133.34176493002599 -20.896590266305218 -74.441159153477571 -31.3307706697152 10.77481552113308 -31.491938171350245 46.766779580785141 -41.339551227509894 -24.949156785362046 -9.8070905335526106 -54.909083043244436
leaf_weight=52 75 52 50 59 62 52 66 70 50 58 50
leaf_count=52 75 52 50 59 62 52 66 70 50 58 50
internal_value=0.26625 -15.8623 -28.403 3.1625 14.8587 -39.0138 29.3992 -55.2701 -21.6703 -16.8671 -47.1164
internal_weight=696 621 441 111 180 330 128 170 160 108 120
internal_count=696 621 441 111 180 330 128 170 160 108 120
is_linear=0
shrinkage=0.03


Tree=42
num_leaves=12
num_cat=0
split_feature=24 24 24 0 0 24 24 24 0 24 10
split_gain=1.56346e+09 2.50452e+08 1.54618e+08 1.37303e+08 9.82215e+07 9.70128e+07 4.32392e+07 2.67414e+07 7.74155e+06 6.38585e+06 4.95249e+06
threshold=10750.000000000002 7143.5194444444451 1.0000000180025095e-35 415.30000000000001 89.950000000000017 5437.5000000000009 8199.0750000000025 4201.3888888888896 208.50000000000003 6118.0555555555557 7.5000000000000009
decision_type=2 2 2 2 2 2 2 2 2 2 2
left_child=1 2 3 -1 -3 7 -6 -4 -7 -10 -9
right_child=-2 4 5 -5 6 8 -8 10 9 -11 -12
leaf_value=34.877636037208205 129.35744893472983 -20.273288122436057 -72.22124458328156 -31.741698670807743 10.453127673805048 -30.552598907222709 45.370124721613401 -40.10465688605057 -24.205146117921377 -9.5143918508689982 -53.271635997006243
leaf_weight=58 75 52 50 53 62 52 66 70 50 58 50
leaf_count=58 75 52 50 53 62 52 66 70 50 58 50
internal_value=0.257536 -15.3892 -27.5556 3.06851 14.4147 -37.8498 28.5213 -53.6211 -21.0239 -16.364 -45.7101
internal_weight=696 621 441 111 180 330 128 170 160 108 120
internal_count=696 621 441 111 180 330 128 170 160 108 120
is_linear=0
shrinkage=0.03


Tree=43
num_leaves=12
num_cat=0
split_feature=24 24 24 21 24 0 24 24 0 24 10
split_gain=1.47543e+09 1.63965e+08 1.45528e+08 1.54266e+08 9.1309e+07 7.08025e+07 2.51727e+07 1.98858e+07 7.28661e+06 6.01085e+06 4.66323e+06
threshold=9995.3694444444463 7143.5194444444451 1.0000000180025095e-35 0.65135923550861319 5437.5000000000009 93.250000000000014 4201.3888888888896 8072.2222222222235 208.50000000000003 6118.0555555555557 7.5000000000000009
decision_type=2 2 2 2 2 2 2 2 2 2 2
left_child=1 2 3 -1 6 -3 -4 -7 -6 -10 -8
right_child=-2 5 4 -5 8 7 10 -9 9 -11 -12
leaf_value=40.52700998397448 108.60527290093323 -20.144472436291434 -70.067529447339396 -30.155930319057546 -29.641278539624768 8.8242715106759348 -38.906651654738617 34.784397905759157 -23.483322718716995 -9.2304288262323091 -51.68301804650612
leaf_weight=52 97 51 50 59 52 50 70 57 50 58 50
leaf_count=52 97 51 50 59 52 50 70 57 50 58 50
internal_value=0.249009 -17.3434 -26.7335 2.9767 -36.7206 8.86668 -52.0212 22.7122 -20.3968 -15.8758 -44.3458
internal_weight=696 599 441 111 330 158 170 107 160 108 120
internal_count=696 599 441 111 330 158 170 107 160 108 120
is_linear=0
shrinkage=0.03


Tree=44
num_leaves=12
num_cat=0
split_feature=24 24 0 1 21 24 24 24 24 10 20
split_gain=1.40729e+09 3.08386e+08 1.39652e+08 1.25703e+08 1.45198e+08 1.02853e+08 6.40329e+07 2.45163e+07 9.56341e+06 4.48297e+06 3.73112e+06
threshold=12688.750000000002 7398.1472222222228 79.100000000000009 0.10555555555555557 0.65135923550861319 5486.1111111111122 9147.2222222222244 4201.3888888888896 6494.4444444444453 7.5000000000000009 10.166300000000003
decision_type=2 2 2 2 2 2 2 2 2 2 2
left_child=1 3 -3 4 -1 7 -4 -5 10 -9 -7
right_child=-2 2 6 5 -6 8 -8 9 -10 -11 -12
leaf_value=39.318173858467524 149.90337810363187 -20.886000464366891 20.910981082282824 -67.978040502104562 -29.255828286439531 -29.348106519911024 64.133067827167849 -37.47491134200353 -9.3934485185478795 -49.76252607589926 -17.626166320376928
leaf_weight=52 52 51 81 50 59 51 50 72 75 52 51
leaf_count=52 52 51 81 50 59 51 50 72 75 52 51
internal_value=0.240496 -11.9082 21.1437 -24.934 2.88824 -33.7275 37.5169 -50.0937 -17.5811 -42.7355 -23.5561
internal_weight=696 644 182 462 111 351 131 174 177 124 102
internal_count=696 644 182 462 111 351 131 174 177 124 102
is_linear=0
shrinkage=0.03


Tree=45
num_leaves=10
num_cat=0
split_feature=24 24 1 23 24 24 24 26 3
split_gain=1.38115e+09 2.60736e+08 2.3321e+08 1.12097e+08 9.01585e+07 3.17904e+07 2.94267e+07 1.69408e+07 7.23026e+06
threshold=13140.476190476193 7398.1472222222228 0.095454545454545472 -0.5 4699.0750000000007 6494.4444444444453 9819.4444444444471 9.0500000000000025 55.350000000000001
decision_type=2 2 2 2 2 2 2 2 2
left_child=1 2 3 -1 -4 7 8 -6 -3
right_child=-2 6 4 -5 5 -7 -8 -9 -10
leaf_value=-13.229650084762143 152.78262140293009 3.0344747455217682 -59.43170435473084 49.23559554113308 -26.196827837616667 -9.0746103864720311 38.360515961208662 -46.811617534174836 17.4313041823284
leaf_weight=53 50 51 93 50 134 79 53 50 82
leaf_count=53 50 51 93 50 134 79 53 50 82
internal_value=1.37177 -10.4311 -22.5693 17.1481 -34.0653 -25.038 19.511 -31.8658 11.93
internal_weight=695 645 459 103 356 263 186 184 133
internal_count=695 645 459 103 356 263 186 184 133
is_linear=0
shrinkage=0.03


Tree=46
num_leaves=11
num_cat=0
split_feature=24 24 1 23 24 24 24 24 28 21
split_gain=1.29998e+09 2.45408e+08 2.20786e+08 1.0551e+08 8.40175e+07 3.88616e+07 2.86564e+07 8.61001e+06 4.64668e+06 3.11665e+06
threshold=13140.476190476193 7383.3333333333339 0.095454545454545472 -0.5 5734.0058080808094 4125.0000000000009 9041.6666666666679 6620.3694444444454 -0.71464691390916035 0.61909511064081435
decision_type=2 2 2 2 2 2 2 2 2 2
left_child=1 2 3 -1 5 -4 9 -6 -7 -3
right_child=-2 6 4 -5 7 8 -8 -9 -10 -11
leaf_value=-12.834994163584755 148.22648190325819 2.5471578036056122 -68.324674079404232 47.76733433960446 -22.025940686077195 -30.336205921853011 31.440310615194772 -7.2841773454958565 -41.792246041164049 13.041684922406141
leaf_weight=53 50 50 51 50 85 53 86 62 103 52
leaf_count=53 50 50 51 50 85 53 86 62 103 52
internal_value=1.33199 -10.1188 -21.9838 16.6368 -33.2254 -45.5337 18.7123 -15.8359 -37.9659 7.91995
internal_weight=695 645 457 103 354 207 188 147 156 102
internal_count=695 645 457 103 354 207 188 147 156 102
is_linear=0
shrinkage=0.03


Tree=47
num_leaves=11
num_cat=0
split_feature=24 24 1 4 24 24 24 24 3 3
split_gain=1.2236e+09 2.31017e+08 2.06599e+08 1.02482e+08 8.07173e+07 3.65845e+07 2.65697e+07 8.44533e+06 6.82643e+06 5.04608e+06
threshold=13140.476190476193 7398.1472222222228 0.095454545454545472 1005.85 5734.0058080808094 4125.0000000000009 9819.4444444444471 6620.3694444444454 55.350000000000001 70.550000000000011
decision_type=2 2 2 2 2 2 2 2 2 2
left_child=1 2 3 -1 5 -4 8 -6 -3 -7
right_child=-2 6 4 -5 7 9 -8 -9 -10 -11
leaf_value=-13.469338951621413 143.80620862714341 2.5240136367954009 -66.286921051203862 46.233816650569089 -21.367486513245147 -44.814013468424477 36.278276916847446 -6.9035866894729407 16.509721289179303 -32.836916458695022
leaf_weight=52 50 51 51 51 85 51 53 64 82 105
leaf_count=52 50 51 51 51 85 51 53 64 82 105
internal_value=1.29282 -9.81644 -21.242 16.1407 -32.0623 -44.1738 18.3676 -15.1812 11.1646 -36.8311
internal_weight=695 645 459 103 356 207 186 149 133 156
internal_count=695 645 459 103 356 207 186 149 133 156
is_linear=0
shrinkage=0.03


Tree=48
num_leaves=10
num_cat=0
split_feature=0 14 0 14 20 14 26 21 26
split_gain=2.14358e+08 1.87485e+08 1.48379e+08 1.07372e+08 7.96168e+07 7.37119e+07 5.93721e+07 5.46671e+07 1.32664e+07
threshold=239.25000000000003 101.50000000000001 25.500000000000004 225.50000000000003 3.8971500000000003 99.500000000000014 7.5000000000000018 0.68225016118633153 7.1499999999999995
decision_type=2 2 2 2 2 2 2 2 2
left_child=1 -1 -3 -4 -2 -6 -5 -7 -9
right_child=4 2 3 6 5 7 -8 8 -10
leaf_value=59.538304983774829 13.7807333239234 -36.564725164003526 -10.213988134750645 12.338745788515869 -50.466976229961702 7.4288665103224911 55.248561732779798 -31.054385879491257 -13.692038218193527
leaf_weight=78 73 56 71 52 61 76 66 90 72
leaf_count=78 73 56 71 52 61 76 66 90 72
internal_value=1.2548 19.1256 6.20235 18.912 -14.2649 -21.1191 36.4185 -13.5431 -23.3774
internal_weight=695 323 245 189 372 299 118 238 162
internal_count=695 323 245 189 372 299 118 238 162
is_linear=0
shrinkage=0.03


Tree=49
num_leaves=10
num_cat=0
split_feature=24 24 1 0 23 24 24 0 24
split_gain=1.15199e+09 2.09742e+08 1.94672e+08 1.41172e+08 9.40779e+07 7.48442e+07 4.5786e+07 3.37856e+07 2.18776e+07
threshold=13140.476190476193 7398.1472222222228 0.095454545454545472 76.250000000000014 -0.5 4699.0750000000007 9147.2222222222244 112.00000000000001 6009.2583333333341
decision_type=2 2 2 2 2 2 2 2 2
left_child=1 2 4 -3 -1 -4 -5 -7 -9
right_child=-2 3 5 6 -6 7 -8 8 -10
leaf_value=-11.991311797523142 139.49787407634273 -25.703785959171729 -54.063724035526782 19.526787323588362 45.234118453380361 -44.874686131866028 55.535410814787213 -26.085301174444357 -6.7258773251420427
leaf_weight=53 50 50 93 85 50 50 51 118 95
leaf_count=53 50 50 93 85 50 50 51 118 95
internal_value=1.21724 -9.56204 -20.4487 17.2931 15.8386 -30.9521 33.1226 -22.7272 -17.4725
internal_weight=695 645 459 186 103 356 136 263 213
internal_count=695 645 459 186 103 356 136 263 213
is_linear=0
shrinkage=0.03


Tree=50
num_leaves=12
num_cat=0
split_feature=24 24 0 1 24 26 24 24 24 3 0
split_gain=1.21122e+09 2.86358e+08 9.68526e+07 5.32096e+07 1.10975e+08 1.10375e+08 3.27389e+07 1.66916e+07 1.34676e+07 4.41158e+06 4.16293e+06
threshold=13080.555555555557 7842.5916666666672 96.950000000000003 0.095454545454545472 5437.5000000000009 7.0999999999999996 9147.2222222222244 4201.3888888888896 6421.2972222222224 65.350000000000009 406.85000000000008
decision_type=2 2 2 2 2 2 2 2 2 2 2
left_child=1 3 -3 5 7 -1 -4 -5 -6 -10 -9
right_child=-2 2 6 4 8 -7 -8 10 9 -11 -12
leaf_value=-35.517609171128861 142.0119926486006 -9.1377205403645831 24.536551884835475 -60.374002906843927 -21.351442908433988 24.271085403596771 58.399424602664702 -46.042997937666968 -12.681198006696148 -0.99134721046936447 -33.787287181113001
leaf_weight=52 50 51 53 51 99 59 51 50 53 64 63
leaf_count=52 50 51 53 51 99 59 51 50 53 64 63
internal_value=0.212627 -10.8234 24.6936 -22.0437 -27.3778 -3.75819 41.2627 -45.9641 -13.2218 -6.30572 -39.3178
internal_weight=696 646 155 491 380 111 104 164 216 117 113
internal_count=696 646 155 491 380 111 104 164 216 117 113
is_linear=0
shrinkage=0.03


Tree=51
num_leaves=11
num_cat=0
split_feature=24 24 6 0 24 8 1 24 0 24
split_gain=1.14005e+09 2.69526e+08 1.11585e+08 9.11612e+07 7.02672e+07 6.41439e+07 6.97183e+07 3.08155e+07 1.16687e+07 5.30814e+06
threshold=13080.555555555557 7842.5916666666672 4.6500000000000012 96.950000000000003 5437.5000000000009 10.15 0.11805555555555557 9147.2222222222244 165.70000000000002 6291.666666666667
decision_type=2 2 2 2 2 2 2 2 2 2
left_child=1 2 4 -3 5 -1 -7 -5 -6 -10
right_child=-2 3 -4 7 8 6 -8 -9 9 -11
leaf_value=-59.925543157711246 137.77704221934022 -8.8651916789450844 12.256705863618281 23.804598604062704 -24.605430517572891 -3.2585554234065102 -44.312291217817062 56.657687366329434 -14.93736870531766 -2.5439466386422356
leaf_weight=81 50 51 75 53 58 65 87 51 58 67
leaf_count=81 50 51 75 53 58 65 87 51 58 67
internal_value=0.206625 -10.5002 -21.3858 23.9571 -27.4557 -38.3764 -26.7975 40.032 -13.511 -8.31656
internal_weight=696 646 491 155 416 233 152 104 183 125
internal_count=696 646 491 155 416 233 152 104 183 125
is_linear=0
shrinkage=0.03


Tree=52
num_leaves=9
num_cat=0
split_feature=6 1 1 0 23 0 20 0
split_gain=1.27485e+08 1.75379e+08 2.94119e+08 2.14605e+08 1.09947e+08 1.09818e+08 2.23382e+07 2.08295e+07
threshold=4.6500000000000012 0.18333333333333332 0.095454545454545472 85.250000000000014 0.6830127018922193 275.95000000000005 19.047500000000003 390.75000000000006
decision_type=2 2 2 2 2 2 2 2
left_child=1 2 5 -3 6 -1 7 -5
right_child=-2 3 -4 4 -6 -7 -8 -9
leaf_value=28.581211399814006 31.677369952727659 58.86711530196105 -91.161310592562131 0.8283704697448353 26.410798219413358 -32.16403927326202 -26.185268277172071 -17.734169212293775
leaf_weight=50 99 57 51 125 86 57 75 96
leaf_count=50 99 57 51 125 86 57 75 96
internal_value=0.201356 -5.03156 -32.1032 4.72702 -3.3913 -3.77778 -12.068 -7.24806
internal_weight=696 597 158 439 382 107 296 221
internal_count=696 597 158 439 382 107 296 221
is_linear=0
shrinkage=0.03


Tree=53
num_leaves=10
num_cat=0
split_feature=3 3 0 21 26 14 28 26 3
split_gain=1.99961e+08 1.3227e+08 2.08755e+08 7.07269e+07 9.84266e+07 2.1284e+07 2.11177e+07 1.36131e+07 4.19596e+06
threshold=44.150000000000006 55.350000000000001 85.250000000000014 0.7018276515151517 7.0999999999999996 208.00000000000003 0.081673369964559248 7.1499999999999995 67.700000000000003
decision_type=2 2 2 2 2 2 2 2 2
left_child=-1 -2 -3 4 5 -4 7 -5 -8
right_child=1 2 3 6 -6 -7 8 -9 -10
leaf_value=45.039940470326293 -38.066661161600855 44.86678822442574 -21.122832043961889 -31.250311956822809 37.383780767156075 5.0384486167331346 -0.66491970562792679 -13.284356792142606 -12.610971958573716
leaf_weight=79 95 80 63 98 62 50 50 63 56
leaf_count=79 95 80 63 98 62 50 50 63 56
internal_value=0.195045 -5.56593 0.367405 -7.71173 7.10421 -9.56427 -17.4197 -24.258 -6.99391
internal_weight=696 617 522 442 175 113 267 161 106
internal_count=696 617 522 442 175 113 267 161 106
is_linear=0
shrinkage=0.03


Tree=54
num_leaves=11
num_cat=0
split_feature=23 1 2 29 25 11 1 14 27 21
split_gain=1.12423e+08 1.42325e+08 5.67341e+07 4.62794e+07 6.52117e+07 3.11668e+07 2.79003e+07 2.00662e+07 2.48354e+07 4.79726e+06
threshold=-0.68301270189221952 0.095454545454545472 1.4000000000000001 0.6078576107927941 13.830150000000001 2.5000000000000004 0.6000000000000002 282.00000000000006 0.69636977696931246 0.74866666666666681
decision_type=2 2 2 2 2 2 2 2 2 2
left_child=6 -2 5 7 -5 -3 -1 8 -4 -8
right_child=1 2 3 4 -6 -7 9 -9 -10 -11
leaf_value=-35.176864870554532 47.046534529532686 2.2027490280854223 2.9373105939790549 -13.671097101827881 33.715925387460913 30.614664057359654 -4.2604625278923791 -27.656986273398132 -23.704690778524423 -16.571295391897138
leaf_weight=68 70 67 79 52 52 72 53 69 52 62
leaf_count=68 70 67 79 52 52 72 53 69 52 62
internal_value=0.189391 7.3913 1.09762 -6.16205 10.0512 16.954 -19.9786 -14.5954 -7.66807 -10.9235
internal_weight=696 513 443 304 104 139 183 200 131 115
internal_count=696 513 443 304 104 139 183 200 131 115
is_linear=0
shrinkage=0.03


Tree=55
num_leaves=10
num_cat=0
split_feature=24 24 0 24 20 20 1 24 10
split_gain=1.37357e+09 2.53042e+08 5.8526e+07 6.6676e+07 5.31256e+07 1.17362e+08 7.64371e+07 3.66087e+07 3.95845e+06
threshold=12688.750000000002 6861.1111111111122 76.250000000000014 8587.9638888888912 8.8269000000000002 4.0277500000000002 0.6000000000000002 5175.9250000000011 7.5000000000000009
decision_type=2 2 2 2 2 2 2 2 2
left_child=1 4 -3 -4 5 -1 -6 -8 -9
right_child=-2 2 3 -5 6 -7 7 8 -10
leaf_value=-9.2756513144200543 149.93796789336622 -13.453521105671488 6.8862644244647102 44.740520473339707 8.4809603828920839 -59.147450556236024 -42.492780941744826 -8.8784257923111056 -20.891577297385123
leaf_weight=75 51 51 98 73 79 98 77 50 50
leaf_count=75 51 51 98 73 79 98 77 50 50
internal_value=0.478131 -11.2944 14.6929 23.0964 -24.7432 -37.5803 -16.0343 -26.972 -14.9296
internal_weight=702 651 222 171 429 173 256 177 100
internal_count=702 651 222 171 429 173 256 177 100
is_linear=0
shrinkage=0.03


Tree=56
num_leaves=10
num_cat=0
split_feature=24 24 20 20 1 24 24 5 14
split_gain=1.29285e+09 2.38141e+08 4.99922e+07 1.10446e+08 7.19391e+07 4.39743e+07 3.4451e+07 1.48157e+07 3.72587e+06
threshold=12688.750000000002 6861.1111111111122 8.8269000000000002 4.0277500000000002 0.6000000000000002 9675.9250000000011 5175.9250000000011 15.15 213.00000000000003
decision_type=2 2 2 2 2 2 2 2 2
left_child=1 2 3 -1 -4 7 -6 -3 -8
right_child=-2 5 4 -5 6 -7 8 -9 -10
leaf_value=-8.9984901926716958 145.46613601059943 15.007599478059554 8.2274935985242887 -57.37844268352552 -41.222944989716403 37.444610307634846 -8.6136615011090072 -2.865915827083708 -20.268568024834391
leaf_weight=75 51 88 79 98 77 55 50 79 50
leaf_count=75 51 88 79 98 77 55 50 79 50
internal_value=0.464502 -10.9568 -24.0037 -36.4564 -15.5555 14.2537 -26.1665 6.56243 -14.4844
internal_weight=702 651 429 173 256 222 177 167 100
internal_count=702 651 429 173 256 222 177 167 100
is_linear=0
shrinkage=0.03


Tree=57
num_leaves=10
num_cat=0
split_feature=24 24 20 20 24 24 24 5 10
split_gain=1.21687e+09 2.24124e+08 4.70435e+07 1.03937e+08 6.77057e+07 4.13905e+07 3.24204e+07 1.39431e+07 3.50696e+06
threshold=12688.750000000002 6861.1111111111122 8.8269000000000002 4.0277500000000002 1.0000000180025095e-35 9675.9250000000011 5175.9250000000011 15.15 7.5000000000000009
decision_type=2 2 2 2 2 2 2 2 2
left_child=1 2 3 -1 -4 7 -6 -3 -8
right_child=-2 5 4 -5 6 -7 8 -9 -10
leaf_value=-8.729611371408895 141.12767208344758 14.558900960477263 7.9816029443536403 -55.662342623034434 -39.991056165608825 36.327366181799555 -8.3567929287980629 -2.7802636092547961 -19.664137535559728
leaf_weight=75 51 88 79 98 77 55 50 79 50
leaf_count=75 51 88 79 98 77 55 50 79 50
internal_value=0.451422 -10.6292 -23.2863 -35.3662 -15.091 13.8281 -25.3851 6.36621 -14.0525
internal_weight=702 651 429 173 256 222 177 167 100
internal_count=702 651 429 173 256 222 177 167 100
is_linear=0
shrinkage=0.03


Tree=58
num_leaves=11
num_cat=0
split_feature=6 28 1 21 5 21 28 4 4 28
split_gain=1.46519e+08 1.25288e+08 1.20248e+08 1.98937e+08 1.8577e+08 6.35059e+07 3.16235e+07 7.5891e+07 3.1518e+07 1.24928e+07
threshold=5.2500000000000009 0.94415253529446119 0.6000000000000002 0.78527720630901521 20.150000000000002 1.0000000180025095e-35 -0.17552498857989954 1013.6500000000002 1008.4500000000002 -0.84291031405530259
decision_type=2 2 2 2 2 2 2 2 2 2
left_child=1 2 3 4 -1 8 9 -8 -4 -7
right_child=-2 -3 5 -5 -6 6 7 -9 -10 -11
leaf_value=-88.890140268669967 45.981815727227342 36.400131780705749 2.3138631068893343 18.312399458584323 -10.730626749406781 -6.5681130229473785 32.876229896991575 -12.138724639054352 34.249497389925637 -23.551409844991678
leaf_weight=59 58 63 51 52 51 71 51 98 61 87
leaf_count=59 58 63 51 52 51 71 51 98 61 87
internal_value=0.438709 -3.68249 -8.04535 -29.9687 -52.7804 0.446353 -6.60931 3.30412 19.7525 -15.9466
internal_weight=702 644 581 162 110 419 307 149 112 158
internal_count=702 644 581 162 110 419 307 149 112 158
is_linear=0
shrinkage=0.03


Tree=59
num_leaves=10
num_cat=0
split_feature=24 24 0 24 20 20 24 24 24
split_gain=1.14635e+09 2.05382e+08 5.31039e+07 5.84057e+07 4.53585e+07 9.43823e+07 6.37679e+07 3.04439e+07 4.41241e+06
threshold=12688.750000000002 6861.1111111111122 76.250000000000014 8587.9638888888912 8.8269000000000002 4.0277500000000002 1.0000000180025095e-35 5041.666666666667 5847.2222222222235
decision_type=2 2 2 2 2 2 2 2 2
left_child=1 4 -3 -4 5 -1 -6 -8 -9
right_child=-2 2 3 -5 6 -7 7 8 -10
leaf_value=-8.9205575962750565 136.96527687831232 -13.723985510932076 5.9193811555941984 41.346001236773766 7.9920585855529716 -53.647368700176877 -39.925832371567232 -20.106321909639846 -7.8993270311857531
leaf_weight=75 51 51 98 73 79 98 69 57 51
leaf_count=75 51 51 98 73 79 98 69 57 51
internal_value=0.42591 -10.3289 13.0837 21.089 -22.4451 -34.3062 -14.3989 -24.3892 -14.3798
internal_weight=702 651 222 171 429 173 256 177 108
internal_count=702 651 222 171 429 173 256 177 108
is_linear=0
shrinkage=0.03


Tree=60
num_leaves=10
num_cat=0
split_feature=24 24 26 24 20 1 24 0 0
split_gain=6.60114e+08 1.33263e+08 8.2797e+07 5.49553e+07 7.33199e+07 6.58394e+07 4.03643e+07 2.57774e+07 6.11249e+06
threshold=10852.777777777779 7842.5916666666672 10.350000000000003 6236.1111111111122 8.8269000000000002 0.6000000000000002 4506.9444444444453 123.05000000000001 288.45000000000005
decision_type=2 2 2 2 2 2 2 2 2
left_child=1 2 3 4 6 -6 -1 -3 -5
right_child=-2 7 -4 8 5 -7 -8 -9 -10
leaf_value=-67.637220801637881 87.589716786306141 1.5899964244463289 16.741869783417847 -10.071137238420034 4.5308473564037959 -30.301521030462411 -29.997105082893015 29.452748102844996 3.3238703619408105
leaf_weight=51 69 51 58 74 76 136 53 72 52
leaf_count=51 69 51 58 74 76 136 53 72 52
internal_value=-0.246179 -10.0119 -16.8927 -21.3147 -27.9894 -17.8256 -48.5968 17.932 -4.5482
internal_weight=692 623 500 442 316 212 104 123 126
internal_count=692 623 500 442 316 212 104 123 126
is_linear=0
shrinkage=0.03


Tree=61
num_leaves=10
num_cat=0
split_feature=24 24 26 24 20 21 24 0 0
split_gain=6.21267e+08 1.25419e+08 7.79258e+07 5.17212e+07 6.90207e+07 7.90062e+07 3.79929e+07 2.426e+07 5.75283e+06
threshold=10852.777777777779 7842.5916666666672 10.350000000000003 6236.1111111111122 8.8269000000000002 0.6130562294956895 4506.9444444444453 123.05000000000001 288.45000000000005
decision_type=2 2 2 2 2 2 2 2 2
left_child=1 2 3 4 6 -6 -1 -3 -5
right_child=-2 7 -4 8 5 -7 -8 -9 -10
leaf_value=-65.619969165645841 84.973401851241206 1.5425757665801465 16.242198033864462 -9.7702228812606631 11.481996164990873 -28.91566495004113 -29.102257341309738 28.572831974266968 3.2247262297533665
leaf_weight=51 69 51 58 74 61 151 53 72 52
leaf_count=51 69 51 58 74 61 151 53 72 52
internal_value=-0.238725 -9.71271 -16.388 -20.6779 -27.1532 -17.292 -47.1473 17.3963 -4.41224
internal_weight=692 623 500 442 316 212 104 123 126
internal_count=692 623 500 442 316 212 104 123 126
is_linear=0
shrinkage=0.03


Tree=62
num_leaves=9
num_cat=0
split_feature=24 24 26 24 26 21 24 26
split_gain=5.84703e+08 1.18036e+08 7.33405e+07 4.86765e+07 4.91139e+07 4.67207e+07 5.73304e+06 2.80845e+06
threshold=10852.777777777779 7842.5916666666672 10.350000000000003 6236.1111111111122 8.5500000000000025 0.6130562294956895 9006.2500000000018 7.3500000000000014
decision_type=2 2 2 2 2 2 2 2
left_child=1 2 3 4 5 -1 -3 -5
right_child=-2 6 -4 7 -6 -7 -8 -9
leaf_value=-0.77341104801074345 82.435235167664374 10.268209353722328 15.757439418452478 -0.33069565167099363 -49.32928446566897 -28.860797730229592 23.297450887272866 -9.3493393181633575
leaf_weight=77 69 61 58 71 66 173 62 55
leaf_count=77 69 61 58 71 66 173 62 55
internal_value=-0.231398 -9.42238 -15.8982 -20.06 -26.3418 -20.2212 16.8766 -4.28033
internal_weight=692 623 500 442 316 250 123 126
internal_count=692 623 500 442 316 250 123 126
is_linear=0
shrinkage=0.03


Tree=63
num_leaves=10
num_cat=0
split_feature=24 24 26 24 20 21 24 3 26
split_gain=5.50287e+08 1.11087e+08 6.9023e+07 4.58064e+07 6.38532e+07 7.11449e+07 3.58339e+07 5.67911e+06 2.64336e+06
threshold=10852.777777777779 7842.5916666666672 10.350000000000003 6236.1111111111122 8.8269000000000002 0.6130562294956895 4506.9444444444453 57.350000000000001 7.3500000000000014
decision_type=2 2 2 2 2 2 2 2 2
left_child=1 2 3 4 6 -6 -1 -3 -5
right_child=-2 7 -4 8 5 -7 -8 -9 -10
leaf_value=-62.719464898918105 79.972882603236613 10.209075839172645 15.287148992168762 -0.32081655066277504 11.233599904793122 -27.100579096973139 -27.269210660408408 23.192036404879588 -9.0703808826908716
leaf_weight=51 69 65 58 71 61 151 53 58 55
leaf_count=51 69 65 58 71 61 151 53 58 55
internal_value=-0.223895 -9.14027 -15.4225 -19.46 -25.5538 -16.0701 -44.784 16.3727 -4.15262
internal_weight=692 623 500 442 316 212 104 123 126
internal_count=692 623 500 442 316 212 104 123 126
is_linear=0
shrinkage=0.03


Tree=64
num_leaves=11
num_cat=0
split_feature=23 6 27 4 5 26 1 27 21 4
split_gain=1.51053e+08 1.35428e+08 1.52226e+08 1.03597e+08 8.85116e+07 9.1912e+07 6.00352e+07 4.34871e+07 4.12387e+07 1.12302e+07
threshold=-0.68301270189221952 4.6500000000000012 0.67125374152323958 1009.0500000000001 5.2500000000000009 9.1500000000000039 0.6000000000000002 0.90332234122743971 0.67792972831765952 1005.35
decision_type=2 2 2 2 2 2 2 2 2 2
left_child=6 2 3 8 -5 -6 -1 -4 -2 -8
right_child=1 -3 7 4 5 -7 9 -9 -10 -11
leaf_value=-44.850109095740621 7.2410605483249304 47.294379312424425 -45.572960004681271 -1.8552973751298365 63.84664575303561 11.61953532319224 -0.50331608976753461 -10.539235097901759 -28.792117676554806 -19.072321908124181
leaf_weight=71 66 69 53 61 73 52 58 80 50 59
leaf_count=71 66 69 53 61 73 52 58 80 50 59
internal_value=-0.217004 8.34408 2.13741 13.9126 27.772 42.2001 -23.1448 -24.5713 -8.32461 -9.89208
internal_weight=692 504 435 302 186 125 188 133 116 117
internal_count=692 504 435 302 186 125 188 133 116 117
is_linear=0
shrinkage=0.03


Tree=65
num_leaves=11
num_cat=0
split_feature=24 29 26 1 21 24 24 24 24 24
split_gain=6.38188e+08 1.67147e+08 6.11436e+07 1.00653e+08 1.56847e+08 1.33902e+08 3.83815e+07 3.77617e+07 4.44082e+06 4.06038e+06
threshold=9819.4444444444471 1.0000000180025095e-35 10.250000000000004 0.6000000000000002 0.64356805762543479 6009.2583333333341 8199.0750000000025 4308.1472222222228 5175.9250000000011 7069.4444444444453
decision_type=2 2 2 2 2 2 2 2 2 2
left_child=2 -2 3 4 -1 7 9 -5 -9 -7
right_child=1 -3 -4 5 -6 6 -8 8 -10 -11
leaf_value=-2.1948603188530518 108.43464476082956 30.721277879597412 11.550311736188487 -49.145615320528002 -71.315253445214921 -3.8144078736620184 30.056188843460511 -24.67433631762264 -13.738379106684093 6.0164373295941296
leaf_weight=54 50 50 85 50 65 86 53 62 76 67
leaf_count=54 50 50 85 50 65 86 53 62 76 67
internal_value=-0.244936 69.7862 -11.985 -15.8891 -40.0342 -8.57156 8.13242 -26.8587 -18.6946 0.493893
internal_weight=698 100 598 513 119 394 206 188 138 153
internal_count=698 100 598 513 119 394 206 188 138 153
is_linear=0
shrinkage=0.03


Tree=66
num_leaves=11
num_cat=0
split_feature=24 29 3 24 6 22 1 20 7 14
split_gain=6.00687e+08 1.57326e+08 9.89035e+07 9.74185e+07 4.13072e+07 3.70691e+07 6.18364e+07 9.91294e+06 2.09192e+07 7.57736e+06
threshold=9819.4444444444471 1.0000000180025095e-35 40.650000000000006 6236.1111111111122 2.0500000000000003 -0.24999999999999994 0.6000000000000002 8.4763000000000002 24.450000000000003 231.50000000000003
decision_type=2 2 2 2 2 2 2 2 2 2
left_child=2 -2 -1 4 -4 9 -7 -5 -9 -6
right_child=1 -3 3 7 5 6 -8 8 -10 -11
leaf_value=28.217883833500377 105.20100915381734 29.805134784554394 -0.1308489990234375 8.3920967735534084 -24.807817343589839 -61.59504836078078 -24.28705787501104 -16.365286090596708 8.5938303660499482 -9.5143869857426502
leaf_weight=51 50 50 50 88 55 65 105 65 56 63
leaf_count=51 50 50 50 88 55 65 105 65 56 63
internal_value=-0.237306 67.7051 -11.6272 -15.3556 -25.304 -29.6696 -38.6353 0.746305 -4.8212 -16.6876
internal_weight=698 100 598 547 338 288 170 209 121 118
internal_count=698 100 598 547 338 288 170 209 121 118
is_linear=0
shrinkage=0.03


Tree=67
num_leaves=11
num_cat=0
split_feature=0 1 4 0 26 27 28 4 21 2
split_gain=2.86232e+08 1.57357e+08 1.69089e+08 7.73679e+07 7.76527e+07 3.34682e+07 1.09512e+07 1.28523e+07 1.06313e+07 6.13676e+06
threshold=9.5000000000000018 0.18333333333333332 1007.6500000000002 316.45000000000005 8.4500000000000028 0.1670500785599974 -0.24284072672761489 1016.3000000000001 0.76513342898134873 17.150000000000002
decision_type=2 2 2 2 2 2 2 2 2 2
left_child=-1 2 -2 4 8 -6 9 -8 -3 -5
right_child=1 3 -4 6 5 -7 7 -9 -10 -11
leaf_value=67.982352944535819 -5.9218453225322154 6.8127570788829575 -74.167774588278306 -24.325559013724099 48.929692624703605 15.250175332855761 6.7081981235524131 -11.943494034847726 -9.0062042249539189 -10.382951459039241
leaf_weight=51 78 85 56 52 56 51 57 79 69 64
leaf_count=51 78 85 56 52 56 51 57 79 69 64
internal_value=-0.229625 -5.63549 -34.5446 1.93157 13.3719 32.9644 -9.91914 -4.12862 -0.278631 -16.6798
internal_weight=698 647 134 513 261 107 252 136 154 116
internal_count=698 647 134 513 261 107 252 136 154 116
is_linear=0
shrinkage=0.03


Tree=68
num_leaves=11
num_cat=0
split_feature=24 3 24 20 28 4 24 0 24 28
split_gain=5.57695e+08 7.63118e+07 1.13118e+08 4.02022e+07 6.80585e+07 5.80919e+07 2.5597e+07 2.3396e+07 2.95957e+07 2.17644e+06
threshold=10694.444444444447 43.350000000000001 6236.1111111111122 8.8269000000000002 -0.30900554811238695 1019.2500000000001 5041.666666666667 93.250000000000014 8199.0750000000025 -0.0387208465846701
decision_type=2 2 2 2 2 2 2 2 2 2
left_child=1 -1 3 5 6 -3 -5 -4 9 -9
right_child=-2 2 7 4 -6 -7 -8 8 -10 -11
leaf_value=19.00592575555855 76.895623433998381 -60.557951692679424 -14.499015157710961 -34.431763240987451 13.376526794768218 -17.077854007769236 -9.8226897560875379 5.0162376540508244 27.547494585172167 -3.286778456051171
leaf_weight=74 75 56 50 112 51 55 58 50 52 65
leaf_count=74 75 56 50 112 51 55 58 50 52 65
internal_value=-0.222609 -9.53906 -13.395 -24.3965 -16.9595 -39.1179 -26.0679 3.44738 8.83696 0.326809
internal_weight=698 623 549 332 221 111 170 217 167 115
internal_count=698 623 549 332 221 111 170 217 167 115
is_linear=0
shrinkage=0.03


Tree=69
num_leaves=11
num_cat=0
split_feature=24 3 24 0 24 1 0 24 0 28
split_gain=5.24864e+08 7.20647e+07 1.09046e+08 3.4168e+07 7.50807e+07 4.94086e+07 1.99977e+07 2.85261e+07 1.40483e+07 2.47247e+06
threshold=10694.444444444447 41.100000000000001 6236.1111111111122 480.85000000000008 3902.7777777777778 0.10555555555555557 91.850000000000009 8199.0750000000025 214.55000000000004 -0.0387208465846701
decision_type=2 2 2 2 2 2 2 2 2 2
left_child=1 -1 3 5 -5 -3 -4 9 -7 -8
right_child=-2 2 6 4 -6 8 7 -9 -10 -11
leaf_value=21.644085146606844 74.597945104348241 6.3675122549671039 -13.12711775717157 -63.642329029284028 -18.164292655727557 -38.055329645837254 5.2335362006070323 26.399191396513036 -17.800181090294348 -3.4284718039500426
leaf_weight=61 75 64 50 51 91 51 51 54 80 70
leaf_count=61 75 64 50 51 91 51 51 54 80 70
internal_value=-0.215903 -9.25397 -12.6174 -23.4077 -34.5978 -15.2184 3.55363 8.33391 -25.7548 0.226297
internal_weight=698 623 562 337 142 195 225 175 131 121
internal_count=698 623 562 337 142 195 225 175 131 121
is_linear=0
shrinkage=0.03


Tree=70
num_leaves=9
num_cat=0
split_feature=0 14 6 6 2 2 5 14
split_gain=1.98236e+08 6.56917e+07 7.57506e+07 4.31323e+07 6.18548e+07 1.2693e+08 2.49651e+07 1.90879e+07
threshold=14.500000000000002 258.50000000000006 2.7500000000000004 5.0500000000000007 1.9000000000000001 11.150000000000002 14.350000000000003 109.50000000000001
decision_type=2 2 2 2 2 2 2 2
left_child=-1 3 -3 4 6 -6 -2 -7
right_child=1 2 -4 -5 5 7 -8 -9
leaf_value=56.267598833438377 21.957381276458676 34.996549720211213 -5.5807435679760964 16.164542297006353 -57.742492472933364 4.4882914606315278 -6.8965560213942885 -14.893483511077322
leaf_weight=53 50 73 95 51 63 61 58 181
leaf_count=53 50 73 95 51 63 61 58 181
internal_value=0.706168 -3.97773 12.082 -9.79651 -13.0118 -19.9153 6.48549 -10.0084
internal_weight=685 632 168 464 413 305 108 242
internal_count=685 632 168 464 413 305 108 242
is_linear=0
shrinkage=0.03


Tree=71
num_leaves=9
num_cat=0
split_feature=24 3 24 0 3 24 24 24
split_gain=6.59928e+08 7.94014e+07 7.58037e+07 1.16127e+08 6.89791e+07 4.90807e+07 4.07067e+07 2.73418e+07
threshold=13377.777777777779 38.95000000000001 6620.3694444444454 89.950000000000017 55.350000000000001 1.0000000180025095e-35 8587.9638888888912 4564.8138888888898
decision_type=2 2 2 2 2 2 2 2
left_child=1 -1 4 -4 -3 -6 -5 -7
right_child=-2 2 3 6 5 7 -8 -9
leaf_value=27.458440665697736 105.28723055223348 -49.769764655770267 -34.327740745043435 4.2736683403779754 6.7095871897905077 -37.974793431505589 35.764879417970512 -14.449035585484184
leaf_weight=53 50 55 53 91 81 59 62 181
leaf_count=53 50 55 53 91 81 59 62 181
internal_value=0.685624 -7.59654 -10.8013 3.82292 -18.8103 -13.4641 17.0799 -20.2727
internal_weight=685 635 582 206 376 321 153 240
internal_count=685 635 582 206 376 321 153 240
is_linear=0
shrinkage=0.03


Tree=72
num_leaves=9
num_cat=0
split_feature=24 3 24 0 3 24 24 24
split_gain=6.2115e+08 7.47331e+07 7.13402e+07 1.093e+08 6.49275e+07 4.61896e+07 3.83128e+07 2.58981e+07
threshold=13377.777777777779 38.95000000000001 6620.3694444444454 89.950000000000017 55.350000000000001 1.0000000180025095e-35 8587.9638888888912 4699.0750000000007
decision_type=2 2 2 2 2 2 2 2
left_child=1 -1 4 -4 -3 -6 -5 -7
right_child=-2 2 3 6 5 7 -8 -9
leaf_value=26.639323956809839 102.1474527881539 -48.284772310998513 -33.303704259918959 4.1458795885501791 6.5090424904348234 -34.999283001005736 34.697099857667098 -13.30236146395653
leaf_weight=53 50 55 53 91 81 70 62 170
leaf_count=53 50 55 53 91 81 70 62 170
internal_value=0.665619 -7.36952 -10.4787 3.70849 -18.2482 -13.0615 16.5698 -19.6665
internal_weight=685 635 582 206 376 321 153 240
internal_count=685 635 582 206 376 321 153 240
is_linear=0
shrinkage=0.03


Tree=73
num_leaves=10
num_cat=0
split_feature=0 1 7 0 26 3 28 11 4
split_gain=1.73721e+08 1.33445e+08 1.66566e+08 6.19291e+07 5.08205e+07 1.38493e+07 9.7871e+06 4.6141e+06 1.93897e+06
threshold=14.500000000000002 0.18333333333333332 19.350000000000005 239.25000000000003 9.0500000000000025 68.550000000000011 -0.2093068927635835 2.5000000000000004 1011.2500000000001
decision_type=2 2 2 2 2 2 2 2 2
left_child=-1 2 -2 4 6 7 -3 -5 -7
right_child=1 3 -4 5 -6 8 -8 -9 -10
leaf_value=52.65877321855212 -69.404862361115207 -3.4096137297465541 -3.1679784883584357 -4.1161759288008044 38.299099032652506 -7.7936460864348058 12.961078327914258 7.5287934900991953 -14.361516310855212
leaf_weight=53 56 57 87 54 65 91 77 70 75
leaf_count=53 56 57 87 54 65 91 77 70 75
internal_value=0.646232 -3.73848 -29.198 3.72004 16.5953 -5.12306 6.0053 2.45983 -10.7817
internal_weight=685 632 143 489 199 290 134 124 166
internal_count=685 632 143 489 199 290 134 124 166
is_linear=0
shrinkage=0.03


Tree=74
num_leaves=11
num_cat=0
split_feature=0 1 7 0 2 3 0 21 27 20
split_gain=1.63511e+08 1.25598e+08 1.56774e+08 5.82842e+07 4.84933e+07 1.30338e+07 7.20959e+06 4.99652e+06 2.10219e+06 3.16082e+06
threshold=14.500000000000002 0.18333333333333332 19.350000000000005 239.25000000000003 5.9500000000000011 68.550000000000011 102.05000000000003 1.0022727272727276 0.59125596962661842 18.896200000000007
decision_type=2 2 2 2 2 2 2 2 2 2
left_child=-1 2 -2 4 -3 7 -6 -5 9 -7
right_child=1 3 -4 5 6 8 -8 -9 -10 -11
leaf_value=51.087899653164577 -67.333811014558236 38.046939881326296 -3.0732653690613425 -2.7298277487695466 15.006789133953072 -3.8662990963620842 0.7933738403055095 9.4453173605661789 -15.609144426122104 -13.874898519037851
leaf_weight=53 56 62 87 72 51 66 86 52 50 50
leaf_count=53 56 62 87 72 51 66 86 52 50 50
internal_value=0.626965 -3.62694 -28.3266 3.60898 16.0996 -4.96995 6.10579 2.38628 -10.4594 -8.20509
internal_weight=685 632 143 489 199 290 137 124 166 116
internal_count=685 632 143 489 199 290 137 124 166 116
is_linear=0
shrinkage=0.03


Tree=75
num_leaves=10
num_cat=0
split_feature=24 0 24 24 10 24 24 10 10
split_gain=9.57656e+08 1.09472e+08 1.74605e+08 3.68161e+07 5.30411e+07 6.43582e+07 1.56834e+07 4.64406e+06 1.24092e+06
threshold=13536.111111111113 52.600000000000009 7657.4083333333338 5326.3888888888896 3.5000000000000004 1.0000000180025095e-35 9347.2222222222244 7.5000000000000009 4.5000000000000009
decision_type=2 2 2 2 2 2 2 2 2
left_child=1 -1 3 4 -3 -6 -4 8 -5
right_child=-2 2 6 7 5 -7 -8 -9 -10
leaf_value=-53.201051496198588 125.22139393133388 -49.361673380901756 15.186818523055074 -5.1424689211164205 4.7700767409727254 -29.765358840682499 36.623632262971242 -11.76355376004293 0.95096223226407683
leaf_weight=50 50 55 81 69 80 123 50 81 53
leaf_count=50 50 55 81 69 80 123 50 81 53
internal_value=-0.836785 -10.7083 -7.09426 -15.7789 -23.2936 -16.1683 23.4339 -6.20789 -2.49941
internal_weight=692 642 592 461 258 203 131 203 122
internal_count=692 642 592 461 258 203 131 203 122
is_linear=0
shrinkage=0.03


Tree=76
num_leaves=8
num_cat=0
split_feature=20 8 20 21 1 20 28
split_gain=9.61508e+07 7.46045e+07 1.42646e+08 5.94042e+07 1.08148e+08 9.09112e+07 3.07071e+07
threshold=1.01285 1.2500000000000002 4.2938999999999998 1.0416506348595616 0.6000000000000002 11.453900000000003 0.021516097436222247
decision_type=2 2 2 2 2 2 2
left_child=-1 -2 -3 4 5 -4 -6
right_child=1 2 3 -5 6 -7 -8
leaf_value=38.710167089094192 -37.615222798368549 47.450435816194144 -63.230145497461514 19.525199416681701 -5.3781553627744252 -12.924017082724133 15.585594197773011
leaf_weight=51 54 50 51 74 239 88 85
leaf_count=51 54 50 51 74 239 88 85
internal_value=-0.811246 -3.97235 -0.859783 -5.38194 -9.37286 -31.4781 0.130896
internal_weight=692 641 587 537 463 139 324
internal_count=692 641 587 537 463 139 324
is_linear=0
shrinkage=0.03


Tree=77
num_leaves=10
num_cat=0
split_feature=24 0 24 24 28 1 24 10 28
split_gain=9.05014e+08 1.00263e+08 1.6142e+08 3.29506e+07 4.80455e+07 5.10605e+07 1.44888e+07 2.97163e+06 2.06705e+06
threshold=13536.111111111113 52.600000000000009 7657.4083333333338 5486.1111111111122 0.12447926388678894 0.6000000000000002 9347.2222222222244 7.5000000000000009 -0.37370587188196386
decision_type=2 2 2 2 2 2 2 2 2
left_child=1 -1 3 4 5 -3 -4 8 -5
right_child=-2 2 6 7 -6 -7 -8 -9 -10
leaf_value=-51.049629765353188 121.75760066553804 4.6063147923242704 14.5022919391618 2.1476471433583755 -41.712599447842301 -26.304673181852497 35.10555782613887 -10.111119737545978 -6.048122231972159
leaf_weight=50 50 80 81 51 78 120 50 72 60
leaf_count=50 50 80 81 51 78 120 50 72 60
internal_value=-0.78688 -10.3833 -6.92448 -15.2747 -21.7774 -13.9519 22.4284 -5.37677 -2.28678
internal_weight=692 642 592 461 278 200 131 183 111
internal_count=692 642 592 461 278 200 131 183 111
is_linear=0
shrinkage=0.03


Tree=78
num_leaves=8
num_cat=0
split_feature=20 8 20 21 11 20 8
split_gain=9.10274e+07 7.02801e+07 1.33625e+08 5.63769e+07 4.06574e+07 3.73467e+07 2.85036e+07
threshold=1.01285 1.2500000000000002 4.2938999999999998 1.0416506348595616 3.5000000000000004 11.277800000000001 16.550000000000004
decision_type=2 2 2 2 2 2 2
left_child=-1 -2 -3 4 5 -4 -6
right_child=1 2 3 -5 6 -7 -8
leaf_value=37.691330350463147 -36.491720675473715 45.940133690047212 -28.685428389651879 19.06983847933855 18.752536086345689 -7.3772580292390746 -8.4856698590986959
leaf_weight=51 54 50 114 74 66 211 72
leaf_count=51 54 50 114 74 66 211 72
internal_value=-0.762716 -3.83846 -0.817458 -5.19429 -9.08221 -14.8711 4.55365
internal_weight=692 641 587 537 463 325 138
internal_count=692 641 587 537 463 325 138
is_linear=0
shrinkage=0.03


Tree=79
num_leaves=11
num_cat=0
split_feature=24 1 24 28 24 24 24 14 14 2
split_gain=8.51941e+08 9.19565e+07 1.97158e+08 9.56503e+07 5.20206e+07 1.8851e+07 1.59833e+07 5.2746e+06 2.23492e+06 810759
threshold=13536.111111111113 0.6000000000000002 8120.3694444444454 -0.081676395330422633 5326.3888888888896 9395.8333333333339 4125.0000000000009 208.00000000000003 115.50000000000001 15.747000000000002
decision_type=2 2 2 2 2 2 2 2 2 2
left_child=1 3 4 -1 6 -4 -3 8 -6 -8
right_child=-2 2 5 -5 7 -7 9 -9 -10 -11
leaf_value=-11.997304470526036 118.15768384565655 -41.179988585523297 20.110865846768046 -62.07648180114856 -4.457523681135827 45.401331171145735 -23.317447905978831 -10.405390811995375 3.1705922272388154 -17.675763775735927
leaf_weight=91 50 50 58 55 79 50 53 91 61 54
leaf_count=91 50 50 58 55 79 50 53 91 61 54
internal_value=-0.739309 -10.0501 -3.88266 -30.9514 -13.8633 31.9128 -27.1709 -4.79523 -1.13411 -20.5277
internal_weight=692 642 496 146 388 108 157 231 140 107
internal_count=692 642 496 146 388 108 157 231 140 107
is_linear=0
shrinkage=0.03


Tree=80
num_leaves=10
num_cat=0
split_feature=24 0 24 28 24 26 26 24 28
split_gain=1.98682e+08 5.56077e+07 1.07444e+08 3.44194e+07 2.85629e+07 1.81928e+07 1.82122e+07 4.3689e+06 2.96183e+06
threshold=10694.444444444447 81.40000000000002 5486.1111111111122 0.48250774176121808 8120.3694444444454 7.0999999999999996 5.700000000000002 7201.3888888888896 -0.317191288589106
decision_type=2 2 2 2 2 2 2 2 2
left_child=1 -1 3 5 7 6 -3 8 -4
right_child=-2 2 4 -5 -6 -7 -8 -9 -10
leaf_value=15.949862213615809 42.977667747391727 -16.416712146615083 -1.5473203598326117 -47.301293584148638 18.168686395542252 -10.0508663758075 -41.23021106939904 2.8831689780405205 -10.298751104891227
leaf_weight=79 79 58 60 50 72 97 50 62 83
leaf_count=79 79 58 60 50 72 97 50 62 83
internal_value=-1.69956 -7.49443 -10.9829 -25.0223 1.95463 -19.5272 -27.9869 -3.75825 -6.63781
internal_weight=690 611 532 255 277 205 108 205 143
internal_count=690 611 532 255 277 205 108 205 143
is_linear=0
shrinkage=0.03


Tree=81
num_leaves=9
num_cat=0
split_feature=24 6 24 28 14 11 14 24
split_gain=1.86988e+08 5.32532e+07 4.53614e+07 3.66094e+07 4.92827e+07 1.97043e+07 1.88066e+07 8.41268e+06
threshold=10694.444444444447 1.9500000000000002 7143.5194444444451 0.82392300575755406 80.500000000000014 1.5000000000000002 300.00000000000006 8120.3694444444454
decision_type=2 2 2 2 2 2 2 2
left_child=1 -1 3 4 -3 -6 7 -4
right_child=-2 2 6 -5 5 -7 -8 -9
leaf_value=21.993223177591958 41.693214725528051 14.29118109761022 1.7167736305432755 -38.698178196776425 -28.597786300484035 -11.531268271997424 -12.427854321367937 17.600365382827576
leaf_weight=51 79 54 62 53 89 194 50 58
leaf_count=51 79 54 62 53 89 194 50 58
internal_value=-1.64918 -7.27092 -9.94641 -15.5801 -11.9131 -16.9231 2.98259 9.41866
internal_weight=690 611 560 390 337 283 170 120
internal_count=690 611 560 390 337 283 170 120
is_linear=0
shrinkage=0.03


Tree=82
num_leaves=9
num_cat=0
split_feature=24 6 24 28 7 30 14 24
split_gain=1.75976e+08 5.01214e+07 4.26893e+07 3.44613e+07 4.70552e+07 2.13005e+07 1.77012e+07 7.91802e+06
threshold=10694.444444444447 1.9500000000000002 7143.5194444444451 0.82392300575755406 14.850000000000003 1.0000000180025095e-35 300.00000000000006 8120.3694444444454
decision_type=2 2 2 2 2 2 2 2
left_child=1 -1 3 4 -3 -6 7 -4
right_child=-2 2 6 -5 5 -7 -8 -9
leaf_value=21.337285687184472 40.44714966128182 12.979946269563705 1.6655184666341225 -37.543767636640879 -10.916357433618341 -28.662731451849606 -12.057242252357439 17.075071503261348
leaf_weight=51 79 58 62 53 189 90 50 58
leaf_count=51 79 58 62 53 189 90 50 58
internal_value=-1.59963 -7.05332 -9.64894 -15.1142 -11.5564 -16.6657 2.89348 9.13755
internal_weight=690 611 560 390 337 279 170 120
internal_count=690 611 560 390 337 279 170 120
is_linear=0
shrinkage=0.03


Tree=83
num_leaves=10
num_cat=0
split_feature=24 0 24 28 24 4 4 23 24
split_gain=1.65612e+08 5.16909e+07 9.78669e+07 3.11746e+07 2.43272e+07 1.71043e+07 2.04252e+07 3.61917e+06 3.47556e+06
threshold=10694.444444444447 81.40000000000002 5486.1111111111122 0.48250774176121808 8120.3694444444454 1001.9500000000002 1006.85 -0.68301270189221952 7236.1111111111122
decision_type=2 2 2 2 2 2 2 2 2
left_child=1 -1 3 5 7 -3 -7 -4 -9
right_child=-2 2 4 -5 -6 6 -8 8 -10
leaf_value=15.760718181076147 39.238324947477437 -33.405020937557104 3.8702054879963992 -44.806842596270215 17.104856218520041 1.7371531475954611 -21.238437502956106 -8.5314071957102673 1.0192844101978324
leaf_weight=79 79 51 50 50 72 53 101 104 51
leaf_count=79 79 51 50 50 72 53 101 104 51
internal_value=-1.55158 -6.84225 -10.2057 -23.6049 2.14145 -18.3757 -13.3432 -3.13126 -5.39297
internal_weight=690 611 532 255 277 205 154 205 155
internal_count=690 611 532 255 277 205 154 205 155
is_linear=0
shrinkage=0.03


Tree=84
num_leaves=10
num_cat=0
split_feature=1 1 29 6 10 2 26 21 3
split_gain=1.15128e+08 8.29898e+08 1.81261e+08 5.1089e+07 1.19791e+07 6.71009e+06 9.85604e+06 8.42832e+06 6.13449e+06
threshold=0.095454545454545472 0.18333333333333332 1.0000000180025095e-35 4.8500000000000005 9.5000000000000018 15.597000000000003 7.1499999999999995 0.64850320604842582 58.95000000000001
decision_type=2 2 2 2 2 2 2 2 2
left_child=2 -2 -1 4 5 7 -7 -3 -6
right_child=1 3 -4 -5 8 6 -8 -9 -10
leaf_value=62.482067275344825 -117.53418218629916 -1.1511588253187612 -11.737492309107147 29.98748759192878 17.638283535708965 -4.172166930515969 9.0857824614240634 -16.315095069650152 3.1825918298589189
leaf_weight=59 55 96 59 63 50 107 95 50 56
leaf_count=59 55 96 59 63 50 107 95 50 56
internal_value=-1.50542 -7.07381 25.4366 4.73862 1.21742 -1.47377 2.06719 -6.36716 10.0319
internal_weight=690 572 118 517 454 348 202 146 106
internal_count=690 572 118 517 454 348 202 146 106
is_linear=0
shrinkage=0.03


Tree=85
num_leaves=10
num_cat=0
split_feature=3 4 24 24 24 5 24 3 3
split_gain=1.90482e+08 9.4459e+07 2.25083e+08 7.1979e+07 4.98382e+07 8.07624e+07 3.36669e+07 1.26472e+07 2.07696e+06
threshold=44.150000000000006 1015.4500000000002 6768.5194444444451 10694.444444444447 7143.5194444444451 15.65 1.0000000180025095e-35 71.850000000000009 64.550000000000011
decision_type=2 2 2 2 2 2 2 2 2
left_child=-1 3 7 4 5 -2 -7 -3 -6
right_child=1 2 -4 -5 8 6 -8 -9 -10
leaf_value=42.940706833386031 -43.703899613362793 -19.748217730820656 65.127038279583573 -47.385520172422495 3.9291564172889752 10.936193080408966 -14.424170130008505 0.50580197358937196 12.356775277191218
leaf_weight=79 70 62 51 50 51 67 157 50 55
leaf_count=79 70 62 51 50 51 67 157 50 55
internal_value=-0.812547 -6.46948 13.0811 -13.5552 -9.294 -15.6483 -6.83418 -10.729 8.32459
internal_weight=692 613 163 450 400 294 224 112 106
internal_count=692 613 163 450 400 294 224 112 106
is_linear=0
shrinkage=0.03


Tree=86
num_leaves=9
num_cat=0
split_feature=1 1 24 4 24 24 24 24
split_gain=1.33784e+08 5.28336e+08 5.55584e+08 2.6299e+08 8.06485e+07 3.79809e+07 6.51907e+06 4.57263e+06
threshold=0.056250000000000008 0.18333333333333332 10083.333333333334 1005.7500000000001 7601.852777777779 4564.8138888888898 8552.7777777777792 5197.2222222222235
decision_type=2 2 2 2 2 2 2 2
left_child=3 -2 4 -1 5 -3 -6 -7
right_child=1 2 -4 -5 6 7 -8 -9
leaf_value=-14.354381640609818 -88.440052232787508 -31.703016931174865 98.115755927083995 76.710954406485371 8.2958127151438212 -16.09641154284072 23.16638040897859 -6.4315927213921062
leaf_weight=60 63 81 50 54 52 55 55 222
leaf_count=60 63 81 50 54 52 55 55 222
internal_value=-0.788033 -6.64947 3.40162 28.8699 -6.83937 -13.6683 15.983 -8.36597
internal_weight=692 578 515 114 465 358 107 277
internal_count=692 578 515 114 465 358 107 277
is_linear=0
shrinkage=0.03


Tree=87
num_leaves=10
num_cat=0
split_feature=3 4 0 24 24 7 4 3 24
split_gain=1.74557e+08 8.95358e+07 2.94259e+08 2.08742e+08 9.24694e+07 7.01742e+07 2.6472e+07 1.19556e+07 7.53389e+06
threshold=44.150000000000006 1015.4500000000002 36.650000000000006 6768.5194444444451 7319.4444444444453 18.550000000000004 1000.6500000000002 71.850000000000009 8629.6305555555573
decision_type=2 2 2 2 2 2 2 2 2
left_child=-1 2 -2 7 5 -4 -7 -3 -6
right_child=1 3 4 -5 8 6 -8 -9 -10
leaf_value=41.120612921071384 -80.712054329141552 -18.844220531710075 -43.464901242178556 62.976016068848949 11.221462483050573 -21.117826577024342 0.61103524754735705 0.84623195344837721 27.403499721161491
leaf_weight=79 51 62 55 51 50 72 167 50 55
leaf_count=79 51 62 55 51 50 72 167 50 55
internal_value=-0.763752 -6.17906 -13.0777 12.8551 -4.37849 -13.0078 -5.95313 -10.075 19.7518
internal_weight=692 613 450 163 399 294 239 112 105
internal_count=692 613 450 163 399 294 239 112 105
is_linear=0
shrinkage=0.03


Tree=88
num_leaves=10
num_cat=0
split_feature=3 4 1 24 24 28 24 3 24
split_gain=1.6428e+08 8.42751e+07 2.16783e+08 1.96475e+08 1.38664e+08 9.79476e+07 3.71714e+07 1.12524e+07 8.72686e+06
threshold=44.150000000000006 1015.4500000000002 0.18333333333333332 6768.5194444444451 8552.7777777777792 -0.46734190575957718 5041.666666666667 71.850000000000009 7069.4444444444453
decision_type=2 2 2 2 2 2 2 2 2
left_child=-1 2 5 7 6 -2 -4 -3 -8
right_child=1 3 4 -5 -6 -7 8 -9 -10
leaf_value=39.891661265831424 -23.762076555347093 -18.281616263381931 -27.008543538137094 61.097785068715524 41.454907145601304 -76.138787852103007 -6.0678956167293192 0.8209968949122648 8.0006926931770543
leaf_weight=79 82 62 72 51 61 53 124 50 58
leaf_count=79 82 62 72 51 61 53 124 50 58
internal_value=-0.741097 -5.99459 -12.6874 12.4719 0.953568 -44.4481 -8.81053 -9.77417 -1.57866
internal_weight=692 613 450 163 315 135 254 112 182
internal_count=692 613 450 163 315 135 254 112 182
is_linear=0
shrinkage=0.03


Tree=89
num_leaves=9
num_cat=0
split_feature=3 4 0 0 14 1 0 21
split_gain=1.54607e+08 7.93209e+07 2.70099e+08 1.31794e+08 4.00162e+07 3.05038e+07 8.92054e+06 6.42768e+06
threshold=44.150000000000006 1015.4500000000002 36.650000000000006 189.25000000000003 250.00000000000003 0.6000000000000002 560.85000000000002 1.117296083111049
decision_type=2 2 2 2 2 2 2 2
left_child=-1 2 -2 -3 5 -4 -7 -5
right_child=1 3 4 7 -6 6 -8 -9
leaf_value=38.699438906569796 -77.106842783431574 52.497309720795862 -24.592830962447845 -12.332040190597215 13.726504748195975 0.048297870923257748 -13.719358576102113 2.0201160409715437
leaf_weight=79 51 50 83 62 89 171 56 51
leaf_count=79 51 50 83 62 89 171 56 51
internal_value=-0.718864 -5.81533 -12.3085 12.1002 -3.97426 -9.06448 -3.36171 -5.86624
internal_weight=692 613 450 163 399 310 227 113
internal_count=692 613 450 163 399 310 227 113
is_linear=0
shrinkage=0.03


Tree=90
num_leaves=9
num_cat=0
split_feature=1 1 23 0 0 21 0 4
split_gain=2.15978e+08 5.36234e+08 5.3436e+08 1.50996e+08 4.70806e+07 6.21507e+07 6.44471e+06 2.87564e+06
threshold=0.095454545454545472 0.6000000000000002 -0.5 79.100000000000009 241.55000000000004 0.70635134066281757 730.4000000000002 1016.3000000000001
decision_type=2 2 2 2 2 2 2 2
left_child=2 -2 -1 -3 5 -5 7 -6
right_child=1 3 -4 4 6 -7 -8 -9
leaf_value=-21.108011199226787 -89.219689601309867 53.699711836018025 102.27932627766596 33.542461564115463 -2.7425395584565218 -4.0827898427628977 -15.05316023329976 -10.649901598504396
leaf_weight=65 60 52 61 72 166 87 72 55
leaf_count=65 60 52 61 72 166 87 72 55
internal_value=3.26699 -4.67153 38.7281 5.4408 -0.143031 12.9861 -7.27373 -4.72225
internal_weight=690 564 126 504 452 159 293 221
internal_count=690 564 126 504 452 159 293 221
is_linear=0
shrinkage=0.03


Tree=91
num_leaves=9
num_cat=0
split_feature=24 1 4 0 24 24 24 24
split_gain=3.8279e+08 1.38011e+08 2.06893e+08 1.54353e+08 8.99586e+07 3.86088e+07 7.00841e+06 6.99188e+06
threshold=13140.476190476193 1.0000000180025095e-35 1005.7500000000001 54.750000000000007 8120.3694444444454 4564.8138888888898 6009.2583333333341 9395.8333333333339
decision_type=2 2 2 2 2 2 2 2
left_child=1 2 -1 -3 5 -5 -7 -6
right_child=-2 3 -4 4 7 6 -8 -9
leaf_value=-11.55339480879295 82.857154781273309 -59.559111874165161 69.221718164939247 -29.764912879914984 12.590224573509332 -11.102088509495031 -1.8041015316932076 28.257743066486558
leaf_weight=60 50 50 54 79 53 137 156 51
leaf_count=60 50 50 54 79 53 137 156 51
internal_value=3.16959 -3.09189 26.7897 -9.57972 -4.29556 -11.1917 -6.15856 20.3326
internal_weight=690 640 114 526 476 372 293 104
internal_count=690 640 114 526 476 372 293 104
is_linear=0
shrinkage=0.03


Tree=92
num_leaves=9
num_cat=0
split_feature=24 1 23 0 24 24 24 24
split_gain=3.60296e+08 1.29895e+08 1.87382e+08 1.45289e+08 8.46673e+07 3.63365e+07 6.59512e+06 6.5811e+06
threshold=13140.476190476193 1.0000000180025095e-35 -0.68301270189221952 54.750000000000007 8120.3694444444454 4564.8138888888898 6009.2583333333341 9395.8333333333339
decision_type=2 2 2 2 2 2 2 2
left_child=1 2 -1 -3 5 -5 -7 -6
right_child=-2 3 -4 4 7 6 -8 -9
leaf_value=-15.970865848479264 80.386266327207665 -57.782994870134665 61.091537874062602 -28.875343547606228 12.214643834563178 -10.769753722680889 -1.7500823163162496 27.414968171147574
leaf_weight=52 50 50 62 79 53 137 156 51
leaf_count=52 50 50 62 79 53 137 156 51
internal_value=3.07553 -2.99919 25.9905 -9.29338 -4.16673 -10.857 -5.9742 19.7261
internal_weight=690 640 114 526 476 372 293 104
internal_count=690 640 114 526 476 372 293 104
is_linear=0
shrinkage=0.03


Tree=93
num_leaves=9
num_cat=0
split_feature=24 1 4 0 24 24 24 24
split_gain=3.39125e+08 1.22251e+08 1.88108e+08 1.36756e+08 7.96872e+07 3.41979e+07 6.2062e+06 6.19445e+06
threshold=13140.476190476193 1.0000000180025095e-35 1005.7500000000001 54.750000000000007 8120.3694444444454 4564.8138888888898 6009.2583333333341 9395.8333333333339
decision_type=2 2 2 2 2 2 2 2
left_child=1 2 -1 -3 5 -5 -7 -6
right_child=-2 3 -4 4 7 6 -8 -9
leaf_value=-11.345206800717026 77.989060719605718 -56.059844435583763 65.674526126714042 -28.012360235312848 11.850266915298089 -10.447367035073253 -1.6976806631838748 26.597328656291403
leaf_weight=60 50 50 54 79 53 137 156 51
leaf_count=60 50 50 54 79 53 137 156 51
internal_value=2.98413 -2.90941 25.2144 -9.0156 -4.04176 -10.5323 -5.79536 19.1378
internal_weight=690 640 114 526 476 372 293 104
internal_count=690 640 114 526 476 372 293 104
is_linear=0
shrinkage=0.03


Tree=94
num_leaves=9
num_cat=0
split_feature=24 24 4 0 24 24 24 24
split_gain=3.19196e+08 1.15063e+08 1.77051e+08 1.28725e+08 7.50001e+07 3.21851e+07 5.84022e+06 5.83052e+06
threshold=13140.476190476193 1.0000000180025095e-35 1005.7500000000001 54.750000000000007 8120.3694444444454 4564.8138888888898 6009.2583333333341 9395.8333333333339
decision_type=2 2 2 2 2 2 2 2
left_child=1 2 -1 -3 5 -5 -7 -6
right_child=-2 3 -4 4 7 6 -8 -9
leaf_value=-11.006544047303462 75.663342305936112 -54.388079074381828 63.715175729403839 -27.175168629113539 11.496759827919794 -10.134630779973451 -1.6468480383274422 25.804075264066284
leaf_weight=60 50 50 54 79 53 137 156 51
leaf_count=60 50 50 54 79 53 137 156 51
internal_value=2.89558 -2.82218 24.4622 -8.74612 -3.92054 -10.2173 -5.62188 18.567
internal_weight=690 640 114 526 476 372 293 104
internal_count=690 640 114 526 476 372 293 104
is_linear=0
shrinkage=0.03


Tree=95
num_leaves=9
num_cat=0
split_feature=22 1 1 24 24 24 24 26
split_gain=1.41377e+08 1.27578e+08 6.12096e+08 5.68294e+08 4.88092e+07 2.06219e+07 5.96857e+06 1.74824e+06
threshold=0.93301270189221952 0.18333333333333332 0.056250000000000008 9940.7416666666668 4201.3888888888896 7601.852777777779 5486.1111111111122 8.1500000000000039
decision_type=2 2 2 2 2 2 2 2
left_child=1 2 -1 4 -3 6 -6 -7
right_child=-2 3 -4 -5 5 7 -8 -9
leaf_value=21.614851429439433 41.63051172519333 -35.176849335787594 -98.709077421220982 97.958077228947701 -13.961975014047448 11.399274954331323 -4.8002836427423885 3.5964448107935447
leaf_weight=93 67 51 64 51 104 50 167 54
leaf_count=93 67 51 64 51 104 50 167 54
internal_value=0.287226 -4.09947 -27.529 3.62459 -7.72982 -3.97187 -8.32779 7.36989
internal_weight=701 634 157 477 426 375 271 104
internal_count=701 634 157 477 426 375 271 104
is_linear=0
shrinkage=0.03


Tree=96
num_leaves=10
num_cat=0
split_feature=22 1 1 24 24 24 24 0 24
split_gain=1.33057e+08 1.20082e+08 5.76078e+08 5.34896e+08 4.5998e+07 1.41634e+07 9.36584e+06 2.61368e+06 1.73123e+06
threshold=0.93301270189221952 0.18333333333333332 0.056250000000000008 9940.7416666666668 4842.5916666666672 7601.852777777779 4201.3888888888896 192.40000000000003 8552.7777777777792
decision_type=2 2 2 2 2 2 2 2 2
left_child=1 2 -1 4 6 7 -3 -6 -7
right_child=-2 3 -4 -5 5 8 -8 -9 -10
leaf_value=20.968491308083486 40.387162699933214 -34.127715804116768 -95.761621213826942 95.036521041156263 -11.479618525386432 3.0996637904335915 -15.798687647769327 -4.2075093923487463 10.862472134901015
leaf_weight=93 67 51 64 51 62 50 51 158 54
leaf_count=93 67 51 64 51 62 50 51 158 54
internal_value=0.278911 -3.97674 -26.7076 3.51696 -7.49875 -1.95953 -25.0365 -6.2698 7.15009
internal_weight=701 634 157 477 426 324 102 220 104
internal_count=701 634 157 477 426 324 102 220 104
is_linear=0
shrinkage=0.03


Tree=97
num_leaves=9
num_cat=0
split_feature=24 24 4 0 24 24 24 24
split_gain=1.34064e+08 1.06919e+08 1.36165e+08 8.74733e+07 5.46953e+07 2.83236e+07 7.31716e+06 5.33899e+06
threshold=13140.476190476193 1.0000000180025095e-35 1005.7500000000001 54.750000000000007 8120.3694444444454 4125.0000000000009 5541.666666666667 9618.0555555555566
decision_type=2 2 2 2 2 2 2 2
left_child=1 2 -1 -3 5 -5 -7 -6
right_child=-2 3 -4 4 7 6 -8 -9
leaf_value=-8.8817045590398909 47.459344930174815 -45.945374563116772 59.984484953074521 -30.824750948335197 7.3339273859868559 -12.853410701728315 -3.581765612668339 20.266126724201225
leaf_weight=53 50 51 50 52 65 122 206 52
leaf_count=53 50 51 50 52 65 122 206 52
internal_value=0.270659 -3.37384 24.6255 -8.64711 -4.79429 -10.3157 -7.03899 13.1188
internal_weight=701 651 103 548 497 380 328 117
internal_count=701 651 103 548 497 380 328 117
is_linear=0
shrinkage=0.03


Tree=98
num_leaves=9
num_cat=0
split_feature=24 1 29 0 24 24 24 24
split_gain=1.26185e+08 1.00634e+08 1.69067e+08 8.23354e+07 5.14775e+07 2.66609e+07 6.88592e+06 5.02543e+06
threshold=13140.476190476193 1.0000000180025095e-35 1.0000000180025095e-35 54.750000000000007 8120.3694444444454 4125.0000000000009 5541.666666666667 9618.0555555555566
decision_type=2 2 2 2 2 2 2 2
left_child=1 2 -1 -3 5 -5 -7 -6
right_child=-2 3 -4 4 7 6 -8 -9
leaf_value=63.294448857392752 46.044055494608031 -44.575073591979624 -13.428535783778438 -29.905312837852346 7.1149203792063789 -12.468754277662088 -3.4744688853324615 19.661630332465382
leaf_weight=50 50 51 53 52 65 122 206 52
leaf_count=50 50 51 53 52 65 122 206 52
internal_value=0.262961 -3.27283 23.8912 -8.38877 -4.65082 -10.0073 -6.82827 12.7273
internal_weight=701 651 103 548 497 380 328 117
internal_count=701 651 103 548 497 380 328 117
is_linear=0
shrinkage=0.03


Tree=99
num_leaves=10
num_cat=0
split_feature=22 1 1 24 24 24 24 23 26
split_gain=1.24119e+08 1.22536e+08 5.33038e+08 4.87429e+08 3.91896e+07 1.2186e+07 7.84318e+06 2.81307e+06 1.70883e+06
threshold=0.93301270189221952 0.18333333333333332 0.056250000000000008 9940.7416666666668 4842.5916666666672 7601.852777777779 4201.3888888888896 -0.68301270189221952 8.1500000000000039
decision_type=2 2 2 2 2 2 2 2 2
left_child=1 2 -1 4 6 7 -3 -6 -7
right_child=-2 3 -4 -5 5 8 -8 -9 -10
leaf_value=19.046768513277797 38.993221514448187 -31.30847909670824 -93.240154408385195 91.079389571697405 -0.50029415186713733 10.743999253087207 -14.534148605078983 -7.9033711750404585 3.0351050435903981
leaf_weight=93 67 51 64 51 66 50 51 154 54
leaf_count=93 67 51 64 51 66 50 51 154 54
internal_value=0.255485 -3.85474 -26.8167 3.71506 -6.80076 -1.68801 -22.9886 -5.68619 6.76163
internal_weight=701 634 157 477 426 324 102 220 104
internal_count=701 634 157 477 426 324 102 220 104
is_linear=0
shrinkage=0.03


Tree=100
num_leaves=8
num_cat=0
split_feature=24 3 27 0 24 11 2
split_gain=2.41604e+08 4.75094e+07 3.36787e+07 2.08795e+07 2.55193e+07 2.33545e+07 5.29087e+06
threshold=12791.666666666668 38.95000000000001 0.97109105924028427 60.350000000000009 7201.3888888888896 4.5000000000000009 15.597000000000003
decision_type=2 2 2 2 2 2 2
left_child=1 -1 3 -3 5 -5 -6
right_child=-2 2 -4 4 6 -7 -8
leaf_value=23.524012360297899 63.093796117236039 -23.131847293922014 -30.329278152192799 -9.8274202633127583 2.5858499312437897 11.267449942997525 14.785102556890129
leaf_weight=50 51 50 50 325 64 55 64
leaf_count=50 51 50 50 325 64 55 64
internal_value=0.38639 -4.50044 -6.81556 -4.69341 -2.86601 -6.76771 8.70586
internal_weight=709 658 608 558 508 380 128
internal_count=709 658 608 558 508 380 128
is_linear=0
shrinkage=0.03


Tree=101
num_leaves=10
num_cat=0
split_feature=0 1 8 0 26 0 26 11 26
split_gain=1.28048e+08 5.39763e+07 2.01965e+08 3.28219e+07 3.61696e+07 5.07011e+06 4.40939e+06 6.87728e+06 1.59299e+06
threshold=9.5000000000000018 0.6000000000000002 10.15 155.85000000000005 8.8500000000000032 93.250000000000014 9.7500000000000018 4.5000000000000009 4.4000000000000012
decision_type=2 2 2 2 2 2 2 2 2
left_child=-1 2 -2 4 5 -3 7 8 -5
right_child=1 3 -4 6 -6 -7 -8 -9 -10
leaf_value=45.093882907774386 -66.494281744291399 9.0370772799274395 7.6130696165838909 -8.8875127038639565 33.151295674799961 -4.369400927200469 -11.072259982284622 7.2787730897256377 -3.0536928268058166
leaf_weight=53 52 51 90 54 52 50 60 56 191
leaf_count=53 52 51 90 54 52 50 60 56 191
internal_value=0.375458 -3.25641 -19.6077 1.26967 12.9004 2.40683 -3.6663 -2.18045 -4.34885
internal_weight=709 656 142 514 153 101 361 301 245
internal_count=709 656 142 514 153 101 361 301 245
is_linear=0
shrinkage=0.03


Tree=102
num_leaves=10
num_cat=0
split_feature=24 3 1 8 24 24 23 24 0
split_gain=2.22654e+08 4.5156e+07 4.06838e+07 1.04101e+08 6.5658e+07 2.63452e+07 5.47747e+06 5.26101e+06 4.74787e+06
threshold=12791.666666666668 38.95000000000001 0.6000000000000002 12.15 7953.7027777777785 5118.0555555555566 -0.68301270189221952 9097.2222222222244 406.85000000000008
decision_type=2 2 2 2 2 2 2 2 2
left_child=1 -1 3 -3 5 8 -7 -6 -4
right_child=-2 2 4 -5 7 6 -8 -9 -10
leaf_value=22.99448284365311 60.562227288854054 -54.770371439972813 -26.644159002683271 -0.65150396363816254 11.907304947891381 5.0511705406243204 -5.2085028686380621 25.578356768485396 -14.615091632934259
leaf_weight=50 51 51 50 85 52 63 180 51 76
leaf_count=50 51 51 50 85 52 63 180 51 76
internal_value=0.364299 -4.32696 -6.58403 -21.022 -2.4132 -8.32574 -2.5456 18.7312 -19.4406
internal_weight=709 658 608 136 472 369 243 103 126
internal_count=709 658 608 136 472 369 243 103 126
is_linear=0
shrinkage=0.03


Tree=103
num_leaves=10
num_cat=0
split_feature=24 1 30 0 24 24 2 2 0
split_gain=2.09569e+08 2.78546e+07 1.58544e+08 4.26174e+07 4.05209e+07 1.46719e+07 4.89274e+06 4.48067e+06 3.74796e+06
threshold=12791.666666666668 1.0000000180025095e-35 -0.22252093395631442 56.850000000000009 7201.3888888888896 5300.9250000000011 17.400000000000002 15.597000000000003 390.75000000000006
decision_type=2 2 2 2 2 2 2 2 2
left_child=1 2 -1 -3 5 6 -5 -6 -7
right_child=-2 3 -4 4 7 8 -8 -9 -10
leaf_value=42.33378903070048 58.75598506102088 -32.797047239343705 -27.729446611456154 -21.962277008328812 2.7756198946871389 -8.193108819846719 -10.398076942717832 12.799875725189562 0.50647762099522364
leaf_weight=61 51 52 55 88 77 114 54 84 73
leaf_count=61 51 52 55 88 77 114 54 84 73
internal_value=0.353677 -4.19765 9.12824 -7.05317 -4.30275 -10.3348 -17.5959 8.0198 -4.80159
internal_weight=709 658 116 542 490 329 142 161 187
internal_count=709 658 116 542 490 329 142 161 187
is_linear=0
shrinkage=0.03


Tree=104
num_leaves=10
num_cat=0
split_feature=24 3 3 26 4 24 10 24 24
split_gain=1.97254e+08 4.22363e+07 3.09318e+07 1.77563e+07 3.61498e+07 3.01767e+07 1.82042e+07 9.98212e+06 4.17468e+06
threshold=12791.666666666668 38.95000000000001 51.45000000000001 7.0999999999999996 1009.2500000000001 4768.5194444444451 6.5000000000000009 6437.5000000000009 6009.2583333333341
decision_type=2 2 2 2 2 2 2 2 2
left_child=1 -1 -3 5 -5 6 -4 -6 -7
right_child=-2 2 3 4 7 8 -8 -9 -10
leaf_value=22.350965894543624 57.003615054303438 -22.251405642851459 -33.381067563373641 19.10534852516458 -12.758104962272231 -6.5554632151720504 -8.4865547152621215 3.4366448948927233 2.5637980953365704
leaf_weight=50 51 92 53 80 83 74 53 58 115
leaf_count=50 51 92 53 80 83 74 53 58 115
internal_value=0.343271 -4.0723 -6.25523 -3.39191 3.03554 -8.20528 -20.993 -6.10322 -1.01139
internal_weight=709 658 608 516 221 295 106 141 189
internal_count=709 658 608 516 221 295 106 141 189
is_linear=0
shrinkage=0.03


Tree=105
num_leaves=8
num_cat=0
split_feature=24 1 28 0 24 24 24
split_gain=2.4271e+08 7.80778e+07 1.37746e+08 4.66805e+07 4.10445e+07 1.91771e+07 6.35493e+06
threshold=12791.666666666668 1.0000000180025095e-35 -0.52705818521824699 56.850000000000009 8552.7777777777792 4201.3888888888896 6009.2583333333341
decision_type=2 2 2 2 2 2 2
left_child=1 2 -1 -3 5 -5 -7
right_child=-2 3 -4 4 -6 6 -8
leaf_value=-9.1259595241516962 66.653654147350991 -33.717696895487826 56.129221788016309 -24.520838915506999 16.59087515384779 -9.0827707912825453 -1.1781760258731357
leaf_weight=64 50 51 53 51 76 174 193
leaf_count=64 50 51 53 51 76 174 193
internal_value=3.12357 -1.70278 20.502 -6.47834 -3.64741 -7.33637 -4.93024
internal_weight=712 662 117 545 494 418 367
internal_count=712 662 117 545 494 418 367
is_linear=0
shrinkage=0.03


Tree=106
num_leaves=8
num_cat=0
split_feature=24 1 23 0 24 24 23
split_gain=2.28448e+08 7.34885e+07 1.53662e+08 4.39385e+07 3.86278e+07 1.80514e+07 6.7242e+06
threshold=12791.666666666668 1.0000000180025095e-35 -0.68301270189221952 56.850000000000009 8552.7777777777792 4201.3888888888896 -0.68301270189221952
decision_type=2 2 2 2 2 2 2
left_child=1 2 -1 -3 5 -5 -7
right_child=-2 3 -4 4 -6 6 -8
leaf_value=-14.760452045355613 64.665973100908715 -32.712081597534535 53.856646591109325 -23.789515522181638 16.095106049083942 2.083662122635626 -7.1804101068343993
leaf_weight=58 50 51 59 51 76 95 272
leaf_count=58 50 51 59 51 76 95 272
internal_value=3.03064 -1.65176 19.8905 -6.28485 -3.53832 -7.11703 -4.78259
internal_weight=712 662 117 545 494 418 367
internal_count=712 662 117 545 494 418 367
is_linear=0
shrinkage=0.03


Tree=107
num_leaves=8
num_cat=0
split_feature=24 1 23 0 24 24 23
split_gain=2.15025e+08 6.91657e+07 1.44626e+08 4.13578e+07 3.6353e+07 1.6992e+07 6.32742e+06
threshold=12791.666666666668 1.0000000180025095e-35 -0.68301270189221952 56.850000000000009 8552.7777777777792 4201.3888888888896 -0.68301270189221952
decision_type=2 2 2 2 2 2 2
left_child=1 2 -1 -3 5 -5 -7
right_child=-2 3 -4 4 -6 6 -8
leaf_value=-14.319917278976833 62.737563852116786 -31.736458655240238 52.249120019716514 -23.080003885191086 15.614151191552061 2.0213489770739175 -6.9652351253347007
leaf_weight=58 50 51 59 51 76 95 272
leaf_count=58 50 51 59 51 76 95 272
internal_value=2.94046 -1.6023 19.2968 -6.09705 -3.4324 -6.90414 -4.63923
internal_weight=712 662 117 545 494 418 367
internal_count=712 662 117 545 494 418 367
is_linear=0
shrinkage=0.03


Tree=108
num_leaves=8
num_cat=0
split_feature=24 24 23 0 24 24 24
split_gain=2.0239e+08 6.50973e+07 1.36122e+08 3.89287e+07 3.42122e+07 1.59948e+07 6.00859e+06
threshold=12791.666666666668 1.0000000180025095e-35 -0.68301270189221952 56.850000000000009 8552.7777777777792 4201.3888888888896 6009.2583333333341
decision_type=2 2 2 2 2 2 2
left_child=1 2 -1 -3 5 -5 -7
right_child=-2 3 -4 4 -6 6 -8
leaf_value=-13.892530760200724 60.86666194726174 -30.789931514360749 50.689576413957106 -22.391653071621008 15.147568588969278 -8.5378977341588307 -0.85230172924223302
leaf_weight=58 50 51 59 51 76 174 193
leaf_count=58 50 51 59 51 76 174 193
internal_value=2.85296 -1.55431 18.7208 -5.91487 -3.32965 -6.69762 -4.50018
internal_weight=712 662 117 545 494 418 367
internal_count=712 662 117 545 494 418 367
is_linear=0
shrinkage=0.03


Tree=109
num_leaves=9
num_cat=0
split_feature=24 24 8 24 3 24 24 28
split_gain=1.90498e+08 6.12685e+07 1.1108e+08 3.07848e+07 3.62269e+07 1.70439e+07 6.51617e+06 2.46023e+06
threshold=12791.666666666668 1.0000000180025095e-35 15.750000000000002 8763.8888888888905 47.45000000000001 5784.7222222222235 4201.3888888888896 -0.70862667826445969
decision_type=2 2 2 2 2 2 2 2
left_child=1 2 -1 4 -3 6 -6 -7
right_child=-2 3 -4 -5 5 7 -8 -9
leaf_value=51.278209353441383 59.051550531406285 -32.135198218039676 -7.5439263344674092 10.376137407813868 -21.334990751596379 5.9049742740001294 -8.8355362816758625 -1.6099274404516752
leaf_weight=51 50 53 66 89 50 53 152 148
leaf_count=51 50 53 66 89 50 53 152 148
internal_value=2.768 -1.50783 18.162 -5.73821 -8.88811 -5.80915 -11.9566 0.377416
internal_weight=712 662 117 545 456 403 202 201
internal_count=712 662 117 545 456 403 202 201
is_linear=0
shrinkage=0.03


Tree=110
num_leaves=7
num_cat=0
split_feature=0 20 24 25 14 23
split_gain=1.45072e+08 5.57828e+07 8.57042e+07 3.35475e+07 9.42024e+07 2.5449e+07
threshold=9.5000000000000018 2.8402000000000003 9819.4444444444471 9.4584350000000015 99.500000000000014 -0.9330127018922193
decision_type=2 2 2 2 2 2
left_child=-1 -2 3 -3 -5 -6
right_child=1 2 -4 4 5 -7
leaf_value=50.696410040481595 -25.351770989591763 16.485611247466398 38.553126099843595 -43.660102005384076 -19.095878428249822 3.3022941077081351
leaf_weight=52 76 76 52 50 53 318
leaf_count=52 76 76 52 50 53 318
internal_value=2.69964 -1.31608 2.02328 -1.81969 -5.13362 0.0896873
internal_weight=677 625 549 497 421 371
internal_count=677 625 549 497 421 371
is_linear=0
shrinkage=0.03


Tree=111
num_leaves=10
num_cat=0
split_feature=1 1 24 0 24 24 24 23 14
split_gain=1.96473e+08 6.83683e+08 4.18487e+08 3.30605e+08 1.8653e+07 6.10363e+06 3.97089e+06 3.33381e+06 1.46745e+06
threshold=0.095454545454545472 0.6000000000000002 9788.8888888888905 165.70000000000002 5541.666666666667 8013.8888888888896 4308.1472222222228 -0.68301270189221952 185.50000000000003
decision_type=2 2 2 2 2 2 2 2 2
left_child=3 -2 4 -1 6 7 -3 -6 -8
right_child=1 2 -4 -5 5 -7 8 -9 -10
leaf_value=96.002077129508123 -100.52749727315572 -16.965489099254899 88.499519667350526 -2.3851645934596788 5.7034565921677691 9.2739611145794623 -3.859326270139027 -3.1459592166707302 -10.846500626464723
leaf_weight=50 60 59 50 79 52 75 56 143 53
leaf_count=50 60 59 50 79 52 75 56 143 53
internal_value=2.61893 -5.22695 6.54487 35.8836 -2.86483 2.01925 -10.7039 -0.780933 -7.27729
internal_weight=677 548 488 129 438 270 168 195 109
internal_count=677 548 488 129 438 270 168 195 109
is_linear=0
shrinkage=0.03


Tree=112
num_leaves=9
num_cat=0
split_feature=0 6 3 27 8 28 2 27
split_gain=1.43856e+08 8.2089e+07 9.77855e+07 2.19415e+07 2.0298e+07 3.3509e+07 1.08759e+07 1.348e+07
threshold=9.5000000000000018 4.6500000000000012 46.000000000000007 -0.29259762607704992 3.8500000000000001 0.055916990100603255 10.850000000000003 -0.86510693744703493
decision_type=2 2 2 2 2 2 2 2
left_child=-1 2 -2 6 -5 -6 -4 -8
right_child=1 -3 3 4 5 -7 7 -9
leaf_value=50.336514736197422 -38.945417962582354 24.664808816393172 17.665177817344667 9.3298859608275606 -3.945920255660865 -31.533046397590731 -7.4508304113500259 11.753702065878953
leaf_weight=52 70 92 58 58 164 52 66 65
leaf_count=52 70 92 58 58 164 52 66 65
internal_value=2.54118 -1.45761 -5.97791 -0.971606 -6.39286 -10.6218 6.8854 2.08315
internal_weight=677 625 533 463 274 216 189 131
internal_count=677 625 533 463 274 216 189 131
is_linear=0
shrinkage=0.03


Tree=113
num_leaves=10
num_cat=0
split_feature=6 21 24 24 27 24 24 4 4
split_gain=1.23065e+08 1.31518e+08 2.02174e+08 1.42243e+08 6.83021e+07 1.39528e+08 5.1627e+07 2.63709e+07 3.44174e+07
threshold=4.6500000000000012 0.8204896021982141 8601.8527777777799 9995.3694444444463 0.18821973775956946 3791.6666666666674 5157.4083333333338 1018.1000000000001 1008.0500000000001
decision_type=2 2 2 2 2 2 2 2 2
left_child=1 3 7 4 6 -6 -1 8 -3
right_child=-2 2 -4 -5 5 -7 -8 -9 -10
leaf_value=32.684420751833301 33.501386151318634 11.323498421934952 66.201499816491548 -61.543990212472714 -60.896873784316213 0.27779264223171285 -5.5625565987721792 18.145843381602862 -18.835062851811891
leaf_weight=50 98 56 52 50 51 97 86 51 86
leaf_count=50 98 56 52 50 51 97 86 51 86
internal_value=2.46537 -2.80231 13.8821 -15.0424 -6.79913 -20.8832 8.53976 -0.295154 -6.94268
internal_weight=677 579 245 334 284 148 136 193 142
internal_count=677 579 245 334 284 148 136 193 142
is_linear=0
shrinkage=0.03


Tree=114
num_leaves=10
num_cat=0
split_feature=0 6 22 20 26 26 26 6 4
split_gain=1.36392e+08 7.17817e+07 6.00988e+07 2.8146e+07 3.93773e+07 2.03498e+07 1.73928e+07 1.32786e+07 8.05983e+06
threshold=9.5000000000000018 4.6500000000000012 -0.24999999999999994 6.6558500000000018 9.4500000000000046 7.6500000000000012 6.3000000000000034 2.8500000000000001 1008.5500000000001
decision_type=2 2 2 2 2 2 2 2 2
left_child=-1 2 5 4 -4 7 -5 -2 -8
right_child=1 -3 3 6 -6 -7 8 -9 -10
leaf_value=48.930504768911334 -7.6474697823381907 22.92549407413437 -10.362451254507461 -19.493573948403231 -42.200630114766938 18.028093883337981 9.4078861189783183 11.586361806691286 -6.667818258841967
leaf_weight=52 90 92 82 56 61 82 53 50 59
leaf_count=52 90 92 82 56 61 82 53 50 59
internal_value=2.39162 -1.50202 -5.72895 -14.2345 -24.0037 6.18956 -5.89097 -0.768094 0.944165
internal_weight=677 625 533 311 143 222 168 140 112
internal_count=677 625 533 311 143 222 168 140 112
is_linear=0
shrinkage=0.03


Tree=115
num_leaves=11
num_cat=0
split_feature=1 1 11 0 27 26 11 4 4 4
split_gain=1.20255e+08 3.81701e+08 1.18636e+08 9.38741e+07 1.13114e+07 1.02306e+07 1.44182e+07 2.93063e+06 1.46902e+06 2.17677e+06
threshold=0.18333333333333332 0.095454545454545472 1.5000000000000002 82.550000000000026 -0.47494667389482609 10.150000000000004 3.5000000000000004 1007.5500000000001 1005.1500000000002 1012.85
decision_type=2 2 2 2 2 2 2 2 2 2
left_child=1 2 -1 -2 8 6 7 -6 -5 -10
right_child=3 -3 -4 4 5 -7 -8 -9 9 -11
leaf_value=-27.306890964252769 42.881091391803224 -84.326719872733378 32.365702675972692 -10.619123621823496 6.574654133798516 -8.793374284949028 16.102014231325469 -2.0865928176931434 -0.021246062861345921 -8.6095548317313852
leaf_weight=52 51 62 70 51 52 50 84 107 52 54
leaf_count=52 51 62 70 51 52 50 84 107 52 54
internal_value=-3.18828 -23.9088 6.92682 4.43139 0.0480769 3.52897 6.07219 0.753007 -6.4424 -4.40846
internal_weight=685 184 122 501 450 293 243 159 157 106
internal_count=685 184 122 501 450 293 243 159 157 106
is_linear=0
shrinkage=0.03


Tree=116
num_leaves=11
num_cat=0
split_feature=1 1 24 21 24 24 14 14 27 14
split_gain=1.13185e+08 3.59245e+08 3.20701e+08 1.15195e+08 1.87167e+07 6.52508e+06 3.98371e+06 2.16667e+06 1.93675e+06 907806
threshold=0.18333333333333332 0.095454545454545472 9819.4444444444471 0.76003450655624583 5541.666666666667 7953.7027777777785 203.50000000000003 261.50000000000006 0.71163026189157008 115.50000000000001
decision_type=2 2 2 2 2 2 2 2 2 2
left_child=1 3 4 -1 6 7 8 9 -2 -6
right_child=2 -3 -4 -5 5 -7 -8 -9 -10 -11
leaf_value=-17.965068633305574 -3.5521821869217414 -81.809099532566719 76.149657087079575 40.988278762750461 -2.3964512404952183 8.1141424013456849 -17.05279159184256 -7.0387260934156961 -11.646606602888642 2.4431031835162789
leaf_weight=71 52 62 50 51 68 84 68 53 55 71
leaf_count=71 52 62 50 51 68 84 68 53 55 71
internal_value=-3.09321 -23.1954 4.29909 6.71938 -3.71191 1.15586 -11.378 -1.89625 -7.73388 0.0754245
internal_weight=685 184 501 122 451 276 175 192 107 139
internal_count=685 184 501 122 451 276 175 192 107 139
is_linear=0
shrinkage=0.03


Tree=117
num_leaves=11
num_cat=0
split_feature=1 1 24 11 24 24 2 4 0 28
split_gain=1.06525e+08 3.3812e+08 3.01859e+08 1.11036e+08 1.76155e+07 6.14096e+06 4.0878e+06 6.01253e+06 1.91578e+06 2.86925e+06
threshold=0.18333333333333332 0.095454545454545472 9819.4444444444471 1.5000000000000002 5541.666666666667 7953.7027777777785 15.747000000000002 1016.3000000000001 390.75000000000006 -0.18399835165767994
decision_type=2 2 2 2 2 2 2 2 2 2
left_child=1 3 4 -1 6 8 7 -2 9 -6
right_child=2 -3 -4 -5 5 -7 -8 -9 -10 -11
leaf_value=-26.599035002961894 -22.309726249171533 -79.366644692704156 73.87879018946623 31.130475001124875 1.1362431165185898 7.8715844273821745 -5.5209508148577706 -7.7608283089250891 2.4914285835217127 -7.832369153590677
leaf_weight=52 50 62 50 70 57 84 72 53 62 73
leaf_count=52 50 62 50 70 57 84 72 53 62 73
internal_value=-3.00059 -22.5024 4.17092 6.51949 -3.60118 1.12122 -11.0383 -14.8678 -1.83969 -3.90635
internal_weight=685 184 501 122 451 276 175 103 192 130
internal_count=685 184 501 122 451 276 175 103 192 130
is_linear=0
shrinkage=0.03


Tree=118
num_leaves=10
num_cat=0
split_feature=1 1 24 26 24 24 3 14 14
split_gain=1.00264e+08 3.18227e+08 2.84124e+08 1.09381e+08 1.65799e+07 5.7793e+06 4.03299e+06 1.96522e+06 805760
threshold=0.18333333333333332 0.095454545454545472 9819.4444444444471 7.0999999999999996 5541.666666666667 7953.7027777777785 74.200000000000003 261.50000000000006 115.50000000000001
decision_type=2 2 2 2 2 2 2 2 2
left_child=1 3 4 -1 6 7 -2 8 -6
right_child=2 -3 -4 -5 5 -7 -8 -9 -10
leaf_value=-24.443372446537865 -15.284754139516769 -76.99711147351212 71.67564635563086 32.422702152027796 -2.2358146567173618 7.6362772840452369 -6.1485450218217972 -6.6822658371478045 2.3236301327746509
leaf_weight=56 87 62 50 66 68 84 88 53 71
leaf_count=56 87 62 50 66 68 84 88 53 71
internal_value=-2.91101 -21.831 4.04655 6.32424 -3.49378 1.08771 -10.709 -1.78469 0.0930344
internal_weight=685 184 501 122 451 276 175 192 139
internal_count=685 184 501 122 451 276 175 192 139
is_linear=0
shrinkage=0.03


Tree=119
num_leaves=11
num_cat=0
split_feature=21 0 0 24 0 15 5 11 24 0
split_gain=7.85972e+07 2.27755e+08 1.29791e+08 5.52395e+07 3.72603e+07 2.89235e+07 2.02762e+07 2.61436e+07 1.51095e+07 3.62476e+06
threshold=0.80328537251069865 36.650000000000006 87.750000000000014 8736.1111111111131 499.75000000000006 1.0000000180025095e-35 18.350000000000005 2.5000000000000004 5326.3888888888896 318.80000000000007
decision_type=2 2 2 2 2 2 2 2 2 2
left_child=1 -1 -2 4 6 8 -3 -8 -4 -10
right_child=2 3 5 -5 -6 -7 7 -9 9 -11
leaf_value=-71.539145988327832 50.859885644393835 -12.771721385863927 -16.580606573459285 25.669784259071125 -28.428618566153737 16.297935192420926 -7.3352150308327415 21.120184967979167 -4.4653866227671966 6.1386209603567812
leaf_weight=50 53 90 78 51 63 68 61 55 62 54
leaf_count=50 53 90 78 51 63 68 61 55 62 54
internal_value=-2.82391 -12.1958 8.18539 -2.865 -8.29755 -0.495501 -2.10853 6.17617 -6.39798 0.473986
internal_weight=685 370 315 320 269 262 206 116 194 116
internal_count=685 370 315 320 269 262 206 116 194 116
is_linear=0
shrinkage=0.03


Tree=120
num_leaves=11
num_cat=0
split_feature=6 4 26 8 24 28 26 4 8 26
split_gain=6.71606e+07 9.18664e+07 8.0868e+07 4.75962e+07 9.31812e+07 3.18716e+07 1.8405e+07 1.75577e+07 1.71702e+07 1.43564e+07
threshold=4.6500000000000012 1015.9500000000002 8.6500000000000039 13.700000000000001 5006.9444444444453 -0.67758968959607091 6.7500000000000009 1012.0500000000001 19.550000000000004 5.700000000000002
decision_type=2 2 2 2 2 2 2 2 2 2
left_child=1 3 -3 4 -1 6 9 -6 -7 -5
right_child=-2 2 -4 5 7 8 -8 -9 -10 -11
leaf_value=-57.932434493286706 22.974935387495826 39.678880352520139 -6.5124049511137336 -8.6921541769762865 -18.411074530141217 20.836001197442439 2.0441733843649259 3.4991533976166473 -2.6155058734454406 -30.840208056546583
leaf_weight=50 88 68 68 56 89 55 56 52 57 50
leaf_count=50 88 68 68 56 89 55 56 52 57 50
internal_value=-1.45703 -5.04411 16.6197 -11.3868 -22.8704 -3.36559 -11.8641 -10.3404 8.92568 -19.197
internal_weight=689 601 136 465 191 274 162 141 112 106
internal_count=689 601 136 465 191 274 162 141 112 106
is_linear=0
shrinkage=0.03


Tree=121
num_leaves=10
num_cat=0
split_feature=0 0 24 14 24 26 24 24 24
split_gain=1.72237e+08 5.99156e+07 7.62159e+07 2.36443e+07 6.90824e+07 1.52065e+07 2.94378e+07 1.7932e+07 1.37715e+06
threshold=14.500000000000002 60.350000000000009 9347.2222222222244 111.50000000000001 4201.3888888888896 6.5500000000000007 3953.702777777778 3953.702777777778 6342.5916666666672
decision_type=2 2 2 2 2 2 2 2 2
left_child=-1 -2 3 4 -3 7 -7 -5 -6
right_child=1 2 -4 5 8 6 -8 -9 -10
leaf_value=50.923685029651644 -35.849653012818393 -44.986441539552054 32.403858916157517 -23.361582299115366 -6.2721105719726555 23.500209868565705 -3.1537574709477889 -2.3388747683380497 0.43098166647781944
leaf_weight=52 54 50 50 51 50 50 144 127 61
leaf_count=52 54 50 50 51 50 50 144 127 61
internal_value=-1.41379 -5.70821 -2.89936 -6.22749 -15.8207 -2.06614 3.74145 -8.39146 -2.59712
internal_weight=689 637 583 533 161 372 194 178 111
internal_count=689 637 583 533 161 372 194 178 111
is_linear=0
shrinkage=0.03


Tree=122
num_leaves=10
num_cat=0
split_feature=0 0 24 14 24 26 4 24 24
split_gain=1.62114e+08 5.63943e+07 7.17374e+07 2.22559e+07 6.50235e+07 1.43132e+07 3.68267e+07 1.68787e+07 1.29624e+06
threshold=14.500000000000002 60.350000000000009 9347.2222222222244 111.50000000000001 4201.3888888888896 6.5500000000000007 1007.2500000000001 3953.702777777778 6342.5916666666672
decision_type=2 2 2 2 2 2 2 2 2
left_child=-1 -2 3 4 -3 7 -7 -5 -6
right_child=1 2 -4 5 8 6 -8 -9 -10
leaf_value=49.404736764590552 -34.780104920192315 -43.644897129066422 31.437542695714747 -22.664833666260478 -6.0850697378941616 19.702013809187445 -6.9703188368609501 -2.2688739027923379 0.41811549132255321
leaf_weight=52 54 50 50 51 50 77 117 127 61
leaf_count=52 54 50 50 51 50 77 117 127 61
internal_value=-1.37149 -5.5378 -2.81274 -6.04161 -15.349 -2.00429 3.63015 -8.14101 -2.51967
internal_weight=689 637 583 533 161 372 194 178 111
internal_count=689 637 583 533 161 372 194 178 111
is_linear=0
shrinkage=0.03


Tree=123
num_leaves=9
num_cat=0
split_feature=0 1 4 0 27 27 3 21
split_gain=1.52587e+08 8.01082e+07 1.00227e+08 2.3192e+07 9.33854e+06 3.60834e+06 2.12003e+06 1.44465e+06
threshold=14.500000000000002 0.6000000000000002 1006.85 85.250000000000014 0.89391031859722891 -0.034420336615831361 62.850000000000001 0.6240183709606022
decision_type=2 2 2 2 2 2 2 2
left_child=-1 2 -2 -3 5 7 -7 -5
right_child=1 3 -4 4 -6 6 -8 -9
leaf_value=47.931095619566349 -3.8916767467701829 19.616248939023379 -53.635084564551875 -9.9527664549549097 9.048166770595417 -4.3329633194551125 2.6872617772102112 -4.4754468961918104
leaf_weight=52 88 51 62 61 62 64 97 152
leaf_count=52 88 51 62 61 62 64 97 152
internal_value=-1.33054 -5.37259 -24.5184 0.535915 -1.70789 -3.49683 -0.106199 -6.0559
internal_weight=689 637 150 487 436 374 161 213
internal_count=689 637 150 487 436 374 161 213
is_linear=0
shrinkage=0.03


Tree=124
num_leaves=10
num_cat=0
split_feature=27 24 26 1 1 24 14 24 24
split_gain=6.46556e+07 7.09764e+07 6.61479e+07 1.0341e+08 3.18129e+08 3.80282e+07 6.20992e+06 4.77271e+06 3.1202e+06
threshold=0.89391031859722891 5175.9250000000011 3.8000000000000007 0.18333333333333332 0.056250000000000008 8552.7777777777792 245.50000000000003 6208.102777777779 6009.2583333333341
decision_type=2 2 2 2 2 2 2 2 2
left_child=2 -2 -1 4 -4 6 8 -8 -5
right_child=1 -3 3 5 -6 -7 7 -9 -10
leaf_value=27.778346105427676 -3.8352663388490735 46.128109581683788 5.749968044612185 -4.9170205563572758 -82.702464569243631 17.784780562647899 -17.345264323942843 -4.5325903392364975 2.8003725149088154
leaf_weight=50 52 50 93 114 60 85 51 54 80
leaf_count=50 52 50 93 114 60 85 51 54 80
internal_value=-1.29059 20.7199 -5.12389 -8.20123 -29.0312 0.114355 -4.92177 -10.7877 -1.73513
internal_weight=689 102 587 537 153 384 299 105 194
internal_count=689 102 587 537 153 384 299 105 194
is_linear=0
shrinkage=0.03


Tree=125
num_leaves=10
num_cat=0
split_feature=6 1 1 24 0 24 24 23 0
split_gain=1.30298e+08 1.88495e+08 3.27222e+08 1.97467e+08 1.903e+08 1.30583e+07 4.44163e+06 4.98526e+06 3.61414e+06
threshold=4.6500000000000012 0.6000000000000002 0.095454545454545472 9618.0555555555566 316.45000000000005 4308.1472222222228 6291.666666666667 -0.24999999999999994 390.75000000000006
decision_type=2 2 2 2 2 2 2 2 2
left_child=1 2 4 5 -1 -3 8 -8 -7
right_child=-2 3 -4 -5 -6 6 7 -9 -10
leaf_value=39.688932712844938 30.886165468788942 -17.461963903443536 -89.472863566080747 59.170462838780814 -40.534127942450866 -10.383043100073326 8.9597743756614285 -1.6407900583792785 -0.90708520897966827
leaf_weight=51 97 52 60 51 55 66 59 122 80
leaf_count=51 97 52 60 51 55 66 59 122 80
internal_value=-1.30376 -6.55565 -33.6783 3.93114 -1.93308 -3.54302 -1.31561 1.8237 -5.20331
internal_weight=693 596 166 430 106 379 327 181 146
internal_count=693 596 166 430 106 379 327 181 146
is_linear=0
shrinkage=0.03


Tree=126
num_leaves=8
num_cat=0
split_feature=27 0 24 0 20 4 24
split_gain=1.26778e+08 2.14377e+08 9.64739e+07 8.57173e+07 2.73734e+07 2.03344e+07 1.96285e+07
threshold=0.86529924138975434 25.500000000000004 9819.4444444444471 374.90000000000003 1.4809000000000003 1000.5000000000001 3305.5555555555561
decision_type=2 2 2 2 2 2 2
left_child=1 -1 4 -2 -3 -6 -7
right_child=3 2 -4 -5 5 6 -8
leaf_value=-59.235414660123851 49.949085500390019 -25.987000871624197 37.904319994691228 -0.63398889124922808 -16.26579075341937 17.994776909223372 -2.3634928186341848
leaf_weight=63 65 50 52 56 78 50 279
leaf_count=63 65 50 52 56 78 50 279
internal_value=-1.26493 -7.16924 -0.693791 26.595 -5.1077 -2.52541 0.744017
internal_weight=693 572 509 121 457 407 329
internal_count=693 572 509 121 457 407 329
is_linear=0
shrinkage=0.03


Tree=127
num_leaves=10
num_cat=0
split_feature=22 0 4 21 2 4 25 29 14
split_gain=7.98479e+07 2.21178e+08 3.61477e+07 4.69052e+07 4.28576e+07 2.80031e+07 2.72613e+07 2.40477e+07 2.35214e+07
threshold=0.93301270189221952 25.500000000000004 1001.6500000000002 0.6658333333333335 11.150000000000002 1006.85 16.795880000000004 1.0000000180025095e-35 191.50000000000003
decision_type=2 2 2 2 2 2 2 2 2
left_child=1 -1 8 6 -5 -6 7 -4 -3
right_child=-2 2 3 4 5 -7 -8 -9 -10
leaf_value=-57.201067297951802 30.617229920798103 -28.964909128111007 22.357229531612003 -27.126278400811533 21.595832422673169 -2.5645902336628064 32.79916697889886 -6.1533318191442445 -0.19314004786530431
leaf_weight=64 64 51 53 51 56 185 65 53 51
leaf_count=64 64 51 53 51 56 185 65 53 51
internal_value=-1.22697 -4.48014 1.51896 5.08201 -2.227 3.06928 17.545 8.12473 -14.6219
internal_weight=693 629 565 463 292 241 171 106 102
internal_count=693 629 565 463 292 241 171 106 102
is_linear=0
shrinkage=0.03


Tree=128
num_leaves=10
num_cat=0
split_feature=6 0 27 3 3 21 27 20 21
split_gain=1.2189e+08 6.19123e+07 7.33476e+07 8.52231e+07 4.86845e+07 2.53658e+07 1.01409e+07 5.67939e+06 2.80818e+06
threshold=4.6500000000000012 42.000000000000007 0.18821973775956946 51.45000000000001 53.45000000000001 0.80328537251069865 -0.9549579116111756 20.465000000000003 0.63667604752970619
decision_type=2 2 2 2 2 2 2 2 2
left_child=1 -1 4 -4 -3 8 -6 -8 -5
right_child=-2 2 3 5 6 -7 7 -9 -10
leaf_value=-31.892788089120693 29.943647129964486 34.446713392511754 -46.067378274682802 -9.4251540008675292 13.849088308796969 8.2712864738360228 -4.9226151318448181 6.3981062510573841 -19.524041797645523
leaf_weight=74 97 50 59 51 50 78 126 58 50
leaf_count=74 97 50 59 51 50 78 126 58 50
internal_value=-1.19035 -6.26999 -2.62139 -14.8961 7.66997 -4.56178 1.91162 -1.34947 -14.4677
internal_weight=693 596 522 238 284 179 234 184 101
internal_count=693 596 522 238 284 179 234 184 101
is_linear=0
shrinkage=0.03


Tree=129
num_leaves=10
num_cat=0
split_feature=27 1 1 24 24 24 10 23 24
split_gain=1.16751e+08 1.38736e+08 2.65404e+08 1.32597e+08 5.95043e+07 1.25984e+07 5.32983e+06 4.02044e+06 1.65284e+06
threshold=0.86529924138975434 0.18333333333333332 0.095454545454545472 9754.6305555555573 5587.9638888888894 6009.2583333333341 7.5000000000000009 -0.24999999999999994 8120.3694444444454
decision_type=2 2 2 2 2 2 2 2 2
left_child=1 2 -1 5 -2 6 -3 -7 -9
right_child=4 3 -4 -5 -6 7 -8 8 -10
leaf_value=-0.71677914713498514 7.8584664355621774 -5.1157862580610152 -83.083034182289367 47.200947048343409 50.548619823872926 7.6564429816047852 -15.733526230623191 -4.1714986789494848 2.5344139248028137
leaf_weight=94 71 89 56 51 50 56 82 93 51
leaf_count=94 71 89 56 51 50 56 82 93 51
internal_value=-1.15489 -6.82091 -31.5714 1.99281 25.5805 -4.25488 -10.226 0.858075 -1.79609
internal_weight=693 572 150 422 121 371 171 200 144
internal_count=693 572 150 422 121 371 171 200 144
is_linear=0
shrinkage=0.03


Tree=130
num_leaves=9
num_cat=0
split_feature=6 1 8 0 14 28 0 14
split_gain=1.46246e+08 1.37951e+08 1.67921e+08 2.0683e+07 6.62439e+06 3.75322e+06 5.74551e+06 2.52422e+06
threshold=5.0500000000000007 0.18333333333333332 13.700000000000001 76.250000000000014 313.00000000000006 -0.49749486057528974 390.75000000000006 194.00000000000003
decision_type=2 2 2 2 2 2 2 2
left_child=1 2 -1 -3 5 7 -7 -5
right_child=-2 3 -4 4 -6 6 -8 -9
leaf_value=-67.572175339334621 38.99693531013704 18.941593857787506 -5.1970676084871803 4.9385220579278419 8.6020838008510445 -9.5742840890420524 0.49328990615507756 -3.6029751654516291
leaf_weight=67 67 51 92 71 52 121 88 55
leaf_count=67 67 51 92 71 52 121 88 55
internal_value=-2.92958 -7.65214 -31.5587 1.04191 -1.32978 -2.87779 -5.34063 1.21032
internal_weight=664 597 159 438 387 335 209 126
internal_count=664 597 159 438 387 335 209 126
is_linear=0
shrinkage=0.03


Tree=131
num_leaves=8
num_cat=0
split_feature=6 1 7 24 24 28 0
split_gain=1.37639e+08 1.29835e+08 2.10441e+08 4.63753e+07 9.14308e+06 3.91693e+06 3.03805e+06
threshold=5.0500000000000007 0.18333333333333332 21.350000000000005 9754.6305555555573 4865.7416666666677 -0.52705818521824699 459.70000000000005
decision_type=2 2 2 2 2 2 2
left_child=1 2 -1 4 -3 -6 -7
right_child=-2 3 -4 -5 5 6 -8
leaf_value=-71.986236299102941 37.8322435505996 -10.664892645438428 -1.8709597305022772 27.814211142244393 5.1519926954925639 -4.5933716202377033 3.6256119663465509
leaf_weight=65 67 94 94 51 93 144 56
leaf_count=65 67 94 94 51 93 144 56
internal_value=-2.84189 -7.42338 -30.6161 1.01106 -2.53992 0.0749381 -2.29003
internal_weight=664 597 159 438 387 293 200
internal_count=664 597 159 438 387 293 200
is_linear=0
shrinkage=0.03


Tree=132
num_leaves=8
num_cat=0
split_feature=5 8 7 21 0 14 4
split_gain=4.37892e+07 9.16977e+07 6.33786e+07 5.58865e+07 5.68997e+07 1.72427e+07 1.72034e+07
threshold=5.2500000000000009 6.7500000000000009 7.2000000000000002 1.0572801945668138 60.350000000000009 115.50000000000001 999.25000000000011
decision_type=2 2 2 2 2 2 2
left_child=2 -2 -1 4 -3 -6 -7
right_child=1 3 -4 -5 5 6 -8
leaf_value=3.0150850590308655 26.759153140549213 -34.380822286211512 -43.085113910917414 24.803294922101568 -19.505410482753732 -14.770096681106713 2.9138204655603221
leaf_weight=53 99 65 54 50 53 63 227
leaf_count=53 99 65 54 50 53 63 227
internal_value=-2.75683 0.623432 -20.3058 -5.03979 -8.71259 -3.82253 -0.939121
internal_weight=664 557 107 458 408 343 290
internal_count=664 557 107 458 408 343 290
is_linear=0
shrinkage=0.03


Tree=133
num_leaves=10
num_cat=0
split_feature=5 20 7 1 14 0 23 5 0
split_gain=4.12139e+07 2.05926e+08 5.96533e+07 3.67297e+07 1.12491e+08 3.51721e+06 3.0563e+06 5.4096e+06 1.62686e+06
threshold=5.2500000000000009 5.0515500000000015 7.2000000000000002 0.18333333333333332 187.50000000000003 93.250000000000014 -0.68301270189221952 13.15 366.60000000000008
decision_type=2 2 2 2 2 2 2 2 2
left_child=2 -2 -1 4 -3 -5 8 -8 -7
right_child=1 3 -4 5 -6 6 7 -9 -10
leaf_value=2.9251427661589786 54.474977177699827 -42.567585304033251 -41.799701565378932 6.5629532950056682 12.928954600389091 6.2573134944832356 3.6143974906429772 -6.9647950967533605 -1.2688794217637511
leaf_weight=53 57 77 54 52 57 50 61 150 53
leaf_count=53 57 77 54 52 57 50 61 150 53
internal_value=-2.67486 0.6045 -19.7 -5.5657 -18.9846 -0.641207 -1.83941 -3.90552 2.39209
internal_weight=664 557 107 500 134 366 314 211 103
internal_count=664 557 107 500 134 366 314 211 103
is_linear=0
shrinkage=0.03


Tree=134
num_leaves=11
num_cat=0
split_feature=6 27 24 21 0 0 2 28 10 0
split_gain=1.28362e+08 4.87374e+07 9.25548e+07 3.52942e+07 7.56418e+07 2.83041e+07 2.50983e+07 4.48083e+06 2.45353e+06 3.40382e+06
threshold=5.0500000000000007 0.085961614525331076 3555.5555555555561 1.0572801945668138 70.700000000000017 109.7 5.4500000000000011 -0.46734190575957718 4.5000000000000009 390.75000000000006
decision_type=2 2 2 2 2 2 2 2 2 2
left_child=1 3 -3 4 -1 -4 -6 -8 9 -7
right_child=-2 2 5 -5 6 8 7 -9 -10 -11
leaf_value=-36.98509349512058 36.684667689109453 -45.903663699094459 -25.828395149361778 20.361588642905403 18.770841113602444 -7.8842914153568131 1.4478644533344605 -9.7705100212416163 5.1382336670259088 2.7434609081418606
leaf_weight=50 67 70 50 67 69 55 71 58 54 53
leaf_count=50 67 70 50 67 69 55 71 58 54 53
internal_value=-2.59469 -7.01915 -16.0714 1.09234 -4.13174 -6.17017 4.20792 -3.60695 -0.0662401 -2.67558
internal_weight=664 597 282 315 248 212 198 129 162 108
internal_count=664 597 282 315 248 212 198 129 162 108
is_linear=0
shrinkage=0.03


Tree=135
num_leaves=10
num_cat=0
split_feature=24 21 2 0 29 3 27 7 21
split_gain=1.13688e+08 2.51942e+07 7.67694e+07 6.54633e+07 2.20534e+07 3.19818e+07 7.86061e+06 1.10448e+07 7.45898e+06
threshold=12688.750000000002 0.56546004185722054 10.15 95.600000000000009 0.87837969732492682 60.000000000000007 -0.2595093939220976 14.65 0.92121595218940355
decision_type=2 2 2 2 2 2 2 2 2
left_child=1 3 -3 -1 5 -4 -5 -8 -7
right_child=-2 2 4 6 -6 8 7 -9 -10
leaf_value=32.053690509028272 40.206366280895921 -41.858681005601269 -23.922676596729946 2.1374390709844828 11.641668824773301 2.717057862683494 -2.4595372770219575 -21.471542974189344 -8.6770782302765586
leaf_weight=50 51 60 86 56 58 119 57 53 91
leaf_count=50 51 60 86 56 58 119 57 53 91
internal_value=-2.74196 -6.23623 -10.5671 2.0678 -5.23252 -8.54742 -7.00557 -11.6534 -2.22569
internal_weight=681 630 414 216 354 296 166 110 210
internal_count=681 630 414 216 354 296 166 110 210
is_linear=0
shrinkage=0.03


Tree=136
num_leaves=10
num_cat=0
split_feature=24 6 24 27 24 0 21 14 14
split_gain=1.07006e+08 3.48469e+07 7.93153e+07 1.58451e+08 7.50081e+06 1.63279e+07 5.16453e+06 3.69503e+06 3.09e+06
threshold=12688.750000000002 5.0500000000000007 3680.5555555555561 0.24284747324344283 7069.4444444444453 151.40000000000003 0.74866666666666681 205.50000000000003 203.50000000000003
decision_type=2 2 2 2 2 2 2 2 2
left_child=1 2 3 -1 5 -4 7 -6 -7
right_child=-2 -3 4 -5 6 8 -8 -9 -10
leaf_value=11.848433510418205 39.007228946797333 14.885415396030361 -20.978040372391192 -56.981499491535814 0.42331238022725853 0.93810492268443979 -3.5913168702119962 11.425754518795177 -6.8749399612108215
leaf_weight=50 51 64 51 75 52 123 85 58 72
leaf_count=50 51 64 51 75 52 123 85 58 72
internal_value=-2.65983 -6.04985 -8.42374 -29.487 -2.43742 -5.91784 1.95556 6.23998 -1.95279
internal_weight=681 630 566 125 441 246 195 110 195
internal_count=681 630 566 125 441 246 195 110 195
is_linear=0
shrinkage=0.03


Tree=137
num_leaves=9
num_cat=0
split_feature=24 6 24 3 26 29 24 14
split_gain=1.00717e+08 3.27964e+07 7.4644e+07 9.58806e+07 7.65557e+06 9.69119e+06 6.09413e+06 5.43239e+06
threshold=12688.750000000002 5.0500000000000007 3680.5555555555561 65.550000000000011 9.0500000000000025 1.0000000180025095e-35 8736.1111111111131 203.50000000000003
decision_type=2 2 2 2 2 2 2 2
left_child=1 2 3 -1 6 -6 7 -4
right_child=-2 -3 4 -5 5 -7 -8 -9
leaf_value=-59.612122308793076 37.843855180349969 14.440935485744921 2.8024986407988997 -6.3651151357341114 -15.574418078662569 -0.18293713880593584 9.9404411470629359 -6.1445709827697241
leaf_weight=52 51 64 126 73 74 73 50 118
leaf_count=52 51 64 126 73 74 73 50 118
internal_value=-2.58017 -5.86905 -8.17204 -28.6056 -2.36468 -7.94703 0.431726 -1.52656
internal_weight=681 630 566 125 441 147 294 244
internal_count=681 630 566 125 441 147 294 244
is_linear=0
shrinkage=0.03


Tree=138
num_leaves=10
num_cat=0
split_feature=24 1 21 24 24 14 11 23 27
split_gain=9.47982e+07 2.56741e+07 8.99709e+07 2.91579e+07 1.22378e+07 3.5076e+06 2.77261e+06 1.17613e+06 774459
threshold=12688.750000000002 0.6000000000000002 0.61909511064081435 7953.7027777777785 4532.4083333333338 217.50000000000003 2.5000000000000004 -0.68301270189221952 -0.81403855522663837
decision_type=2 2 2 2 2 2 2 2 2
left_child=1 2 -1 4 -3 7 -5 -6 -7
right_child=-2 3 -4 6 5 8 -8 -9 -10
leaf_value=9.2117824205282357 36.715178695589479 -17.736482475882248 -37.577878135273259 14.723448041042879 1.9162587537152627 -5.4347243175794562 5.7800066939090717 -3.18129410463058 -10.456889146635046
leaf_weight=67 51 72 82 60 67 56 66 103 57
leaf_count=67 51 72 82 60 67 56 66 103 57
internal_value=-2.50306 -5.69385 -16.5619 -2.31899 -6.71878 -3.89985 10.0637 -1.17237 -7.98909
internal_weight=681 630 149 481 355 283 126 170 113
internal_count=681 630 149 481 355 283 126 170 113
is_linear=0
shrinkage=0.03


Tree=139
num_leaves=9
num_cat=0
split_feature=24 6 1 20 24 0 24 0
split_gain=8.92262e+07 3.08831e+07 9.70887e+07 2.09563e+08 2.62495e+07 1.11863e+07 1.00816e+07 5.2526e+06
threshold=12688.750000000002 5.0500000000000007 0.6000000000000002 8.8116000000000003 7787.0361111111115 136.55000000000004 4308.1472222222228 374.90000000000003
decision_type=2 2 2 2 2 2 2 2
left_child=1 2 3 -1 6 -6 -4 -8
right_child=-2 -3 4 -5 5 -7 7 -9
leaf_value=-77.704378377457118 35.620164161369814 14.18472893354496 -17.713324034395274 -0.57300369697744824 21.474005083563728 3.2784846004546879 -6.7870371745578026 1.9296345494089011
leaf_weight=51 51 64 51 83 51 75 148 107
leaf_count=51 51 64 51 83 51 75 148 107
internal_value=-2.42805 -5.52365 -7.7585 -30.037 -0.831962 10.6769 -5.57676 -3.13145
internal_weight=681 630 566 134 432 126 306 255
internal_count=681 630 566 134 432 126 306 255
is_linear=0
shrinkage=0.03


Tree=140
num_leaves=10
num_cat=0
split_feature=4 0 0 7 5 27 4 2 4
split_gain=6.78857e+07 1.25168e+08 1.1542e+08 2.38325e+07 1.79808e+07 1.7309e+07 1.47733e+07 2.27339e+07 3.13065e+06
threshold=1013.6500000000002 165.70000000000002 36.650000000000006 18.550000000000004 5.3500000000000005 0.68702731818199703 1000.7500000000001 13.15 1006.9500000000002
decision_type=2 2 2 2 2 2 2 2 2
left_child=2 -2 -1 5 -3 -4 -5 -8 -9
right_child=1 4 3 6 -6 -7 7 8 -10
leaf_value=-52.830372964959395 42.496936017012359 -20.256296444230966 -5.4414155206984471 -11.992699092554089 1.9484451625827752 -30.048427982922814 18.772528896028412 1.05380893224498 -7.4008889338712702
leaf_weight=51 71 52 53 77 88 50 61 88 71
leaf_count=51 71 52 53 77 88 50 61 88 71
internal_value=-3.89538 10.1404 -10.4644 -5.02719 -6.32464 -17.4392 -0.709393 3.25068 -2.72833
internal_weight=662 211 451 400 140 103 297 220 159
internal_count=662 211 451 400 140 103 297 220 159
is_linear=0
shrinkage=0.03


Tree=141
num_leaves=9
num_cat=0
split_feature=4 24 0 14 4 4 24 24
split_gain=6.38914e+07 1.92633e+08 1.08639e+08 2.16278e+07 1.96899e+07 1.69355e+07 2.16534e+07 3.06124e+06
threshold=1013.6500000000002 7813.8888888888896 36.650000000000006 120.50000000000001 1020.0500000000001 1000.7500000000001 4308.1472222222228 6041.666666666667
decision_type=2 2 2 2 2 2 2 2
left_child=2 4 -1 -4 -2 -5 -7 -8
right_child=1 -3 3 5 -6 6 7 -9
leaf_value=-51.254731789360271 -15.69498671109382 61.085646240962433 -17.01792239082544 -12.772756076923384 5.3461328681266655 20.690049397845865 -6.8676842782360223 1.3971705526724416
leaf_weight=51 88 50 99 79 73 50 64 108
leaf_count=51 88 50 99 79 73 50 64 108
internal_value=-3.77938 9.83726 -10.1522 -4.87716 -6.16235 -0.871024 3.37576 -1.68468
internal_weight=662 211 451 400 161 301 222 172
internal_count=662 211 451 400 161 301 222 172
is_linear=0
shrinkage=0.03


Tree=142
num_leaves=10
num_cat=0
split_feature=4 24 0 7 24 4 4 24 24
split_gain=6.0137e+07 1.81312e+08 1.02257e+08 2.16614e+07 3.25424e+07 1.85303e+07 1.31271e+07 2.55266e+07 1.95124e+06
threshold=1013.6500000000002 7813.8888888888896 36.650000000000006 18.550000000000004 7319.4444444444453 1020.0500000000001 1000.7500000000001 4236.1111111111122 7069.4444444444453
decision_type=2 2 2 2 2 2 2 2 2
left_child=2 5 -1 4 -4 -2 -5 -8 -9
right_child=1 -3 3 6 -6 -7 7 8 -10
leaf_value=-49.726081832082649 -15.225736787024871 59.264007253931247 -33.848570356236301 -11.250971352896746 -0.15955090774282618 5.1864051800112447 21.653925947668956 -5.1109636519171984 1.469715150757672
leaf_weight=51 88 50 50 77 53 73 51 102 67
leaf_count=51 88 50 50 77 53 73 51 102 67
internal_value=-3.6662 9.5443 -9.84898 -4.73118 -16.5643 -5.97805 -0.614815 3.11805 -2.50402
internal_weight=662 211 451 400 103 161 297 220 169
internal_count=662 211 451 400 103 161 297 220 169
is_linear=0
shrinkage=0.03


Tree=143
num_leaves=10
num_cat=0
split_feature=4 24 0 27 24 4 24 24 6
split_gain=5.66048e+07 1.70657e+08 9.62498e+07 2.05417e+07 4.94348e+07 1.7439e+07 1.19239e+07 4.64906e+06 2.0195e+06
threshold=1013.6500000000002 7813.8888888888896 36.650000000000006 0.17552986495352002 3763.8888888888891 1020.0500000000001 4236.1111111111122 6958.3333333333339 3.1500000000000008
decision_type=2 2 2 2 2 2 2 2 2
left_child=2 5 -1 6 -5 -2 -4 -8 -6
right_child=1 -3 3 4 8 -7 7 -9 -10
leaf_value=-48.243023464805198 -14.770516502665499 57.496690818490848 14.184838205861768 -35.732058516048824 2.3562536083999559 5.0314502382798869 -7.2669246484190744 2.6109377474532067 -5.3169684681903702
leaf_weight=51 88 50 51 55 60 73 85 86 63
leaf_count=51 88 50 51 55 60 73 85 86 63
internal_value=-3.5566 9.26007 -9.55505 -4.58985 -12.1731 -5.79927 1.49859 -2.30319 -1.57723
internal_weight=662 211 451 400 178 161 222 171 123
internal_count=662 211 451 400 178 161 222 171 123
is_linear=0
shrinkage=0.03


Tree=144
num_leaves=10
num_cat=0
split_feature=29 1 1 9 24 24 20 14 24
split_gain=5.32989e+07 1.59637e+08 1.33792e+08 2.17558e+07 2.89729e+07 1.56447e+07 3.83844e+06 2.12901e+06 1.39424e+06
threshold=0.6078576107927941 0.18333333333333332 0.095454545454545472 1.6500000000000001 8120.3694444444454 7236.1111111111122 5.1491000000000016 194.00000000000003 5394.4444444444453
decision_type=2 2 2 2 2 2 2 2 2
left_child=2 -2 -1 4 6 8 -4 -8 -3
right_child=1 5 3 -5 -6 -7 7 -9 -10
leaf_value=38.049856596321888 -57.622079935057769 -9.7836564862887681 -13.969863966722139 -18.007620456755362 13.353126435820588 14.047957220816945 -1.3863153600260942 -8.8858465589240172 -2.8232849948219312
leaf_weight=78 59 52 57 89 87 50 77 61 52
leaf_count=78 59 52 57 89 87 50 77 61 52
internal_value=-3.4503 -15.7981 2.41395 -5.1029 -1.0153 0.306229 -7.43654 -4.71347 -6.32169
internal_weight=662 213 449 371 282 154 195 138 104
internal_count=662 213 449 371 282 154 195 138 104
is_linear=0
shrinkage=0.03


Tree=145
num_leaves=11
num_cat=0
split_feature=0 11 1 26 21 23 0 29 14 0
split_gain=1.97381e+08 2.95213e+07 1.06749e+08 3.43068e+07 1.32982e+07 9.06454e+06 1.16565e+07 3.32805e+06 4.36404e+06 1.10903e+06
threshold=13.250000000000002 3.5000000000000004 0.6000000000000002 7.4500000000000011 0.77571496826155228 -0.24999999999999994 210.20000000000002 0.6078576107927941 262.50000000000006 270.30000000000007
decision_type=2 2 2 2 2 2 2 2 2 2
left_child=-1 2 -2 -3 -5 6 -4 9 -9 -7
right_child=1 3 5 4 -6 7 -8 8 -10 -11
leaf_value=58.732378536469753 -35.050104052603302 -5.5939786683226664 18.30262183471892 30.302758974981593 8.5970717679200614 -10.210486561351457 0.50432276193492831 -5.5071041310460949 6.9287676807141922 -3.894702830621374
leaf_weight=51 94 97 50 50 52 50 97 51 50 51
leaf_count=51 94 97 50 50 52 50 97 51 50 51
internal_value=2.10532 -2.41841 -6.72889 7.17291 19.2949 0.922703 6.58317 -3.20016 0.651467 -7.0424
internal_weight=693 642 443 199 102 349 147 202 101 101
internal_count=693 642 443 199 102 349 147 202 101 101
is_linear=0
shrinkage=0.03


Tree=146
num_leaves=10
num_cat=0
split_feature=0 7 7 29 14 3 26 1 25
split_gain=1.8578e+08 2.78573e+07 4.21458e+07 2.53208e+07 5.70962e+07 4.0821e+07 1.65864e+07 1.97599e+07 5.30205e+06
threshold=13.250000000000002 18.950000000000003 21.050000000000004 1.0000000180025095e-35 80.500000000000014 55.350000000000001 8.0500000000000025 0.6000000000000002 24.725935000000003
decision_type=2 2 2 2 2 2 2 2 2
left_child=-1 3 -3 4 -2 -5 7 -4 -9
right_child=1 2 6 5 -6 -7 -8 8 -10
leaf_value=56.980712169624908 20.409234773478648 27.518816580798745 -21.451602260453615 -38.783639087044726 -18.201371006862953 -5.6828673561027072 9.8413453653579666 4.0653842902263175 -6.7476826274768049
leaf_weight=51 64 54 53 54 74 88 88 97 70
leaf_count=51 64 54 53 54 74 88 88 97 70
internal_value=2.04298 -2.3458 3.14958 -9.44633 -0.289509 -18.3258 -1.14554 -5.54776 -0.470958
internal_weight=693 642 362 280 138 142 308 220 167
internal_count=693 642 362 280 138 142 308 220 167
is_linear=0
shrinkage=0.03


Tree=147
num_leaves=8
num_cat=0
split_feature=0 24 3 27 27 24 24
split_gain=1.74863e+08 5.3999e+07 2.83013e+07 1.61012e+07 1.82173e+07 2.54204e+07 1.04201e+07
threshold=13.250000000000002 10625.000000000002 42.95000000000001 0.97109105924028427 0.53436760985011655 4347.2222222222235 3902.7777777777778
decision_type=2 2 2 2 2 2 2
left_child=-1 2 -2 4 6 -6 -4
right_child=1 -3 3 -5 5 -7 -8
leaf_value=55.281286364103622 -25.881780002513761 27.567862980237773 -15.533528886145417 -18.586318694902424 25.227148386232894 -1.8561002098746318 -2.189844664615431
leaf_weight=51 52 50 64 52 50 82 292
leaf_count=51 52 50 64 52 50 82 292
internal_value=1.98205 -2.27583 -4.80911 -2.76663 -1.07053 8.43658 -4.59979
internal_weight=693 642 592 540 488 132 356
internal_count=693 642 592 540 488 132 356
is_linear=0
shrinkage=0.03


Tree=148
num_leaves=7
num_cat=0
split_feature=0 24 3 27 27 6
split_gain=1.64587e+08 5.08255e+07 2.66387e+07 1.51555e+07 1.72577e+07 1.4302e+07
threshold=13.250000000000002 10625.000000000002 42.95000000000001 0.97109105924028427 0.77753234098132629 4.2500000000000009
decision_type=2 2 2 2 2 2
left_child=-1 2 -2 4 5 -4
right_child=1 -3 3 -5 -6 -7
leaf_value=53.63254611545139 -25.109780756255635 26.745759428111505 -1.0003810557194597 -18.031927642603449 11.309808662591031 -15.806383868492668
leaf_weight=51 52 50 333 52 84 71
leaf_count=51 52 50 333 52 84 71
internal_value=1.92316 -2.20771 -4.66543 -2.68385 -1.03831 -3.61225
internal_weight=693 642 592 540 488 404
internal_count=693 642 592 540 488 404
is_linear=0
shrinkage=0.03


Tree=149
num_leaves=12
num_cat=0
split_feature=0 26 20 21 9 21 21 3 27 0 3
split_gain=1.54915e+08 2.6052e+07 4.94742e+07 4.23644e+07 1.9663e+07 2.18695e+07 2.92904e+07 2.39855e+07 8.98195e+06 1.44072e+07 4.55672e+06
threshold=13.250000000000002 6.6500000000000021 12.784500000000001 0.77571496826155228 0.45000000000000007 0.77571496826155228 0.97857961053837361 51.45000000000001 -0.73538978246754161 154.35000000000005 79.200000000000003
decision_type=2 2 2 2 2 2 2 2 2 2 2
left_child=-1 8 4 -4 5 7 -7 -3 -2 -10 -11
right_child=1 2 3 -5 -6 6 -8 -9 9 10 -12
leaf_value=52.032979179516168 0.87979346080600285 -31.823307794020234 40.333198556388112 1.3302389100531697 13.081945806543413 18.950280766098448 -10.245237256474097 -3.2980349597087879 -25.969808012030136 -13.632404397041951 -2.8922732733967593
leaf_weight=51 57 52 50 50 52 50 80 54 53 64 80
leaf_count=51 57 52 50 50 52 50 80 54 53 64 80
internal_value=1.86588 -2.14179 2.74767 20.8941 -3.56833 -7.24903 1.00152 -17.342 -9.60519 -12.6357 -7.68415
internal_weight=693 642 388 100 288 236 130 106 254 197 144
internal_count=693 642 388 100 288 236 130 106 254 197 144
is_linear=0
shrinkage=0.03


Tree=150
num_leaves=8
num_cat=0
split_feature=6 28 3 27 27 6 8
split_gain=9.19053e+07 3.72412e+07 5.31124e+07 4.97828e+07 7.42386e+07 4.8016e+07 1.85495e+07
threshold=5.2500000000000009 0.95989713290459389 56.45000000000001 0.86529924138975434 0.67125374152323958 3.2500000000000004 23.850000000000005
decision_type=2 2 2 2 2 2 2
left_child=1 2 5 4 6 -1 -4
right_child=-2 -3 3 -5 -6 -7 -8
leaf_value=-7.6639433881097645 35.168952196581166 19.682954091767073 3.5497210704654374 21.141933269375741 -39.348776267887821 -42.882359483695971 -14.382601789398544
leaf_weight=87 59 55 253 76 50 58 65
leaf_count=87 59 55 253 76 50 58 65
internal_value=-0.570542 -3.85968 -6.06697 -0.914122 -5.48271 -21.8108 -0.125764
internal_weight=703 644 589 444 368 145 318
internal_count=703 644 589 444 368 145 318
is_linear=0
shrinkage=0.03


Tree=151
num_leaves=9
num_cat=0
split_feature=24 22 24 11 6 0 3 24
split_gain=1.07096e+08 2.76448e+07 4.559e+07 5.90623e+07 1.41084e+07 7.24028e+06 8.24504e+06 5.03452e+06
threshold=13140.476190476193 0.93301270189221952 1.0000000180025095e-35 2.5000000000000004 4.3500000000000005 208.50000000000003 63.400000000000006 4865.7416666666677
decision_type=2 2 2 2 2 2 2 2
left_child=1 2 3 -1 5 6 -4 -7
right_child=-2 -3 4 -5 -6 7 -8 -9
leaf_value=-6.7331367145487278 41.182399809541764 -23.93063203760828 -14.435368368142466 38.172871919170326 -17.278160871705261 -8.0010325282919155 -1.5985467162876825 2.4393268350739969
leaf_weight=52 51 56 90 53 80 54 90 177
leaf_count=52 51 56 90 53 80 54 90 177
internal_value=-0.553742 -3.83583 -1.93662 15.9778 -5.77505 -3.52501 -8.03035 -0.00844971
internal_weight=703 652 596 105 491 411 180 231
internal_count=703 652 596 105 491 411 180 231
is_linear=0
shrinkage=0.03


Tree=152
num_leaves=8
num_cat=0
split_feature=24 27 1 11 6 3 24
split_gain=1.00802e+08 2.02464e+07 4.29559e+07 5.48065e+07 1.05206e+07 8.65677e+06 7.36824e+06
threshold=13140.476190476193 0.96230016621822489 1.0000000180025095e-35 2.5000000000000004 4.3500000000000005 49.250000000000007 4731.4805555555567
decision_type=2 2 2 2 2 2 2
left_child=1 2 3 -1 5 -4 -7
right_child=-2 -3 4 -5 -6 6 -8
leaf_value=-6.7143948846114316 39.95415509497213 -19.844057547628033 -12.909797683405843 36.756124364341176 -15.813337333339383 -11.280134485640373 0.39028715143823639
leaf_weight=51 51 63 76 53 78 59 272
leaf_count=51 51 63 76 53 78 59 272
internal_value=-0.537005 -3.72119 -1.98743 15.4808 -5.74046 -3.79979 -1.69824
internal_weight=703 652 589 104 485 407 331
internal_count=703 652 589 104 485 407 331
is_linear=0
shrinkage=0.03


Tree=153
num_leaves=8
num_cat=0
split_feature=24 27 24 11 0 24 23
split_gain=9.48777e+07 1.90558e+07 4.04303e+07 5.15855e+07 1.0306e+07 6.1165e+06 5.97495e+06
threshold=13140.476190476193 0.96230016621822489 1.0000000180025095e-35 2.5000000000000004 72.300000000000026 4731.4805555555567 -0.68301270189221952
decision_type=2 2 2 2 2 2 2
left_child=1 2 3 -1 -4 -6 -7
right_child=-2 -3 4 -5 5 6 -8
leaf_value=-6.5141409194678594 38.762539540787188 -19.251557296237671 -16.85973709169722 35.659647064781545 -11.81748437326417 4.9011636166379029 -4.3797218891700487
leaf_weight=51 51 63 63 53 72 81 269
leaf_count=51 51 63 63 53 72 81 269
internal_value=-0.52076 -3.60996 -1.92796 15.0189 -5.56899 -3.8726 -2.22948
internal_weight=703 652 589 104 485 422 350
internal_count=703 652 589 104 485 422 350
is_linear=0
shrinkage=0.03


Tree=154
num_leaves=9
num_cat=0
split_feature=24 22 24 30 6 0 3 24
split_gain=8.93011e+07 2.47277e+07 3.81852e+07 4.94565e+07 1.27469e+07 7.85531e+06 9.63236e+06 4.03277e+06
threshold=13140.476190476193 0.93301270189221952 1.0000000180025095e-35 -0.22252093395631442 4.8500000000000005 192.40000000000003 63.400000000000006 4731.4805555555567
decision_type=2 2 2 2 2 2 2 2
left_child=1 2 3 -1 5 6 -4 -7
right_child=-2 -3 4 -5 -6 7 -8 -9
leaf_value=34.999416028106857 37.606465329175805 -22.506875224748683 -15.582032436560905 -6.0932085539779521 -17.901057276274191 -7.5986866253928138 -1.3472101521082349 1.7959282259106117
leaf_weight=53 51 56 84 52 62 51 87 207
leaf_count=53 51 56 84 52 62 51 87 207
internal_value=-0.504875 -3.50192 -1.70577 14.6893 -5.2187 -3.37457 -8.35485 -0.0677805
internal_weight=703 652 596 105 491 429 171 258
internal_count=703 652 596 105 491 429 171 258
is_linear=0
shrinkage=0.03


Tree=155
num_leaves=10
num_cat=0
split_feature=28 24 24 0 24 0 6 14 24
split_gain=5.02773e+07 1.33491e+08 1.2037e+08 6.32267e+07 1.23702e+07 7.96302e+06 4.01043e+06 3.55769e+06 2.11144e+06
threshold=-0.52705818521824699 10465.277777777779 1957.1428571428573 115.55000000000001 3625.0000000000005 151.40000000000003 4.4500000000000011 105.50000000000001 5812.5000000000009
decision_type=2 2 2 2 2 2 2 2 2
left_child=3 2 -2 -1 -5 -4 7 -7 -6
right_child=1 -3 5 4 8 6 -8 -9 -10
leaf_value=-41.189540045320648 42.388250007705238 50.547834583304777 -14.484022463253977 -15.020828286545786 -1.6512881225995906 2.2265972088918993 -11.917739983742566 -6.0110367113457368 6.2674311949955541
leaf_weight=52 50 51 99 60 76 84 50 107 50
leaf_count=52 50 51 99 60 76 84 50 107 50
internal_value=-0.942874 5.05374 -0.929743 -12.0467 -3.84593 -7.33182 -4.37938 -2.39035 1.49841
internal_weight=679 441 390 238 186 340 241 191 126
internal_count=679 441 390 238 186 340 241 191 126
is_linear=0
shrinkage=0.03


Tree=156
num_leaves=7
num_cat=0
split_feature=4 24 24 0 6 0
split_gain=6.71005e+07 7.90902e+07 5.656e+07 1.38808e+07 7.54539e+06 4.21834e+06
threshold=997.85000000000002 1.0000000180025095e-35 11097.222222222224 72.300000000000026 4.7500000000000009 322.05000000000007
decision_type=2 2 2 2 2 2
left_child=-1 -2 3 -3 5 -5
right_child=1 2 -4 4 -6 -7
leaf_value=-31.979740322110537 27.739316654267995 -19.792053253284195 27.784579688009636 -5.3218506199735458 -13.740669982485587 1.1096156559515986
leaf_weight=57 91 55 50 189 59 178
leaf_count=57 91 55 50 189 59 178
internal_value=-0.91444 1.94641 -2.48699 -5.6491 -3.81047 -2.20412
internal_weight=679 622 531 481 426 367
internal_count=679 622 531 481 426 367
is_linear=0
shrinkage=0.03


Tree=157
num_leaves=9
num_cat=0
split_feature=4 1 1 21 14 3 7 30
split_gain=6.34477e+07 9.27525e+07 1.46133e+08 1.03776e+07 2.7702e+07 6.38271e+06 3.22575e+06 1.00568e+06
threshold=999.25000000000011 1.0000000180025095e-35 0.6000000000000002 0.91923217666618939 101.50000000000001 56.750000000000007 19.250000000000004 -0.22252093395631442
decision_type=2 2 2 2 2 2 2 2
left_child=-1 -2 -3 4 -4 -6 7 -5
right_child=1 2 3 6 5 -7 -8 -9
leaf_value=-26.854431805553663 31.340483508898249 -47.166107816614371 22.414052551087153 -2.4945293068069034 10.322122824652153 -1.8834654501245547 3.2898039063173741 -7.9992166558325204
leaf_weight=75 85 58 75 61 51 155 60 59
leaf_count=75 85 58 75 61 51 155 60 59
internal_value=-0.887195 2.34893 -2.41455 3.24279 6.84252 1.14888 -2.37877 -5.21427
internal_weight=679 604 519 461 281 206 180 120
internal_count=679 604 519 461 281 206 180 120
is_linear=0
shrinkage=0.03


Tree=158
num_leaves=7
num_cat=0
split_feature=4 1 1 24 6 24
split_gain=5.99486e+07 6.98777e+07 1.37266e+08 1.51536e+08 8.43844e+06 4.31286e+06
threshold=997.85000000000002 1.0000000180025095e-35 0.6000000000000002 9819.4444444444471 4.7500000000000009 4902.7777777777783
decision_type=2 2 2 2 2 2
left_child=-1 -2 -3 4 5 -4
right_child=1 2 3 -5 -6 -7
leaf_value=-30.223956071244483 26.08747970001329 -45.758405321883501 -7.0168871265335353 52.254383604682936 -13.318518840699735 0.69076663959423268
leaf_weight=57 91 58 85 50 59 279
leaf_count=57 91 58 85 50 59 279
internal_value=-0.860831 1.84326 -2.32395 3.02765 -2.824 -1.11337
internal_weight=679 622 531 473 423 364
internal_count=679 622 531 473 423 364
is_linear=0
shrinkage=0.03


Tree=159
num_leaves=7
num_cat=0
split_feature=4 1 1 24 6 24
split_gain=5.7005e+07 8.2797e+07 1.29479e+08 1.44707e+08 7.85585e+06 4.01599e+06
threshold=999.25000000000011 1.0000000180025095e-35 0.6000000000000002 9788.8888888888905 4.7500000000000009 4842.5916666666672
decision_type=2 2 2 2 2 2
left_child=-1 -2 -3 4 5 -4
right_child=1 2 3 -5 -6 -7
leaf_value=-25.448783291364567 29.62370371148846 -44.392718180432325 -7.0116723971200612 51.087097596477562 -12.920984748981857 0.6231439063612958
leaf_weight=75 85 58 80 50 59 272
leaf_count=75 85 58 80 50 59 272
internal_value=-0.835236 2.23218 -2.26841 3.0568 -2.81928 -1.11651
internal_weight=679 604 519 461 411 352
internal_count=679 604 519 461 411 352
is_linear=0
shrinkage=0.03


Tree=160
num_leaves=9
num_cat=0
split_feature=1 1 29 27 3 16 8 6
split_gain=1.01922e+08 2.57863e+08 1.66657e+08 1.77403e+07 1.71519e+07 8.59619e+06 5.20864e+06 4.23178e+06
threshold=0.095454545454545472 0.6000000000000002 1.0000000180025095e-35 0.94697898371965716 51.20000000000001 1.0000000180025095e-35 23.450000000000003 4.6500000000000012
decision_type=2 2 2 2 2 2 2 2
left_child=2 -2 -1 4 -3 7 -7 -6
right_child=1 3 -4 -5 5 6 -8 -9
leaf_value=63.571318341108096 -61.560982145081084 15.449047714613405 -4.6826911576176107 21.34151339960377 -1.212649181683858 11.999011616769682 -0.59850128806002056 -10.89879719985159
leaf_weight=60 59 78 69 51 195 68 52 51
leaf_count=60 59 78 69 51 195 68 52 51
internal_value=3.15385 -2.44235 27.1371 4.63712 2.70523 -0.0210669 6.55214 -3.23162
internal_weight=683 554 129 495 444 366 120 246
internal_count=683 554 129 495 444 366 120 246
is_linear=0
shrinkage=0.03


Tree=161
num_leaves=9
num_cat=0
split_feature=0 7 7 7 2 4 2 26
split_gain=2.82144e+08 4.79666e+07 4.20473e+07 3.49889e+07 2.39746e+07 1.50343e+07 1.49581e+07 9.27599e+06
threshold=8.5000000000000018 9.8500000000000032 12.750000000000002 19.150000000000002 12.800000000000002 1019.6500000000002 5.0500000000000007 8.8500000000000032
decision_type=2 2 2 2 2 2 2 2
left_child=-1 5 -3 6 -5 -2 -4 -6
right_child=1 2 3 4 7 -7 -8 -9
leaf_value=71.446141624374832 -32.99841400540847 27.310994342231371 -2.8161595914600936 16.380019032518195 -4.2506030675121913 -9.6859567996948428 -23.695435950329291 9.4813803055527792
leaf_weight=50 50 50 53 93 207 50 74 56
leaf_count=50 50 50 53 93 207 50 74 56
internal_value=3.05968 -2.37337 1.20752 -1.50996 3.31436 -21.4061 -15.0093 -1.31918
internal_weight=683 633 533 483 356 100 127 263
internal_count=683 633 533 483 356 100 127 263
is_linear=0
shrinkage=0.03


Tree=162
num_leaves=7
num_cat=0
split_feature=0 8 8 14 4 8
split_gain=2.65566e+08 3.97094e+07 4.37935e+07 3.77991e+07 2.13639e+07 1.69715e+07
threshold=8.5000000000000018 0.55000000000000016 3.4500000000000006 99.500000000000014 1014.1500000000002 13.15
decision_type=2 2 2 2 2 2
left_child=-1 -2 -3 -4 5 -5
right_child=1 2 3 4 -6 -7
leaf_value=69.315539458561133 -21.876840166746469 27.268052057736433 -21.690157086801715 17.608718108533964 -13.381486257960333 1.1434690677184602
leaf_weight=50 81 50 75 70 73 284
leaf_count=50 81 50 75 70 73 284
internal_value=2.96856 -2.30246 0.580178 -2.09266 1.36232 4.41149
internal_weight=683 633 552 502 427 354
internal_count=683 633 552 502 427 354
is_linear=0
shrinkage=0.03


Tree=163
num_leaves=9
num_cat=0
split_feature=0 7 7 14 21 1 1 8
split_gain=2.49961e+08 4.39612e+07 3.95304e+07 4.42867e+07 2.19396e+07 2.55802e+07 2.3615e+07 9.95331e+06
threshold=8.5000000000000018 9.8500000000000032 12.950000000000001 99.500000000000014 0.70736457236457251 0.6000000000000002 0.6000000000000002 -0.74999999999999989
decision_type=2 2 2 2 2 2 2 2
left_child=-1 7 -3 -4 6 -6 -5 -2
right_child=1 2 3 4 5 -7 -8 -9
leaf_value=67.248476455718816 -10.890969909737645 24.73595204812694 -25.896744601095307 27.094002691007276 -22.995569112119618 0.97335530732345255 2.9541375484470125 -29.895503145866318
leaf_weight=50 50 57 59 50 51 183 133 50
leaf_count=50 50 57 59 50 51 183 133 50
internal_value=2.88027 -2.23354 1.19456 -1.63825 1.81013 -4.27336 9.58333 -20.4543
internal_weight=683 633 533 476 417 234 183 100
internal_count=683 633 533 476 417 234 183 100
is_linear=0
shrinkage=0.03


Tree=164
num_leaves=8
num_cat=0
split_feature=0 8 8 25 8 21 21
split_gain=2.35276e+08 3.62977e+07 4.16433e+07 3.09764e+07 3.95019e+07 2.42417e+07 1.14386e+07
threshold=8.5000000000000018 0.55000000000000016 3.4500000000000006 16.864570000000004 15.950000000000001 0.8204896021982141 0.72224123767798465
decision_type=2 2 2 2 2 2 2
left_child=-1 -2 -3 5 -5 -4 -6
right_child=1 2 3 4 6 -7 -8
leaf_value=65.243055817924485 -20.881630131133807 26.613430618832172 -21.796512461558567 27.603909588106273 5.8515149156565638 -0.42072264939320569 -6.784691576057897
leaf_weight=50 81 50 99 52 119 92 140
leaf_count=50 81 50 99 52 119 92 140
internal_value=2.7943 -2.16701 0.588988 -2.01742 3.82229 -11.5172 -0.978779
internal_weight=683 633 552 502 311 191 259
internal_count=683 633 552 502 311 191 259
is_linear=0
shrinkage=0.03


Tree=165
num_leaves=8
num_cat=0
split_feature=24 1 8 0 24 6 0
split_gain=3.43386e+08 6.07248e+07 1.32742e+08 5.01566e+07 6.42375e+06 4.05621e+06 3.3735e+06
threshold=13249.107142857147 0.095454545454545472 15.750000000000002 52.600000000000009 4618.0555555555566 4.5500000000000007 390.75000000000006
decision_type=2 2 2 2 2 2 2
left_child=1 2 -1 -3 -5 6 -6
right_child=-2 3 -4 4 5 -7 -8
leaf_value=53.901577718280272 79.844879696494672 -33.091316974483739 -10.153592935965554 -9.6155662735467402 -1.299884572015338 -7.7242709139909147 4.845889056579133
leaf_weight=53 51 51 64 82 242 59 120
leaf_count=53 51 51 64 82 242 59 120
internal_value=5.03544 -0.683653 18.9264 -4.83315 -1.94997 -0.451106 0.739689
internal_weight=722 671 117 554 503 421 362
internal_count=722 671 117 554 503 421 362
is_linear=0
shrinkage=0.03


Tree=166
num_leaves=10
num_cat=0
split_feature=24 1 8 0 24 28 14 24 0
split_gain=3.23208e+08 5.71563e+07 1.24939e+08 4.72097e+07 6.15163e+06 6.072e+06 4.65845e+06 3.29257e+06 948720
threshold=13249.107142857147 0.095454545454545472 15.750000000000002 52.600000000000009 6009.2583333333341 -0.55599684127981919 215.00000000000003 9347.2222222222244 390.75000000000006
decision_type=2 2 2 2 2 2 2 2 2
left_child=1 2 -1 -3 6 -6 8 -7 -5
right_child=-2 3 -4 4 5 7 -8 -9 -10
leaf_value=52.293632413137694 77.463540008723399 -32.104383102327752 -9.8504060026794722 -5.6513692555790058 10.455819237692314 0.97789058986646926 -11.280314274714003 -7.7467070066857771 -0.61346564573786277
leaf_weight=53 51 51 64 51 51 172 81 50 98
leaf_count=53 51 51 64 51 51 172 81 50 98
internal_value=4.88533 -0.663187 18.362 -4.68892 -1.89172 1.15337 -5.50294 -0.994871 -2.3458
internal_weight=722 671 117 554 503 273 230 222 149
internal_count=722 671 117 554 503 273 230 222 149
is_linear=0
shrinkage=0.03


Tree=167
num_leaves=11
num_cat=0
split_feature=24 1 23 24 24 2 14 20 6 22
split_gain=3.04216e+08 5.37976e+07 1.19904e+08 9.39355e+06 6.7896e+06 5.94205e+06 8.86305e+06 5.14349e+06 4.79447e+06 1.99729e+06
threshold=13249.107142857147 0.095454545454545472 -0.68301270189221952 9940.7416666666668 6641.666666666667 15.747000000000002 215.00000000000003 4.2938999999999998 2.6500000000000008 -0.6830127018922193
decision_type=2 2 2 2 2 2 2 2 2 2
left_child=1 2 -1 4 5 6 -3 -6 -9 -7
right_child=-2 3 -4 -5 7 9 -8 8 -10 -11
leaf_value=-15.517345459886162 75.153224166067019 -5.2817337765791361 45.36096202702025 -16.913627953576761 -6.2544947707391714 -4.4683284097328695 -19.432292656450638 -1.851077390549428 9.5255425967883944 3.7459920620086771
leaf_weight=53 51 151 64 50 59 52 54 61 73 54
leaf_count=53 51 151 64 50 59 52 54 61 73 54
internal_value=4.73969 -0.643339 17.8144 -4.549 -3.313 -6.05395 -9.03219 1.10627 4.354 -0.284828
internal_weight=722 671 117 554 504 311 205 193 134 106
internal_count=722 671 117 554 504 311 205 193 134 106
is_linear=0
shrinkage=0.03


Tree=168
num_leaves=8
num_cat=0
split_feature=24 1 28 0 24 6 0
split_gain=2.86341e+08 5.0632e+07 9.77108e+07 4.40634e+07 5.79569e+06 3.80635e+06 3.33359e+06
threshold=13249.107142857147 0.095454545454545472 -0.52705818521824699 52.600000000000009 4699.0750000000007 4.5500000000000007 390.75000000000006
decision_type=2 2 2 2 2 2 2
left_child=1 2 -1 -3 -5 6 -6
right_child=-2 3 -4 4 5 -7 -8
leaf_value=-9.4320449939177404 72.911811888399185 -30.89930390653554 45.304836957841644 -8.8880780830756638 -1.12359282870456 -7.309602564478805 5.0202072891943157
leaf_weight=60 51 51 57 84 242 59 118
leaf_count=60 51 51 57 84 242 59 118
internal_value=4.5983 -0.624189 17.2822 -4.41319 -1.71089 -0.266672 0.892687
internal_weight=722 671 117 554 503 419 360
internal_count=722 671 117 554 503 419 360
is_linear=0
shrinkage=0.03


Tree=169
num_leaves=8
num_cat=0
split_feature=24 3 3 0 9 24 4
split_gain=2.69515e+08 5.01492e+07 2.76823e+07 1.979e+07 1.15244e+07 2.55898e+07 1.1633e+07
threshold=13249.107142857147 38.95000000000001 49.650000000000006 70.700000000000017 1.0000000180025095e-35 4125.0000000000009 1008.85
decision_type=2 2 2 2 2 2 2
left_child=1 -1 -3 -4 6 -6 -5
right_child=-2 2 3 4 5 -7 -8
leaf_value=28.206131687050547 70.737249765451892 -18.704658470242212 17.517968530370513 9.2439974735999684 -25.703199235540502 -1.5460026645601277 -3.3479562281729351
leaf_weight=50 51 86 50 112 52 161 160
leaf_count=50 51 86 50 112 52 161 160
internal_value=4.46116 -0.605562 -2.93786 -0.394303 -2.25063 -7.47143 1.8414
internal_weight=722 671 621 535 485 213 272
internal_count=722 671 621 535 485 213 272
is_linear=0
shrinkage=0.03


Tree=170
num_leaves=9
num_cat=0
split_feature=0 1 8 0 2 26 4 0
split_gain=1.12093e+08 1.3643e+08 1.20587e+08 1.57096e+07 1.49248e+07 2.83053e+07 4.18152e+06 2.91238e+06
threshold=14.500000000000002 0.6000000000000002 10.15 79.100000000000009 11.450000000000001 8.4500000000000028 1002.5500000000001 192.40000000000003
decision_type=2 2 2 2 2 2 2 2
left_child=-1 2 -2 -3 5 -5 -6 -8
right_child=1 3 -4 4 6 -7 7 -9
leaf_value=41.762296267346123 -66.739223366769593 19.280194065557659 -7.9719325120593298 -2.233072533713389 5.4222656943516263 22.135370231488274 -9.8334430500796159 -1.9381566654068227
leaf_weight=54 50 54 84 92 53 80 56 167
leaf_count=54 50 54 84 92 53 80 56 167
internal_value=0.388324 -3.14258 -30.0002 4.0402 2.19155 9.11984 -2.13127 -3.93142
internal_weight=690 636 134 502 448 172 276 223
internal_count=690 636 134 502 448 172 276 223
is_linear=0
shrinkage=0.03


Tree=171
num_leaves=8
num_cat=0
split_feature=24 24 0 24 27 6 27
split_gain=2.03319e+08 3.76352e+07 1.07799e+08 5.96706e+07 5.54826e+07 5.06618e+06 3.65209e+06
threshold=13536.111111111113 10199.075000000001 60.350000000000009 3555.5555555555561 0.26781182513105634 4.7500000000000009 -0.15005400879207767
decision_type=2 2 2 2 2 2 2
left_child=1 2 -1 4 -4 6 -5
right_child=-2 -3 3 5 -6 -7 -8
leaf_value=39.516090795317588 58.453537685326033 -28.831121174187686 -2.5141291853698373 -3.0094236280868731 -45.041135705027415 -9.0347174053610289 3.0186687753226731
leaf_weight=51 50 51 51 159 60 59 209
leaf_count=51 50 51 51 159 60 59 209
internal_value=0.376672 -4.18583 -2.03825 -5.99726 -25.5612 -0.897151 0.413785
internal_weight=690 640 589 538 111 427 368
internal_count=690 640 589 538 111 427 368
is_linear=0
shrinkage=0.03


Tree=172
num_leaves=9
num_cat=0
split_feature=28 1 30 6 27 26 26 25
split_gain=1.06344e+08 1.23922e+08 1.42079e+08 4.47929e+07 1.36897e+07 5.04352e+06 1.57252e+07 5.30442e+06
threshold=0.95989713290459389 0.6000000000000002 -0.56174490092936669 2.7500000000000004 0.96683886033945965 9.8500000000000032 8.4500000000000028 24.905042500000004
decision_type=2 2 2 2 2 2 2 2
left_child=1 2 -1 -4 5 6 7 -3
right_child=-2 4 3 -5 -6 -7 -8 -9
leaf_value=16.032582531668261 37.424908060914532 3.2701316822229254 -22.731423707858259 -60.053517029603078 19.366388256410406 -4.2137478722524193 16.646672443823729 -7.0700865327126072
leaf_weight=52 63 202 53 65 51 73 74 57
leaf_count=52 63 202 53 65 51 73 74 57
internal_value=0.365535 -3.37424 -25.2177 -43.3904 4.76254 2.91509 4.48029 0.988904
internal_weight=690 627 170 118 457 406 333 259
internal_count=690 627 170 118 457 406 333 259
is_linear=0
shrinkage=0.03


Tree=173
num_leaves=9
num_cat=0
split_feature=24 24 0 24 27 23 0 24
split_gain=1.93807e+08 3.54821e+07 1.02276e+08 5.24184e+07 5.16365e+07 3.33257e+06 4.89505e+06 2.54055e+06
threshold=13536.111111111113 10199.075000000001 60.350000000000009 3555.5555555555561 0.26781182513105634 -0.68301270189221952 390.75000000000006 5812.5000000000009
decision_type=2 2 2 2 2 2 2 2
left_child=1 2 -1 4 -4 7 -7 -5
right_child=-2 -3 3 5 -6 6 -8 -9
leaf_value=38.461237229910509 57.056667463177476 -28.029885917351258 -1.9763820465266353 -1.0940887863201332 -43.000026991924834 -5.7483948010833128 1.7747071901909497 8.1330422461547283
leaf_weight=51 50 51 51 54 60 187 133 53
leaf_count=51 50 51 51 54 60 187 133 53
internal_value=0.354552 -4.09994 -2.01468 -5.87093 -24.2075 -1.0906 -2.62284 3.48624
internal_weight=690 640 589 538 111 427 320 107
internal_count=690 640 589 538 111 427 320 107
is_linear=0
shrinkage=0.03


Tree=174
num_leaves=10
num_cat=0
split_feature=24 4 1 11 0 24 0 28 3
split_gain=1.82418e+08 3.45202e+07 6.12412e+07 1.00312e+08 5.43097e+07 1.13834e+07 9.46044e+06 5.92545e+06 3.68803e+06
threshold=13536.111111111113 1017.5500000000001 0.6000000000000002 1.5000000000000002 282.60000000000008 5486.1111111111122 101.30000000000001 -0.012910296075008829 76.950000000000017
decision_type=2 2 2 2 2 2 2 2 2
left_child=1 2 3 -1 -3 8 -7 -8 -4
right_child=-2 4 5 -5 -6 6 7 -9 -10
leaf_value=-55.285876068061029 55.355174752798519 34.290658973102303 -15.274878850675245 -2.8684937725572235 -6.5523815746632961 13.572705402264861 4.4776615713053118 -5.3624272910190696 -4.3507368305622123
leaf_weight=56 50 50 50 79 70 52 106 114 63
leaf_count=56 50 50 50 79 70 52 106 114 63
internal_value=0.344248 -3.97739 -7.32445 -24.6864 10.5086 -1.22197 2.10394 -0.621612 -9.21215
internal_weight=690 640 520 135 120 385 272 220 113
internal_count=690 640 520 135 120 385 272 220 113
is_linear=0
shrinkage=0.03


Tree=175
num_leaves=11
num_cat=0
split_feature=24 26 27 24 24 28 6 0 0 24
split_gain=9.80479e+07 6.68161e+07 2.4129e+07 6.4401e+07 3.16816e+07 1.02442e+07 7.64726e+06 5.5456e+06 4.90868e+06 4.72498e+06
threshold=13140.476190476193 10.350000000000003 0.13301347478292308 3091.1111111111118 3791.6666666666674 -0.073092422389869308 3.1500000000000008 180.15000000000003 265.85000000000008 6087.9638888888894
decision_type=2 2 2 2 2 2 2 2 2 2
left_child=1 2 4 -4 -1 9 -5 -7 -8 -6
right_child=-2 -3 3 6 5 7 8 -9 -10 -11
leaf_value=22.203580101860894 42.073824513854376 23.569611900752122 -37.273112012768223 3.0134562664092028 -2.276476305530279 -15.862243124776628 -15.365342240138363 -3.6946509477556315 -2.3905747909967414 9.6307098138820351
leaf_weight=51 50 84 66 95 72 62 51 74 54 51
leaf_count=51 50 84 66 95 72 62 51 74 54 51
internal_value=1.69917 -1.37723 -5.0257 -11.6488 0.663105 -3.5992 -3.14962 -9.26441 -8.71851 2.672
internal_weight=710 660 576 266 310 259 200 136 105 123
internal_count=710 660 576 266 310 259 200 136 105 123
is_linear=0
shrinkage=0.03


Tree=176
num_leaves=9
num_cat=0
split_feature=1 1 28 0 22 0 20 2
split_gain=9.78124e+07 3.73327e+08 1.43406e+08 7.37807e+07 1.33225e+07 1.30432e+07 3.50942e+06 2.86037e+06
threshold=0.095454545454545472 0.6000000000000002 -0.51974381215551546 79.100000000000009 -0.5 241.55000000000004 4.7469750000000008 20.850000000000005
decision_type=2 2 2 2 2 2 2 2
left_child=2 -2 -1 -3 7 -6 -7 -5
right_child=1 3 -4 4 5 6 -8 -9
leaf_value=-6.8997651137220917 -74.252942807022023 37.024271235897949 56.514908902108395 -9.6647586831823382 13.252913661657974 -5.2685845224919134 2.801781080329826 -1.063822802232774
leaf_weight=63 60 56 65 98 98 73 143 54
leaf_count=63 60 56 65 98 98 73 143 54
internal_value=1.64849 -3.57673 25.3598 4.58494 0.665323 4.19367 0.0707304 -6.61734
internal_weight=710 582 128 522 466 314 216 152
internal_count=710 582 128 522 466 314 216 152
is_linear=0
shrinkage=0.03


Tree=177
num_leaves=11
num_cat=0
split_feature=24 26 20 24 1 16 0 24 0 20
split_gain=9.64088e+07 6.23393e+07 2.59594e+07 5.29134e+07 1.7214e+07 8.77757e+06 7.91305e+06 5.98281e+06 5.37164e+06 1.7335e+06
threshold=13140.476190476193 10.350000000000003 8.8269000000000002 4419.4444444444453 0.056250000000000008 1.0000000180025095e-35 142.50000000000003 6009.2583333333341 193.45000000000002 4.7469750000000008
decision_type=2 2 2 2 2 2 2 2 2 2
left_child=1 2 3 -1 -4 8 -5 -7 -6 -8
right_child=-2 -3 4 6 5 7 9 -9 -10 -11
leaf_value=-39.867084957183472 41.63496526213811 22.645347442177265 13.155493774208695 -13.71625503545881 -15.756217608372811 -2.8281504800598842 -4.0549546630770017 10.572730019571292 -3.6308226307770539 3.0215203473455619
leaf_weight=50 50 84 74 65 54 74 68 50 84 57
leaf_count=50 50 84 74 65 54 74 68 50 84 57
internal_value=1.59919 -1.45135 -4.97542 -12.5044 0.408775 -3.20234 -5.25219 2.58783 -8.39949 -0.828502
internal_weight=710 660 576 240 336 262 190 124 138 125
internal_count=710 660 576 240 336 262 190 124 138 125
is_linear=0
shrinkage=0.03


Tree=178
num_leaves=11
num_cat=0
split_feature=1 1 4 0 27 0 26 20 0 3
split_gain=9.14763e+07 3.55356e+08 1.76484e+08 6.95521e+07 1.28597e+07 1.23166e+07 1.1624e+07 3.13568e+06 2.59136e+06 1.61998e+06
threshold=0.095454545454545472 0.6000000000000002 1006.4500000000002 79.100000000000009 -0.5123666674339783 241.55000000000004 8.2500000000000036 4.7469750000000008 200.40000000000001 73.450000000000017
decision_type=2 2 2 2 2 2 2 2 2 2
left_child=2 -2 -1 -3 8 6 -6 -7 -5 -10
right_child=1 3 -4 4 5 7 -8 -9 9 -11
leaf_value=-9.6619740978948681 -72.455885931366126 35.957051721576264 60.700061122349332 -12.129343245489224 2.5159400639619314 -4.9929724902247994 22.959020439739493 2.6355678593355378 -7.5635216585163096 0.061248167959406644
leaf_weight=66 60 56 62 50 50 73 50 143 50 50
leaf_count=66 60 56 62 50 50 73 50 143 50 50
internal_value=1.55136 -3.50176 24.4818 4.46104 0.655398 4.08818 12.7757 0.0540129 -6.57 -3.76227
internal_weight=710 582 128 522 466 316 100 216 150 100
internal_count=710 582 128 522 466 316 100 216 150 100
is_linear=0
shrinkage=0.03


Tree=179
num_leaves=9
num_cat=0
split_feature=24 26 3 27 1 24 24 10
split_gain=9.4181e+07 5.80046e+07 3.45716e+07 1.24321e+07 3.59545e+07 1.58486e+07 5.35242e+06 5.11051e+06
threshold=13140.476190476193 10.350000000000003 46.95000000000001 0.13301347478292308 0.6000000000000002 3847.2222222222222 5486.1111111111122 8.5000000000000018
decision_type=2 2 2 2 2 2 2 2
left_child=1 2 -1 5 -5 -4 -6 -7
right_child=-2 -3 3 4 6 7 -8 -9
leaf_value=-24.309788733132152 41.075558252050193 21.733890019642498 17.332188085931435 -28.142031082776679 -7.8564325498411183 4.1298586735770915 3.4459623971076199 -4.9410831369957782
leaf_weight=72 50 84 50 56 57 94 110 137
leaf_count=72 50 84 50 56 57 94 110 137
internal_value=1.50505 -1.51001 -4.90931 -2.12498 -7.40923 2.07197 -0.418858 -1.24927
internal_weight=710 660 576 504 223 281 167 231
internal_count=710 660 576 504 223 281 167 231
is_linear=0
shrinkage=0.03


Tree=180
num_leaves=8
num_cat=0
split_feature=6 28 24 7 27 24 26
split_gain=1.27548e+08 6.86263e+07 9.01918e+07 8.92375e+07 2.6376e+07 5.35367e+07 4.78813e+06
threshold=5.0500000000000007 0.96457844552971306 3555.5555555555561 23.050000000000004 0.86529924138975434 10972.222222222224 8.9500000000000046
decision_type=2 2 2 2 2 2 2
left_child=1 2 3 -1 5 6 -4
right_child=-2 -3 4 -5 -6 -7 -8
leaf_value=-60.572079818171254 38.450460323037724 28.493108438302201 1.584762512471398 -5.8020992054171856 14.013917871724432 -33.405799797816663 -6.275997638327838
leaf_weight=52 68 51 234 55 77 52 99
leaf_count=52 68 51 234 55 77 52 99
internal_value=-0.460044 -4.74419 -7.73675 -32.5143 -1.98082 -5.18822 -0.755739
internal_weight=688 620 569 107 462 385 333
internal_count=688 620 569 107 462 385 333
is_linear=0
shrinkage=0.03


Tree=181
num_leaves=10
num_cat=0
split_feature=24 27 1 24 5 24 24 3 14
split_gain=1.16648e+08 1.46156e+07 3.58643e+07 3.11465e+07 9.21967e+06 6.11862e+06 3.47666e+06 2.69392e+06 1.1915e+06
threshold=12791.666666666668 0.17552986495352002 0.6000000000000002 3763.8888888888891 6.3500000000000005 5486.1111111111122 8120.3694444444454 73.450000000000017 86.500000000000014
decision_type=2 2 2 2 2 2 2 2 2
left_child=1 3 -3 -1 -5 -4 7 -6 -7
right_child=-2 2 5 4 6 8 -8 -9 -10
leaf_value=22.172406496840487 43.538706483253186 -25.448955528286753 -8.8067729562998966 -14.072966967168846 -7.3751104099424056 -1.4255173687693901 5.0870918330887323 0.41937416756940721 4.1486182734032768
leaf_weight=50 50 83 82 58 72 65 66 89 73
leaf_count=50 50 83 82 58 72 65 66 89 73
internal_value=-0.44655 -3.91253 -8.68347 0.406567 -3.43127 -2.33223 -0.69722 -3.07354 1.52566
internal_weight=688 638 303 335 285 220 227 161 138
internal_count=688 638 303 335 285 220 227 161 138
is_linear=0
shrinkage=0.03


Tree=182
num_leaves=7
num_cat=0
split_feature=6 28 10 4 20 26
split_gain=1.19742e+08 6.51443e+07 3.75935e+07 2.59717e+07 3.5248e+07 2.29173e+07
threshold=5.0500000000000007 0.96457844552971306 2.5000000000000004 1015.4500000000002 6.7070000000000016 8.0500000000000025
decision_type=2 2 2 2 2 2
left_child=1 2 -1 4 -4 -6
right_child=-2 -3 3 -5 5 -7
leaf_value=-29.49395244547873 37.268109120750147 27.799169478280501 -31.053069469641546 9.4173387040616614 -9.7600351357876018 6.5642777770391447
leaf_weight=62 68 51 52 94 249 112
leaf_count=62 68 51 52 94 249 112
internal_value=-0.432914 -4.5839 -7.49956 -4.79405 -8.03311 -4.69416
internal_weight=688 620 569 507 413 361
internal_count=688 620 569 507 413 361
is_linear=0
shrinkage=0.03


Tree=183
num_leaves=11
num_cat=0
split_feature=24 8 8 1 21 24 24 24 14 27
split_gain=1.09438e+08 2.03742e+07 7.14506e+07 2.2784e+07 3.72344e+07 1.66811e+07 9.93232e+06 3.24355e+06 2.013e+06 1.77134e+06
threshold=12791.666666666668 4.9500000000000011 7.0500000000000007 0.6000000000000002 0.64356805762543479 5541.666666666667 7069.4444444444453 4532.4083333333338 245.50000000000003 0.1670500785599974
decision_type=2 2 2 2 2 2 2 2 2 2
left_child=1 5 -3 4 -4 -1 7 -5 -8 -7
right_child=-2 2 3 6 -6 9 8 -9 -10 -11
leaf_value=-27.440750559205799 42.184406298643076 32.737796167853283 1.0292560157990589 -11.038946646389208 -34.475589343817099 -10.104637520843562 10.61716557236802 -2.413316195525375 2.3709178440473235 -2.2948847297835302
leaf_weight=50 50 51 53 51 53 55 56 168 51 50
leaf_count=50 50 51 53 51 53 55 56 168 51 50
internal_value=-0.419786 -3.77694 -0.737238 -4.70915 -16.7703 -13.2293 -0.775592 -4.43442 6.70441 -6.40293
internal_weight=688 638 483 432 106 155 326 219 107 105
internal_count=688 638 483 432 106 155 326 219 107 105
is_linear=0
shrinkage=0.03


Tree=184
num_leaves=10
num_cat=0
split_feature=6 1 1 29 21 26 16 26 8
split_gain=1.12202e+08 1.23948e+08 8.79801e+07 9.70094e+07 1.19312e+07 1.9155e+07 6.46274e+06 2.83481e+06 2.31155e+06
threshold=5.0500000000000007 0.6000000000000002 0.10555555555555557 1.0000000180025095e-35 0.37861459786145985 8.4500000000000028 1.0000000180025095e-35 6.3000000000000034 13.15
decision_type=2 2 2 2 2 2 2 2 2
left_child=1 2 3 -1 5 -3 7 -6 -9
right_child=-2 4 -4 -5 6 -7 -8 8 -10
leaf_value=18.825331796168367 36.087547952867006 0.6367493136280562 -55.984688203628309 -38.695228446688482 3.18821439574607 22.954771681656919 6.9908279353816338 -2.0381096015098552 -9.7771197882324277
leaf_weight=52 68 75 59 53 60 64 94 113 50
leaf_count=52 68 75 59 53 60 64 94 113 50
internal_value=-0.407177 -4.42536 -26.7668 -10.2363 3.62202 10.94 0.405826 -2.37554 -4.42569
internal_weight=688 620 164 105 456 139 317 223 163
internal_count=688 620 164 105 456 139 317 223 163
is_linear=0
shrinkage=0.03


Tree=185
num_leaves=7
num_cat=0
split_feature=7 0 14 8 14 8
split_gain=8.84684e+07 1.10361e+08 3.5702e+07 3.56185e+07 2.3288e+07 1.44184e+07
threshold=7.2000000000000002 21.150000000000002 72.500000000000014 5.8500000000000005 108.50000000000001 16.750000000000004
decision_type=2 2 2 2 2 2
left_child=-1 -2 -3 -4 -5 -6
right_child=1 2 3 4 5 -7
leaf_value=32.439622942327844 -45.966897291925406 -19.561748730013868 25.181983515206671 -20.468425752656501 8.1266512597665628 -3.7987906434014937
leaf_weight=59 56 87 50 51 154 223
leaf_count=59 56 87 50 51 154 223
internal_value=-2.57197 -5.91243 -1.92012 1.30104 -1.50445 1.07517
internal_weight=680 621 565 478 428 377
internal_count=680 621 565 478 428 377
is_linear=0
shrinkage=0.03


Tree=186
num_leaves=7
num_cat=0
split_feature=7 0 14 8 14 26
split_gain=8.32656e+07 1.03874e+08 3.35993e+07 3.3526e+07 2.19194e+07 1.82889e+07
threshold=7.2000000000000002 21.150000000000002 72.500000000000014 5.8500000000000005 108.50000000000001 7.0000000000000018
decision_type=2 2 2 2 2 2
left_child=-1 -2 -3 -4 -5 -6
right_child=1 2 3 4 5 -7
leaf_value=31.471357695304519 -44.595238638788089 -18.976912914420321 24.431029232093401 -19.857963747002227 -5.1366316783907857 8.0972495793741786
leaf_weight=59 56 87 50 51 201 176
leaf_count=59 56 87 50 51 201 176
internal_value=-2.49513 -5.73587 -1.86269 1.26218 -1.45966 1.04302
internal_weight=680 621 565 478 428 377
internal_count=680 621 565 478 428 377
is_linear=0
shrinkage=0.03


Tree=187
num_leaves=7
num_cat=0
split_feature=7 0 10 25 7 5
split_gain=7.83689e+07 9.77674e+07 2.57307e+07 1.6607e+07 1.72836e+07 1.73912e+07
threshold=7.2000000000000002 21.150000000000002 2.5000000000000004 9.4584350000000015 19.150000000000002 20.050000000000004
decision_type=2 2 2 2 2 2
left_child=-1 -2 -3 -4 -5 -6
right_child=1 2 3 4 5 -7
leaf_value=30.531992980657904 -43.264510452785458 -19.672762549513049 14.849315895830852 -12.741892912062564 10.318532766136261 -3.6595148548563485
leaf_weight=59 56 64 63 97 128 213
leaf_count=59 56 64 63 97 128 213
internal_value=-2.4206 -5.56461 -1.80699 0.485657 -1.58908 1.59181
internal_weight=680 621 565 501 438 341
internal_count=680 621 565 501 438 341
is_linear=0
shrinkage=0.03


Tree=188
num_leaves=9
num_cat=0
split_feature=8 0 14 24 14 27 24 24
split_gain=7.17304e+07 8.32036e+07 2.91825e+07 5.29651e+07 3.09236e+07 1.06094e+07 1.54392e+07 1.66137e+06
threshold=-1.7 21.150000000000002 108.50000000000001 4263.8888888888896 141.50000000000003 -0.98046008095854964 3625.0000000000005 7069.4444444444453
decision_type=2 2 2 2 2 2 2 2
left_child=-1 -2 3 -3 -4 -6 -7 -5
right_child=1 2 4 7 5 6 -8 -9
leaf_value=32.129127116345501 -40.598951786104486 -37.81178113770067 21.49905733945025 -4.1975386235990575 11.672462308828685 -17.705491702042892 -0.075241495942674139 3.3699033738320203
leaf_weight=50 54 51 64 54 50 54 253 50
leaf_count=50 54 51 64 54 50 54 253 50
internal_value=-2.3483 -5.0986 -1.75103 -12.8665 2.34759 -1.10087 -3.19061 -0.560031
internal_weight=680 630 576 155 421 357 307 104
internal_count=680 630 576 155 421 357 307 104
is_linear=0
shrinkage=0.03


Tree=189
num_leaves=11
num_cat=0
split_feature=8 21 1 5 27 21 13 24 28 21
split_gain=6.7516e+07 6.4113e+07 1.33773e+08 1.12017e+08 7.67292e+07 2.08024e+07 1.37501e+07 1.08276e+07 8.18725e+06 5.82875e+06
threshold=-1.7 0.80328537251069865 0.6000000000000002 19.525000000000002 0.64534213713577271 1.4341969696969701 3.5000000000000004 6694.4444444444443 -0.18399835165767994 0.92875467307073378
decision_type=2 2 2 2 2 2 2 2 2 2
left_child=-1 2 3 -2 5 6 9 -4 -9 -3
right_child=1 4 7 -5 -6 -7 -8 8 -10 -11
leaf_value=31.1710029557685 -66.200430705662285 1.3290525275822818 -7.3818899630560146 -8.6504280060233221 29.851796970778796 -20.899422196728441 14.05328962809523 14.95781115495039 -0.66173604981267431 -12.409287760148704
leaf_weight=50 64 62 91 58 82 51 50 54 68 50
leaf_count=50 64 62 91 58 82 51 50 54 68 50
internal_value=-2.27827 -4.94656 -13.9218 -38.929 5.24943 -4.25053 1.01968 0.436137 6.27149 -4.82082
internal_weight=680 630 335 122 295 213 162 213 122 112
internal_count=680 630 335 122 295 213 162 213 122 112
is_linear=0
shrinkage=0.03


Tree=190
num_leaves=11
num_cat=0
split_feature=24 1 7 8 24 3 2 2 3 10
split_gain=1.54289e+08 6.3649e+07 5.62304e+07 9.30959e+06 5.38889e+06 4.84696e+06 3.46632e+06 3.12045e+06 2.55502e+06 859184
threshold=13140.476190476193 1.0000000180025095e-35 24.350000000000005 -0.59999999999999987 5672.2222222222235 67.350000000000009 17.750000000000004 12.65 54.70000000000001 7.5000000000000009
decision_type=2 2 2 2 2 2 2 2 2 2
left_child=1 2 -1 -3 6 8 7 -5 -6 -7
right_child=-2 3 -4 4 5 9 -8 -9 -10 -11
leaf_value=38.902689048441665 54.418278449117302 -16.400656414135454 -3.183540584498564 -5.9519356061881963 -0.47636379748875429 5.522406235849215 -2.1106515679352134 -16.343419506287955 -8.3859329328437013 0.72564706754910435
leaf_weight=63 50 55 52 55 71 72 65 50 76 63
leaf_count=63 50 55 52 55 71 72 65 50 76 63
internal_value=3.88017 -0.20664 19.9135 -4.77949 -3.35544 -0.809773 -7.56935 -10.9328 -4.57448 3.29056
internal_weight=672 622 115 507 452 282 170 105 147 135
internal_count=672 622 115 507 452 282 170 105 147 135
is_linear=0
shrinkage=0.03


Tree=191
num_leaves=8
num_cat=0
split_feature=27 6 21 21 28 28 26
split_gain=7.14792e+07 6.18374e+07 4.7743e+07 1.189e+08 6.14855e+07 4.77017e+07 2.25297e+07
threshold=0.86958133671945947 3.2500000000000004 1.4635549872122766 1.0572801945668138 0.88999460902669758 0.1500498401600889 4.5499999999999998
decision_type=2 2 2 2 2 2 2
left_child=2 -2 3 4 5 6 -1
right_child=1 -3 -4 -5 -6 -7 -8
leaf_value=-17.63249835331689 2.7797114863725372 45.8201623932339 -23.174498516759193 45.828115287133826 28.650098145714335 -26.547459207378672 3.1996830020810103
leaf_weight=58 59 61 74 51 50 84 235
leaf_count=58 59 61 74 51 50 84 235
internal_value=3.76439 24.7184 -0.801764 2.67414 -2.50861 -6.66059 -0.93788
internal_weight=672 120 552 478 427 377 293
internal_count=672 120 552 478 427 377 293
is_linear=0
shrinkage=0.03


Tree=192
num_leaves=10
num_cat=0
split_feature=24 0 28 24 8 3 6 0 7
split_gain=1.45809e+08 6.33219e+07 2.73649e+07 3.97314e+07 2.25434e+07 6.80872e+06 4.90735e+06 3.9921e+06 3.89107e+06
threshold=13140.476190476193 58.400000000000006 -0.317191288589106 3791.6666666666674 15.450000000000001 76.15000000000002 4.5500000000000007 290.9500000000001 27.050000000000004
decision_type=2 2 2 2 2 2 2 2 2
left_child=1 -1 4 -4 -3 -6 7 -5 -7
right_child=-2 2 3 6 5 8 -8 -9 -10
leaf_value=29.730327466994677 52.781763101543632 21.699589315673361 -33.296316144173609 -6.2198585513840907 -7.3316353108051633 -1.1086320726063359 -12.967832717288797 1.8569344316950347 10.069147555684953
leaf_weight=57 50 52 51 122 78 59 50 100 53
leaf_count=57 50 52 51 122 78 59 50 100 53
internal_value=3.65225 -0.320598 -3.36647 -9.07773 4.25818 -0.541899 -4.50503 -2.58403 4.19354
internal_weight=672 622 565 323 242 190 272 222 112
internal_count=672 622 565 323 242 190 272 222 112
is_linear=0
shrinkage=0.03


Tree=193
num_leaves=8
num_cat=0
split_feature=1 1 7 3 27 2 14
split_gain=9.43319e+07 2.80947e+08 1.12471e+08 1.74552e+07 1.92744e+07 7.44969e+06 4.42626e+06
threshold=0.095454545454545472 0.18333333333333332 24.350000000000005 51.20000000000001 0.89391031859722891 23.150000000000002 203.50000000000003
decision_type=2 2 2 2 2 2 2
left_child=2 -2 -1 -3 5 6 -5
right_child=1 3 -4 4 -6 -7 -8
leaf_value=50.63041393459725 -68.729678673604781 17.379428749456213 -6.2317578053342713 0.93981631175156766 16.274260760264951 10.023569022893433 -6.5712506166834688
leaf_weight=74 51 85 54 154 74 50 130
leaf_count=74 51 85 54 154 74 50 130
internal_value=3.54342 -1.91291 26.6831 5.03674 2.45445 -0.619254 -2.50162
internal_weight=672 544 128 493 408 334 284
internal_count=672 544 128 493 408 334 284
is_linear=0
shrinkage=0.03


Tree=194
num_leaves=10
num_cat=0
split_feature=0 1 24 28 24 0 3 0 21
split_gain=1.42518e+08 3.19025e+07 1.3192e+08 7.63236e+07 6.44084e+06 4.13538e+06 2.96981e+06 1.46653e+06 1.2737e+06
threshold=14.500000000000002 0.6000000000000002 9754.6305555555573 -0.30900554811238695 6342.5916666666672 329.35000000000008 69.550000000000011 241.55000000000004 0.9546207264957266
decision_type=2 2 2 2 2 2 2 2 2
left_child=-1 3 4 -2 5 -3 7 -6 -7
right_child=1 2 -4 -5 6 8 -8 -9 -10
leaf_value=50.508602058167305 6.2293697514165283 -11.060597766658523 47.971626203529695 -39.37955084380318 -4.7877350714539642 -0.73474603507377634 5.6894291805751358 2.0638240392863403 -6.5564528708886467
leaf_weight=53 76 86 52 58 62 96 86 51 52
leaf_count=53 76 86 52 58 62 96 86 51 52
internal_value=3.4373 -0.615538 2.96581 -13.5556 -2.4685 -5.83955 1.49822 -1.69808 -2.7894
internal_weight=672 619 485 134 433 234 199 113 148
internal_count=672 619 485 134 433 234 199 113 148
is_linear=0
shrinkage=0.03


Tree=195
num_leaves=8
num_cat=0
split_feature=0 25 20 1 7 24 6
split_gain=2.3664e+08 5.86595e+07 8.92116e+07 5.40703e+07 5.52287e+07 2.61491e+07 5.67797e+06
threshold=9.5000000000000018 5.2998400000000006 4.1650500000000008 0.11805555555555557 23.850000000000005 9240.7416666666668 4.2500000000000009
decision_type=2 2 2 2 2 2 2
left_child=-1 -2 -3 4 -4 6 -5
right_child=1 2 3 5 -6 -7 -8
leaf_value=63.463523678485721 -25.958183951655979 37.735857231261477 -46.05819783119037 -0.57059958817844914 -1.7437054412127935 20.780176639668422 -11.374294033845267
leaf_weight=50 94 50 50 299 51 51 51
leaf_count=50 94 50 50 299 51 51 51
internal_value=0.787027 -4.09129 -0.355483 -4.16973 -23.7531 0.776784 -2.15327
internal_weight=696 646 552 502 101 401 350
internal_count=696 646 552 502 101 401 350
is_linear=0
shrinkage=0.03


Tree=196
num_leaves=9
num_cat=0
split_feature=0 8 20 24 25 21 24 0
split_gain=2.22734e+08 6.11587e+07 7.23241e+07 3.64443e+07 9.77686e+07 9.2089e+06 1.40008e+07 1.29352e+07
threshold=9.5000000000000018 0.55000000000000016 4.1650500000000008 3625.0000000000005 18.804650000000006 0.74866666666666681 8552.7777777777792 201.65000000000003
decision_type=2 2 2 2 2 2 2 2
left_child=-1 -2 -3 4 -4 6 -5 -7
right_child=1 2 3 5 -6 7 -8 -9
leaf_value=61.570974384406455 -27.796947102597599 31.241080579152442 -50.144011617247202 -0.14699196839863274 6.5359670113331054 -14.572422042120071 18.554637160050245 1.0487367356966617
leaf_weight=50 84 58 50 121 60 69 51 153
leaf_count=50 84 58 50 121 60 69 51 153
internal_value=0.763884 -3.96893 -0.394499 -4.05154 -19.2939 0.21536 5.42086 -3.81956
internal_weight=696 646 562 504 110 394 172 222
internal_count=696 646 562 504 110 394 172 222
is_linear=0
shrinkage=0.03


Tree=197
num_leaves=8
num_cat=0
split_feature=0 25 20 24 5 26 26
split_gain=2.09647e+08 5.2788e+07 8.02442e+07 3.43733e+07 9.20238e+07 8.28194e+06 1.81258e+07
threshold=9.5000000000000018 5.2998400000000006 4.1650500000000008 3625.0000000000005 18.950000000000003 10.250000000000004 9.1500000000000039
decision_type=2 2 2 2 2 2 2
left_child=-1 -2 -3 4 -4 6 -5
right_child=1 2 3 5 -6 -7 -8
leaf_value=59.734861362828887 -24.594017688148472 35.819738273848117 -48.648663697441812 -0.96931717219543911 6.3408631430099263 -10.875988550277333 18.380355869719857
leaf_weight=50 94 50 50 289 60 52 51
leaf_count=50 94 50 50 289 60 52 51
internal_value=0.741307 -3.85035 -0.306459 -3.92395 -18.7186 0.238737 1.94675
internal_weight=696 646 552 502 110 392 340
internal_count=696 646 552 502 110 392 340
is_linear=0
shrinkage=0.03


Tree=198
num_leaves=10
num_cat=0
split_feature=6 11 1 8 4 26 5 6 6
split_gain=8.65072e+07 6.04961e+07 1.09959e+08 1.25714e+08 6.67709e+07 8.50283e+06 1.10237e+07 1.56176e+07 3.09259e+06
threshold=5.0500000000000007 1.0000000180025095e-35 0.6000000000000002 13.700000000000001 1011.85 9.8500000000000032 16.550000000000004 2.8500000000000001 2.4500000000000006
decision_type=2 2 2 2 2 2 2 2 2
left_child=1 4 3 -3 -1 6 7 -4 -8
right_child=-2 2 5 -5 -6 -7 8 -9 -10
leaf_value=-6.5264157298259571 31.785096057401155 -56.124384977789042 21.583668387092988 -0.067624627645913649 41.458660830091581 -7.6859191869290759 -6.6771231211696405 1.2082444959871403 1.7359598130935037
leaf_weight=51 72 75 59 69 53 73 64 79 101
leaf_count=51 72 75 59 69 53 73 64 79 101
internal_value=0.719523 -2.8785 -7.05745 -29.3199 17.9763 1.48515 3.70013 9.94746 -1.53344
internal_weight=696 624 520 144 104 376 303 138 165
internal_count=696 624 520 144 104 376 303 138 165
is_linear=0
shrinkage=0.03


Tree=199
num_leaves=8
num_cat=0
split_feature=0 8 20 1 7 24 6
split_gain=2.01091e+08 5.50297e+07 6.42694e+07 4.48146e+07 4.3905e+07 2.30057e+07 6.00286e+06
threshold=9.5000000000000018 0.55000000000000016 4.0277500000000002 0.11805555555555557 23.850000000000005 9240.7416666666668 4.2500000000000009
decision_type=2 2 2 2 2 2 2
left_child=-1 -2 -3 4 -4 6 -5
right_child=1 2 3 5 -6 -7 -8
leaf_value=58.475435229200968 -26.401307692544741 30.303004682620223 -41.494062609814748 -0.48720692923288184 -1.9801003970319064 18.873792402230571 -11.59015291961313
leaf_weight=50 84 55 50 301 51 54 51
leaf_count=50 84 55 50 301 51 54 51
internal_value=0.698204 -3.79877 -0.408157 -3.75571 -21.6065 0.697658 -2.1044
internal_weight=696 646 562 507 101 406 352
internal_count=696 646 562 507 101 406 352
is_linear=0
shrinkage=0.03


Tree=200
num_leaves=8
num_cat=0
split_feature=24 1 4 6 24 26 28
split_gain=2.04969e+08 1.50567e+07 5.11126e+07 1.12677e+07 7.01792e+06 6.96057e+06 2.24833e+06
threshold=12688.750000000002 0.6000000000000002 1008.4500000000002 4.7500000000000009 4564.8138888888898 9.8500000000000032 0.85195127662188896
decision_type=2 2 2 2 2 2 2
left_child=1 2 -1 4 -3 6 -6
right_child=-2 3 -4 -5 5 -7 -8
leaf_value=0.076303397495852521 57.454867997197383 -10.036850340735853 -37.066069009901234 -13.81523960272235 4.1231727421298059 -7.3133399336495275 -2.7226682563767151
leaf_weight=92 51 61 52 67 249 74 52
leaf_count=92 51 61 52 67 249 74 52
internal_value=-0.267766 -4.84231 -13.3853 -2.39005 -0.626032 0.91157 2.93894
internal_weight=698 647 144 503 436 375 301
internal_count=698 647 144 503 436 375 301
is_linear=0
shrinkage=0.03


Tree=201
num_leaves=10
num_cat=0
split_feature=24 7 20 1 5 24 24 26 24
split_gain=1.92926e+08 1.99098e+07 4.02682e+07 2.41036e+07 5.38327e+07 8.89032e+06 8.59148e+06 3.26973e+06 1.64796e+06
threshold=12688.750000000002 9.6500000000000004 4.8232000000000008 0.6000000000000002 19.250000000000004 5175.9250000000011 6312.5000000000009 8.7500000000000018 4381.9444444444453
decision_type=2 2 2 2 2 2 2 2 2
left_child=1 6 -3 4 -4 8 -1 -7 -5
right_child=-2 2 3 5 -6 7 -8 -9 -10
leaf_value=-25.549784804896305 55.741301217107051 19.487893168505501 -40.605411731575877 -13.332529191060759 1.9662830708289021 2.9215740244647961 -8.0046079054694044 -4.5165505537650397 -5.5833565102431697
leaf_weight=51 51 66 50 50 57 201 50 72 50
leaf_count=51 51 66 50 50 57 201 50 72 50
internal_value=-0.259853 -4.69797 -2.43024 -5.45429 -17.9849 -1.84814 -16.9136 0.957033 -9.48632
internal_weight=698 647 546 480 107 373 101 273 100
internal_count=698 647 546 480 107 373 101 273 100
is_linear=0
shrinkage=0.03


Tree=202
num_leaves=9
num_cat=0
split_feature=24 7 20 24 11 24 6 26
split_gain=1.81591e+08 1.87393e+07 3.79001e+07 2.07922e+07 3.00452e+07 8.08662e+06 7.4169e+06 4.85755e+06
threshold=12688.750000000002 9.6500000000000004 4.8232000000000008 3791.6666666666674 2.5000000000000004 6312.5000000000009 4.2500000000000009 8.9500000000000046
decision_type=2 2 2 2 2 2 2 2
left_child=1 5 -3 4 -4 -1 7 -5
right_child=-2 2 3 6 -6 -7 -8 -9
leaf_value=-24.787774271267896 54.078842887655334 18.905903015395634 -32.329839614950941 2.1837812296255361 -0.71565493841332306 -7.7659018621956628 -12.281211811623923 -5.9510867593986045
leaf_weight=51 51 66 55 226 53 50 53 93
leaf_count=51 51 66 55 226 53 50 53 93
internal_value=-0.252283 -4.55805 -2.35799 -5.29177 -16.8605 -16.4091 -1.9222 -0.191161
internal_weight=698 647 546 480 108 101 372 319
internal_count=698 647 546 480 108 101 372 319
is_linear=0
shrinkage=0.03


Tree=203
num_leaves=10
num_cat=0
split_feature=0 3 0 5 14 7 22 21 14
split_gain=3.6668e+07 1.54437e+07 1.67039e+07 1.18529e+07 3.52509e+07 1.1406e+07 1.00628e+07 7.1484e+06 4.99988e+06
threshold=16.500000000000004 44.500000000000007 106.05000000000001 16.250000000000004 149.50000000000003 12.350000000000003 -0.5 0.76575921120913348 195.50000000000003
decision_type=2 2 2 2 2 2 2 2 2
left_child=-1 -2 6 5 -5 -4 -3 -7 -6
right_child=1 2 3 4 8 7 -8 -9 -10
leaf_value=22.748696988889684 10.37154538823299 -4.4058309988947082 1.783570290005084 25.454431330110157 -8.4777178147483436 -20.29461234816014 -22.573182414616493 -5.9435685819328921 1.3652624628463876
leaf_weight=57 76 50 87 50 80 56 61 71 110
leaf_count=57 76 50 87 50 80 56 61 71 110
internal_value=-0.244827 -2.29919 -4.00819 -1.4538 3.12187 -6.58263 -14.4237 -12.3046 -2.78593
internal_weight=698 641 565 454 240 214 111 127 190
internal_count=698 641 565 454 240 214 111 127 190
is_linear=0
shrinkage=0.03


Tree=204
num_leaves=8
num_cat=0
split_feature=6 1 29 8 9 26 21
split_gain=5.84845e+07 6.71095e+07 1.07751e+08 1.55579e+07 1.10145e+07 3.69541e+06 3.42358e+06
threshold=4.8500000000000005 0.6000000000000002 1.0000000180025095e-35 1.6500000000000001 5.6500000000000012 9.8500000000000032 0.61909511064081435
decision_type=2 2 2 2 2 2 2
left_child=1 2 -1 -3 5 6 -5
right_child=-2 3 -4 4 -6 -7 -8
leaf_value=3.3335819841261243 22.291634911698758 15.769496230820184 -46.044993125545552 -5.4582709833181777 11.800129097943282 -8.2508187761652696 1.9635441045150712
leaf_weight=83 90 66 76 83 60 70 170
leaf_count=83 90 66 76 83 60 70 170
internal_value=-0.237482 -3.58175 -20.311 2.35199 0.0292821 -2.16615 -0.474826
internal_weight=698 608 159 449 383 323 253
internal_count=698 608 159 449 383 323 253
is_linear=0
shrinkage=0.03


Tree=205
num_leaves=8
num_cat=0
split_feature=1 1 4 24 6 24 26
split_gain=1.37486e+08 3.28885e+08 1.94325e+08 5.11316e+07 6.28538e+06 5.08148e+06 3.82117e+06
threshold=0.056250000000000008 0.6000000000000002 1005.7500000000001 9754.6305555555573 4.8500000000000005 4564.8138888888898 9.8500000000000032
decision_type=2 2 2 2 2 2 2
left_child=2 -2 -1 4 5 -3 -7
right_child=1 3 -4 -5 -6 6 -8
leaf_value=-9.7231507363959935 -66.950853094203836 -7.5339779592415255 66.812199918029691 29.787604518912687 -11.26329862728257 2.5952254018930145 -5.6873332573733553
leaf_weight=60 72 75 59 51 55 275 61
leaf_count=60 72 75 59 51 55 275 61
internal_value=-1.07459 -7.01983 28.2955 1.36043 -1.76784 -0.489853 1.08779
internal_weight=708 589 119 517 466 411 336
internal_count=708 589 119 517 466 411 336
is_linear=0
shrinkage=0.03


Tree=206
num_leaves=8
num_cat=0
split_feature=1 1 4 24 6 24 26
split_gain=1.294e+08 3.09527e+08 1.82898e+08 4.81275e+07 5.91572e+06 4.7821e+06 3.59617e+06
threshold=0.056250000000000008 0.6000000000000002 1005.7500000000001 9754.6305555555573 4.8500000000000005 4564.8138888888898 9.8500000000000032
decision_type=2 2 2 2 2 2 2
left_child=2 -2 -1 4 5 -3 -7
right_child=1 3 -4 -5 -6 6 -8
leaf_value=-9.4329074583006154 -64.95066154100094 -7.3088592009525382 64.817973941590694 28.899201502549019 -10.92723277621416 2.5174534659051391 -5.5175481812463891
leaf_weight=60 72 75 59 51 55 275 61
leaf_count=60 72 75 59 51 55 275 61
internal_value=-1.04238 -6.81014 27.4509 1.31975 -1.71523 -0.47539 1.05507
internal_weight=708 589 119 517 466 411 336
internal_count=708 589 119 517 466 411 336
is_linear=0
shrinkage=0.03


Tree=207
num_leaves=10
num_cat=0
split_feature=1 1 4 0 10 26 21 8 0
split_gain=1.21789e+08 2.91309e+08 1.72142e+08 4.24548e+07 5.53766e+06 3.82704e+06 2.97849e+06 2.12353e+06 1.6235e+06
threshold=0.056250000000000008 0.6000000000000002 1005.7500000000001 79.100000000000009 7.5000000000000009 8.5500000000000025 0.63667604752970619 5.5500000000000007 390.75000000000006
decision_type=2 2 2 2 2 2 2 2 2
left_child=2 -2 -1 -3 5 7 -6 -5 -8
right_child=1 3 -4 4 6 -7 8 -9 -10
leaf_value=-9.1513284072116843 -63.010226654590916 27.467666221300124 62.883272318590755 -1.3221177269118443 -11.228868642132829 -3.4877783457534193 -5.8756782313233602 5.9919576191921342 0.67957421396502216
leaf_weight=60 72 50 59 50 56 99 78 124 60
leaf_count=60 72 50 59 50 56 99 78 124 60
internal_value=-1.01113 -6.60671 26.6316 1.28029 -1.53931 1.21458 -5.41056 3.8915 -3.03021
internal_weight=708 589 119 517 467 273 194 174 138
internal_count=708 589 119 517 467 273 194 174 138
is_linear=0
shrinkage=0.03


Tree=208
num_leaves=8
num_cat=0
split_feature=6 24 27 24 24 27 6
split_gain=7.97289e+07 1.04706e+08 3.61986e+07 6.04862e+07 5.10969e+07 6.3864e+06 5.73742e+06
threshold=4.6500000000000012 11824.075000000003 0.71163026189157008 1.0000000180025095e-35 4125.0000000000009 0.2219132928352042 2.7500000000000004
decision_type=2 2 2 2 2 2 2
left_child=1 2 3 -1 -4 6 -5
right_child=-2 -3 4 5 -6 -7 -8
leaf_value=29.437543444697251 24.861991917036736 -45.5027575339072 -38.078492779871176 -7.7622707097927979 -0.98783947808163175 5.8038482602595689 1.0453620572796931
leaf_weight=67 93 52 51 149 96 80 120
leaf_count=67 93 52 51 149 96 80 120
internal_value=-0.980759 -4.89892 -1.1264 3.39672 -13.9074 -1.62348 -3.83639
internal_weight=708 615 563 416 147 349 269
internal_count=708 615 563 416 147 349 269
is_linear=0
shrinkage=0.03


Tree=209
num_leaves=9
num_cat=0
split_feature=1 1 4 24 24 10 24 24
split_gain=1.11927e+08 2.68189e+08 1.64993e+08 4.06996e+07 4.65777e+06 3.61678e+06 3.36542e+06 1.14041e+06
threshold=0.056250000000000008 0.18333333333333332 1005.7500000000001 9754.6305555555573 4201.3888888888896 8.5000000000000018 7601.852777777779 6236.1111111111122
decision_type=2 2 2 2 2 2 2 2
left_child=2 -2 -1 4 -3 6 -6 -7
right_child=1 3 -4 -5 5 7 -8 -9
leaf_value=-9.481579050472126 -61.30554628136148 -10.23552977589836 61.039442813352224 25.965558563361249 -0.35141312502287875 -8.2502381312159851 7.856738572874459 -2.5489205670633015
leaf_weight=60 70 51 59 53 223 50 56 86
leaf_count=60 70 51 59 53 223 50 56 86
internal_value=-0.951732 -6.31599 25.5481 1.13183 -1.70748 -0.652791 1.30274 -4.6586
internal_weight=708 589 119 519 466 415 279 136
internal_count=708 589 119 519 466 415 279 136
is_linear=0
shrinkage=0.03


Tree=210
num_leaves=8
num_cat=0
split_feature=0 1 8 24 24 24 27
split_gain=6.61668e+07 4.07831e+07 1.02512e+08 5.23131e+07 5.32604e+06 2.2036e+06 1.6562e+06
threshold=9.5000000000000018 0.13392857142857142 12.15 9861.1111111111131 4564.8138888888898 7953.7027777777785 0.84753307444029569
decision_type=2 2 2 2 2 2 2
left_child=-1 2 -2 4 -3 6 -6
right_child=1 3 -4 -5 5 -7 -8
leaf_value=32.288460457785085 -50.070198238294076 -9.713402621130486 4.0370823171252885 29.776245504932898 -1.1222962718353442 3.3923996154323759 -6.8949258327225449
leaf_weight=51 53 76 77 50 235 80 55
leaf_count=51 53 76 77 50 235 80 55
internal_value=-0.467461 -3.15028 -18.0865 0.772997 -2.4963 -1.00717 -2.22313
internal_weight=677 626 130 496 446 370 290
internal_count=677 626 130 496 446 370 290
is_linear=0
shrinkage=0.03


Tree=211
num_leaves=9
num_cat=0
split_feature=4 6 28 1 20 3 14 11
split_gain=5.27032e+07 5.49489e+07 4.46266e+07 4.91294e+07 6.8407e+07 1.05243e+07 7.82724e+06 1.16013e+06
threshold=997.75000000000011 5.1500000000000012 0.96897393274411392 0.6000000000000002 10.277500000000002 74.200000000000003 131.00000000000003 1.5000000000000002
decision_type=2 2 2 2 2 2 2 2
left_child=-1 2 3 4 -2 7 -7 -5
right_child=1 -3 -4 5 -6 6 -8 -9
leaf_value=-28.799881972107436 -38.806800564967745 30.85052917145892 26.246413491421617 -5.0830439364123619 3.9402089137940615 17.767856274371596 3.5086018204349338 -0.53106602620520582
leaf_weight=54 72 54 50 77 63 50 112 145
leaf_count=54 72 54 50 77 63 50 112 145
internal_value=-0.453415 2.01625 -0.735022 -3.34807 -18.8936 2.12763 7.93437 -2.11467
internal_weight=677 623 569 519 135 384 162 222
internal_count=677 623 569 519 135 384 162 222
is_linear=0
shrinkage=0.03


Tree=212
num_leaves=11
num_cat=0
split_feature=0 1 25 10 0 21 20 27 3 21
split_gain=6.34112e+07 3.58663e+07 8.8999e+07 1.14409e+07 6.83404e+06 1.86668e+07 9.56895e+06 4.61155e+06 3.66072e+06 3.05554e+06
threshold=9.5000000000000018 0.13392857142857142 16.131690000000003 8.5000000000000018 316.45000000000005 0.90541863745747253 13.563500000000001 -0.57023701209772126 66.050000000000011 0.84722169935624758
decision_type=2 2 2 2 2 2 2 2 2 2
left_child=-1 2 -2 4 5 6 -3 8 -5 -6
right_child=1 3 -4 7 9 -7 -8 -9 -10 -11
leaf_value=31.626904289736387 -47.3523432346147 25.212286961216098 3.2172296418814827 3.7806203922931525 -3.8677877571625783 -6.178829385874149 6.8901943254381361 -12.925441228329149 -6.9901152564190427 4.1499151162078096
leaf_weight=51 52 50 78 50 94 52 53 54 65 78
leaf_count=51 52 50 78 50 94 52 53 54 65 78
internal_value=-0.439691 -3.06606 -17.073 0.613195 3.88781 8.44992 15.8319 -5.71849 -2.30946 -0.230906
internal_weight=677 626 130 496 327 155 103 169 115 172
internal_count=677 626 130 496 327 155 103 169 115 172
is_linear=0
shrinkage=0.03


Tree=213
num_leaves=9
num_cat=0
split_feature=24 26 3 1 6 26 27 24
split_gain=5.5729e+07 1.94888e+07 2.31193e+07 5.20043e+07 1.19107e+07 9.94444e+06 6.77792e+06 3.10378e+06
threshold=12101.85277777778 10.650000000000004 60.000000000000007 0.6000000000000002 4.8500000000000005 3.8999999999999999 0.69636977696931246 7680.5555555555557
decision_type=2 2 2 2 2 2 2 2
left_child=1 2 3 -1 5 -4 -7 -5
right_child=-2 -3 4 7 -6 6 -8 -9
leaf_value=-38.790723397781925 29.956528238103118 12.393509807845946 13.799665813934258 -7.4915146586139212 -13.765484620858313 1.8362165486209205 -9.2402787387426688 2.08012407772204
leaf_weight=52 50 67 50 65 53 219 64 57
leaf_count=52 50 67 50 65 53 219 64 57
internal_value=-0.426532 -2.86261 -4.69356 -13.7622 -0.598073 1.50812 -0.675816 -3.02531
internal_weight=677 627 560 174 386 333 283 122
internal_count=677 627 560 174 386 333 283 122
is_linear=0
shrinkage=0.03


Tree=214
num_leaves=9
num_cat=0
split_feature=0 1 25 24 6 24 2 14
split_gain=5.93973e+07 3.28984e+07 8.84883e+07 4.66896e+07 8.80126e+06 4.74777e+06 2.34416e+06 2.01465e+06
threshold=9.5000000000000018 0.6000000000000002 16.131690000000003 9754.6305555555573 4.7500000000000009 5300.9250000000011 15.747000000000002 256.50000000000006
decision_type=2 2 2 2 2 2 2 2
left_child=-1 2 -2 4 5 6 -3 -7
right_child=1 3 -4 -5 -6 7 -8 -9
leaf_value=30.621235587136784 -44.403536803160662 -9.079222055174009 4.296355864465017 27.206168525366579 -12.882638928426951 3.3148065706921108 -0.62663100450223763 -2.5993416448699826
leaf_weight=51 57 72 81 53 63 177 50 73
leaf_count=51 57 72 81 53 63 177 50 73
internal_value=-0.413857 -2.95575 -15.8714 0.70413 -2.54136 -0.781018 -5.62515 1.58679
internal_weight=677 626 138 488 435 372 122 250
internal_count=677 626 138 488 435 372 122 250
is_linear=0
shrinkage=0.03


Tree=215
num_leaves=9
num_cat=0
split_feature=1 1 0 24 6 10 24 0
split_gain=5.25367e+07 2.27734e+08 1.36749e+08 4.91962e+07 6.2033e+06 6.17036e+06 5.94077e+06 1.48927e+06
threshold=0.056250000000000008 0.6000000000000002 387.75000000000006 9819.4444444444471 4.7500000000000009 8.5000000000000018 7601.852777777779 275.95000000000005
decision_type=2 2 2 2 2 2 2 2
left_child=2 -2 -1 4 5 6 -3 -7
right_child=1 3 -4 -5 -6 7 -8 -9
leaf_value=46.481661411977313 -53.082273606616646 0.026486575602422159 -18.996185931407933 29.160125850874422 -10.892410714096965 -9.0371017930116988 11.08708052303251 -2.2157556734121555
leaf_weight=62 79 224 53 52 56 65 54 52
leaf_count=62 79 224 53 52 56 65 54 52
internal_value=-2.16882 -5.83141 16.3339 1.6169 -1.57607 -0.247985 2.18462 -6.01889
internal_weight=697 582 115 503 451 395 278 117
internal_count=697 582 115 503 451 395 278 117
is_linear=0
shrinkage=0.03


Tree=216
num_leaves=11
num_cat=0
split_feature=4 1 1 4 24 3 24 3 28 11
split_gain=5.26157e+07 9.03386e+07 2.09399e+08 4.87848e+07 2.68531e+07 1.34544e+07 3.51459e+06 3.17956e+06 2.94144e+06 1.23124e+06
threshold=1016.9500000000002 0.6000000000000002 0.074175824175824162 1022.85 9754.6305555555573 68.450000000000017 7201.3888888888896 64.550000000000011 -0.87792756428346708 3.5000000000000004
decision_type=2 2 2 2 2 2 2 2 2 2
left_child=1 2 5 -2 6 -1 8 -8 -3 -10
right_child=3 4 -4 -5 -6 -7 7 -9 9 -11
leaf_value=11.985405185464362 29.835171088667266 2.3319290793700476 -68.23432813794426 -5.8256504458821041 22.31096288908547 -8.9495787481460454 -1.8865515852131047 8.4815638689967976 -3.5333959587620289 -9.0233986093338334
leaf_weight=50 79 61 62 61 50 61 53 53 112 55
leaf_count=50 79 61 62 61 50 61 53 53 112 55
internal_value=-2.10385 -6.23692 -24.2166 14.3179 1.87588 0.487401 -1.20052 3.30673 -3.29762 -5.35447
internal_weight=697 557 173 140 384 111 334 106 228 167
internal_count=697 557 173 140 384 111 334 106 228 167
is_linear=0
shrinkage=0.03


Tree=217
num_leaves=8
num_cat=0
split_feature=4 0 0 24 4 8 14
split_gain=4.95174e+07 2.08209e+08 1.20432e+08 2.84315e+07 2.0697e+07 2.16017e+07 2.27884e+07
threshold=1016.9500000000002 21.150000000000002 189.25000000000003 9940.7416666666668 1012.85 6.9500000000000011 120.50000000000001
decision_type=2 2 2 2 2 2 2
left_child=1 -1 -2 4 5 -3 -7
right_child=2 3 -4 -5 -6 6 -8
leaf_value=-59.189601964066043 51.071578590131658 19.099153463617707 -6.8674655509391105 21.663476677604507 -16.244725228575035 -19.193536211283416 1.6765187244507971
leaf_weight=59 50 50 90 50 77 57 264
leaf_count=59 50 50 90 50 77 57 264
internal_value=-2.04103 -6.05056 13.8899 0.276856 -2.12292 0.81875 -2.04381
internal_weight=697 557 140 498 448 371 321
internal_count=697 557 140 498 448 371 321
is_linear=0
shrinkage=0.03


Tree=218
num_leaves=11
num_cat=0
split_feature=1 1 27 10 21 28 20 3 5 3
split_gain=4.86826e+07 1.93894e+08 4.85383e+07 8.78569e+06 6.00634e+06 7.94346e+06 1.86746e+07 982918 1.07898e+06 403956
threshold=0.056250000000000008 0.6000000000000002 0.23448921811828119 8.5000000000000018 0.90106947113673586 -0.66483077113278999 9.1642000000000028 72.850000000000009 14.550000000000002 69.700000000000003
decision_type=2 2 2 2 2 2 2 2 2 2
left_child=2 -2 -1 4 5 -3 -7 8 -5 -6
right_child=1 3 -4 7 9 6 -8 -9 -10 -11
leaf_value=37.95823548880059 -49.104835127533455 0.15153317173843242 -1.2857355479405448 -3.1238083650644604 -3.6671453892307775 3.011968014682691 25.987893385081357 -0.90604780134576457 -9.0621105052248403 -0.021725614130200438
leaf_weight=50 79 95 65 58 50 87 50 50 53 60
leaf_count=50 79 95 65 58 50 87 50 50 53 60
internal_value=-1.9799 -5.50562 15.8312 1.36714 4.0865 6.82133 11.4359 -4.4062 -5.97608 -1.68428
internal_weight=697 582 115 503 342 232 137 161 111 110
internal_count=697 582 115 503 342 232 137 161 111 110
is_linear=0
shrinkage=0.03


Tree=219
num_leaves=10
num_cat=0
split_feature=4 1 1 4 6 24 6 24 2
split_gain=4.69372e+07 7.88404e+07 1.79211e+08 4.52308e+07 3.15845e+07 2.41294e+07 4.02495e+06 3.40381e+06 2.26969e+06
threshold=1016.9500000000002 0.6000000000000002 0.074175824175824162 1022.85 3.0500000000000003 9754.6305555555573 4.4500000000000011 7201.3888888888896 17.750000000000004
decision_type=2 2 2 2 2 2 2 2 2
left_child=1 2 4 -2 -1 6 7 8 -3
right_child=3 5 -4 -5 -6 -7 -8 -9 -10
leaf_value=-15.026791189727 28.531260089898318 -4.5495275728155553 -63.342034400921584 -5.8053800968867142 16.924802799761633 21.12577106608548 -8.9833045870788535 5.0753302457257856 2.0937337612535849
leaf_weight=58 79 120 62 61 53 50 50 89 75
leaf_count=58 79 120 62 61 53 50 50 89 75
internal_value=-1.9205 -5.8242 -22.6208 13.5898 0.233792 1.75473 -1.16145 0.223626 -1.99509
internal_weight=697 557 173 140 111 384 334 284 195
internal_count=697 557 173 140 111 384 334 284 195
is_linear=0
shrinkage=0.03


Tree=220
num_leaves=10
num_cat=0
split_feature=1 1 24 4 6 10 26 4 27
split_gain=4.14547e+07 1.91595e+08 1.38432e+08 1.94058e+07 1.10193e+07 2.90053e+06 3.60825e+06 2.08028e+06 1.50266e+06
threshold=0.18333333333333332 0.056250000000000008 10083.333333333334 1006.4500000000002 5.0500000000000007 8.5000000000000018 8.8500000000000032 1015.6500000000002 0.047317444494269389
decision_type=2 2 2 2 2 2 2 2 2
left_child=1 3 4 -1 5 6 8 -7 -2
right_child=2 -3 -4 -5 -6 7 -8 -9 -10
leaf_value=-1.7159037525692806 -0.21894198953392974 -54.965365040118883 49.167006237855432 22.932445684171338 -15.039932506221753 -1.5168645781917498 -4.0659841835786512 -9.1107409536903212 5.2354920196698629
leaf_weight=67 75 66 51 50 57 79 95 55 115
leaf_count=67 75 66 51 50 57 79 95 55 115
internal_value=-1.92899 -14.2181 2.34403 8.84921 -2.7005 -1.01229 0.699823 -4.64721 3.08543
internal_weight=710 183 527 117 476 419 285 134 190
internal_count=710 183 527 117 476 419 285 134 190
is_linear=0
shrinkage=0.03


Tree=221
num_leaves=8
num_cat=0
split_feature=3 3 26 26 25 25 0
split_gain=4.02484e+07 5.72949e+07 2.62536e+07 6.08603e+07 3.84499e+07 6.67387e+07 2.27512e+07
threshold=44.500000000000007 53.20000000000001 3.600000000000001 4.5499999999999998 16.195010000000003 18.804650000000006 151.40000000000003
decision_type=2 2 2 2 2 2 2
left_child=-1 -2 -3 -4 6 -6 -5
right_child=1 2 3 4 5 -7 -8
leaf_value=17.722687593239122 -28.656636390414615 18.937882851677582 -32.887449252385558 -26.22378514060491 38.495458285125373 0.36118939480352552 -3.0758605319918497
leaf_weight=83 77 53 55 55 51 212 124
leaf_count=83 77 53 55 55 51 212 124
internal_value=-1.87124 -4.47227 -1.07266 -3.21674 0.495102 7.79152 -10.2204
internal_weight=710 627 550 497 442 263 179
internal_count=710 627 550 497 442 263 179
is_linear=0
shrinkage=0.03


Tree=222
num_leaves=11
num_cat=0
split_feature=1 1 0 6 20 23 8 0 11 3
split_gain=3.88463e+07 1.7938e+08 2.60607e+07 1.91839e+07 1.08122e+07 1.22066e+07 7.29628e+06 3.61574e+06 1.71302e+06 1.14142e+06
threshold=0.18333333333333332 0.056250000000000008 79.100000000000009 2.8500000000000001 2.5982750000000006 -0.24999999999999994 13.15 318.80000000000007 1.5000000000000002 61.95000000000001
decision_type=2 2 2 2 2 2 2 2 2 2
left_child=1 3 -2 -1 -4 6 -6 9 -8 -7
right_child=2 -3 4 -5 5 7 8 -9 -10 -11
leaf_value=-4.2826042317740525 22.636706442414667 -53.138482089366306 10.322661293402486 20.009406961652289 13.367462538080234 -13.834055518848718 4.2848503896281205 -2.53708172089617 -2.4721553288381819 -7.7031662941717984
leaf_weight=55 51 66 78 62 50 52 54 92 89 61
leaf_count=55 51 66 78 62 50 52 54 92 89 61
internal_value=-1.8153 -13.7115 2.32108 8.60826 0.131505 -1.872 3.54003 -6.96501 0.083007 -10.5537
internal_weight=710 183 527 117 476 398 193 205 143 113
internal_count=710 183 527 117 476 398 193 205 143 113
is_linear=0
shrinkage=0.03


Tree=223
num_leaves=12
num_cat=0
split_feature=1 1 21 4 7 7 6 21 20 4 6
split_gain=3.6561e+07 1.68826e+08 1.86724e+07 9.46964e+06 9.15847e+06 1.7842e+07 1.63364e+07 6.70128e+06 4.9412e+06 2.33642e+06 1.22662e+06
threshold=0.18333333333333332 0.056250000000000008 0.66842193587054255 1017.2000000000002 21.350000000000005 18.550000000000004 3.2500000000000004 0.61909511064081435 20.25375 1022.85 2.4500000000000006
decision_type=2 2 2 2 2 2 2 2 2 2 2
left_child=1 2 -1 4 5 6 -2 -6 10 -5 -9
right_child=3 -3 -4 9 7 -7 -8 8 -10 -11 -12
leaf_value=-2.374838456421132 15.49740598349047 -51.551540163825543 21.695674307186792 -8.5759494778191367 -8.3735224170584956 24.73682523856343 -6.0863327865885468 -3.0703270405012169 11.37478299360863 -0.45034635473413376 3.1123085301159605
leaf_weight=65 57 66 52 69 57 50 70 56 50 59 59
leaf_count=65 57 66 52 69 57 50 70 56 50 59 59
internal_value=-1.76101 -13.302 8.35122 2.25186 4.52904 9.61305 3.61448 0.468017 3.53208 -4.84044 0.101401
internal_weight=710 183 117 527 399 177 127 222 165 128 115
internal_count=710 183 117 527 399 177 127 222 165 128 115
is_linear=0
shrinkage=0.03


Tree=224
num_leaves=9
num_cat=0
split_feature=3 1 5 5 24 6 24 0
split_gain=3.74566e+07 6.79487e+07 1.231e+08 1.32781e+08 4.44127e+07 1.07114e+07 4.08255e+06 4.53741e+06
threshold=44.500000000000007 0.18333333333333332 17.125000000000004 22.525000000000002 9509.2583333333369 5.0500000000000007 7601.852777777779 129.65000000000003
decision_type=2 2 2 2 2 2 2 2
left_child=-1 2 -2 -4 5 6 7 -3
right_child=1 4 3 -5 -6 -7 -8 -9
leaf_value=17.193861469026086 -60.006989452445481 -9.3261543476290836 31.76322293376365 -35.248681903032029 28.112715733947145 -13.892441696485449 6.5509386975537698 0.34978680170281845
leaf_weight=83 50 53 51 55 50 56 72 240
leaf_count=83 50 53 51 55 50 56 72 240
internal_value=-1.70823 -4.21746 -21.3573 -3.00837 1.4694 -1.71263 0.165898 -1.40819
internal_weight=710 627 156 106 471 421 365 293
internal_count=710 627 156 106 471 421 365 293
is_linear=0
shrinkage=0.03


Tree=225
num_leaves=10
num_cat=0
split_feature=27 2 1 1 24 10 3 24 24
split_gain=8.67259e+07 5.57259e+07 3.27348e+07 1.54481e+08 1.78771e+07 3.17384e+06 2.68497e+06 2.05353e+06 1.74983e+06
threshold=0.86529924138975434 11.150000000000002 0.6000000000000002 0.056250000000000008 9754.6305555555573 8.5000000000000018 62.550000000000004 6159.7222222222226 6118.0555555555557
decision_type=2 2 2 2 2 2 2 2 2
left_child=2 -2 3 -1 5 6 -4 -8 -7
right_child=1 -3 4 -5 -6 8 7 -9 -10
leaf_value=10.337477095672142 6.5876793201335735 47.537879683929575 -5.411314007610236 -51.260453641188462 16.94422986570931 -9.774316144358389 -0.23593435778890809 6.798463224304089 -3.0328732087310764
leaf_weight=85 72 51 58 64 50 54 115 55 97
leaf_count=85 72 51 58 64 50 54 115 55 97
internal_value=0.799139 23.6415 -4.0715 -16.1705 0.139054 -2.08961 0.14566 2.04781 -5.45838
internal_weight=701 123 578 149 429 379 228 170 151
internal_count=701 123 578 149 429 379 228 170 151
is_linear=0
shrinkage=0.03


Tree=226
num_leaves=10
num_cat=0
split_feature=27 2 1 1 24 6 10 3 0
split_gain=8.16278e+07 5.24523e+07 3.08102e+07 1.45391e+08 1.68266e+07 4.99479e+06 3.1641e+06 2.15377e+06 1.84353e+06
threshold=0.86529924138975434 11.150000000000002 0.6000000000000002 0.056250000000000008 9754.6305555555573 4.8500000000000005 8.5000000000000018 63.20000000000001 180.15000000000003
decision_type=2 2 2 2 2 2 2 2 2
left_child=2 -2 3 -1 5 6 7 -4 -8
right_child=1 -3 4 -5 -6 -7 8 -9 -10
leaf_value=10.028443267124619 6.390868360946782 46.120083547168306 -3.5882760633009805 -49.729814721281016 16.438935721532015 -10.360256858658834 -8.7588407838036488 3.6034207952143946 -1.3674152940982063
leaf_weight=85 72 51 50 64 50 55 50 147 77
leaf_count=85 72 51 50 64 50 55 50 147 77
internal_value=0.775402 22.9362 -3.94991 -15.6878 0.134992 -2.0272 -0.604336 1.77539 -4.29128
internal_weight=701 123 578 149 429 379 324 197 127
internal_count=701 123 578 149 429 379 324 197 127
is_linear=0
shrinkage=0.03


Tree=227
num_leaves=10
num_cat=0
split_feature=27 2 1 1 24 6 14 26 0
split_gain=7.68302e+07 4.93711e+07 2.89981e+07 1.36836e+08 1.58382e+07 4.70099e+06 3.12928e+06 2.20497e+06 1.53333e+06
threshold=0.86529924138975434 11.150000000000002 0.6000000000000002 0.056250000000000008 9754.6305555555573 4.8500000000000005 245.50000000000003 6.950000000000002 201.65000000000003
decision_type=2 2 2 2 2 2 2 2 2
left_child=2 -2 3 -1 5 6 7 -4 -8
right_child=1 -3 4 -5 -6 -7 8 -9 -10
leaf_value=9.7286475054236679 6.1999381794276571 44.744571221334894 4.665470800204246 -48.244881133321286 15.94870862289641 -10.051135243662442 -8.2356400839183816 -1.6418118554142893 -1.4784088793434047
leaf_weight=85 72 51 107 64 50 55 52 93 72
leaf_count=85 72 51 107 64 50 55 52 93 72
internal_value=0.752252 22.2519 -3.83209 -15.2196 0.130856 -1.96687 -0.586488 1.73447 -4.3252
internal_weight=701 123 578 149 429 379 324 200 124
internal_count=701 123 578 149 429 379 324 200 124
is_linear=0
shrinkage=0.03


Tree=228
num_leaves=8
num_cat=0
split_feature=27 0 21 21 0 12 4
split_gain=7.23143e+07 4.05341e+07 2.22717e+07 8.2788e+07 7.76881e+07 1.44467e+07 2.65379e+07
threshold=0.86529924138975434 374.90000000000003 1.4973333333333336 1.0611550836550838 31.000000000000004 1.0000000180025095e-35 1015.2500000000001
decision_type=2 2 2 2 2 2 2
left_child=2 -2 3 4 -1 6 -6
right_child=1 -3 -4 -5 5 -7 -8
leaf_value=-38.293536466428748 36.277707676078293 1.4378683749462404 -19.940795991906086 34.570329729932091 0.29431654226195531 10.98979025135451 -22.016984158903615
leaf_weight=57 71 52 67 51 271 74 58
leaf_count=57 71 52 67 51 271 74 58
internal_value=0.729833 21.5881 -3.71774 -1.58018 -5.60811 -0.960036 -3.65543
internal_weight=701 123 578 511 460 403 329
internal_count=701 123 578 511 460 403 329
is_linear=0
shrinkage=0.03


Tree=229
num_leaves=8
num_cat=0
split_feature=27 2 21 21 0 8 8
split_gain=6.80587e+07 4.65209e+07 2.09611e+07 7.79233e+07 7.31201e+07 1.39537e+07 2.71073e+07
threshold=0.86529924138975434 11.150000000000002 1.4973333333333336 1.0611550836550838 31.000000000000004 3.6500000000000008 11.250000000000002
decision_type=2 2 2 2 2 2 2
left_child=2 -2 3 4 -1 -6 -7
right_child=1 -3 -4 -5 5 6 -8
leaf_value=-37.150744662459601 5.3645880316105137 42.776350716931077 -19.345238772841476 33.539284849557262 12.782530285900176 -23.327417037194234 0.29995338527945553
leaf_weight=57 72 51 67 51 57 51 295
leaf_count=57 72 51 67 51 57 51 295
internal_value=0.707981 20.9432 -3.60674 -1.53302 -5.44082 -0.931474 -3.19986
internal_weight=701 123 578 511 460 403 346
internal_count=701 123 578 511 460 403 346
is_linear=0
shrinkage=0.03


Tree=230
num_leaves=9
num_cat=0
split_feature=0 1 24 0 6 24 2 26
split_gain=1.32004e+08 4.05681e+07 2.03266e+07 1.91689e+07 7.40326e+06 4.51123e+06 3.24416e+06 2.85513e+06
threshold=9.5000000000000018 0.11805555555555557 10199.075000000001 337.75000000000006 5.0500000000000007 5326.3888888888896 15.950000000000001 8.1500000000000039
decision_type=2 2 2 2 2 2 2 2
left_child=-1 3 4 -2 5 6 -3 -7
right_child=1 2 -4 -5 -6 7 -8 -9
leaf_value=44.871151158203354 -35.086293924987665 -11.132042343979604 16.668271929590329 -9.4992305422930272 -14.112543616019945 2.9373864575514821 -1.0931412656125967 -3.1410662581090936
leaf_weight=52 50 67 51 56 50 153 51 127
leaf_count=52 50 67 51 56 50 153 51 127
internal_value=-0.855779 -4.80633 -1.22093 -21.6336 -3.26723 -1.89513 -6.80705 0.179931
internal_weight=657 605 499 106 448 398 118 280
internal_count=657 605 499 106 448 398 118 280
is_linear=0
shrinkage=0.03


Tree=231
num_leaves=9
num_cat=0
split_feature=0 3 27 24 0 21 0 24
split_gain=1.24246e+08 2.71388e+07 1.60795e+07 2.04406e+07 1.77577e+07 1.51208e+07 1.4983e+07 5.62742e+06
threshold=9.5000000000000018 40.45000000000001 -0.44437406304545285 3555.5555555555561 148.80000000000004 0.8902821316614421 189.25000000000003 7069.4444444444453
decision_type=2 2 2 2 2 2 2 2
left_child=-1 -2 5 -4 -5 6 -3 -6
right_child=1 2 3 4 7 -7 -8 -9
leaf_value=43.532738607490494 -25.31976884247468 21.565568902694171 -19.736991073003114 -16.25985467300298 -1.2485350058513229 -5.3129276911367 -0.40801592212334192 9.9721693993668534
leaf_weight=52 52 60 81 65 155 86 52 54
leaf_count=52 52 60 81 65 155 86 52 54
internal_value=-0.830238 -4.66295 -2.70785 -6.52633 -2.60364 4.13788 11.3896 1.66069
internal_weight=657 605 553 355 274 198 112 209
internal_count=657 605 553 355 274 198 112 209
is_linear=0
shrinkage=0.03


Tree=232
num_leaves=9
num_cat=0
split_feature=0 1 29 24 24 2 28 7
split_gain=1.16944e+08 3.69568e+07 6.62348e+07 1.90102e+07 5.43373e+06 3.80358e+06 3.56635e+06 2.05614e+06
threshold=9.5000000000000018 0.11805555555555557 1.0000000180025095e-35 10199.075000000001 5326.3888888888896 16.900000000000002 -0.44437817810461328 16.850000000000005
decision_type=2 2 2 2 2 2 2 2
left_child=-1 2 -2 4 5 -3 -6 -8
right_child=1 3 -4 -5 6 -7 7 -9
leaf_value=42.234247055491345 2.7058827274807253 -11.94459809179183 -44.647604555673396 16.198577533521153 3.967285095266881 -1.7585210983002384 -0.32772118665983002 -6.2308318529295654
leaf_weight=52 54 85 52 51 95 54 117 97
leaf_count=52 54 85 52 51 95 54 117 97
internal_value=-0.805239 -4.52361 -20.5845 -1.10155 -3.08052 -7.99979 -0.862009 -3.00845
internal_weight=657 605 106 499 448 139 309 214
internal_count=657 605 106 499 448 139 309 214
is_linear=0
shrinkage=0.03


Tree=233
num_leaves=10
num_cat=0
split_feature=0 14 3 23 24 24 24 4 24
split_gain=1.10071e+08 2.74379e+07 1.8474e+07 1.31865e+07 1.92769e+07 1.54976e+07 1.7255e+07 4.0928e+06 2.79973e+06
threshold=9.5000000000000018 72.500000000000014 53.20000000000001 -0.68301270189221952 3902.7777777777778 3763.8888888888891 9618.0555555555566 1006.0000000000001 7319.4444444444453
decision_type=2 2 2 2 2 2 2 2 2
left_child=-1 2 -2 4 -3 -5 8 -6 -7
right_child=1 3 -4 5 7 6 -8 -9 -10
leaf_value=40.974487732400398 -30.260978268163512 -23.545460127760354 -6.9902129740018966 17.665565453106559 5.2234643108754701 -6.2465347573079653 15.216465301513672 -6.5037151118598064 1.1908475187073226
leaf_weight=52 53 50 73 50 50 157 51 57 64
leaf_count=52 53 50 73 50 50 157 51 57 64
internal_value=-0.781079 -4.38853 -16.8274 -1.10801 -8.22797 2.36793 -0.460469 -1.02436 -4.09399
internal_weight=657 605 126 479 157 322 272 107 221
internal_count=657 605 126 479 157 322 272 107 221
is_linear=0
shrinkage=0.03


Tree=234
num_leaves=9
num_cat=0
split_feature=0 1 29 24 6 24 2 26
split_gain=1.03601e+08 3.43176e+07 6.25804e+07 1.72446e+07 6.94098e+06 3.90966e+06 2.85091e+06 2.32618e+06
threshold=9.5000000000000018 0.11805555555555557 1.0000000180025095e-35 10199.075000000001 5.0500000000000007 5326.3888888888896 15.950000000000001 8.1500000000000039
decision_type=2 2 2 2 2 2 2 2
left_child=-1 2 -2 4 5 6 -3 -7
right_child=1 3 -4 -5 -6 7 -8 -9
leaf_value=39.752304321055654 2.903188848337416 -10.143437153389691 -43.124105458888678 15.517280308238247 -13.345709788130957 2.9037831200918802 -0.73461253389280445 -2.5828474298650979
leaf_weight=52 54 67 52 51 50 153 51 127
leaf_count=52 54 67 52 51 50 153 51 127
internal_value=-0.757554 -4.25738 -19.7341 -0.959838 -2.84473 -1.51643 -6.08916 0.415071
internal_weight=657 605 106 499 448 398 118 280
internal_count=657 605 106 499 448 398 118 280
is_linear=0
shrinkage=0.03


Tree=235
num_leaves=8
num_cat=0
split_feature=22 0 24 0 8 24 8
split_gain=4.63389e+07 3.91483e+07 2.3316e+07 1.77912e+07 1.52761e+07 2.53442e+07 8.26156e+06
threshold=0.93301270189221952 31.000000000000004 9819.4444444444471 840.9000000000002 10.15 5231.4805555555567 16.550000000000004
decision_type=2 2 2 2 2 2 2
left_child=1 -1 3 4 5 -3 -6
right_child=-2 2 -4 -5 6 -7 -8
leaf_value=-23.372960076013332 24.35908008084682 -28.5003683417705 18.818582718654152 14.889329184044902 7.6536404707972352 -3.0854957075023042 -3.209734917231164
leaf_weight=73 62 52 53 50 91 109 203
leaf_count=73 62 52 53 50 91 109 203
internal_value=-0.324925 -2.76073 -0.0530234 -2.04362 -3.91299 -11.3318 0.157082
internal_weight=693 631 558 505 455 161 294
internal_count=693 631 558 505 455 161 294
is_linear=0
shrinkage=0.03


Tree=236
num_leaves=10
num_cat=0
split_feature=22 1 24 24 27 24 28 21 24
split_gain=4.36127e+07 4.04682e+07 1.51503e+08 6.54505e+07 4.09478e+07 3.37117e+06 2.62622e+06 3.02151e+06 993024
threshold=0.93301270189221952 0.18333333333333332 8907.4083333333347 9819.4444444444471 0.18821973775956946 4419.4444444444453 -0.47495107206705001 1.3876065969428801 6009.2583333333341
decision_type=2 2 2 2 2 2 2 2 2
left_child=1 2 4 5 -1 -3 8 -8 -7
right_child=-2 3 -4 -5 -6 6 7 -9 -10
leaf_value=21.127984495735497 23.631825824051759 -8.9077001785887084 -58.899632080715172 33.651175586415974 -12.878048175578437 0.33367340388095573 -4.6608956300385307 3.609812696189211 5.8951487163141767
leaf_weight=58 62 55 50 52 70 68 177 51 50
leaf_count=58 62 55 50 52 70 68 177 51 50
internal_value=-0.315078 -2.67815 -14.7853 2.0858 2.54424 -2.02954 -0.929398 -2.80852 2.69928
internal_weight=693 631 178 453 128 401 346 228 118
internal_count=693 631 178 453 128 401 346 228 118
is_linear=0
shrinkage=0.03


Tree=237
num_leaves=8
num_cat=0
split_feature=22 14 0 5 26 24 27
split_gain=4.10471e+07 3.53278e+07 1.12776e+08 1.68765e+07 2.16753e+07 2.48943e+07 1.26171e+07
threshold=0.93301270189221952 27.000000000000004 21.150000000000002 4.1500000000000012 6.9000000000000012 8601.8527777777799 -0.413274780713969
decision_type=2 2 2 2 2 2 2
left_child=1 -1 -3 -4 6 -6 -5
right_child=-2 2 3 4 5 -7 -8
leaf_value=21.523713723442427 22.926285953062493 -43.888692160698056 -16.749783522679841 1.9426319413217432 2.3427880310552638 24.60063871046691 -12.685860841106299
leaf_weight=50 62 59 50 103 202 58 109
leaf_count=50 62 59 50 103 202 58 109
internal_value=-0.305587 -2.5981 -4.68404 -0.230181 1.52929 7.33067 -5.58588
internal_weight=693 631 581 522 472 260 212
internal_count=693 631 581 522 472 260 212
is_linear=0
shrinkage=0.03


Tree=238
num_leaves=10
num_cat=0
split_feature=27 1 1 27 0 0 0 0 3
split_gain=3.85456e+07 5.02569e+07 1.18251e+08 4.34622e+07 4.31498e+07 3.75616e+07 1.24325e+07 8.51737e+06 1.66629e+06
threshold=0.85206963063867758 0.18333333333333332 1.0000000180025095e-35 0.23448921811828119 241.55000000000004 81.40000000000002 146.80000000000004 243.65000000000003 73.950000000000017
decision_type=2 2 2 2 2 2 2 2 2
left_child=1 2 3 -1 -2 -3 -7 -8 -9
right_child=4 5 -4 -5 -6 6 7 8 -10
leaf_value=22.035537812417012 36.365866961318027 26.117949826647664 -49.676673883374832 -17.210184477546342 -0.28197185376727218 -12.25360418647648 11.97790949308216 -3.4593176838276509 1.6484300947887354
leaf_weight=51 50 51 63 50 68 74 56 121 109
leaf_count=51 50 51 63 50 68 74 56 121 109
internal_value=-0.296418 -3.5033 -17.5276 2.61344 15.2995 2.10144 -1.31979 1.51909 -1.03966
internal_weight=693 575 164 101 118 411 360 286 230
internal_count=693 575 164 101 118 411 360 286 230
is_linear=0
shrinkage=0.03


Tree=239
num_leaves=10
num_cat=0
split_feature=22 1 24 24 27 24 23 21 24
split_gain=3.70734e+07 3.36512e+07 1.33057e+08 5.97413e+07 3.69711e+07 3.01402e+06 2.51499e+06 2.92223e+06 758046
threshold=0.93301270189221952 0.18333333333333332 8907.4083333333347 9819.4444444444471 0.18821973775956946 4419.4444444444453 -0.5 1.3876065969428801 5979.166666666667
decision_type=2 2 2 2 2 2 2 2 2
left_child=1 2 4 5 -1 -3 8 -8 -7
right_child=-2 3 -4 -5 -6 6 7 -9 -10
leaf_value=20.390861240112148 21.79139348631686 -8.5572140785237991 -54.848349844172269 32.035450230793565 -11.921986405656146 0.46726048373528739 -4.6319861088447976 3.4916952535841199 5.3585949694138639
leaf_weight=58 62 55 50 52 70 66 179 51 50
leaf_count=58 62 55 50 52 70 66 179 51 50
internal_value=-0.287327 -2.46605 -13.5065 1.87817 2.73315 -2.0535 -1.01313 -2.82841 2.58406
internal_weight=693 631 178 453 128 401 346 230 116
internal_count=693 631 178 453 128 401 346 230 116
is_linear=0
shrinkage=0.03


Tree=240
num_leaves=11
num_cat=0
split_feature=0 14 2 26 27 26 20 26 24 24
split_gain=7.78689e+07 2.60463e+07 3.99038e+07 2.70921e+07 1.73596e+07 2.03401e+07 1.77093e+07 5.3185e+07 1.16335e+07 5.60029e+06
threshold=9.5000000000000018 72.500000000000014 3.3000000000000003 10.050000000000002 -0.42885619348140602 7.9500000000000011 10.872700000000002 6.7999999999999998 6159.7222222222226 5453.7027777777785
decision_type=2 2 2 2 2 2 2 2 2 2
left_child=-1 2 -2 4 5 9 8 -8 -6 -3
right_child=1 3 -4 -5 6 -7 7 -9 -10 -11
leaf_value=36.571208915487368 5.8923767833815104 6.9408475932740332 -27.780577998976288 19.755411818720169 -26.155034573291449 21.354148796682733 -12.803425880274768 23.840963316325901 -6.3952655107227656 -5.8776471889940813
leaf_weight=51 54 51 76 62 50 53 100 55 58 76
leaf_count=51 54 51 76 62 50 53 100 55 58 76
internal_value=1.0181 -1.85326 -13.8119 1.23156 -1.37253 5.80021 -6.28268 0.2203 -15.5905 -0.725766
internal_weight=686 635 130 505 443 180 263 155 108 127
internal_count=686 635 130 505 443 180 263 155 108 127
is_linear=0
shrinkage=0.03


Tree=241
num_leaves=10
num_cat=0
split_feature=6 4 0 0 27 2 4 14 26
split_gain=8.56256e+07 8.20733e+07 1.48927e+08 1.31845e+08 3.52291e+07 3.18604e+07 1.3762e+07 7.94684e+06 2.00061e+07
threshold=4.6500000000000012 1015.9500000000002 31.000000000000004 165.70000000000002 0.1670500785599974 11.150000000000002 1007.0500000000001 286.00000000000006 6.8500000000000005
decision_type=2 2 2 2 2 2 2 2 2
left_child=1 2 -1 -3 7 -6 -7 8 -4
right_child=-2 3 4 -5 5 6 -8 -9 -10
leaf_value=-55.554221462918882 27.217417900049796 55.109656885604416 1.5304864388434187 -5.7746157977226051 -25.259386029473077 9.6427008585113203 -11.525879637445481 -4.3332050346909901 24.770048995468297
leaf_weight=55 96 51 99 85 89 54 56 51 50
leaf_count=55 96 51 99 85 89 54 56 51 50
internal_value=0.988017 -3.29147 -9.41559 17.128 -3.01865 -11.9467 -1.13599 5.86928 9.36316
internal_weight=686 590 454 136 399 199 110 200 149
internal_count=686 590 454 136 399 199 110 200 149
is_linear=0
shrinkage=0.03


Tree=242
num_leaves=8
num_cat=0
split_feature=6 4 24 20 6 1 28
split_gain=8.058e+07 7.72496e+07 8.78847e+07 5.14891e+07 3.99828e+07 7.30998e+06 2.99032e+06
threshold=4.6500000000000012 1015.9500000000002 10972.222222222224 7.0585000000000013 3.0500000000000003 0.15476190476190474 -0.71464691390916035
decision_type=2 2 2 2 2 2 2
left_child=1 2 3 -1 -3 -5 -7
right_child=-2 4 -4 5 -6 6 -8
leaf_value=-23.178705436499094 26.40343801557832 29.379662036624243 -46.118566222051435 9.4677913069101525 -4.0487071858947639 2.9527949900692181 -4.0515182944184938
leaf_weight=99 96 84 51 80 52 95 129
leaf_count=99 96 84 51 80 52 95 129
internal_value=0.958584 -3.1929 -9.13433 -4.42309 16.6174 1.70162 -1.08092
internal_weight=686 590 454 403 136 304 224
internal_count=686 590 454 403 136 304 224
is_linear=0
shrinkage=0.03


Tree=243
num_leaves=10
num_cat=0
split_feature=0 28 26 21 2 20 20 6 27
split_gain=7.82923e+07 2.91373e+07 5.64739e+07 2.81142e+07 2.92018e+07 1.63994e+07 4.15341e+07 1.31292e+07 9.33142e+06
threshold=9.5000000000000018 0.32534208471197984 9.8500000000000032 0.56546004185722054 14.700000000000001 10.628475 14.393475 3.2500000000000004 -0.10309787846944686
decision_type=2 2 2 2 2 2 2 2 2
left_child=-1 2 5 7 -5 -2 -7 -3 -8
right_child=1 3 -4 4 -6 6 8 -9 -10
leaf_value=36.579371082685142 -13.20641553987436 12.172492941874514 32.299512067705564 -37.686573743649546 -8.2519890554478685 25.633856568520898 1.2453405135380982 -9.2952861089505845 -11.427571088415238
leaf_weight=51 81 50 51 50 77 54 135 52 85
leaf_count=51 81 50 51 50 77 54 135 52 85
internal_value=0.929705 -1.9494 2.877 -10.4989 -19.902 -1.37358 2.13504 1.23288 -3.65986
internal_weight=686 635 406 229 127 355 274 102 220
internal_count=686 635 406 229 127 355 274 102 220
is_linear=0
shrinkage=0.03


Tree=244
num_leaves=9
num_cat=0
split_feature=6 4 0 0 20 28 28 0
split_gain=7.71063e+07 7.35075e+07 1.39699e+08 1.22425e+08 3.5819e+07 2.32383e+07 1.26309e+07 1.14695e+07
threshold=4.6500000000000012 1015.9500000000002 31.000000000000004 165.70000000000002 7.1154000000000011 0.70242338714296659 -0.9523422988233432 189.25000000000003
decision_type=2 2 2 2 2 2 2 2
left_child=1 2 -1 -3 5 -4 -6 -8
right_child=-2 3 4 -5 6 -7 7 -9
leaf_value=-53.640837598252254 25.792561222147718 52.765587211742734 -32.544722946804036 -5.9024227299248633 -9.6725622685750334 -4.1787147812816974 14.421179685515295 0.67591257389507586
leaf_weight=55 96 51 50 85 60 54 86 149
leaf_count=55 96 51 50 85 60 54 86 149
internal_value=0.902182 -3.15881 -8.95453 16.1657 -2.75907 -17.8707 2.58112 5.71811
internal_weight=686 590 454 136 399 104 295 235
internal_count=686 590 454 136 399 104 295 235
is_linear=0
shrinkage=0.03


Tree=245
num_leaves=7
num_cat=0
split_feature=24 6 7 7 27 1
split_gain=1.0408e+08 3.30953e+07 2.39422e+07 2.33124e+07 1.58789e+07 1.31853e+07
threshold=13140.476190476193 4.8500000000000005 7.7500000000000009 11.500000000000002 0.86958133671945947 1.0000000180025095e-35
decision_type=2 2 2 2 2 2
left_child=1 2 -1 -4 5 -5
right_child=-2 -3 3 4 -6 -7
leaf_value=16.084430496616616 38.699634406552676 -23.103839038388251 -23.824951074825663 12.015874543211909 -14.717235085068342 -2.8072803282153709
leaf_weight=53 51 85 53 65 83 312
leaf_count=53 51 85 53 65 83 312
internal_value=-2.44348 -5.68303 -3.05596 -5.04169 -2.8634 -0.244018
internal_weight=702 651 566 513 460 377
internal_count=702 651 566 513 460 377
is_linear=0
shrinkage=0.03


Tree=246
num_leaves=10
num_cat=0
split_feature=8 1 6 26 26 26 21 6 26
split_gain=6.44545e+07 3.0792e+07 7.52853e+07 9.27049e+07 6.08919e+06 1.48126e+07 1.16611e+07 5.84584e+06 4.14572e+06
threshold=-1.7 0.6000000000000002 3.5500000000000003 6.8500000000000005 10.250000000000004 8.4500000000000028 0.88140213718865412 4.5500000000000007 6.2500000000000009
decision_type=2 2 2 2 2 2 2 2 2
left_child=-1 2 3 -2 5 7 -7 8 -3
right_child=1 4 -4 -5 -6 6 -8 -9 -10
leaf_value=30.007496874625222 -33.347607134748884 3.0734774613400591 -45.848172854392523 20.490490922970366 -10.233047202844272 19.248677906490343 -0.65495477407385649 -11.372450230109944 -4.5513984800217742
leaf_weight=51 50 118 52 67 57 56 50 61 140
leaf_count=51 50 118 52 67 57 56 50 61 140
internal_value=-2.37015 -4.91931 -15.9258 -2.54361 -1.05268 0.184901 9.88474 -3.04447 -1.0645
internal_weight=702 651 169 117 482 425 106 319 258
internal_count=702 651 169 117 482 425 106 319 258
is_linear=0
shrinkage=0.03


Tree=247
num_leaves=8
num_cat=0
split_feature=8 14 4 11 0 27 23
split_gain=6.06672e+07 2.42546e+07 3.58537e+07 6.51507e+07 2.81741e+07 1.65808e+07 1.03512e+07
threshold=-1.7 64.500000000000014 1013.4500000000002 1.5000000000000002 36.650000000000006 0.90880922144842613 -0.9330127018922193
decision_type=2 2 2 2 2 2 2
left_child=-1 -2 4 -4 -3 6 -6
right_child=1 2 3 -5 5 -7 -8
leaf_value=29.112536242524087 -19.586398997019504 -28.102279220490047 34.862655502666122 -5.6573390335819704 -13.609639389403094 -19.959930220932986 0.89738377051566953
leaf_weight=51 86 50 58 92 53 51 261
leaf_count=51 86 50 58 92 53 51 261
internal_value=-2.29947 -4.77261 -2.50855 10.0486 -7.0513 -4.14687 -1.56188
internal_weight=702 651 565 150 415 365 314
internal_count=702 651 565 150 415 365 314
is_linear=0
shrinkage=0.03


Tree=248
num_leaves=8
num_cat=0
split_feature=24 0 24 23 24 6 0
split_gain=9.934e+07 4.24249e+07 3.36936e+07 3.95851e+07 1.99028e+07 6.20105e+06 5.98553e+06
threshold=13140.476190476193 60.350000000000009 3625.0000000000005 -0.5 9395.8333333333339 4.9500000000000011 370.60000000000008
decision_type=2 2 2 2 2 2 2
left_child=1 -1 3 -3 5 6 -4
right_child=-2 2 4 -5 -6 -7 -8
leaf_value=17.353647675320033 37.964482530627329 -6.6652334270814073 -3.919041675991001 -42.522064487047743 -21.373821369881654 -11.677536150111679 3.9414156726293901
leaf_weight=66 51 62 220 50 55 54 144
leaf_count=66 51 62 220 50 55 54 144
internal_value=-2.23077 -5.39576 -7.96995 -22.7437 -4.45952 -2.2202 -0.808701
internal_weight=702 651 585 112 473 418 364
internal_count=702 651 585 112 473 418 364
is_linear=0
shrinkage=0.03


Tree=249
num_leaves=8
num_cat=0
split_feature=24 0 24 23 24 6 0
split_gain=9.35026e+07 3.99294e+07 3.17141e+07 3.72598e+07 1.8733e+07 5.83671e+06 5.70847e+06
threshold=13140.476190476193 60.350000000000009 3625.0000000000005 -0.5 9395.8333333333339 4.9500000000000011 239.25000000000003
decision_type=2 2 2 2 2 2 2
left_child=1 -1 3 -3 5 6 -4
right_child=-2 2 4 -5 -6 -7 -8
leaf_value=16.835394521514754 36.832209349068982 -6.4662389326019047 -5.4220669025095978 -41.254011358484831 -20.736085093361989 -11.32914558705704 2.2543096438431762
leaf_weight=66 51 62 144 50 55 54 220
leaf_count=66 51 62 144 50 55 54 220
internal_value=-2.16419 -5.23478 -7.73212 -22.0653 -4.32636 -2.15384 -0.784438
internal_weight=702 651 585 112 473 418 364
internal_count=702 651 585 112 473 418 364
is_linear=0
shrinkage=0.03


Tree=250
num_leaves=10
num_cat=0
split_feature=24 24 28 24 3 27 26 24 21
split_gain=2.03446e+08 5.96384e+07 2.67959e+07 3.38525e+07 2.46372e+07 1.41933e+07 2.0442e+07 3.88211e+06 2.92735e+06
threshold=13788.888888888892 9940.7416666666668 -0.2511900638848194 1.0000000180025095e-35 42.95000000000001 0.80900950266415306 8.6500000000000039 6861.1111111111122 0.74866666666666681
decision_type=2 2 2 2 2 2 2 2 2
left_child=1 2 3 -1 -4 6 -6 8 -5
right_child=-2 -3 4 7 5 -7 -8 -9 -10
leaf_value=23.960854598170489 58.436843967930699 -35.582383627085754 -26.128434777635569 -8.1655786263764796 9.6438203991474953 -14.510969609288933 -10.535823543975466 6.5316653420074644 0.23457399773816007
leaf_weight=66 50 50 53 60 103 77 80 51 98
leaf_count=66 50 50 53 60 103 77 80 51 98
internal_value=0.348337 -4.22937 -1.54649 5.28283 -7.54603 -3.7323 0.819264 -0.641344 -2.96473
internal_weight=688 638 588 275 313 260 183 209 158
internal_count=688 638 588 275 313 260 183 209 158
is_linear=0
shrinkage=0.03


Tree=251
num_leaves=8
num_cat=0
split_feature=24 24 8 1 24 24 26
split_gain=1.91493e+08 5.61344e+07 2.14918e+07 4.17453e+07 1.85624e+07 5.82043e+06 3.71312e+06
threshold=13788.888888888892 9940.7416666666668 4.9500000000000011 0.056250000000000008 5581.666666666667 8013.8888888888896 8.4500000000000028
decision_type=2 2 2 2 2 2 2
left_child=1 2 4 -4 -1 6 -5
right_child=-2 -3 3 5 -6 -7 -8
leaf_value=-26.420340228905498 56.694193856635579 -34.521280043660759 20.417157437002945 -2.2302177799185641 -3.4624821759154321 5.3476253941230718 -9.3574557159909979
leaf_weight=50 50 50 86 204 86 65 97
leaf_count=50 50 50 86 204 86 65 97
internal_value=0.337937 -4.10325 -1.50039 1.64731 -11.9425 -2.77618 -4.5341
internal_weight=688 638 588 452 136 366 301
internal_count=688 638 588 452 136 366 301
is_linear=0
shrinkage=0.03


Tree=252
num_leaves=9
num_cat=0
split_feature=27 8 4 0 5 10 8 0
split_gain=2.64805e+07 2.85203e+07 2.63854e+07 9.32715e+07 5.64554e+07 2.81909e+07 1.51834e+07 2.45371e+07
threshold=0.86958133671945947 9.0500000000000025 1015.9500000000002 16.500000000000004 5.4500000000000011 2.5000000000000004 23.850000000000005 110.80000000000001
decision_type=2 2 2 2 2 2 2 2
left_child=2 -2 3 -1 -4 -5 7 -7
right_child=1 -3 4 5 -6 6 -8 -9
leaf_value=-43.684915011221904 -0.75269391603107694 30.500129303941669 -9.7248234223240644 -21.273614595606496 29.739415150524856 24.237591514364318 -10.020135887555288 1.2718865776163832
leaf_weight=51 55 50 66 52 64 51 71 228
leaf_count=51 55 50 66 52 64 51 71 228
internal_value=0.327882 14.174 -2.17184 -5.59083 9.7274 -0.729 2.33892 5.49148
internal_weight=688 105 583 453 130 402 350 279
internal_count=688 105 583 453 130 402 350 279
is_linear=0
shrinkage=0.03


Tree=253
num_leaves=10
num_cat=0
split_feature=6 26 1 26 8 0 26 8 0
split_gain=9.19399e+07 4.04774e+07 6.93549e+07 1.39331e+08 1.04588e+08 2.54276e+07 9.24595e+06 9.58236e+06 4.19493e+06
threshold=5.2500000000000009 3.8999999999999999 0.6000000000000002 6.8500000000000005 12.15 79.100000000000009 9.1500000000000039 3.1500000000000008 322.05000000000007
decision_type=2 2 2 2 2 2 2 2 2
left_child=1 -1 3 -3 -5 -4 7 -7 -8
right_child=-2 2 5 4 -6 6 8 -9 -10
leaf_value=22.531181649468824 39.367679007551068 -63.246637109563075 20.812052006037693 -33.454061240034491 26.019471334005566 13.204846616209601 -14.698128819966186 -1.2302379189436534 -3.1224472727140329
leaf_weight=52 50 50 52 51 55 51 54 214 59
leaf_count=52 50 50 52 51 55 51 54 214 59
internal_value=0.318049 -2.75932 -5.01392 -22.1281 -2.60873 1.20602 -1.50545 1.55959 -8.67854
internal_weight=688 638 586 156 106 430 378 265 113
internal_count=688 638 586 156 106 430 378 265 113
is_linear=0
shrinkage=0.03


Tree=254
num_leaves=10
num_cat=0
split_feature=24 24 28 7 3 2 24 3 24
split_gain=1.84694e+08 5.08449e+07 2.46684e+07 3.12639e+07 2.14278e+07 1.6017e+07 1.04822e+07 5.7284e+06 1.71379e+06
threshold=13788.888888888892 9940.7416666666668 -0.2511900638848194 21.650000000000002 42.95000000000001 5.4500000000000011 6291.666666666667 74.200000000000003 4236.1111111111122
decision_type=2 2 2 2 2 2 2 2 2
left_child=1 2 3 -1 -4 -6 -7 -5 -9
right_child=-2 -3 4 7 5 6 -8 8 -10
leaf_value=25.852620336813406 55.655212910767816 -33.002506289775987 -24.662286161097082 -5.8078910554883736 5.7872845122530414 -16.893804844825716 -1.6270769973184869 8.3765275808451918 1.368326204340653
leaf_weight=52 50 50 53 89 98 84 78 50 84
leaf_count=52 50 50 53 89 98 84 78 50 84
internal_value=0.308588 -4.05303 -1.57575 4.97692 -7.33216 -3.7751 -9.55981 0.0808086 3.99626
internal_weight=688 638 588 275 313 260 162 223 134
internal_count=688 638 588 275 313 260 162 223 134
is_linear=0
shrinkage=0.03


Tree=255
num_leaves=9
num_cat=0
split_feature=24 3 6 4 25 24 28 1
split_gain=1.13884e+08 3.49709e+07 1.90651e+07 9.22334e+06 1.29692e+07 1.32211e+07 8.31507e+06 2.19099e+07
threshold=12791.666666666668 44.150000000000006 4.8500000000000005 1010.2500000000001 7.9646150000000002 4865.7416666666677 -0.9523422988233432 1.0000000180025095e-35
decision_type=2 2 2 2 2 2 2 2
left_child=1 -1 3 6 -5 -6 -3 -8
right_child=-2 2 -4 4 5 -7 7 -9
leaf_value=20.513828278968774 46.702947869424079 -7.4899632597233055 -16.459075139621916 6.087966447804309 -22.411440449746891 -3.6632954881015243 22.068973799355419 0.51962996741948841
leaf_weight=66 50 54 76 66 50 104 55 183
leaf_count=66 50 54 76 66 50 104 55 183
internal_value=3.20405 -0.141432 -2.46917 -0.384108 -5.01927 -9.78215 3.10967 5.52107
internal_weight=704 654 588 512 220 154 292 238
internal_count=704 654 588 512 220 154 292 238
is_linear=0
shrinkage=0.03


Tree=256
num_leaves=11
num_cat=0
split_feature=24 0 0 8 6 4 8 23 21 5
split_gain=1.07193e+08 3.00598e+07 1.77159e+07 3.30615e+07 2.08319e+07 1.68305e+07 1.38673e+07 5.04185e+06 6.73275e+06 3.05633e+06
threshold=12791.666666666668 60.350000000000009 370.60000000000008 5.1500000000000012 3.3500000000000001 1007.2500000000001 5.6500000000000012 -0.5 0.6240183709606022 14.050000000000002
decision_type=2 2 2 2 2 2 2 2 2 2
left_child=1 -1 6 -4 5 -5 -3 8 -8 -9
right_child=-2 2 3 4 -6 -7 7 9 -10 -11
leaf_value=19.341421335792834 45.310214001634726 -17.207840755237214 20.512690405967575 16.900992680799437 -17.311961179039834 -5.4436990119411739 -6.3418812161148397 -1.2717662905319547 8.4252015963533484 -10.663173937780373
leaf_weight=64 50 86 74 52 62 72 52 50 59 83
leaf_count=64 50 86 74 52 62 72 52 50 59 83
internal_value=3.10851 -0.1372 -2.25891 3.59543 -3.15723 3.94476 -6.87052 -3.21034 1.50876 -7.14345
internal_weight=704 654 590 260 186 124 330 244 111 133
internal_count=704 654 590 260 186 124 330 244 111 133
is_linear=0
shrinkage=0.03


Tree=257
num_leaves=9
num_cat=0
split_feature=24 1 26 16 4 24 20 2
split_gain=1.00894e+08 2.25644e+07 6.99466e+07 4.61006e+06 5.3492e+06 4.55415e+06 2.66116e+06 3.81578e+06
threshold=12791.666666666668 1.0000000180025095e-35 7.1499999999999995 1.0000000180025095e-35 1022.7500000000001 6009.2583333333341 4.2938999999999998 10.550000000000002
decision_type=2 2 2 2 2 2 2 2
left_child=1 2 -1 4 6 -5 -3 -8
right_child=-2 3 -4 5 -6 -7 7 -9
leaf_value=-13.94093900658234 43.959015261458589 -10.738939125297208 33.378533168030394 -2.4666717848264836 3.6645736484177083 8.9954517642910456 0.20184881932669155 -7.090427875832396
leaf_weight=51 50 74 62 75 65 53 104 170
leaf_count=51 50 74 62 75 65 53 104 170
internal_value=3.01592 -0.132989 12.0415 -2.68119 -4.22222 2.28923 -5.69724 -4.32533
internal_weight=704 654 113 541 413 128 348 274
internal_count=704 654 113 541 413 128 348 274
is_linear=0
shrinkage=0.03


Tree=258
num_leaves=10
num_cat=0
split_feature=24 3 6 4 8 25 28 1 3
split_gain=9.49656e+07 3.25943e+07 1.75936e+07 9.61323e+06 1.32574e+07 1.21205e+07 1.12116e+07 2.23881e+07 2.72931e+06
threshold=12791.666666666668 44.150000000000006 4.2500000000000009 1009.2500000000001 3.2500000000000004 12.735775000000002 -0.9523422988233432 1.0000000180025095e-35 78.850000000000009
decision_type=2 2 2 2 2 2 2 2 2
left_child=1 -1 3 6 -5 -6 -3 -8 -4
right_child=-2 2 8 4 5 -7 7 -9 -10
leaf_value=19.812211149396937 42.648110135573276 -8.4037266063132492 -17.726437394549464 7.7059533331658123 -20.201954333665789 -3.0510993732231864 24.64555524321721 1.53314594989885 -8.0861040448881774
leaf_weight=66 50 51 58 60 55 113 50 151 50
leaf_count=66 50 51 58 60 55 113 50 151 50
internal_value=2.92616 -0.128834 -2.37609 0.0881274 -4.37227 -8.69202 4.12416 7.31071 -13.2982
internal_weight=704 654 588 480 228 168 252 201 108
internal_count=704 654 588 480 228 168 252 201 108
is_linear=0
shrinkage=0.03


Tree=259
num_leaves=9
num_cat=0
split_feature=24 3 6 4 8 25 28 24
split_gain=8.93863e+07 3.06767e+07 1.67003e+07 7.82798e+06 1.54998e+07 1.40127e+07 7.34198e+06 1.85493e+07
threshold=12791.666666666668 44.150000000000006 4.8500000000000005 1010.2500000000001 3.4500000000000006 12.735775000000002 -0.9523422988233432 1.0000000180025095e-35
decision_type=2 2 2 2 2 2 2 2
left_child=1 -1 3 6 -5 -6 -3 -8
right_child=-2 2 -4 4 5 -7 7 -9
leaf_value=19.220534161183625 41.376296643964338 -7.0950155253963585 -15.398731450497086 7.7832831577935817 -22.387759305888334 -3.3386813627199157 20.356976108240605 0.52891044011092614
leaf_weight=66 50 54 76 64 52 104 55 183
leaf_count=66 50 54 76 64 52 104 55 183
internal_value=2.83887 -0.125021 -2.30517 -0.353698 -4.62387 -9.71921 2.86497 5.13092
internal_weight=704 654 588 512 220 156 292 238
internal_count=704 654 588 512 220 156 292 238
is_linear=0
shrinkage=0.03


Tree=260
num_leaves=11
num_cat=0
split_feature=0 28 24 0 24 2 14 14 14 28
split_gain=1.18112e+08 2.16354e+07 4.30018e+07 2.25417e+07 2.22545e+07 1.97995e+07 1.05812e+07 6.01989e+06 5.86312e+06 1.38306e+06
threshold=14.500000000000002 -0.43663505800854857 3555.5555555555561 208.50000000000003 9347.2222222222244 15.747000000000002 147.50000000000003 189.50000000000003 58.000000000000007 0.12447926388678894
decision_type=2 2 2 2 2 2 2 2 2 2
left_child=-1 5 -3 4 -4 6 -2 -7 -5 -10
right_child=1 2 3 8 -6 7 -8 -9 9 -11
leaf_value=38.316356631803281 20.051282421703604 -34.327203050476406 -6.2368223018012383 9.1604410177717153 -30.768255617054503 -15.723584510526411 2.9911567905017455 -1.0896275699905484 1.359284481601486 -4.5465218060039883
leaf_weight=61 50 54 99 55 50 50 94 51 58 92
leaf_count=61 50 54 99 55 50 50 94 51 58 92
internal_value=-1.50092 -5.23635 -9.46549 -5.64715 -14.5142 1.80939 8.94425 -8.35936 0.809424 -2.26473
internal_weight=714 653 408 354 149 245 144 101 205 150
internal_count=714 653 408 354 149 245 144 101 205 150
is_linear=0
shrinkage=0.03


Tree=261
num_leaves=7
num_cat=0
split_feature=28 24 8 14 7 14
split_gain=8.1031e+07 3.91106e+07 1.21536e+07 3.27005e+07 1.30726e+07 1.76061e+07
threshold=0.95989713290459389 12688.750000000002 1.2500000000000002 72.500000000000014 15.65 120.50000000000001
decision_type=2 2 2 2 2 2
left_child=1 2 -1 -4 -5 -6
right_child=-2 -3 3 4 5 -7
leaf_value=10.007647125398391 31.523875160995161 -28.688566077785939 -26.571819601672434 11.944323788801556 -17.159297423076488 -0.53400290960829155
leaf_weight=64 61 55 51 58 68 357
leaf_count=64 61 55 51 58 68 357
internal_value=-1.45616 -4.55006 -2.31668 -3.79856 -1.37891 -3.2043
internal_weight=714 653 598 534 483 425
internal_count=714 653 598 534 483 425
is_linear=0
shrinkage=0.03


Tree=262
num_leaves=10
num_cat=0
split_feature=0 1 4 14 24 6 0 6 11
split_gain=1.12306e+08 3.40468e+07 6.27704e+07 1.31746e+07 2.63489e+07 6.10803e+06 1.1958e+07 3.63252e+06 2.50919e+06
threshold=14.500000000000002 0.095454545454545472 1004.85 253.50000000000003 8861.1111111111131 2.3500000000000001 205.90000000000003 4.4500000000000011 3.5000000000000004
decision_type=2 2 2 2 2 2 2 2 2
left_child=-1 2 -2 4 7 -5 -7 8 -3
right_child=1 3 -4 5 -6 6 -8 -9 -10
leaf_value=37.413440735087306 3.8687874831569808 1.2301681030312133 -41.266722426904998 -0.2116040462243628 20.490255115677638 -23.582468683789347 -4.1839183042516757 -9.3363745603871404 -5.0283794829653665
leaf_weight=61 52 187 59 50 54 51 65 52 83
leaf_count=61 52 187 59 50 54 51 65 52 83
internal_value=-1.41272 -5.05519 -20.1686 -1.95054 1.15829 -8.98167 -12.7515 -2.09974 -0.697168
internal_weight=714 653 111 542 376 166 116 322 270
internal_count=714 653 111 542 376 166 116 322 270
is_linear=0
shrinkage=0.03


end of trees

feature_importances:
avg_weight_price_ratio=699
trade_quantity=273
avg_weight_kg=191
pressure=109
wind_speed=97
temp_range=95
humidity=92
day_of_year_sin=86
day_of_year=77
water_temp_ratio=75
day_of_year_cos=71
temp_humidity=62
min_temperature=60
water_temperature=52
month_cos=41
max_temperature=40
day_of_week=30
month=29
avg_temperature=24
temp_pressure=21
month_sin=16
day_of_week_sin=16
day_of_week_cos=6
rainfall=4
summer=4
is_weekend=2
quarter=1
spring=1

parameters:
[boosting: gbdt]
[objective: regression]
[metric: l1]
[tree_learner: serial]
[device_type: cpu]
[data_sample_strategy: bagging]
[data: ]
[valid: ]
[num_iterations: 500]
[learning_rate: 0.03]
[num_leaves: 31]
[num_threads: 0]
[seed: 42]
[deterministic: 0]
[force_col_wise: 0]
[force_row_wise: 0]
[histogram_pool_size: -1]
[max_depth: 6]
[min_data_in_leaf: 50]
[min_sum_hessian_in_leaf: 0.001]
[bagging_fraction: 0.7]
[pos_bagging_fraction: 1]
[neg_bagging_fraction: 1]
[bagging_freq: 5]
[bagging_seed: 400]
[bagging_by_query: 0]
[feature_fraction: 0.7]
[feature_fraction_bynode: 1]
[feature_fraction_seed: 30056]
[extra_trees: 0]
[extra_seed: 12879]
[early_stopping_round: 0]
[early_stopping_min_delta: 0]
[first_metric_only: 0]
[max_delta_step: 0]
[lambda_l1: 0.3]
[lambda_l2: 0.3]
[linear_lambda: 0]
[min_gain_to_split: 0.1]
[drop_rate: 0.1]
[max_drop: 50]
[skip_drop: 0.5]
[xgboost_dart_mode: 0]
[uniform_drop: 0]
[drop_seed: 17869]
[top_rate: 0.2]
[other_rate: 0.1]
[min_data_per_group: 100]
[max_cat_threshold: 32]
[cat_l2: 10]
[cat_smooth: 10]
[max_cat_to_onehot: 4]
[top_k: 20]
[monotone_constraints: ]
[monotone_constraints_method: basic]
[monotone_penalty: 0]
[feature_contri: ]
[forcedsplits_filename: ]
[refit_decay_rate: 0.9]
[cegb_tradeoff: 1]
[cegb_penalty_split: 0]
[cegb_penalty_feature_lazy: ]
[cegb_penalty_feature_coupled: ]
[path_smooth: 0]
[interaction_constraints: ]
[verbosity: -1]
[saved_feature_importance_type: 0]
[use_quantized_grad: 0]
[num_grad_quant_bins: 4]
[quant_train_renew_leaf: 0]
[stochastic_rounding: 1]
[linear_tree: 0]
[max_bin: 255]
[max_bin_by_feature: ]
[min_data_in_bin: 3]
[bin_construct_sample_cnt: 200000]
[data_random_seed: 175]
[is_enable_sparse: 1]
[enable_bundle: 1]
[use_missing: 1]
[zero_as_missing: 0]
[feature_pre_filter: 1]
[pre_partition: 0]
[two_round: 0]
[header: 0]
[label_column: ]
[weight_column: ]
[group_column: ]
[ignore_column: ]
[categorical_feature: ]
[forcedbins_filename: ]
[precise_float_parser: 0]
[parser_config_file: ]
[objective_seed: 16083]
[num_class: 1]
[is_unbalance: 0]
[scale_pos_weight: 1]
[sigmoid: 1]
[boost_from_average: 1]
[reg_sqrt: 0]
[alpha: 0.9]
[fair_c: 1]
[poisson_max_delta_step: 0.7]
[tweedie_variance_power: 1.5]
[lambdarank_truncation_level: 30]
[lambdarank_norm: 1]
[label_gain: ]
[lambdarank_position_bias_regularization: 0]
[eval_at: ]
[multi_error_top_k: 1]
[auc_mu_weights: ]
[num_machines: 1]
[local_listen_port: 12400]
[time_out: 120]
[machine_list_filename: ]
[machines: ]
[gpu_platform_id: -1]
[gpu_device_id: -1]
[gpu_use_dp: 0]
[num_gpu: 1]

end of parameters

pandas_categorical:[]
