tree
version=v4
num_class=1
num_tree_per_iteration=1
label_index=0
max_feature_idx=30
objective=regression
feature_names=trade_quantity avg_weight_kg water_temperature humidity pressure avg_temperature wind_speed max_temperature min_temperature rainfall month day_of_week is_weekend quarter day_of_year spring summer fall winter peak_season temp_humidity water_temp_ratio month_sin month_cos avg_weight_price_ratio temp_pressure temp_range day_of_year_sin day_of_year_cos day_of_week_sin day_of_week_cos
feature_infos=[1:2969.8000000000002] [0:1.5] [-0.69999999999999996:28.199999999999999] [20:99.900000000000006] [984:1034.7] [-7.9000000000000004:31.5] [0.90000000000000002:11.699999999999999] [-5.2999999999999998:36.700000000000003] [-11.300000000000001:27.600000000000001] [0:207.80000000000001] [1:12] [0:5] [0:1] [1:4] [2:364] [0:1] [0:1] [0:1] [0:1] [0:1] [-6.3121:25.311400000000003] [-52.313333333333325:31.500000000000007] [-1:1] [-1:1] [0:23437.5] [-8.1243600000000011:31.666949999999996] [1.2000000000000028:16.699999999999999] [-0.99999073973619013:0.99991665865473789] [-0.99996295911626554:0.99985183920911624] [-0.97492791218182362:0.97492791218182362] [-0.90096886790241903:1]
tree_sizes=1537 1559 1397 1556 1564 1476 1546 1562 1561 1565 1717 1637 1649 1613 1479 1643 1570 1641 1645 1633 1648 1551 1646 1634 1637 1721 1726 1559 1546 1724 1628 1656 1475 1642 1561 1652 1650 1558 1573 1483 1614 1638 1647 1626 1565 1723 1804 1453 1568 1566 1563 1549 1472 1554 1554 1632 1713 1569 1556 1642 1565 1636 1638 1651 1575 1625 1700 1623 1625 1611 1697 1640 1620 1691 1536 1609 1561 1465 1633 1385 1521 1232 1600 1467 1305 1384 1456 1222 1469 1125 984 1309 1065 1145 1234 1526 1468 1541 1467 1150 1704 1376 1308 1240 1313 1474 1384 1547 1235 1539

Tree=0
num_leaves=17
num_cat=0
split_feature=24 24 24 1 10 24 24 24 24 24 27 24 24 24 24 24
split_gain=1.04452e+10 1.39568e+09 1.17461e+09 2.77015e+09 1.33504e+09 1.03889e+09 2.27875e+08 1.89099e+08 1.17728e+08 1.14418e+08 1.11836e+08 7.61018e+07 2.39894e+07 1.29021e+07 1.12795e+07 6.8401e+06
threshold=7935.186111111112 10625.000000000002 6009.2583333333341 0.11250000000000002 5.5000000000000009 3689.3527777777781 9189.8138888888916 12231.480555555558 4825.9250000000002 6898.1472222222228 0.7025209685794126 2361.1111111111118 8655.5555555555566 7324.0750000000007 10011.111111111113 6375.186111111112
decision_type=2 2 2 2 2 2 2 2 2 2 2 2 2 2 2 2
left_child=2 6 3 4 10 11 12 -3 -7 15 -1 -5 -2 -11 -8 -4
right_child=1 7 9 5 -6 8 14 -9 -10 13 -12 -13 -14 -15 -16 -17
leaf_value=12688.055543153398 13019.622221339856 13299.95154429341 12835.301135583903 12432.027718226645 13091.675068272274 12647.314991719577 13151.673713640163 13455.711051917411 12761.221313406506 12915.016359745141 12822.808271588019 12532.988953119822 13077.073256371223 12955.769601567781 13198.116851300914 12866.975581855648
leaf_weight=31 41 50 34 48 56 38 33 34 58 33 31 36 34 47 31 36
leaf_count=31 41 50 34 48 56 38 33 34 58 33 31 36 34 47 31 36
internal_value=12923.2 13202.7 12784 12726.6 12914.9 12603.2 13105.2 13363.6 12715.9 12898.1 12755.2 12474.8 13045.8 12939 13174.6 12851.5
internal_weight=671 223 448 298 118 180 139 84 96 150 62 84 75 80 64 70
internal_count=671 223 448 298 118 180 139 84 96 150 62 84 75 80 64 70
is_linear=0
shrinkage=1


Tree=1
num_leaves=17
num_cat=0
split_feature=24 24 24 1 14 24 24 8 24 24 24 24 24 24 24 24
split_gain=9.42941e+09 1.26178e+09 1.06036e+09 2.50056e+09 1.20715e+09 9.37838e+08 2.29086e+08 1.85302e+08 1.49948e+08 1.06293e+08 1.03291e+08 6.88821e+07 2.16591e+07 1.4422e+07 1.16739e+07 6.17527e+06
threshold=7935.186111111112 10736.111111111113 6009.2583333333341 0.11250000000000002 163.50000000000003 3689.3527777777781 9189.8138888888916 8.5500000000000025 12319.444444444445 4825.9250000000002 6898.1472222222228 2180.0000000000005 8655.5555555555566 10062.500000000002 7376.3888888888896 6375.186111111112
decision_type=2 2 2 2 2 2 2 2 2 2 2 2 2 2 2 2
left_child=2 6 3 4 7 11 12 -1 -3 -7 15 -5 -2 -8 -12 -4
right_child=1 8 10 5 -6 9 13 -9 -10 -11 14 -13 -14 -15 -16 -17
leaf_value=-227.32782853266158 93.044864819751751 370.32391532533137 -82.084749516014483 -470.52638995885303 186.41839515384666 -260.69491854289697 221.84043340407644 -63.922987838304579 514.59424550341635 -152.46171150141862 -4.6977682256797673 -375.43914673148578 147.63422235841276 271.38121750025124 33.66331856310233 -51.98893535751386
leaf_weight=32 41 48 34 43 48 38 38 38 31 58 36 41 34 31 44 36
leaf_count=32 41 48 34 43 48 38 38 38 31 58 36 41 34 31 44 36
internal_value=1.39974 266.997 -130.836 -185.397 -6.48573 -302.614 178.699 -138.84 427.515 -195.531 -22.3913 -424.616 117.956 244.458 16.4165 -66.7032
internal_weight=671 223 448 298 118 180 144 70 79 96 150 84 75 69 80 70
internal_count=671 223 448 298 118 180 144 70 79 96 150 84 75 69 80 70
is_linear=0
shrinkage=0.05


Tree=2
num_leaves=15
num_cat=0
split_feature=24 24 1 24 10 24 24 24 24 8 24 24 24 24
split_gain=8.51281e+09 1.19948e+09 9.37706e+08 2.66523e+09 1.09533e+09 3.09047e+08 2.17498e+08 1.84776e+08 1.77148e+08 1.12617e+08 6.7671e+07 2.73076e+07 2.28821e+07 8.92413e+06
threshold=7874.0750000000007 10509.261111111113 0.11250000000000002 4481.4805555555567 5.5000000000000009 6141.2027777777785 2711.1111111111118 12027.777777777779 9168.9805555555577 8.5500000000000025 6811.1111111111122 5346.666666666667 8493.0555555555566 7268.5194444444451
decision_type=2 2 2 2 2 2 2 2 2 2 2 2 2 2
left_child=2 8 4 6 9 11 -4 -3 12 -1 -7 -5 -2 -12
right_child=1 7 3 5 -6 10 -8 -9 -10 -11 13 -13 -14 -15
leaf_value=-215.99683697186526 83.190990186764807 325.34316240565749 -433.44086847966901 -181.79794464586678 153.97896326238458 -61.082772212594797 -292.98888018426527 471.71706670822942 222.16396550470606 -80.827615843104368 -9.2574890875744309 -120.23455994621155 137.41507030708968 25.100847869665447
leaf_weight=32 44 50 59 32 56 58 54 40 59 30 33 44 36 44
leaf_count=32 44 50 59 32 56 58 54 40 59 30 33 44 36 44
internal_value=1.33087 248.69 -126.853 -170.791 -6.16588 -65.7814 -366.641 390.85 156.429 -150.828 -20.3433 -146.361 107.733 10.3829
internal_weight=671 229 442 324 118 211 113 90 139 62 135 76 80 77
internal_count=671 229 442 324 118 211 113 90 139 62 135 76 80 77
is_linear=0
shrinkage=0.05


Tree=3
num_leaves=17
num_cat=0
split_feature=24 24 24 1 14 24 24 4 24 24 24 24 24 24 24 24
split_gain=7.68641e+09 1.02637e+09 8.75276e+08 2.0386e+09 9.96853e+08 7.71224e+08 2.05025e+08 1.91954e+08 1.01474e+08 8.83842e+07 8.57466e+07 5.64482e+07 1.73239e+07 1.69864e+07 8.1206e+06 6.84003e+06
threshold=8033.3333333333339 10916.666666666668 6009.2583333333341 0.11250000000000002 163.50000000000003 3689.3527777777781 9189.8138888888916 1006.1500000000002 12319.444444444445 5204.166666666667 6953.7027777777785 2180.0000000000005 10143.519444444446 8655.5555555555566 7416.666666666667 6375.186111111112
decision_type=2 2 2 2 2 2 2 2 2 2 2 2 2 2 2 2
left_child=2 6 3 4 7 11 13 -1 -3 -7 15 -5 -8 -2 -12 -4
right_child=1 8 10 5 -6 9 12 -9 -10 -11 14 -13 -14 -15 -16 -17
leaf_value=-35.732794465157106 84.651366548229035 342.73468246641187 -74.166771458600621 -425.43291582076563 169.43391627670576 -218.52894925665726 203.10310772746598 -201.97488199869792 465.43724031601687 -121.24717234704386 1.4275848069528898 -339.36521013914239 254.59350758641477 133.29928755326702 34.098112259511872 -43.58419878511824
leaf_weight=32 40 42 34 43 48 54 44 38 31 42 38 41 31 34 38 41
leaf_count=32 40 42 34 43 48 54 44 38 31 42 38 41 31 34 38 41
internal_value=1.2645 241.868 -117.725 -167.405 -5.86363 -273.243 166.43 -126.138 395.407 -176.139 -19.6351 -383.877 224.697 107.153 17.7863 -57.5287
internal_weight=671 222 449 298 118 180 149 70 73 96 151 84 75 74 76 75
internal_count=671 222 449 298 118 180 149 70 73 96 151 84 75 74 76 75
is_linear=0
shrinkage=0.05


Tree=4
num_leaves=17
num_cat=0
split_feature=24 24 24 24 14 24 24 24 24 8 24 24 24 24 24 0
split_gain=6.93992e+09 9.88896e+08 7.70372e+08 2.16817e+09 9.00642e+08 2.57996e+08 1.753e+08 1.66797e+08 1.22392e+08 1.07188e+08 5.61435e+07 2.20427e+07 1.99451e+07 9.47253e+06 6.84732e+06 1.72481e+06
threshold=7842.5916666666672 10699.075000000001 1.0000000180025095e-35 4407.4083333333338 155.50000000000003 6101.852777777779 9189.8138888888916 2711.1111111111118 12120.369444444446 8.5500000000000025 6811.1111111111122 5287.0361111111115 8493.0555555555566 10011.111111111113 7226.852777777779 126.35000000000001
decision_type=2 2 2 2 2 2 2 2 2 2 2 2 2 2 2 2
left_child=2 6 4 7 9 11 12 -4 -3 -1 15 -5 -2 -8 -12 -7
right_child=1 8 3 5 -6 10 13 -9 -10 -11 14 -13 -14 -15 -16 -17
leaf_value=-196.9759663709599 74.790800283224769 304.67842372626137 -391.73490302122991 -167.51262619165743 144.66529958164404 -64.573499873468649 186.25898614520392 -267.39049083980626 429.63214941149937 -67.341909376483102 -9.3060112461783113 -111.90308507678249 124.75345922917369 227.36677755027378 21.196490571557025 -47.044108809664408
leaf_weight=32 45 44 59 31 54 30 33 52 38 32 31 45 37 33 45 30
leaf_count=32 45 44 59 31 54 30 33 52 38 32 31 45 37 33 45 30
internal_value=1.20298 223.806 -114.918 -154.851 -5.57334 -61.0544 146.472 -333.777 363.037 -132.365 -19.788 -134.776 97.4595 207.126 8.75874 -55.9017
internal_weight=671 230 441 323 118 212 148 111 82 64 136 76 82 66 76 60
internal_count=671 230 441 323 118 212 148 111 82 64 136 76 82 66 76 60
is_linear=0
shrinkage=0.05


Tree=5
num_leaves=16
num_cat=0
split_feature=24 24 1 14 24 24 4 24 24 24 24 24 24 24 24
split_gain=6.27338e+09 7.43641e+08 1.62704e+09 1.04107e+09 7.29181e+08 5.82153e+08 2.17142e+08 1.35754e+08 1.07147e+08 9.85262e+07 7.62459e+07 4.12558e+07 1.40899e+07 1.11208e+07 9.96177e+06
threshold=8033.3333333333339 5868.0555555555566 0.11250000000000002 163.50000000000003 10430.555555555557 3959.7222222222226 1006.1500000000002 11648.147222222224 2711.1111111111118 9189.8138888888916 7018.5194444444451 5204.166666666667 8689.8138888888898 6375.186111111112 7541.666666666667
decision_type=2 2 2 2 2 2 2 2 2 2 2 2 2 2 2
left_child=1 2 3 6 9 8 -1 -6 -4 12 13 -7 -2 -3 -12
right_child=4 10 5 -5 7 11 -8 -9 -10 -11 14 -13 -14 -15 -16
leaf_value=-30.281488522616304 79.171583529811386 -66.331246897500378 -379.62233403754544 180.06154083454953 255.7319737605668 -182.26292293175837 -201.19039534408682 375.99824096913994 -268.31888110543798 187.75969112218965 5.6080881208885369 -110.17567705551103 124.12437873217993 -30.82241131889846 44.132193388574542
leaf_weight=34 39 42 55 45 45 48 41 52 38 58 38 35 33 47 30
leaf_count=34 39 42 55 45 45 48 41 52 38 58 38 35 33 47 30
internal_value=2.32149 -105.18 -151.823 -9.83138 216.803 -248.576 -123.855 320.525 -334.481 139.223 -17.2007 -152.034 99.9186 -47.6351 22.6439
internal_weight=680 453 296 120 227 176 75 97 93 130 157 83 72 89 68
internal_count=680 453 296 120 227 176 75 97 93 130 157 83 72 89 68
is_linear=0
shrinkage=0.05


Tree=6
num_leaves=17
num_cat=0
split_feature=14 0 0 1 8 0 1 0 0 7 21 21 0 30 27 10
split_gain=1.24442e+09 6.55765e+08 5.22497e+08 2.96596e+08 4.63846e+08 2.58607e+08 2.37985e+08 1.58491e+08 1.37981e+08 8.95758e+07 8.53231e+07 7.082e+07 6.18683e+07 4.96509e+07 4.37053e+07 1.98249e+07
threshold=159.50000000000003 12.750000000000002 5.7500000000000009 0.65000000000000013 10.000000000000002 86.200000000000017 0.15476190476190474 233.20000000000002 44.100000000000009 13.15 0.76763558614935357 0.81723611037080479 99.050000000000026 -0.56174490092936669 -0.5416228050394748 2.5000000000000004
decision_type=2 2 2 2 2 2 2 2 2 2 2 2 2 2 2 2
left_child=2 -2 -1 4 -4 9 -3 8 11 -5 -10 -8 -12 -7 -9 -15
right_child=1 6 3 5 -6 13 7 14 10 -11 12 -13 -14 15 -16 -17
leaf_value=110.81411978784109 -118.60735061539297 201.49316254311816 -280.65175570130612 63.082764115292804 -31.644145594801859 -66.021072179994817 -19.546590489819884 43.957052970775202 170.06876908267839 -38.759460447858793 148.11459586057947 88.074341388081393 58.14627091574804 -164.09659976695053 -30.698899984215686 -111.06868318007639
leaf_weight=35 43 41 45 35 32 37 31 48 58 56 30 30 53 36 33 37
leaf_count=35 43 41 45 35 32 37 31 48 58 56 30 30 53 36 33 37
internal_value=2.20529 64.6624 -71.0244 -93.9493 -177.343 -61.93 89.0143 72.6533 96.3383 0.43682 123.507 33.4392 90.8041 -113.478 13.5413 -137.408
internal_weight=680 367 313 278 77 201 324 283 202 91 141 61 83 110 81 73
internal_count=680 367 313 278 77 201 324 283 202 91 141 61 83 110 81 73
is_linear=0
shrinkage=0.05


Tree=7
num_leaves=17
num_cat=0
split_feature=24 24 24 14 24 24 24 24 24 8 24 24 24 24 24 24
split_gain=5.48053e+09 6.86385e+08 1.43717e+09 8.54709e+08 6.28508e+08 5.04104e+08 1.31968e+08 8.99373e+07 7.52048e+07 7.34182e+07 6.09823e+07 3.56649e+07 1.90374e+07 1.04367e+07 1.02855e+07 9.79949e+06
threshold=8118.0555555555566 5868.0555555555566 1.0000000180025095e-35 163.50000000000003 10916.666666666668 3959.7222222222226 9189.8138888888916 2711.1111111111118 7074.0750000000007 10.000000000000002 12319.444444444445 5204.166666666667 10125.000000000002 8736.1111111111131 7587.9638888888894 6375.186111111112
decision_type=2 2 2 2 2 2 2 2 2 2 2 2 2 2 2 2
left_child=1 2 3 9 6 7 13 -4 15 -1 -6 -7 -8 -2 -10 -3
right_child=4 8 5 -5 10 11 12 -9 14 -11 -12 -13 -14 -15 -16 -17
leaf_value=-164.70099534254808 76.301539759754803 -61.767213479809975 -354.25713776797875 163.5102581760043 286.67939186368022 -171.20108200993209 165.47427159993111 -252.19692164944223 7.7835988361044715 -65.336788261204291 383.09540845294327 -104.15803137450476 215.11409629003663 116.49831590069834 46.143849324413438 -28.760512876801968
leaf_weight=35 36 42 55 45 42 48 43 38 40 40 30 35 40 31 31 49
leaf_count=35 36 42 55 45 42 48 43 38 40 40 30 35 40 31 31 49
internal_value=2.09519 -96.7279 -141.998 -8.54869 205.925 -232.93 147.472 -312.871 -13.975 -111.864 327.328 -143.089 189.627 95.046 24.5739 -44.0455
internal_weight=680 458 296 120 222 176 150 93 162 75 72 83 83 67 71 91
internal_count=680 458 296 120 222 176 150 93 162 75 72 83 83 67 71 91
is_linear=0
shrinkage=0.05


Tree=8
num_leaves=17
num_cat=0
split_feature=24 24 1 14 24 24 24 24 27 24 24 24 24 24 24 24
split_gain=4.94751e+09 6.19723e+08 1.28315e+09 7.71572e+08 5.6741e+08 4.70308e+08 1.19124e+08 9.76937e+07 7.24255e+07 6.5733e+07 5.58186e+07 2.42687e+07 1.7448e+07 9.42321e+06 9.28596e+06 8.18825e+06
threshold=8118.0555555555566 5897.2222222222235 0.11250000000000002 163.50000000000003 10916.666666666668 4138.8888888888896 9189.8138888888916 2711.1111111111118 0.6254047815183511 7074.0750000000007 11916.666666666668 5258.8888888888896 9958.3333333333339 8736.1111111111131 7587.9638888888894 6375.186111111112
decision_type=2 2 2 2 2 2 2 2 2 2 2 2 2 2 2 2
left_child=1 2 3 8 6 7 13 -4 -1 15 -6 -7 -8 -2 -11 -3
right_child=4 9 5 -5 10 11 12 -9 -10 14 -12 -13 -14 -15 -16 -17
leaf_value=-157.37122725964912 72.497030546658593 -57.904435657681972 -336.57642275053882 155.35287767016968 262.52533420775291 -152.69407265081207 150.75349003080154 -235.62992324998268 -58.84932412930462 7.3953894075312805 353.58505189750457 -95.948286842280979 199.24307425188684 110.69212960491609 43.844075252618822 -27.325415778694232
leaf_weight=36 36 40 55 45 34 43 33 45 39 40 38 35 50 31 31 49
leaf_count=36 36 40 55 45 34 43 33 45 39 40 38 35 50 31 31 49
internal_value=1.99233 -91.9023 -134.508 -8.12402 195.657 -219.659 140.118 -291.431 -106.286 -12.5143 311.008 -127.387 180.169 90.3081 23.349 -41.1184
internal_weight=680 458 298 120 222 178 150 100 75 160 72 78 83 67 71 89
internal_count=680 458 298 120 222 178 150 100 75 160 72 78 83 67 71 89
is_linear=0
shrinkage=0.05


Tree=9
num_leaves=17
num_cat=0
split_feature=24 24 1 24 14 4 24 24 24 24 24 24 24 24 24 24
split_gain=4.46659e+09 6.46612e+08 5.04383e+08 1.31571e+09 6.96521e+08 1.79653e+08 1.77177e+08 1.11192e+08 9.47388e+07 9.08344e+07 3.41304e+07 1.66236e+07 1.14714e+07 7.71306e+06 3.91053e+06 2.98873e+06
threshold=7736.1111111111122 10291.666666666668 0.11250000000000002 4319.4444444444453 163.50000000000003 1006.1500000000002 5868.0555555555566 11699.075000000001 2711.1111111111118 9006.9444444444471 6811.1111111111122 5258.8888888888896 8351.8527777777799 9729.1666666666697 6375.186111111112 7268.5194444444451
decision_type=2 2 2 2 2 2 2 2 2 2 2 2 2 2 2 2
left_child=2 9 4 8 5 -1 11 -3 -4 12 14 -5 -2 -11 -8 -12
right_child=1 7 3 6 -6 -7 10 -9 -10 13 15 -13 -14 -15 -16 -17
leaf_value=-15.911843138216526 50.468136160714288 215.92256953468996 -319.77815025592673 -141.15650400366272 147.60245566188362 -171.32583188244894 -55.707478183918504 322.10041072639882 -222.22845456446532 130.63580878327156 -6.7615955809026067 -92.469773638860701 89.078808002526273 166.55513498299936 -32.495814030120023 15.17310873726818
leaf_weight=34 44 51 55 40 45 41 42 50 48 37 30 33 35 30 33 32
leaf_count=34 44 51 55 40 45 41 42 50 48 37 30 33 35 30 33 32
internal_value=1.89443 171.522 -94.885 -128.29 -7.72036 -100.987 -56.4422 268.753 -274.578 104.122 -22.8838 -119.304 67.6652 146.943 -45.5513 4.56566
internal_weight=680 247 433 313 120 75 210 101 103 146 137 73 79 67 75 62
internal_count=680 247 433 313 120 75 210 101 103 146 137 73 79 67 75 62
is_linear=0
shrinkage=0.05


Tree=10
num_leaves=19
num_cat=0
split_feature=14 1 1 1 5 2 27 7 11 27 6 2 20 8 29 26 7 4
split_gain=7.30716e+08 1.73505e+08 7.55329e+08 1.33112e+08 3.35827e+08 1.29165e+08 1.21402e+08 8.75358e+07 8.44873e+07 5.68459e+07 6.24954e+07 5.0322e+07 5.03441e+07 5.24618e+07 4.14831e+07 3.25339e+07 1.4584e+07 1.31296e+07
threshold=148.50000000000003 0.65000000000000013 0.15476190476190474 0.65000000000000013 10.250000000000002 22.550000000000004 -0.2386639253557736 11.950000000000001 2.5000000000000004 0.77753234098132629 3.7500000000000004 16.650000000000002 13.960300000000002 5.1500000000000012 1.0000000180025095e-35 6.3000000000000034 19.150000000000002 1006.85
decision_type=2 2 2 2 2 2 2 2 2 2 2 2 2 2 2 2 2 2
left_child=3 2 -2 4 -1 6 11 8 -5 -9 16 12 13 -3 -15 -8 -11 -7
right_child=1 5 -4 7 -6 17 15 9 -10 10 -12 -13 -14 14 -16 -17 -18 -19
leaf_value=-231.96931441890584 88.50760972733417 110.8193951324767 -220.72533017860729 -53.262164401757758 -23.053290817089511 97.995864979690097 20.321856972023294 -121.26521065948565 55.079391152837765 3.0432932583342462 -108.30252347420222 7.1462806398623444 123.09498087843549 71.623143466569218 -9.4403690421321311 -46.839513612114843 -45.431346054330618 145.74451832818826
leaf_weight=37 54 30 31 38 40 30 35 39 34 32 30 32 41 31 32 37 30 30
leaf_count=37 54 30 31 38 40 30 35 39 34 32 30 32 41 31 32 37 30 30
internal_value=-6.28592 38.5919 -24.3983 -67.6643 -123.612 56.5611 40.0011 -46.3922 -2.09537 -70.7183 -49.1824 63.5082 76.9524 56.4995 30.4982 -14.2087 -20.4475 122.073
internal_weight=663 383 85 280 77 298 238 203 72 131 92 166 134 93 63 72 62 60
internal_count=663 383 85 280 77 298 238 203 72 131 92 166 134 93 63 72 62 60
is_linear=0
shrinkage=0.05


Tree=11
num_leaves=18
num_cat=0
split_feature=24 24 24 1 8 21 24 24 24 24 24 24 24 24 24 24 24
split_gain=4.04079e+09 5.87443e+08 4.37813e+08 8.89208e+08 6.13195e+08 3.53613e+08 3.18335e+08 8.25607e+07 7.59384e+07 4.97563e+07 4.10126e+07 2.38891e+07 1.0124e+07 8.08808e+06 7.78056e+06 2.79785e+06 2.16268e+06
threshold=7675.9250000000002 10430.555555555557 5641.2027777777785 0.11250000000000002 8.5500000000000025 0.7325359015272398 3535.7142857142862 9006.9444444444471 11916.666666666668 4319.4444444444453 6811.1111111111122 1932.2222222222224 8351.8527777777799 5036.1111111111122 9729.1666666666697 6308.3333333333348 7324.0750000000007
decision_type=2 2 2 2 2 2 2 2 2 2 2 2 2 2 2 2 2
left_child=2 7 3 4 -1 -6 11 12 -3 -8 15 -5 -2 -11 -9 -4 -12
right_child=1 8 10 6 5 -7 9 14 -10 13 16 -13 -14 -15 -16 -17 -18
leaf_value=-212.20631968384771 46.719045199153044 219.58645560441616 -59.2241400204475 -317.34323283008439 130.7194567529979 -86.140176117855844 -195.20833101361711 122.29583737030428 314.2202728817835 -136.71077790582294 -5.9685274586725079 -256.71595196438471 83.17388095257968 -99.719877686307441 157.61889938894191 -40.55894315028133 12.69001240656012
leaf_weight=31 43 50 42 31 50 30 32 38 39 31 30 45 35 32 31 41 32
leaf_count=31 43 50 42 31 50 30 32 38 39 31 30 45 35 32 31 41 32
internal_value=-5.97265 160.024 -97.734 -134.029 -23.7929 49.391 -205.53 98.5345 261.361 -144.258 -27.1028 -281.83 63.1626 -118.11 138.371 -50.0639 3.66653
internal_weight=663 236 427 282 111 80 171 147 89 95 145 76 78 63 69 83 62
internal_count=663 236 427 282 111 80 171 147 89 95 145 76 78 63 69 83 62
is_linear=0
shrinkage=0.05


Tree=12
num_leaves=18
num_cat=0
split_feature=24 24 24 24 8 21 24 24 24 24 24 24 24 24 24 24 14
split_gain=3.64785e+09 5.30532e+08 3.95263e+08 8.02713e+08 5.53573e+08 3.1922e+08 2.87364e+08 7.24227e+07 7.12444e+07 4.49194e+07 3.70301e+07 2.15781e+07 8.04918e+06 7.30216e+06 6.84844e+06 2.69105e+06 1.63829e+06
threshold=7675.9250000000002 10398.147222222224 5641.2027777777785 1.0000000180025095e-35 8.5500000000000025 0.7325359015272398 3535.7142857142862 11825.000000000002 8916.6666666666679 4319.4444444444453 6898.1472222222228 1932.2222222222224 9627.7777777777792 5036.1111111111122 8287.0361111111124 6263.8888888888896 173.50000000000003
decision_type=2 2 2 2 2 2 2 2 2 2 2 2 2 2 2 2 2
left_child=2 8 3 4 -1 -6 11 -3 14 -8 15 -5 -10 -11 -2 -4 -12
right_child=1 7 10 6 5 -7 9 -9 12 13 16 -13 -14 -15 -16 -17 -18
leaf_value=-201.63012617791964 42.754488004016146 203.4828612773681 -57.69486167675241 -301.52709348623392 124.19653043765982 -81.847477362243055 -185.47831769806572 294.2156401525794 110.17873739155155 -129.89721950518739 11.944483831227783 -243.90861816406252 144.65212070961738 -94.749416990666376 73.953085317928625 -39.335399515068708 -4.4220297766682313
leaf_weight=31 39 48 36 31 50 30 32 43 37 31 31 45 36 32 33 48 30
leaf_count=31 39 48 36 31 50 30 32 43 37 31 31 45 36 32 33 48 30
internal_value=-5.67645 152.043 -92.8622 -127.348 -22.6108 46.9242 -195.283 246.633 92.5509 -137.068 -25.7509 -267.776 127.354 -112.223 57.1367 -47.263 3.90123
internal_weight=663 236 427 282 111 80 171 91 145 95 145 76 73 63 72 84 61
internal_count=663 236 427 282 111 80 171 91 145 95 145 76 73 63 72 84 61
is_linear=0
shrinkage=0.05


Tree=13
num_leaves=18
num_cat=0
split_feature=14 0 0 1 8 0 7 22 0 7 20 0 21 8 14 30 21
split_gain=5.26322e+08 4.44349e+08 2.27903e+08 2.31794e+08 2.6178e+08 1.56689e+08 1.13811e+08 9.35754e+07 1.06533e+08 7.49196e+07 7.47506e+07 7.42822e+07 1.14633e+08 5.09609e+07 2.86254e+07 1.4622e+07 1.30433e+07
threshold=148.50000000000003 9.4500000000000011 6.4500000000000011 0.65000000000000013 6.0500000000000007 81.90000000000002 29.950000000000003 -0.5 34.750000000000007 13.15 13.563500000000001 203.75000000000003 0.7018276515151517 21.750000000000004 307.00000000000006 -0.56174490092936669 0.76513342898134873
decision_type=2 2 2 2 2 2 2 2 2 2 2 2 2 2 2 2 2
left_child=2 -2 -1 4 -4 9 7 10 -9 -5 14 12 -10 -12 -3 -7 -17
right_child=1 6 3 5 -6 15 -8 8 11 -11 13 -13 -14 -15 -16 16 -18
leaf_value=70.190557238220023 -136.88200370592946 5.850200374677879 -253.20023639598281 67.249077049328974 -49.070214874166197 -58.695499348712474 122.07463019304214 -72.859459865361544 131.41704671984519 -30.820494439826135 141.57231317505509 -28.380492585880468 7.1374443322352539 54.655872112730414 62.245815823652222 -121.1622732091833 -77.409324459065061
leaf_weight=31 35 44 33 31 30 33 47 31 32 52 39 35 44 30 46 35 35
leaf_count=31 35 44 33 31 30 33 47 31 32 52 39 35 44 30 46 35 35
internal_value=-5.39516 32.6925 -57.4867 -73.404 -156.227 -45.2821 49.7818 38.4567 8.94552 5.84469 64.7904 31.837 59.5697 103.916 34.7118 -86.4471 -99.4275
internal_weight=663 383 280 249 63 186 348 301 142 83 159 111 76 69 90 103 70
internal_count=663 383 280 249 63 186 348 301 142 83 159 111 76 69 90 103 70
is_linear=0
shrinkage=0.05


Tree=14
num_leaves=16
num_cat=0
split_feature=24 24 24 1 8 21 24 24 24 24 24 24 24 24 24
split_gain=3.18122e+09 4.82841e+08 3.27341e+08 7.21061e+08 4.55505e+08 2.76413e+08 2.48115e+08 6.82225e+07 6.37392e+07 3.37939e+07 3.07786e+07 2.32116e+07 1.0827e+07 4.11738e+06 2.29122e+06
threshold=7587.9638888888894 10430.555555555557 5641.2027777777785 0.11250000000000002 8.5500000000000025 0.7325359015272398 3601.8527777777781 9101.8527777777799 12027.777777777779 4562.5000000000009 6898.1472222222228 1981.4805555555556 8458.3333333333339 9729.1666666666697 6308.3333333333348
decision_type=2 2 2 2 2 2 2 2 2 2 2 2 2 2 2
left_child=2 7 3 4 -1 -6 11 12 -3 -8 14 -5 -2 -9 -4
right_child=1 8 10 6 5 -7 9 13 -10 -11 -12 -13 -14 -15 -16
leaf_value=-181.64248859368718 43.414871024027775 196.40835317073538 -53.077845238619922 -281.20221865558909 115.72739727758838 -76.004426782551008 -162.3365940650101 112.02542610781752 283.60825231505851 -100.50423795480961 2.6011627741401662 -223.49040500864291 79.607266655975081 139.66690324495076 -36.295837192127657
leaf_weight=31 54 52 42 33 50 30 39 31 37 53 58 46 34 31 42
leaf_count=31 54 52 42 33 50 30 39 31 37 53 58 46 34 31 42
internal_value=-5.12665 140.718 -87.3502 -118.517 -19.2518 43.8228 -182.904 85.8827 232.938 -126.864 -25.4152 -247.923 57.4728 126.049 -44.74
internal_weight=663 239 424 282 111 80 171 150 89 92 142 79 88 62 84
internal_count=663 239 424 282 111 80 171 150 89 92 142 79 88 62 84
is_linear=0
shrinkage=0.05


Tree=15
num_leaves=18
num_cat=0
split_feature=24 1 24 24 20 24 24 24 24 0 24 24 24 7 24 14 24
split_gain=2.66012e+09 3.86067e+08 9.06465e+08 3.81333e+08 3.35317e+08 1.10034e+08 1.03732e+08 6.70402e+07 4.04084e+07 3.64327e+07 1.96482e+07 1.33917e+07 9.27348e+06 8.37056e+06 7.22224e+06 3.68925e+06 3.67336e+06
threshold=8090.2777777777783 0.11250000000000002 4825.9250000000002 10870.369444444446 10.872700000000002 2794.4444444444448 6675.9250000000011 9527.7777777777792 12319.444444444445 105.30000000000001 6009.2583333333341 3959.7222222222226 7509.2583333333341 19.350000000000005 8736.1111111111131 157.50000000000003 10125.000000000002
decision_type=2 2 2 2 2 2 2 2 2 2 2 2 2 2 2 2 2
left_child=1 4 5 7 -1 -3 10 14 -5 -6 13 -7 -8 -4 -2 -12 -9
right_child=3 2 6 8 9 11 12 16 -10 -11 15 -13 -14 -15 -16 -17 -18
leaf_value=-84.861594118945703 52.702906984396058 -247.58190779300242 -59.933188312315067 207.84112158535288 53.812675584207376 -174.51588638182278 -3.3631579319775207 125.02666450348335 285.08902490558813 127.71199285057294 -27.08764823594661 -128.88364795494672 28.014416671334363 -97.183610064069796 83.192288894830327 -51.455416822582016 150.93674182953174
leaf_weight=49 37 58 30 44 38 37 57 35 30 30 31 32 40 32 43 32 31
leaf_count=49 37 58 30 44 38 37 57 35 30 30 31 32 40 32 43 32 31
internal_value=3.81212 -63.8381 -90.1823 147.071 14.754 -196.666 -29.2049 100.092 239.5 86.5551 -59.2945 -153.57 9.59152 -79.2848 69.1744 -39.5269 137.407
internal_weight=686 466 349 220 117 127 222 146 74 68 125 69 97 62 80 63 66
internal_count=686 466 349 220 117 127 222 146 74 68 125 69 97 62 80 63 66
is_linear=0
shrinkage=0.05


Tree=16
num_leaves=17
num_cat=0
split_feature=24 24 24 24 20 24 24 24 26 24 24 24 24 24 26 14
split_gain=2.40157e+09 3.30868e+08 8.53783e+08 3.22322e+08 3.02705e+08 1.05345e+08 9.9304e+07 5.81848e+07 3.67384e+07 3.15187e+07 1.95405e+07 1.20878e+07 9.20224e+06 8.52715e+06 8.01292e+06 3.23767e+06
threshold=8196.758333333335 1.0000000180025095e-35 4825.9250000000002 11013.888888888891 10.872700000000002 6811.1111111111122 2794.4444444444448 9750.0000000000018 6.5000000000000018 12319.444444444445 6009.2583333333341 3959.7222222222226 7509.2583333333341 8828.7027777777785 7.4500000000000011 194.00000000000003
decision_type=2 2 2 2 2 2 2 2 2 2 2 2 2 2 2 2
left_child=1 4 6 7 -1 10 -3 13 -6 -5 14 -8 -7 -2 -4 -12
right_child=3 2 5 9 8 12 11 -9 -10 -11 15 -13 -14 -15 -16 -17
leaf_value=-80.627156374556478 55.089166764044698 -235.22411823633826 -92.834458262601004 200.92800633913262 47.387977101333917 -1.3682778889753084 -165.8136115966139 140.34658096784256 121.17993250576507 270.88192293794447 -26.615933722273258 -122.45954018946378 28.972209651257046 87.384190863611138 -56.418709546466211 -48.735121220686906
leaf_weight=49 35 58 32 40 36 52 37 55 32 30 38 32 48 52 30 30
leaf_count=49 35 58 32 40 36 52 37 55 32 30 38 32 48 52 30 30
internal_value=3.62325 -58.9418 -82.851 143.471 14.0204 -25.3669 -186.854 100.067 82.2406 231.252 -55.0284 -145.914 13.2095 74.4702 -75.3332 -36.4317
internal_weight=686 474 357 212 117 230 127 142 68 70 130 69 100 87 62 68
internal_count=686 474 357 212 117 230 127 142 68 70 130 69 100 87 62 68
is_linear=0
shrinkage=0.05


Tree=17
num_leaves=18
num_cat=0
split_feature=24 1 24 24 14 4 24 24 24 24 24 24 7 24 24 14 24
split_gain=2.16855e+09 3.14732e+08 7.38428e+08 3.1109e+08 2.72433e+08 1.30388e+08 8.96202e+07 8.46886e+07 5.49872e+07 3.28536e+07 1.59357e+07 1.09108e+07 7.502e+06 7.44319e+06 5.78758e+06 3.07876e+06 3.02394e+06
threshold=8090.2777777777783 0.11250000000000002 4825.9250000000002 10870.369444444446 163.50000000000003 1006.5500000000001 2794.4444444444448 6675.9250000000011 9527.7777777777792 12319.444444444445 6009.2583333333341 3959.7222222222226 19.350000000000005 7509.2583333333341 8736.1111111111131 157.50000000000003 10125.000000000002
decision_type=2 2 2 2 2 2 2 2 2 2 2 2 2 2 2 2 2
left_child=1 4 6 8 5 -1 -3 10 14 -5 12 -8 -4 -9 -2 -12 -10
right_child=3 2 7 9 -6 -7 11 13 16 -11 15 -13 -14 -15 -16 -17 -18
leaf_value=28.036293432799688 47.609415520105081 -223.4831558516432 -53.288042199017596 187.72375637755101 104.68274506947603 -110.46020416884164 -157.54527768857395 -2.9389838666297927 112.92748098346243 257.3828262291081 -24.411103310539023 -116.35563836498794 -88.506417304778779 25.17219100914097 74.908044490238908 -46.668216940621356 136.4194074526477
leaf_weight=30 37 58 30 44 48 39 37 57 35 30 31 32 32 40 43 32 31
leaf_count=30 37 58 30 44 48 39 37 57 35 30 31 32 32 40 43 32 31
internal_value=3.44298 -57.6376 -81.4237 132.79 13.3231 -50.2908 -177.532 -26.3876 90.3577 216.273 -53.5753 -138.639 -71.5786 8.66719 62.3577 -35.7724 124.151
internal_weight=686 466 349 220 117 69 127 222 146 74 125 69 62 97 80 63 66
internal_count=686 466 349 220 117 69 127 222 146 74 125 69 62 97 80 63 66
is_linear=0
shrinkage=0.05


Tree=18
num_leaves=18
num_cat=0
split_feature=24 1 24 24 20 24 24 24 26 24 24 24 14 24 24 24 24
split_gain=1.95767e+09 2.84114e+08 6.66573e+08 2.81025e+08 2.4968e+08 8.1286e+07 7.64564e+07 5.41371e+07 3.47555e+07 2.55646e+07 1.59635e+07 1.44819e+07 8.57996e+06 6.71919e+06 6.63892e+06 5.22418e+06 3.57595e+06
threshold=8090.2777777777783 0.11250000000000002 4825.9250000000002 11013.888888888891 10.872700000000002 3111.1111111111118 6675.9250000000011 9527.7777777777792 6.5000000000000018 12319.444444444445 1932.2222222222224 5868.0555555555566 194.00000000000003 7509.2583333333341 3959.7222222222226 8736.1111111111131 10175.925000000001
decision_type=2 2 2 2 2 2 2 2 2 2 2 2 2 2 2 2 2
left_child=1 4 5 7 -1 10 11 15 -6 -5 -3 -4 -13 -8 -7 -2 -9
right_child=3 2 6 9 8 14 13 16 -10 -11 -12 12 -14 -15 -16 -17 -18
leaf_value=-73.300892498148428 45.235360701321916 -233.98054609922602 -70.750591520894929 181.54387907185162 40.740432409566523 -144.80135323660713 -2.7922919386009415 108.5774044105159 112.47935073234581 244.55644057620799 -181.88640616148979 -21.549630885905724 -56.615335468279568 23.916720124432572 -110.55598032348252 71.17133231107708 133.04386814522204
leaf_weight=49 37 32 53 40 36 30 57 39 32 30 33 42 30 40 32 43 31
leaf_count=49 37 32 53 40 36 30 57 39 32 30 33 42 30 40 32 43 31
internal_value=3.27193 -54.7628 -77.3624 126.169 12.6579 -168.675 -25.0725 87.4668 74.6156 208.86 -207.853 -50.9051 -36.2187 8.23497 -127.333 59.2475 119.587
internal_weight=686 466 349 220 117 127 222 150 68 70 65 125 72 97 62 80 70
internal_count=686 466 349 220 117 127 222 150 68 70 65 125 72 97 62 80 70
is_linear=0
shrinkage=0.05


Tree=19
num_leaves=18
num_cat=0
split_feature=24 1 24 24 21 24 24 24 24 24 24 20 24 24 24 0 24
split_gain=1.76776e+09 2.43542e+08 6.28079e+08 2.37679e+08 2.28591e+08 8.10405e+07 7.19652e+07 5.121e+07 1.66278e+07 1.44123e+07 1.22933e+07 7.7264e+06 7.35322e+06 6.61655e+06 6.13044e+06 3.07591e+06 1.89747e+06
threshold=8196.758333333335 0.11250000000000002 4902.7777777777783 11216.66666666667 0.68170440464120774 3111.1111111111118 6811.1111111111122 9750.0000000000018 12319.444444444445 1932.2222222222224 6101.852777777779 9.3893500000000021 3959.7222222222226 7509.2583333333341 8828.7027777777785 127.45 10398.147222222224
decision_type=2 2 2 2 2 2 2 2 2 2 2 2 2 2 2 2 2
left_child=1 4 5 7 -1 9 10 14 -5 -3 11 -4 -7 -8 -2 -12 -9
right_child=3 2 6 8 -6 12 13 16 -10 -11 15 -13 -14 -15 -16 -17 -18
leaf_value=81.254804716416828 47.258545973905477 -222.31796517535531 -42.876862748358342 178.50032726645111 -58.410045578968088 -137.58533967990812 -1.0139814975852015 113.07118206453475 232.36924217452244 -172.81956215481023 -40.441123902473571 -78.481678577078469 -103.07479521964758 24.713393655884047 74.647637576288091 -18.226757658518036 133.13995082646701
leaf_weight=59 35 32 30 33 58 30 52 31 30 33 33 32 37 48 52 30 31
leaf_count=59 35 32 30 33 58 30 52 31 30 33 33 32 37 48 52 30 31
internal_value=3.10881 -50.5691 -71.0819 123.092 12.0284 -157.624 -20.263 88.5654 204.48 -197.492 -45.5403 -61.3504 -118.709 11.3475 63.696 -29.9086 123.304
internal_weight=686 474 357 212 117 132 225 149 63 65 125 62 67 100 87 63 62
internal_count=686 474 357 212 117 132 225 149 63 65 125 62 67 100 87 63 62
is_linear=0
shrinkage=0.05


Tree=20
num_leaves=18
num_cat=0
split_feature=24 24 1 24 21 4 24 24 1 24 24 24 24 24 20 24 24
split_gain=1.76056e+09 2.44681e+08 2.21398e+08 5.59128e+08 2.57338e+08 1.39419e+08 1.04705e+08 6.11693e+07 3.59002e+07 4.02515e+07 1.91826e+07 1.09173e+07 6.72934e+06 4.16266e+06 2.89497e+06 2.45934e+06 1.09164e+06
threshold=8090.2777777777783 11361.111111111111 0.11250000000000002 4319.4444444444453 0.66220588235294131 1006.6500000000002 6101.852777777779 9189.8138888888916 0.65000000000000013 2180.0000000000005 7146.2972222222224 9958.3333333333339 5258.8888888888896 8458.3333333333339 7.0697500000000009 7587.9638888888894 10699.075000000001
decision_type=2 2 2 2 2 2 2 2 2 2 2 2 2 2 2 2 2
left_child=2 7 4 8 -1 -6 12 13 -4 -10 14 -9 -5 -2 -8 -12 -13
right_child=1 -3 3 6 5 -7 10 11 9 -11 15 16 -14 -15 -16 -17 -18
leaf_value=93.019620726793221 36.330910968500852 202.47856629153333 -207.29902666199882 -88.692794138961744 14.836803605548821 -134.95554185971568 -9.1991005288307051 87.2657925498753 -190.61549003322258 -114.47036924428562 5.7351698242147444 113.70942360384882 -60.562715281751757 60.371354983512902 -28.808865874154233 24.715928642542799 129.49230446039243
leaf_weight=49 34 58 37 41 31 31 30 40 30 43 38 38 47 40 51 31 30
leaf_count=49 34 58 37 41 31 31 30 40 30 43 38 38 47 40 51 31 30
internal_value=3.38026 113.091 -53.9971 -73.6043 7.48488 -60.156 -30.4899 84.5096 -166.776 -145.981 -5.07559 108.505 -73.7546 49.3897 -21.5663 14.2863 120.852
internal_weight=699 240 459 348 111 62 238 182 110 73 150 108 88 74 81 69 68
internal_count=699 240 459 348 111 62 238 182 110 73 150 108 88 74 81 69 68
is_linear=0
shrinkage=0.05


Tree=21
num_leaves=17
num_cat=0
split_feature=14 0 0 1 1 8 0 2 8 6 26 2 3 29 5 14
split_gain=1.83368e+08 2.65318e+08 1.72894e+08 1.56472e+08 1.31643e+08 1.8313e+08 5.83961e+07 3.91182e+07 3.51834e+07 3.43376e+07 2.16345e+07 2.14869e+07 2.84319e+07 2.0818e+07 2.06249e+07 1.80412e+07
threshold=148.50000000000003 6.4500000000000011 12.450000000000001 0.15476190476190474 0.65000000000000013 8.5500000000000025 105.30000000000001 22.150000000000002 3.1500000000000008 3.8500000000000001 6.6000000000000005 16.650000000000002 77.200000000000003 0.6078576107927941 9.2500000000000018 85.500000000000014
decision_type=2 2 2 2 2 2 2 2 2 2 2 2 2 2 2 2
left_child=1 -1 -2 -4 5 -3 13 8 -5 11 -9 12 -10 15 -8 -6
right_child=2 4 3 7 6 -7 14 10 9 -11 -12 -13 -14 -15 -16 -17
leaf_value=110.81373974962634 -61.276535726946626 -187.70924710276623 125.24388949119584 64.173062960900992 49.556885586862158 -18.527179691032583 -29.71414600009178 30.672050593449519 15.173912530953778 -27.738325252773247 87.194793825639351 -14.236890204704673 69.701181878776197 -25.907759529599858 -75.896570891641971 -4.7738509211126248
leaf_weight=31 51 33 44 32 30 31 54 35 94 51 33 37 32 36 44 31
leaf_count=31 51 33 44 32 30 31 54 35 94 51 33 37 32 36 44 31
internal_value=3.21077 -27.1966 24.7724 37.0445 -43.7516 -105.919 -23.3042 24.6493 15.358 8.032 58.19 19.2341 29.0664 4.20098 -50.5054 21.9835
internal_weight=699 290 409 358 259 64 195 314 246 214 68 163 126 97 98 61
internal_count=699 290 409 358 259 64 195 314 246 214 68 163 126 97 98 61
is_linear=0
shrinkage=0.05


Tree=22
num_leaves=18
num_cat=0
split_feature=24 24 24 24 21 5 24 24 24 24 24 24 24 6 24 7 24
split_gain=1.54718e+09 2.17441e+08 1.93657e+08 4.91561e+08 2.14328e+08 8.99017e+07 6.59809e+07 5.84593e+07 5.39018e+07 1.43519e+07 9.63726e+06 8.8609e+06 8.33161e+06 4.31314e+06 3.51317e+06 1.71345e+06 1.14807e+06
threshold=8090.2777777777783 11361.111111111111 1.0000000180025095e-35 4825.9250000000002 0.66220588235294131 15.950000000000001 6375.186111111112 3601.8527777777781 9189.8138888888916 2027.7777777777781 9958.3333333333339 7268.5194444444451 6030.5555555555557 2.9500000000000006 8404.7611111111128 20.450000000000003 10625.000000000002
decision_type=2 2 2 2 2 2 2 2 2 2 2 2 2 2 2 2 2
left_child=2 8 4 7 -1 -6 12 9 14 -4 -10 15 13 -5 -2 -8 -12
right_child=1 -3 3 6 5 -7 11 -9 10 -11 16 -13 -14 -15 -16 -17 -18
leaf_value=84.824695010680529 32.600406948355747 190.16293994686896 -194.54588474983154 -50.819031692919779 -116.99547874476031 3.3706228880124671 -2.904238308624572 -100.48792674070711 81.529492963757605 -151.31411947910448 105.55978804400752 15.714876309032167 -32.478676826263147 -77.023491129177017 55.023224887285643 -19.664650255307507 121.18452083789668
leaf_weight=49 30 58 37 33 30 32 30 47 40 47 36 59 32 32 44 31 32
leaf_count=49 30 58 37 33 30 32 30 47 40 47 36 59 32 32 44 31 32
internal_value=3.051 105.899 -50.7371 -69.0748 6.76441 -54.9656 -22.8806 -145.519 78.956 -170.565 101.481 1.913 -53.5236 -63.8183 45.9892 -11.4402 113.08
internal_weight=699 240 459 348 111 62 217 131 182 84 108 120 97 65 74 61 68
internal_count=699 240 459 348 111 62 217 131 182 84 108 120 97 65 74 61 68
is_linear=0
shrinkage=0.05


Tree=23
num_leaves=18
num_cat=0
split_feature=24 24 24 24 21 4 24 24 24 24 24 24 24 24 14 24 6
split_gain=1.3976e+09 2.25235e+08 2.02089e+08 3.96916e+08 1.93483e+08 1.1202e+08 7.61108e+07 5.63375e+07 2.35384e+07 2.08664e+07 9.46397e+06 6.70605e+06 6.39612e+06 5.553e+06 1.99136e+06 1.37149e+06 1.16457e+06
threshold=7736.1111111111122 11083.333333333334 1.0000000180025095e-35 3959.7222222222226 0.66220588235294131 1006.35 6030.5555555555557 9189.8138888888916 12575.397222222224 2027.7777777777781 6811.1111111111122 5258.8888888888896 9958.3333333333339 8404.7611111111128 173.50000000000003 6375.186111111112 3.3500000000000001
decision_type=2 2 2 2 2 2 2 2 2 2 2 2 2 2 2 2 2
left_child=2 7 4 9 -1 -6 11 13 -3 -4 15 -5 -9 -2 -12 -8 -11
right_child=1 8 3 6 5 -7 10 12 -10 16 14 -13 -14 -15 -16 -17 -18
leaf_value=80.592098731761553 28.035883515810099 145.21332658148177 -184.84480928076567 -81.193371773139361 17.184329781262978 -117.15000027570397 -30.85980230313595 77.463183289335262 205.48917149135042 -144.86101958372882 11.580986865769084 -54.369493952241548 104.21642006040663 52.278301808190726 -5.9490974276564845 -16.238187320859051 -127.4769261203778
leaf_weight=49 52 39 37 51 30 32 32 40 30 32 35 45 57 44 30 33 31
leaf_count=49 52 39 37 51 30 32 32 40 30 32 35 45 57 44 30 33 31
internal_value=2.89804 94.1864 -51.8422 -71.6775 6.42489 -52.2264 -34.9479 66.407 171.68 -154.569 -9.99742 -68.6894 93.2753 39.1899 3.49339 -23.4729 -136.523
internal_weight=699 262 437 326 111 62 226 193 69 100 130 96 97 96 65 65 63
internal_count=699 262 437 326 111 62 226 193 69 100 130 96 97 96 65 65 63
is_linear=0
shrinkage=0.05


Tree=24
num_leaves=18
num_cat=0
split_feature=24 24 1 24 21 4 24 24 24 1 24 24 21 24 24 14 24
split_gain=1.26168e+09 2.0335e+08 1.82429e+08 3.58336e+08 1.74663e+08 1.01131e+08 6.87034e+07 5.08548e+07 2.12551e+07 2.07471e+07 2.10886e+07 8.54394e+06 6.0847e+06 5.77216e+06 5.01299e+06 1.79778e+06 1.23819e+06
threshold=7736.1111111111122 11083.333333333334 0.11250000000000002 3959.7222222222226 0.66220588235294131 1006.35 6030.5555555555557 9189.8138888888916 12575.397222222224 0.65000000000000013 2180.0000000000005 6811.1111111111122 0.67357463896257019 9958.3333333333339 8404.7611111111128 173.50000000000003 6375.186111111112
decision_type=2 2 2 2 2 2 2 2 2 2 2 2 2 2 2 2 2
left_child=2 7 4 9 -1 -6 12 14 -3 -4 -11 16 -5 -9 -2 -13 -8
right_child=1 8 3 6 5 -7 11 13 -10 10 -12 15 -14 -15 -16 -17 -18
leaf_value=76.570701683028901 26.636779732438743 137.97123024396578 -179.04475949642597 -79.052094273988885 16.327966377030176 -111.31074729277708 -29.321618966075864 73.599683621756157 195.24884465113033 -161.23909920220359 -103.66372635014498 11.003587185351597 -53.463985368432105 99.014725057464972 49.670314146980409 -5.6526305214511199 -15.428730763553492
leaf_weight=49 52 39 34 44 30 32 32 40 30 30 36 35 52 57 44 30 33
leaf_count=49 52 39 34 44 30 32 32 40 30 30 36 35 52 57 44 30 33
internal_value=2.75285 89.4888 -49.2576 -68.1034 6.10277 -49.6232 -33.2044 63.0934 163.121 -146.863 -130.039 -9.49914 -65.262 88.6209 37.2346 3.31915 -22.3029
internal_weight=699 262 437 326 111 62 226 193 69 100 66 130 96 97 96 65 65
internal_count=699 262 437 326 111 62 226 193 69 100 66 130 96 97 96 65 65
is_linear=0
shrinkage=0.05


Tree=25
num_leaves=19
num_cat=0
split_feature=24 24 0 25 1 24 21 0 25 2 24 24 5 24 24 24 0 14
split_gain=1.12512e+09 1.58322e+08 1.31292e+08 1.27309e+08 2.1556e+08 1.27374e+08 1.11222e+08 6.89347e+07 6.09712e+07 3.73989e+07 2.97553e+07 2.59316e+07 2.33675e+07 1.83851e+07 1.05174e+07 3.7746e+06 2.56056e+06 2.06518e+06
threshold=7736.1111111111122 10736.111111111113 28.650000000000002 20.297460000000004 0.29166666666666669 5204.166666666667 0.79381199811053393 10.050000000000002 12.342740000000001 14.550000000000002 9189.8138888888916 6308.3333333333348 7.3500000000000005 11740.741666666667 6375.186111111112 8458.3333333333339 65.65000000000002 131.00000000000003
decision_type=2 2 2 2 2 2 2 2 2 2 2 2 2 2 2 2 2 2
left_child=2 10 6 5 -5 8 7 -1 12 -10 15 -6 -4 -3 -7 -2 -12 -16
right_child=1 13 3 4 11 14 -8 -9 9 -11 16 -13 -14 -15 17 -17 -18 -19
leaf_value=-189.05774761096228 26.804877883693592 112.54100828687011 -91.379532585255916 119.02971786084132 -70.683620646682201 -30.722912800683801 -38.691203339182437 -83.915790948202442 -12.172748244307048 -89.822367392782226 91.307391458809178 -7.4821430978187706 -152.0490977394619 160.94112342477089 9.2546833353807614 48.08131360159409 71.181057048714067 -8.976269377268034
leaf_weight=33 49 35 34 33 31 48 49 30 31 31 30 34 31 49 32 37 41 30
leaf_count=33 49 35 34 33 31 48 49 30 31 31 30 34 31 49 32 37 41 30
internal_value=-1.5091 85.5506 -48.456 -32.77 15.1526 -52.5842 -95.3026 -139.203 -86.6785 -51.0798 55.8488 -37.6867 -120.503 140.932 -13.1779 36.004 79.8017 0.432925
internal_weight=688 241 447 335 98 237 112 63 127 62 157 65 65 84 110 86 71 62
internal_count=688 241 447 335 98 237 112 63 127 62 157 65 65 84 110 86 71 62
is_linear=0
shrinkage=0.05


Tree=26
num_leaves=19
num_cat=0
split_feature=24 24 0 25 1 24 21 0 25 2 24 24 5 24 24 0 24 24
split_gain=1.01571e+09 1.42917e+08 1.18527e+08 1.14932e+08 1.94606e+08 1.14996e+08 1.00415e+08 6.22317e+07 5.5044e+07 3.37639e+07 2.68814e+07 2.34113e+07 2.10973e+07 1.65926e+07 9.49404e+06 2.89747e+06 2.86626e+06 1.29249e+06
threshold=7736.1111111111122 10736.111111111113 28.650000000000002 20.297460000000004 0.29166666666666669 5204.166666666667 0.79381199811053393 10.050000000000002 12.342740000000001 14.550000000000002 9101.8527777777799 6308.3333333333348 7.3500000000000005 11740.741666666667 6375.186111111112 64.350000000000009 8351.8527777777799 6986.1111111111122
decision_type=2 2 2 2 2 2 2 2 2 2 2 2 2 2 2 2 2 2
left_child=2 10 6 5 -5 8 7 -1 12 -10 16 -6 -4 -3 -7 -12 -2 -16
right_child=1 13 3 4 11 14 -8 -9 9 -11 15 -13 -14 -15 17 -17 -18 -19
leaf_value=-179.63342115511705 24.211986919456184 106.9299891632167 -86.823953452907347 113.09621176820507 -67.16080399786162 -29.18996089054988 -36.760583631278543 -79.733939329888742 -11.566067401849189 -85.345688710105378 87.062050458838371 -7.1091330598875917 -144.47108607644819 152.91045767168404 -6.5687264131979779 66.273252472803492 43.05108760433734 7.8539086515325245
leaf_weight=33 43 35 34 33 31 48 49 30 31 31 30 34 31 49 32 45 39 30
leaf_count=33 43 35 34 33 31 48 49 30 31 31 30 34 31 49 32 45 39 30
internal_value=-1.43464 81.2837 -46.0404 -31.1365 14.3971 -49.9629 -90.5514 -132.264 -82.3581 -48.534 53.0639 -35.8084 -114.497 133.902 -12.5204 74.6937 33.2136 0.411297
internal_weight=688 241 447 335 98 237 112 63 127 62 157 65 65 84 110 75 82 62
internal_count=688 241 447 335 98 237 112 63 127 62 157 65 65 84 110 75 82 62
is_linear=0
shrinkage=0.05


Tree=27
num_leaves=17
num_cat=0
split_feature=24 24 0 25 1 24 26 26 7 2 24 24 24 24 27 24
split_gain=9.17236e+08 1.36341e+08 1.06655e+08 1.06374e+08 1.76755e+08 9.80882e+07 6.84751e+07 1.61058e+08 5.06605e+07 4.4324e+07 2.30383e+07 2.00694e+07 1.9921e+07 7.53469e+06 2.60623e+06 894339
threshold=7587.9638888888894 10291.666666666668 28.650000000000002 20.297460000000004 0.29166666666666669 5204.166666666667 6.6500000000000021 9.1500000000000039 14.750000000000002 11.300000000000002 11648.147222222224 6308.3333333333348 8800.9250000000011 6375.186111111112 -0.36971084796686599 8157.4083333333338
decision_type=2 2 2 2 2 2 2 2 2 2 2 2 2 2 2 2
left_child=2 12 6 5 -5 8 -1 -8 -4 -10 -3 -6 15 -7 -14 -2
right_child=1 10 3 4 11 13 7 -9 9 -11 -12 -13 14 -15 -16 -17
leaf_value=-134.59529261197852 19.671200881047554 93.583887881324401 -113.80081520012568 107.45848397891687 -63.813560372993493 -27.733497102543126 23.591096132399453 -132.44406255624082 -3.8737006558136295 -83.823355614877968 142.68646598026669 -7.3849738192335472 54.665563148449941 -0.96626497517354315 73.685309874157298 31.143760206114571
leaf_weight=45 33 44 56 33 31 48 33 33 30 41 55 32 47 58 32 37
leaf_count=45 33 44 56 33 31 48 33 33 30 41 55 32 47 58 32 37
internal_value=-1.36387 75.5167 -44.7039 -30.3886 13.8939 -48.6319 -87.0682 -54.5087 -78.2531 -50.0948 120.98 -35.2086 45.2489 -13.102 62.4532 25.7711
internal_weight=688 248 440 329 96 233 111 66 127 71 99 63 149 106 79 70
internal_count=688 248 440 329 96 233 111 66 127 71 99 63 149 106 79 70
is_linear=0
shrinkage=0.05


Tree=28
num_leaves=17
num_cat=0
split_feature=24 24 0 5 24 24 21 0 24 2 24 0 24 22 24 24
split_gain=8.27999e+08 1.2307e+08 9.62844e+07 9.3233e+07 1.37207e+08 1.03556e+08 8.71624e+07 5.38935e+07 3.85149e+07 2.48415e+07 2.4612e+07 1.36542e+07 7.8787e+06 3.38369e+06 3.14543e+06 2.89246e+06
threshold=7587.9638888888894 10736.111111111113 28.650000000000002 17.175000000000001 1932.2222222222224 5036.1111111111122 0.79381199811053393 10.050000000000002 5509.2583333333341 5.4500000000000011 9189.8138888888916 46.95000000000001 6375.186111111112 -0.5 8458.3333333333339 6646.2972222222224
decision_type=2 2 2 2 2 2 2 2 2 2 2 2 2 2 2 2
left_child=2 10 6 5 -5 9 7 -1 -6 -4 14 -3 -7 -12 -2 -10
right_child=1 11 3 4 8 12 -8 -9 15 -11 13 -13 -14 -15 -16 -17
leaf_value=-165.43890944189894 21.976360933368433 141.85516666310258 -118.44220405819931 68.078161097239104 -78.744754075855496 -29.568532592348603 -31.86984027425861 -72.486933265255146 -21.623144919634584 -66.337331630326034 57.201371508649949 100.72056403281793 0.029971627824625393 79.602673737164025 40.845337950508551 -0.18635970872898039
leaf_weight=33 56 41 41 50 32 43 48 30 33 53 35 43 47 36 37 30
leaf_count=33 56 41 41 50 32 43 48 30 33 53 35 43 47 36 37 30
internal_value=-1.29584 71.7493 -42.4737 -28.8721 1.11412 -52.4904 -82.7258 -121.361 -34.1646 -89.1657 46.4941 120.943 -14.1286 68.6558 29.5192 -11.4317
internal_weight=688 248 440 329 145 184 111 63 95 94 164 84 90 71 93 63
internal_count=688 248 440 329 145 184 111 63 95 94 164 84 90 71 93 63
is_linear=0
shrinkage=0.05


Tree=29
num_leaves=19
num_cat=0
split_feature=24 24 0 25 1 24 21 0 25 2 24 25 24 0 24 14 24 14
split_gain=7.47514e+08 1.05697e+08 8.71466e+07 8.67407e+07 1.47303e+08 8.61401e+07 8.18066e+07 4.86531e+07 4.22665e+07 2.94396e+07 2.28842e+07 1.80098e+07 1.72046e+07 1.11253e+07 6.91842e+06 3.47514e+06 2.41208e+06 1.85e+06
threshold=7736.1111111111122 10916.666666666668 28.650000000000002 20.297460000000004 0.29166666666666669 5204.166666666667 0.79381199811053393 10.050000000000002 12.342740000000001 14.550000000000002 9189.8138888888916 7.4784400000000018 6308.3333333333348 49.800000000000004 6375.186111111112 215.00000000000003 8458.3333333333339 131.00000000000003
decision_type=2 2 2 2 2 2 2 2 2 2 2 2 2 2 2 2 2 2
left_child=2 10 6 5 -5 8 7 -1 11 -10 16 -4 -6 -3 -7 -12 -2 -16
right_child=1 13 3 4 12 14 -8 -9 9 -11 15 -13 -14 -15 17 -17 -18 -19
leaf_value=-157.19195594441854 21.797280910204485 136.58984505137303 -74.520753744185143 98.708170228710344 -57.718753198948711 -24.897566621268865 -29.124363730638432 -68.874629616975 -6.9692029897806336 -75.846857209527613 79.814385819511784 -127.806467414932 -6.2387091678608195 97.659917999020806 8.7209743148441259 57.735151406711331 38.808575784935144 -8.5340718611530288
leaf_weight=33 49 40 35 33 31 48 49 30 31 31 31 30 34 37 32 47 37 30
leaf_count=33 49 40 35 33 31 48 49 30 31 31 31 30 34 37 32 47 37 30
internal_value=-1.23158 69.7306 -39.4979 -26.7183 12.8383 -43.0736 -77.6646 -115.312 -71.1113 -41.4748 46.9934 -99.2728 -30.8418 118.034 -10.6676 66.6013 29.1527 0.37138
internal_weight=688 241 447 335 98 237 112 63 127 62 164 65 65 77 110 78 86 62
internal_count=688 241 447 335 98 237 112 63 127 62 164 65 65 77 110 78 86 62
is_linear=0
shrinkage=0.05


Tree=30
num_leaves=18
num_cat=0
split_feature=14 0 1 0 1 8 0 2 7 20 27 10 7 0 20 3 9
split_gain=7.72052e+07 8.73607e+07 7.10945e+07 5.17738e+07 5.72652e+07 7.65602e+07 2.77293e+07 1.62064e+07 1.51572e+07 8.17867e+06 8.14052e+06 1.69706e+07 8.13643e+06 1.049e+07 6.66574e+06 6.26608e+06 2.76488e+06
threshold=148.50000000000003 13.850000000000003 0.15476190476190474 6.4500000000000011 0.65000000000000013 6.0500000000000007 94.200000000000003 22.450000000000003 13.15 20.971350000000005 -0.55597109741588446 10.500000000000002 11.350000000000003 106.65000000000002 11.900800000000002 61.45000000000001 0.15000000000000005
decision_type=2 2 2 2 2 2 2 2 2 2 2 2 2 2 2 2 2
left_child=3 -2 -3 -1 5 -5 8 10 -6 -9 11 14 -12 -14 -4 -8 -15
right_child=1 2 7 4 6 -7 15 9 -10 -11 12 -13 13 16 -16 -17 -18
leaf_value=38.353191778746954 -47.833093306027394 78.500969523495428 -16.790256881100571 -118.67793957486627 30.711708950888358 -13.084491347078222 -51.477378004343556 51.439072686786602 -12.245283761791292 15.056896394114952 19.382042663675605 41.610632859562976 -32.241296896431862 12.156031912212431 14.226369935106437 -24.848368855146454 -8.7631198055107884
leaf_weight=30 55 45 31 37 33 32 36 32 54 30 30 39 35 32 39 58 31
leaf_count=30 55 45 31 37 33 32 36 32 54 30 30 39 35 32 39 58 31
internal_value=-3.49994 10.6231 19.9804 -23.6218 -31.0712 -69.7969 -16.278 11.1497 4.06524 33.8875 5.18961 15.225 -3.36135 -10.3363 0.486007 -35.0906 1.86483
internal_weight=679 399 344 280 250 69 181 299 87 62 237 109 128 98 70 94 63
internal_count=679 399 344 280 250 69 181 299 87 62 237 109 128 98 70 94 63
is_linear=0
shrinkage=0.05


Tree=31
num_leaves=18
num_cat=0
split_feature=14 0 1 27 25 1 20 28 30 27 0 27 7 26 0 20 26
split_gain=6.9696e+07 7.88599e+07 6.4177e+07 4.81925e+07 1.04326e+08 9.21087e+07 4.19073e+07 3.49474e+07 1.38996e+07 1.25587e+07 1.56511e+07 1.02365e+07 1.67892e+07 7.11828e+06 6.91192e+06 4.04363e+06 3.49155e+06
threshold=148.50000000000003 13.850000000000003 0.15476190476190474 0.6254047815183511 7.5648750000000007 0.22500000000000003 6.3439000000000005 -0.30081980763566762 -0.22252093395631442 -0.55597109741588446 41.250000000000007 -0.88599677521654208 24.750000000000004 6.2999999999999998 104.15000000000002 19.192900000000002 8.1500000000000039
decision_type=2 2 2 2 2 2 2 2 2 2 2 2 2 2 2 2 2
left_child=3 -2 -3 5 -5 -1 -6 8 -8 11 -11 12 -4 -13 -7 16 -12
right_child=1 2 9 4 6 14 7 -9 -10 10 15 13 -14 -15 -16 -17 -18
leaf_value=-123.46198600693002 -45.445779020167521 74.584624732835849 -17.548155432616884 74.677738918173731 -76.33002460025898 -1.5733774078226537 -13.798518042702383 17.060963009702345 -61.557393816063964 -31.861473752652291 -6.7876907097559318 12.802527174838753 33.348668248788066 43.226109816186316 -33.292360793419611 21.417536725531196 14.403280019616071
leaf_weight=30 55 45 35 32 31 32 31 57 30 30 47 30 30 54 37 40 33
leaf_count=30 55 45 35 32 31 32 31 57 30 30 47 30 30 54 37 40 33
internal_value=-3.32513 10.0935 18.984 -22.4435 -7.09298 -50.4729 -24.6928 -11.0739 -37.3489 10.5938 0.378789 20.8702 5.95775 32.3887 -18.6057 8.45871 1.96059
internal_weight=679 399 344 280 181 99 149 118 61 299 150 149 65 84 69 120 80
internal_count=679 399 344 280 181 99 149 118 61 299 150 149 65 84 69 120 80
is_linear=0
shrinkage=0.05


Tree=32
num_leaves=16
num_cat=0
split_feature=27 1 3 26 27 28 8 11 14 26 25 8 25 25 21
split_gain=6.41439e+07 4.12579e+07 1.1158e+08 1.47031e+08 3.02538e+07 1.48627e+07 2.5497e+07 2.06029e+07 1.03539e+07 1.60056e+07 1.11393e+07 7.09737e+06 4.56044e+06 6.34367e+06 6.25395e+06
threshold=-0.58424947743254407 0.65000000000000013 52.050000000000004 6.450000000000002 0.28433548840379819 -0.10737736916418625 24.350000000000005 2.5000000000000004 43.000000000000007 6.1500000000000021 9.359 12.050000000000002 5.7743850000000014 12.637825000000001 0.65528469316596949
decision_type=2 2 2 2 2 2 2 2 2 2 2 2 2 2 2
left_child=5 2 -2 -4 12 6 -1 -7 -6 -10 -11 -12 -3 -14 -15
right_child=1 4 3 -5 8 7 -8 -9 9 10 11 -13 13 14 -16
leaf_value=61.752020330686825 -102.18738744253348 25.864615056064224 -68.973322381001751 52.259298817347201 -41.865616487808467 -14.9650890054301 3.5897508946262371 31.407593003364457 -41.170812161848417 22.451634104600949 -23.610665797658417 3.4236967411171011 -9.6624634405994669 -2.5767571179969764 26.390832992678021
leaf_weight=48 43 47 48 52 33 45 31 51 35 32 54 44 37 30 49
leaf_count=48 43 47 48 52 33 45 31 51 35 32 54 44 37 30 49
internal_value=-3.15975 -12.2153 -34.9349 -5.94308 -3.20833 22.9122 38.9623 9.67739 -16.3377 -11.2098 -3.11794 -11.4816 12.7405 7.40519 15.4011
internal_weight=679 504 143 100 361 175 79 96 198 165 130 98 163 116 79
internal_count=679 504 143 100 361 175 79 96 198 165 130 98 163 116 79
is_linear=0
shrinkage=0.05


Tree=33
num_leaves=18
num_cat=0
split_feature=24 24 0 7 1 21 24 27 24 24 24 27 14 27 24 24 24
split_gain=6.05412e+08 1.33893e+08 7.34858e+07 1.29315e+08 8.9309e+07 2.57341e+08 1.2867e+08 5.42791e+07 2.58815e+07 1.96138e+07 8.43395e+06 2.88529e+06 2.63983e+06 2.2627e+06 1.48438e+06 998855 956012
threshold=7268.5194444444451 9768.5194444444442 28.650000000000002 23.950000000000003 0.11250000000000002 0.7018276515151517 3854.166666666667 0.50491897058791513 11825.000000000002 5641.2027777777785 8851.8527777777799 0.36571913681022045 148.50000000000003 0.14153898451656996 10870.369444444446 6548.6111111111122 8090.2777777777783
decision_type=2 2 2 2 2 2 2 2 2 2 2 2 2 2 2 2 2
left_child=2 10 3 7 5 -4 -6 -1 14 11 13 -8 -11 16 -3 -14 -2
right_child=1 8 4 -5 6 -7 9 -9 -10 12 -12 -13 15 -15 -16 -17 -18
leaf_value=-88.635943933024365 5.6393113562863775 69.853115660499711 108.42946596755397 -152.91085215771614 -119.23257069921797 -66.841998096474526 -58.92659413283846 -0.21624120819017545 126.81554857860309 -2.0604701677165425 41.415694882292406 -37.040224316558366 -24.685326606536577 25.985522562576264 85.709519718084309 -12.02603184126581 17.816578572612269
leaf_weight=30 35 38 39 37 47 45 30 41 43 40 54 32 32 44 31 31 30
leaf_count=30 35 38 39 37 47 45 30 41 43 40 54 32 32 44 31 31 30
internal_value=-3.00234 54.2113 -41.951 -77.2417 -29.0529 14.5661 -46.3347 -37.6489 96.2777 -25.5102 25.2654 -47.7083 -12.1149 17.2336 77.0908 -18.4852 11.2784
internal_weight=679 275 404 108 296 84 212 71 112 165 163 62 103 109 69 63 65
internal_count=679 275 404 108 296 84 212 71 112 165 163 62 103 109 69 63 65
is_linear=0
shrinkage=0.05


Tree=34
num_leaves=17
num_cat=0
split_feature=24 24 0 21 1 21 24 24 24 24 14 27 14 24 24 24
split_gain=5.46533e+08 1.20956e+08 6.63429e+07 1.05086e+08 8.06249e+07 2.3231e+08 1.16157e+08 2.4054e+07 1.82825e+07 7.00252e+06 2.38326e+06 2.38273e+06 1.68261e+06 1.50419e+06 1.4652e+06 901750
threshold=7268.5194444444451 9750.0000000000018 28.650000000000002 0.66842193587054255 0.11250000000000002 0.7018276515151517 3689.3527777777781 11825.000000000002 5641.2027777777785 8231.4805555555577 148.50000000000003 0.36571913681022045 167.50000000000003 8851.8527777777799 10870.369444444446 6548.6111111111122
decision_type=2 2 2 2 2 2 2 2 2 2 2 2 2 2 2 2
left_child=2 9 3 -1 5 -4 -6 14 11 12 -10 -8 -2 -11 -3 -12
right_child=1 7 4 -5 6 -7 8 -9 10 13 15 -13 -14 -15 -16 -17
leaf_value=-126.4410004514896 21.362189005221243 65.965049199510986 103.02185947193819 -27.518944681532005 -114.24573511715307 -63.507307921333485 -55.990053256722391 120.48948284246529 -1.9577034434178229 25.036933342479912 -23.454905415472581 -36.213172990966058 6.0004606445900706 38.622860447596224 81.437823388200869 -11.426663761200246
leaf_weight=50 30 40 39 58 46 45 30 43 40 35 32 33 44 52 31 31
leaf_count=50 30 40 39 58 46 45 30 43 40 35 32 33 44 52 31 31
internal_value=-2.85282 51.5075 -39.8591 -73.3908 -27.6039 13.8403 -44.024 90.8941 -24.5078 23.5797 -11.511 -45.7046 12.2487 33.1923 72.8259 -17.5638
internal_weight=679 275 404 108 296 84 212 114 166 161 103 63 74 87 71 63
internal_count=679 275 404 108 296 84 212 114 166 161 103 63 74 87 71 63
is_linear=0
shrinkage=0.05


Tree=35
num_leaves=18
num_cat=0
split_feature=0 27 0 27 26 14 2 21 0 21 21 7 27 26 27 7 0
split_gain=1.74462e+08 1.09618e+08 3.11652e+07 3.73404e+07 4.77417e+07 2.72271e+07 2.38887e+07 2.2078e+07 3.16269e+07 1.98371e+07 1.75804e+07 2.6041e+07 1.69131e+07 1.59896e+07 9.97752e+06 9.55214e+06 7.71349e+06
threshold=3.0500000000000003 -0.63869618781540805 11.450000000000001 0.1670500785599974 6.2000000000000028 203.50000000000003 15.597000000000003 0.68170440464120774 80.300000000000011 0.59111320754717001 1.5938937148696988 23.450000000000003 0.91236630913977501 7.9500000000000011 -0.86510693744703493 24.450000000000003 112.15000000000002
decision_type=2 2 2 2 2 2 2 2 2 2 2 2 2 2 2 2 2
left_child=-1 9 -3 4 6 -6 -4 8 -5 -2 11 12 -9 -10 15 -11 -7
right_child=1 2 3 7 5 16 -8 10 13 14 -12 -13 -14 -15 -16 -17 -18
leaf_value=112.8823269674711 54.667540057273598 -54.673150193801433 -60.668310429012266 27.839645248573284 63.205799878028131 -10.672221323818066 -1.3734407137117119 -80.445520677395209 -6.1685868405876265 -12.998504651441872 -5.3066938144767022 -9.8525466141463021 -35.708430049104514 -56.226729495026348 36.622651986328272 21.959570203941155 25.127965884984924
leaf_weight=32 49 54 30 38 34 30 39 50 34 35 32 34 37 30 42 44 30
leaf_count=32 49 54 30 38 34 30 39 50 34 35 32 34 37 30 42 44 30
internal_value=-0.87381 -6.5606 -18.9594 -14.3337 4.35689 27.5285 -27.2044 -26.278 -8.24763 27.8552 -38.285 -46.9949 -61.4823 -29.6845 16.9611 6.4749 7.23982
internal_weight=674 642 472 418 163 94 69 255 102 170 153 121 87 64 121 79 60
internal_count=674 642 472 418 163 94 69 255 102 170 153 121 87 64 121 79 60
is_linear=0
shrinkage=0.05


Tree=36
num_leaves=18
num_cat=0
split_feature=24 24 1 24 27 27 1 24 24 24 20 27 24 27 27 27 14
split_gain=4.96516e+08 8.43876e+07 2.10516e+08 6.91544e+07 4.99027e+07 7.28668e+07 4.2289e+07 4.28886e+07 1.43704e+07 1.17819e+07 1.0787e+07 4.84211e+06 3.1556e+06 3.11524e+06 2.32756e+06 536053 33582.6
threshold=8231.4805555555577 5204.166666666667 0.11250000000000002 11648.147222222224 0.1670500785599974 0.65189295912203338 0.65000000000000013 2126.9841269841277 9750.0000000000018 7146.2972222222224 6.4490000000000007 -0.45206801762443477 3907.4083333333338 -0.098811902929570553 0.23448921811828119 -0.42885619348140602 145.00000000000003
decision_type=2 2 2 2 2 2 2 2 2 2 2 2 2 2 2 2 2
left_child=1 2 4 8 -1 -6 -4 -8 13 10 -3 -12 -9 -2 -11 -10 -13
right_child=3 9 6 -5 5 -7 7 12 15 14 11 16 -14 -15 -16 -17 -18
leaf_value=42.618849734490595 26.931460716594955 6.0999893919410617 -130.42664358320027 113.58825789054684 -82.299841450535979 22.417977369570671 -121.21861643236736 -61.863092958281861 60.00557944990021 2.5222012635855204 -40.473072315608945 -14.472928700494606 -41.233694414514829 46.955690108898075 20.209020763408404 70.581207236139718 -17.166377416718444
leaf_weight=47 57 44 41 53 30 37 30 35 32 41 30 30 42 30 34 31 30
leaf_count=47 57 44 41 53 30 37 30 35 32 41 30 30 42 30 34 31 30
internal_value=-0.830059 -29.0034 -47.9005 64.5198 3.17116 -24.5233 -87.2151 -70.5511 47.1181 -5.30262 -14.1803 -24.0909 -50.6788 33.8824 10.5565 65.3131 -15.8461
internal_weight=674 471 262 203 114 67 148 107 150 209 134 90 77 87 75 63 60
internal_count=674 471 262 203 114 67 148 107 150 209 134 90 77 87 75 63 60
is_linear=0
shrinkage=0.05


Tree=37
num_leaves=17
num_cat=0
split_feature=24 24 1 24 24 26 26 24 24 14 4 24 27 20 24 3
split_gain=4.48229e+08 7.65921e+07 1.56571e+08 6.24195e+07 6.17115e+07 5.0167e+07 1.48291e+08 1.91354e+07 1.29745e+07 6.85435e+06 6.10835e+06 5.50786e+06 2.81312e+06 2.30814e+06 1.81581e+06 714716
threshold=8231.4805555555577 5868.0555555555566 0.11250000000000002 11648.147222222224 3959.7222222222226 6.5000000000000018 7.9000000000000004 1836.6666666666667 9750.0000000000018 145.00000000000003 1010.6500000000002 7074.0750000000007 -0.098811902929570553 8.6070000000000011 7189.155555555556 68.200000000000003
decision_type=2 2 2 2 2 2 2 2 2 2 2 2 2 2 2 2
left_child=1 2 5 8 7 -1 -7 -4 12 14 -6 -11 -2 -9 -3 -10
right_child=3 9 4 -5 10 6 -8 13 15 11 -12 -13 -14 -15 -16 -17
leaf_value=-40.359208732659347 25.587245862997563 3.8625492657731666 -129.4725291029315 107.91954153172264 -50.79431432990436 110.67811774348905 -34.046351258076022 -72.177810235902257 67.729768804152059 -20.923735953475603 -22.843806913979034 2.3031626430814138 44.615705481240923 -91.262057014525396 19.964917316626867 56.003835657248544
leaf_weight=42 57 42 32 53 45 31 41 33 32 52 35 50 30 38 30 31
leaf_count=42 57 42 32 53 45 31 41 33 32 52 35 50 30 38 30 31
internal_value=-0.789277 -27.5577 -42.9863 61.3016 -71.627 3.01185 28.3326 -97.209 44.769 -1.2129 -38.6098 -9.54685 32.1925 -82.506 10.5903 62.0578
internal_weight=674 471 297 203 183 114 72 103 150 174 80 102 87 71 72 63
internal_count=674 471 297 203 183 114 72 103 150 174 80 102 87 71 72 63
is_linear=0
shrinkage=0.05


Tree=38
num_leaves=17
num_cat=0
split_feature=24 24 1 1 24 24 26 26 24 24 24 27 27 27 21 27
split_gain=4.04861e+08 7.3877e+07 1.41351e+08 5.91623e+07 5.27976e+07 4.93626e+07 4.52897e+07 1.33876e+08 1.00998e+07 7.37773e+06 7.13119e+06 4.52848e+06 2.88799e+06 1.91583e+06 1.70499e+06 497783
threshold=8351.8527777777799 5868.0555555555566 0.11250000000000002 0.65000000000000013 11648.147222222224 2126.9841269841277 6.5000000000000018 7.9000000000000004 9750.0000000000018 5036.1111111111122 7268.5194444444451 0.20088869483109786 -0.27194808396361159 0.23448921811828119 0.72636700158646239 -0.42885619348140602
decision_type=2 2 2 2 2 2 2 2 2 2 2 2 2 2 2 2
left_child=1 2 6 -4 8 -5 -1 -8 12 14 11 -3 -2 -12 -7 -10
right_child=4 10 3 5 -6 9 7 -9 15 -11 13 -13 -14 -15 -16 -17
leaf_value=-38.346042794343127 24.471750572499822 -18.947410136652085 -120.11775606930115 -109.29681585064758 102.53372569398466 -38.852732580638005 105.16200835666473 -32.348177019290972 53.930944006613856 -20.43696247925385 4.3196824550034103 1.4307506908069958 44.281451758197775 20.595466236909711 -54.954471607697315 63.970675217607017
leaf_weight=42 49 53 42 30 53 34 31 41 32 42 40 56 30 33 35 31
leaf_count=42 49 53 42 30 53 34 31 41 32 42 40 56 30 33 35 31
internal_value=-0.749984 -25.4753 -40.8426 -68.0556 59.9675 -52.4736 2.86284 26.9213 44.0191 -37.0314 -0.389336 -8.48614 32.041 11.6954 -47.0881 58.9648
internal_weight=674 479 297 183 195 141 114 72 142 111 182 109 79 73 69 63
internal_count=674 479 297 183 195 141 114 72 142 111 182 109 79 73 69 63
is_linear=0
shrinkage=0.05


Tree=39
num_leaves=16
num_cat=0
split_feature=24 24 1 1 27 24 24 24 24 24 14 27 30 24 3
split_gain=3.65677e+08 7.04955e+07 1.27611e+08 5.34045e+07 4.56813e+07 4.47842e+07 4.45666e+07 7.8414e+06 7.13206e+06 6.66069e+06 4.34321e+06 1.99806e+06 1.93671e+06 1.57205e+06 656008
threshold=8458.3333333333339 5868.0555555555566 0.11250000000000002 0.65000000000000013 0.30081702196488996 11648.147222222224 2126.9841269841277 9861.1111111111131 7226.852777777779 5036.1111111111122 148.50000000000003 0.30081702196488996 1.0000000180025095e-35 3907.4083333333338 68.200000000000003
decision_type=2 2 2 2 2 2 2 2 2 2 2 2 2 2 2
left_child=1 2 4 -4 -1 7 -5 12 10 13 -3 -10 -2 -8 -9
right_child=5 8 3 6 -6 -7 9 14 11 -11 -12 -13 -14 -15 -16
leaf_value=35.469941014949299 25.614317357302241 2.9213256195528348 -114.12613513792495 -103.85013239153992 -27.815556642690492 97.416693569262364 -52.290713174934062 62.243171625992787 5.394913969387706 -19.41754186453559 -17.320080717122291 21.596974585777104 42.16714919587703 -36.837423540490114 50.829039067366594
leaf_weight=55 45 48 42 30 59 53 35 30 52 42 59 30 30 34 30
leaf_count=55 45 48 42 30 59 53 35 30 52 42 59 30 30 34 30
internal_value=-0.712578 -23.6188 -38.8057 -64.6622 2.7212 58.4836 -49.8579 43.1379 0.254087 -35.185 -8.24553 11.3416 32.2828 -44.7405 56.6303
internal_weight=674 486 297 183 114 188 141 135 189 111 107 82 75 69 60
internal_count=674 486 297 183 114 188 141 135 189 111 107 82 75 69 60
is_linear=0
shrinkage=0.05


Tree=40
num_leaves=18
num_cat=0
split_feature=24 24 4 1 24 7 3 1 24 24 24 14 7 24 24 20 5
split_gain=3.49793e+08 7.26626e+07 5.56353e+07 1.06826e+08 1.06332e+08 6.79092e+07 2.15044e+07 2.85696e+07 1.79637e+07 1.74358e+07 7.08664e+06 5.12792e+06 3.00117e+06 2.68594e+06 1.93174e+06 1.19257e+06 392676
threshold=7268.5194444444451 9958.3333333333339 1006.0000000000001 0.15476190476190474 4253.9682539682553 24.950000000000003 47.350000000000001 0.22500000000000003 12319.444444444445 4625.0000000000009 8828.7027777777785 77.500000000000014 22.250000000000004 6101.852777777779 11268.519444444444 14.83245 12.15
decision_type=2 2 2 2 2 2 2 2 2 2 2 2 2 2 2 2 2
left_child=2 10 3 5 6 -1 -4 -8 14 -5 15 -6 -12 -13 -3 16 -2
right_child=1 8 4 9 11 -7 7 -9 -10 -11 12 13 -14 -15 -16 -17 -18
leaf_value=97.199888068417778 13.183692562832213 55.410551373560466 -109.50422961294169 -74.337139814076323 0.77107547817540001 -3.9271284838571066 -24.363521218537493 -85.510499977930792 106.38872256754294 -24.851929316214882 46.440868083662373 -30.108723079944816 24.111368023544262 -13.108077085182302 71.454915266238672 5.3210415876946655 20.888601936709847
leaf_weight=30 33 52 37 31 43 37 30 53 31 42 30 39 31 58 33 31 35
leaf_count=30 33 52 37 31 43 37 30 53 31 42 30 39 31 58 33 31 35
internal_value=0.330196 43.6203 -29.5434 -4.1266 -43.2225 41.4309 -77.7399 -63.4652 73.736 -45.9392 21.754 -13.6017 35.1512 -19.9674 61.7162 13.4719 17.1744
internal_weight=676 276 400 140 260 67 120 83 116 73 160 140 61 97 85 99 68
internal_count=676 276 400 140 260 67 120 83 116 73 160 140 61 97 85 99 68
is_linear=0
shrinkage=0.05


Tree=41
num_leaves=18
num_cat=0
split_feature=24 24 4 24 24 26 21 8 24 24 24 14 24 27 24 8 28
split_gain=3.15775e+08 6.55955e+07 5.02239e+07 9.6442e+07 9.59883e+07 4.5971e+07 2.44591e+07 1.93712e+07 1.62196e+07 1.57419e+07 6.39804e+06 4.62904e+06 2.42488e+06 2.27016e+06 1.7447e+06 1.09454e+06 616981
threshold=7268.5194444444451 9958.3333333333339 1006.0000000000001 836.66666666666674 4253.9682539682553 7.1500000000000021 0.92008265152780111 9.8500000000000032 12319.444444444445 4625.0000000000009 8828.7027777777785 77.500000000000014 6101.852777777779 -0.5416228050394748 11268.519444444444 17.450000000000003 0.56312986467441573
decision_type=2 2 2 2 2 2 2 2 2 2 2 2 2 2 2 2 2
left_child=2 10 3 5 6 -1 7 -4 14 -5 15 -6 -13 -12 -3 16 -2
right_child=1 8 4 9 11 -7 -8 -9 -10 -11 13 12 -14 -15 -16 -17 -18
leaf_value=0.89744776358564815 21.028106904641177 52.64534096745291 -107.1433273056806 -70.632234393055413 0.73261123179283061 83.89317048002286 -39.894221213821453 -56.526220021295387 101.08638948397622 -23.612284543282065 23.460340161497808 -28.607137253705197 -12.453801414355148 42.911366923292348 67.892962646484378 5.1710505335501793 11.352695073516941
leaf_weight=36 35 52 53 31 43 31 37 30 31 42 30 39 58 31 33 32 32
leaf_count=36 35 52 53 31 43 31 37 30 31 42 30 39 58 31 33 32 32
internal_value=0.314244 41.4455 -28.0696 -3.92048 -41.0664 39.3663 -73.8621 -88.9381 70.0592 -43.649 20.6697 -12.9231 -18.9713 33.3994 58.6379 12.8003 16.4309
internal_weight=676 276 400 140 260 67 120 83 116 73 160 140 97 61 85 99 67
internal_count=676 276 400 140 260 67 120 83 116 73 160 140 97 61 85 99 67
is_linear=0
shrinkage=0.05


Tree=42
num_leaves=18
num_cat=0
split_feature=24 24 4 24 24 7 21 8 24 24 24 24 10 7 24 24 22
split_gain=2.85224e+08 5.51028e+07 4.21194e+07 9.33534e+07 8.60831e+07 6.09603e+07 2.25265e+07 1.82546e+07 1.49115e+07 1.46449e+07 5.129e+06 4.70708e+06 2.59349e+06 2.55525e+06 1.57577e+06 1.24757e+06 1.02973e+06
threshold=7416.666666666667 9958.3333333333339 1006.0000000000001 4138.8888888888896 836.66666666666674 24.950000000000003 0.92008265152780111 9.8500000000000032 4754.6305555555564 12319.444444444445 8828.7027777777785 5346.666666666667 3.5000000000000004 22.250000000000004 11268.519444444444 6530.5555555555557 -0.24999999999999994
decision_type=2 2 2 2 2 2 2 2 2 2 2 2 2 2 2 2 2
left_child=2 10 4 6 5 -1 7 -4 -6 14 16 -5 -13 -12 -3 -14 -2
right_child=1 9 3 11 8 -7 -8 -9 -10 -11 13 12 15 -15 -16 -17 -18
leaf_value=90.243319144518281 7.1651646138370175 50.018126685788673 -103.00460342473123 -27.892804872449432 -65.749736276494048 -5.5657207746068735 -37.904886244956373 -53.709298799837939 -20.557390341097424 96.048322681292078 42.149651661109289 4.8583838924723137 -16.455616555145948 21.5528006207138 64.508570608271583 -3.9803929879868138 18.016234938234675
leaf_weight=30 42 52 52 33 33 37 37 30 41 31 30 35 49 31 33 34 46
leaf_count=30 42 52 52 33 33 37 37 30 41 31 30 35 49 31 33 34 46
internal_value=0.299067 40.7375 -25.7779 -37.3414 -3.62434 37.4043 -70.4406 -85.0572 -40.7723 66.5658 20.5983 -11.2272 -6.54676 31.7349 55.7131 -11.3563 12.8514
internal_weight=676 265 411 270 141 67 119 82 74 116 149 151 118 61 85 83 88
internal_count=676 265 411 270 141 67 119 82 74 116 149 151 118 61 85 83 88
is_linear=0
shrinkage=0.05


Tree=43
num_leaves=18
num_cat=0
split_feature=24 24 4 24 24 26 21 8 24 24 24 10 24 27 0 20 28
split_gain=2.57609e+08 5.33772e+07 4.09374e+07 7.86482e+07 7.82489e+07 4.11716e+07 2.03342e+07 1.64754e+07 1.3223e+07 1.28812e+07 5.18499e+06 4.05185e+06 2.03339e+06 1.90747e+06 1.45418e+06 949271 544055
threshold=7268.5194444444451 9958.3333333333339 1006.0000000000001 836.66666666666674 4138.8888888888896 7.1500000000000021 0.92008265152780111 9.8500000000000032 12319.444444444445 4625.0000000000009 8828.7027777777785 3.5000000000000004 6101.852777777779 -0.5416228050394748 48.300000000000004 14.83245 0.56312986467441573
decision_type=2 2 2 2 2 2 2 2 2 2 2 2 2 2 2 2 2
left_child=2 10 3 5 6 -1 7 -4 14 -5 15 -6 -13 -12 -3 16 -2
right_child=1 8 4 9 11 -7 -8 -9 -10 -11 13 12 -14 -15 -16 -17 -18
leaf_value=-0.86000102563578007 19.135959110629855 61.813500270046227 -97.864259824551453 -63.835061773073257 0.50894427758098437 77.67888703668234 -36.01475013028579 -51.032758450428908 91.261348893634761 -21.301701537107348 21.046090044294086 -26.463008698173198 -11.617440320272161 38.870674891333877 47.731829439117377 4.339114235183434 10.115735154137061
leaf_weight=36 36 31 52 31 45 31 37 30 31 42 30 39 57 31 54 31 32
leaf_count=36 36 31 52 31 45 31 37 30 31 42 30 39 57 31 54 31 32
internal_value=0.284555 37.435 -25.3522 -3.54968 -37.0861 35.5404 -66.9267 -80.8139 63.2466 -39.4265 18.6937 -11.8718 -17.6698 30.1534 52.9342 11.6093 14.9123
internal_weight=676 276 400 140 260 67 119 82 116 73 160 141 96 61 85 99 68
internal_count=676 276 400 140 260 67 119 82 116 73 160 141 96 61 85 99 68
is_linear=0
shrinkage=0.05


Tree=44
num_leaves=17
num_cat=0
split_feature=24 24 28 24 9 0 4 6 27 24 27 20 22 24 21 22
split_gain=2.32621e+08 4.49076e+07 3.80837e+07 4.48145e+07 4.4855e+07 5.68318e+07 9.45456e+07 1.35232e+07 9.63653e+06 6.62347e+06 4.78594e+06 3.53955e+06 3.36047e+06 2.44067e+06 2.19662e+06 890130
threshold=7416.666666666667 10291.666666666668 -0.92910699518418138 4902.7777777777783 0.35000000000000003 11.050000000000002 1006.5500000000001 2.8500000000000001 0.073094453017891456 8828.7027777777785 0.26781182513105634 6.3439000000000005 -0.24999999999999994 6479.166666666667 0.84390006905396076 -0.24999999999999994
decision_type=2 2 2 2 2 2 2 2 2 2 2 2 2 2 2 2
left_child=2 9 -1 4 5 -4 -7 -8 14 15 13 -12 -11 -5 -3 -2
right_child=1 8 3 10 -6 6 7 -9 -10 12 11 -13 -14 -15 -16 -17
leaf_value=17.13176546115465 6.3576893295641463 44.736880081875952 -118.60097914324695 -25.985476638162808 -5.5817476248351721 30.855941918631586 -48.227274807004164 -87.753633671657283 87.502931345182404 22.642630643699796 13.318329485389482 -8.2183118458787217 43.467855803637917 -7.371232290973234 63.377700815802797 16.444829670208915
leaf_weight=51 42 37 31 41 55 32 41 47 30 46 30 52 34 31 30 46
leaf_count=51 42 37 31 41 55 32 41 47 30 46 30 52 34 31 30 46
internal_value=0.270797 36.7903 -23.2791 -29.0071 -44.2548 -58.328 -42.6716 -69.4136 63.8646 21.1294 -8.59536 -0.332367 31.5366 -17.9924 53.1656 11.6433
internal_weight=676 265 411 360 206 151 120 88 97 168 154 82 80 72 67 88
internal_count=676 265 411 360 206 151 120 88 97 168 154 82 80 72 67 88
is_linear=0
shrinkage=0.05


Tree=45
num_leaves=19
num_cat=0
split_feature=24 24 28 24 6 1 15 7 27 24 24 27 24 4 24 24 27 27
split_gain=2.32202e+08 4.11642e+07 2.86009e+07 3.56095e+07 7.26124e+07 7.02162e+07 8.68818e+07 2.62088e+07 1.76566e+07 8.69494e+06 4.88367e+06 4.27244e+06 2.3297e+06 2.1296e+06 1.32327e+06 965557 736103 202450
threshold=7376.3888888888896 9189.8138888888916 -0.9668120007078248 4902.7777777777783 2.4500000000000006 0.11250000000000002 1.0000000180025095e-35 20.650000000000002 0.073094453017891456 3347.2222222222226 11216.66666666667 0.1670500785599974 5868.0555555555566 1016.7500000000001 8118.0555555555566 10125.000000000002 -0.15005400879207767 -0.15005400879207767
decision_type=2 2 2 2 2 2 2 2 2 2 2 2 2 2 2 2 2 2
left_child=2 14 -1 4 7 6 -6 -4 10 -7 15 13 -13 -5 16 -3 -2 -16
right_child=1 8 3 11 5 9 -8 -9 -10 -11 -12 12 -14 -15 17 -17 -18 -19
leaf_value=14.928993142334898 1.430813550790679 25.366084384621118 -55.026887213114492 -28.879950398084357 61.270507610825234 -68.261760324204033 -46.457700021110711 -120.86729611215867 77.871762962075778 -37.228984069824222 53.620279713537798 -14.33098084629572 3.0242769774579741 -11.142374681098019 14.666129112744267 37.383540564509516 12.414298364817137 20.310797006030413
leaf_weight=40 30 32 30 34 40 50 35 31 43 42 42 30 54 34 38 38 31 30
leaf_count=40 30 32 30 34 40 50 35 31 43 42 42 30 54 34 38 38 31 30
internal_value=-1.64544 33.2685 -25.2562 -29.4891 -41.9828 -24.9011 11.0024 -88.6299 50.6271 -54.1505 40.1069 -10.7332 -3.18364 -20.0406 12.3881 31.9339 7.02385 17.1827
internal_weight=704 284 420 380 228 167 75 61 155 92 112 152 84 68 129 70 61 68
internal_count=704 284 420 380 228 167 75 61 155 92 112 152 84 68 129 70 61 68
is_linear=0
shrinkage=0.05


Tree=46
num_leaves=20
num_cat=0
split_feature=24 8 8 24 25 1 24 27 24 24 24 27 10 7 25 24 8 28 24
split_gain=2.09751e+08 3.9981e+07 9.18634e+07 5.34219e+07 5.52651e+07 3.84959e+07 3.26356e+07 1.95242e+07 1.21568e+07 1.08522e+07 3.69912e+06 3.32827e+06 3.22602e+06 2.23214e+06 1.2585e+06 1.12843e+06 704462 399916 289462
threshold=7703.7027777777785 24.250000000000004 20.250000000000004 4868.5194444444451 19.755175000000005 0.11250000000000002 11361.111111111111 0.74981945761428193 2291.6666666666674 9189.8138888888916 5641.2027777777785 -0.098811902929570553 10.500000000000002 13.450000000000001 11.258675000000002 10546.297222222223 17.450000000000003 0.3975280889453926 6646.2972222222224
decision_type=2 2 2 2 2 2 2 2 2 2 2 2 2 2 2 2 2 2 2
left_child=1 2 3 4 5 7 9 -1 -7 16 -5 15 14 -10 -12 -11 17 -2 -16
right_child=6 -3 -4 10 -6 8 -8 -9 13 11 12 -13 -14 -15 18 -17 -18 -19 -20
leaf_value=27.185369976968861 20.84860912177254 -76.026049258033069 40.813097934088233 -19.536260749217575 -104.02841957299729 -73.710134723790162 68.543786391934972 -29.764088358831568 -28.643575561975027 24.863128382104744 10.569459292598973 50.458543449966093 -16.27512922778082 -47.681995070478926 -5.0400148586444917 37.954748220855613 7.563819715839859 13.077492922346304 1.8394682080775775
leaf_weight=30 30 32 57 40 33 39 55 30 32 39 32 31 30 31 31 30 33 39 30
leaf_count=30 30 32 57 40 33 39 55 30 32 39 32 31 30 31 31 30 33 39 30
internal_value=-1.56359 -22.2563 -18.0929 -27.4806 -45.1328 -33.0787 34.4219 -1.29142 -51.7575 25.102 -6.34814 36.8018 -2.0469 -38.0725 2.55535 30.6019 13.6067 16.4816 -1.65911
internal_weight=704 447 415 358 195 162 257 60 102 202 163 100 123 63 93 69 102 69 61
internal_count=704 447 415 358 195 162 257 60 102 202 163 100 123 63 93 69 102 69 61
is_linear=0
shrinkage=0.05


Tree=47
num_leaves=16
num_cat=0
split_feature=24 8 8 4 6 1 24 24 24 6 24 25 26 20 28
split_gain=1.89356e+08 3.60946e+07 8.29261e+07 5.48068e+07 3.18223e+07 3.37606e+07 4.71327e+07 2.94843e+07 9.92472e+06 6.26349e+06 6.11672e+06 1.93876e+06 2.46674e+06 674292 379826
threshold=7703.7027777777785 24.250000000000004 20.250000000000004 1001.35 1.9500000000000002 0.11250000000000002 4138.8888888888896 11472.222222222224 9189.8138888888916 3.3500000000000001 5346.666666666667 20.932395000000003 8.6500000000000021 14.83245 0.3975280889453926
decision_type=2 2 2 2 2 2 2 2 2 2 2 2 2 2 2
left_child=1 2 3 -1 -5 -6 9 8 13 -7 -8 12 -10 14 -2
right_child=7 -3 -4 4 5 6 10 -9 11 -11 -12 -13 -14 -15 -16
leaf_value=-89.547559662110558 19.994734587305011 -72.236588009272779 38.776018576446646 -67.355168895780864 19.246807335083744 -68.599767687720984 -24.83315041900596 65.51722095933728 50.934449874523075 -39.987955131170885 -2.0598970164863593 26.188146257522465 30.745266623808959 7.0184543448272425 12.425290608223136
leaf_weight=31 30 32 57 32 58 41 39 54 30 37 120 39 32 33 39
leaf_count=31 30 32 57 32 58 41 39 54 30 37 120 39 32 33 39
internal_value=-1.4861 -21.1471 -17.1912 -26.1105 -20.0711 -14.9209 -23.2872 32.7052 23.9489 -55.0961 -7.65792 35.0546 40.5806 12.9284 15.7406
internal_weight=704 447 415 358 327 295 237 257 203 78 159 101 62 102 69
internal_count=704 447 415 358 327 295 237 257 203 78 159 101 62 102 69
is_linear=0
shrinkage=0.05


Tree=48
num_leaves=17
num_cat=0
split_feature=14 0 0 3 3 3 21 14 21 26 0 21 21 0 3 3
split_gain=2.28357e+07 3.36859e+07 3.1867e+07 3.30984e+07 3.2225e+07 1.57554e+07 2.12029e+07 4.57483e+07 1.19411e+07 1.25523e+07 1.84274e+07 1.47693e+07 3.88027e+06 9.25753e+06 6.18448e+06 1.99825e+06
threshold=163.50000000000003 11.050000000000002 5.3000000000000016 47.350000000000001 54.900000000000006 88.950000000000017 0.59111320754717001 282.00000000000006 1.0000000180025095e-35 6.1500000000000021 33.350000000000001 0.81958131468839479 0.88619047619047631 80.300000000000011 75.050000000000011 68.90000000000002
decision_type=2 2 2 2 2 2 2 2 2 2 2 2 2 2 2 2
left_child=2 -2 -1 -4 -5 6 7 -3 -6 -10 -11 -12 14 -14 -8 -15
right_child=1 5 3 4 8 -7 12 -9 9 10 11 -13 13 15 -16 -17
leaf_value=36.20302821193529 -34.661906309194187 68.595555975908283 -49.716479705594317 39.565119878885447 4.8309728570512327 -21.020373958516345 -19.216353849197802 3.6171452707848974 -48.572979267370329 18.497301123763204 -50.685043623440819 -8.1384324755638264 29.588102676153454 9.6671902720818945 10.708010563097503 -6.0788466859026018
leaf_weight=32 43 50 59 31 55 32 33 59 35 31 36 47 44 37 36 44
leaf_count=32 43 50 59 31 55 32 33 59 35 31 36 47 44 37 36 44
internal_value=-1.41246 6.94958 -11.1075 -16.2675 -7.8521 12.2995 15.8242 33.4594 -15.0735 -22.4192 -14.3539 -26.6312 5.9037 11.1544 -3.61067 1.11678
internal_weight=704 378 326 294 235 335 303 109 204 149 114 83 194 125 69 81
internal_count=704 378 326 294 235 335 303 109 204 149 114 83 194 125 69 81
is_linear=0
shrinkage=0.05


Tree=49
num_leaves=17
num_cat=0
split_feature=24 0 5 27 3 1 9 24 24 24 24 9 27 27 24 27
split_gain=1.68043e+08 3.51277e+07 9.87778e+07 3.898e+07 3.1107e+07 3.49285e+07 7.45995e+07 4.66987e+07 2.23308e+07 8.39417e+06 6.38042e+06 3.59096e+06 3.41315e+06 2.00582e+06 1.46668e+06 301519
threshold=8090.2777777777783 11.050000000000002 18.475000000000005 -0.93535928755917819 47.350000000000001 0.11250000000000002 1.0000000180025095e-35 3959.7222222222226 11740.741666666667 6375.186111111112 9189.8138888888916 1.0000000180025095e-35 -0.030117794580182808 0.23448921811828119 10625.000000000002 -0.15005400879207767
decision_type=2 2 2 2 2 2 2 2 2 2 2 2 2 2 2 2
left_child=1 2 -1 -3 -5 6 -6 -7 10 11 15 -9 14 -11 -12 -2
right_child=8 3 -4 4 5 7 -8 9 -10 13 12 -13 -14 -15 -16 -17
leaf_value=0.549055116610634 11.851949377354421 41.198102319968861 -119.35672200858789 -51.760529598090699 62.511557138900571 -60.578722206434179 -40.580811615243704 -10.043512160688298 65.478442014876066 -3.726603853629709 22.084786354981855 -28.798746455445581 48.184902822298071 11.452953497650068 35.823827567060896 18.436209495274582
leaf_weight=40 42 31 30 55 42 55 30 61 45 49 44 44 30 39 36 31
leaf_count=40 42 31 30 55 42 55 30 61 45 49 44 44 30 39 36 31
internal_value=-1.34196 -18.248 -50.936 -12.6009 -17.0581 -11.0793 19.5596 -19.9788 33.9456 -8.3835 26.16 -17.9228 33.7653 3.00601 28.3044 14.6695
internal_weight=704 476 70 406 375 320 72 248 228 193 183 105 110 88 80 73
internal_count=704 476 70 406 375 320 72 248 228 193 183 105 110 88 80 73
is_linear=0
shrinkage=0.05


Tree=50
num_leaves=17
num_cat=0
split_feature=24 1 8 27 1 24 24 24 0 24 20 27 22 27 14 5
split_gain=1.26632e+08 3.28075e+07 9.81026e+07 1.06701e+08 5.4224e+07 3.11431e+07 2.25804e+07 6.28968e+06 6.1763e+06 4.34424e+06 2.92792e+06 2.62904e+06 1.82843e+06 1.63586e+06 1.14704e+06 355353
threshold=7146.2972222222224 0.11250000000000002 21.050000000000004 0.6254047815183511 0.65000000000000013 2126.9841269841277 10291.666666666668 5641.2027777777785 46.95000000000001 8851.8527777777799 6.4490000000000007 0.26781182513105634 -0.24999999999999994 0.14153898451656996 163.50000000000003 21.450000000000003
decision_type=2 2 2 2 2 2 2 2 2 2 2 2 2 2 2 2
left_child=1 2 3 -1 -3 -6 9 10 -8 13 -7 -9 -11 15 -12 -2
right_child=6 4 -4 -5 5 7 8 11 -10 12 14 -13 -14 -15 -16 -17
leaf_value=-72.958038336169452 5.6413762990787752 -80.188773164295014 80.122004275147702 35.749287099907868 -66.433028240142534 -8.5499326913898965 58.30705907208069 -11.365937288108293 32.256079786938798 16.465819501968355 -21.448162505307707 4.8629970934392288 31.575891953436635 14.154744921078379 -34.265465299790087 -1.717568476176341
leaf_weight=50 36 44 30 41 31 32 40 53 54 52 44 47 33 52 30 30
leaf_count=50 36 44 30 41 31 32 40 53 54 52 44 47 33 52 30 30
internal_value=-1.61234 -19.9026 1.86433 -23.9945 -29.2729 -19.7903 23.1425 -12.7424 43.3918 13.7492 -21.2226 -3.74105 22.3624 7.53105 -26.6837 2.29879
internal_weight=699 402 121 91 281 237 297 206 94 203 106 100 85 118 74 66
internal_count=699 402 121 91 281 237 297 206 94 203 106 100 85 118 74 66
is_linear=0
shrinkage=0.05


Tree=51
num_leaves=17
num_cat=0
split_feature=24 1 8 6 1 24 24 8 0 24 24 22 14 22 14 25
split_gain=1.14312e+08 2.96201e+07 8.85651e+07 7.39114e+07 4.89478e+07 2.81165e+07 2.03834e+07 5.75557e+06 5.57604e+06 5.11466e+06 3.92182e+06 1.65089e+06 1.45318e+06 774954 767778 286491
threshold=7146.2972222222224 0.11250000000000002 21.050000000000004 2.7500000000000004 0.65000000000000013 2126.9841269841277 10291.666666666668 4.5500000000000007 46.95000000000001 5509.2583333333341 8851.8527777777799 -0.24999999999999994 175.50000000000003 -0.24999999999999994 169.50000000000003 21.563345000000002
decision_type=2 2 2 2 2 2 2 2 2 2 2 2 2 2 2 2
left_child=1 2 3 -1 -3 -6 10 -7 -8 14 12 -12 -2 -11 -9 -14
right_child=6 4 -4 -5 5 7 8 9 -10 13 11 -13 15 -15 -16 -17
leaf_value=-71.388916457803688 12.986244167576075 -76.188426398798455 76.129213660103943 18.914061527291047 -63.122057639364272 3.0513176218139906 55.398975784225655 -21.686801992651006 30.64625661289406 -13.98901420068894 15.644108711780834 30.001867476402818 5.1598373494044267 -3.885669293850964 -31.984275655961113 -1.6319753015160163
leaf_weight=42 56 44 30 49 31 48 40 47 54 31 52 33 32 49 31 30
leaf_count=42 56 44 30 49 31 48 40 47 54 31 52 33 32 49 31 30
internal_value=-1.53185 -18.9096 1.77288 -22.7968 -27.8131 -18.8037 21.988 -12.107 41.2271 -16.7111 13.0634 21.2471 7.15526 -7.81335 -25.8152 1.87606
internal_weight=699 402 121 91 281 237 297 206 94 158 203 85 118 80 78 62
internal_count=699 402 121 91 281 237 297 206 94 158 203 85 118 80 78 62
is_linear=0
shrinkage=0.05


Tree=52
num_leaves=16
num_cat=0
split_feature=1 1 8 27 0 4 14 7 11 0 14 23 0 0 9
split_gain=1.7201e+07 5.60903e+07 7.60222e+07 9.80981e+07 1.20108e+07 4.89631e+06 4.4946e+06 2.4467e+06 2.37216e+06 1.968e+06 1.98617e+06 1.35209e+06 1.11894e+06 1.14743e+06 757271
threshold=0.65000000000000013 0.15476190476190474 21.050000000000004 0.6254047815183511 28.650000000000002 1009.2500000000001 118.50000000000001 8.7500000000000018 3.5000000000000004 61.150000000000013 188.00000000000003 -0.9330127018922193 187.85000000000005 129.90000000000001 1.0000000180025095e-35
decision_type=2 2 2 2 2 2 2 2 2 2 2 2 2 2 2
left_child=1 2 3 -1 5 -2 7 -6 -9 -8 11 -11 13 -12 -14
right_child=4 -3 -4 -5 6 -7 9 8 -10 10 12 -13 14 -15 -16
leaf_value=-65.161078812201964 33.541222094718336 -59.106157864983075 72.335400296841755 36.178820463427073 3.1057902252566061 10.007902825073408 11.109325729138675 -6.3856765963421109 -23.188287672618969 1.6601387614229588 3.0059168420231503 -12.445941674312971 3.6381119651067495 14.713726739727617 -5.4601211479557747
leaf_weight=52 37 51 30 44 33 55 58 55 34 30 52 39 55 35 39
leaf_count=52 37 51 30 44 33 55 58 55 34 30 52 39 55 35 39
internal_value=-1.45551 -14.9206 2.99674 -18.7243 3.11219 19.4986 -0.397442 -8.51572 -12.8235 2.81994 0.893115 -6.31926 3.64458 7.7275 -0.138425
internal_weight=699 177 126 96 522 92 430 122 89 308 250 69 181 87 94
internal_count=699 177 126 96 522 92 430 122 89 308 250 69 181 87 94
is_linear=0
shrinkage=0.05


Tree=53
num_leaves=17
num_cat=0
split_feature=3 1 3 26 7 0 14 14 3 11 4 21 2 0 11 7
split_gain=1.79717e+07 1.82774e+07 5.28738e+07 5.57831e+07 3.58545e+07 8.44184e+06 5.95978e+06 5.71783e+06 2.10104e+06 1.60992e+06 1.48089e+06 1.20839e+06 1.79782e+06 1.63382e+06 869745 350294
threshold=92.40000000000002 0.65000000000000013 52.050000000000004 6.5000000000000018 26.150000000000002 28.650000000000002 145.00000000000003 194.00000000000003 51.050000000000004 3.5000000000000004 1014.5500000000001 0.87481579722959057 22.150000000000002 176.05000000000004 2.5000000000000004 18.550000000000004
decision_type=2 2 2 2 2 2 2 2 2 2 2 2 2 2 2 2
left_child=1 2 -1 4 -4 7 9 -3 -8 10 -7 13 15 14 -10 -13
right_child=-2 5 3 -5 -6 6 8 -9 11 -11 -12 12 -14 -15 -16 -17
leaf_value=-61.001465611351001 36.411896283285962 3.8678845223244238 4.8173764931044012 35.223936786425696 -71.780233703816052 -0.18798518258733454 13.711493235157612 29.002202297502915 3.9286639134329251 -16.463082586185948 -12.823199619854478 -4.4300679929232682 5.2018937129022955 -1.9960017034051056 15.251370114682405 -12.088257585886705
leaf_weight=49 30 49 31 59 30 55 40 42 33 52 40 30 42 52 35 30
leaf_count=49 30 49 31 59 30 55 40 42 33 52 40 30 42 52 35 30
internal_value=-1.38261 -3.08263 -17.2927 0.590925 -32.9093 1.72287 -1.34271 15.4875 3.17817 -9.39704 -5.51602 1.27494 -2.7248 4.67419 9.77044 -8.27299
internal_weight=699 669 169 120 61 500 409 91 262 147 95 222 102 120 68 60
internal_count=699 669 169 120 61 500 409 91 262 147 95 222 102 120 68 60
is_linear=0
shrinkage=0.05


Tree=54
num_leaves=17
num_cat=0
split_feature=3 1 27 28 27 14 21 28 11 3 4 5 27 21 27 3
split_gain=1.62251e+07 1.65008e+07 5.35636e+07 5.33483e+07 3.5853e+07 6.81971e+06 2.23124e+06 1.70724e+06 1.68389e+06 1.61318e+06 2.67341e+06 1.13774e+06 1.6421e+06 797419 630592 516065
threshold=92.40000000000002 0.65000000000000013 0.64534213713577271 -0.91583036384466876 0.1670500785599974 145.00000000000003 1.6513968253968259 -0.97870382656940669 3.5000000000000004 80.950000000000017 1007.7500000000001 8.8500000000000032 -0.6254047815183511 0.82710597826086973 0.95747632178960107 65.850000000000009
decision_type=2 2 2 2 2 2 2 2 2 2 2 2 2 2 2 2
left_child=1 2 3 -1 -5 6 8 -7 14 10 13 -12 -13 -9 15 -3
right_child=-2 5 -4 4 -6 7 -8 9 -10 -11 11 12 -14 -15 -16 -17
leaf_value=20.6499963625451 34.597349862957316 -11.080791259822703 25.181155086596362 -28.646658958693941 -94.660741461512032 -4.9325559965667232 6.1670194591688592 12.526880410065713 -15.76141712800864 -1.4858792391288034 11.277219161563767 6.133529701139957 -7.743277062450928 22.746653734885182 1.1579675442704529 -2.6965150992541722
leaf_weight=31 30 40 53 50 35 31 32 54 51 43 50 73 30 30 32 34
leaf_count=31 30 40 53 50 35 31 32 54 51 43 50 73 30 30 32 34
internal_value=-1.31372 -2.92902 -16.4308 -35.4485 -55.9083 1.63695 -5.85176 6.1884 -8.30384 7.42099 9.03697 5.09652 2.0881 16.1996 -4.70424 -7.23746
internal_weight=699 669 169 116 85 500 189 311 157 280 237 153 103 84 106 74
internal_count=699 669 169 116 85 500 189 311 157 280 237 153 103 84 106 74
is_linear=0
shrinkage=0.05


Tree=55
num_leaves=18
num_cat=0
split_feature=24 8 1 21 0 1 24 0 24 24 27 24 27 24 8 26 3
split_gain=1.00972e+08 4.13878e+07 4.89032e+07 1.10812e+08 6.94409e+07 3.82298e+07 2.44038e+07 2.211e+07 8.3729e+06 7.31594e+06 1.62643e+06 1.53894e+06 1.22654e+06 1.20028e+06 466443 368768 191945
threshold=8196.758333333335 24.250000000000004 0.11250000000000002 0.66220588235294131 58.500000000000007 0.65000000000000013 2535.7142857142862 12.450000000000001 11125.000000000002 6811.1111111111122 -0.45206801762443477 9527.7777777777792 -0.5416228050394748 5509.2583333333341 17.150000000000002 7.0999999999999996 65.850000000000009
decision_type=2 2 2 2 2 2 2 2 2 2 2 2 2 2 2 2 2
left_child=1 2 3 -1 -5 -4 -7 -2 11 10 -8 15 -11 -12 -13 -9 -14
right_child=7 -3 5 4 -6 6 9 8 -10 12 13 14 16 -15 -16 -17 -18
leaf_value=88.795748842829624 68.686634760424255 -64.811869865148992 -63.556824167549159 32.997178296399611 -68.676283776435966 -53.465528529981441 -22.682005230216092 6.9653098692529616 40.726899699038256 -2.8740862269734229 -14.578496465668772 25.675257482811446 12.129486985518554 -5.1747148871249307 17.20435731648632 14.509993691061343 6.5197811148887457
leaf_weight=39 31 34 39 34 33 30 30 30 49 30 67 37 32 69 31 36 30
leaf_count=39 31 34 39 34 33 30 30 30 49 30 67 37 32 69 31 36 30
internal_value=1.2582 -11.7747 -7.59614 21.9032 -17.1084 -17.1624 -10.8599 29.6915 23.0518 -5.88699 -12.1525 16.5629 5.41902 -9.8148 21.8445 11.0964 9.43006
internal_weight=681 467 433 106 67 327 288 214 183 258 166 134 92 136 68 66 62
internal_count=681 467 433 106 67 327 288 214 183 258 166 134 92 136 68 66 62
is_linear=0
shrinkage=0.05


Tree=56
num_leaves=19
num_cat=0
split_feature=24 7 0 25 24 3 3 0 24 6 11 3 24 0 24 24 0 28
split_gain=9.11536e+07 2.59269e+07 7.26641e+07 7.16002e+07 2.0286e+07 1.78627e+07 1.80602e+07 1.97834e+07 1.90285e+07 2.40841e+07 1.7026e+07 1.31419e+07 3.33452e+06 2.97665e+06 2.77369e+06 1.95076e+06 486630 221686
threshold=8196.758333333335 25.950000000000003 28.950000000000003 20.393890000000003 12402.777777777779 34.900000000000006 54.500000000000007 61.500000000000007 5583.3333333333348 3.6500000000000008 3.5000000000000004 79.450000000000017 9069.4444444444471 30.000000000000004 7074.0750000000007 10625.000000000002 133.15000000000001 0.3975280889453926
decision_type=2 2 2 2 2 2 2 2 2 2 2 2 2 2 2 2 2 2
left_child=1 3 -3 5 12 -1 7 -7 9 10 -8 -4 -2 -14 17 16 -15 -10
right_child=4 2 11 -5 -6 6 8 -9 14 -11 -12 -13 13 15 -16 -17 -18 -19
leaf_value=-48.708268852170526 11.215955264188507 -93.01800526817523 -22.683865107481296 62.261443925894525 66.281855583824594 42.679813964938823 -68.22537070689701 -9.9999105872656031 -3.7044336651646819 0.80358948255107343 -18.600225423895242 18.252978254877188 40.058213583100283 11.906895522366 9.9731881696651214 30.526993844804977 20.923284268300002 -9.7981027406711512
leaf_weight=30 52 34 48 36 30 32 41 40 30 41 30 33 30 31 42 41 30 30
leaf_count=30 52 34 48 36 30 32 41 40 30 41 30 33 30 31 42 41 30 30
internal_value=1.19543 -11.1877 -31.7883 -4.45021 28.211 -12.0676 -8.20845 13.44 -15.4949 -29.7137 -47.3127 -6.00389 21.9711 26.1962 0.131585 22.0839 16.3683 -6.76258
internal_weight=681 467 115 352 214 316 286 72 214 112 71 81 184 132 102 102 61 60
internal_count=681 467 115 352 214 316 286 72 214 112 71 81 184 132 102 102 61 60
is_linear=0
shrinkage=0.05


Tree=57
num_leaves=17
num_cat=0
split_feature=24 7 25 24 21 24 24 27 24 7 24 24 24 14 24 4
split_gain=8.22913e+07 2.34055e+07 6.46381e+07 2.01406e+07 1.91862e+07 3.93064e+07 2.85392e+07 2.06902e+07 1.8315e+07 1.77249e+07 7.03532e+06 3.88875e+06 3.0106e+06 2.19204e+06 1.79901e+06 713249
threshold=8196.758333333335 25.950000000000003 20.393890000000003 6030.5555555555557 0.72636700158646239 1527.7777777777781 3535.7142857142862 0.74981945761428193 12402.777777777779 28.150000000000002 5583.3333333333348 7018.5194444444451 9069.4444444444471 159.50000000000003 10625.000000000002 1013.4500000000002
decision_type=2 2 2 2 2 2 2 2 2 2 2 2 2 2 2 2
left_child=1 2 4 9 5 -1 7 -6 12 -3 -7 15 -2 -14 -15 -8
right_child=8 3 -4 -5 6 10 11 -9 -10 -11 -12 -13 13 14 -16 -17
leaf_value=53.290416081323976 10.656233998406643 -74.473415526868393 59.156996650907139 -4.5578285578791853 -22.560717643685894 -25.909136172211603 -5.7331420959767039 -74.966687145406027 62.978773711765328 -23.602620726839874 0.41894785588752548 9.0747848167880427 36.796444899853682 15.526076272432654 28.987884390002748 -15.705584404805974
leaf_weight=30 52 32 36 46 44 47 31 33 30 37 55 33 30 58 44 43
leaf_count=30 52 32 36 46 44 47 31 33 30 37 55 33 30 58 44 43
internal_value=1.13595 -10.6298 -4.22831 -30.2031 -11.4659 3.07952 -21.8966 -45.0886 26.8046 -47.2686 -11.7261 -5.18054 20.8757 24.8903 21.3559 -11.5414
internal_weight=681 467 352 115 316 132 184 77 214 69 102 107 184 132 102 74
internal_count=681 467 352 115 316 132 184 77 214 69 102 107 184 132 102 74
is_linear=0
shrinkage=0.05


Tree=58
num_leaves=17
num_cat=0
split_feature=8 21 4 8 7 21 1 1 4 2 14 26 20 4 4 7
split_gain=2.1101e+07 3.6463e+07 3.51396e+07 1.83696e+07 1.66378e+07 1.62496e+07 6.37123e+07 1.21997e+07 1.16096e+07 3.55013e+06 1.97037e+06 1.78804e+06 1.64615e+06 1.09834e+06 914250 791906
threshold=24.250000000000004 0.54024256428486794 999.50000000000011 20.150000000000002 27.650000000000002 0.7018276515151517 0.29166666666666669 0.65000000000000013 1008.5500000000001 1.4000000000000001 177.50000000000003 9.8500000000000032 3.8674000000000004 1015.1000000000001 1015.5500000000001 20.250000000000004
decision_type=2 2 2 2 2 2 2 2 2 2 2 2 2 2 2 2
left_child=2 -2 3 -1 5 6 -4 8 -7 11 13 12 -8 15 -12 -9
right_child=1 -3 4 -5 -6 7 9 10 -10 -11 14 -13 -14 -15 -16 -17
leaf_value=12.024313682744808 -66.094340635930195 11.763695795908323 78.980492751928011 65.603513538503208 -31.668482058981194 -0.27985443777593388 -14.546027279179818 -12.888971018212823 -41.024683515210995 15.329585173115175 9.611279662527183 7.5181731531083402 -1.1780914291383178 2.2224636092682899 0.69467405228041956 -2.9097236024531306
leaf_weight=32 30 30 31 32 39 31 34 37 40 36 56 35 71 45 59 43
leaf_count=32 30 30 31 32 39 31 34 37 40 36 56 35 71 45 59 43
internal_value=1.07937 -27.2104 3.81663 38.8745 -0.217811 2.15574 13.0072 -5.06879 -23.2602 1.34866 0.320247 -2.25477 -5.51653 -4.02364 5.04129 -7.53552
internal_weight=681 60 621 64 557 518 207 311 71 176 240 140 105 125 115 80
internal_count=681 60 621 64 557 518 207 311 71 176 240 140 105 125 115 80
is_linear=0
shrinkage=0.05


Tree=59
num_leaves=18
num_cat=0
split_feature=24 8 24 21 0 24 0 24 24 24 22 2 24 10 10 8 4
split_gain=7.42604e+07 3.15819e+07 4.32178e+07 8.83634e+07 6.15232e+07 2.78265e+07 1.80203e+07 8.59696e+06 5.98489e+06 2.89825e+06 2.34521e+06 1.38249e+06 1.12214e+06 1.11337e+06 1.05139e+06 365300 223254
threshold=8196.758333333335 24.250000000000004 1.0000000180025095e-35 0.66220588235294131 58.500000000000007 5509.2583333333341 12.450000000000001 2291.6666666666674 11125.000000000002 6811.1111111111122 -0.24999999999999994 13.600000000000001 9527.7777777777792 6.5000000000000009 7.5000000000000009 17.150000000000002 1009.6500000000002
decision_type=2 2 2 2 2 2 2 2 2 2 2 2 2 2 2 2 2
left_child=1 2 3 -1 -5 7 -2 -4 12 13 -9 -12 16 -7 -11 -14 -8
right_child=6 -3 5 4 -6 9 8 10 -10 14 11 -13 15 -15 -16 -17 -18
leaf_value=80.963468222849826 60.611940887426641 -56.481303193911778 -52.251450709658343 33.549199490812867 -62.150094084725282 -4.8135760225490278 6.0447714493520239 -36.405432600357209 34.359969716353724 8.2113382401175503 -25.365339140985125 -11.645364542712736 21.825669350842581 -16.552555706186691 -2.5528787934261823 14.342433730735657 11.921088509810598
leaf_weight=39 31 34 38 34 33 58 30 30 49 54 46 31 37 31 39 31 36
leaf_count=39 31 34 38 34 33 58 30 30 49 54 46 31 37 31 39 31 36
internal_value=1.02564 -10.1512 -6.50109 21.2303 -13.6086 -15.4942 25.4097 -31.8271 19.4166 -2.4714 -24.5315 -19.864 13.9306 -8.91648 3.69936 18.4403 9.2633
internal_weight=681 467 433 106 67 327 214 145 183 182 107 77 134 89 93 68 66
internal_count=681 467 433 106 67 327 214 145 183 182 107 77 134 89 93 68 66
is_linear=0
shrinkage=0.05


Tree=60
num_leaves=17
num_cat=0
split_feature=0 24 14 6 2 24 24 24 26 24 27 14 24 0 24 28
split_gain=8.46174e+07 9.54458e+07 4.34472e+07 1.86846e+07 4.81496e+07 5.60977e+07 1.71236e+07 1.03149e+07 1.90383e+07 6.14171e+06 2.42364e+06 2.01791e+06 1.31904e+06 1.09961e+06 1.00297e+06 415240
threshold=3.0500000000000003 6340.2777777777783 40.000000000000007 4.2500000000000009 6.3500000000000005 1836.6666666666667 9101.8527777777799 4562.5000000000009 7.7500000000000009 12027.777777777779 0.13301347478292308 188.00000000000003 7509.2583333333341 139.00000000000003 10087.963888888889 0.047319635496388741
decision_type=2 2 2 2 2 2 2 2 2 2 2 2 2 2 2 2
left_child=-1 2 -2 4 5 -4 10 8 -6 11 12 -8 -3 -12 -13 -14
right_child=1 6 3 -5 7 -7 9 -9 -10 -11 13 14 15 -15 -16 -17
leaf_value=81.789500224471496 -68.835185080991351 -6.9117162583322376 74.909208301409265 -41.113130035088517 -17.006407618643671 -14.113469704398273 33.167436318085571 -6.8637594675580731 -62.037867416079393 47.876663439931271 6.759154384247883 11.994516028789931 0.37642702550366763 18.925484453562486 23.095360109959721 8.5550646036767493
leaf_weight=30 45 43 31 58 59 41 32 49 39 30 49 36 31 30 48 31
leaf_count=30 45 43 31 58 59 41 32 49 39 30 49 36 31 30 48 31
internal_value=-0.173517 -3.95679 -23.3198 -15.9034 -9.21117 24.2664 14.9382 -25.6137 -34.9721 27.7185 4.7877 22.4683 -0.191395 11.3974 18.3578 4.47302
internal_weight=682 652 322 277 219 72 330 147 98 146 184 116 105 79 84 62
internal_count=682 652 322 277 219 72 330 147 98 146 184 116 105 79 84 62
is_linear=0
shrinkage=0.05


Tree=61
num_leaves=18
num_cat=0
split_feature=0 24 14 24 21 24 24 24 20 20 14 14 2 24 24 11 5
split_gain=7.63926e+07 8.61602e+07 3.92211e+07 1.75881e+07 4.35031e+07 1.54586e+07 9.54114e+06 5.54519e+06 4.92955e+06 3.16707e+06 2.08281e+06 1.82196e+06 1.14723e+06 1.09e+06 905306 787361 296015
threshold=3.0500000000000003 6340.2777777777783 40.000000000000007 1.0000000180025095e-35 0.68170440464120774 9101.8527777777799 4138.8888888888896 12027.777777777779 15.389000000000001 7.2712000000000012 173.50000000000003 188.00000000000003 13.950000000000001 7509.2583333333341 10087.963888888889 2.5000000000000004 21.350000000000005
decision_type=2 2 2 2 2 2 2 2 2 2 2 2 2 2 2 2 2
left_child=-1 2 -2 4 -4 10 9 11 12 -5 15 -7 -8 -12 -13 -3 -15
right_child=1 5 3 6 -6 7 8 -9 -10 -11 13 14 -14 16 -16 -17 -18
leaf_value=77.713610941231053 -65.401058554807946 15.456287185628515 34.112261353757326 -24.336407235597918 -35.766326274538876 31.514230909971435 -11.9175160568047 45.490783105894579 -30.799340067551384 -44.434416847457435 -6.5493323546546511 11.396451575472085 0.75424472600518666 7.5200699292940145 21.942992805591988 5.6949232707720618 0.49997846375272115
leaf_weight=30 45 40 50 33 40 32 44 30 30 50 41 36 30 30 48 43 30
leaf_count=30 45 40 50 33 40 32 44 30 30 50 41 36 30 30 48 43 30
internal_value=-0.164176 -3.75888 -22.1559 -15.1095 3.04983 14.1934 -23.8462 26.3365 -13.736 -36.4826 4.54907 21.3479 -6.78616 -0.27462 17.442 10.4122 4.01678
internal_weight=682 652 322 277 90 330 187 146 104 83 184 116 74 101 84 83 60
internal_count=682 652 322 277 90 330 187 146 104 83 184 116 74 101 84 83 60
is_linear=0
shrinkage=0.05


Tree=62
num_leaves=18
num_cat=0
split_feature=24 14 14 26 1 1 7 24 24 7 24 27 14 24 14 24 28
split_gain=6.06858e+07 3.18439e+07 5.80554e+07 2.21133e+07 5.95545e+07 3.70078e+07 3.15422e+07 1.37895e+07 8.07766e+06 6.60301e+06 3.7124e+06 3.29382e+06 1.60238e+06 1.51612e+06 719921 445238 192063
threshold=7268.5194444444451 40.000000000000007 75.500000000000014 8.5500000000000025 0.65000000000000013 0.15476190476190474 25.950000000000003 11268.519444444444 6030.5555555555557 25.750000000000004 9101.8527777777799 -0.42885619348140602 189.50000000000003 5346.666666666667 173.50000000000003 10087.963888888889 0.047319635496388741
decision_type=2 2 2 2 2 2 2 2 2 2 2 2 2 2 2 2 2
left_child=1 -1 -3 5 -5 6 -4 10 9 -7 14 -9 -12 -6 -2 -14 -16
right_child=7 2 3 4 13 8 -8 11 -10 -11 12 -13 15 -15 16 -17 -18
leaf_value=-48.67628229935066 10.455184227463889 47.953600366608271 54.076899036300155 -92.750404697557627 -17.091941499863406 -18.903564604526849 -12.830169295076269 27.074430396628141 -2.7205125637231462 -46.867789562951401 28.781369906960933 50.680182555822839 10.880643204185697 -2.3663261601455194 -0.051806203044073101 19.044235676653074 5.2252916911962624
leaf_weight=53 53 42 39 30 31 59 32 30 43 33 30 30 35 40 33 33 36
leaf_count=53 53 42 39 30 31 59 32 30 43 33 30 30 35 40 33 33 36
internal_value=-0.155724 -12.6022 -7.11152 -14.658 -33.8105 -5.25585 23.9459 17.712 -20.6202 -28.9743 11.9068 38.9421 19.1499 -8.81089 6.07771 14.8646 2.70497
internal_weight=682 402 349 307 101 206 71 280 135 92 220 60 98 71 122 68 69
internal_count=682 402 349 307 101 206 71 280 135 92 220 60 98 71 122 68 69
is_linear=0
shrinkage=0.05


Tree=63
num_leaves=18
num_cat=0
split_feature=0 24 28 24 2 24 26 20 26 24 24 27 27 0 24 24 28
split_gain=6.69973e+07 7.20319e+07 2.35396e+07 2.44046e+07 1.88006e+07 3.52983e+07 1.58965e+07 1.92073e+07 1.36002e+07 1.33171e+07 4.68003e+06 1.65115e+06 1.46765e+06 1.13334e+06 1.04329e+06 746039 320741
threshold=3.0500000000000003 6287.0361111111115 0.78298010367706283 1755.5555555555559 6.3500000000000005 1.0000000180025095e-35 5.0499999999999998 12.738000000000003 9.5500000000000025 9101.8527777777799 12027.777777777779 0.13301347478292308 -0.012910176522261644 126.35000000000001 7509.2583333333341 10125.000000000002 0.047319635496388741
decision_type=2 2 2 2 2 2 2 2 2 2 2 2 2 2 2 2 2
left_child=-1 2 4 -4 5 -2 -6 8 -8 11 12 14 15 -13 -3 -11 -16
right_child=1 9 3 -5 6 -7 7 -9 -10 10 -12 13 -14 -15 16 -17 -18
leaf_value=72.783894495156119 43.740835475649931 -6.0268721256235409 -78.639826846494117 -18.206812894446216 9.0375133501730875 -21.921447942213227 -0.68030865309056476 -56.403140417404337 -42.633347962676908 10.50106624468105 41.364817499559983 4.3389886367567962 28.512448624245991 16.03667464305229 0.30147072111295353 19.973981835432113 7.4893991294014484
leaf_weight=30 35 46 32 35 30 49 51 48 31 38 30 53 31 34 31 47 31
leaf_count=30 35 46 32 35 30 49 51 48 31 38 30 53 31 34 31 47 31
internal_value=-0.14785 -3.51426 -20.9131 -47.1446 -13.6938 5.45726 -23.7453 -31.3118 -16.5733 12.3554 23.7693 3.80173 19.187 8.92372 -0.328703 15.7564 3.90179
internal_weight=682 652 311 67 244 84 160 130 82 341 146 195 116 87 108 85 62
internal_count=682 652 311 67 244 84 160 130 82 341 146 195 116 87 108 85 62
is_linear=0
shrinkage=0.05


Tree=64
num_leaves=17
num_cat=0
split_feature=6 4 5 14 14 26 1 1 14 21 10 6 29 9 8 21
split_gain=2.46848e+07 2.52247e+07 1.62867e+07 1.14167e+07 4.08517e+07 1.59373e+07 5.39622e+07 4.06992e+07 8.18694e+06 5.27763e+06 2.75028e+06 3.18338e+06 2.72275e+06 3.12011e+06 1.78744e+06 1.13144e+06
threshold=4.3500000000000005 997.55000000000007 17.850000000000005 40.000000000000007 62.000000000000007 7.7500000000000009 0.45000000000000007 0.11250000000000002 17.000000000000004 0.71708912823730364 7.5000000000000009 2.9500000000000006 1.0000000180025095e-35 1.0000000180025095e-35 21.950000000000003 1.0445756539013356
decision_type=2 2 2 2 2 2 2 2 2 2 2 2 2 2 2 2
left_child=1 -1 9 8 -5 7 -7 -6 -3 -2 11 -8 14 -14 -9 -12
right_child=2 3 -4 4 5 6 10 12 -10 -11 15 -13 13 -15 -16 -17
leaf_value=43.357992620793539 3.2240193626764793 0.80243522606022732 -53.112352233234041 60.318825441975143 56.459190196440289 -68.392592494077192 2.3453179529268446 -1.4999306303196589 -34.766683457447932 -22.297192510006834 2.4611033138664093 -17.562639222620476 14.142197229997519 -4.0143582133208815 -16.314555678890393 13.596259635765094
leaf_weight=38 39 30 30 30 38 33 51 63 35 42 57 33 51 44 30 38
leaf_count=38 39 30 30 30 38 33 51 63 35 42 57 33 51 44 30 38
internal_value=-0.140239 4.05476 -21.7042 1.24503 3.97326 0.101081 -9.74406 9.3366 -18.3741 -10.0203 1.10036 -5.48719 -0.213108 5.73741 -6.29129 6.92483
internal_weight=682 571 111 533 468 438 212 226 65 81 179 84 188 95 93 95
internal_count=682 571 111 533 468 438 212 226 65 81 179 84 188 95 93 95
is_linear=0
shrinkage=0.05


Tree=65
num_leaves=18
num_cat=0
split_feature=0 24 6 1 4 0 1 24 24 14 0 24 14 20 24 0 4
split_gain=4.14544e+07 2.70514e+07 3.40971e+07 8.75529e+07 1.25663e+08 2.7954e+07 5.13036e+07 9.27409e+06 9.13436e+06 4.20593e+06 3.07594e+06 1.32173e+06 1.22635e+06 1.39085e+06 898441 292791 248329
threshold=4.6500000000000012 6375.186111111112 2.7500000000000004 0.11250000000000002 1004.5500000000001 102.15000000000002 0.29166666666666669 10625.000000000002 3535.7142857142862 146.50000000000003 68.500000000000014 9527.7777777777792 153.50000000000003 5.1213500000000005 7736.1111111111122 196.50000000000003 1009.2500000000001
decision_type=2 2 2 2 2 2 2 2 2 2 2 2 2 2 2 2 2
left_child=-1 2 5 4 -4 6 -2 11 -5 -10 -9 12 13 -3 15 -14 -16
right_child=1 7 3 8 -6 -7 -8 10 9 -11 -12 -13 14 -15 16 -17 -18
leaf_value=50.504299469167144 -101.32902143231263 1.0591056816601674 124.85596126163519 -38.259100405504647 -14.437986138063957 -5.965192228941909 -10.357587826809036 35.65690252148886 -1.2676397234517804 -24.973319802483559 15.343821978826085 12.816901668900599 -6.6925250033473667 15.151917266619177 2.1399108705497976 0.23012638472243402 7.7611380896157005
leaf_weight=44 30 30 30 49 35 57 32 38 47 31 37 53 31 42 42 30 37
leaf_count=44 30 30 30 49 35 57 32 38 47 31 37 53 31 42 42 30 37
internal_value=3.59027 0.412152 -10.2431 2.79268 49.9445 -31.2603 -54.4684 10.1587 -21.3604 -10.7091 25.6696 5.76081 3.99155 9.28959 1.26212 -3.29306 4.77918
internal_weight=695 651 311 192 65 119 62 340 127 78 75 265 212 72 140 61 79
internal_count=695 651 311 192 65 119 62 340 127 78 75 265 212 72 140 61 79
is_linear=0
shrinkage=0.05


Tree=66
num_leaves=19
num_cat=0
split_feature=24 6 1 14 1 20 24 24 24 14 6 24 21 4 24 24 4 24
split_gain=3.53064e+07 2.07057e+07 8.96608e+07 6.26102e+07 4.17563e+07 2.70219e+07 1.64687e+07 1.30603e+07 4.97481e+06 3.13726e+06 1.85067e+06 2.46399e+06 1.51872e+06 1.51044e+06 1.04552e+06 791016 579808 329881
threshold=9037.0361111111124 2.6500000000000008 0.11250000000000002 155.50000000000003 0.65000000000000013 14.78655 3535.7142857142862 12231.480555555558 6675.9250000000011 172.00000000000003 2.1500000000000008 6530.5555555555557 0.87481579722959057 1003.85 10826.388888888891 5078.7027777777785 1012.6000000000001 9729.1666666666697
decision_type=2 2 2 2 2 2 2 2 2 2 2 2 2 2 2 2 2 2
left_child=1 4 3 -3 5 -1 -4 13 9 15 12 -12 -6 -2 17 -8 -10 -15
right_child=7 2 6 -5 10 -7 8 -9 16 -11 11 -13 -14 14 -16 -17 -18 -19
leaf_value=-16.233031222828203 26.469360444170107 15.493240735584266 -34.052646303263423 106.23684062896433 14.339190356992802 -82.813618629921677 -10.018000710270485 52.745295494545694 7.8832168150674269 -22.570189327435354 -15.186475045380355 3.5606168530324163 -1.5525379345662571 6.4036614576447448 21.219067585648368 0.92328078921589329 0.14447184044079189 13.338699548377898
leaf_weight=30 31 49 55 31 30 31 32 31 59 37 34 36 30 30 33 34 41 41
leaf_count=30 31 49 55 31 30 31 32 31 59 37 34 36 30 30 33 34 41 41
internal_value=3.41121 -2.90263 4.5335 50.7452 -16.0574 -50.1493 -9.80979 23.5215 -3.22798 -10.9355 -0.0341068 -5.55372 6.40388 16.7767 13.8649 -4.38864 4.7137 10.4216
internal_weight=695 529 338 80 191 61 258 166 203 103 130 70 60 135 104 66 100 71
internal_count=695 529 338 80 191 61 258 166 203 103 130 70 60 135 104 66 100 71
is_linear=0
shrinkage=0.05


Tree=67
num_leaves=18
num_cat=0
split_feature=0 24 0 21 1 4 2 3 24 0 24 24 14 29 24 0 0
split_gain=3.7185e+07 2.2361e+07 3.08636e+07 3.28957e+07 8.67265e+07 1.66469e+07 2.42171e+07 1.63289e+07 7.29643e+06 2.67087e+06 2.4491e+06 1.0643e+06 1.45984e+06 1.12239e+06 326329 323602 317415
threshold=4.6500000000000012 6375.186111111112 11.050000000000002 0.72294813055037055 0.18333333333333332 1017.0500000000001 15.597000000000003 60.70000000000001 10625.000000000002 68.500000000000014 4481.4805555555567 8351.8527777777799 163.50000000000003 1.0000000180025095e-35 9699.0750000000007 75.500000000000014 196.50000000000003
decision_type=2 2 2 2 2 2 2 2 2 2 2 2 2 2 2 2 2
left_child=-1 2 -2 4 -4 6 -5 -8 11 -10 -6 12 13 -3 15 -13 -14
right_child=1 8 3 5 10 -7 7 -9 9 -11 -12 14 16 -15 -16 -17 -18
leaf_value=47.673865723123356 -55.097344986837804 1.4608968221467991 62.715354530207549 -62.044450521340593 -29.061300317008353 13.089245891887879 15.994228271788536 -30.438563304777951 32.155193519592288 13.233834709311431 -11.074332538739903 2.8309794698442734 -4.3027959923068435 15.022151043790712 12.531484157334813 9.5160301806352656 1.709361402915262
leaf_weight=44 33 30 54 37 38 30 30 51 38 37 38 30 50 31 39 46 39
leaf_count=44 33 30 54 37 38 30 30 51 38 37 38 30 50 31 39 46 39
internal_value=3.24127 0.231274 -9.45626 -4.02055 14.3253 -20.134 -28.5845 -13.2427 9.0927 22.8508 -20.0943 5.19174 2.41461 8.36607 8.8088 6.88445 -1.66924
internal_weight=695 651 311 278 130 148 118 81 340 75 76 265 150 61 115 76 89
internal_count=695 651 311 278 130 148 118 81 340 75 76 265 150 61 115 76 89
is_linear=0
shrinkage=0.05


Tree=68
num_leaves=18
num_cat=0
split_feature=0 24 6 1 4 3 26 24 24 27 0 3 24 22 9 24 0
split_gain=3.35677e+07 2.01872e+07 2.85868e+07 6.80018e+07 1.0597e+08 2.47004e+07 1.85239e+07 7.28276e+06 6.58682e+06 5.30203e+06 2.42078e+06 2.37873e+06 960728 1.26408e+06 295418 294597 292101
threshold=4.6500000000000012 6375.186111111112 2.7500000000000004 0.11250000000000002 1004.5500000000001 80.350000000000009 8.0500000000000025 2291.6666666666674 10625.000000000002 -0.16703770319492153 65.65000000000002 67.950000000000017 8351.8527777777799 0.25000000000000011 1.0000000180025095e-35 9699.0750000000007 75.500000000000014
decision_type=2 2 2 2 2 2 2 2 2 2 2 2 2 2 2 2 2
left_child=-1 2 5 4 -4 6 -2 -5 12 -9 -10 -11 13 14 -3 16 -14
right_child=1 8 3 7 -6 -7 -8 9 10 11 -12 -13 15 -15 -16 -17 -18
leaf_value=45.295577369741842 13.720037353887856 1.2694240387707891 113.29779378187617 -39.829253894387691 -14.613640481454354 -65.721932831434444 -33.282133007598702 -29.086319474128398 31.055005116343832 6.3256041258477707 13.028772444859184 -12.543251582327972 2.6899006745347949 8.2339893776252726 -4.3630138676976369 11.906512336535831 9.041260806857375
leaf_weight=44 35 52 30 30 35 32 52 30 36 31 39 36 30 56 42 39 46
leaf_count=44 35 52 30 30 35 32 52 30 36 31 39 36 30 56 42 39 46
internal_value=3.07946 0.219621 -8.98499 2.95089 44.5057 -28.2292 -14.3791 -18.3356 8.63931 -11.6538 21.7113 -3.81639 4.93289 2.29434 -1.24911 8.36944 6.54104
internal_weight=695 651 311 192 65 119 87 127 340 97 75 67 265 150 94 115 76
internal_count=695 651 311 192 65 119 87 127 340 97 75 67 265 150 94 115 76
is_linear=0
shrinkage=0.05


Tree=69
num_leaves=18
num_cat=0
split_feature=0 24 0 21 1 4 2 3 24 24 0 24 14 11 9 24 0
split_gain=3.0302e+07 1.82234e+07 2.71766e+07 2.8513e+07 7.32762e+07 1.55538e+07 2.3078e+07 1.49554e+07 5.94639e+06 2.3316e+06 2.18816e+06 867315 1.20006e+06 839401 292414 265951 263667
threshold=4.6500000000000012 6375.186111111112 11.050000000000002 0.72636700158646239 0.18333333333333332 1017.0500000000001 15.597000000000003 60.70000000000001 10625.000000000002 4481.4805555555567 68.500000000000014 8351.8527777777799 163.50000000000003 2.5000000000000004 1.0000000180025095e-35 9699.0750000000007 75.500000000000014
decision_type=2 2 2 2 2 2 2 2 2 2 2 2 2 2 2 2 2
left_child=-1 2 -2 4 -4 6 -5 -8 11 -6 -10 12 13 -3 -14 16 -13
right_child=1 8 3 5 9 -7 7 -9 10 -11 -12 15 14 -15 -16 -17 -18
leaf_value=43.035932863542556 -51.364956504844827 13.523753702284091 58.117516570875694 -60.140113458607004 -26.452740554609324 13.400387772531605 15.916948198717694 -28.683186788425715 29.050291524972195 -9.1338102269351022 11.924243719301455 2.5558526070807073 1.0662744095272056 1.7945962952431953 -4.689487381944633 11.312709436880048 8.590178434243688
leaf_weight=44 33 30 54 36 38 30 30 50 38 40 37 30 49 31 40 39 46
leaf_count=44 33 30 54 36 38 30 30 50 38 40 37 30 49 31 40 39 46
internal_value=2.9259 0.208727 -8.53673 -3.43614 13.3992 -18.6559 -26.9508 -11.9591 8.20842 -17.5944 20.6286 4.68679 2.1798 7.57581 -1.52289 7.952 6.21476
internal_weight=695 651 311 278 132 146 116 80 340 78 75 265 150 61 89 115 76
internal_count=695 651 311 278 132 146 116 80 340 78 75 265 150 61 89 115 76
is_linear=0
shrinkage=0.05


Tree=70
num_leaves=19
num_cat=0
split_feature=24 5 14 1 20 24 0 14 20 24 4 24 10 27 0 29 8 6
split_gain=3.98498e+07 2.75407e+07 4.90627e+07 5.4622e+07 4.76393e+07 1.07274e+07 1.02667e+07 3.22791e+06 2.60751e+06 2.52754e+06 1.7504e+06 1.31785e+06 1.15189e+06 749439 286124 261743 164937 143371
threshold=4754.6305555555564 20.725000000000005 40.000000000000007 0.11250000000000002 19.588200000000004 9069.4444444444471 12.450000000000001 52.000000000000007 7.6016000000000004 6738.4250000000011 1004.9500000000002 11287.036111111114 7.5000000000000009 -0.15005400879207767 124.45 1.0000000180025095e-35 18.150000000000002 2.9500000000000006
decision_type=2 2 2 2 2 2 2 2 2 2 2 2 2 2 2 2 2 2
left_child=1 2 -1 -4 -3 7 -7 -2 -5 12 -8 14 15 16 -12 -9 -11 -15
right_child=5 4 3 8 -6 6 10 9 -10 13 11 -13 -14 17 -16 -17 -18 -19
leaf_value=-55.204128015244386 14.133563814410621 -92.897850477655865 45.619507017858375 -12.804689675816073 -10.853256762608574 42.671455038583957 1.2712039874294612 0.19347745797258484 -32.240139223650054 1.507869117585801 6.5647840594948264 22.63864464997453 -13.616118578125318 4.5844252266552514 13.099047704944979 -5.8909426940908682 -3.1184377092609235 9.384505697500666
leaf_weight=41 37 30 54 41 43 30 38 31 30 46 32 30 43 33 36 41 33 30
leaf_count=41 37 30 54 41 43 30 38 31 30 46 32 30 43 33 36 41 33 30
internal_value=-2.52006 -19.0782 -7.81204 7.76422 -44.6512 6.08523 16.2426 0.346533 -21.0507 -1.64308 10.3856 13.9148 -7.14992 2.81855 10.0383 -3.27456 -0.426075 6.88151
internal_weight=699 239 166 125 73 460 166 294 71 257 136 98 115 142 68 72 79 63
internal_count=699 239 166 125 73 460 166 294 71 257 136 98 115 142 68 72 79 63
is_linear=0
shrinkage=0.05


Tree=71
num_leaves=18
num_cat=0
split_feature=24 7 14 24 21 7 24 0 24 14 4 24 24 23 14 24 21
split_gain=3.59916e+07 4.16374e+07 4.26313e+07 5.15972e+07 9.79398e+07 2.04199e+07 8.16978e+06 9.26899e+06 3.81886e+06 1.87248e+06 1.58026e+06 1.50461e+06 1.18981e+06 1.13599e+06 565169 262981 186539
threshold=5509.2583333333341 25.950000000000003 40.000000000000007 1.0000000180025095e-35 0.74898373983739841 28.400000000000002 9069.4444444444471 12.450000000000001 3907.4083333333338 48.000000000000007 1004.9500000000002 6986.1111111111122 11287.036111111114 -0.68301270189221952 173.50000000000003 10062.500000000002 0.70575559192580484
decision_type=2 2 2 2 2 2 2 2 2 2 2 2 2 2 2 2 2
left_child=1 2 -1 4 -4 -3 9 -8 -5 -2 -9 13 15 -11 -13 -12 -16
right_child=6 5 3 8 -6 -7 7 10 -10 11 12 14 -14 -15 16 -17 -18
leaf_value=-49.269982325409011 12.908639274799942 -80.523569129134302 106.80197432255032 -23.483600240894521 -20.796396842272177 -24.741223942724051 40.544970728471831 1.2078104847059477 -4.5206090470681124 1.7764029409086277 6.3042887026449703 7.6953256618408936 21.510473400096956 -9.5226776131254063 -2.3574944698542262 12.55986601321446 2.4554812894158733
leaf_weight=44 30 31 30 58 30 35 30 38 49 36 33 44 30 58 31 35 57
leaf_count=44 30 31 30 58 30 35 30 38 49 36 33 44 30 58 31 35 57
internal_value=-2.39452 -16.3952 -5.54433 5.99877 43.0743 -51.0243 6.79721 15.4331 -14.812 1.19355 9.8679 -0.366544 13.2212 -5.19803 3.07535 9.53786 0.759193
internal_weight=699 277 211 167 60 66 422 166 107 256 136 226 98 94 132 68 88
internal_count=699 277 211 167 60 66 422 166 107 256 136 226 98 94 132 68 88
is_linear=0
shrinkage=0.05


Tree=72
num_leaves=18
num_cat=0
split_feature=24 7 8 0 0 0 24 0 14 24 9 10 24 27 29 3 2
split_gain=3.26913e+07 3.83301e+07 4.98587e+07 4.26344e+07 3.92212e+07 3.35842e+07 8.69476e+06 8.36825e+06 2.77126e+06 2.08239e+06 1.1154e+06 992234 914732 626128 228588 150025 36210.3
threshold=4754.6305555555564 24.950000000000003 13.550000000000002 28.950000000000003 30.000000000000004 115.75000000000001 9069.4444444444471 12.450000000000001 52.000000000000007 6738.4250000000011 0.35000000000000003 7.5000000000000009 10430.555555555557 -0.15005400879207767 1.0000000180025095e-35 75.050000000000011 15.597000000000003
decision_type=2 2 2 2 2 2 2 2 2 2 2 2 2 2 2 2 2
left_child=1 2 4 -3 -1 -6 8 -8 -2 11 12 14 -9 15 -10 -11 -15
right_child=6 3 -4 -5 5 -7 7 10 9 13 -12 -13 -14 16 -16 -17 -18
leaf_value=18.10966326517158 13.127472027806901 -93.162667652142801 47.919273892135834 -15.15122726512918 -72.787390324038924 -9.4138027478744615 38.524456553918583 7.3962333665276958 0.34782400989839118 1.297700388999675 3.4279751882581659 -12.49038488118112 17.745941209052987 7.5051555253493438 -5.3376950265137237 -3.1855972290831152 5.0590214364810899
leaf_weight=47 37 30 36 42 39 45 30 41 31 49 50 43 45 31 41 30 32
leaf_count=47 37 30 36 42 39 45 30 41 31 49 50 43 45 31 41 30 32
internal_value=-2.2748 -17.2721 -4.11546 -47.7402 -18.4408 -38.8889 5.51934 14.6639 0.352847 -1.49067 9.37604 -6.48912 12.8262 2.55905 -2.89261 -0.406629 6.27274
internal_weight=699 239 167 72 131 84 460 166 294 257 136 115 86 142 72 79 63
internal_count=699 239 167 72 131 84 460 166 294 257 136 115 86 142 72 79 63
is_linear=0
shrinkage=0.05


Tree=73
num_leaves=19
num_cat=0
split_feature=24 7 8 0 0 0 24 0 14 24 4 24 14 15 3 0 6 3
split_gain=2.95132e+07 3.46047e+07 4.50105e+07 3.84917e+07 3.5406e+07 3.03181e+07 7.84924e+06 7.55526e+06 2.50175e+06 1.87985e+06 1.38444e+06 1.03254e+06 906728 546283 281179 259237 207633 207825
threshold=4754.6305555555564 24.950000000000003 13.550000000000002 28.950000000000003 30.000000000000004 115.75000000000001 9069.4444444444471 12.450000000000001 52.000000000000007 6738.4250000000011 1004.9500000000002 11287.036111111114 180.00000000000003 1.0000000180025095e-35 71.000000000000014 124.45 3.5500000000000003 75.050000000000011
decision_type=2 2 2 2 2 2 2 2 2 2 2 2 2 2 2 2 2 2
left_child=1 2 4 -3 -1 -6 8 -8 -2 12 -9 15 14 16 -10 -12 17 -11
right_child=6 3 -4 -5 5 -7 7 10 9 13 11 -13 -14 -15 -16 -17 -18 -19
leaf_value=17.206102248108817 12.472867112146876 -88.520012013381503 45.529946543041035 -14.395465631552945 -69.15733037933974 -8.9441559895179221 36.60463401312844 0.80343831230023399 -5.7158235917851776 1.4349366737310745 5.3156907705503089 19.768229719649913 -11.132475777288239 7.9487530197915435 0.91717774483465375 11.527277713205015 4.0607396373867619 -3.8781581328804471
leaf_weight=47 37 30 36 42 39 45 30 38 30 45 32 30 51 34 34 36 32 31
leaf_count=47 37 30 36 42 39 45 30 38 30 45 32 30 51 34 34 36 32 31
internal_value=-2.16143 -16.4111 -3.91017 -45.3607 -17.5212 -36.9493 5.24417 13.9327 0.335313 -1.41627 8.90829 12.0469 -6.16542 2.43147 -2.19603 8.61635 0.688757 -0.734429
internal_weight=699 239 167 72 131 84 460 166 294 257 136 98 115 142 64 68 108 76
internal_count=699 239 167 72 131 84 460 166 294 257 136 98 115 142 64 68 108 76
is_linear=0
shrinkage=0.05


Tree=74
num_leaves=17
num_cat=0
split_feature=1 7 28 21 0 1 22 0 6 6 6 6 28 3 14 14
split_gain=1.28217e+07 3.42485e+07 6.84209e+07 7.79058e+07 3.03556e+07 9.61412e+06 1.092e+06 1.78278e+06 940789 1.01947e+06 930286 893802 927781 751205 528950 482287
threshold=0.65000000000000013 24.950000000000003 0.78298010367706283 0.73365472005487453 28.050000000000004 0.90000000000000013 0.68301270189221941 28.650000000000002 3.1500000000000008 2.6500000000000008 3.2500000000000004 4.5500000000000007 0.47493347945961001 80.450000000000017 229.00000000000003 197.50000000000003
decision_type=2 2 2 2 2 2 2 2 2 2 2 2 2 2 2 2
left_child=1 2 3 -1 -3 6 7 -2 9 13 -8 12 -10 14 -9 -11
right_child=5 4 -4 -5 -6 -7 10 8 11 15 -12 -13 -14 -15 -16 -17
leaf_value=90.686254542538975 10.792060754581284 -78.381399918829132 -54.825065330885721 -14.789169585496706 -8.9830989754459942 27.044472195008542 0.3390029043245224 5.7529946418805311 2.4823810255916472 -11.845462534531137 -8.9436973185887734 -2.110931627714963 13.518876700543883 -6.2896033133112121 -0.9271360134936304 -2.9462321769359505
leaf_weight=31 43 31 34 40 32 35 52 53 52 31 56 47 30 35 67 30
leaf_count=31 43 31 34 40 32 35 52 53 52 31 56 47 30 35 67 30
internal_value=-2.05363 -14.0884 3.40392 31.3262 -43.2016 1.75593 -0.0336294 1.20429 0.00649956 -2.011 -4.47802 3.38362 6.53173 0.145056 2.02555 -7.48086
internal_weight=699 168 105 71 63 531 496 388 345 216 108 129 82 155 120 61
internal_count=699 168 105 71 63 531 496 388 345 216 108 129 82 155 120 61
is_linear=0
shrinkage=0.05


Tree=75
num_leaves=18
num_cat=0
split_feature=24 2 24 3 1 27 24 24 20 24 8 20 27 7 24 3 8
split_gain=1.8801e+07 1.66756e+07 4.82838e+07 4.64121e+07 3.7355e+07 2.19062e+07 5.35709e+06 4.82568e+06 3.21224e+06 3.73118e+06 2.53574e+06 2.20507e+06 1.35408e+06 967458 633822 515985 349873
threshold=9527.7777777777792 9.1500000000000004 1394.4444444444446 67.850000000000009 0.15476190476190474 0.14153898451656996 6030.5555555555557 12231.480555555558 6.4490000000000007 5509.2583333333341 4.8500000000000005 5.1213500000000005 0.18398301698752706 10.15 6986.1111111111122 70.40000000000002 19.250000000000004
decision_type=2 2 2 2 2 2 2 2 2 2 2 2 2 2 2 2 2
left_child=1 4 3 -3 5 -1 10 15 13 12 -6 -8 -10 -4 -11 -2 -16
right_child=7 2 8 -5 6 -7 11 -9 9 14 -12 -13 -14 -15 16 -17 -18
leaf_value=9.2283386990955005 13.961759631087867 -84.248734441362402 1.3976347652922538 -2.0152372037057464 -5.9254639038672812 69.146862179575564 -6.811725627866565 32.485039497684468 -23.346966237166395 -5.3396053369264544 -23.715994222300829 10.350969639680629 -8.2935302525263683 13.786256044087303 4.5289931000766037 6.9573496713395988 -1.8402511072280767
leaf_weight=31 51 40 32 30 35 30 35 32 30 51 47 40 30 31 48 55 39
leaf_count=31 51 40 32 30 35 30 35 32 30 51 47 40 30 31 48 55 39
internal_value=-0.99824 -5.14564 -12.2162 -49.059 5.59052 38.7615 -7.314 15.4929 -2.3199 -5.44852 -16.139 2.34324 -15.8467 7.50589 -0.919356 10.3374 1.67492
internal_weight=687 549 331 70 218 61 157 138 261 198 82 75 60 63 138 106 87
internal_count=687 549 331 70 218 61 157 138 261 198 82 75 60 63 138 106 87
is_linear=0
shrinkage=0.05


Tree=76
num_leaves=17
num_cat=0
split_feature=0 0 21 1 1 8 0 20 27 14 27 0 27 27 0 0
split_gain=1.28231e+07 3.38821e+07 1.92192e+07 7.03787e+07 4.0527e+07 1.92991e+06 2.28504e+06 1.8335e+06 1.29148e+06 1.59866e+06 1.23119e+06 2.4982e+06 1.1632e+06 477581 347006 326359
threshold=3.4000000000000008 10.850000000000003 0.72294813055037055 0.18333333333333332 0.22500000000000003 21.950000000000003 266.70000000000005 1.6388499999999999 0.28433548840379819 321.00000000000006 -0.04732095011389225 42.600000000000009 0.45972848220565493 -0.88599677521654208 68.500000000000014 67.300000000000011
decision_type=2 2 2 2 2 2 2 2 2 2 2 2 2 2 2 2
left_child=-1 -2 3 -3 -4 6 8 -6 9 -5 11 -9 -12 -13 -14 -10
right_child=1 2 4 5 7 -7 -8 10 15 -11 12 13 14 -15 -16 -17
leaf_value=30.422974623897836 -41.122656324683135 63.116654004702866 -46.595257375156592 14.197860402222767 11.823983068258221 -12.351463154610505 -10.834070391139825 14.452478497050633 -5.6215387414856215 -0.90388022411701285 -13.073831223061612 -5.3276450273467271 -5.5857373617519848 1.2327392999242979 1.2167479452959979 1.4756498963744553
leaf_weight=31 52 52 54 42 32 36 36 32 30 30 31 45 32 72 45 35
leaf_count=31 52 52 54 42 32 36 36 32 30 30 31 45 32 72 45 35
internal_value=-0.948325 -2.43523 0.901724 11.124 -6.87771 -1.83593 0.358118 0.557091 3.30492 7.91287 -0.849824 2.0961 -4.91233 -1.29284 -1.61377 -1.8035
internal_weight=687 656 604 261 343 209 173 289 137 72 257 149 108 117 77 65
internal_count=687 656 604 261 343 209 173 289 137 72 257 149 108 117 77 65
is_linear=0
shrinkage=0.05


Tree=77
num_leaves=16
num_cat=0
split_feature=24 25 0 0 21 1 24 8 24 24 24 14 3 2 29
split_gain=1.64739e+07 1.49238e+07 4.92439e+07 2.68246e+07 1.96406e+07 5.41073e+07 3.27014e+07 1.06547e+07 6.33987e+06 4.13877e+06 2.16515e+06 753307 476073 396010 274209
threshold=9472.2222222222244 7.5648750000000007 11.450000000000001 30.000000000000004 0.66641489361702144 0.18333333333333332 1633.3333333333337 1.1500000000000001 5258.8888888888896 12231.480555555558 5346.666666666667 192.00000000000003 70.40000000000002 22.350000000000005 1.0000000180025095e-35
decision_type=2 2 2 2 2 2 2 2 2 2 2 2 2 2 2
left_child=1 3 -3 -1 5 -4 -6 -5 -7 12 -8 -10 -2 14 -12
right_child=9 2 4 7 6 8 10 -9 11 -11 13 -13 -14 -15 -16
leaf_value=51.723394762083551 13.196330041941364 -54.684113365583372 57.72199533791229 11.248315338425908 -51.955810499757604 -23.413573896681889 -12.09617992005863 -24.841258532787702 7.368842703797096 30.11623631890318 -0.82642412904009588 -3.2145589657655855 6.5537732093962049 -4.7860657151489017 4.3081877746981769
leaf_weight=30 51 52 44 51 42 41 49 34 30 32 54 38 58 31 50
leaf_count=30 51 52 44 51 42 41 49 34 30 32 54 38 58 31 50
internal_value=-0.900934 -4.8359 -9.1057 11.1605 -2.83941 10.99 -12.2025 -3.19968 -7.9099 14.3292 -3.10507 1.45848 9.67105 0.164871 1.64386
internal_weight=687 546 431 115 379 153 226 85 109 141 184 68 109 135 104
internal_count=687 546 431 115 379 153 226 85 109 141 184 68 109 135 104
is_linear=0
shrinkage=0.05


Tree=78
num_leaves=18
num_cat=0
split_feature=9 1 23 1 1 23 3 9 27 14 14 20 3 7 7 28 3
split_gain=1.00534e+07 2.32363e+07 1.95944e+07 5.35817e+07 1.77269e+07 1.85546e+06 2.19847e+06 1.74494e+06 1.70842e+06 1.41172e+06 1.27644e+06 919600 2.83187e+06 1.36685e+06 739483 806252 394876
threshold=0.35000000000000003 0.15476190476190474 -0.24999999999999994 0.45000000000000007 0.15476190476190474 0.25000000000000017 79.700000000000003 1.5500000000000003 0.26781182513105634 192.00000000000003 50.000000000000007 8.1671750000000021 62.550000000000004 13.050000000000002 20.950000000000003 -0.94128245028753155 70.40000000000002
decision_type=2 2 2 2 2 2 2 2 2 2 2 2 2 2 2 2 2
left_child=2 -2 3 -1 -4 6 -3 -7 11 -8 -10 13 -13 -6 -5 -16 -17
right_child=1 5 4 14 8 7 9 -9 10 -11 -12 12 -14 -15 15 16 -18
leaf_value=-60.056936700824522 42.920473482175865 -13.66931506920389 36.536508786236801 -7.466611840563556 0.34011469354288276 -0.83065912589824087 7.1588181165610854 15.421211350224098 -13.952456437258583 -6.3887139889501752 -1.6911411495069952 -14.018363338421395 5.4233720964686887 13.545009809904926 -5.1132802389863876 0.6948760999573601 8.2025832917955182
leaf_weight=53 39 36 35 30 53 34 44 32 38 34 48 31 47 31 32 35 35
leaf_count=53 39 36 35 30 53 34 44 32 38 34 48 31 47 31 32 35 35
internal_value=-0.85584 7.98388 -4.99321 -17.6424 3.27898 0.394624 -3.46725 7.06037 -1.42744 1.2528 -7.1189 1.59645 -2.31146 5.22372 -0.579678 1.45117 4.45515
internal_weight=687 219 468 185 283 180 114 66 248 78 86 162 78 84 132 102 70
internal_count=687 219 468 185 283 180 114 66 248 78 86 162 78 84 132 102 70
is_linear=0
shrinkage=0.05


Tree=79
num_leaves=15
num_cat=0
split_feature=24 25 3 24 22 3 6 28 4 9 5 24 24 3
split_gain=1.46699e+07 1.29873e+07 1.87934e+07 1.95804e+07 1.77835e+07 1.43878e+07 1.1045e+07 1.06275e+07 9.86042e+06 4.52243e+07 8.78315e+06 1.57053e+07 3.69473e+06 418488
threshold=9472.2222222222244 7.5648750000000007 51.050000000000004 3689.3527777777781 0.68301270189221941 46.95000000000001 5.5500000000000007 -0.92910699518418138 1004.85 0.8500000000000002 9.9500000000000011 1932.2222222222224 12120.369444444446 70.40000000000002
decision_type=2 2 2 2 2 2 2 2 2 2 2 2 2 2
left_child=1 4 3 -3 5 -1 7 -4 9 -9 -10 -12 13 -2
right_child=12 2 6 -5 -6 -7 -8 8 10 -11 11 -13 -14 -15
leaf_value=-27.239437912076802 12.244829864387949 -62.000506990438879 18.272619256752741 -5.3619534666752102 40.067515270526599 15.598740301421822 -32.294442404690564 -52.945978967518982 -23.097580667137198 21.796143262868441 37.797099735095259 -2.0891307509006332 27.363593471875813 5.8908103399852942
leaf_weight=34 48 31 56 30 35 46 32 46 33 36 30 137 36 57
leaf_count=34 48 31 56 30 35 46 32 46 33 36 30 137 36 57
internal_value=-0.812997 -4.52626 -8.5094 -34.1999 10.3962 -2.6187 -4.26583 -1.60345 -5.55557 -20.1457 0.433448 5.09436 13.559 8.80444
internal_weight=687 546 431 61 115 80 370 338 282 82 200 167 141 105
internal_count=687 546 431 61 115 80 370 338 282 82 200 167 141 105
is_linear=0
shrinkage=0.05


Tree=80
num_leaves=17
num_cat=0
split_feature=1 24 28 5 0 0 1 0 21 24 24 8 8 0 8 0
split_gain=2.03295e+07 1.47173e+07 2.09207e+07 2.89857e+07 7.37643e+07 1.82006e+07 7.51562e+07 1.88755e+07 1.76518e+07 5.50263e+06 1.55319e+06 893554 638303 393670 383426 356398
threshold=0.90000000000000013 6675.9250000000011 -0.94695267581281539 20.725000000000005 44.100000000000009 42.600000000000009 0.18333333333333332 112.15000000000002 0.74898373983739841 12402.777777777779 10062.500000000002 5.3500000000000005 17.450000000000003 147.10000000000002 10.65 204.40000000000001
decision_type=2 2 2 2 2 2 2 2 2 2 2 2 2 2 2 2
left_child=1 2 -1 5 -5 6 -4 -7 -9 10 11 -3 14 -12 -13 -14
right_child=-2 9 3 4 -6 7 -8 8 -10 -11 13 12 15 -15 -16 -17
leaf_value=25.303255367047015 38.50944335355787 -3.3411172485286658 77.126517879448073 -97.46713920329546 12.389738634812872 -37.903994798785547 -21.775730794342678 20.594261802995536 -20.437950064405776 26.966429507851206 7.50613398921264 3.7203402665747469 -2.0498534885934152 14.44050544429791 10.881908602476745 5.0076529835545749
leaf_weight=41 34 55 30 31 30 57 53 47 59 30 58 37 44 32 38 30
leaf_count=41 34 55 30 31 30 57 53 47 59 30 58 37 44 32 38 30
internal_value=0.846994 -1.06399 -8.20259 -12.6841 -43.5072 -5.02639 14.0218 -14.7285 -2.24211 6.60356 4.51723 2.10123 4.11108 9.98503 7.35859 0.814127
internal_weight=706 672 348 307 61 246 83 163 106 324 294 204 149 90 75 74
internal_count=706 672 348 307 61 246 83 163 106 324 294 204 149 90 75 74
is_linear=0
shrinkage=0.05


Tree=81
num_leaves=13
num_cat=0
split_feature=4 6 23 4 28 24 6 24 24 6 24 30
split_gain=1.58805e+07 1.48529e+07 1.31626e+07 2.46591e+07 1.02903e+07 1.30251e+07 3.2963e+07 9.63146e+06 2.86155e+06 2.30382e+06 1.10292e+06 536718
threshold=996.50000000000011 1.8500000000000003 -0.9330127018922193 998.95000000000016 0.2843486543654084 4481.4805555555567 2.9500000000000006 1633.3333333333337 10625.000000000002 2.2500000000000004 6675.9250000000011 -0.56174490092936669
decision_type=2 2 2 2 2 2 2 2 2 2 2 2
left_child=-1 -2 -3 -4 5 6 -5 -6 9 -9 -7 -12
right_child=1 2 3 4 7 10 -8 8 -10 -11 11 -13
leaf_value=30.967034693065933 -27.237851932044038 24.161939853355424 -43.102771970116486 -58.789504741875191 34.186587667019573 -3.3245123807801011 3.4447612034415145 15.051303303360541 17.583275614273195 -0.049354604412081289 9.7388998943671314 2.674969351843417
leaf_weight=41 50 56 33 35 32 59 54 30 37 157 40 82
leaf_count=41 50 56 33 35 32 59 54 30 37 157 40 82
internal_value=0.805067 -1.05891 1.07353 -1.24334 1.39051 -5.41827 -21.0678 8.57097 4.89795 2.37993 2.28419 4.99713
internal_weight=706 665 615 559 526 270 89 256 224 187 181 122
internal_count=706 665 615 559 526 270 89 256 224 187 181 122
is_linear=0
shrinkage=0.05


Tree=82
num_leaves=18
num_cat=0
split_feature=1 24 28 7 0 0 27 24 24 24 24 8 8 0 0 8 24
split_gain=1.79025e+07 1.25552e+07 1.82731e+07 2.54739e+07 7.48959e+07 1.5181e+07 1.51412e+07 2.09873e+07 4.82994e+06 1.28422e+06 1.04695e+06 772545 589934 375452 326351 322920 81349.9
threshold=0.90000000000000013 6675.9250000000011 -0.92910699518418138 24.950000000000003 53.150000000000013 12.750000000000002 0.1670500785599974 1755.5555555555559 12402.777777777779 10062.500000000002 4138.8888888888896 5.3500000000000005 17.450000000000003 154.75000000000003 204.40000000000001 10.65 11013.888888888891
decision_type=2 2 2 2 2 2 2 2 2 2 2 2 2 2 2 2 2
left_child=1 2 -1 5 -5 -4 -7 -8 9 11 -9 -3 15 16 -14 -13 -11
right_child=-2 8 3 4 -6 6 7 10 -10 13 -12 12 14 -15 -16 -17 -18
leaf_value=20.99236430846728 36.107669665876379 -3.1582887829539996 27.547294703450905 -96.187326263231483 9.7206816823858961 12.861070295773487 -42.98063858520738 -11.063688372339083 25.131118512074416 4.8975464601057315 0.17766906157399914 3.5534638875256976 -2.1386979636151238 13.63912332319342 4.6146633354136322 10.126530414991805 8.6152863148438961
leaf_weight=48 34 55 32 31 36 55 53 31 30 30 62 37 44 30 30 38 30
leaf_count=48 34 55 32 31 36 55 53 31 30 30 62 37 44 30 30 38 30
internal_value=0.764852 -1.02843 -7.62186 -12.2056 -39.3518 -4.38608 -9.4812 -17.9009 6.05356 4.09897 -3.57726 1.90209 3.77092 9.07085 0.601617 6.89293 6.76774
internal_weight=706 672 348 300 67 233 201 146 324 294 93 204 149 90 74 75 60
internal_count=706 672 348 300 67 233 201 146 324 294 93 204 149 90 74 75 60
is_linear=0
shrinkage=0.05


Tree=83
num_leaves=16
num_cat=0
split_feature=1 28 0 24 0 3 1 24 24 24 22 10 0 8 8
split_gain=1.61619e+07 1.14299e+07 4.67304e+07 1.5795e+07 2.35854e+07 2.82953e+07 2.54983e+07 8.33271e+06 4.111e+06 2.52525e+06 2.4209e+06 2.21115e+06 652119 712237 794680
threshold=0.90000000000000013 -0.92910699518418138 84.250000000000014 6675.9250000000011 11.450000000000001 47.350000000000001 0.11250000000000002 7476.852777777779 3689.3527777777781 10625.000000000002 -0.24999999999999994 7.5000000000000009 238.10000000000002 5.3500000000000005 17.450000000000003
decision_type=2 2 2 2 2 2 2 2 2 2 2 2 2 2 2
left_child=1 2 -1 4 -3 -6 -7 -4 -8 12 -11 -10 13 -5 -15
right_child=-2 3 7 9 5 6 8 -9 11 10 -12 -13 -14 14 -16
leaf_value=58.104595883186725 34.307580890753407 -44.928331581716265 -31.272808759949136 -4.0263665279031002 -42.631652750603841 30.034150501454761 -24.758161197978758 5.9458744318382291 0.063024139593057027 4.9760627241429125 23.230389372804826 -14.263936706195745 6.7138539231083136 6.9987579580978707 -2.699729032190437
leaf_weight=38 34 45 30 57 43 58 32 30 82 42 32 40 55 53 35
leaf_count=38 34 45 30 57 43 58 32 30 82 42 32 40 55 53 35
internal_value=0.72677 -0.977103 14.7956 -3.67211 -11.597 -5.69967 1.80779 -12.6845 -8.83547 5.00582 12.8906 -4.64213 2.08344 0.323625 3.14266
internal_weight=706 672 98 574 300 255 212 60 154 274 74 122 200 145 88
internal_count=706 672 98 574 300 255 212 60 154 274 74 122 200 145 88
is_linear=0
shrinkage=0.05


Tree=84
num_leaves=14
num_cat=0
split_feature=1 28 1 7 1 4 3 4 6 1 8 20 28
split_gain=1.45907e+07 1.0318e+07 2.57648e+07 1.22754e+07 4.78442e+07 1.40139e+07 2.23951e+07 7.78489e+06 8.25245e+06 1.64101e+07 1.38877e+06 605813 467382
threshold=0.90000000000000013 -0.92910699518418138 0.65000000000000013 24.950000000000003 0.45000000000000007 1005.35 68.450000000000017 1008.0500000000001 1.8500000000000003 0.11250000000000002 0.8500000000000002 19.192900000000002 -0.55599684127981919
decision_type=2 2 2 2 2 2 2 2 2 2 2 2 2
left_child=1 2 -1 5 -5 6 -3 -7 -9 -10 -11 -4 -6
right_child=-2 3 11 4 12 7 -8 8 9 10 -12 -13 -14
leaf_value=50.800353820301666 32.597232132573282 53.796712223319119 -8.4443203073093258 -62.523029867728752 4.5541640547528077 -26.805685976806831 -2.4304086126473554 -25.918971975618025 36.544670330567222 -8.4560360143426152 -0.23899193081690326 1.1307154754983302 -2.1232482768895777
leaf_weight=32 34 30 34 40 59 32 43 30 30 70 193 32 47
leaf_count=32 34 30 34 40 59 32 43 30 30 70 193 32 47
internal_value=0.690473 -0.928459 14.0575 -3.48904 -16.0029 0.782443 20.7185 -3.32176 -0.987586 1.57307 -2.42844 -3.80712 1.59417
internal_weight=706 672 98 574 146 428 73 355 323 293 263 66 106
internal_count=706 672 98 574 146 428 73 355 323 293 263 66 106
is_linear=0
shrinkage=0.05


Tree=85
num_leaves=15
num_cat=0
split_feature=4 3 24 24 6 24 24 4 22 24 14 9 26 26
split_gain=2.35224e+07 1.2585e+07 6.23673e+07 1.28948e+07 5.3845e+07 1.84236e+07 3.64011e+06 2.38887e+06 2.21243e+06 1.42206e+06 971905 964837 954949 621263
threshold=995.25000000000011 51.050000000000004 1394.4444444444446 1.0000000180025095e-35 2.6500000000000008 3225.0000000000005 10011.111111111113 1010.6500000000002 -0.6830127018922193 5346.666666666667 142.50000000000003 7.7500000000000009 9.2500000000000018 7.4500000000000011
decision_type=2 2 2 2 2 2 2 2 2 2 2 2 2 2
left_child=-1 2 -2 4 -3 -5 9 -4 -8 10 -7 13 -9 -11
right_child=1 3 7 5 -6 6 8 12 -10 11 -12 -13 -14 -15
leaf_value=42.364194474339115 -78.499028174821717 -31.071232176900295 14.832785021701705 -29.91726068812692 53.024886749329738 -1.0992309542345511 0.6668746285883177 4.5629161626379071 17.366695622480503 -2.1844196286087461 -13.439338872836672 9.8486855567095688 -7.2912580404255198 3.1518459729127857
leaf_weight=32 30 31 32 50 49 34 31 32 55 117 30 30 36 102
leaf_count=32 30 31 32 50 49 34 31 32 55 117 30 30 36 102
internal_value=0.568513 -1.46713 -15.3991 1.95887 20.4395 -1.3377 2.25029 3.59029 11.3548 -0.254087 -6.89568 1.45505 -1.71424 0.301246
internal_weight=691 659 130 529 80 449 399 100 86 313 64 249 68 219
internal_count=691 659 130 529 80 449 399 100 86 313 64 249 68 219
is_linear=0
shrinkage=0.05


Tree=86
num_leaves=16
num_cat=0
split_feature=4 0 24 27 4 0 24 11 4 4 24 11 15 5 14
split_gain=2.12362e+07 2.81486e+07 7.11299e+07 1.74946e+07 8.7763e+06 3.36735e+07 2.1883e+07 1.66865e+07 2.29726e+07 6.49571e+06 1.71392e+06 1.20977e+06 794520 720031 377342
threshold=995.25000000000011 10.850000000000003 2361.1111111111118 -0.98211651112579568 1004.6500000000002 58.500000000000007 3535.7142857142862 3.5000000000000004 1012.35 1001.7500000000001 9699.0750000000007 2.5000000000000004 1.0000000180025095e-35 5.7500000000000009 253.50000000000003
decision_type=2 2 2 2 2 2 2 2 2 2 2 2 2 2 2
left_child=-1 2 -2 -3 5 -5 7 8 -6 -7 11 13 -13 -8 -12
right_child=1 3 -4 4 6 9 10 -9 -10 -11 14 12 -14 -15 -16
leaf_value=40.252583189396844 -90.022267126007335 39.690025531413944 5.5767791270344311 49.975927659133426 -67.728471698933859 -15.810628702679479 11.085449003207721 5.3046231424325727 -7.2903228240155684 11.478161842737173 14.041370298715629 -5.5169759326939971 3.1522487477664534 2.514874371322271 6.5043389219531837
leaf_weight=32 30 30 55 40 33 55 32 32 30 36 34 74 41 104 33
leaf_count=32 30 30 55 40 33 55 32 32 30 36 34 74 41 104 33
internal_value=0.53996 -1.39423 -28.2301 2.58395 0.530726 11.8019 -3.04638 -24.0901 -39.0056 -5.01426 3.24587 1.34765 -2.42611 4.53818 10.3444
internal_weight=691 659 85 574 544 131 413 95 63 91 318 251 115 136 67
internal_count=691 659 85 574 544 131 413 95 63 91 318 251 115 136 67
is_linear=0
shrinkage=0.05


Tree=87
num_leaves=13
num_cat=0
split_feature=4 0 1 27 3 24 1 0 24 24 27 20
split_gain=1.9434e+07 2.60806e+07 4.9555e+07 1.60802e+07 1.01809e+07 2.65485e+07 2.24091e+07 1.74729e+07 1.65659e+07 2.04885e+06 1.00068e+06 863791
threshold=996.50000000000011 10.850000000000003 0.45000000000000007 -0.98211651112579568 47.350000000000001 3290.0000000000005 0.15476190476190474 100.45000000000002 3225.0000000000005 9699.0750000000007 -0.72660079619119988 15.389000000000001
decision_type=2 2 2 2 2 2 2 2 2 2 2 2
left_child=-1 2 -2 -3 5 -5 7 -6 -8 10 -10 -11
right_child=1 3 -4 4 6 -7 8 -9 9 11 -12 -13
leaf_value=32.24592096832005 -74.134569820281001 37.71211622783116 4.3514901512751996 -52.491104040728516 58.313402309607831 5.6924131258059356 -32.677569254677444 5.616595366786254 -5.863356867646587 14.765667958272434 1.5826347195869377 4.0934928572086422
leaf_weight=45 34 30 49 31 30 53 38 33 57 37 215 39
leaf_count=45 34 30 49 31 30 53 38 33 57 37 215 39
internal_value=0.512987 -1.70215 -27.8499 2.15692 0.148978 -15.8169 3.13878 30.763 -1.37663 2.04968 0.0206617 9.3018
internal_weight=691 646 83 563 533 84 449 63 386 348 272 76
internal_count=691 646 83 563 533 84 449 63 386 348 272 76
is_linear=0
shrinkage=0.05


Tree=88
num_leaves=16
num_cat=0
split_feature=4 0 24 1 21 24 24 14 0 3 24 27 11 30 3
split_gain=1.75984e+07 2.29518e+07 6.22707e+07 1.58098e+07 6.15545e+07 1.55222e+07 2.05461e+06 1.52308e+06 1.77543e+06 1.02903e+06 1.09344e+06 936274 674446 430029 350374
threshold=995.25000000000011 10.850000000000003 2361.1111111111118 0.11250000000000002 0.68170440464120774 3225.0000000000005 9527.7777777777792 146.50000000000003 44.550000000000004 76.15000000000002 7074.0750000000007 -0.72660079619119988 1.5000000000000002 -0.56174490092936669 72.950000000000017
decision_type=2 2 2 2 2 2 2 2 2 2 2 2 2 2 2
left_child=-1 2 -2 4 -3 -5 7 8 -7 11 -11 -9 -10 -8 -15
right_child=1 3 -4 5 -6 6 13 9 12 10 -12 -13 -14 14 -16
leaf_value=36.638949754304974 -83.322159764616202 67.701082708116189 6.1242764350074168 -27.042135360739742 -15.432635115435023 -6.112627464504448 12.117286388309259 -5.0255748840302736 12.675195326356807 -14.992902417357181 -2.5599264354827511 4.0639200806809699 4.211567396859687 9.4199796933272335 2.0549579750438705
leaf_weight=32 30 40 55 52 50 34 39 52 35 30 43 62 72 30 35
leaf_count=32 30 40 55 52 50 34 39 52 35 30 43 62 72 30 35
internal_value=0.487333 -1.27342 -25.5058 2.31881 21.5498 -1.26089 1.84793 -0.0943902 3.82787 -3.05231 -7.68296 -0.0828923 6.98934 7.96798 5.46352
internal_weight=691 659 85 574 90 484 432 328 141 187 73 114 107 104 65
internal_count=691 659 85 574 90 484 432 328 141 187 73 114 107 104 65
is_linear=0
shrinkage=0.05


Tree=89
num_leaves=12
num_cat=0
split_feature=4 0 1 27 3 3 0 4 1 6 4
split_gain=1.62066e+07 2.13302e+07 4.28612e+07 1.41093e+07 9.00384e+06 2.05662e+07 1.44999e+07 2.08762e+07 1.41928e+07 1.11441e+07 600502
threshold=996.50000000000011 10.850000000000003 0.45000000000000007 -0.98211651112579568 47.350000000000001 53.600000000000001 31.000000000000004 1012.85 0.65000000000000013 2.9500000000000006 1007.35
decision_type=2 2 2 2 2 2 2 2 2 2 2
left_child=-1 2 -2 -3 9 -6 7 -7 -8 -5 -10
right_child=1 3 -4 4 5 6 8 -9 10 -11 -12
leaf_value=29.441438573849968 -68.252117042877103 35.23518497270603 4.7396282366968219 -37.00486165323565 36.572884920913815 51.624176393553277 -29.073105148046682 -3.7935217181739902 -3.4475345999586815 0.065408127417345488 1.2755182760713641
leaf_weight=45 34 30 49 34 41 30 51 39 107 50 181
leaf_count=45 34 30 49 34 41 30 51 39 107 50 181
internal_value=0.462971 -1.55989 -25.2067 1.93008 0.0492262 2.8609 -0.534941 20.3409 -4.78877 -14.9653 -0.479797
internal_weight=691 646 83 563 533 449 408 69 339 84 288
internal_count=691 646 83 563 533 449 408 69 339 84 288
is_linear=0
shrinkage=0.05


Tree=90
num_leaves=10
num_cat=0
split_feature=0 20 7 24 6 4 1 24 24
split_gain=6.46306e+07 2.4158e+07 1.24628e+07 1.23209e+07 9.36034e+06 8.20284e+06 1.85446e+07 7.16247e+06 1.75919e+06
threshold=3.0500000000000003 21.806000000000001 28.150000000000002 7146.2972222222224 1.8500000000000003 998.85000000000002 0.15476190476190474 2027.7777777777781 7703.7027777777785
decision_type=2 2 2 2 2 2 2 2 2
left_child=-1 2 4 -4 -2 -6 -7 -8 -9
right_child=1 -3 3 -5 5 6 7 8 -10
leaf_value=73.286539525130266 -23.572870539291277 -34.311512294314419 45.383611936347428 0.10530933783794955 -22.22766130769682 30.020847375555974 -24.613482710372569 -2.3480531315766693 4.5366674207048998
leaf_weight=30 43 52 30 30 36 54 30 207 168
leaf_count=30 43 52 30 30 36 54 30 207 168
internal_value=1.6596 -1.65702 1.18775 22.7824 -1.22435 0.721401 2.52579 -1.14671 0.736676
internal_weight=680 650 598 60 538 495 459 405 375
internal_count=680 650 598 60 538 495 459 405 375
is_linear=0
shrinkage=0.05


Tree=91
num_leaves=14
num_cat=0
split_feature=0 4 4 3 1 3 1 24 24 24 3 0 26
split_gain=5.83494e+07 2.09028e+07 1.22259e+07 7.11444e+06 3.32395e+07 8.32673e+06 4.50541e+07 1.69579e+07 3.68016e+06 1.9222e+06 1.71138e+06 1.00522e+06 593661
threshold=3.0500000000000003 997.75000000000011 999.50000000000011 52.050000000000004 0.65000000000000013 78.050000000000011 0.15476190476190474 3347.2222222222226 3854.166666666667 6229.166666666667 41.900000000000006 28.650000000000002 5.700000000000002
decision_type=2 2 2 2 2 2 2 2 2 2 2 2 2
left_child=-1 -2 -3 4 -4 6 -5 -7 -8 -9 -6 -10 -11
right_child=1 2 3 5 10 7 8 9 11 12 -12 -13 -14
leaf_value=69.634385762262184 -33.654082363476924 31.991847514155694 -54.239300054221715 61.379088245738643 11.107671532528201 -40.594616668802558 -13.58445937024416 -7.6759922046949018 9.9037385502955573 9.5970291991593477 -2.2787892844992728 1.0870734829591606 1.4061886945720028
leaf_weight=30 47 30 33 34 44 30 41 43 40 41 52 167 48
leaf_count=30 47 30 33 34 44 30 41 43 40 41 52 167 48
internal_value=1.57696 -1.57438 0.931189 -0.700313 -11.0317 2.30318 7.49203 -6.72827 0.0825015 0.993492 3.86179 2.79476 5.18609
internal_weight=680 650 603 573 129 444 282 162 248 132 96 207 89
internal_count=680 650 603 573 129 444 282 162 248 132 96 207 89
is_linear=0
shrinkage=0.05


Tree=92
num_leaves=11
num_cat=0
split_feature=0 20 7 24 6 27 1 0 24 0
split_gain=5.26786e+07 2.09522e+07 1.14331e+07 1.11933e+07 8.22094e+06 6.25445e+06 5.7511e+06 2.49652e+07 5.13663e+06 2.89108e+06
threshold=3.0500000000000003 21.806000000000001 28.150000000000002 7146.2972222222224 1.8500000000000003 -0.98046008095854964 0.65000000000000013 68.500000000000014 2361.1111111111118 12.750000000000002
decision_type=2 2 2 2 2 2 2 2 2 2
left_child=-1 2 4 -4 -2 -6 7 -7 -8 -10
right_child=1 -3 3 -5 5 6 8 -9 9 -11
leaf_value=66.164235223408951 -22.101056479965177 -31.906588407939093 43.378864938476163 0.22184565399968348 22.373529501129958 8.7685732799390905 -17.991392868143379 -47.294562803844798 18.348796018175904 2.1392570327200469
leaf_weight=30 43 52 30 30 31 52 30 32 30 320
leaf_count=30 43 52 30 30 31 52 30 32 30 320
internal_value=1.49843 -1.49585 1.15344 21.8367 -1.15686 0.666619 -0.788125 -12.6196 1.82987 3.5335
internal_weight=680 650 598 60 538 495 464 84 380 350
internal_count=680 650 598 60 538 495 464 84 380 350
is_linear=0
shrinkage=0.05


Tree=93
num_leaves=12
num_cat=0
split_feature=0 20 7 24 1 7 5 24 0 14 24
split_gain=4.7559e+07 1.89131e+07 1.03221e+07 1.01055e+07 6.09707e+06 3.09324e+07 5.01545e+07 6.15993e+06 2.7333e+06 1.56059e+06 1.38822e+06
threshold=3.0500000000000003 21.806000000000001 28.150000000000002 7146.2972222222224 0.65000000000000013 14.950000000000001 18.475000000000005 2126.9841269841277 12.750000000000002 38.000000000000007 7874.0750000000007
decision_type=2 2 2 2 2 2 2 2 2 2 2
left_child=-1 2 4 -4 5 -2 -7 -6 -9 -10 -11
right_child=1 -3 3 -5 7 6 -8 8 9 10 -12
leaf_value=62.867013580220878 -50.152886508061336 -30.314321148555706 41.217126663182661 0.21079025260633807 -20.331900096652518 55.864620104818243 -30.489190938153605 17.113197508667859 11.225900391271882 -2.050029831796742 4.4591495126958227
leaf_weight=30 35 52 30 30 30 30 38 32 40 188 145
leaf_count=30 35 52 30 30 30 30 38 32 40 188 145
internal_value=1.42382 -1.42124 1.09584 20.7485 -1.09935 -12.0318 7.6341 1.49141 3.11259 1.90718 0.78477
internal_weight=680 650 598 60 538 103 68 435 405 373 333
internal_count=680 650 598 60 538 103 68 435 405 373 333
is_linear=0
shrinkage=0.05


Tree=94
num_leaves=13
num_cat=0
split_feature=0 4 4 7 24 10 0 27 14 0 0 6
split_gain=4.29367e+07 1.83615e+07 1.07913e+07 6.39463e+06 3.78447e+07 1.68783e+07 6.86172e+06 7.98654e+06 4.00929e+06 2.50862e+06 1.49379e+06 1.2559e+06
threshold=3.0500000000000003 997.75000000000011 999.50000000000011 14.950000000000001 1633.3333333333337 3.5000000000000004 23.700000000000006 -0.98211651112579568 132.50000000000003 132.35000000000005 291.75000000000006 3.4500000000000006
decision_type=2 2 2 2 2 2 2 2 2 2 2 2
left_child=-1 -2 -3 4 -4 -5 -7 -8 -9 11 -11 -6
right_child=1 2 3 5 9 6 7 8 -10 10 -12 -13
leaf_value=59.734106080318213 -31.416685488978267 30.179581804370567 -57.461831099370556 39.306562387903668 2.4510432212159885 -16.456314411273159 27.635667035587602 -12.122007357304343 3.546459543452599 17.746126889231988 1.9729924485532946 -7.9917464750243141
leaf_weight=30 47 30 32 30 58 52 30 51 203 30 30 57
leaf_count=30 47 30 32 30 58 52 30 51 203 30 30 57
internal_value=1.35307 -1.35021 0.998096 -0.534722 -7.55622 3.43742 0.224058 3.28295 0.396877 1.59696 9.87605 -2.72735
internal_weight=680 650 603 573 207 366 336 284 254 175 60 115
internal_count=680 650 603 573 207 366 336 284 254 175 60 115
is_linear=0
shrinkage=0.05


Tree=95
num_leaves=17
num_cat=0
split_feature=28 28 0 21 21 1 1 24 24 10 23 24 24 22 22 11
split_gain=1.21388e+07 2.07774e+07 1.18754e+07 3.21696e+07 1.05649e+07 5.29047e+07 1.45318e+07 4.27329e+06 3.29045e+06 1.57712e+06 897586 886994 822503 693916 465003 198238
threshold=-0.99049576193482802 -0.9668120007078248 10.850000000000003 0.67036726105254041 0.7190276859807595 0.18333333333333332 0.18333333333333332 5868.0555555555566 7416.666666666667 5.5000000000000009 -0.24999999999999994 10826.388888888891 3907.4083333333338 -0.5 -0.5 2.5000000000000004
decision_type=2 2 2 2 2 2 2 2 2 2 2 2 2 2 2 2
left_child=-1 -2 3 -3 5 -4 -6 10 12 -9 -7 15 -8 -14 -11 -10
right_child=1 2 4 -5 6 7 8 9 11 14 -12 -13 13 -15 -16 -17
leaf_value=-30.799281025797224 40.815353752212275 -50.138312883214653 58.186054885414457 15.569188739407446 -31.183980362948006 -6.4442422388399949 -13.205387773851108 10.033905459937337 5.2447639600306815 1.5910174839293243 -18.255337346177495 12.545416966466808 -9.2784002622761328 -1.0694852486397459 -5.9073722757241525 0.69600034764866292
leaf_weight=33 30 41 44 34 46 30 31 48 43 55 35 30 40 72 33 54
leaf_count=33 30 41 44 34 46 30 31 48 43 55 35 30 40 72 33 54
internal_value=-1.24557 0.223198 -1.69763 -20.3698 0.801818 8.59253 -5.23924 -2.28728 -0.809094 2.75358 -12.8224 5.04587 -6.00888 -4.00695 -1.22434 2.71584
internal_weight=699 666 636 75 561 245 316 201 270 136 65 127 143 112 88 97
internal_count=699 666 636 75 561 245 316 201 270 136 65 127 143 112 88 97
is_linear=0
shrinkage=0.05


Tree=96
num_leaves=16
num_cat=0
split_feature=28 28 3 24 1 3 24 3 20 24 3 6 6 0 4
split_gain=1.09588e+07 1.87581e+07 1.1384e+07 3.7312e+07 1.52932e+07 6.87131e+07 7.10587e+06 2.3754e+06 1.90454e+06 1.24877e+06 1.35067e+06 1.24494e+06 1.01366e+06 2.14698e+06 591883
threshold=-0.99049576193482802 -0.9668120007078248 52.050000000000004 1394.4444444444446 0.11250000000000002 74.700000000000003 5509.2583333333341 88.200000000000003 1.6388499999999999 7416.666666666667 72.550000000000011 3.1500000000000008 2.7500000000000004 44.100000000000009 1011.35
decision_type=2 2 2 2 2 2 2 2 2 2 2 2 2 2 2
left_child=-1 -2 3 -3 5 -4 12 9 -5 14 -11 -10 -6 -14 -8
right_child=1 2 4 8 6 -7 7 -9 11 10 -12 -13 13 -15 -16
leaf_value=-29.263969695676135 38.781366954055741 -61.513316511587938 64.906694414949754 8.9830362811564104 -6.4017589047922847 -32.22573191562546 0.39267122724099068 15.587483565910313 0.53151125078134909 7.6847270109838108 -1.1785431033867793 -12.72542037029203 -25.911794606359059 -8.266210737008878 -7.1527189357003085
leaf_weight=33 30 32 42 37 44 32 50 30 43 89 83 30 31 39 54
leaf_count=33 30 32 42 37 44 32 50 30 43 89 83 30 31 39 54
internal_value=-1.18345 0.212107 -1.613 -14.0847 1.97408 22.9166 -1.72036 2.24981 -0.243836 0.794922 3.40946 -4.92643 -12.3698 -16.1066 -3.52819
internal_weight=699 666 636 142 494 74 420 306 110 276 172 73 114 70 104
internal_count=699 666 636 142 494 74 420 306 110 276 172 73 114 70 104
is_linear=0
shrinkage=0.05


Tree=97
num_leaves=17
num_cat=0
split_feature=28 28 0 4 21 24 24 24 24 3 0 27 6 24 4 11
split_gain=9.89335e+06 1.69353e+07 1.03817e+07 3.14135e+07 9.54166e+06 4.74692e+07 1.25636e+07 3.58034e+06 2.92774e+06 1.50907e+06 1.21701e+06 1.0585e+06 983161 798445 796966 174217
threshold=-0.99049576193482802 -0.9668120007078248 10.850000000000003 1007.5500000000001 0.7190276859807595 1.0000000180025095e-35 1394.4444444444446 5868.0555555555566 7416.666666666667 78.450000000000017 32.45000000000001 0.36571913681022045 3.0500000000000003 10826.388888888891 1006.35 2.5000000000000004
decision_type=2 2 2 2 2 2 2 2 2 2 2 2 2 2 2 2
left_child=-1 -2 3 -3 5 -4 -6 12 10 14 -8 -12 -7 15 -9 -10
right_child=1 2 4 -5 6 7 8 9 13 -11 11 -13 -14 -15 -16 -17
leaf_value=-27.80519076618183 36.848739242870543 -56.420520863280494 55.184845825333724 8.9293369443676589 -30.024499497557464 -5.47056066232307 -14.236553268706329 -6.7222567970102478 4.7342933119311414 11.803852955596325 -8.1204534972820515 1.5517739870543998 -17.786358980829984 11.689162895766604 2.6192185558475742 0.47045762241437566
leaf_weight=33 30 32 44 43 43 32 33 34 43 33 57 56 33 30 69 54
leaf_count=33 30 32 44 43 43 32 33 34 43 33 57 56 33 30 69 54
internal_value=-1.12462 0.201362 -1.5328 -18.9912 0.804169 8.208 -4.9369 -2.0978 -0.975814 2.51629 -5.80324 -3.32996 -11.741 4.57399 -0.467856 2.36359
internal_weight=699 666 636 75 561 245 316 201 273 136 146 113 65 127 103 97
internal_count=699 666 636 75 561 245 316 201 273 136 146 113 65 127 103 97
is_linear=0
shrinkage=0.05


Tree=98
num_leaves=16
num_cat=0
split_feature=28 28 3 24 1 3 24 3 20 24 3 29 0 4 0
split_gain=8.93154e+06 1.52895e+07 1.00357e+07 3.29698e+07 1.28301e+07 6.34617e+07 5.93608e+06 2.15355e+06 1.65639e+06 1.04027e+06 1.24533e+06 1.01115e+06 824947 527417 468978
threshold=-0.99049576193482802 -0.9668120007078248 52.050000000000004 1394.4444444444446 0.11250000000000002 74.700000000000003 5509.2583333333341 88.200000000000003 1.6388499999999999 7416.666666666667 72.550000000000011 1.0000000180025095e-35 32.45000000000001 1011.35 147.10000000000002
decision_type=2 2 2 2 2 2 2 2 2 2 2 2 2 2 2
left_child=-1 -2 3 -3 5 -4 12 9 -5 13 -11 -10 -6 -8 -14
right_child=1 2 4 8 6 -7 7 -9 11 10 -12 -13 14 -15 -16
leaf_value=-26.419131808266542 35.012423162682119 -57.749858117029305 61.44786994009857 8.4489061214210519 -16.670946269909358 -31.897961349724984 0.52608358493584118 14.855813157756462 2.3233189190315664 7.2624249750951071 -1.2481004921537877 -9.5694949495537553 -3.1116350998514122 -6.5962750036042186 -11.348109313055255
leaf_weight=33 30 32 42 37 43 32 50 30 31 89 83 42 30 54 41
leaf_count=33 30 32 42 37 43 32 50 30 31 89 83 42 30 54 41
internal_value=-1.06862 0.191257 -1.45649 -13.1663 1.91146 21.0935 -1.47243 2.15623 -0.155823 0.770946 3.15723 -4.52278 -11.2059 -3.1748 -7.87725
internal_weight=699 666 636 142 494 74 420 306 110 276 172 73 114 104 71
internal_count=699 666 636 142 494 74 420 306 110 276 172 73 114 104 71
is_linear=0
shrinkage=0.05


Tree=99
num_leaves=12
num_cat=0
split_feature=9 9 3 7 24 29 21 9 1 21 24
split_gain=7.55363e+06 1.00349e+07 1.3911e+07 1.58311e+07 2.04328e+07 1.43043e+07 1.0568e+07 9.22915e+06 1.18571e+07 2.85162e+07 5.17251e+06
threshold=29.350000000000005 14.350000000000003 87.15000000000002 28.150000000000002 5412.0361111111115 0.87837969732492682 0.63920845893852207 2.4500000000000006 0.11250000000000002 0.73365472005487453 9768.5194444444442
decision_type=2 2 2 2 2 2 2 2 2 2 2
left_child=1 2 3 5 -5 7 -7 8 9 -1 -10
right_child=-2 -3 -4 4 -6 6 -8 -9 10 -11 -12
leaf_value=58.464751092144027 -25.517804441103507 27.820979540026077 -28.694720005380585 54.024681164814389 1.258839539813388 -45.261303791413674 -7.7428718207720024 -23.088896854960691 -3.3105541398213605 -8.3362976286767871 12.865396506100049
leaf_weight=30 30 31 43 30 47 30 50 36 278 34 60
leaf_count=30 30 31 43 30 47 30 50 36 278 34 60
internal_value=-1.01544 0.0869653 -1.26475 0.722061 21.8604 -2.42373 -21.8513 1.12885 3.30281 23.019 -0.436113
internal_weight=699 669 638 595 77 518 80 438 402 64 338
internal_count=699 669 638 595 77 518 80 438 402 64 338
is_linear=0
shrinkage=0.05


Tree=100
num_leaves=19
num_cat=0
split_feature=0 1 8 0 25 24 28 24 15 3 4 24 24 25 0 3 26 8
split_gain=5.0157e+07 2.34512e+07 8.05845e+07 3.59932e+07 6.01343e+07 3.14213e+06 2.30135e+06 2.39394e+06 1.68902e+06 1.49412e+06 1.41988e+06 1.06417e+06 735461 577740 417082 264759 233266 186215
threshold=3.0500000000000003 0.36666666666666675 8.5500000000000025 28.950000000000003 20.297460000000004 8458.3333333333339 0.82392300575755406 3111.1111111111118 1.0000000180025095e-35 82.700000000000003 1019.6500000000002 6738.4250000000011 11472.222222222224 14.899170000000002 247.75000000000003 76.700000000000003 6.5000000000000018 5.3500000000000005
decision_type=2 2 2 2 2 2 2 2 2 2 2 2 2 2 2 2 2 2
left_child=-1 2 -2 -4 -5 6 7 -3 11 12 -8 16 14 -10 17 -13 -9 -7
right_child=1 5 3 4 -6 9 10 8 13 -11 -12 15 -14 -15 -16 -17 -18 -19
leaf_value=60.29117299968209 -87.459990461191907 -17.053105253728639 -43.779895970037217 -29.047756522042416 67.938624490251286 -2.1257541515160137 12.50038977004683 -13.214056488732311 -1.486908095190415 16.431326112715507 -1.5789238771283016 1.2951258443537497 10.606755553351508 6.4441397967128058 7.4552638782615279 -4.7988405515843091 -7.4124360757105796 2.5287703043547953
leaf_weight=32 35 31 30 30 34 36 39 32 41 30 33 40 35 52 30 32 39 53
leaf_count=32 35 31 30 30 34 36 39 32 41 30 33 40 35 52 30 32 39 53
internal_value=-0.725639 -3.72912 -22.8138 1.32396 22.5018 0.981628 -1.8736 -4.01288 -2.29345 6.24026 6.05406 -5.70308 4.24558 2.94976 2.36727 -1.41613 -10.0422 0.645712
internal_weight=684 652 129 94 64 523 339 267 236 184 72 143 154 93 119 72 71 89
internal_count=684 652 129 94 64 523 339 267 236 184 72 143 154 93 119 72 71 89
is_linear=0
shrinkage=0.05


Tree=101
num_leaves=15
num_cat=0
split_feature=0 1 8 0 25 0 28 7 26 8 4 14 28 11
split_gain=4.52816e+07 2.11716e+07 7.27486e+07 3.24945e+07 5.42886e+07 2.88265e+06 1.15053e+06 1.83174e+06 1.42009e+06 1.16936e+06 798301 675353 597155 342484
threshold=3.0500000000000003 0.36666666666666675 8.5500000000000025 28.950000000000003 20.297460000000004 11.450000000000001 0.82392300575755406 13.65 8.3500000000000032 16.450000000000003 1002.0500000000001 253.50000000000003 -0.17552498857989954 1.5000000000000002
decision_type=2 2 2 2 2 2 2 2 2 2 2 2 2 2
left_child=-1 2 -2 -4 -5 -3 7 -7 -8 12 -11 -12 -9 -14
right_child=1 5 3 4 -6 6 8 9 -10 10 11 -13 13 -15
leaf_value=57.286006568599717 -83.099450073894275 13.478631518402461 -41.598176009472823 -27.600192463516795 64.551654147822134 -10.775267628320128 10.100328990492054 7.0852367680215567 -1.7111909294326688 -8.0888414659694021 1.6227538823220706 -7.1186346760619905 4.2044977493463156 -1.4911316644777814
leaf_weight=32 35 42 30 30 34 46 54 55 48 54 83 30 43 68
leaf_count=32 35 42 30 30 34 46 54 55 48 54 83 30 43 68
internal_value=-0.689521 -3.5433 -21.6766 1.2575 21.3797 0.932638 -0.165418 -1.43419 4.54569 -0.14097 -3.09411 -0.702167 2.83001 0.717037
internal_weight=684 652 129 94 64 523 481 379 102 333 167 113 166 111
internal_count=684 652 129 94 64 523 481 379 102 333 167 113 166 111
is_linear=0
shrinkage=0.05


Tree=102
num_leaves=14
num_cat=0
split_feature=0 1 8 0 14 24 0 24 14 3 24 15 26
split_gain=4.08801e+07 1.91136e+07 6.56746e+07 2.93358e+07 4.17614e+07 3.02246e+06 3.31106e+06 2.24989e+06 2.3008e+06 1.38772e+06 1.02867e+06 713730 373209
threshold=3.0500000000000003 0.36666666666666675 8.5500000000000025 28.950000000000003 167.50000000000003 2027.7777777777781 11.450000000000001 5509.2583333333341 161.50000000000003 87.15000000000002 9699.0750000000007 1.0000000180025095e-35 7.6500000000000012
decision_type=2 2 2 2 2 2 2 2 2 2 2 2 2
left_child=-1 2 -2 -4 -5 -3 -7 8 -8 10 11 -9 -12
right_child=1 5 3 4 -6 6 7 9 -10 -11 12 -13 -14
leaf_value=54.430627945279042 -78.956314736825448 -14.495713500723094 -39.52517565603668 -17.612877158335575 63.212863133832869 16.625019705737078 0.149356134668816 -1.7724858317035137 -15.905039987666909 11.625524117651011 2.8598042480328907 4.9547187748069534 9.2088303732493557
leaf_weight=32 35 30 30 34 30 35 56 185 37 37 49 50 44
leaf_count=32 35 30 30 34 30 35 56 185 37 37 49 50 44
internal_value=-0.655214 -3.36675 -20.5962 1.19437 20.3136 0.886076 1.82485 0.690436 -6.24805 2.45956 1.42236 -0.339646 5.87036
internal_weight=684 652 129 94 64 523 493 458 93 365 328 235 93
internal_count=684 652 129 94 64 523 493 458 93 365 328 235 93
is_linear=0
shrinkage=0.05


Tree=103
num_leaves=13
num_cat=0
split_feature=0 24 8 28 1 0 24 28 24 8 27 15
split_gain=3.69063e+07 1.797e+07 7.23661e+07 2.18002e+07 3.7477e+06 2.73751e+06 1.82405e+06 1.46051e+06 1.8339e+06 1.52163e+06 1.4115e+06 966167
threshold=3.0500000000000003 1346.6666666666667 8.5500000000000025 -0.79354221435844507 0.65000000000000013 11.450000000000001 11361.111111111111 0.82392300575755406 5509.2583333333341 -1.0000000180025095e-35 0.37371625404731906 1.0000000180025095e-35
decision_type=2 2 2 2 2 2 2 2 2 2 2 2
left_child=-1 2 -2 -4 -3 -6 7 8 10 -9 -7 -10
right_child=1 4 3 -5 5 6 -8 9 11 -11 -12 -13
leaf_value=51.717574987678887 -86.293757157157088 -15.376278446951218 -25.283039974603128 25.585592466706686 15.21985952860949 -16.815826619423898 10.800183811791042 -3.1151359108639629 -1.3804532155042797 10.363935158904088 -3.2951961466212811 5.802992982872059
leaf_weight=32 31 34 38 47 35 30 41 33 190 57 54 62
leaf_count=32 31 34 38 47 35 30 41 33 190 57 54 62
internal_value=-0.62249 -3.19887 -21.0331 2.84128 0.663959 1.75321 0.740874 -0.229571 -1.74499 5.42358 -8.13831 0.388484
internal_weight=684 652 116 85 536 502 467 426 336 90 84 252
internal_count=684 652 116 85 536 502 467 426 336 90 84 252
is_linear=0
shrinkage=0.05


Tree=104
num_leaves=14
num_cat=0
split_feature=0 24 8 30 0 24 27 3 3 4 24 24 24
split_gain=3.33191e+07 1.62238e+07 6.53318e+07 2.11483e+07 2.81604e+06 2.15538e+06 2.95781e+06 1.31463e+06 1.24487e+06 1.08003e+06 1.07308e+06 952489 492197
threshold=3.0500000000000003 1346.6666666666667 8.5500000000000025 -0.22252093395631442 9.0500000000000025 6263.8888888888896 -0.5416228050394748 87.15000000000002 58.45000000000001 1002.5500000000001 11287.036111111114 4407.4083333333338 6811.1111111111122
decision_type=2 2 2 2 2 2 2 2 2 2 2 2 2
left_child=-1 2 -2 -4 -3 6 -6 9 -8 -7 12 -10 -11
right_child=1 4 3 -5 5 7 8 -9 11 10 -12 -13 -14
leaf_value=49.139752881772054 -81.992943261443997 14.321698303440016 27.901194695225804 -21.924154824170603 -18.102460492601143 -6.5975830234750337 5.6422942717580025 11.293594407755608 -10.613260134080996 -4.229804889298487 11.002545287680388 -0.35696314932517492 1.9941814808867979
leaf_weight=32 31 35 42 43 34 41 41 34 40 38 30 52 191
leaf_count=32 31 35 42 43 34 41 41 34 40 38 30 52 191
internal_value=-0.5916 -3.03957 -19.9851 2.69923 0.630781 -0.328328 -4.96463 1.9906 -1.59498 0.932834 2.12701 -4.82296 0.959963
internal_weight=684 652 116 85 536 501 167 334 133 300 259 92 229
internal_count=684 652 116 85 536 501 167 334 133 300 259 92 229
is_linear=0
shrinkage=0.05


Tree=105
num_leaves=16
num_cat=0
split_feature=1 28 8 24 3 3 0 3 10 0 0 27 10 0 24
split_gain=1.82237e+07 5.71268e+07 4.68701e+07 5.15399e+06 5.09443e+06 2.24587e+06 1.33216e+06 2.01876e+06 1.25317e+06 1.93685e+06 1.83013e+06 1.02463e+06 843940 689603 491686
threshold=0.11250000000000002 0.055916990100603255 20.250000000000004 5868.0555555555566 89.700000000000003 51.45000000000001 61.150000000000013 73.950000000000017 3.5000000000000004 47.550000000000004 28.950000000000003 0.36571913681022045 5.5000000000000009 75.500000000000014 7018.5194444444451
decision_type=2 2 2 2 2 2 2 2 2 2 2 2 2 2 2
left_child=1 2 -1 5 8 -2 7 -7 9 -5 -10 -8 -12 -14 -15
right_child=3 -3 -4 4 -6 6 11 -9 10 -11 12 -13 13 14 -16
leaf_value=-28.381829258606746 2.7517824782194156 80.05205179512302 47.882326896168365 -14.507673216608826 21.945389295178789 -25.804188155494259 -13.192750449962555 -8.1093868032819518 11.664906855957526 1.802102466547008 7.8494341678129578 -1.0897777816601228 -5.5569959335015602 -4.4461542230197759 2.2937439763391412
leaf_weight=54 37 30 32 32 30 30 31 35 42 42 33 40 55 34 131
leaf_count=54 37 30 32 32 30 30 31 35 42 42 33 40 55 34 131
internal_value=2.70661 20.7677 0.018127 -0.959109 2.16624 -8.16441 -11.1341 -16.3034 0.552659 -5.26077 2.01225 -6.38537 0.405835 -0.713741 0.903034
internal_weight=688 116 86 572 399 173 136 65 369 74 295 71 253 220 165
internal_count=688 116 86 572 399 173 136 65 369 74 295 71 253 220 165
is_linear=0
shrinkage=0.05


Tree=106
num_leaves=15
num_cat=0
split_feature=8 1 0 1 24 0 8 0 0 15 14 14 24 5
split_gain=1.78722e+07 4.19423e+07 6.43344e+07 4.7684e+06 5.20616e+06 2.48702e+06 1.89817e+06 4.67342e+06 2.04032e+06 1.32679e+06 1.0538e+06 642259 418130 406867
threshold=24.250000000000004 0.11250000000000002 58.500000000000007 0.90000000000000013 6738.4250000000011 28.650000000000002 6.2500000000000009 28.950000000000003 75.500000000000014 1.0000000180025095e-35 189.50000000000003 271.50000000000006 4902.7777777777783 19.050000000000004
decision_type=2 2 2 2 2 2 2 2 2 2 2 2 2 2
left_child=1 2 -1 4 5 -3 8 -8 -6 11 -9 -7 -11 -12
right_child=-2 3 -4 -5 6 9 7 10 -10 12 13 -13 -14 -15
leaf_value=72.604525067173142 -23.963644415006787 -17.103989812639796 -4.8941251631364802 18.500927133655232 -10.142203257648447 -11.950089299224466 22.717052222635147 7.3073047166078355 4.3667362138661288 -3.0387961981823883 2.3656557741961737 -3.4206702754503961 5.1647376782870378 -4.0702067610678858
leaf_weight=53 58 55 54 30 51 55 32 55 46 32 43 37 30 57
leaf_count=53 58 55 54 30 51 55 32 55 46 32 43 37 30 57
internal_value=2.57183 5.0182 33.525 -0.81925 -1.99844 -7.98605 2.40917 5.35225 -3.26421 -4.72063 1.75489 -8.52727 0.9325 -1.30314
internal_weight=688 630 107 523 493 209 284 187 97 154 155 92 62 100
internal_count=688 630 107 523 493 209 284 187 97 154 155 92 62 100
is_linear=0
shrinkage=0.05


Tree=107
num_leaves=17
num_cat=0
split_feature=8 1 0 8 1 24 0 8 8 0 0 15 14 14 5 27
split_gain=1.61328e+07 3.78601e+07 5.83558e+07 5.51396e+07 4.30487e+06 4.69963e+06 2.27307e+06 1.98367e+06 1.71354e+06 4.21918e+06 1.84178e+06 1.58885e+06 951226 565052 367273 252283
threshold=24.250000000000004 0.11250000000000002 42.600000000000009 16.350000000000005 0.90000000000000013 6738.4250000000011 32.45000000000001 8.4500000000000011 6.2500000000000009 28.950000000000003 75.500000000000014 1.0000000180025095e-35 189.50000000000003 288.00000000000006 19.050000000000004 0.24284747324344283
decision_type=2 2 2 2 2 2 2 2 2 2 2 2 2 2 2 2
left_child=1 2 -1 -4 5 6 7 -3 10 -10 -7 13 -11 15 -14 -8
right_child=-2 4 3 -5 -6 8 11 -9 9 12 -12 -13 14 -15 -16 -17
leaf_value=78.622101431519454 -22.767523724035637 -6.340524537856397 -40.235159684314347 51.196818248098687 17.578953978072764 -9.6360854967612113 -14.377516065958725 -24.252103012150322 21.584738005581674 6.9426025893424255 4.1488730612907911 2.3338342259101399 2.2476474153469996 -2.7140231897268583 -3.8670527451927725 -7.8402241864869753
leaf_weight=41 58 30 35 31 30 51 30 32 32 55 46 57 43 30 57 30
leaf_count=41 58 30 35 31 30 51 30 32 32 55 46 57 43 30 57 30
internal_value=2.44363 4.76791 31.8519 2.72257 -0.778185 -1.8986 -7.58748 -15.6095 2.28911 5.08539 -3.1013 -4.19571 1.66733 -8.32915 -1.23806 -11.1274
internal_weight=688 630 107 66 523 493 209 62 284 187 97 147 155 90 100 60
internal_count=688 630 107 66 523 493 209 62 284 187 97 147 155 90 100 60
is_linear=0
shrinkage=0.05


Tree=108
num_leaves=13
num_cat=0
split_feature=0 28 23 24 20 11 0 3 3 0 6 14
split_gain=1.30873e+07 9.33754e+06 8.23879e+06 1.29527e+07 2.18733e+07 1.7227e+07 8.71828e+06 2.40824e+06 1.73449e+06 1.57658e+06 2.42444e+06 800267
threshold=3.0500000000000003 0.98662138620987927 -0.9330127018922193 1633.3333333333337 6.8359500000000013 2.5000000000000004 86.200000000000017 90.200000000000003 45.400000000000006 71.700000000000017 3.8500000000000001 229.00000000000003
decision_type=2 2 2 2 2 2 2 2 2 2 2 2
left_child=-1 2 6 4 -4 -6 -2 8 -5 10 -10 -11
right_child=1 -3 3 7 5 -7 -8 -9 9 11 -12 -13
leaf_value=34.562118337637564 36.088723499355126 26.727014349882701 -52.690872261308812 8.3099533324901369 -28.320601105899755 21.237712185666833 -1.9920087960075303 14.597394505344404 -0.70092854267240812 4.5750781835849406 -14.236478266646609 -1.4431783436838432
leaf_weight=30 30 33 32 57 34 36 30 31 106 114 48 107
leaf_count=30 30 33 32 57 34 36 30 31 106 114 48 107
internal_value=2.32183 0.846875 -0.523645 -2.3954 -18.5155 -2.83946 17.0766 1.1591 0.191616 -1.04424 -4.92633 1.6619
internal_weight=688 658 625 565 102 70 60 463 432 375 154 221
internal_count=688 658 625 565 102 70 60 463 432 375 154 221
is_linear=0
shrinkage=0.05


Tree=109
num_leaves=17
num_cat=0
split_feature=8 1 0 1 24 0 8 8 24 0 15 14 20 24 27 10
split_gain=1.44045e+07 3.48737e+07 5.18213e+07 3.92124e+06 4.1852e+06 2.06526e+06 1.82691e+06 1.60247e+06 3.77477e+06 1.60667e+06 1.4e+06 516128 386031 308196 260776 152459
threshold=24.250000000000004 0.11250000000000002 58.500000000000007 0.90000000000000013 6738.4250000000011 32.45000000000001 8.4500000000000011 6.2500000000000009 11648.147222222224 75.500000000000014 1.0000000180025095e-35 288.00000000000006 14.760800000000001 8736.1111111111131 0.24284747324344283 5.5000000000000009
decision_type=2 2 2 2 2 2 2 2 2 2 2 2 2 2 2 2
left_child=1 2 -1 4 5 6 -3 9 12 -6 11 14 15 -14 -7 -9
right_child=-2 3 -4 -5 7 10 -8 8 -10 -11 -12 -13 13 -15 -16 -17
leaf_value=65.469934214216607 -21.616395769266994 -6.1095435051426934 -4.0852935762810842 16.599655243883102 -9.3537268788147347 -13.981429813549765 -23.298979654898897 6.6584157007477218 20.886339093205144 3.52168361680368 2.0043406218446909 -2.6383694515671845 -4.8155300630587288 1.8352876094695465 -7.3420134393083689 2.2525017005967176
leaf_weight=53 58 30 54 30 51 30 32 30 30 46 57 30 32 38 30 57
leaf_count=53 58 30 54 30 51 30 32 30 30 46 57 30 32 38 30 57
internal_value=2.20608 4.40235 30.3962 -0.920488 -1.98978 -7.35826 -15.0048 1.96214 4.66633 -3.25047 -4.12514 -8.00511 1.55561 -1.20755 -10.6795 3.77774
internal_weight=688 630 107 523 493 209 62 284 187 97 147 90 157 70 60 87
internal_count=688 630 107 523 493 209 62 284 187 97 147 90 157 70 60 87
is_linear=0
shrinkage=0.05


end of trees

feature_importances:
avg_weight_price_ratio=634
trade_quantity=178
avg_weight_kg=117
day_of_year=94
day_of_year_sin=86
humidity=70
min_temperature=70
pressure=64
water_temp_ratio=59
max_temperature=48
day_of_year_cos=40
temp_humidity=39
wind_speed=37
temp_range=36
temp_pressure=23
water_temperature=22
avg_temperature=19
month=18
rainfall=16
day_of_week=16
month_sin=16
spring=9
day_of_week_sin=9
month_cos=7
day_of_week_cos=7

parameters:
[boosting: gbdt]
[objective: regression]
[metric: l1]
[tree_learner: serial]
[device_type: cpu]
[data_sample_strategy: bagging]
[data: ]
[valid: ]
[num_iterations: 500]
[learning_rate: 0.05]
[num_leaves: 31]
[num_threads: 0]
[seed: 42]
[deterministic: 0]
[force_col_wise: 0]
[force_row_wise: 0]
[histogram_pool_size: -1]
[max_depth: 8]
[min_data_in_leaf: 30]
[min_sum_hessian_in_leaf: 0.001]
[bagging_fraction: 0.8]
[pos_bagging_fraction: 1]
[neg_bagging_fraction: 1]
[bagging_freq: 5]
[bagging_seed: 400]
[bagging_by_query: 0]
[feature_fraction: 0.8]
[feature_fraction_bynode: 1]
[feature_fraction_seed: 30056]
[extra_trees: 0]
[extra_seed: 12879]
[early_stopping_round: 0]
[early_stopping_min_delta: 0]
[first_metric_only: 0]
[max_delta_step: 0]
[lambda_l1: 0.1]
[lambda_l2: 0.1]
[linear_lambda: 0]
[min_gain_to_split: 0.05]
[drop_rate: 0.1]
[max_drop: 50]
[skip_drop: 0.5]
[xgboost_dart_mode: 0]
[uniform_drop: 0]
[drop_seed: 17869]
[top_rate: 0.2]
[other_rate: 0.1]
[min_data_per_group: 100]
[max_cat_threshold: 32]
[cat_l2: 10]
[cat_smooth: 10]
[max_cat_to_onehot: 4]
[top_k: 20]
[monotone_constraints: ]
[monotone_constraints_method: basic]
[monotone_penalty: 0]
[feature_contri: ]
[forcedsplits_filename: ]
[refit_decay_rate: 0.9]
[cegb_tradeoff: 1]
[cegb_penalty_split: 0]
[cegb_penalty_feature_lazy: ]
[cegb_penalty_feature_coupled: ]
[path_smooth: 0]
[interaction_constraints: ]
[verbosity: -1]
[saved_feature_importance_type: 0]
[use_quantized_grad: 0]
[num_grad_quant_bins: 4]
[quant_train_renew_leaf: 0]
[stochastic_rounding: 1]
[linear_tree: 0]
[max_bin: 255]
[max_bin_by_feature: ]
[min_data_in_bin: 3]
[bin_construct_sample_cnt: 200000]
[data_random_seed: 175]
[is_enable_sparse: 1]
[enable_bundle: 1]
[use_missing: 1]
[zero_as_missing: 0]
[feature_pre_filter: 1]
[pre_partition: 0]
[two_round: 0]
[header: 0]
[label_column: ]
[weight_column: ]
[group_column: ]
[ignore_column: ]
[categorical_feature: ]
[forcedbins_filename: ]
[precise_float_parser: 0]
[parser_config_file: ]
[objective_seed: 16083]
[num_class: 1]
[is_unbalance: 0]
[scale_pos_weight: 1]
[sigmoid: 1]
[boost_from_average: 1]
[reg_sqrt: 0]
[alpha: 0.9]
[fair_c: 1]
[poisson_max_delta_step: 0.7]
[tweedie_variance_power: 1.5]
[lambdarank_truncation_level: 30]
[lambdarank_norm: 1]
[label_gain: ]
[lambdarank_position_bias_regularization: 0]
[eval_at: ]
[multi_error_top_k: 1]
[auc_mu_weights: ]
[num_machines: 1]
[local_listen_port: 12400]
[time_out: 120]
[machine_list_filename: ]
[machines: ]
[gpu_platform_id: -1]
[gpu_device_id: -1]
[gpu_use_dp: 0]
[num_gpu: 1]

end of parameters

pandas_categorical:[]
