tree
version=v4
num_class=1
num_tree_per_iteration=1
label_index=0
max_feature_idx=30
objective=regression
feature_names=trade_quantity avg_weight_kg water_temperature humidity pressure avg_temperature wind_speed max_temperature min_temperature rainfall month day_of_week is_weekend quarter day_of_year spring summer fall winter peak_season temp_humidity water_temp_ratio month_sin month_cos avg_weight_price_ratio temp_pressure temp_range day_of_year_sin day_of_year_cos day_of_week_sin day_of_week_cos
feature_infos=[1:2962.9000000000001] [0:2.5] [-0.69999999999999996:28.199999999999999] [20:99.900000000000006] [984:1034.7] [-8.1999999999999993:31.5] [0.90000000000000002:11.699999999999999] [-5.2999999999999998:36.700000000000003] [-12.199999999999999:27.600000000000001] [0:208.69999999999999] [1:12] [0:5] [0:1] [1:4] [2:364] [0:1] [0:1] [0:1] [0:1] [0:1] [-6.3121:25.866200000000003] [-52.313333333333325:31.500000000000007] [-1:1] [-1:1] [0:47619.047619047618] [-8.3033199999999994:31.666949999999996] [1.2000000000000028:16.699999999999999] [-0.99999073973619013:0.99991665865473789] [-0.99996295911626554:0.99985183920911624] [-0.97492791218182362:0.97492791218182362] [-0.90096886790241903:1]
tree_sizes=1790 1727 1902 1811 1990 1735 1802 1915 1826 1742 1805 1734 1740 1736 1984 1963 1891 1813 1823 1898 2060 1813 1989 1979 1889 1642 1568 1569 1717 1814 2000 1657 1824 1732 1860 1569 1557 1562 1642 1569 1392 1885 1737 1902 1474 1653 1735 1570 1738 1867 1400 1816 1408 1316 1236 1637 1392 1661 1572 1391 985 1552 1722 1158 1403 1871 1554 1566 1401 1404 1064 1394 1075 1400 1562 1405 1374 1494 1393 1654 1495 1228 1656 1713 1646 1893 1642 1484 1400 1232 1064 1063 1319 1073 1062 1490 1235 1154 1737 1231 985 1647 1310 1663 1313 1071 1071 1151 1076 1148 1505 1235 1405 1243 1566 1574 1242 1391 1235 1314 1568 1406 1239 1158 1574 1158 1066 1159 1245 1328 1246 1568 1235 1478 1136 1484 1827 1395 1803 1389 1576 1654 1731 1558 1556 1239 1072 1651 1145 1235 1490 1660 1735 1397 1625 1481 1625 1699 1163 1151 1399 1489 1564 1398 1225 1223 1320 1315 1149 1487 1566 1488 1569 1475 1661 1561 1326 1402 1492 1316 1582 1158 1229 1397 1482 1487 1556 994 1405 1391 1471 1076 1319 1325 1483 1479 1141 1149 1398 1657 1581 1390 1151 1397 1230 1159 1223 1400 1650 1541 1559 1477 1730 1645 1585 1498 1324 1636 1326 1488 1747 905 1247 1900 1235 1470 1300 1235 1145 1145 1626 1080 1323 1066 1606 1165 1165 1321 1151 1313 1310 1145 1229 1393 1410 1651 1399 1560 1412 1313 1657 1483 1311 1625 1320 1071 1733 1582 1623 1405 1626 1569 1486 1561 1079

Tree=0
num_leaves=20
num_cat=0
split_feature=24 24 24 1 1 0 24 24 11 24 24 28 0 24 24 24 24 24 26
split_gain=8.27115e+09 2.23417e+09 1.3384e+09 1.20188e+09 5.42236e+08 5.03895e+08 4.82324e+08 2.75249e+08 2.20564e+08 1.30658e+08 1.11939e+08 7.54057e+07 6.00465e+07 5.50898e+07 3.48283e+07 1.84761e+07 9.7323e+06 4.07376e+06 2.26853e+06
threshold=9041.6666666666679 15300.000000000002 6513.8888888888896 0.095454545454545472 0.6000000000000002 136.55000000000004 4699.0750000000007 10465.277777777779 1.5000000000000002 7383.3333333333339 5734.0058080808094 -0.49749486057528974 93.250000000000014 3986.1111111111118 8120.3694444444454 5175.9250000000011 6861.1111111111122 6236.1111111111122 7.4500000000000011
decision_type=2 2 2 2 2 2 2 2 2 2 2 2 2 2 2 2 2 2 2
left_child=2 4 3 5 -2 -1 13 -6 -7 16 15 -10 -11 -5 -14 -8 -4 -12 -17
right_child=1 -3 9 6 7 8 10 -9 11 12 17 -13 14 -15 -16 18 -18 -19 -20
leaf_value=13227.354830615614 13104.247967204086 13765.556871162191 13015.560273901589 12733.857838410386 13283.157407111335 12886.291354965697 12860.459679102361 13473.53368560866 12996.904481642887 13059.863193786176 12947.637792776493 13104.570808643153 13110.955826558593 12811.792015794901 13178.992546718651 12908.330278117357 13050.720862302956 12971.229297812068 12886.847966050806
leaf_weight=31 30 31 38 42 53 31 55 30 34 31 49 31 41 56 35 47 41 35 30
leaf_count=31 30 31 38 42 53 31 55 30 34 31 49 31 41 56 35 47 41 35 30
internal_value=13048.5 13390.1 12970 12922.6 13286.6 13052.4 12870.1 13352.4 12995.8 13082.5 12912 13048.2 13118.5 12778.1 13142.4 12883.2 13033.8 12957.3 12899.7
internal_weight=771 144 627 441 113 127 314 83 96 186 216 65 107 98 76 132 79 84 77
internal_count=771 144 627 441 113 127 314 83 96 186 216 65 107 98 76 132 79 84 77
is_linear=0
shrinkage=1


Tree=1
num_leaves=19
num_cat=0
split_feature=24 24 24 1 24 23 14 24 24 24 27 27 24 24 24 24 24 21
split_gain=7.47001e+09 1.76156e+09 1.478e+09 9.98773e+08 5.26065e+08 2.8433e+08 2.94769e+08 1.0972e+08 9.60472e+07 9.44386e+07 4.75525e+07 4.36772e+07 8.36848e+07 1.90158e+07 1.45713e+07 8.74693e+06 4.67858e+06 728662
threshold=9395.8333333333339 15300.000000000002 6694.4444444444443 0.095454545454545472 5041.666666666667 -0.68301270189221952 108.50000000000001 7813.8888888888896 4166.666666666667 5784.7222222222235 -0.58077876009839879 0.39753913293121995 10750.000000000002 7383.3333333333339 6421.2972222222224 4618.0555555555566 5437.5000000000009 0.8902821316614421
decision_type=2 2 2 2 2 2 2 2 2 2 2 2 2 2 2 2 2 2
left_child=2 11 3 5 8 -1 -7 13 -5 16 -9 12 -2 -4 17 -10 -6 -11
right_child=1 -3 7 4 9 6 -8 10 15 14 -12 -13 -14 -15 -16 -17 -18 -19
leaf_value=-94.322790368680415 194.39057942328051 663.5197936030446 -22.470875987572345 -308.94298346532537 -172.76051637265022 -36.92957837362615 172.45650011740648 118.34422624810807 -238.61789511129643 -113.4616631897581 44.228633077591404 177.35056110774954 311.21097484723549 24.295152352270581 -66.171878854851968 -203.37972318644867 -148.87879694712137 -99.772112944911242
leaf_weight=59 32 31 57 51 50 38 30 35 43 30 57 30 31 35 36 43 50 33
leaf_count=59 32 31 57 51 50 38 30 35 43 30 57 30 31 35 36 43 50 33
internal_value=-17.7758 337.569 -85.9206 -133.553 -178.69 -14.0878 55.5642 33.9436 -254.1 -126.673 72.5227 228.323 252.276 -4.67234 -91.8917 -221.256 -160.98 -106.461
internal_weight=771 124 647 463 336 127 68 184 137 199 92 93 63 92 99 86 100 63
internal_count=771 124 647 463 336 127 68 184 137 199 92 93 63 92 99 86 100 63
is_linear=0
shrinkage=0.05


Tree=2
num_leaves=21
num_cat=0
split_feature=24 24 24 1 1 0 24 24 11 24 23 24 24 0 24 24 24 24 24 28
split_gain=6.75018e+09 1.81876e+09 1.08947e+09 9.79856e+08 4.91946e+08 4.45134e+08 3.93476e+08 2.33266e+08 1.96522e+08 1.05354e+08 7.78671e+07 7.60835e+07 6.34213e+07 5.69272e+07 2.7154e+07 9.42644e+06 6.26803e+06 4.26611e+06 3.27478e+06 768763
threshold=9041.6666666666679 15300.000000000002 6513.8888888888896 0.095454545454545472 0.6000000000000002 136.55000000000004 4935.186111111112 10465.277777777779 1.5000000000000002 7398.1472222222228 -0.68301270189221952 4125.0000000000009 5734.0058080808094 93.250000000000014 8199.0750000000025 6916.666666666667 4618.0555555555566 5437.5000000000009 6236.1111111111122 -0.14153505243942446
decision_type=2 2 2 2 2 2 2 2 2 2 2 2 2 2 2 2 2 2 2 2
left_child=2 4 3 5 -2 -1 11 -6 -7 15 -10 -5 17 -11 -15 -4 -13 19 -14 -8
right_child=1 -3 9 6 7 8 12 -9 10 13 -12 16 18 14 -16 -17 -18 -19 -20 -21
leaf_value=151.04951949042905 24.65871318614364 630.45046708576172 -45.596856303342648 -296.09331206958166 197.24363473436028 -169.95345506085459 -158.35910374841023 372.48875509369805 -74.289827546736049 -9.6655502172145038 35.117350377505126 -228.38388581844833 -107.96472737298721 44.793681716012848 106.62879768199858 -11.673738127381263 -195.92979662569627 -144.59546617830989 -86.796048816996091 -176.07674426715636
leaf_weight=31 30 31 41 48 53 31 30 30 31 31 34 46 49 42 31 41 33 43 35 30
leaf_count=31 30 31 41 48 53 31 30 30 31 31 34 46 49 42 31 41 33 43 35 30
internal_value=-16.8857 291.706 -87.7936 -130.589 198.3 -13.3817 -177.975 260.957 -66.5813 13.6891 -17.0953 -245.916 -131.727 47.0833 71.1624 -28.6702 -215.092 -158.085 -99.2582 -167.496
internal_weight=771 144 627 441 113 127 314 83 96 186 65 127 187 104 73 82 79 103 84 60
internal_count=771 144 627 441 113 127 314 83 96 186 65 127 187 104 73 82 79 103 84 60
is_linear=0
shrinkage=0.05


Tree=3
num_leaves=20
num_cat=0
split_feature=24 24 24 1 24 23 14 24 24 24 27 27 24 24 24 24 24 24 26
split_gain=6.1065e+09 1.43108e+09 1.2003e+09 8.23658e+08 4.1858e+08 2.43061e+08 2.5857e+08 9.29191e+07 7.57942e+07 7.57735e+07 4.09744e+07 3.62101e+07 7.06973e+07 1.65111e+07 1.03506e+07 4.26709e+06 3.86899e+06 3.24722e+06 753291
threshold=9395.8333333333339 15300.000000000002 6641.666666666667 0.095454545454545472 5006.9444444444453 -0.68301270189221952 108.50000000000001 7813.8888888888896 4236.1111111111122 5784.7222222222235 -0.5416228050394748 0.39753913293121995 10750.000000000002 7383.3333333333339 6421.2972222222224 5437.5000000000009 4699.0750000000007 7013.8888888888896 6.7999999999999998
decision_type=2 2 2 2 2 2 2 2 2 2 2 2 2 2 2 2 2 2 2
left_child=2 11 3 5 8 -1 -7 13 -5 15 -9 12 -2 17 18 -6 -10 -4 -11
right_child=1 -3 7 4 9 6 -8 10 16 14 -12 -13 -14 -15 -16 -17 -18 -19 -20
leaf_value=-86.899193847966075 175.39922996829975 599.02930174211212 -33.059327550742317 -274.13185451067665 -156.77490217708149 -34.943855954468098 161.16394828466878 106.50001771879327 -209.63500349468129 -88.976674391027302 38.06957439891795 160.37225579565941 282.72802514569935 21.712483993486799 -61.124257122858062 -134.4902751625655 -182.9187980165772 -9.768301558890613 -102.31954703431835
leaf_weight=59 32 31 30 58 53 38 30 36 40 30 56 30 31 35 33 50 36 30 33
leaf_count=59 32 31 30 58 53 38 30 36 40 30 56 30 31 35 33 50 36 30 33
internal_value=-16.0423 305.239 -77.6548 -121.069 -162.377 -12.7149 51.6838 29.1467 -230.7 -116.278 64.9333 206.771 228.576 -5.54157 -84.1644 -146.098 -197.237 -21.4495 -96.117
internal_weight=771 124 647 460 333 127 68 187 134 199 92 93 63 95 96 103 76 60 63
internal_count=771 124 647 460 333 127 68 187 134 199 92 93 63 95 96 103 76 60 63
is_linear=0
shrinkage=0.05


Tree=4
num_leaves=22
num_cat=0
split_feature=24 24 24 24 0 24 11 0 0 24 24 24 23 24 24 24 24 24 24 24 6
split_gain=5.51285e+09 1.29199e+09 1.08361e+09 7.35066e+08 3.93293e+08 3.87547e+08 1.75125e+08 1.62745e+08 1.10535e+08 1.47946e+08 7.53815e+07 6.56691e+07 6.16365e+07 5.75935e+07 2.33449e+07 1.72439e+07 1.55034e+07 9.23778e+06 5.26072e+06 3.00282e+06 1.76235e+06
threshold=9395.8333333333339 15300.000000000002 6694.4444444444443 1.0000000180025095e-35 136.55000000000004 5064.8138888888898 1.5000000000000002 49.600000000000009 72.300000000000026 8013.8888888888896 4308.1472222222228 5847.2222222222235 -0.68301270189221952 10366.269841269843 7236.1111111111122 8629.6305555555573 3847.2222222222222 6421.2972222222224 5581.666666666667 4699.0750000000007 2.9500000000000006
decision_type=2 2 2 2 2 2 2 2 2 2 2 2 2 2 2 2 2 2 2 2 2
left_child=2 7 3 4 -1 10 -6 -2 -4 14 16 18 -8 -9 -10 -11 -5 -13 20 -12 -7
right_child=1 -3 8 5 6 11 12 13 9 15 19 17 -14 -15 -16 -17 -18 -19 -20 -21 -22
leaf_value=142.48182757705737 100.13864625949796 569.17414425178356 -58.813497600206908 -283.40335316880839 -159.66619969702228 -154.5769758357558 -66.256288789706218 195.28842943082043 -21.523169946090441 79.936160227626658 -195.86813846599003 -89.595137646569881 31.083023740259435 292.78124975667049 28.669514958153567 134.16507815744393 -229.80537376281151 -56.868912258835053 -118.39693906083065 -172.18004182253526 -134.83792061612934
leaf_weight=31 30 31 30 32 31 30 31 33 41 30 35 57 34 30 53 30 31 36 35 43 37
leaf_count=31 30 31 30 32 31 30 31 33 41 30 35 57 34 30 53 30 31 36 35 43 37
internal_value=-15.2391 290.026 -73.7802 -114.565 -12.0776 -153.288 -62.0839 196.466 28.8534 45.9585 -216.443 -107.534 -15.3707 242.104 6.7773 107.229 -257.436 -77.0017 -135.269 -183.047 -143.894
internal_weight=771 124 647 463 127 336 96 93 184 154 141 195 65 63 94 60 63 93 102 78 67
internal_count=771 124 647 463 127 336 96 93 184 154 141 195 65 63 94 60 63 93 102 78 67
is_linear=0
shrinkage=0.05


Tree=5
num_leaves=19
num_cat=0
split_feature=24 24 1 24 24 2 24 0 0 15 24 24 24 24 24 0 24 24
split_gain=7.39721e+09 2.55335e+09 7.41205e+08 6.49024e+08 4.3969e+08 2.48622e+08 1.54157e+08 1.45377e+08 1.36435e+08 7.056e+07 5.66554e+07 4.88763e+07 2.33565e+07 1.90183e+07 7.83777e+06 5.85444e+06 4.55819e+06 1.15435e+06
threshold=16530.555555555558 7398.1472222222228 0.095454545454545472 5734.0058080808094 9395.8333333333339 5.4500000000000011 4308.1472222222228 81.40000000000002 79.100000000000009 1.0000000180025095e-35 6421.2972222222224 8394.4444444444471 4902.7777777777783 3791.6666666666674 6824.0750000000007 256.20000000000005 5375.0000000000009 6041.666666666667
decision_type=2 2 2 2 2 2 2 2 2 2 2 2 2 2 2 2 2 2
left_child=1 2 5 6 8 -1 13 -6 -3 -7 17 -10 -8 -4 -12 -14 -17 -5
right_child=-2 4 3 10 7 9 12 -9 11 -11 14 -13 15 -15 -16 16 -18 -19
leaf_value=98.595826198859598 753.76246859927653 -44.747950972750345 -276.85517326684487 -95.769758430076919 124.00224955379286 -102.64532810223449 -181.06066650810831 249.10493086093439 45.289099648643543 -5.1304283622030056 -44.373260731302253 116.08804671445401 -160.24588992096656 -220.07018891614723 -16.5336610958494 -143.66920789052639 -116.55954103132535 -81.183751816248318
leaf_weight=50 31 30 30 32 44 31 58 50 55 46 47 44 30 37 55 42 31 37
leaf_count=50 31 30 30 32 44 31 58 50 55 46 47 44 30 37 55 42 31 37
internal_value=-1.83573 -33.2053 -93.3107 -126.789 108.546 11.8872 -182.001 190.74 48.5515 -44.472 -53.11 76.8407 -155.286 -245.871 -29.3927 -140.61 -132.332 -88.0772
internal_weight=780 749 526 399 223 127 228 94 129 77 171 99 161 67 102 103 73 69
internal_count=780 749 526 399 223 127 228 94 129 77 171 99 161 67 102 103 73 69
is_linear=0
shrinkage=0.05


Tree=6
num_leaves=20
num_cat=0
split_feature=0 0 2 6 27 26 27 26 4 28 0 26 4 21 0 26 21 4 26
split_gain=1.59508e+09 8.92068e+08 2.33408e+08 2.73439e+08 2.47195e+08 2.05665e+08 3.38039e+08 1.91074e+08 1.53366e+08 1.73816e+08 1.24812e+08 1.21472e+08 1.10259e+08 9.81473e+07 8.54658e+07 5.44063e+07 3.25127e+07 2.67542e+07 1.88203e+07
threshold=7.5000000000000009 239.25000000000003 15.747000000000002 4.4500000000000011 0.69636977696931246 8.7500000000000018 0.63540876391619916 10.050000000000002 1015.5500000000001 -0.27608674622158907 63.500000000000007 6.450000000000002 1010.5500000000001 0.7018276515151517 105.2 6.450000000000002 0.85255434782608719 1018.2500000000001 5.7500000000000027
decision_type=2 2 2 2 2 2 2 2 2 2 2 2 2 2 2 2 2 2 2
left_child=-1 5 3 4 8 10 7 -7 9 -3 -2 -5 -6 14 -12 -15 -4 -14 -18
right_child=1 2 16 11 12 6 -8 -9 -10 -11 13 -13 17 15 -16 -17 18 -19 -20
leaf_value=322.83470814036531 81.709045415903432 -61.683501110795866 -168.49565462962119 -19.894736645467258 -58.344487713842845 228.90111245069039 -21.247112721006587 67.335063833908123 -107.0969163431231 72.390958621634624 -34.090977227443126 121.07011296802779 -202.92082266062994 -101.15638396811248 66.299457749283462 -13.472279637595618 -141.52401729342944 -135.40009316202145 -92.198072231903339
leaf_weight=36 53 45 32 30 36 43 39 32 39 52 34 31 30 30 56 43 30 31 58
leaf_count=36 53 45 32 30 36 43 39 32 39 52 34 31 30 30 56 43 30 31 58
internal_value=-1.7446 -17.4913 -66.3652 -42.3547 -67.0226 43.8246 98.1274 160.148 -23.4963 10.1919 15.1327 51.824 -127.962 -6.55163 28.3784 -49.596 -125.107 -168.885 -109.155
internal_weight=780 744 414 294 233 330 114 75 136 97 216 61 97 163 90 73 120 61 88
internal_count=780 744 414 294 233 330 114 75 136 97 216 61 97 163 90 73 120 61 88
is_linear=0
shrinkage=0.05


Tree=7
num_leaves=21
num_cat=0
split_feature=24 24 24 24 24 2 0 24 0 15 24 24 24 24 24 26 24 24 24 21
split_gain=6.50146e+09 2.16312e+09 6.53056e+08 5.51338e+08 3.87586e+08 2.13659e+08 1.46057e+08 1.35871e+08 1.28506e+08 6.08815e+07 5.53383e+07 4.5721e+07 4.28811e+07 1.9624e+07 1.85455e+07 1.40732e+07 6.42074e+06 5.82817e+06 2.77887e+06 2.41545e+06
threshold=16530.555555555558 7383.3333333333339 1.0000000180025095e-35 5734.0058080808094 9395.8333333333339 5.4500000000000011 49.600000000000009 4308.1472222222228 79.100000000000009 1.0000000180025095e-35 10268.519444444444 6421.2972222222224 8493.0555555555566 4902.7777777777783 3791.6666666666674 8.9500000000000046 7907.4083333333338 6791.666666666667 5437.5000000000009 0.87045560566008395
decision_type=2 2 2 2 2 2 2 2 2 2 2 2 2 2 2 2 2 2 2 2
left_child=1 2 5 7 8 -1 -6 14 -3 -7 -8 19 16 -9 -4 18 -10 -13 -15 -5
right_child=-2 4 3 11 6 9 10 13 12 -11 -12 17 -14 15 -16 -17 -18 -19 -20 -21
leaf_value=92.321416560190158 706.71492240881241 -47.817286808863038 -259.40497998209094 -91.883464810779245 84.567822602737792 -94.342665593187149 171.09568084051304 -167.58113986358379 27.720755798487033 -3.7646811793527997 265.52669533227464 -41.787296950844144 110.94815286699769 -127.24340922521014 -203.68059345255642 -159.82185699361503 60.042658236095761 -17.428701296549644 -105.64469763458349 -72.107781966402158
leaf_weight=50 31 30 30 31 30 31 32 58 31 46 32 44 39 42 37 30 31 56 31 38
leaf_count=50 31 30 30 31 30 31 32 58 31 46 32 44 39 42 37 30 31 56 31 38
internal_value=-1.65863 -31.0676 -86.7431 -118.307 98.5753 11.9409 175.994 -169.024 42.9307 -40.3063 218.652 -49.8254 69.9063 -143.945 -228.981 -130.486 43.9525 -28.1776 -118.228 -81.1127
internal_weight=780 749 524 397 225 127 94 228 131 77 64 169 101 161 67 103 62 100 73 69
internal_count=780 749 524 397 225 127 94 228 131 77 64 169 101 161 67 103 62 100 73 69
is_linear=0
shrinkage=0.05


Tree=8
num_leaves=20
num_cat=0
split_feature=24 24 1 24 1 24 0 28 24 24 24 24 24 24 0 24 24 24 21
split_gain=5.86954e+09 1.95281e+09 5.8953e+08 4.97721e+08 4.29704e+08 4.58852e+08 2.05114e+08 2.17963e+08 1.22676e+08 8.72506e+07 4.12779e+07 1.77056e+07 1.67477e+07 1.04178e+07 7.64082e+06 7.18135e+06 5.26137e+06 3.6545e+06 2.18122e+06
threshold=16530.555555555558 7383.3333333333339 0.095454545454545472 5734.0058080808094 0.6000000000000002 9940.7416666666668 489.35000000000008 -0.52705818521824699 4308.1472222222228 8552.7777777777792 6421.2972222222224 4902.7777777777783 3791.6666666666674 9147.2222222222244 256.20000000000005 7842.5916666666672 6791.666666666667 5326.3888888888896 0.87045560566008395
decision_type=2 2 2 2 2 2 2 2 2 2 2 2 2 2 2 2 2 2 2
left_child=1 2 6 8 -3 9 7 -1 12 15 18 -10 -4 -11 -13 -6 -12 -16 -5
right_child=-2 4 3 10 5 -7 -8 -9 11 13 16 14 -14 -15 17 -17 -18 -19 -20
leaf_value=-19.503362846374515 671.49279761605715 -50.47572068026966 -246.47781905367526 -87.304064352642683 26.876911985766135 265.24825431333147 -78.937311811741623 140.76416412125204 -159.21650549253377 102.57329199689762 -39.702670115083798 -145.89928384064837 -193.52401244788155 144.05023705980929 -126.74383110405665 58.340611189125234 -16.558819596482685 -102.84155138534999 -68.511855686618276
leaf_weight=45 31 42 30 31 33 45 42 40 58 31 44 30 37 33 36 41 56 37 38
leaf_count=45 31 42 30 31 33 45 42 40 58 31 44 30 37 33 36 41 56 37 38
internal_value=-1.57489 -29.5181 -82.4179 -112.407 93.6615 126.752 11.3436 55.9934 -160.595 81.4304 -47.3407 -136.766 -217.567 124.151 -123.981 44.3648 -26.7717 -114.786 -77.0689
internal_weight=780 749 524 397 225 183 127 85 228 138 169 161 67 64 103 74 100 73 69
internal_count=780 749 524 397 225 183 127 85 228 138 169 161 67 64 103 74 100 73 69
is_linear=0
shrinkage=0.05


Tree=9
num_leaves=19
num_cat=0
split_feature=24 24 1 24 1 24 0 4 24 24 24 24 24 26 24 24 24 21
split_gain=5.33093e+09 1.58949e+09 5.32201e+08 4.4932e+08 3.92569e+08 3.07922e+08 1.85163e+08 3.23963e+08 1.10762e+08 5.61924e+07 3.72665e+07 1.59746e+07 1.51241e+07 1.25955e+07 6.48247e+06 4.76234e+06 2.35418e+06 1.96971e+06
threshold=14374.305555555557 7383.3333333333339 0.095454545454545472 5734.0058080808094 0.6000000000000002 9731.4805555555577 489.35000000000008 1006.2500000000001 4308.1472222222228 8552.7777777777792 6421.2972222222224 4902.7777777777783 3791.6666666666674 8.9500000000000046 7842.5916666666672 6824.0750000000007 5326.3888888888896 0.87045560566008395
decision_type=2 2 2 2 2 2 2 2 2 2 2 2 2 2 2 2 2 2
left_child=1 2 6 8 -3 9 7 -1 12 14 17 -10 -4 16 -6 -12 -13 -5
right_child=-2 4 3 10 5 -7 -8 -9 11 -11 15 13 -14 -15 -16 -17 -18 -19
leaf_value=-20.797392552881718 575.32046761900745 -63.577411954984896 -234.19487264132579 -82.952897109249406 25.537126521545598 212.94933842854667 -74.999819139856626 181.75352170712694 -151.26938105729278 110.03699665325844 -37.015941747839541 -117.80068509428207 -183.87389426012885 -145.50091062019828 55.430678214934041 -15.116310409592595 -97.907646841239483 -65.09525414013801
leaf_weight=54 38 38 30 31 33 54 42 31 58 52 47 30 37 30 41 53 43 38
leaf_count=54 38 38 30 31 33 54 42 31 58 52 47 30 37 30 41 53 43 38
internal_value=-1.49568 -31.1097 -78.3079 -106.802 82.3231 113.143 10.7781 53.2008 -152.586 70.2333 -44.9799 -129.944 -206.721 -117.8 42.1523 -25.4359 -106.233 -73.2268
internal_weight=780 742 524 397 218 180 127 85 228 126 169 161 67 103 74 100 73 69
internal_count=780 742 524 397 218 180 127 85 228 126 169 161 67 103 74 100 73 69
is_linear=0
shrinkage=0.05


Tree=10
num_leaves=20
num_cat=0
split_feature=3 11 1 4 25 4 2 4 28 20 27 3 27 26 20 6 4 29 14
split_gain=5.37218e+08 3.11069e+08 2.71336e+08 7.30218e+08 3.11143e+08 3.20002e+08 2.45753e+08 3.13456e+08 3.51873e+08 1.42128e+08 5.57906e+07 4.93408e+07 4.49432e+07 4.1342e+07 3.4428e+07 3.16307e+07 3.08101e+07 5.70278e+07 1.94148e+07
threshold=44.500000000000007 3.5000000000000004 0.6000000000000002 1012.7500000000001 18.804650000000006 1003.7500000000001 15.747000000000002 1016.3000000000001 -0.18399835165767994 10.3284 0.82876241254485883 37.95000000000001 0.20088869483109786 7.1499999999999995 20.685900000000007 2.3500000000000001 998.85000000000002 1.0000000180025095e-35 253.50000000000003
decision_type=2 2 2 2 2 2 2 2 2 2 2 2 2 2 2 2 2 2 2
left_child=1 11 3 4 -2 -6 7 8 16 12 13 -1 -10 -9 15 -8 -4 -18 -17
right_child=2 -3 6 -5 5 -7 14 10 9 -11 -12 -13 -14 -15 -16 18 17 -19 -20
leaf_value=103.66627566822345 -93.109873872400414 254.63289625605077 -69.687971043982998 271.25359378447166 -14.592832530331492 176.04587875322738 -30.9434287620867 -83.020427438487175 93.091980357387314 183.48403209055778 -121.68241126376664 13.741750328333815 23.168916870249589 -9.7571750030117084 -121.05721878492301 -114.90719237045334 29.001238609371047 -52.539875281244974 -59.907257740447164
leaf_weight=30 55 30 36 30 59 35 41 39 46 30 37 31 46 38 38 32 40 46 33
leaf_count=30 55 30 36 30 59 35 41 39 46 30 37 31 46 38 38 32 40 46 33
internal_value=9.04438 123.076 -6.2091 46.6284 1.25023 56.5013 -25.0551 -2.86133 29.1177 89.1278 -71.2732 58.0643 58.1936 -46.9242 -80.191 -65.4405 -30.9163 -14.6241 -87.1191
internal_weight=772 91 681 179 149 94 502 358 244 122 114 61 92 77 144 106 122 86 65
internal_count=772 91 681 179 149 94 502 358 244 122 114 61 92 77 144 106 122 86 65
is_linear=0
shrinkage=0.05


Tree=11
num_leaves=19
num_cat=0
split_feature=24 24 1 24 24 1 23 24 11 24 24 6 24 24 24 8 20 24
split_gain=5.82122e+09 1.56975e+09 5.48552e+08 3.40115e+08 3.23413e+08 3.40474e+08 2.80534e+08 1.73654e+08 1.65311e+08 6.53192e+07 5.5292e+07 2.16696e+07 1.64318e+07 1.13771e+07 7.9244e+06 4.44316e+06 3.19997e+06 2.46064e+06
threshold=18257.575757575763 7291.666666666667 0.095454545454545472 5437.5000000000009 9240.7416666666668 0.18333333333333332 -0.68301270189221952 10694.444444444447 2.5000000000000004 4078.702777777778 6494.4444444444453 3.6500000000000008 7953.7027777777785 4731.4805555555567 5734.0058080808094 15.750000000000002 10.166300000000003 6916.666666666667
decision_type=2 2 2 2 2 2 2 2 2 2 2 2 2 2 2 2 2 2
left_child=1 2 6 9 11 -6 -1 -7 -8 -4 14 12 -3 -11 -5 -15 -16 -12
right_child=-2 4 3 10 5 7 8 -9 -10 13 17 -13 -14 15 16 -17 -18 -19
leaf_value=-66.174452882410179 678.74120697315868 18.474779645582089 -204.22140371656735 -95.655507654204328 9.9849542093421029 144.44130828915996 16.663001111998174 295.9856623754153 168.21662915072338 -151.34189172872831 -30.978470245148909 -3.5732102385952942 61.147202832593578 -132.72758741003321 -79.404231917362793 -106.51285438646278 -58.859004363675346 -12.925126329405217
leaf_weight=55 31 40 45 40 33 52 41 30 32 55 43 35 52 38 36 35 45 34
leaf_count=55 31 40 45 40 33 52 41 30 32 55 43 35 52 38 36 35 45 34
internal_value=8.5946 -19.529 -70.2048 -100.991 84.9495 145.657 19.0351 200.177 83.2368 -152.194 -56.1977 29.9071 42.6342 -133.759 -77.2653 -120.322 -68.0769 -23.034
internal_weight=772 741 499 371 242 115 128 82 73 173 198 127 92 128 121 73 81 77
internal_count=772 741 499 371 242 115 128 82 73 173 198 127 92 128 121 73 81 77
is_linear=0
shrinkage=0.05


Tree=12
num_leaves=19
num_cat=0
split_feature=24 24 24 24 24 23 11 24 24 24 6 9 24 24 26 24 8 24
split_gain=5.25541e+09 1.41705e+09 4.95211e+08 3.07022e+08 2.91968e+08 2.53248e+08 1.49243e+08 5.9275e+07 4.99142e+07 3.11204e+07 1.95611e+07 1.95013e+07 1.49927e+07 7.64669e+06 7.49065e+06 5.8525e+06 4.26473e+06 2.22117e+06
threshold=18257.575757575763 7291.666666666667 1.0000000180025095e-35 5437.5000000000009 9240.7416666666668 -0.68301270189221952 2.5000000000000004 4201.3888888888896 6494.4444444444453 9995.3694444444463 3.6500000000000008 0.15000000000000005 7813.8888888888896 4784.7222222222235 9.0500000000000025 6009.2583333333341 15.750000000000002 6916.666666666667
decision_type=2 2 2 2 2 2 2 2 2 2 2 2 2 2 2 2 2 2
left_child=1 2 5 7 10 -1 -7 -4 14 -6 12 -11 -3 -9 15 -5 -15 -10
right_child=-2 4 3 8 9 6 -8 13 17 11 -12 -13 -14 16 -16 -17 -18 -19
leaf_value=-62.871735638931739 644.91325647409326 13.462255495768659 -188.81790681828215 -77.175816103343621 96.844194358065053 15.831876219218083 159.83200177581881 -139.82338341769696 -29.433140755142251 134.30520162019127 -3.395059371470047 185.17019098748614 55.585024792046717 -126.0421411758814 -94.810865062456045 -51.095811739480098 -99.561005615971951 -12.280764976065178
leaf_weight=55 31 33 53 51 33 41 32 52 43 49 35 33 59 35 31 39 33 34
leaf_count=55 31 33 53 51 33 41 32 52 43 49 35 33 59 35 31 39 33 34
internal_value=8.16779 -18.5541 -66.7021 -95.9529 80.7129 18.0879 79.0876 -144.602 -53.3948 138.393 28.4147 154.976 40.5068 -124.932 -73.4117 -65.9438 -113.356 -21.8852
internal_weight=772 741 499 371 242 128 73 173 198 115 127 82 92 120 121 90 68 77
internal_count=772 741 499 371 242 128 73 173 198 115 127 82 92 120 121 90 68 77
is_linear=0
shrinkage=0.05


Tree=13
num_leaves=19
num_cat=0
split_feature=0 0 26 30 14 21 0 14 6 3 11 1 7 28 26 21 21 3
split_gain=2.34521e+09 6.38839e+08 2.80546e+08 1.15171e+08 9.67361e+07 1.51872e+08 9.50749e+07 1.03039e+08 8.10364e+07 7.98506e+07 7.72791e+07 5.53428e+07 5.03505e+07 4.08896e+07 3.35083e+07 3.14597e+07 2.87399e+07 8.22633e+06
threshold=6.5000000000000009 387.75000000000006 8.0500000000000025 -0.56174490092936669 172.50000000000003 0.75516150516150526 123.05000000000001 99.500000000000014 4.5500000000000007 50.050000000000004 3.5000000000000004 0.6000000000000002 27.650000000000002 -0.49749486057528974 5.950000000000002 0.82953703703703707 0.68225016118633153 73.200000000000003
decision_type=2 2 2 2 2 2 2 2 2 2 2 2 2 2 2 2 2 2
left_child=-1 2 4 -4 15 12 9 -8 10 -5 11 -3 -6 -12 -7 -2 -13 -18
right_child=1 8 3 6 5 14 7 -9 -10 -11 13 16 -14 -15 -16 -17 17 -19
leaf_value=440.41839980825637 -72.273414824263639 -166.26095242421096 131.85081158126314 -50.755104261438653 86.738298608738845 -83.414554745493547 23.054871213976352 143.8313067543225 -13.795098396638076 56.071681822318276 -84.899559754117163 -47.474041286734654 18.896574286962728 -14.967537781205841 -13.901064785031506 -9.6725295677062402 -83.937377635664333 -118.01658143084306
leaf_weight=30 57 30 56 33 51 30 33 38 52 37 37 30 59 48 41 31 30 49
leaf_count=30 57 30 56 33 51 30 33 38 52 37 37 30 59 48 41 31 30 49
internal_value=7.76212 -9.7877 25.9162 71.2339 -7.28588 13.6223 47.0826 87.8072 -70.058 5.70985 -83.107 -106.072 50.4007 -45.4726 -43.349 -50.2569 -89.3685 -105.198
internal_weight=772 742 466 197 269 181 141 71 276 70 224 139 110 85 71 88 109 79
internal_count=772 742 466 197 269 181 141 71 276 70 224 139 110 85 71 88 109 79
is_linear=0
shrinkage=0.05


Tree=14
num_leaves=22
num_cat=0
split_feature=24 24 1 1 24 0 24 30 24 24 4 0 24 24 24 24 24 26 0 24 2
split_gain=4.60864e+09 1.22119e+09 3.41394e+08 2.82864e+08 5.53863e+08 2.64346e+08 1.83272e+08 1.07489e+08 1.01921e+08 7.74698e+07 4.87351e+07 2.96094e+07 1.40669e+07 1.19998e+07 1.14511e+07 1.107e+07 1.104e+07 7.75883e+06 4.52599e+06 1.49397e+06 852100
threshold=18257.575757575763 8736.1111111111131 0.18333333333333332 1.0000000180025095e-35 5745.3694444444454 136.55000000000004 10694.444444444447 1.0000000180025095e-35 7143.5194444444451 4308.1472222222228 1006.2500000000001 91.850000000000009 6494.4444444444453 9754.6305555555573 3902.7777777777778 7953.7027777777785 4953.7027777777785 7.8500000000000005 297.30000000000001 5419.4444444444462 14.250000000000002
decision_type=2 2 2 2 2 2 2 2 2 2 2 2 2 2 2 2 2 2 2 2 2
left_child=1 3 -3 5 9 -1 13 10 12 14 -7 -10 18 -4 -5 -13 -11 19 -6 -18 -14
right_child=-2 2 6 4 8 7 -8 -9 11 16 -12 15 20 -15 -16 -17 17 -19 -20 -21 -22
leaf_value=139.59212524782853 603.65345559074183 -14.331221330066796 100.96216425858144 -193.34163654838395 -75.428422855617995 -29.787340548031057 268.50701940796301 -98.941426295580527 -26.64406055849652 -122.70507179169888 58.043870911184229 16.534392955596438 -34.021539894686981 143.45139753395151 -148.99533029716704 52.089668430317808 -92.015574621464282 -115.15245989342594 -50.415268137013115 -74.984935834003849 -22.005285818707137
leaf_weight=33 31 36 38 32 30 32 30 32 30 59 31 56 30 32 32 36 31 31 49 30 31
leaf_count=33 31 36 38 32 30 32 30 32 30 59 31 56 30 32 32 36 31 31 49 30 31
internal_value=7.37493 -17.6487 117.679 -48.0839 -65.7914 17.9037 165.17 -24.4693 -16.9713 -125.248 13.4546 16.4294 -46.0686 120.563 -171.436 30.4888 -105.572 -94.4624 -59.9973 -83.7764 -27.961
internal_weight=772 741 136 605 477 128 100 95 262 215 63 122 140 70 64 92 151 92 79 61 61
internal_count=772 741 136 605 477 128 100 95 262 215 63 122 140 70 64 92 151 92 79 61 61
is_linear=0
shrinkage=0.05


Tree=15
num_leaves=22
num_cat=0
split_feature=24 24 24 1 1 0 28 24 0 24 8 24 24 24 24 24 3 24 24 24 14
split_gain=2.63517e+09 8.05656e+08 5.07071e+08 2.87109e+08 2.0869e+08 1.9753e+08 1.99327e+08 1.59815e+08 1.39608e+08 1.07825e+08 5.48301e+07 3.70671e+07 2.26558e+07 1.73416e+07 1.03548e+07 6.62303e+06 6.22011e+06 5.29929e+06 3.51903e+06 1.483e+06 129203
threshold=9819.4444444444471 17036.111111111113 6620.3694444444454 0.6000000000000002 0.095454545454545472 387.75000000000006 -0.65187484896379921 4618.0555555555566 60.350000000000009 8072.2222222222235 10.15 5734.0058080808094 3791.6666666666674 7201.3888888888896 8861.1111111111131 6236.1111111111122 63.20000000000001 5197.2222222222235 7657.4083333333338 4263.8888888888896 195.50000000000003
decision_type=2 2 2 2 2 2 2 2 2 2 2 2 2 2 2 2 2 2 2 2 2
left_child=2 3 4 -2 5 6 -1 12 -4 13 -7 16 -6 -10 -11 -13 -9 -18 -15 -14 -19
right_child=1 -3 8 -5 7 10 -8 11 9 14 -12 15 19 18 -16 -17 17 20 -20 -21 -22
leaf_value=-52.409621846484221 14.182109462333262 433.6189460622536 -84.795158877958897 209.3626902875682 -187.3209237935842 -134.20927213497731 122.65029344866353 -111.65513231509199 -17.759756075847172 60.332140156889913 -38.51342975958638 -63.831870190751523 -143.61388194584001 9.4220193089775517 98.940171310974279 -37.869026141966479 -99.635429153986038 -71.880150231649722 32.13883720471545 -125.07850462057797 -79.606477715881965
leaf_weight=31 31 31 30 48 31 30 34 32 56 35 30 53 31 38 36 47 42 30 31 33 30
leaf_count=31 31 31 30 48 31 30 34 32 56 35 30 53 31 38 36 47 42 30 31 33 30
internal_value=-8.9788 217.956 -45.7155 132.888 -76.1735 -21.1553 39.2078 -97.0642 15.4765 30.8597 -86.5051 -74.8042 -151.758 2.89508 80.0197 -51.6794 -92.01 -85.7435 19.6599 -134.267 -75.8694
internal_weight=790 110 680 79 454 125 65 329 226 196 60 234 95 125 71 100 134 102 69 64 60
internal_count=790 110 680 79 454 125 65 329 226 196 60 234 95 125 71 100 134 102 69 64 60
is_linear=0
shrinkage=0.05


Tree=16
num_leaves=21
num_cat=0
split_feature=24 24 24 24 0 23 24 0 0 24 8 24 24 24 24 0 24 24 24 24
split_gain=2.37894e+09 7.27388e+08 4.57773e+08 1.88394e+08 1.78329e+08 1.97291e+08 1.44319e+08 1.26039e+08 9.77171e+07 9.73395e+07 4.95015e+07 3.23534e+07 2.15623e+07 1.56548e+07 9.34775e+06 6.60729e+06 5.97823e+06 4.42534e+06 3.17708e+06 1.66148e+06
threshold=9819.4444444444471 17036.111111111113 6620.3694444444454 1.0000000180025095e-35 387.75000000000006 -0.68301270189221952 4699.0750000000007 60.350000000000009 42.000000000000007 8072.2222222222235 10.15 5734.0058080808094 3791.6666666666674 7201.3888888888896 8861.1111111111131 214.55000000000004 6236.1111111111122 5300.9250000000011 7657.4083333333338 4263.8888888888896
decision_type=2 2 2 2 2 2 2 2 2 2 2 2 2 2 2 2 2 2 2 2
left_child=2 8 3 4 5 -1 12 -4 -2 13 -6 15 -5 -9 -11 -8 -13 -17 -15 -14
right_child=1 -3 7 6 10 -7 11 9 -10 14 -12 16 19 18 -16 17 -18 -19 -20 -21
leaf_value=-48.468452903655361 58.604371255654783 412.00771234641115 -80.569488028592843 -177.98499296623794 -127.52110107459895 125.52869171427788 -105.88610523365161 -16.873351124832126 172.09673214404194 57.324128031934428 -36.594157498381861 -60.646287108455454 -136.45627778964027 8.952154758596043 94.006867013017214 -89.818419237729515 -35.979595441878978 -67.639079550192136 30.537062847959266 -117.8929527346117
leaf_weight=33 32 31 30 31 30 32 35 56 47 35 30 53 31 38 36 53 47 43 31 36
leaf_count=33 32 31 30 31 30 32 35 56 47 35 30 53 31 38 36 53 47 43 31 36
internal_value=-8.53155 207.088 -43.4365 -72.3761 -20.1016 37.2528 -92.225 14.7049 126.257 29.3214 -82.1942 -70.6023 -143.069 2.75128 76.03 -86.9658 -49.1005 -79.9647 18.68 -126.673
internal_weight=790 110 680 454 125 65 329 226 79 196 60 231 98 125 71 131 100 96 69 67
internal_count=790 110 680 454 125 65 329 226 79 196 60 231 98 125 71 131 100 96 69 67
is_linear=0
shrinkage=0.05


Tree=17
num_leaves=20
num_cat=0
split_feature=24 24 24 1 1 27 21 24 24 24 24 24 3 26 24 24 21 25 24
split_gain=2.14763e+09 6.56718e+08 4.13258e+08 2.46375e+08 1.70068e+08 1.39673e+08 2.06e+08 1.30365e+08 5.00884e+07 3.01935e+07 1.84468e+07 1.53233e+07 1.8206e+07 5.72959e+06 5.39621e+06 3.52518e+06 3.21867e+06 1.98928e+06 1.1988e+06
threshold=9819.4444444444471 17036.111111111113 6620.3694444444454 0.6000000000000002 0.095454545454545472 0.17552986495352002 0.76003450655624583 4618.0555555555566 8736.1111111111131 5734.0058080808094 3791.6666666666674 7383.3333333333339 55.350000000000001 8.3500000000000032 6236.1111111111122 5197.2222222222235 0.61909511064081435 18.611315000000001 4263.8888888888896
decision_type=2 2 2 2 2 2 2 2 2 2 2 2 2 2 2 2 2 2 2
left_child=2 3 4 -2 5 -1 -7 10 11 13 -6 16 -13 15 -11 -9 -4 -14 -12
right_child=1 -3 8 -5 7 6 -8 9 -10 14 18 12 17 -15 -16 -17 -18 -19 -20
leaf_value=48.923513103088254 10.007096653045949 391.47356320102114 -27.954698324779731 190.80127521602131 -169.11435884432777 -139.15218515277203 23.262101912310744 -88.700776579142385 54.938444010416667 -57.619683883868142 -129.6554019449608 -16.650970319944005 39.004059811208734 -96.9131033778919 -34.184434512517008 -66.912501229728647 -7.189005222674588 20.952654907488007 -112.96663526091329
leaf_weight=47 31 31 33 48 31 40 38 31 56 53 31 32 30 49 47 54 43 32 33
leaf_count=47 31 31 33 48 31 40 38 31 56 53 31 32 30 49 47 54 43 32 33
internal_value=-8.10588 196.763 -41.2705 119.959 -68.7669 -19.1 -60.0987 -87.6258 13.9717 -67.5212 -137.024 0.452379 13.9437 -83.05 -46.6503 -74.9538 -16.2306 29.736 -121.24
internal_weight=790 110 680 79 454 125 78 329 226 234 95 170 94 134 100 85 76 62 64
internal_count=790 110 680 79 454 125 78 329 226 234 95 170 94 134 100 85 76 62 64
is_linear=0
shrinkage=0.05


Tree=18
num_leaves=20
num_cat=0
split_feature=24 24 24 1 1 27 21 24 24 24 24 24 14 26 24 2 24 21 24
split_gain=1.94015e+09 6.26987e+08 3.44282e+08 2.24097e+08 1.53528e+08 1.26086e+08 1.85964e+08 1.17705e+08 3.51096e+07 2.72572e+07 1.66543e+07 1.38337e+07 6.2239e+06 5.18635e+06 4.87085e+06 4.09774e+06 3.66073e+06 2.90585e+06 1.08687e+06
threshold=9675.9250000000011 17036.111111111113 6620.3694444444454 0.6000000000000002 0.095454545454545472 0.17552986495352002 0.76003450655624583 4618.0555555555566 8736.1111111111131 5734.0058080808094 3791.6666666666674 7383.3333333333339 270.50000000000006 9.1500000000000039 6236.1111111111122 6.1500000000000012 5197.2222222222235 0.61909511064081435 4236.1111111111122
decision_type=2 2 2 2 2 2 2 2 2 2 2 2 2 2 2 2 2 2 2
left_child=2 3 4 -2 5 -1 -7 10 11 13 -6 17 15 16 -11 -13 -9 -4 -12
right_child=1 -3 8 -5 7 6 -8 9 -10 14 18 12 -14 -15 -16 -17 -18 -19 -20
leaf_value=46.482530839276166 4.9111741523505001 371.96282650864777 -26.561185753813689 171.28615904321688 -160.68583042353293 -132.21192701070979 22.102044731800952 -84.936037920106131 48.815612640698092 -54.744124739767244 -123.46425343256851 8.8440108828509576 -5.0821008688383928 -94.54145509373501 -32.478841962227143 34.397769718227792 -64.26349142734442 -6.8303890149720576 -107.56139900453627
leaf_weight=47 32 31 33 55 31 40 38 37 48 53 30 30 31 39 47 33 58 43 34
leaf_count=47 32 31 33 55 31 40 38 37 48 53 30 30 31 39 47 33 58 43 34
internal_value=-7.70165 179.2 -40.5426 110.167 -65.3377 -18.1477 -57.1012 -83.256 11.1012 -64.1525 -130.194 0.429997 13.2489 -78.9069 -44.3224 22.2627 -72.3958 -15.4214 -115.197
internal_weight=790 118 672 87 454 125 78 329 218 234 95 170 94 134 100 63 95 76 64
internal_count=790 118 672 87 454 125 78 329 218 234 95 170 94 134 100 63 95 76 64
is_linear=0
shrinkage=0.05


Tree=19
num_leaves=21
num_cat=0
split_feature=24 24 24 1 1 0 4 0 24 24 0 24 24 24 24 24 24 24 24 21
split_gain=1.75562e+09 5.33593e+08 3.35536e+08 2.01421e+08 1.38597e+08 1.50588e+08 2.99023e+08 1.14297e+08 1.06292e+08 7.65718e+07 2.58092e+07 2.27762e+07 1.58527e+07 1.21069e+07 6.61307e+06 5.75705e+06 2.80807e+06 1.48166e+06 1.24381e+06 110486
threshold=9819.4444444444471 17036.111111111113 6620.3694444444454 0.6000000000000002 0.095454545454545472 480.85000000000008 1005.0500000000001 60.350000000000009 4699.0750000000007 8072.2222222222235 101.30000000000001 5513.8888888888896 3791.6666666666674 7143.5194444444451 8861.1111111111131 6009.2583333333341 7657.4083333333338 5231.4805555555567 4308.1472222222228 0.8902821316614421
decision_type=2 2 2 2 2 2 2 2 2 2 2 2 2 2 2 2 2 2 2 2
left_child=2 3 4 -2 5 6 -1 -4 12 13 -10 17 -6 -9 -11 -13 -15 -12 -14 -17
right_child=1 -3 7 -5 8 -7 -8 9 10 14 11 15 18 16 -16 19 -18 -19 -20 -21
leaf_value=-51.467072405688874 9.2635812044910288 353.42448769719658 -78.252743246389002 172.73454006139553 -152.67737126488393 -89.061105879578818 148.69346002471011 -16.211396210588617 -103.82435781282443 52.058451778053225 -78.700152089418395 -51.128146833084031 -116.38917640842649 7.3762723901104224 82.958823215135908 -31.023531166659637 27.029399746713917 -64.087782449507628 -100.4075790912363 -26.143982704137251
leaf_weight=49 31 31 30 48 31 46 30 50 30 35 55 55 34 44 36 30 31 31 33 30
leaf_count=49 31 31 30 48 31 46 30 50 30 35 55 55 34 44 36 30 31 31 33 30
internal_value=-7.31774 177.912 -37.3032 108.681 -62.0794 -17.2428 24.6351 12.474 -79.1042 26.3936 -60.5476 -54.0399 -122.738 2.82747 67.821 -39.4258 15.5248 -73.5135 -108.679 -28.6314
internal_weight=790 110 680 79 454 125 79 226 329 196 231 201 98 125 71 115 75 86 67 60
internal_count=790 110 680 79 454 125 79 226 329 196 231 201 98 125 71 115 75 86 67 60
is_linear=0
shrinkage=0.05


Tree=20
num_leaves=23
num_cat=0
split_feature=24 24 1 24 1 8 24 27 20 24 24 24 24 3 24 2 2 24 24 28 2 24
split_gain=3.59144e+09 6.74726e+08 2.58137e+08 2.37202e+08 2.29844e+08 2.39115e+08 2.02181e+08 1.70718e+08 5.86703e+07 3.82194e+07 2.53425e+07 2.07207e+07 5.63594e+06 5.53497e+06 4.86518e+06 3.95638e+06 7.73268e+06 2.90539e+06 2.7464e+06 1.01558e+06 530723 529220
threshold=18427.500000000004 7842.5916666666672 0.18333333333333332 10750.000000000002 0.095454545454545472 6.7500000000000009 5745.3694444444454 -0.25118773779856163 11.548450000000001 4564.8138888888898 8552.7777777777792 7143.5194444444451 6421.2972222222224 62.95000000000001 3847.2222222222222 15.747000000000002 10.550000000000002 5197.2222222222235 9240.7416666666668 0.18399153619612912 8.2500000000000018 4236.1111111111122
decision_type=2 2 2 2 2 2 2 2 2 2 2 2 2 2 2 2 2 2 2 2 2 2
left_child=1 4 -3 10 5 -1 9 -7 -9 14 -4 12 19 -13 -6 16 -11 -17 -12 -8 -14 -16
right_child=-2 2 3 -5 6 7 11 8 -10 15 18 13 20 -15 21 17 -18 -19 -20 -21 -22 -23
leaf_value=134.91126071537767 526.1570784048871 -38.031014275292257 35.59119795714917 222.82824824640522 -131.28500717011005 75.133693763994344 -36.549783884547153 -115.2663604613669 -24.587939227731667 -63.1934927393525 70.80568443371935 -12.746580674244321 -26.705696067928898 17.100225342248461 -111.61725941767091 -75.024849581797653 -95.086211705041876 -53.126643975668998 90.806623088495655 -49.226732343569445 -17.70912537138878 -99.558162594705905
leaf_weight=32 32 46 44 30 30 32 37 31 42 36 31 30 32 32 34 30 43 34 48 31 36 33
leaf_count=32 32 46 44 30 30 32 37 31 42 36 31 30 32 32 34 30 43 34 48 31 36 33
internal_value=7.92037 -13.5706 65.7626 96.973 -41.0335 15.4814 -58.7101 -21.0099 -63.2003 -89.5569 66.1205 -21.2936 -32.2081 2.66087 -113.833 -73.0215 -80.6511 -63.4925 83.0577 -42.3929 -21.9759 -105.835
internal_weight=806 774 199 153 575 137 438 105 73 240 123 198 136 62 97 143 79 64 79 68 68 67
internal_count=806 774 199 153 575 137 438 105 73 240 123 198 136 62 97 143 79 64 79 68 68 67
is_linear=0
shrinkage=0.05


Tree=21
num_leaves=20
num_cat=0
split_feature=0 0 26 9 14 2 11 2 2 8 27 7 14 2 8 22 5 0 3
split_gain=1.40211e+09 2.23433e+08 1.34698e+08 9.03069e+07 7.636e+07 9.36023e+07 6.5925e+07 6.02017e+07 6.35009e+07 5.99896e+07 5.70002e+07 4.84285e+07 3.95935e+07 3.46718e+07 2.44207e+07 2.4178e+07 1.95398e+07 1.53829e+07 1.30272e+07
threshold=7.5000000000000009 387.75000000000006 8.0500000000000025 0.55000000000000016 112.50000000000001 12.800000000000002 4.5000000000000009 1.4000000000000001 15.597000000000003 1.5000000000000002 -0.29259762607704992 27.850000000000005 120.50000000000001 15.597000000000003 2.6000000000000005 -0.6830127018922193 21.250000000000004 560.85000000000002 70.950000000000017
decision_type=2 2 2 2 2 2 2 2 2 2 2 2 2 2 2 2 2 2 2
left_child=-1 2 7 4 14 -6 9 10 -9 -3 -2 16 18 -14 -4 -7 -10 -15 -11
right_child=1 6 3 -5 5 15 -8 8 11 12 -12 -13 13 17 -16 -17 -18 -19 -20
leaf_value=307.74817855711575 65.146259438853264 2.6792476566246406 27.113804645478911 123.55277662562372 117.03740460843645 52.940864693524432 7.0943652172054001 -87.821511464943981 -13.285929080609055 -119.73527482647761 -15.280962918021462 -56.642661142681156 -4.7612825007597124 -44.344997598765509 -29.201487418668435 -8.5674994941331075 30.220487410753904 -85.421480671952409 -74.722250943869085
leaf_weight=37 43 39 32 30 41 30 55 34 57 32 45 43 33 47 48 34 47 45 34
leaf_count=37 43 39 32 30 41 30 55 34 57 32 45 43 33 47 48 34 47 45 34
internal_value=7.52574 -6.95742 13.7238 43.2186 30.1316 58.1504 -42.0717 -9.8574 -26.346 -53.8268 24.048 -12.0771 -65.3601 -48.7511 -6.66958 20.3021 6.38572 -64.5077 -96.6949
internal_weight=806 769 484 215 185 105 285 269 181 230 88 147 191 125 80 64 104 92 66
internal_count=806 769 484 215 185 105 285 269 181 230 88 147 191 125 80 64 104 92 66
is_linear=0
shrinkage=0.05


Tree=22
num_leaves=22
num_cat=0
split_feature=24 24 24 8 24 0 24 14 20 24 24 24 0 28 24 24 24 21 11 23 24
split_gain=3.15575e+09 5.70837e+08 2.05908e+08 2.14168e+08 1.71533e+08 1.66349e+08 1.57181e+08 1.46337e+08 5.17706e+07 3.28702e+07 1.92223e+07 1.82973e+07 6.92222e+06 5.12726e+06 4.92578e+06 4.57477e+06 4.34055e+06 2.39744e+06 1.42451e+06 666444 547814
threshold=18427.500000000004 7842.5916666666672 1.0000000180025095e-35 6.7500000000000009 5734.0058080808094 25.500000000000004 10750.000000000002 199.50000000000003 11.548450000000001 4564.8138888888898 8552.7777777777792 7143.5194444444451 214.55000000000004 0.21771516573566826 6291.666666666667 3847.2222222222222 5300.9250000000011 0.85716367168528429 1.5000000000000002 -0.24999999999999994 4236.1111111111122
decision_type=2 2 2 2 2 2 2 2 2 2 2 2 2 2 2 2 2 2 2 2 2
left_child=1 2 3 -1 9 -3 10 8 -5 15 -7 14 -11 -13 -6 -4 19 -12 -16 -14 -17
right_child=-2 5 4 7 11 6 -8 -9 -10 12 17 13 16 -15 18 20 -18 -19 -20 -21 -22
leaf_value=128.26411911319721 492.93727141288213 -23.357023978078189 -122.9764568138756 -107.26959393860059 -42.238757437791179 33.309253383818131 187.48831983800741 69.713986272603933 -22.093653982891894 -87.985922590238957 67.252998691487463 15.624223415576779 -76.036242675781253 -13.101876325227096 -31.658054450659264 -104.05167365200008 -49.704700316029488 85.876668712947151 -17.844750634751446 -64.238274010946597 -92.255754785451288
leaf_weight=32 32 46 30 31 57 44 30 32 42 34 48 32 32 30 30 34 45 31 51 30 33
leaf_count=32 32 46 30 31 57 44 30 32 42 34 48 32 32 30 30 34 45 31 51 30 33
internal_value=7.15065 -12.9946 -38.2549 15.2361 -54.9857 59.976 85.0293 -19.2998 -58.3616 -83.6614 59.9072 -20.8368 -68.1527 1.7257 -30.9675 -106.112 -61.7743 74.6604 -22.9936 -70.4403 -98.388
internal_weight=806 774 575 137 438 199 153 105 73 238 123 200 141 62 138 97 107 79 81 62 67
internal_count=806 774 575 137 438 199 153 105 73 238 123 200 141 62 138 97 107 79 81 62 67
is_linear=0
shrinkage=0.05


Tree=23
num_leaves=22
num_cat=0
split_feature=24 24 24 8 24 0 14 24 2 24 24 24 0 6 24 24 24 10 0 24 2
split_gain=2.849e+09 5.15337e+08 1.85889e+08 1.9335e+08 1.54862e+08 1.50645e+08 1.32112e+08 1.24098e+08 4.67241e+07 2.96934e+07 1.74891e+07 1.65171e+07 6.03348e+06 4.89524e+06 4.52445e+06 4.44803e+06 3.6139e+06 2.77999e+06 1.18729e+06 924908 773264
threshold=18427.500000000004 7842.5916666666672 1.0000000180025095e-35 6.7500000000000009 5734.0058080808094 16.500000000000004 199.50000000000003 10816.66666666667 11.150000000000002 4532.4083333333338 8552.7777777777792 7143.5194444444451 214.55000000000004 2.9500000000000006 5300.9250000000011 6421.2972222222224 3847.2222222222222 4.5000000000000009 398.40000000000003 4902.7777777777783 6.1500000000000012
decision_type=2 2 2 2 2 2 2 2 2 2 2 2 2 2 2 2 2 2 2 2 2
left_child=1 2 3 -1 9 -3 8 10 -5 16 -7 15 -11 -13 19 18 -4 -12 -6 -14 -17
right_child=-2 5 4 6 11 7 -8 -9 -10 12 17 13 14 -15 -16 20 -18 -19 -20 -21 -22
leaf_value=121.87088915625837 468.36719026654686 -25.827560369929696 -116.84806236697985 -99.403064414309583 -45.076054377849502 31.647567217305404 66.239145591474397 167.48194620007666 -19.035442740423719 -83.807554030893868 83.351190672205931 -12.389987372738755 -74.445240364189956 15.664108365908312 -47.224975863370034 -26.111634414525657 -94.49636993657937 63.440565926252965 -31.748200797506321 -61.591664745520987 -15.308767180429957
leaf_weight=32 32 43 30 33 34 44 32 32 40 35 30 31 33 31 45 31 61 50 36 34 37
leaf_count=32 32 43 30 33 34 44 32 32 40 35 30 31 33 31 45 31 61 50 36 34 37
internal_value=6.79452 -12.3466 -36.3475 14.4768 -52.2443 56.986 -18.3376 79.8148 -55.4524 -79.4909 57.0742 -19.7972 -65.5059 1.63962 -59.7169 -29.4225 -101.985 71.0019 -38.2769 -68.0241 -20.2648
internal_weight=806 774 575 137 438 199 105 156 73 238 124 200 147 62 112 138 91 80 70 67 68
internal_count=806 774 575 137 438 199 105 156 73 238 124 200 147 62 112 138 91 80 70 67 68
is_linear=0
shrinkage=0.05


Tree=24
num_leaves=21
num_cat=0
split_feature=24 24 1 24 1 0 24 14 4 24 24 24 0 3 24 24 24 24 11 4
split_gain=2.57206e+09 4.65224e+08 2.19971e+08 1.7868e+08 1.67814e+08 1.86091e+08 1.39798e+08 1.06339e+08 2.04314e+08 2.68439e+07 1.85416e+07 1.49113e+07 5.64496e+06 5.31574e+06 4.11281e+06 3.75042e+06 3.52848e+06 2.47879e+06 1.26523e+06 404919
threshold=18427.500000000004 7842.5916666666672 0.18333333333333332 10750.000000000002 0.095454545454545472 161.80000000000004 5734.0058080808094 108.50000000000001 1001.9500000000002 4564.8138888888898 8552.7777777777792 7143.5194444444451 214.55000000000004 62.95000000000001 6291.666666666667 4032.4083333333338 5300.9250000000011 9509.2583333333369 1.5000000000000002 1011.85
decision_type=2 2 2 2 2 2 2 2 2 2 2 2 2 2 2 2 2 2 2 2
left_child=1 4 -3 10 5 -1 9 -7 -9 15 -4 14 -11 -13 -8 -6 19 -12 -16 -14
right_child=-2 2 3 -5 6 7 11 8 -10 12 17 13 16 -15 18 -17 -18 -19 -20 -21
leaf_value=115.00047549250537 445.02178491743928 -41.659250373592094 30.068777179934273 192.18751891887069 -106.55045724732238 -86.074600407958343 -38.254122432100793 -62.890576167527769 114.65995551327929 -79.421438321200299 61.498781016818306 -13.539404667730743 -68.234737835359724 15.709855314949962 -28.831825051038368 -85.941009139268132 -44.868962668949649 79.890584070542275 -15.822249147430092 -58.691012916687605
leaf_weight=34 32 46 44 30 46 38 57 35 30 34 40 30 31 32 30 51 45 39 51 31
leaf_count=34 32 46 44 30 46 38 57 35 30 34 40 30 31 32 30 51 45 39 51 31
internal_value=6.45643 -11.7306 54.1447 82.957 -34.5347 13.7555 -49.6388 -19.7443 19.106 -75.5264 56.1809 -18.8102 -61.5115 1.55789 -27.9556 -95.8143 -55.7516 70.6679 -20.6703 -63.5652
internal_weight=806 774 199 153 575 137 438 103 65 238 123 200 141 62 138 97 107 79 81 62
internal_count=806 774 199 153 575 137 438 103 65 238 123 200 141 62 138 97 107 79 81 62
is_linear=0
shrinkage=0.05


Tree=25
num_leaves=18
num_cat=0
split_feature=24 24 1 24 3 21 1 24 24 3 24 24 2 24 24 24 26
split_gain=2.73656e+09 3.92502e+08 3.16048e+08 2.53779e+08 1.27278e+08 5.52135e+07 7.7873e+07 5.09717e+07 4.14015e+07 2.30353e+07 1.50582e+07 1.49853e+07 8.6171e+06 3.81698e+06 3.5865e+06 2.74318e+06 713574
threshold=18803.571428571431 7143.5194444444451 0.18333333333333332 10555.555555555557 44.150000000000006 0.6130562294956895 0.11805555555555557 5734.0058080808094 8319.4444444444471 58.45000000000001 5437.5000000000009 5041.666666666667 15.597000000000003 9240.7416666666668 6421.2972222222224 7601.852777777779 6.2500000000000009
decision_type=2 2 2 2 2 2 2 2 2 2 2 2 2 2 2 2 2
left_child=1 4 -3 8 -1 6 -6 9 15 -7 -8 12 -11 -10 -9 -4 -13
right_child=-2 2 3 -5 5 7 10 14 13 11 -12 16 -14 -15 -16 -17 -18
leaf_value=51.339002765413504 470.33390098140882 -71.981967331356842 5.1072790259137006 192.52181355270923 27.56754473331317 -114.41307099301157 -80.6745317123261 -36.321304564124901 51.956939669585282 -92.418639711426692 -36.245597788977754 -40.944579646365057 -66.631093209520344 73.30548659322433 -14.593543032839088 22.370828500139272 -52.291424482045073
leaf_weight=33 30 57 42 31 48 30 30 42 44 53 53 31 89 43 35 51 31
leaf_count=33 30 57 42 31 48 30 30 42 44 53 53 31 89 43 35 51 31
internal_value=2.95758 -15.9743 32.3991 60.6176 -43.2683 -50.3417 -23.0888 -61.8101 37.8065 -73.4206 -52.3821 -67.3391 -76.3143 62.5806 -26.4769 14.5883 -46.6932
internal_weight=773 743 268 211 475 442 131 311 180 234 83 204 142 87 77 93 62
internal_count=773 743 268 211 475 442 131 311 180 234 83 204 142 87 77 93 62
is_linear=0
shrinkage=0.05


Tree=26
num_leaves=17
num_cat=0
split_feature=24 24 1 24 3 21 1 24 24 3 24 24 2 26 24 24
split_gain=2.47059e+09 3.54331e+08 2.85299e+08 2.29118e+08 1.14901e+08 4.98391e+07 7.02987e+07 4.60113e+07 3.73742e+07 2.08013e+07 1.36118e+07 1.35685e+07 7.63075e+06 3.57399e+06 3.44571e+06 2.47619e+06
threshold=18803.571428571431 7143.5194444444451 0.18333333333333332 10555.555555555557 44.150000000000006 0.6130562294956895 0.11805555555555557 5734.0058080808094 8319.4444444444471 58.45000000000001 5453.7027777777785 5064.8138888888898 15.597000000000003 7.4500000000000011 9240.7416666666668 7601.852777777779
decision_type=2 2 2 2 2 2 2 2 2 2 2 2 2 2 2 2
left_child=1 4 -3 8 -1 6 -6 9 15 -7 -8 12 -11 -9 -10 -4
right_child=-2 2 3 -5 5 7 10 13 14 11 -12 -13 -14 -15 -16 -17
leaf_value=48.779808560743078 446.89533410816898 -68.38917191968072 4.8525216317799771 182.92667519915909 26.192036070000853 -108.71142335809346 -75.319595346421096 -16.492932099344369 49.364983563412352 -87.180599369888171 -33.622759504000975 -43.385596958495256 -63.200844195404215 -38.628895316646748 69.648717157138194 21.254475967198204
leaf_weight=33 30 57 42 31 48 30 32 47 44 54 51 58 92 30 43 51
leaf_count=33 30 57 42 31 48 30 32 47 44 54 51 58 92 30 43 51
internal_value=2.81157 -15.1769 30.7843 57.5949 -41.1096 -47.8304 -21.9378 -58.7263 35.9204 -69.7574 -49.77 -63.9784 -72.1237 -25.1563 59.4588 13.8604
internal_weight=773 743 268 211 475 442 131 311 180 234 83 204 146 77 87 93
internal_count=773 743 268 211 475 442 131 311 180 234 83 204 146 77 87 93
is_linear=0
shrinkage=0.05


Tree=27
num_leaves=17
num_cat=0
split_feature=24 24 1 24 3 27 3 24 24 1 27 24 0 24 24 24
split_gain=2.23048e+09 3.19868e+08 2.57541e+08 2.06855e+08 1.03726e+08 5.72526e+07 5.02992e+07 3.37387e+07 2.31895e+07 4.12437e+07 5.1708e+07 2.15893e+07 4.43301e+06 4.21416e+06 3.11054e+06 2.23519e+06
threshold=18803.571428571431 7143.5194444444451 0.18333333333333332 10555.555555555557 44.150000000000006 -0.98046008095854964 53.20000000000001 8319.4444444444471 5513.8888888888896 0.6000000000000002 0.17552986495352002 4308.1472222222228 180.15000000000003 6118.0555555555557 9240.7416666666668 7601.852777777779
decision_type=2 2 2 2 2 2 2 2 2 2 2 2 2 2 2 2
left_child=1 4 -3 7 -1 -6 -7 15 9 10 -8 -11 -10 -14 -9 -4
right_child=-2 2 3 -5 5 6 8 14 12 11 -12 -13 13 -15 -16 -17
leaf_value=46.348189175885253 424.62481543455408 -64.975701967095731 4.6104717195458766 173.8097504103682 18.918552206164208 -106.0383413762095 28.489183125543441 46.902331612169611 -43.303351551828989 -90.106103554316064 -56.149541189189499 -53.622205988237511 -32.277718748017421 -10.483937747980146 66.174360419536683 20.193831809019628
leaf_weight=33 30 57 42 31 32 37 30 44 30 63 45 116 43 46 43 51
leaf_count=33 30 57 42 31 32 37 30 44 30 63 45 116 43 46 43 51
internal_value=2.67303 -14.4189 29.2499 54.723 -39.0583 -45.4438 -50.4706 34.1284 -44.9316 -53.4674 -22.3011 -66.5061 -26.6828 -21.038 56.4927 13.1688
internal_weight=773 743 268 211 475 442 410 180 373 254 75 179 119 89 87 93
internal_count=773 743 268 211 475 442 410 180 373 254 75 179 119 89 87 93
is_linear=0
shrinkage=0.05


Tree=28
num_leaves=19
num_cat=0
split_feature=24 24 24 0 4 0 24 0 24 24 24 24 24 24 26 24 24 26
split_gain=2.01369e+09 2.8875e+08 9.53304e+07 1.79248e+08 1.90629e+08 6.50058e+07 6.12364e+07 5.26964e+07 6.47355e+07 1.24981e+07 1.13264e+07 8.66266e+06 8.59101e+06 2.40204e+06 1.03624e+06 877008 578226 371224
threshold=18803.571428571431 7143.5194444444451 1.0000000180025095e-35 380.45000000000005 1003.9500000000002 25.500000000000004 9177.0833333333339 82.550000000000026 5231.4805555555567 4078.702777777778 8199.0750000000025 6041.666666666667 10625.000000000002 4699.0750000000007 7.2000000000000028 6694.4444444444443 5541.666666666667 7.4500000000000011
decision_type=2 2 2 2 2 2 2 2 2 2 2 2 2 2 2 2 2 2
left_child=1 2 3 4 -1 -3 10 -4 9 -9 14 16 -8 -11 -7 17 -10 -13
right_child=-2 5 7 -5 -6 6 12 8 11 13 -12 15 -14 -15 -16 -17 -18 -19
leaf_value=-25.284079022133824 403.46410667444781 -21.773890607011296 -112.1509486845452 -65.866949902550644 147.17729649191116 15.969205188479519 61.974858756273562 -90.877242695040593 -41.403724553814762 -66.995278096151438 39.406857835924306 -13.01329056174874 96.481774349782953 -51.630309985057423 4.9193340891610671 -6.610968066747315 -32.183993784057876 -20.617683743984898
leaf_weight=33 30 53 31 53 31 35 48 43 30 50 48 34 30 58 54 32 48 32
leaf_count=33 30 53 31 53 31 35 48 43 30 50 48 34 30 58 54 32 48 32
internal_value=2.54179 -13.6983 -37.1085 2.07315 58.3511 27.792 40.015 -49.9107 -43.9778 -67.9881 19.8551 -23.351 75.3534 -58.7992 9.27789 -13.4333 -35.7786 -16.726
internal_weight=773 743 475 117 64 268 215 358 327 151 137 176 78 108 89 98 78 66
internal_count=773 743 475 117 64 268 215 358 327 151 137 176 78 108 89 98 78 66
is_linear=0
shrinkage=0.05


Tree=29
num_leaves=20
num_cat=0
split_feature=24 24 1 24 3 21 1 3 24 24 2 2 24 24 24 24 24 26 28
split_gain=1.81798e+09 2.60726e+08 2.27478e+08 1.86689e+08 1.05548e+08 5.70274e+07 7.42482e+07 4.22865e+07 3.97845e+07 2.55584e+07 1.03595e+07 1.15913e+07 1.02713e+07 9.43775e+06 4.49721e+06 2.54156e+06 1.56281e+06 1.11784e+06 876103
threshold=18803.571428571431 7173.6111111111122 0.6000000000000002 10555.555555555557 42.250000000000007 0.6130562294956895 0.11805555555555557 53.45000000000001 5175.9250000000011 8319.4444444444471 15.597000000000003 17.400000000000002 5453.7027777777785 4078.702777777778 5953.7027777777785 9618.0555555555566 7601.852777777779 6.450000000000002 -0.51974381215551546
decision_type=2 2 2 2 2 2 2 2 2 2 2 2 2 2 2 2 2 2 2
left_child=1 4 -3 9 -1 6 -6 -7 10 16 13 -12 -8 -9 18 -11 -4 -16 -10
right_child=-2 2 3 -5 5 7 12 8 14 15 11 -13 -14 -15 17 -17 -18 -19 -20
leaf_value=55.739249629277325 383.35791328404827 -60.358676160592417 5.0554235095926376 166.75916892016846 35.36883306250796 -108.95807270100741 -64.289063079929051 -99.452048226289975 -28.179280313384101 44.579623222691069 -28.648872177262319 -64.981285384017553 -28.209938348506558 -59.656503423463882 -8.794318271079332 62.763120753052149 18.566477038062484 -22.370938701108336 -40.120410482292499
leaf_weight=30 30 58 37 30 49 30 32 30 30 56 33 67 52 31 30 31 51 31 35
leaf_count=30 30 58 37 30 49 30 32 30 30 56 33 67 52 31 30 31 51 31 35
internal_value=2.41612 -13.0146 26.9927 51.7242 -34.9364 -40.9925 -13.4997 -52.5194 -46.5839 31.9199 -63.05 -53.0322 -42.0145 -79.3589 -25.5106 51.1235 12.8979 -15.7193 -34.6609
internal_weight=773 743 263 205 480 450 133 317 287 175 161 100 84 61 126 87 88 61 65
internal_count=773 743 263 205 480 450 133 317 287 175 161 100 84 61 126 87 88 61 65
is_linear=0
shrinkage=0.05


Tree=30
num_leaves=22
num_cat=0
split_feature=0 1 28 0 28 11 0 2 0 28 3 3 21 27 23 2 0 27 7 21 28
split_gain=5.40836e+08 7.87257e+07 2.03177e+08 9.38648e+07 9.32767e+07 4.24402e+07 2.53696e+07 2.41095e+07 1.45279e+07 1.82489e+07 1.53953e+07 1.40681e+07 1.00691e+07 9.52931e+06 8.21301e+06 6.79439e+06 3.25368e+06 2.53591e+06 2.48882e+06 1.53721e+06 1.01012e+06
threshold=7.5000000000000009 0.6000000000000002 0.32534208471197984 223.75000000000003 -0.38168922026665864 1.5000000000000002 85.250000000000014 16.450000000000003 358.60000000000008 -0.24284072672761489 68.450000000000017 75.950000000000017 1.0000000180025095e-35 -0.5123666674339783 0.6830127018922193 17.150000000000002 293.00000000000006 0.33346569090932193 13.450000000000001 0.69629880006760192 -0.86517904975604198
decision_type=2 2 2 2 2 2 2 2 2 2 2 2 2 2 2 2 2 2 2 2 2
left_child=-1 2 4 6 5 -2 13 11 12 15 18 14 -5 -3 19 -10 -14 -12 -11 -8 -17
right_child=1 3 -4 8 -6 -7 7 -9 9 10 17 -13 16 -15 -16 20 -18 -19 -20 -21 -22
leaf_value=200.05281732687996 -85.948851911048038 67.928048907215569 -129.60380023472521 15.219018847009409 50.885494654139904 -12.343755756529037 -8.8248417581830694 -29.493101763804493 -58.402692202407948 13.617843726782306 -21.201221291888565 47.753242177208151 -5.6319478642596339 29.473420552004821 30.186954508951427 -38.131314464987518 -26.328405903893824 -41.241600253286684 -6.2505429394655714 7.1549852098737432 -25.391960432996783
leaf_weight=31 31 31 48 39 43 53 30 30 41 30 31 34 38 34 33 35 38 33 33 30 30
leaf_count=31 31 31 48 39 43 53 30 30 41 30 31 34 38 34 33 35 38 33 33 30 30
internal_value=-4.23602 -12.7623 -42.0859 -3.75367 -8.93232 -39.5775 21.6442 10.7547 -19.9574 -27.1323 -14.3309 20.2779 -5.40943 47.8896 10.1925 -42.4417 -16.0012 -31.5828 3.2171 -0.836234 -32.2997
internal_weight=776 745 175 570 127 84 222 157 348 233 127 127 115 65 93 106 76 64 63 60 65
internal_count=776 745 175 570 127 84 222 157 348 233 127 127 115 65 93 106 76 64 63 60 65
is_linear=0
shrinkage=0.05


Tree=31
num_leaves=18
num_cat=0
split_feature=0 6 26 1 7 0 28 0 28 26 21 28 5 14 3 3 7
split_gain=4.88267e+08 7.30523e+07 1.69038e+08 1.0348e+08 2.19553e+08 7.72755e+07 6.74227e+07 3.07441e+07 1.95582e+07 1.48089e+07 8.43837e+06 5.46949e+06 7.62299e+06 3.62984e+06 4.94133e+06 2.74903e+06 2.45478e+06
threshold=7.5000000000000009 4.5500000000000007 7.5000000000000018 0.6000000000000002 18.550000000000004 85.250000000000014 -0.79354221435844496 572.65000000000009 -0.17552498857989954 5.5499999999999998 0.71883199892350136 0.91234096280339505 9.2500000000000018 78.500000000000014 78.550000000000011 78.200000000000003 25.750000000000004
decision_type=2 2 2 2 2 2 2 2 2 2 2 2 2 2 2 2 2
left_child=-1 3 9 4 -2 -5 -6 8 10 -3 16 12 -10 -9 -15 -12 -7
right_child=1 2 -4 5 6 7 -8 13 11 -11 15 -13 -14 14 -16 -17 -18
leaf_value=190.08234104757523 -137.94994059030017 4.3424912634093431 126.36272006240793 46.645543223527135 -56.269762621116222 1.0951642268563995 26.516407568573733 -25.770450817627761 -17.64645651956884 -39.112451722614253 -22.936793698557199 21.097478486692477 7.3552501595108986 -61.316173532614755 -33.101293121765707 -41.952285951078721 -16.870709486074073
leaf_weight=31 52 53 30 58 45 34 54 30 45 31 39 36 94 31 32 38 43
leaf_count=31 52 53 30 58 45 34 54 30 45 31 39 36 94 31 32 38 43
internal_value=-4.02439 -12.1257 24.6951 -18.7809 -54.8671 -7.41966 -11.1324 -14.8597 -7.67882 -11.7218 -20.6684 3.75724 -0.745659 -40.2276 -47.0601 -32.3634 -8.94653
internal_weight=776 745 114 631 151 480 99 422 329 84 154 175 139 93 63 77 77
internal_count=776 745 114 631 151 480 99 422 329 84 154 175 139 93 63 77 77
is_linear=0
shrinkage=0.05


Tree=32
num_leaves=20
num_cat=0
split_feature=28 3 25 1 1 3 26 3 28 1 3 9 14 21 28 4 3 8 14
split_gain=6.99709e+07 5.35828e+07 6.79054e+07 9.4988e+07 7.73176e+07 4.73562e+07 7.0846e+07 4.00509e+07 5.36069e+07 2.41172e+07 1.90551e+07 1.31382e+07 1.27802e+07 8.80177e+06 8.76462e+06 1.13616e+07 5.50847e+06 5.45784e+06 2.89728e+06
threshold=-0.79354221435844496 36.600000000000001 16.195010000000003 0.15476190476190474 0.095454545454545472 72.850000000000009 6.4000000000000004 59.250000000000007 0.91234096280339505 0.6000000000000002 51.45000000000001 4.2000000000000002 180.00000000000003 0.7451076013088348 -0.012910296075008829 1016.3000000000001 66.700000000000003 6.9500000000000011 199.50000000000003
decision_type=2 2 2 2 2 2 2 2 2 2 2 2 2 2 2 2 2 2 2
left_child=9 -2 3 10 -4 13 11 8 17 -1 -3 -7 -11 -6 -9 -16 -17 -5 -14
right_child=1 2 4 7 5 6 -8 14 -10 12 -12 -13 18 -15 15 16 -18 -19 -20
leaf_value=-59.280794589404756 63.096136614094156 -93.01007304708979 89.110518006935024 -9.3662964395656712 1.3286891747115186 -15.284654415355007 94.737502634180316 -39.535625602501383 79.814716666877473 0.40862550001878006 -39.505459832136729 28.662355908365345 -44.421396259058305 -32.235713761152624 10.277156535456859 -2.5209228783010325 -27.622244898662213 16.898558337527636 -22.656518927285838
leaf_weight=56 36 34 36 47 32 39 31 31 30 48 33 30 32 50 46 32 69 34 30
leaf_count=56 36 34 36 47 32 39 31 31 30 48 33 30 32 50 46 32 69 34 30
internal_value=-3.82336 4.01013 0.294029 -13.1625 22.2649 9.00102 32.0824 -0.719089 22.8399 -32.5942 -66.7553 3.8365 -18.9667 -19.1517 -15.415 -10.3048 -19.6798 1.66564 -33.9435
internal_weight=776 610 574 356 218 182 100 289 111 166 67 69 110 82 178 147 101 81 62
internal_count=776 610 574 356 218 182 100 289 111 166 67 69 110 82 178 147 101 81 62
is_linear=0
shrinkage=0.05


Tree=33
num_leaves=19
num_cat=0
split_feature=24 24 1 26 24 27 1 24 7 24 24 24 24 24 24 0 24 10
split_gain=6.70419e+08 1.49172e+08 1.75994e+08 5.83227e+07 6.84604e+07 5.27714e+07 1.17219e+08 6.64453e+07 3.90606e+07 3.01671e+07 2.67361e+07 7.29536e+06 4.58475e+06 3.21275e+06 3.13909e+06 3.35081e+06 2.91625e+06 1.8581e+06
threshold=13080.555555555557 7143.5194444444451 0.6000000000000002 10.350000000000003 4784.7222222222235 0.13301347478292308 0.10555555555555557 4236.1111111111122 19.350000000000005 8552.7777777777792 5437.5000000000009 4490.7416666666677 10083.333333333334 6236.1111111111122 5437.5000000000009 265.85000000000008 7657.4083333333338 8.5000000000000018
decision_type=2 2 2 2 2 2 2 2 2 2 2 2 2 2 2 2 2 2
left_child=1 3 -3 5 -5 6 -1 8 -7 16 11 -8 17 -12 -9 -16 -4 -11
right_child=-2 2 9 4 -6 7 10 14 -10 12 13 -13 -14 -15 15 -17 -18 -19
leaf_value=52.710875841304485 166.13659534383834 -95.848035708455939 4.026756004483004 67.586806450016866 -38.19867118516536 -118.66138090611476 -78.862808826115355 -43.52886087669517 -53.175690465515565 55.083099020517551 -29.430526175615501 -48.179362671124075 68.64415107323002 -10.787842171424641 -39.11513647510364 -18.001641282503385 21.460958615471338 38.282927751422228
leaf_weight=43 54 30 42 30 31 49 31 37 43 30 49 54 32 44 30 51 56 40
leaf_count=43 54 30 42 30 31 49 31 37 43 30 49 54 32 44 30 51 56 40
internal_value=-3.6322 -16.3508 16.8844 -31.8879 13.8524 -38.3633 -21.2939 -56.3081 -88.145 33.8337 -39.1911 -59.4494 52.8564 -20.6314 -31.4325 -25.8601 14.0009 45.5514
internal_weight=776 722 230 492 61 431 221 210 92 200 178 85 102 93 118 81 98 70
internal_count=776 722 230 492 61 431 221 210 92 200 178 85 102 93 118 81 98 70
is_linear=0
shrinkage=0.05


Tree=34
num_leaves=21
num_cat=0
split_feature=24 1 24 0 1 4 0 24 24 0 24 24 24 24 2 24 4 0 26 4
split_gain=6.08047e+08 2.28067e+08 1.12255e+08 9.46205e+07 5.94903e+07 1.01874e+08 1.16066e+08 3.8873e+07 2.6155e+07 2.22729e+07 6.97084e+06 5.98268e+06 2.38838e+06 2.09631e+06 1.90722e+06 1.57041e+06 691746 653397 308870 204475
threshold=11638.194444444447 0.13392857142857142 6620.3694444444454 52.600000000000009 0.095454545454545472 1001.85 480.85000000000008 4564.8138888888898 7953.7027777777785 102.05000000000003 3847.2222222222222 6009.2583333333341 7291.666666666667 8552.7777777777792 15.597000000000003 5300.9250000000011 1014.7500000000001 300.00000000000006 7.3500000000000014 1006.7500000000001
decision_type=2 2 2 2 2 2 2 2 2 2 2 2 2 2 2 2 2 2 2 2
left_child=2 -2 4 -4 5 -1 -7 10 12 -9 -6 15 18 -10 -15 16 -11 -13 -5 -17
right_child=1 -3 3 8 7 6 -8 9 13 11 -12 17 -14 14 -16 19 -18 -19 -20 -21
leaf_value=-67.989988612890841 44.72951148917668 227.98743606415229 -73.083008460139922 -0.69961069968847733 -91.076653836854405 76.767803099245839 -45.033197501589576 -73.141141676665143 24.3912838562254 -43.657883252838232 -61.315205328148522 -18.942574026418285 10.406496956343659 31.51437846728394 46.387287899786372 -31.28775570001633 -32.743545643752597 -8.4641844562319815 -7.81348459536623 -25.767479516195461
leaf_weight=40 33 35 31 30 31 50 32 30 30 33 58 30 50 40 50 31 30 30 31 51
leaf_count=40 33 35 31 30 31 50 32 30 30 33 58 30 50 40 50 31 30 30 31 51
internal_value=-3.45123 139.25 -17.1747 8.79944 -32.4316 -2.6691 29.2387 -43.6342 19.8149 -32.9517 -71.7722 -27.0375 2.31591 35.986 39.8195 -32.5323 -38.5208 -13.7263 -4.32181 -27.89
internal_weight=776 68 708 262 446 122 82 324 231 235 89 205 111 120 90 145 63 60 61 82
internal_count=776 68 708 262 446 122 82 324 231 235 89 205 111 120 90 145 63 60 61 82
is_linear=0
shrinkage=0.05


Tree=35
num_leaves=17
num_cat=0
split_feature=0 2 6 2 11 0 26 20 2 25 21 28 28 0 2 25
split_gain=3.301e+08 6.15203e+07 7.58607e+07 1.04213e+08 6.24905e+07 5.70721e+07 3.65852e+07 3.38745e+07 6.86064e+07 4.02572e+07 3.6919e+07 3.09984e+07 1.98041e+07 1.73284e+07 1.26885e+07 5.39826e+06
threshold=7.5000000000000009 1.4000000000000001 5.8500000000000005 5.9500000000000011 2.5000000000000004 318.80000000000007 8.1500000000000039 4.1650500000000008 15.050000000000002 4.0676000000000014 0.8204896021982141 -0.76107606668641947 -0.30900554811238695 79.100000000000009 21.050000000000004 8.8721600000000027
decision_type=2 2 2 2 2 2 2 2 2 2 2 2 2 2 2 2
left_child=-1 4 3 -3 12 6 -6 9 10 -5 -9 14 -2 -13 -10 -14
right_child=1 2 -4 7 5 -7 -8 8 11 -11 -12 13 15 -15 -16 -17
leaf_value=139.92056956303088 -38.608427580518565 -111.66111654997663 59.011249904693898 -18.843326042154725 35.507293152885808 0.48508982638138365 113.06468383323313 -102.7633725332059 -18.439460616437284 57.639622272954924 -28.386499473833222 32.600578642842436 -9.6824141148837555 -6.1912241176841123 -50.84682903406334 18.691352559494497
leaf_weight=40 42 30 31 37 31 47 30 35 79 32 32 35 32 160 49 35
leaf_count=40 42 30 31 37 31 47 30 35 79 32 32 35 32 160 49 35
internal_value=0.213796 -7.38661 -16.7177 -21.5296 14.9711 41.9092 73.773 -15.6157 -21.3286 16.659 -67.3354 -11.7675 -11.7338 0.784522 -30.8755 5.14539
internal_weight=777 737 520 489 217 108 61 459 390 69 67 323 109 195 128 67
internal_count=777 737 520 489 217 108 61 459 390 69 67 323 109 195 128 67
is_linear=0
shrinkage=0.05


Tree=36
num_leaves=17
num_cat=0
split_feature=24 24 1 24 14 24 20 5 1 4 24 24 24 8 4 14
split_gain=1.06576e+09 1.60833e+08 2.20745e+08 1.32476e+08 4.86216e+07 3.68326e+07 4.14162e+07 5.63113e+07 3.97871e+07 1.08758e+08 2.16693e+07 5.32721e+06 3.17232e+06 2.92848e+06 4.04606e+06 957509
threshold=18803.571428571431 7842.5916666666672 0.6000000000000002 10625.000000000002 38.000000000000007 6236.1111111111122 8.8527000000000005 8.6500000000000004 0.6000000000000002 1001.85 4618.0555555555566 8907.4083333333347 5175.9250000000011 17.800000000000001 1015.1000000000001 223.50000000000003
decision_type=2 2 2 2 2 2 2 2 2 2 2 2 2 2 2 2
left_child=1 4 -3 11 -1 6 7 -6 9 -8 -10 15 -12 14 -7 -4
right_child=-2 2 3 -5 5 13 8 -9 10 -11 12 -13 -14 -15 -16 -17
leaf_value=22.658958355156155 291.90531765250273 -60.880738112290402 30.886794154233446 152.53492581947302 -27.421813928177528 -20.877546063050403 -51.322820441844456 -99.021036228309129 -66.121662018303269 63.416118980267541 -41.497530620840024 46.790111875248527 -23.068585663213511 3.2360544754640901 0.034948215584742426 18.510397390383996
leaf_weight=48 30 52 33 30 54 59 45 56 57 38 33 50 82 41 38 31
leaf_count=48 30 52 33 30 54 59 45 56 57 38 33 50 82 41 38 31
internal_value=0.203565 -11.5489 27.3413 59.2195 -25.3852 -29.9736 -38.2913 -63.9292 -27.2111 1.2213 -40.9242 34.5506 -28.3884 -7.96176 -12.6934 24.9303
internal_weight=777 747 196 144 551 503 365 110 255 83 172 114 115 138 97 64
internal_count=777 747 196 144 551 503 365 110 255 83 172 114 115 138 97 64
is_linear=0
shrinkage=0.05


Tree=37
num_leaves=17
num_cat=0
split_feature=24 24 1 24 14 0 24 28 1 26 26 24 24 24 24 0
split_gain=9.62173e+08 1.45797e+08 1.72572e+08 8.48965e+07 4.03016e+07 1.13558e+08 6.59561e+07 2.40904e+07 3.76867e+07 8.78791e+07 1.69333e+07 1.66526e+07 1.27227e+07 1.67843e+06 1.3481e+06 891380
threshold=18803.571428571431 8763.8888888888905 0.6000000000000002 10625.000000000002 38.000000000000007 49.600000000000009 6009.2583333333341 0.32534208471197984 0.6000000000000002 7.0999999999999996 8.8500000000000032 4467.5916666666672 7620.3694444444454 7013.8888888888896 8143.5194444444451 398.40000000000003
decision_type=2 2 2 2 2 2 2 2 2 2 2 2 2 2 2 2
left_child=1 4 -3 -4 -1 -6 7 8 9 -7 -9 -10 13 15 -14 -8
right_child=-2 2 3 -5 5 6 12 10 11 -11 -12 -13 14 -15 -16 -17
leaf_value=18.333691600596023 277.35854500298484 -43.477711189506856 41.628935443084259 144.93351660440132 -119.898403444005 -46.844382603714379 -13.218036120935068 -36.081379257156051 -65.723756473953031 48.919533831740168 -87.69039613778952 -31.132985994857172 14.550320250850016 2.2777655990583674 29.499959081351957 -2.7077766528850202
leaf_weight=58 30 45 59 30 30 51 58 33 49 45 31 121 31 45 30 31
leaf_count=58 30 45 59 30 30 51 58 33 49 45 31 121 31 45 30 31
internal_value=0.19493 -10.9718 36.256 76.5743 -21.2998 -25.4443 -20.0251 -33.645 -27.0001 -1.9508 -61.1774 -41.1361 3.02927 -5.58876 21.9389 -9.56436
internal_weight=777 747 134 89 613 555 525 330 266 96 64 170 195 134 61 89
internal_count=777 747 134 89 613 555 525 330 266 96 64 170 195 134 61 89
is_linear=0
shrinkage=0.05


Tree=38
num_leaves=18
num_cat=0
split_feature=24 24 1 24 26 0 24 7 7 1 4 7 24 24 24 24 0
split_gain=8.68659e+08 1.31618e+08 1.55788e+08 7.66512e+07 3.83384e+07 4.46406e+07 7.32859e+07 3.47161e+07 4.41874e+07 4.33978e+07 8.68175e+07 3.82668e+07 1.35388e+07 1.22797e+07 1.72065e+06 1.52141e+06 632988
threshold=18803.571428571431 8763.8888888888905 0.6000000000000002 10625.000000000002 11.650000000000002 48.050000000000004 6009.2583333333341 19.150000000000002 12.950000000000001 0.6000000000000002 1001.2000000000002 9.6500000000000004 4467.5916666666672 7601.852777777779 7069.4444444444453 8120.3694444444454 374.90000000000003
decision_type=2 2 2 2 2 2 2 2 2 2 2 2 2 2 2 2 2
left_child=1 4 -3 -4 5 -1 7 8 11 10 -9 -7 -11 14 16 -15 -8
right_child=-2 2 3 -5 -6 6 13 9 -10 12 -12 -13 -14 15 -16 -17 -18
leaf_value=-81.369786017807357 263.53668748722515 -41.308646232114398 39.551010588825051 137.71091678197993 34.804547798435557 -60.876565753506242 -12.165789553381613 -43.578170597285705 -87.054538394333775 -64.334082023240143 61.823695558763234 14.580482340967931 -29.084443224243724 13.051619268652647 2.9507657874073066 27.666604506864577 -3.8645018437480676
leaf_weight=31 30 45 59 30 30 38 61 40 58 38 38 30 97 38 43 34 37
leaf_count=31 30 45 59 30 30 38 61 40 58 38 38 30 97 38 43 34 37
internal_value=0.186024 -10.4242 34.4485 72.7561 -20.2372 -23.075 -19.7871 -34.2248 -55.0229 -21.9016 7.7848 -27.6141 -39.0469 3.1965 -5.38288 19.982 -9.03882
internal_weight=777 747 134 89 613 583 552 339 126 213 78 68 135 213 141 72 98
internal_count=777 747 134 89 613 583 552 339 126 213 78 68 135 213 141 72 98
is_linear=0
shrinkage=0.05


Tree=39
num_leaves=17
num_cat=0
split_feature=24 24 1 24 14 24 3 1 26 24 24 3 4 24 24 24
split_gain=7.84232e+08 1.18817e+08 1.40636e+08 6.92067e+07 3.68218e+07 4.17279e+07 4.15243e+07 2.55257e+07 1.07442e+08 2.29551e+07 6.02185e+06 4.97559e+06 5.20372e+06 4.63906e+06 1.41635e+06 339441
threshold=18803.571428571431 8763.8888888888905 0.6000000000000002 10625.000000000002 38.000000000000007 6236.1111111111122 51.45000000000001 0.6000000000000002 7.0999999999999996 4953.7027777777785 3847.2222222222222 47.350000000000001 1003.5500000000001 7680.5555555555557 5486.1111111111122 6694.4444444444443
decision_type=2 2 2 2 2 2 2 2 2 2 2 2 2 2 2 2
left_child=1 4 -3 -4 -1 6 -6 8 -8 10 -9 -7 -13 15 -11 -14
right_child=-2 2 3 -5 5 11 7 9 -10 14 -12 12 13 -15 -16 -17
leaf_value=18.655550277499859 250.40362972500316 -39.247793031003155 37.576806055833849 130.84824593185982 -82.496032725356699 -22.129607773124242 -47.176070574048161 -70.453143643293046 65.363141242220252 -26.271691566517269 -44.7273385168413 -13.477276925528116 -5.7436630187747637 19.785907200190024 -15.438621651838369 1.3249769434043905
leaf_weight=58 30 45 59 30 38 32 56 32 34 60 83 52 32 38 62 36
leaf_count=58 30 45 59 30 38 32 56 32 34 60 83 52 32 38 62 36
internal_value=0.177829 -9.90356 32.7311 69.1282 -19.2272 -23.1888 -33.0782 -27.312 -4.63584 -35.9176 -51.9409 -4.18318 -0.536736 5.81813 -20.7836 -2.00492
internal_weight=777 747 134 89 613 555 365 327 90 237 115 190 158 106 122 68
internal_count=777 747 134 89 613 555 365 327 90 237 115 190 158 106 122 68
is_linear=0
shrinkage=0.05


Tree=40
num_leaves=15
num_cat=0
split_feature=24 24 3 1 6 0 24 24 6 10 24 3 26 26
split_gain=6.14343e+08 1.06276e+08 9.39382e+07 8.65569e+07 4.30596e+07 8.1412e+07 4.39042e+07 4.01921e+07 1.90172e+07 1.82819e+07 5.10932e+06 2.53151e+06 1.69384e+06 541548
threshold=18427.500000000004 8587.9638888888912 38.95000000000001 0.6000000000000002 1.8500000000000003 60.350000000000009 6009.2583333333341 10465.277777777779 5.6500000000000012 4.5000000000000009 7069.4444444444453 61.95000000000001 7.8500000000000005 8.5500000000000025
decision_type=2 2 2 2 2 2 2 2 2 2 2 2 2 2
left_child=1 2 -1 -3 -4 -6 8 11 9 -7 13 -5 -12 -8
right_child=-2 3 4 7 5 6 10 -9 -10 -11 12 -13 -14 -15
leaf_value=65.373873484659057 220.55094330471812 -29.099634730788228 26.960120559954589 28.374095056618856 -102.44639919563122 -51.950534851492165 -4.1170592647632835 103.76157377629582 8.2277519606276606 -25.339590172540575 16.312622437506853 46.444195395550771 1.5980259571190689 -12.171556108480864
leaf_weight=34 31 43 45 47 31 93 64 30 30 212 48 34 33 31
leaf_count=34 31 43 45 47 31 93 64 30 30 212 48 34 33 31
internal_value=2.65356 -6.08966 -15.3104 31.0785 -19.9941 -23.8968 -19.1125 54.396 -29.7328 -33.4681 1.10782 36.0071 10.3272 -6.75546
internal_weight=806 775 621 154 587 542 511 111 335 305 176 81 81 95
internal_count=806 775 621 154 587 542 511 111 335 305 176 81 81 95
is_linear=0
shrinkage=0.05


Tree=41
num_leaves=21
num_cat=0
split_feature=24 24 24 8 0 20 24 4 0 24 24 24 2 26 24 24 26 4 6 24
split_gain=5.54624e+08 9.59375e+07 8.48664e+07 2.72691e+08 7.43318e+07 6.88268e+07 5.61794e+07 5.45828e+07 3.75827e+07 4.29774e+07 1.40167e+07 8.90474e+06 3.75007e+06 1.73554e+06 1.61675e+06 1.33198e+06 846218 689394 290675 253475
threshold=18427.500000000004 8587.9638888888912 1.0000000180025095e-35 6.7500000000000009 56.850000000000009 11.548450000000001 5231.4805555555567 1000.6500000000002 14.500000000000002 10972.222222222224 6916.666666666667 4032.4083333333338 15.597000000000003 7.8500000000000005 6009.2583333333341 4618.0555555555566 7.4500000000000011 1012.7500000000001 2.6500000000000008 7680.5555555555557
decision_type=2 2 2 2 2 2 2 2 2 2 2 2 2 2 2 2 2 2 2 2
left_child=1 2 3 -1 -4 -5 11 -7 -3 12 14 -6 -10 19 18 -13 -16 -17 -8 -12
right_child=-2 8 4 5 6 7 10 -9 9 -11 13 15 -14 -15 16 17 -18 -19 -20 -21
leaf_value=150.48230359239977 209.55885023994074 -17.726456850172891 -100.27269563389775 -77.958969378975596 -62.901786050541276 -32.253399780780654 -15.835702407255202 57.365506677835526 14.944242025320387 94.228042562776238 10.318017935673659 -41.630434609479451 35.292408500886538 1.0895513633459284 -5.782655469881596 -36.310533574659878 -15.10587180607231 -25.820640416299142 -21.905670157394841 16.901882815440231
leaf_weight=31 31 33 30 33 41 36 34 32 45 30 30 56 46 51 52 32 46 34 53 30
leaf_count=31 31 33 30 33 41 36 34 32 45 30 30 56 46 51 52 32 46 34 53 30
internal_value=2.5227 -5.78471 -14.5455 21.0192 -24.1482 -18.8265 -19.1519 9.94244 29.5295 42.4215 -6.16633 -42.7149 25.2576 7.87583 -14.5914 -35.8848 -10.1698 -30.954 -19.5545 13.6327
internal_weight=806 775 621 132 489 101 459 68 154 121 296 163 91 111 185 122 98 66 87 60
internal_count=806 775 621 132 489 101 459 68 154 121 296 163 91 111 185 122 98 66 87 60
is_linear=0
shrinkage=0.05


Tree=42
num_leaves=19
num_cat=0
split_feature=24 3 24 6 0 20 7 24 28 24 4 24 24 24 8 24 28 26
split_gain=5.02133e+08 8.18765e+07 6.42074e+07 4.31933e+07 3.9314e+07 2.90618e+07 4.31219e+07 5.57771e+07 5.22465e+07 2.73127e+07 8.35123e+07 1.35568e+07 1.05034e+07 3.40853e+06 2.7552e+06 1.6047e+06 1.31014e+06 1.03522e+06
threshold=13788.888888888892 38.95000000000001 6620.3694444444454 1.8500000000000003 36.650000000000006 9.4719000000000015 12.950000000000001 3953.702777777778 0.78298010367706283 1.0000000180025095e-35 1001.9500000000002 5087.9638888888894 8120.3694444444454 4166.666666666667 8.7500000000000018 7069.4444444444453 -0.82389248692129191 6.950000000000002
decision_type=2 2 2 2 2 2 2 2 2 2 2 2 2 2 2 2 2 2
left_child=1 -1 3 -3 -4 6 8 -8 -5 10 -7 13 15 -11 -14 -6 -13 -17
right_child=-2 2 4 5 12 9 7 -9 -10 11 -12 16 14 -15 -16 17 -18 -19
leaf_value=50.362058903359269 155.69239597587054 30.256985849509142 -44.079232091695722 20.720629297765413 -3.6163257112283542 -37.865702972729245 -125.62269428544663 -36.315709116793023 -56.576638154725771 -57.165971987904904 70.174710041303726 -8.7444821260106842 35.293359774710488 -35.47108821749935 19.095119709815272 14.989593376941627 -20.533134234896178 3.2999697479523924
leaf_weight=56 50 34 32 40 39 42 30 42 48 30 31 38 48 48 59 36 63 40
leaf_count=56 50 34 32 40 39 42 30 42 48 30 31 38 48 48 59 36 63 40
internal_value=2.39741 -7.76039 -12.4167 -23.8426 7.64757 -28.3134 -44.9755 -73.6496 -21.4578 -17.7207 8.04764 -28.2282 15.1202 -43.8779 26.3878 4.62254 -16.1109 8.84965
internal_weight=806 756 700 446 254 412 160 72 88 252 73 179 222 78 107 115 101 76
internal_count=806 756 700 446 254 412 160 72 88 252 73 179 222 78 107 115 101 76
is_linear=0
shrinkage=0.05


Tree=43
num_leaves=21
num_cat=0
split_feature=24 24 24 8 0 24 20 28 24 24 24 24 24 26 6 26 21 24 11 4
split_gain=4.6258e+08 7.96034e+07 5.78014e+07 2.47635e+08 1.00394e+08 8.35608e+07 5.79005e+07 4.75668e+07 2.00863e+07 8.55233e+06 3.75045e+06 3.22079e+06 3.04228e+06 1.80499e+06 1.51317e+06 1.43496e+06 1.2293e+06 1.14578e+06 1.03673e+06 556678
threshold=18427.500000000004 11569.444444444447 1.0000000180025095e-35 6.7500000000000009 21.150000000000002 6620.3694444444454 11.548450000000001 -0.86517904975604198 4618.0555555555566 8120.3694444444454 3902.7777777777778 10199.075000000001 5326.3888888888896 7.3500000000000014 3.5500000000000003 8.7500000000000018 0.79633482334520311 7291.666666666667 2.5000000000000004 1012.7500000000001
decision_type=2 2 2 2 2 2 2 2 2 2 2 2 2 2 2 2 2 2 2 2
left_child=1 2 3 -1 -4 8 -5 -8 10 13 -6 15 19 17 -14 -11 -15 -7 -12 -10
right_child=-2 -3 4 6 5 9 7 -9 12 11 18 -13 14 16 -16 -17 -18 -19 -20 -21
leaf_value=144.11964868870578 191.35501244351792 60.726907936326313 -101.81516440323209 -71.459761614381733 -60.884340572050533 1.2797536020493583 -32.608795074283904 50.908219735153963 -32.11371401558025 30.600766955962417 -33.463299404046474 6.6263832054264915 -11.860249561042769 -10.771015562827342 -22.468955124114565 17.431546343946035 3.2980782168252127 14.867787605734883 -46.268164100528139 -23.154015715960981
leaf_weight=31 31 43 32 33 31 31 34 34 37 55 35 30 104 32 50 34 30 31 32 36
leaf_count=31 31 43 32 33 31 31 34 34 37 55 35 30 104 32 50 34 30 31 32 36
internal_value=2.27738 -5.30944 -9.19639 20.748 -15.7865 -10.9228 -17.2236 9.16307 -27.5021 11.2534 -46.4147 20.8227 -19.3203 2.06056 -15.317 25.5951 -3.96896 8.08685 -39.639 -27.733
internal_weight=806 775 732 132 600 568 101 68 325 243 98 119 227 124 154 89 62 62 67 73
internal_count=806 775 732 132 600 568 101 68 325 243 98 119 227 124 154 89 62 62 67 73
is_linear=0
shrinkage=0.05


Tree=44
num_leaves=16
num_cat=0
split_feature=0 24 24 8 20 20 1 4 0 24 24 10 8 24 21
split_gain=4.46769e+08 1.59635e+08 5.67237e+07 4.14279e+07 1.50639e+08 5.19883e+07 1.66732e+07 5.41478e+07 1.19547e+07 1.19088e+07 6.77466e+06 1.47017e+06 1.63432e+06 1.17203e+06 415759
threshold=7.5000000000000009 11569.444444444447 6620.3694444444454 0.55000000000000016 4.0277500000000002 7.0585000000000013 0.11805555555555557 1001.9500000000002 60.350000000000009 5437.5000000000009 8199.0750000000025 4.5000000000000009 13.700000000000001 7173.6111111111122 0.68920799923937526
decision_type=2 2 2 2 2 2 2 2 2 2 2 2 2 2 2
left_child=-1 2 3 -2 -5 -6 7 -7 -4 -8 13 -12 -13 -10 -15
right_child=1 -3 8 4 5 6 9 -9 10 -11 11 12 -14 14 -16
leaf_value=162.75728382147722 -65.547466970843104 78.910211931142783 -22.78444010253121 81.252587949312655 -71.47191683825325 -38.176149448021896 -35.841394010567825 40.257655896257056 -3.6522567488838407 -12.57298375822676 29.323673328133516 9.2247396020328303 24.77308582986312 2.4367777082155335 9.7106927130964191
leaf_weight=41 51 51 31 35 56 46 135 42 47 93 30 39 30 37 42
leaf_count=41 51 51 31 35 56 46 135 42 47 93 30 39 30 37 42
internal_value=2.16397 -6.46314 -12.5714 -23.1061 -17.773 -27.1093 -19.2274 -0.738572 6.2773 -26.36 10.2897 20.0707 16.011 2.59479 6.31137
internal_weight=806 765 714 458 407 372 316 88 256 228 225 99 69 126 79
internal_count=806 765 714 458 407 372 316 88 256 228 225 99 69 126 79
is_linear=0
shrinkage=0.05


Tree=45
num_leaves=18
num_cat=0
split_feature=24 6 26 24 3 1 21 24 21 24 21 24 3 4 21 14 24
split_gain=4.46129e+08 4.13471e+07 2.087e+08 5.79668e+07 7.89737e+07 6.80449e+07 2.60006e+07 2.66607e+07 2.4893e+07 2.58806e+07 1.92945e+07 1.09409e+07 9.19407e+06 4.8892e+06 1.78717e+06 1.38897e+06 1.31703e+06
threshold=13788.888888888892 4.6500000000000012 7.0999999999999996 6620.3694444444454 51.20000000000001 0.18333333333333332 0.50812500000000027 2835.1861111111116 0.80328537251069865 3625.0000000000005 0.86728975703478384 8120.3694444444454 80.200000000000003 1019.1500000000002 0.85716367168528429 265.50000000000006 7291.666666666667
decision_type=2 2 2 2 2 2 2 2 2 2 2 2 2 2 2 2 2
left_child=1 3 12 4 -1 -5 7 -6 9 -8 -10 16 -3 -12 15 -13 -7
right_child=-2 2 -4 5 6 11 8 -9 10 -11 13 14 -14 -15 -16 -17 -18
leaf_value=-83.635171196877153 149.51993297406821 -42.335987311068095 126.42014094735974 -61.593231646406338 43.877395099995603 -2.9555036776167189 -80.298256276883293 -16.300518598789122 21.32861972146479 -22.94231007781103 -27.709389231459213 27.840678273903212 -7.7748790981262692 -6.3119276612088946 32.478099434867403 13.898233422989634 8.1836669041419441
leaf_weight=52 47 39 32 34 31 54 35 45 31 45 104 31 38 36 45 43 52
leaf_count=52 47 39 32 34 31 54 35 45 31 45 104 31 38 36 45 43 52
internal_value=0.27006 -9.13924 19.3081 -14.0016 -26.458 4.22915 -17.3428 8.27107 -25.0986 -48.1045 -14.3138 14.1986 -25.3121 -22.2157 24.5981 19.7687 2.51151
internal_weight=794 747 109 638 379 259 327 76 251 80 171 225 77 140 119 74 106
internal_count=794 747 109 638 379 259 327 76 251 80 171 225 77 140 119 74 106
is_linear=0
shrinkage=0.05


Tree=46
num_leaves=19
num_cat=0
split_feature=24 27 8 24 1 8 21 1 21 24 25 24 28 21 21 28 24 24
split_gain=4.04034e+08 3.96488e+07 9.93198e+07 3.84927e+07 9.48049e+07 4.07119e+07 3.04247e+07 3.90825e+07 1.94918e+07 1.00849e+07 9.89522e+06 9.78008e+06 6.22214e+06 5.29941e+06 2.6657e+06 1.64267e+06 904659 546179
threshold=13377.777777777779 0.92591620288614507 6.7500000000000009 6620.3694444444454 0.18333333333333332 0.8500000000000002 0.6130562294956895 0.6000000000000002 0.80328537251069865 8552.7777777777792 20.555100000000003 6342.5916666666672 0.48250774176121808 0.86728975703478384 0.85716367168528429 -0.40541071103273002 7513.8888888888896 9509.2583333333369
decision_type=2 2 2 2 2 2 2 2 2 2 2 2 2 2 2 2 2 2
left_child=1 3 -3 5 -5 -1 7 -7 10 15 -8 -4 13 -10 17 -6 -17 -11
right_child=-2 2 11 4 9 6 8 -9 12 14 -12 -13 -14 -15 -16 16 -18 -19
leaf_value=-65.090461925424478 134.85119137919568 96.044771644997837 -32.970786936549622 -78.95088549700111 10.675102830639501 37.183012737152346 -71.666416330432568 -25.588968197731283 -5.0393707275390627 13.512250024636074 -31.238149407438911 6.0943001495680242 1.8760526117404561 -27.763484866284383 35.161110270594364 -6.0420954478479869 4.8280948833862265 22.997415224302237
leaf_weight=51 52 30 33 32 48 50 30 49 33 31 31 31 31 116 38 42 35 31
leaf_count=51 52 30 33 32 48 50 30 49 33 31 31 31 31 116 38 42 35 31
internal_value=0.257008 -9.19236 21.1387 -13.5948 1.43657 -23.4726 -17.2127 6.11953 -26.7958 12.8995 -51.2057 -14.0686 -18.4997 -22.7374 24.7263 3.42579 -1.10118 18.2843
internal_weight=794 742 94 648 257 391 340 99 241 225 61 64 180 149 100 125 77 62
internal_count=794 742 94 648 257 391 340 99 241 225 61 64 180 149 100 125 77 62
is_linear=0
shrinkage=0.05


Tree=47
num_leaves=17
num_cat=0
split_feature=24 20 3 24 3 20 1 4 24 24 5 5 29 4 24 3
split_gain=3.65478e+08 3.77257e+07 9.91837e+07 3.99182e+07 3.11214e+07 2.89958e+07 5.12329e+07 9.66107e+07 2.53715e+07 1.43672e+07 5.5264e+06 1.33173e+07 5.10775e+06 6.33331e+06 3.90056e+06 2.8781e+06
threshold=13788.888888888892 1.4809000000000003 44.500000000000007 7143.5194444444451 40.050000000000004 8.8269000000000002 0.11805555555555557 1001.9500000000002 3791.6666666666674 4078.702777777778 14.850000000000003 19.975000000000005 0.6078576107927941 1018.1000000000001 5175.9250000000011 58.95000000000001
decision_type=2 2 2 2 2 2 2 2 2 2 2 2 2 2 2 2
left_child=1 4 -3 5 -1 8 7 -7 -4 -8 15 -12 13 -10 -11 -5
right_child=-2 2 3 10 -6 6 9 -9 12 14 11 -13 -14 -15 -16 -17
leaf_value=-81.243535080463005 135.33156538556335 63.164293382838814 -78.278317230325996 9.8955116919649431 -15.519172138121071 -30.59935694717047 -51.550610352681183 82.015183083842132 -50.987412746404097 -27.239810154401091 -17.926847518021898 18.436235163789142 -10.424606421598341 -19.613543231127267 -11.776702711160938 28.331759757833183
leaf_weight=30 47 50 30 44 45 38 34 38 30 58 47 54 35 35 138 41
leaf_count=30 47 50 30 44 45 38 34 38 30 58 47 54 35 35 138 41
internal_value=0.244277 -8.27216 -4.51536 -9.96514 -41.8822 -18.2371 -9.82665 25.7416 -38.0112 -21.5858 9.42439 1.51376 -25.8648 -34.1499 -16.3641 18.8112
internal_weight=794 747 672 622 75 436 306 76 130 230 186 101 100 65 196 85
internal_count=794 747 672 622 75 436 306 76 130 230 186 101 100 65 196 85
is_linear=0
shrinkage=0.05


Tree=48
num_leaves=19
num_cat=0
split_feature=0 0 26 26 2 14 6 21 2 21 9 0 7 26 17 22 7 20
split_gain=1.67825e+08 5.59093e+07 3.82759e+07 6.36665e+07 7.97617e+07 2.70083e+07 2.6792e+07 2.08575e+07 7.19977e+07 2.49328e+07 1.64291e+07 1.67365e+07 1.47407e+07 1.1736e+07 5.9305e+06 5.05228e+06 3.22262e+06 3.01537e+06
threshold=7.5000000000000009 36.650000000000006 9.8500000000000032 10.950000000000005 14.450000000000001 199.50000000000003 5.2500000000000009 0.43551232852542904 15.050000000000002 0.78527720630901521 0.55000000000000016 223.75000000000003 20.250000000000004 7.5000000000000018 1.0000000180025095e-35 0.68301270189221941 18.750000000000004 10.872700000000002
decision_type=2 2 2 2 2 2 2 2 2 2 2 2 2 2 2 2 2 2
left_child=-1 -2 5 4 -4 6 7 15 9 -9 11 13 -10 -7 -12 -3 -5 -13
right_child=1 2 3 16 -6 10 -8 8 12 -11 14 17 -14 -15 -16 -17 -18 -19
leaf_value=107.11981204214938 -53.21425746218479 -9.9353071993811017 107.86934160644658 -1.6931411489695805 -0.54947321051006381 13.639037226765604 25.501498933271932 -104.91609223061435 17.814486398972239 -43.96635801567222 0.17989376675830923 10.764437824097115 -19.226142134232006 51.861615679527553 -24.90186773060093 15.624586268483251 -24.66901653817229 -8.2695954208388027
leaf_weight=35 55 51 36 30 32 44 34 31 38 37 52 35 91 37 43 31 31 51
leaf_count=35 55 51 36 30 32 44 34 31 38 37 52 35 91 37 43 31 31 51
internal_value=0.231696 -4.71072 -0.914359 23.6891 56.9228 -6.43726 -16.3493 -21.4568 -30.273 -71.8656 5.40599 14.8462 -8.30956 31.1412 -11.1871 -0.265098 -13.3908 -0.519623
internal_weight=794 759 704 129 68 575 313 279 197 68 262 167 129 81 95 82 61 86
internal_count=794 759 704 129 68 575 313 279 197 68 262 167 129 81 95 82 61 86
is_linear=0
shrinkage=0.05


Tree=49
num_leaves=21
num_cat=0
split_feature=24 8 27 8 0 24 8 24 1 9 2 24 24 21 26 24 26 24 27 24
split_gain=3.2806e+08 1.99412e+08 3.7241e+07 8.72629e+07 4.83691e+07 5.48225e+07 3.748e+07 2.8038e+07 2.24214e+07 3.39326e+07 9.45175e+06 9.20498e+06 7.95008e+06 4.04358e+06 1.38522e+06 1.30113e+06 875951 778174 389084 230145
threshold=12688.750000000002 15.750000000000002 0.92591620288614507 6.7500000000000009 25.500000000000004 5652.7777777777783 8.5500000000000025 3953.702777777778 0.6000000000000002 0.25000000000000006 10.65 7601.852777777779 4078.702777777778 0.85716367168528429 8.6500000000000039 5300.9250000000011 7.7499999999999991 6208.102777777779 0.15430310492919616 6791.666666666667
decision_type=2 2 2 2 2 2 2 2 2 2 2 2 2 2 2 2 2 2 2 2
left_child=2 -2 4 -4 -1 6 7 -6 9 -8 -5 16 -10 14 -13 -14 17 -7 -18 -19
right_child=1 -3 3 10 5 11 8 -9 12 -11 -12 13 15 -15 -16 -17 18 19 -20 -21
leaf_value=-69.599988042350617 203.20621499096436 22.447926060409792 90.524886588163156 -31.271971945171995 -93.706164525434417 -6.8004058995477825 34.229051296462508 -30.968284977158181 -49.922957598410576 -34.324094275541086 7.1293267811226304 12.879009315319024 -24.634216302244742 24.388440101968371 0.91626071143822652 -12.817890378348848 -11.824726398717983 -0.31989467926429549 -4.1814992337212011 5.6418290065372503
leaf_weight=36 30 31 30 33 30 35 45 44 30 30 31 51 72 53 46 35 35 35 32 30
leaf_count=36 30 31 30 33 30 35 45 44 30 30 31 51 72 53 46 35 35 35 32 30
internal_value=0.220482 111.533 -9.05682 20.3126 -13.3797 -10.0123 -25.8805 -56.4948 -15.1728 6.79853 -12.6892 4.30779 -27.1971 13.2938 7.21279 -20.7847 -3.76653 -0.800235 -8.18598 2.43603
internal_weight=794 61 733 94 639 603 286 74 212 75 64 317 137 150 97 107 167 100 67 65
internal_count=794 61 733 94 639 603 286 74 212 75 64 317 137 150 97 107 167 100 67 65
is_linear=0
shrinkage=0.05


Tree=50
num_leaves=15
num_cat=0
split_feature=24 3 0 24 24 8 14 24 8 1 14 20 5 24
split_gain=4.57088e+08 7.71672e+07 6.66918e+07 7.19875e+07 2.01768e+07 1.61421e+07 5.67275e+07 8.26089e+07 1.59645e+07 4.17842e+07 1.55561e+07 3.08816e+06 4.87872e+06 2.85372e+06
threshold=17036.111111111113 38.95000000000001 9.5000000000000018 7173.6111111111122 10852.777777777779 1.5000000000000002 107.50000000000001 3763.8888888888891 16.750000000000004 0.6000000000000002 172.50000000000003 16.003000000000004 15.050000000000002 8143.5194444444451
decision_type=2 2 2 2 2 2 2 2 2 2 2 2 2 2
left_child=1 -1 -3 5 11 -4 7 -7 9 -8 -10 12 13 -5
right_child=-2 2 3 4 -6 6 8 -9 10 -11 -12 -13 -14 -15
leaf_value=52.747465485483126 183.85665650151645 -81.900343775979195 7.7306111762398162 3.4941288189746622 55.728596326758307 -120.83931913762076 53.716732440834427 -18.787940265487116 -47.359933962334935 -14.05122309847626 -13.33479875975396 24.579773979513057 -5.9963854232133125 21.331200914833886
leaf_weight=52 33 31 55 37 30 32 30 52 42 93 167 35 43 57
leaf_count=52 33 31 55 37 30 32 30 52 42 93 167 35 43 57
internal_value=1.99068 -5.97117 -10.3152 -7.00616 17.9584 -17.7144 -21.0796 -57.7622 -11.7838 2.50772 -20.1918 11.342 7.94456 14.3215
internal_weight=789 756 704 673 202 471 416 84 332 123 209 172 137 94
internal_count=789 756 704 673 202 471 416 84 332 123 209 172 137 94
is_linear=0
shrinkage=0.05


Tree=51
num_leaves=20
num_cat=0
split_feature=24 24 6 10 1 1 21 14 24 24 0 24 21 24 24 0 21 28 23
split_gain=4.12651e+08 5.40512e+07 4.53245e+07 1.00339e+08 5.27731e+07 8.77214e+07 5.51839e+07 1.13219e+08 4.78385e+07 1.59915e+07 1.29486e+07 6.14353e+06 3.98095e+06 2.62785e+06 1.10559e+06 882285 715265 575113 401766
threshold=17036.111111111113 12101.85277777778 4.6500000000000012 4.5000000000000009 0.6000000000000002 1.0000000180025095e-35 0.81823739035087739 172.50000000000003 7173.6111111111122 5231.4805555555567 74.800000000000011 5419.4444444444462 0.74866666666666681 8493.0555555555566 4532.4083333333338 475.85000000000008 0.6130562294956895 -0.37370587188196386 0.25000000000000017
decision_type=2 2 2 2 2 2 2 2 2 2 2 2 2 2 2 2 2 2 2
left_child=1 2 4 -4 5 6 7 -1 9 12 -10 -5 -6 18 -14 17 -15 -11 -12
right_child=-2 -3 3 11 8 -7 -8 -9 10 15 13 -13 14 16 -16 -17 -18 -19 -20
leaf_value=-83.587949303718602 174.69159932208564 59.983589017747647 85.378381405218178 -32.776323715053572 -45.629015471556478 -111.29072816047784 39.316625839689642 37.829288581518639 45.378095022309267 -5.3383960285408056 5.9509165736321075 -1.0579402195654832 -30.903599541202158 9.9839110428312683 -20.363929993916795 -1.5849242385514009 20.100270656753864 -12.334562185832436 -1.5816821179000993
leaf_weight=53 33 30 39 31 32 33 30 30 30 50 38 30 48 30 54 50 43 72 33
leaf_count=53 33 30 39 31 32 33 30 30 30 50 38 30 48 30 54 50 43 72 33
internal_value=1.89179 -5.67316 -8.39414 22.8481 -13.3878 -39.6998 -18.7128 -39.7094 -5.37792 -17.2788 15.5491 -17.2045 -30.2226 9.30755 -25.3492 -7.18298 15.9623 -9.47404 2.45248
internal_weight=789 756 726 100 626 146 113 83 480 306 174 61 134 144 102 172 73 122 71
internal_count=789 756 726 100 626 146 113 83 480 306 174 61 134 144 102 172 73 122 71
is_linear=0
shrinkage=0.05


Tree=52
num_leaves=15
num_cat=0
split_feature=0 0 6 22 1 7 0 27 23 0 26 25 26 14
split_gain=3.00414e+08 6.02762e+07 3.91024e+07 1.30757e+08 4.20581e+07 8.54556e+07 3.09684e+07 2.24278e+07 1.44145e+07 2.05285e+07 6.14977e+06 2.69209e+06 4.24792e+06 1.58874e+06
threshold=7.5000000000000009 36.650000000000006 4.6500000000000012 0.68301270189221941 0.6000000000000002 18.650000000000002 85.250000000000014 -0.068799878299627984 0.6830127018922193 243.65000000000003 4.5499999999999998 24.225485000000003 10.550000000000002 223.50000000000003
decision_type=2 2 2 2 2 2 2 2 2 2 2 2 2 2
left_child=-1 -2 4 10 5 -3 -6 -7 11 -10 -4 12 -8 -13
right_child=1 2 3 -5 6 7 8 -9 9 -11 -12 13 -14 -15
leaf_value=146.96282966591397 -57.19222737889001 -96.785653225800999 8.4408627721008109 115.21320742135032 36.989623203753517 30.063958086286274 -3.6596203752148484 -24.752101745624895 37.329181386074644 -8.4856476888089158 -20.473231593196189 -25.857307081283864 -21.167937453239798 -10.822241033979866
leaf_weight=34 51 36 32 30 52 30 221 49 46 52 43 31 41 41
leaf_count=34 51 36 32 30 52 30 221 49 46 52 43 31 41 41
internal_value=1.79803 -4.75778 -0.951669 27.1786 -5.88641 -33.0527 0.573873 -3.92412 -3.81704 13.0354 -8.14167 -8.76419 -6.40652 -17.3226
internal_weight=789 755 704 105 599 115 484 79 432 98 75 334 262 72
internal_count=789 755 704 105 599 115 484 79 432 98 75 334 262 72
is_linear=0
shrinkage=0.05


Tree=53
num_leaves=14
num_cat=0
split_feature=0 0 3 1 7 28 0 26 0 14 5 26 3
split_gain=2.71206e+08 5.44109e+07 3.502e+07 1.79945e+07 6.07684e+07 4.28696e+07 2.97496e+07 1.51612e+07 1.84585e+07 3.01059e+06 2.775e+06 3.25331e+06 2.26074e+06
threshold=7.5000000000000009 36.650000000000006 35.650000000000006 0.6000000000000002 19.050000000000004 -0.79354221435844496 187.40000000000001 9.0500000000000025 79.100000000000009 178.50000000000003 24.725000000000005 10.350000000000003 81.200000000000003
decision_type=2 2 2 2 2 2 2 2 2 2 2 2 2
left_child=-1 -2 -3 4 -4 -6 7 8 -5 -10 11 12 -8
right_child=1 2 3 6 5 -7 10 -9 9 -11 -12 -13 -14
leaf_value=139.63623734079849 -54.338211003954861 50.968966417220628 -74.081535224194795 39.707402293702479 -34.266249554060984 35.523019160107268 -0.51392170000283521 43.498119261691905 9.0121683106928394 -10.511842450593184 -17.286390275156222 -17.2618235772464 -10.742619317729236
leaf_weight=34 51 31 37 35 42 46 207 44 31 54 56 48 73
leaf_count=34 51 31 37 35 42 46 207 44 31 54 56 48 73
internal_value=1.7088 -4.52016 -0.903973 -3.30059 -20.4111 2.21336 0.605347 18.4253 9.20331 -3.38904 -7.00805 -5.24847 -3.18359
internal_weight=789 755 704 673 125 88 548 164 120 85 384 328 280
internal_count=789 755 704 673 125 88 548 164 120 85 384 328 280
is_linear=0
shrinkage=0.05


Tree=54
num_leaves=13
num_cat=0
split_feature=3 2 1 3 28 2 27 14 23 28 5 8
split_gain=8.2907e+07 1.16167e+08 4.52647e+07 5.61311e+07 9.27532e+07 9.37529e+07 2.66963e+07 1.47713e+07 3.8825e+06 4.34422e+06 7.17208e+06 3.00345e+06
threshold=44.150000000000006 11.450000000000001 0.6000000000000002 55.70000000000001 -0.78295110140207591 9.6500000000000021 0.98370018436603734 27.000000000000004 -0.9330127018922193 -0.82389248692129191 26.650000000000002 1.2500000000000002
decision_type=2 2 2 2 2 2 2 2 2 2 2 2
left_child=1 -1 3 -2 -5 -6 7 -4 -9 -10 11 -11
right_child=2 -3 6 4 5 -7 -8 8 9 10 -12 -13
leaf_value=98.512911402669317 -77.181179555257174 -17.040581272721592 32.6406130090581 -59.788877752715464 -30.048350810291169 78.084681311628771 47.443597434688584 13.341317506474773 -16.148951204269864 -16.077562726761553 20.170596601480771 -1.7757431688727257
leaf_weight=49 41 39 33 56 40 40 32 38 57 42 35 287
leaf_count=49 41 39 33 56 40 40 32 38 57 42 35 287
internal_value=1.62399 47.3404 -4.12095 -25.9743 -10.4915 24.0481 3.26436 0.381843 -1.94401 -3.32653 -1.31473 -3.60585
internal_weight=789 88 701 177 136 80 524 492 459 421 364 329
internal_count=789 88 701 177 136 80 524 492 459 421 364 329
is_linear=0
shrinkage=0.05


Tree=55
num_leaves=18
num_cat=0
split_feature=24 1 8 1 24 11 24 0 24 3 3 24 26 26 3 21 0
split_gain=3.07329e+08 4.42534e+07 1.5163e+08 7.73563e+07 4.20864e+07 2.90738e+07 1.42895e+07 5.97691e+06 3.74777e+06 2.68412e+06 2.50139e+06 2.13711e+06 2.08057e+06 1.88975e+06 967335 598491 555764
threshold=13788.888888888892 1.0000000180025095e-35 6.7500000000000009 0.6000000000000002 6861.1111111111122 2.5000000000000004 4600.0000000000009 74.250000000000014 8629.6305555555573 55.70000000000001 75.050000000000011 5979.166666666667 6.950000000000002 8.1500000000000039 67.350000000000009 0.82953703703703707 374.90000000000003
decision_type=2 2 2 2 2 2 2 2 2 2 2 2 2 2 2 2 2
left_child=1 2 -1 -3 6 -4 10 -6 12 -8 -5 14 -9 -10 -11 -14 -13
right_child=-2 3 5 4 7 -7 9 8 13 11 -12 16 15 -15 -16 -17 -18
leaf_value=114.75435893691588 126.99148865573575 -75.514098972311899 -34.98467460040024 -42.914283246021732 30.385797133246424 18.747130254676645 -25.619764084673406 9.0040404386387145 24.454614250897642 -5.8443112623656601 -26.285551148122927 -6.3397695624130144 -8.4548753898162055 8.4466747777762148 -15.50678332141667 0.93050095314203307 2.3976887934231681
leaf_weight=32 46 44 54 46 31 47 30 50 33 34 46 46 39 42 111 30 30
leaf_count=32 46 44 54 46 31 47 30 50 33 34 46 46 39 42 111 30 30
internal_value=1.71051 -6.04096 20.0897 -11.722 -6.76796 -9.9869 -17.7892 10.0337 6.76758 -11.6024 -34.6375 -9.6888 1.24706 15.5134 -13.2467 -4.37876 -2.89209
internal_weight=791 745 133 612 568 101 343 225 194 251 92 221 119 75 145 69 76
internal_count=791 745 133 612 568 101 343 225 194 251 92 221 119 75 145 69 76
is_linear=0
shrinkage=0.05


Tree=56
num_leaves=15
num_cat=0
split_feature=0 24 24 7 20 24 3 14 1 3 24 3 9 3
split_gain=2.9504e+08 6.82687e+07 2.71257e+07 3.72028e+07 9.79831e+07 4.89192e+07 4.24986e+07 1.45708e+07 1.64314e+07 3.2177e+06 1.92132e+06 1.49016e+06 1.3778e+06 2.23417e+06
threshold=7.5000000000000009 12101.85277777778 6791.666666666667 9.6500000000000004 4.2211750000000015 4902.7777777777783 53.20000000000001 107.50000000000001 0.6000000000000002 40.050000000000004 7953.7027777777785 66.050000000000011 0.25000000000000006 61.95000000000001
decision_type=2 2 2 2 2 2 2 2 2 2 2 2 2 2
left_child=-1 2 3 5 -5 -2 -6 -8 -9 -4 11 -11 13 -12
right_child=1 -3 9 4 6 -7 7 8 -10 10 12 -13 -14 -15
leaf_value=132.06387467674384 -98.003006878722942 56.337967460795426 -10.542596090874872 76.328886232344416 -71.545756831846219 -12.125483982518034 -36.222110156869256 11.686943888754673 -15.122401524888609 -6.5555267194531996 7.8986455514655241 6.6097547755082759 2.7335946442945951 24.698789023758838
leaf_weight=41 30 42 31 30 33 37 53 79 206 37 52 51 37 32
leaf_count=41 30 42 31 30 33 37 53 79 206 37 52 51 37 32
internal_value=1.62558 -5.52169 -9.19878 -16.2062 -10.4372 -50.6669 -17.472 -12.173 -7.68953 4.46666 6.69692 1.07314 10.7826 14.3205
internal_weight=791 750 708 468 401 67 371 338 285 240 209 88 121 84
internal_count=791 750 708 468 401 67 371 338 285 240 209 88 121 84
is_linear=0
shrinkage=0.05


Tree=57
num_leaves=18
num_cat=0
split_feature=24 24 7 24 3 30 24 3 24 7 19 27 24 26 3 24 3
split_gain=2.59265e+08 3.87994e+07 8.81377e+07 2.55734e+07 1.85531e+07 1.46348e+07 8.86598e+06 4.82483e+06 4.40935e+06 3.92671e+06 1.36251e+07 3.14232e+06 3.0419e+06 1.77693e+06 1.65521e+06 1.41799e+06 772198
threshold=13788.888888888892 1.0000000180025095e-35 20.850000000000005 6620.3694444444454 51.20000000000001 -0.22252093395631442 4600.0000000000009 38.350000000000001 9819.4444444444471 19.850000000000005 1.0000000180025095e-35 0.84753307444029569 8601.8527777777799 7.6500000000000012 75.050000000000011 5979.166666666667 67.550000000000011
decision_type=2 2 2 2 2 2 2 2 2 2 2 2 2 2 2 2 2
left_child=1 2 -1 4 -3 -4 14 -5 9 12 -11 15 13 -9 -6 16 -8
right_child=-2 3 5 7 6 -7 11 8 -10 10 -12 -13 -14 -15 -16 -17 -18
leaf_value=68.062376757778651 116.61291918309806 -57.774124833674129 8.1603963939327429 -18.757733269624932 -37.606898393892592 -34.924545694020473 -4.2957383824345277 8.5218746105458489 14.782020681384626 9.1665911074105697 -28.374598115246471 -24.145962692496035 18.840456247799263 -7.6474206644412224 -23.564221434272554 -1.546918625994663 -13.551131698854844
leaf_weight=54 46 30 37 30 40 42 30 32 56 52 45 38 31 36 46 54 92
leaf_count=54 46 30 37 30 40 42 30 32 56 52 45 38 31 36 46 54 92
internal_value=1.54474 -5.57484 18.8926 -10.8943 -20.3405 -14.7607 -16.5791 0.162946 2.42197 -1.11518 -8.26066 -11.1211 5.88717 -0.0369267 -30.1318 -8.29676 -11.2806
internal_weight=791 745 133 612 330 79 300 282 252 196 97 214 99 68 86 176 122
internal_count=791 745 133 612 330 79 300 282 252 196 97 214 99 68 86 176 122
is_linear=0
shrinkage=0.05


Tree=58
num_leaves=17
num_cat=0
split_feature=6 26 28 1 21 4 29 26 28 4 9 26 21 26 28 14
split_gain=7.7526e+07 2.79599e+08 5.31728e+07 5.68636e+07 5.93841e+07 5.56562e+07 5.22684e+07 7.41975e+06 5.88344e+06 7.30032e+06 1.15537e+07 2.75188e+06 2.87239e+06 3.37088e+06 1.74718e+06 870980
threshold=4.6500000000000012 7.0999999999999996 0.97308229207007257 0.6000000000000002 0.93114123159303896 1003.0500000000001 1.0000000180025095e-35 4.6500000000000021 0.88999460902669758 1003.2500000000001 3.3500000000000001 9.8500000000000032 0.53244148506860378 9.0500000000000025 0.45207220393230413 113.50000000000001
decision_type=2 2 2 2 2 2 2 2 2 2 2 2 2 2 2 2
left_child=2 7 3 4 5 -1 -7 -2 9 10 -5 12 15 -14 -13 -11
right_child=1 -3 -4 8 -6 6 -8 -9 -10 11 -12 14 13 -15 -16 -17
leaf_value=-6.8912242668940182 0.52091826715913425 159.38510388349158 50.269033072812718 -1.3158122852736831 31.53682078618148 -28.277206168441587 -104.84477169246634 -30.943223514883694 19.387460147587539 13.176263386965516 37.092798392083559 -18.597586272233482 -7.6449320256073179 10.355679764088327 -3.9961746894445707 1.5076434876182838
leaf_weight=57 45 34 41 56 30 41 49 32 39 33 30 46 159 31 37 31
leaf_count=57 45 34 41 56 30 41 49 32 39 33 30 46 159 31 37 31
internal_value=1.46745 40.1913 -4.85862 -8.40308 -32.4919 -45.5715 -70.0341 -12.5782 0.83076 -0.884308 12.11 -4.20299 -1.6183 -4.70406 -12.1012 7.53552
internal_weight=791 111 680 639 177 147 90 77 462 423 86 337 254 190 83 64
internal_count=791 111 680 639 177 147 90 77 462 423 86 337 254 190 83 64
is_linear=0
shrinkage=0.05


Tree=59
num_leaves=15
num_cat=0
split_feature=0 0 24 24 7 20 24 20 24 4 24 2 3 6
split_gain=2.60446e+08 5.51877e+07 1.74911e+08 2.27454e+07 3.81459e+07 7.95688e+07 4.50779e+07 2.24604e+07 3.70875e+07 1.37193e+07 2.34568e+06 1.71352e+06 1.64434e+06 702960
threshold=7.5000000000000009 42.000000000000007 10750.000000000002 6861.1111111111122 9.6500000000000004 4.2938999999999998 4902.7777777777783 8.2058000000000018 4078.702777777778 997.6500000000002 8199.0750000000025 15.597000000000003 55.70000000000001 2.6500000000000008
decision_type=2 2 2 2 2 2 2 2 2 2 2 2 2 2
left_child=-1 -2 3 4 6 -6 -3 8 -7 -9 12 -12 -5 -14
right_child=1 2 -4 10 5 7 -8 9 -10 -11 11 -13 13 -15
leaf_value=123.94777685754781 -57.13209056893902 -93.501650544733707 116.14883060772156 -7.8572091122653989 70.858033776520898 -81.009286858948371 -11.066763512079284 -34.832792216737559 -10.188526616919313 -2.9903310089460744 5.8899338720362708 19.062109148576702 -0.15862316931942269 9.6211570780451705
leaf_weight=41 48 30 30 32 30 30 37 39 48 251 51 48 31 45
leaf_count=41 48 30 30 32 30 30 37 39 48 251 51 48 31 45
internal_value=1.39484 -5.32035 -1.77002 -7.05076 -13.1874 -7.30587 -48.0623 -13.6955 -37.4962 -7.28314 6.73408 12.2893 1.6351 5.637
internal_weight=791 750 702 672 465 398 67 368 78 290 207 99 108 76
internal_count=791 750 702 672 465 398 67 368 78 290 207 99 108 76
is_linear=0
shrinkage=0.05


Tree=60
num_leaves=10
num_cat=0
split_feature=24 3 3 6 0 3 24 5 24
split_gain=2.27768e+08 3.16951e+07 3.3438e+07 1.33716e+07 4.37989e+07 1.91519e+07 2.23666e+07 1.88791e+07 3.08016e+06
threshold=13377.777777777779 36.600000000000001 41.70000000000001 1.6500000000000001 21.150000000000002 47.45000000000001 5923.6111111111122 8.8500000000000032 8013.8888888888896
decision_type=2 2 2 2 2 2 2 2 2
left_child=1 -1 -3 -4 -5 -6 7 -7 -8
right_child=-2 2 3 4 5 6 8 -9 -10
leaf_value=37.858440624661462 108.48977833083808 -55.964295098448751 26.663600466021666 -65.330114392835611 29.821660286360213 -39.801594406526931 0.43256651275120755 -9.4597810262661266 12.030831807143947
leaf_weight=39 46 35 30 31 38 63 157 274 90
leaf_count=39 46 35 30 31 38 63 157 274 90
internal_value=0.587527 -5.98274 -8.36903 -5.92219 -7.4231 -4.52702 -6.76677 -15.1421 4.66183
internal_weight=803 757 718 683 653 622 584 337 247
internal_count=803 757 718 683 653 622 584 337 247
is_linear=0
shrinkage=0.05


Tree=61
num_leaves=17
num_cat=0
split_feature=24 26 5 3 24 24 24 4 24 0 2 20 20 6 0 24
split_gain=2.05607e+08 2.91641e+07 1.13271e+08 2.05261e+07 2.18992e+07 1.2689e+07 1.20571e+07 4.64534e+07 1.14557e+07 9.22413e+06 3.3107e+06 3.25476e+06 3.72018e+06 2.18461e+06 2.01884e+06 1.64857e+06
threshold=13377.777777777779 10.650000000000004 9.6500000000000004 55.350000000000001 6268.5194444444451 7143.5194444444451 1.0000000180025095e-35 1001.85 4618.0555555555566 89.950000000000017 18.850000000000005 17.783600000000003 10.3284 4.7500000000000009 112.00000000000001 8143.5194444444451
decision_type=2 2 2 2 2 2 2 2 2 2 2 2 2 2 2 2
left_child=1 3 -3 4 -1 6 7 -5 10 -6 -8 12 -7 14 -10 -11
right_child=-2 2 -4 5 9 11 8 -9 13 15 -12 -13 -14 -15 -16 -17
leaf_value=-52.699968091727762 103.07705793401425 93.472237601957303 -28.334444002037305 -28.587209763283738 -34.748353281051784 13.565757459304727 -38.162722474602383 43.178238039164746 -17.101434551864575 -10.727841390137504 -17.769934565626997 23.614506242322761 -5.8018218104696588 -18.5983757275296 -3.1540285880894969 4.6124441717628235
leaf_weight=49 46 33 45 45 31 55 47 45 31 31 35 30 45 38 157 40
leaf_count=49 46 33 45 45 31 55 47 45 31 31 35 30 45 38 157 40
internal_value=0.558429 -5.68402 23.2528 -9.01107 -25.2609 -4.35995 -8.78951 7.30356 -13.4929 -12.0407 -29.4908 9.1976 4.85321 -7.67784 -5.46176 -2.09102
internal_weight=803 757 78 679 151 528 398 90 308 102 82 130 100 226 188 71
internal_count=803 757 78 679 151 528 398 90 308 102 82 130 100 226 188 71
is_linear=0
shrinkage=0.05


Tree=62
num_leaves=19
num_cat=0
split_feature=24 26 20 26 1 14 5 24 14 26 24 4 24 20 28 24 24 4
split_gain=1.8714e+08 2.65077e+07 1.12882e+08 1.91787e+07 5.90787e+07 1.97385e+07 2.19917e+07 1.55241e+07 1.48533e+07 1.86713e+07 2.44094e+07 1.22969e+07 5.6071e+06 5.56525e+06 2.09487e+06 1.6605e+06 1.34963e+06 738279
threshold=14555.555555555557 10.650000000000004 4.1650500000000008 8.5500000000000025 0.6000000000000002 56.000000000000007 3.1500000000000008 5923.6111111111122 120.50000000000001 7.0000000000000018 3625.0000000000005 997.75000000000011 5541.666666666667 17.943450000000002 -0.5488429582847193 7657.4083333333338 8143.5194444444451 1011.85
decision_type=2 2 2 2 2 2 2 2 2 2 2 2 2 2 2 2 2 2
left_child=1 3 -3 5 -5 6 -1 8 -7 11 -11 -10 -6 14 -9 -14 -16 -17
right_child=-2 2 -4 4 12 7 -8 13 9 10 -12 -13 15 -15 16 17 -18 -19
leaf_value=-6.1791321453462018 110.20286042658145 96.95177487376418 -24.803150026254404 -72.169431939849503 -22.989457614209776 -44.322917547780719 54.293504351238873 -11.263674850146856 -47.071191061577998 45.791916372609698 -17.380398333877611 -11.773228927377263 -7.4841131058899126 18.285231319270071 -2.3103163254239769 -0.3946687668654778 9.4565701787820267 10.512569526342855
leaf_weight=30 37 31 49 44 37 36 30 36 31 30 31 120 48 52 56 32 43 30
leaf_count=30 37 31 49 44 37 36 30 36 31 30 31 120 48 52 56 32 43 30
internal_value=0.530667 -4.7805 22.439 -7.9576 -21.4119 -2.76285 24.0971 -6.47237 -14.6721 -9.61847 13.712 -19.0462 -6.18042 4.4041 -0.952252 -0.510685 2.80489 4.89138
internal_weight=803 766 80 686 191 495 60 435 248 212 61 151 147 187 135 110 99 62
internal_count=803 766 80 686 191 495 60 435 248 212 61 151 147 187 135 110 99 62
is_linear=0
shrinkage=0.05


Tree=63
num_leaves=12
num_cat=0
split_feature=24 3 3 24 24 8 0 27 24 24 24
split_gain=1.6894e+08 2.52384e+07 2.76895e+07 1.35813e+07 1.56052e+07 5.31795e+07 3.0663e+07 2.72484e+07 2.06538e+07 3.5308e+06 2.61751e+06
threshold=14555.555555555557 36.600000000000001 42.95000000000001 11402.777777777779 1.0000000180025095e-35 16.450000000000003 54.750000000000007 -0.081675638985454949 5486.1111111111122 4564.8138888888898 7953.7027777777785
decision_type=2 2 2 2 2 2 2 2 2 2 2
left_child=1 -1 -3 4 5 -4 -6 -7 9 -8 -10
right_child=-2 2 3 -5 6 7 8 -9 10 -11 -12
leaf_value=34.592117073468849 104.70756967549697 -46.004211728080151 47.806055090431897 28.615531209140922 -58.368219721594521 14.855326260284727 -26.617370051658799 -50.438557871485735 -1.4673487404455754 -13.116679360669492 8.4583190760925095
leaf_weight=39 37 42 53 30 30 30 87 34 215 110 96
leaf_count=39 37 42 53 30 30 30 87 34 215 110 96
internal_value=0.504613 -4.54169 -6.64551 -4.2259 -5.73424 10.8086 -9.3332 -19.8565 -6.4265 -19.0894 1.59824
internal_weight=803 766 727 685 655 117 538 64 508 197 311
internal_count=803 766 727 685 655 117 538 64 508 197 311
is_linear=0
shrinkage=0.05


Tree=64
num_leaves=15
num_cat=0
split_feature=6 27 28 1 29 4 2 3 14 2 3 5 26 9
split_gain=4.65538e+07 8.31295e+07 4.12107e+07 3.32607e+07 1.04484e+08 8.15642e+07 2.60029e+07 1.48195e+07 9.76688e+06 6.43931e+06 2.84707e+06 2.51032e+06 3.16803e+06 1.64685e+06
threshold=5.2500000000000009 0.26781182513105634 0.97308229207007257 0.6000000000000002 0.6078576107927941 1011.9500000000002 4.8500000000000005 68.700000000000003 331.00000000000006 24.850000000000005 40.45000000000001 24.275000000000002 8.5500000000000025 0.25000000000000006
decision_type=2 2 2 2 2 2 2 2 2 2 2 2 2 2
left_child=2 -2 3 4 5 6 -1 -8 9 10 -5 12 -12 -13
right_child=1 -3 -4 8 -6 -7 7 -9 -10 -11 11 13 -14 -15
leaf_value=14.358830791247597 -14.828168040718246 99.922244949586144 43.281891372832916 -17.447109878101532 -80.432630981872876 71.409225473679911 -65.435181927680972 -16.107148201204218 26.723549403578854 21.036229159586455 3.736267256440271 -18.87926976985278 -5.8820700141952074 -2.8399226411480774
leaf_weight=32 32 31 45 31 57 31 31 30 33 30 213 32 143 32
leaf_count=32 32 31 45 31 57 31 31 30 33 30 213 32 143 32
internal_value=0.47965 41.7051 -3.03524 -6.03999 -24.4661 1.30444 -22.1154 -41.2416 0.452078 -1.3555 -2.84932 -1.76795 -0.127831 -10.8766
internal_weight=803 63 740 695 181 124 93 61 514 481 451 420 356 64
internal_count=803 63 740 695 181 124 93 61 514 481 451 420 356 64
is_linear=0
shrinkage=0.05


Tree=65
num_leaves=21
num_cat=0
split_feature=0 1 24 4 26 21 24 24 4 24 26 6 24 20 28 4 0 0 28 6
split_gain=3.10012e+08 7.54266e+07 1.083e+08 1.00961e+08 1.02403e+08 6.08519e+07 2.39359e+07 9.26738e+06 7.48373e+06 6.53483e+06 2.31038e+06 2.41345e+06 1.84451e+06 1.74272e+06 1.42084e+06 883120 780880 752009 563467 448212
threshold=7.5000000000000009 0.6000000000000002 10694.444444444447 1014.7500000000001 9.3500000000000032 0.5446875000000001 5562.5000000000009 8907.4083333333347 1004.35 3791.6666666666674 8.0500000000000025 3.5500000000000003 6958.3333333333339 5.1491000000000016 0.62531791166012562 1016.7500000000001 395.10000000000008 374.90000000000003 -0.17552498857989954 3.5500000000000003
decision_type=2 2 2 2 2 2 2 2 2 2 2 2 2 2 2 2 2 2 2 2
left_child=-1 3 6 4 5 -2 9 10 -7 -3 12 17 19 -11 -9 16 -15 -12 -14 -8
right_child=1 2 -4 -5 -6 8 7 14 -10 13 11 -13 18 15 -16 -17 -18 -19 -20 -21
leaf_value=132.77938953037679 -1.8570046652116021 -40.17029323098668 91.234665184388973 -118.69058109541029 54.975366150076233 -58.900485863162828 1.584577759282374 27.965674478168427 -94.711910039325105 -24.896779927899761 -5.2837439665580153 -18.088250639272289 13.921723321508452 -20.024426187578673 12.753229414347398 -4.9348295000854687 -10.897276884228141 3.8472034929861985 5.0468745375868531 -5.4987936427221271
leaf_weight=41 49 30 31 31 35 30 52 32 30 34 60 30 34 39 30 32 60 36 38 39
leaf_count=41 49 30 31 31 35 30 52 32 30 34 60 30 34 39 30 32 60 36 38 39
internal_value=-0.937225 -8.24432 0.478267 -36.9878 -19.3288 -43.2165 -4.69032 3.11315 -76.9341 -18.731 -0.652179 -5.73454 3.27759 -14.8109 20.6373 -12.1762 -14.5094 -1.85915 9.25134 -1.4538
internal_weight=793 752 577 175 144 109 546 351 60 195 289 126 163 165 62 131 99 96 72 91
internal_count=793 752 577 175 144 109 546 351 60 195 289 126 163 165 62 131 99 96 72 91
is_linear=0
shrinkage=0.05


Tree=66
num_leaves=17
num_cat=0
split_feature=24 26 20 1 11 20 29 24 24 6 24 26 3 14 24 26
split_gain=1.81862e+08 3.65662e+07 1.01147e+08 4.8109e+07 9.34262e+07 5.45954e+07 4.29378e+07 2.49856e+07 1.11877e+07 6.36673e+06 3.253e+06 2.52765e+06 1.36727e+06 999846 609440 604149
threshold=18257.575757575763 10.650000000000004 4.1650500000000008 0.6000000000000002 3.5000000000000004 8.7561000000000018 0.6078576107927941 8199.0750000000025 4308.1472222222228 3.2500000000000004 5672.2222222222235 8.5500000000000025 47.70000000000001 216.50000000000003 6087.9638888888894 6.1000000000000005
decision_type=2 2 2 2 2 2 2 2 2 2 2 2 2 2 2 2
left_child=1 3 -3 4 5 -1 -7 8 -5 11 13 -9 -12 15 -14 -10
right_child=-2 2 -4 7 -6 6 -8 9 10 -11 12 -13 14 -15 -16 -17
leaf_value=-105.5087216137056 117.62495521471813 93.631573722297688 -16.96516657537644 -28.317952761007064 21.289028480092611 8.3203615071137271 -68.038910205108564 19.96445362225306 -1.6084895998718656 35.291699583146276 -10.49931468900256 1.0905998407348469 -5.2576757218607497 -15.898238471519486 2.3285618953086304 -10.859704526265462
leaf_weight=40 31 33 55 57 54 34 40 34 31 39 30 37 32 54 151 41
leaf_count=40 31 33 55 57 54 34 40 34 31 39 30 37 32 54 151 41
internal_value=-0.890741 -5.72705 24.5678 -9.68553 -32.8602 -58.506 -32.991 -1.98619 -7.84242 19.0841 -4.39228 10.1442 -0.623909 -10.757 0.999832 -6.88437
internal_weight=793 762 88 674 168 114 74 506 396 110 339 71 213 126 183 72
internal_count=793 762 88 674 168 114 74 506 396 110 339 71 213 126 183 72
is_linear=0
shrinkage=0.05


Tree=67
num_leaves=17
num_cat=0
split_feature=0 0 24 27 26 26 24 11 14 24 4 24 26 3 0 14
split_gain=2.76226e+08 6.85374e+07 6.69988e+07 6.31567e+07 1.76552e+07 4.6067e+07 4.60473e+07 5.70324e+07 3.84074e+07 8.16816e+06 6.39884e+06 1.92625e+06 1.81253e+06 1.52394e+06 1.07516e+06 713137
threshold=7.5000000000000009 42.000000000000007 10816.66666666667 -0.413274780713969 10.250000000000004 10.950000000000005 3555.5555555555561 3.5000000000000004 135.50000000000003 6087.9638888888894 1015.4500000000002 8199.0750000000025 8.4500000000000028 52.400000000000006 160.65000000000001 66.500000000000014
decision_type=2 2 2 2 2 2 2 2 2 2 2 2 2 2 2 2
left_child=-1 3 4 -2 6 -6 7 8 -3 14 -7 13 -13 -11 -8 -16
right_child=1 2 -4 -5 5 10 9 -9 -10 11 -12 12 -14 -15 15 -17
leaf_value=125.37391544536952 -7.5927813431749307 -105.26877253880009 69.662850538995187 -110.13174728444247 64.465889655712033 6.2979617727159267 -19.119047266937965 10.029291707559715 -32.872607948497944 -10.140182011784905 -25.344948074894571 15.23174848239249 0.33261112719337266 2.252329938687136 -2.3615906796497335 -10.483657432766808
leaf_weight=41 30 32 30 30 30 30 30 40 43 30 34 51 34 141 34 133
leaf_count=41 30 32 30 30 30 30 30 40 43 30 34 51 34 141 34 133
internal_value=-0.845973 -7.7434 -3.29475 -58.9603 -6.61101 13.4509 -9.93291 -38.1734 -63.8607 -2.75683 -10.5256 3.13266 9.27955 0.07352 -10.4079 -8.8325
internal_weight=793 752 692 60 662 94 568 115 75 453 64 256 85 171 197 167
internal_count=793 752 692 60 662 94 568 115 75 453 64 256 85 171 197 167
is_linear=0
shrinkage=0.05


Tree=68
num_leaves=15
num_cat=0
split_feature=0 0 24 7 20 24 24 27 26 24 24 6 24 26
split_gain=2.49358e+08 6.19779e+07 6.07358e+07 1.67592e+07 7.2639e+07 4.58669e+07 2.00905e+07 1.93986e+07 1.7326e+07 8.86172e+06 3.82602e+06 3.29112e+06 1.59589e+06 820876
threshold=7.5000000000000009 36.650000000000006 10816.66666666667 9.6500000000000004 3.6098000000000003 5118.0555555555566 5231.4805555555567 -0.3171883513140959 9.0500000000000025 3555.5555555555561 8013.8888888888896 4.2500000000000009 7143.5194444444451 8.7500000000000018
decision_type=2 2 2 2 2 2 2 2 2 2 2 2 2 2
left_child=-1 -2 3 5 -5 -3 7 9 -9 -6 11 -8 -7 -12
right_child=1 2 -4 4 6 12 10 8 -10 -11 13 -13 -14 -15
leaf_value=119.12046907522381 -57.913571364866861 -76.863008236805868 66.19128048918968 67.797932902249428 23.156953245143953 -12.075505690429349 0.18178348208034442 -40.25007863974821 -3.7212442323154202 -12.034173375516792 14.582020861096291 -17.147747078640066 2.1786259442083797 4.0251198114350784
leaf_weight=41 56 30 30 34 30 36 187 105 47 44 48 32 43 30
leaf_count=41 56 30 30 34 30 36 187 105 47 44 48 32 43 30
internal_value=-0.803862 -7.35727 -3.28177 -6.42067 -2.91006 -24.341 -7.51885 -18.7494 -28.9649 2.24443 1.03038 -2.35703 -4.32392 10.5321
internal_weight=793 752 696 666 557 109 523 226 152 74 297 219 79 78
internal_count=793 752 696 666 557 109 523 226 152 74 297 219 79 78
is_linear=0
shrinkage=0.05


Tree=69
num_leaves=15
num_cat=0
split_feature=0 0 27 24 7 20 24 24 14 21 24 24 28 2
split_gain=2.25101e+08 5.61266e+07 5.7199e+07 5.45915e+07 1.54043e+07 6.52265e+07 4.14095e+07 1.90495e+07 1.74594e+07 1.61202e+07 2.14468e+06 1.4407e+06 1.09304e+06 978739
threshold=7.5000000000000009 42.000000000000007 -0.413274780713969 10816.66666666667 9.6500000000000004 3.6098000000000003 5118.0555555555566 5486.1111111111122 256.50000000000006 0.80328537251069865 8199.0750000000025 7143.5194444444451 -0.37370587188196386 15.597000000000003
decision_type=2 2 2 2 2 2 2 2 2 2 2 2 2 2
left_child=-1 2 -2 4 6 -6 -3 8 9 -7 12 -8 -9 -12
right_child=1 3 -4 -5 5 7 11 10 -10 -11 13 -13 -14 -15
leaf_value=113.17894086628934 -4.4630137316016265 -73.032625267117524 -102.03555966754293 62.892710851118025 64.417976198168446 -34.936003836029926 -11.473402917418122 3.8254990587981421 13.853220369840216 -7.2070441117672779 3.2810228449642853 2.0699473800902579 -3.6319191591681719 15.259112217169733
leaf_weight=41 30 30 30 30 34 117 36 88 39 95 31 43 111 38
leaf_count=41 30 30 30 30 34 117 36 88 39 95 31 43 111 38
internal_value=-0.763181 -6.98968 -53.338 -2.96391 -5.9574 -2.5694 -23.1279 -6.96936 -16.8647 -22.5196 2.30115 -4.10835 -0.333876 9.89026
internal_weight=793 752 60 692 662 553 109 519 251 212 268 79 199 69
internal_count=793 752 60 692 662 553 109 519 251 212 268 79 199 69
is_linear=0
shrinkage=0.05


Tree=70
num_leaves=11
num_cat=0
split_feature=0 0 24 14 8 20 3 24 14 1
split_gain=1.94574e+08 5.61651e+07 1.36838e+08 7.98434e+07 1.32633e+07 6.53596e+07 2.32928e+07 1.37715e+07 1.26821e+07 1.34407e+07
threshold=7.5000000000000009 42.000000000000007 11097.222222222224 221.50000000000003 0.55000000000000016 3.6098000000000003 46.350000000000001 5979.166666666667 62.500000000000007 0.11805555555555557
decision_type=2 2 2 2 2 2 2 2 2 2
left_child=-1 3 4 -2 7 -6 -7 -3 -8 -10
right_child=1 2 -4 -5 5 6 8 -9 9 -11
leaf_value=110.82608122764645 -107.63524912821495 -49.924251135639182 104.86420041207856 4.16677436891539 59.301534634611031 -48.828762172306099 -34.03071915457182 -7.1003681216292271 15.06507985618898 -5.718833207713768
leaf_weight=39 30 30 30 34 41 30 32 50 97 391
leaf_count=39 30 30 30 34 41 30 32 50 97 391
internal_value=2.03316 -3.5269 0.569525 -48.3265 -4.10835 -1.52031 -6.06427 -23.2017 -3.58816 -1.58535
internal_weight=804 765 701 64 671 591 550 80 520 488
internal_count=804 765 701 64 671 591 550 80 520 488
is_linear=0
shrinkage=0.05


Tree=71
num_leaves=15
num_cat=0
split_feature=0 0 24 14 26 4 7 24 7 4 24 24 4 3
split_gain=1.75651e+08 5.08998e+07 1.23824e+08 3.64928e+07 1.27672e+07 4.59077e+07 1.25633e+07 5.79391e+07 1.91682e+07 5.3421e+06 5.99735e+06 3.58647e+06 3.0106e+06 1.64689e+06
threshold=7.5000000000000009 36.650000000000006 11097.222222222224 237.50000000000003 10.350000000000003 1013.35 19.350000000000005 3091.1111111111118 20.950000000000003 997.25000000000011 1.0000000180025095e-35 7173.6111111111122 1024.5000000000002 60.95000000000001
decision_type=2 2 2 2 2 2 2 2 2 2 2 2 2 2
left_child=-1 3 4 -2 6 -6 7 -3 -8 -10 -11 12 -9 -13
right_child=1 2 -4 -5 5 -7 8 11 9 10 -12 13 -14 -15
leaf_value=105.29894766649016 -86.419224023660547 -70.012382140361751 99.638409080264779 -8.4645435436223426 58.629725697313233 -18.256986595204562 36.667559796627437 -14.173458064651868 -20.49623120187864 13.517596650608366 -5.1973217751676444 -2.175856711989955 3.0178434986348028 11.936383172748132
leaf_weight=39 30 40 30 30 34 45 32 101 42 54 205 55 34 33
leaf_count=39 30 40 30 30 34 45 32 101 42 54 205 55 34 33
internal_value=1.93176 -3.35101 0.414329 -47.5209 -4.00973 14.8657 -6.51376 -14.68 -0.0616223 -3.97728 -1.29164 -4.72801 -9.84473 3.12372
internal_weight=804 765 705 60 675 79 596 263 333 301 259 223 135 88
internal_count=804 765 705 60 675 79 596 263 333 301 259 223 135 88
is_linear=0
shrinkage=0.05


Tree=72
num_leaves=11
num_cat=0
split_feature=0 0 24 14 8 20 3 24 14 24
split_gain=1.58566e+08 4.59544e+07 1.11789e+08 3.29462e+07 1.17456e+07 5.92479e+07 2.12666e+07 1.19686e+07 1.05734e+07 1.34323e+07
threshold=7.5000000000000009 36.650000000000006 11097.222222222224 237.50000000000003 0.55000000000000016 3.6098000000000003 46.350000000000001 5979.166666666667 62.500000000000007 1.0000000180025095e-35
decision_type=2 2 2 2 2 2 2 2 2 2
left_child=-1 3 4 -2 7 -6 -7 -3 -8 -10
right_child=1 2 -4 -5 5 6 8 -9 9 -11
leaf_value=100.04746502732377 -82.112617739252869 -46.696315846807543 94.673039443310714 -8.0427225363214934 56.533653183169037 -46.556037862772172 -31.140679991356684 -6.7734618200275465 15.033230571766271 -5.6434236257670953
leaf_weight=39 30 30 30 30 41 30 32 50 98 394
leaf_count=39 30 30 30 30 41 30 32 50 98 394
internal_value=1.83581 -3.18347 0.394272 -45.1528 -3.80929 -1.38923 -5.68538 -21.7842 -3.33701 -1.52267
internal_weight=804 765 705 60 675 595 554 80 524 492
internal_count=804 765 705 60 675 595 554 80 524 492
is_linear=0
shrinkage=0.05


Tree=73
num_leaves=15
num_cat=0
split_feature=24 1 8 1 0 11 11 26 24 3 24 6 14 6
split_gain=1.43718e+08 6.50667e+07 1.78562e+08 1.48941e+08 5.46988e+07 2.34314e+07 1.74776e+07 1.23313e+07 1.10275e+07 6.27474e+06 5.88905e+06 3.03574e+06 2.81072e+06 2.39692e+06
threshold=18708.333333333339 0.056250000000000008 6.7500000000000009 0.6000000000000002 60.350000000000009 1.5000000000000002 2.5000000000000004 6.950000000000002 4618.0555555555566 38.95000000000001 7953.7027777777785 4.8500000000000005 241.50000000000003 2.4500000000000006
decision_type=2 2 2 2 2 2 2 2 2 2 2 2 2 2
left_child=1 2 -1 6 -5 -4 -3 -7 13 -10 11 -11 -12 -6
right_child=-2 3 5 4 8 7 -8 -9 9 10 12 -13 -14 -15
leaf_value=134.06789097433304 107.12966345882108 -105.28805375784373 -32.888423425035406 64.590537860781652 -32.394001931288713 -4.404680170709077 -53.504733823021631 38.207423329576152 -21.524519742558866 -1.2752911839629917 19.223568741249196 -15.320357411399383 3.0531835291857807 -14.893692182910005
leaf_weight=31 31 34 39 30 30 36 32 32 36 262 48 45 61 57
leaf_count=31 31 34 39 30 30 36 32 32 36 262 48 45 61 57
internal_value=1.74426 -2.49536 28.6098 -9.25868 -1.00572 -2.04004 -80.3 15.6747 -4.66803 -1.5285 0.206672 -3.33835 10.1852 -20.9586
internal_weight=804 773 138 635 569 107 66 68 539 452 416 307 109 87
internal_count=804 773 138 635 569 107 66 68 539 452 416 307 109 87
is_linear=0
shrinkage=0.05


Tree=74
num_leaves=17
num_cat=0
split_feature=0 0 14 6 14 29 8 1 7 8 0 0 26 0 5 11
split_gain=1.43956e+08 3.97555e+07 6.65052e+07 2.91464e+07 4.1837e+07 1.78114e+07 5.66853e+07 4.72377e+07 7.82793e+07 1.36686e+07 6.26036e+06 4.77769e+06 5.90066e+06 2.1901e+06 1.74658e+06 1.47333e+06
threshold=7.5000000000000009 42.000000000000007 221.50000000000003 5.2500000000000009 139.50000000000003 1.0000000180025095e-35 2.1500000000000008 0.6000000000000002 23.350000000000005 6.5500000000000007 81.40000000000002 103.90000000000002 7.1499999999999995 384.65000000000003 18.550000000000004 1.5000000000000002
decision_type=2 2 2 2 2 2 2 2 2 2 2 2 2 2 2 2
left_child=-1 2 -2 5 -5 6 -3 8 -7 -8 -9 -11 -13 15 -15 -12
right_child=1 3 -4 4 -6 7 9 10 -10 11 13 12 -14 14 -16 -17
leaf_value=95.235279334963423 -94.945212478891165 49.729766657227394 7.0832536960277386 75.305620843627523 -7.429846825553672 -108.14794026878586 -29.875196153236359 19.601196888910973 5.0373216340779496 18.798678275319926 -16.542377855772077 -11.27278118225737 6.529203406798981 7.6991848862098342 -5.7782108504301419 -5.2201006521901236
leaf_weight=39 30 59 34 30 31 30 44 30 31 31 42 93 93 49 47 91
leaf_count=39 30 59 34 30 31 30 44 30 31 31 42 93 93 49 47 91
internal_value=1.65758 -3.12487 -40.816 0.321588 33.3163 -2.82793 5.51248 -11.1675 -50.7134 -4.4982 -1.83756 0.658737 -2.37304 -4.65349 1.10168 -8.80534
internal_weight=804 765 64 701 61 640 320 320 61 261 259 217 186 229 96 133
internal_count=804 765 64 701 61 640 320 320 61 261 259 217 186 229 96 133
is_linear=0
shrinkage=0.05


Tree=75
num_leaves=15
num_cat=0
split_feature=24 0 10 1 26 24 24 8 20 3 9 6 24 24
split_gain=9.97799e+07 6.60261e+07 1.95126e+07 3.00693e+07 4.59901e+07 2.58283e+07 1.18526e+07 8.96553e+06 6.1e+06 3.6129e+06 3.32508e+06 2.66522e+06 3.0287e+06 2.56753e+06
threshold=18427.500000000004 8.5000000000000018 2.5000000000000004 0.074175824175824162 7.0000000000000018 5197.2222222222235 6620.3694444444454 21.450000000000003 5.0958000000000014 47.45000000000001 0.25000000000000006 4.7500000000000009 5231.4805555555567 9177.0833333333339
decision_type=2 2 2 2 2 2 2 2 2 2 2 2 2 2
left_child=1 -1 5 4 -4 -3 8 10 -5 -7 13 12 -10 -8
right_child=-2 2 3 6 -6 9 7 -9 11 -11 -12 -13 -14 -15
leaf_value=-72.681417055483209 87.113189555323402 -61.181961817440403 -8.3349140921217586 -31.130909468748861 58.131342096203014 -20.719337506156258 -0.45977401582390326 29.276374000478015 -11.45400067429027 0.74655298001348636 -9.7788990706480803 -21.487187041523299 0.17892654892576074 13.996752206176945
leaf_weight=35 30 30 51 32 53 31 82 32 121 53 54 32 104 49
leaf_count=35 30 30 51 32 53 31 82 32 121 53 54 32 104 49
internal_value=-2.16922 -5.70919 -2.46199 1.08765 25.5606 -21.44 -3.9464 4.88356 -10.5759 -7.19054 0.6507 -8.00541 -6.07929 4.95414
internal_weight=789 759 724 610 104 114 506 217 289 84 185 257 225 131
internal_count=789 759 724 610 104 114 506 217 289 84 185 257 225 131
is_linear=0
shrinkage=0.05


Tree=76
num_leaves=15
num_cat=0
split_feature=3 1 1 29 14 0 4 14 0 3 6 20 21 8
split_gain=3.34918e+07 4.87646e+07 1.05534e+08 1.0399e+08 8.84038e+07 6.57622e+07 5.9426e+07 4.00606e+06 3.37295e+06 2.27968e+06 2.73899e+06 2.10972e+06 2.04771e+06 576282
threshold=36.600000000000001 0.6000000000000002 0.056250000000000008 0.6078576107927941 108.50000000000001 62.550000000000004 1001.85 337.00000000000006 98.40000000000002 78.550000000000011 4.7500000000000009 18.190750000000005 0.64850320604842582 14.65
decision_type=2 2 2 2 2 2 2 2 2 2 2 2 2 2
left_child=-1 2 4 -4 -2 -3 -6 8 -7 10 11 -10 -11 -14
right_child=1 5 3 -5 6 7 -8 -9 9 12 -12 -13 13 -15
leaf_value=43.05389649105804 -69.17919731508114 74.99672461728322 -24.219802846295345 -144.3469324054908 -9.504486495420938 11.837082012108219 72.792209108264487 14.196297594912332 -2.4578909638375781 9.8879340597179901 -19.161783170020819 -15.488773604872485 -8.0708870332931806 -0.015267965631577576
leaf_weight=39 31 30 45 30 47 39 41 40 223 49 35 36 32 72
leaf_count=39 31 30 45 30 47 39 41 40 223 49 35 36 32 72
internal_value=-2.06107 -4.41248 -25.9894 -72.3989 3.29652 3.11947 28.8773 -0.993463 -2.24632 -3.47746 -6.05267 -4.27443 1.47166 -2.49934
internal_weight=789 750 194 75 119 556 88 526 486 447 294 259 153 104
internal_count=789 750 194 75 119 556 88 526 486 447 294 259 153 104
is_linear=0
shrinkage=0.05


Tree=77
num_leaves=16
num_cat=0
split_feature=24 0 14 1 4 24 6 24 17 20 24 3 21 28 24
split_gain=9.42852e+07 5.51506e+07 2.14511e+07 3.15503e+07 6.03145e+07 3.12844e+07 2.16937e+07 1.09775e+07 5.22103e+06 5.14975e+06 4.80532e+06 4.05389e+06 1.68723e+06 1.44467e+06 711978
threshold=18427.500000000004 8.5000000000000018 64.500000000000014 0.074175824175824162 1006.4500000000002 4768.5194444444451 2.9500000000000006 8907.4083333333347 1.0000000180025095e-35 3.7378500000000003 5087.9638888888894 47.45000000000001 0.74866666666666681 -0.76107606668641947 6569.4444444444453
decision_type=2 2 2 2 2 2 2 2 2 2 2 2 2 2 2
left_child=1 -1 5 4 6 -3 -4 9 -9 -5 12 -7 -11 -12 -13
right_child=-2 2 3 7 -6 11 -8 8 -10 10 13 14 -14 -15 -16
leaf_value=-66.608139742337741 84.83085045291736 -65.719869756857037 29.494342540134895 -26.644205744090186 81.070124137296716 -20.906746786570618 -27.002319957278775 23.769173814891001 -1.1399523747561797 -22.949199900109747 4.5910826473535389 -4.7568302184640379 -9.9211068844308681 -3.8373335047067019 6.1184371118133649
leaf_weight=35 30 30 32 31 34 34 36 47 38 34 70 30 93 185 30
leaf_count=35 30 30 32 31 34 34 36 47 38 34 70 30 93 185 30
internal_value=-1.95843 -5.39957 -2.43179 1.48183 26.8019 -21.3546 -0.411312 -3.70855 12.645 -7.07655 -5.48203 -7.14066 -13.4243 -1.52274 0.681853
internal_weight=789 759 724 600 102 124 68 498 85 413 382 94 127 255 60
internal_count=789 759 724 600 102 124 68 498 85 413 382 94 127 255 60
is_linear=0
shrinkage=0.05


Tree=78
num_leaves=15
num_cat=0
split_feature=3 1 1 14 4 4 20 8 27 2 20 2 14 21
split_gain=3.15125e+07 4.64435e+07 9.46126e+07 7.72938e+07 7.23806e+07 5.04132e+07 9.6426e+06 2.07303e+07 4.33984e+06 3.52752e+06 2.05578e+06 2.14524e+06 4.78685e+06 2.00677e+06
threshold=36.600000000000001 0.6000000000000002 0.056250000000000008 108.50000000000001 1008.4500000000002 1001.85 2.8402000000000003 -1.8499999999999999 0.98370018436603734 24.750000000000004 4.7469750000000008 1.4000000000000001 131.00000000000003 0.64356805762543479
decision_type=2 2 2 2 2 2 2 2 2 2 2 2 2 2
left_child=-1 2 3 -2 -4 -5 7 -3 9 10 -8 12 -12 -13
right_child=1 6 4 5 -6 -7 8 -9 -10 -11 11 13 -14 -15
leaf_value=41.900882488504401 -65.237208777915257 -7.1868617764470315 -121.54982930425224 -8.9004567346755099 -23.09493174564809 66.898828667039709 -12.117502632487117 45.709452110513304 18.099527346619666 15.049335807327777 21.881011811713314 -13.396268569477989 -2.1536717419847009 -1.18025895676877
leaf_weight=39 31 36 35 47 40 41 44 38 33 33 31 39 62 240
leaf_count=39 31 36 35 47 40 41 44 38 33 33 31 39 62 240
internal_value=-1.86063 -4.14152 -25.1987 2.53101 -69.1413 26.4509 3.20896 20.0011 0.627292 -0.660592 -1.91014 -0.699873 5.87273 -2.89208
internal_weight=789 750 194 119 75 88 556 74 482 449 416 372 93 279
internal_count=789 750 194 119 75 88 556 74 482 449 416 372 93 279
is_linear=0
shrinkage=0.05


Tree=79
num_leaves=18
num_cat=0
split_feature=24 26 24 1 20 1 4 24 24 14 3 26 2 28 6 6 27
split_gain=8.89873e+07 3.84716e+07 1.09974e+08 5.28893e+07 1.07056e+08 7.81026e+07 3.67326e+07 1.51157e+07 4.49631e+06 4.42884e+06 2.97886e+06 1.83004e+06 2.35478e+06 1.13646e+06 1.09661e+06 888700 1.12436e+06
threshold=18427.500000000004 10.350000000000003 4731.4805555555567 0.6000000000000002 9.4719000000000015 1.0000000180025095e-35 1000.7500000000001 8907.4083333333347 5541.666666666667 264.00000000000006 56.750000000000007 6.3000000000000034 15.747000000000002 -0.76107606668641947 4.2500000000000009 4.9500000000000011 0.76665171983724034
decision_type=2 2 2 2 2 2 2 2 2 2 2 2 2 2 2 2 2
left_child=1 3 -3 4 -1 6 -6 8 11 -9 -4 14 -13 -10 -5 16 -15
right_child=-2 2 10 7 5 -7 -8 9 13 -11 -12 12 -14 15 -16 -17 -18
leaf_value=-91.500821251437316 82.54773614319457 103.55603336083928 -24.655415838184545 -1.620657696873776 -9.7787184752033944 -74.000833920703769 58.78359691424248 31.570693723789123 5.8618582547969416 7.5611890550266168 -2.3831815551681772 -22.540433909109851 -5.6297281132723995 -3.540967860436222 -13.534441264206388 -10.343918859602208 5.3776650682729032
leaf_weight=54 30 30 30 54 44 30 35 37 52 40 30 55 33 126 30 30 49
leaf_count=54 30 30 30 54 44 30 35 37 52 40 30 55 33 126 30 30 49
internal_value=-1.76789 -5.11096 25.5623 -9.24063 -34.001 -5.45703 20.6328 -1.25931 -4.92152 19.1243 -13.5419 -11.1761 -16.2126 -0.732854 -5.88667 -2.40773 -1.04208
internal_weight=789 759 90 669 163 109 79 506 429 77 60 172 88 257 84 205 175
internal_count=789 759 90 669 163 109 79 506 429 77 60 172 88 257 84 205 175
is_linear=0
shrinkage=0.05


Tree=80
num_leaves=16
num_cat=0
split_feature=27 6 1 1 0 28 24 6 21 21 24 24 3 26 24
split_gain=6.75942e+07 1.12373e+08 5.67356e+07 1.41529e+08 1.79748e+08 9.92036e+07 4.76374e+07 3.90286e+07 2.63829e+07 2.15366e+07 7.27346e+06 4.30347e+06 3.69439e+06 1.77679e+06 1.80421e+06
threshold=0.86958133671945947 4.2500000000000009 0.6000000000000002 0.13392857142857142 14.500000000000002 0.18399153619612912 10366.269841269843 3.4500000000000006 0.8204896021982141 0.73682375242461673 4032.4083333333338 8907.4083333333347 45.400000000000006 10.050000000000002 5979.166666666667
decision_type=2 2 2 2 2 2 2 2 2 2 2 2 2 2 2
left_child=2 7 3 4 -1 9 10 8 -2 -6 -4 12 -12 14 -14
right_child=1 -3 6 -5 5 -7 -8 -9 -10 -11 11 -13 13 -15 -16
leaf_value=95.716203092225498 -5.4233007076294273 112.17340799492095 -26.62116040355523 -125.4959812775119 6.515700682451417 -117.76208882379372 60.728741057662717 -40.602812865664283 53.107683206020752 -45.533752561612147 -19.270352113499023 13.031630552951619 -4.4329013944879572 -12.915883198185501 3.3717345922239561
leaf_weight=31 37 32 31 33 55 30 31 32 40 31 33 45 148 32 148
leaf_count=31 37 32 31 33 55 30 31 32 40 31 33 45 148 32 148
internal_value=-1.41196 29.9491 -8.23948 -32.087 -11.0465 -39.6359 0.937524 5.72918 25.0118 -12.2773 -3.31687 -1.53135 -3.3498 -1.74264 -0.530746
internal_weight=789 141 648 180 147 116 468 109 77 86 437 406 361 328 296
internal_count=789 141 648 180 147 116 468 109 77 86 437 406 361 328 296
is_linear=0
shrinkage=0.05


Tree=81
num_leaves=13
num_cat=0
split_feature=27 6 6 14 24 21 4 20 24 2 8 4
split_gain=6.10225e+07 1.01451e+08 3.5234e+07 2.83808e+07 3.01489e+07 2.38169e+07 1.94013e+07 3.10644e+07 1.22617e+07 1.28462e+07 1.13117e+07 5.58315e+06
threshold=0.86958133671945947 4.2500000000000009 3.4500000000000006 17.000000000000004 15720.833333333334 0.8204896021982141 1022.35 1.2850500000000002 11638.194444444447 15.050000000000002 21.950000000000003 1002.5500000000001
decision_type=2 2 2 2 2 2 2 2 2 2 2 2
left_child=3 2 5 -1 6 -2 7 -5 9 10 -9 -11
right_child=1 -3 -4 4 -6 -7 -8 8 -10 11 -12 -13
leaf_value=35.900274203917242 -5.1528666236651235 106.58220574551281 -38.578996510371987 -59.178599514608599 -56.020840337758891 50.458920853126081 19.511018602497085 -27.174858454676549 23.280601689031354 8.2093722207382349 5.4877562775549533 -7.4732698408006133
leaf_weight=35 37 32 32 31 34 40 59 134 30 77 33 215
leaf_count=35 37 32 32 31 34 40 59 134 30 77 33 215
internal_value=-1.3417 28.4559 5.44304 -7.82884 -10.3311 23.7643 -7.63885 -10.7225 -7.63914 -9.66468 -20.7211 -3.33637
internal_weight=789 141 109 648 613 77 579 520 489 459 167 292
internal_count=789 141 109 648 613 77 579 520 489 459 167 292
is_linear=0
shrinkage=0.05


Tree=82
num_leaves=18
num_cat=0
split_feature=0 14 24 24 1 21 8 14 24 25 28 21 6 21 24 29 24
split_gain=5.69571e+07 4.2153e+07 3.26754e+07 2.92856e+07 1.85924e+07 5.07182e+07 8.48923e+06 7.49504e+06 6.87288e+06 4.13036e+06 3.20322e+06 3.10449e+06 2.68072e+06 2.50642e+06 1.91576e+06 459576 307547
threshold=7.5000000000000009 64.500000000000014 4902.7777777777783 12101.85277777778 0.10555555555555557 0.76575921120913348 0.35000000000000003 172.50000000000003 5541.666666666667 10.038105000000003 -0.57729161655172734 1.0115885549212467 3.7500000000000004 0.72553695385871797 7201.3888888888896 1.0000000180025095e-35 7383.3333333333339
decision_type=2 2 2 2 2 2 2 2 2 2 2 2 2 2 2 2 2
left_child=-1 2 -2 4 5 7 -4 -3 9 -6 14 12 -12 -11 -10 -15 -13
right_child=1 3 6 -5 8 -7 -8 -9 10 13 11 16 -14 15 -16 -17 -18
leaf_value=54.612853338325664 -75.414722158057899 -24.423948955535888 -31.587887646215862 41.617467196202341 -29.417487961665628 71.816188264764421 -1.5424600305775349 9.5209354283173404 1.1990650600469503 -21.129054931079935 -5.0804100961110059 1.0351865224777512 -21.116615142151058 -9.8097016545001221 17.051638331365744 -3.27805072368679 7.5112166189276097
leaf_weight=43 31 31 46 41 34 30 48 34 52 38 111 47 34 49 30 60 30
leaf_count=43 31 31 46 41 34 30 48 34 52 38 111 47 34 49 30 60 30
internal_value=-1.27426 -4.50253 -30.9816 0.831523 -2.05829 18.1572 -16.2635 -6.68074 -6.02095 -13.7318 -1.42691 -4.54597 -8.85262 -10.0863 7.01255 -6.22064 3.56485
internal_weight=789 746 125 621 580 95 94 65 485 181 304 222 145 147 82 109 77
internal_count=789 746 125 621 580 95 94 65 485 181 304 222 145 147 82 109 77
is_linear=0
shrinkage=0.05


Tree=83
num_leaves=19
num_cat=0
split_feature=0 14 24 24 1 8 0 28 24 7 28 21 3 3 24 24 10 4
split_gain=5.14163e+07 3.80548e+07 2.95004e+07 2.64368e+07 1.6785e+07 4.6157e+07 7.93589e+06 6.70928e+06 6.20465e+06 3.61216e+06 2.8917e+06 2.85979e+06 2.35243e+06 2.1055e+06 1.89289e+06 1.72959e+06 825585 507535
threshold=7.5000000000000009 64.500000000000014 4902.7777777777783 12101.85277777778 0.10555555555555557 14.750000000000002 165.70000000000002 -0.8520459593969173 5541.666666666667 14.250000000000002 -0.57729161655172734 0.77120858688302929 61.850000000000001 58.45000000000001 3953.702777777778 7201.3888888888896 7.5000000000000009 1012.35
decision_type=2 2 2 2 2 2 2 2 2 2 2 2 2 2 2 2 2 2
left_child=-1 2 -2 4 5 -3 -4 -7 9 -6 15 13 -8 -12 -11 -10 -13 -16
right_child=1 3 6 -5 8 7 12 -9 10 14 11 16 -14 -15 17 -17 -18 -19
leaf_value=51.88854375781704 -71.656110900621329 67.22325682595995 -36.626626560299897 39.541656835699897 -28.563519214740523 -22.678576176116113 -14.756110399367225 9.6691697608236336 1.1392268224091999 -21.040379236544485 -17.749510411963687 -5.7796870963518012 4.4001230233735207 -3.8309002230093245 -9.3013041058655244 16.20188867435899 3.9010637543523794 -2.3970663356067532
leaf_weight=43 31 31 30 41 31 33 33 31 52 30 49 30 31 61 80 30 82 40
leaf_count=43 31 31 30 41 31 33 33 31 52 30 49 30 31 61 80 30 82 40
internal_value=-1.21066 -4.27789 -29.4369 0.790232 -1.95543 17.2523 -15.4521 -7.01942 -5.72056 -13.047 -1.35556 -4.31907 -5.48484 -10.0415 -9.82333 6.66304 1.30512 -7.00385
internal_weight=789 746 125 621 580 95 94 64 485 181 304 222 64 110 150 82 112 120
internal_count=789 746 125 621 580 95 94 64 485 181 304 222 64 110 150 82 112 120
is_linear=0
shrinkage=0.05


Tree=84
num_leaves=18
num_cat=0
split_feature=6 26 1 1 6 4 5 10 3 10 26 2 6 5 6 3 26
split_gain=5.42812e+07 1.44478e+08 4.38943e+07 1.35668e+08 6.50779e+07 1.01585e+08 4.00036e+07 9.32134e+06 5.00883e+06 5.43082e+06 9.75428e+06 4.21402e+06 1.70698e+06 1.11378e+06 1.41252e+06 2.06699e+06 585346
threshold=4.6500000000000012 7.0999999999999996 0.6000000000000002 0.13392857142857142 3.3500000000000001 1012.4500000000002 22.525000000000002 5.5000000000000009 39.900000000000006 3.5000000000000004 6.950000000000002 24.750000000000004 2.5500000000000003 10.250000000000002 2.1500000000000008 73.700000000000003 6.9000000000000012
decision_type=2 2 2 2 2 2 2 2 2 2 2 2 2 2 2 2 2
left_child=2 7 3 4 5 6 -1 -2 -4 10 -10 13 -12 -11 15 -15 -16
right_child=1 -3 8 -5 -6 -7 -8 -9 9 11 12 -13 -14 14 16 -17 -18
leaf_value=12.972336629646131 -28.63897603234027 116.87322512316214 -15.181127567244852 -118.70146809373375 -60.247744072531297 91.267319420088967 -57.532330183549362 8.1651121180655171 37.136749732375542 -10.127583783952371 -5.6530565194378326 17.149486472455397 10.044451273798638 2.4898431938385297 3.9128514576766449 -14.845991364579318 -1.2320811916883665
leaf_weight=49 32 34 41 33 42 30 34 37 30 34 31 33 39 32 112 37 109
leaf_count=49 32 34 41 33 42 30 34 37 30 34 31 33 39 32 112 37 109
internal_value=-1.15039 32.6769 -6.23345 -26.8113 -7.18368 12.575 -15.9435 -8.92012 1.53873 3.04176 13.3341 0.155813 3.09448 -1.57977 -0.574446 -6.81414 1.37587
internal_weight=789 103 686 188 155 113 83 69 498 457 100 357 70 324 290 69 221
internal_count=789 103 686 188 155 113 83 69 498 457 100 357 70 324 290 69 221
is_linear=0
shrinkage=0.05


Tree=85
num_leaves=21
num_cat=0
split_feature=3 3 4 29 24 6 26 6 24 21 24 24 3 26 6 6 6 20 30 6
split_gain=5.00545e+07 8.24979e+07 4.30546e+07 2.01197e+07 5.1081e+07 4.30386e+07 2.19805e+07 3.10356e+07 1.23686e+07 1.00102e+07 4.276e+07 1.04712e+07 7.61315e+06 5.78231e+06 5.38862e+06 4.14915e+06 3.0942e+06 3.0715e+06 2.46653e+06 1.49752e+06
threshold=44.500000000000007 33.050000000000004 1013.35 0.6078576107927941 12395.238095238097 2.0500000000000003 7.2000000000000028 3.1500000000000008 4865.7416666666677 0.6130562294956895 1.0000000180025095e-35 3555.5555555555561 78.850000000000009 9.0500000000000025 4.2500000000000009 2.9500000000000006 4.9500000000000011 9.3893500000000021 -0.56174490092936669 2.2500000000000004
decision_type=2 2 2 2 2 2 2 2 2 2 2 2 2 2 2 2 2 2 2 2
left_child=1 -1 -3 4 9 -5 7 -7 -8 10 -2 -11 -9 16 18 -10 19 -15 -12 -13
right_child=3 2 -4 5 -6 6 8 12 15 11 14 13 -14 17 -16 -17 -18 -19 -20 -21
leaf_value=-34.053011716983711 53.052236605086819 108.67561850658683 25.267304819172416 -72.341147675915295 62.403155935800754 36.904976820628555 -54.44018678950313 -34.938955472826578 -1.9572724747895405 -31.576742921103563 -11.232146435735345 -6.9487667813859977 -0.70540721171762233 -28.92349035909713 -27.135185527494869 -28.239481191144041 -16.182129469266364 -7.1041348153174511 5.988057161218638 4.2970858000317689
leaf_weight=31 36 30 32 32 30 45 30 31 30 48 42 40 34 35 31 30 30 30 41 113
leaf_count=31 36 30 32 32 30 45 30 31 30 48 42 40 34 35 31 30 30 30 41 113
internal_value=-1.99425 32.4723 65.7363 -6.52558 -0.64015 -18.5954 -9.96416 5.02951 -28.275 -4.89378 5.62633 -10.225 -17.0608 -6.08136 -9.3836 -15.1236 -1.52773 -18.8795 -2.72875 1.35434
internal_weight=801 93 62 708 476 232 200 110 90 446 150 296 65 248 114 60 183 65 83 153
internal_count=801 93 62 708 476 232 200 110 90 446 150 296 65 248 114 60 183 65 83 153
is_linear=0
shrinkage=0.05


Tree=86
num_leaves=18
num_cat=0
split_feature=0 0 1 24 8 20 4 8 24 1 2 24 0 1 24 5 24
split_gain=5.28099e+07 2.02625e+07 1.44295e+08 2.24129e+07 1.81274e+07 4.77469e+07 1.65501e+07 1.00897e+07 1.59024e+07 1.24193e+07 4.4292e+07 9.3927e+06 6.04588e+06 4.88438e+06 2.795e+06 2.61902e+06 1.69467e+06
threshold=7.5000000000000009 154.35000000000005 0.095454545454545472 9861.1111111111131 0.55000000000000016 3.6411500000000006 1023.0500000000001 9.5500000000000025 4078.702777777778 0.6000000000000002 15.597000000000003 7398.1472222222228 98.40000000000002 0.6000000000000002 5087.9638888888894 13.250000000000002 5672.2222222222235
decision_type=2 2 2 2 2 2 2 2 2 2 2 2 2 2 2 2 2
left_child=-1 2 -2 4 6 -6 -3 8 -7 10 -9 15 13 -13 -11 -4 -10
right_child=1 3 11 -5 5 7 -8 9 16 14 -12 12 -14 -15 -16 -17 -18
leaf_value=52.614086221799155 -112.20525765405021 -48.4356207454301 -25.634588400628481 42.485562876451056 62.583981162527472 -46.79957851523973 1.0576079465185331 62.651267539526444 -11.387921695220165 -11.297177149611372 -21.795818079191189 1.033655287443368 -8.7834198949150633 25.796021964619413 0.46753449966039551 -7.2678281697517297 3.9406551176004339
leaf_weight=42 34 37 30 30 30 30 31 32 35 75 30 34 37 48 154 55 37
leaf_count=42 34 37 30 30 30 30 31 32 35 75 30 34 37 48 154 55 37
internal_value=-1.89491 -4.91775 -17.0016 0.604527 -1.96252 1.89144 -25.904 -2.75631 -16.28 1.98789 21.8204 -1.08715 7.97793 15.5425 -3.38876 -13.7728 -3.51613
internal_weight=801 759 238 521 491 423 68 393 102 291 62 204 119 82 229 85 72
internal_count=801 759 238 521 491 423 68 393 102 291 62 204 119 82 229 85 72
is_linear=0
shrinkage=0.05


Tree=87
num_leaves=16
num_cat=0
split_feature=0 0 1 24 20 20 20 24 1 16 24 24 0 24 24
split_gain=4.76729e+07 1.82935e+07 1.30266e+08 2.02345e+07 1.62658e+07 3.01962e+07 8.91912e+06 1.57495e+07 1.35653e+07 2.60832e+07 8.57308e+06 4.80547e+06 2.89289e+06 2.38117e+06 670734
threshold=7.5000000000000009 154.35000000000005 0.095454545454545472 9861.1111111111131 1.6388499999999999 3.34355 8.2058000000000018 5006.9444444444453 0.6000000000000002 1.0000000180025095e-35 11944.444444444447 6641.666666666667 61.45000000000001 5087.9638888888894 8861.1111111111131
decision_type=2 2 2 2 2 2 2 2 2 2 2 2 2 2 2
left_child=-1 2 -2 4 -3 -6 7 -7 9 -8 11 -4 -13 -10 -14
right_child=1 3 10 -5 5 6 8 -9 13 -11 -12 12 14 -15 -16
leaf_value=49.989630083460142 -106.61144895134083 -28.566222984403552 -17.095834497658604 40.368342717066163 43.178997330531445 -35.652199884517465 55.703887296911091 2.9305712113405935 -10.86815845915099 -10.145926021499887 23.137513924871612 13.867992458787075 -0.79659725989519781 -0.21819139440268909 -10.016278564968292
leaf_weight=42 34 51 58 30 39 50 30 56 79 30 31 30 54 156 31
leaf_count=42 34 51 58 30 39 50 30 56 79 30 31 30 54 156 31
internal_value=-1.80042 -4.67248 -16.1542 0.574622 -1.86448 1.23627 -2.85268 -15.2853 1.61826 22.8168 -1.03315 -5.37521 0.545738 -3.80151 -4.16695
internal_weight=801 759 238 521 491 440 401 106 295 60 204 173 115 235 85
internal_count=801 759 238 521 491 440 401 106 295 60 204 173 115 235 85
is_linear=0
shrinkage=0.05


Tree=88
num_leaves=15
num_cat=0
split_feature=1 4 1 24 0 23 14 24 0 6 3 2 14 24
split_gain=4.80551e+07 1.32524e+08 1.18246e+08 6.37978e+07 5.77237e+07 4.24567e+07 1.53124e+07 8.9018e+06 5.24434e+06 3.18875e+06 3.54391e+06 2.06358e+06 1.76117e+06 1.26135e+06
threshold=0.056250000000000008 1005.7500000000001 0.6000000000000002 10750.000000000002 415.30000000000001 -0.24999999999999994 172.50000000000003 5006.9444444444453 66.700000000000017 4.8500000000000005 40.050000000000004 17.400000000000002 133.50000000000003 8907.4083333333347
decision_type=2 2 2 2 2 2 2 2 2 2 2 2 2 2
left_child=1 6 5 7 -3 -2 -1 11 -9 10 -10 12 -4 -12
right_child=2 4 3 -5 -6 -7 -8 8 9 -11 13 -13 -14 -15
leaf_value=-42.3062634216855 -110.84889739280523 127.11251971867306 -12.908895159774458 70.364631368262977 30.570188280700492 -35.849641354256647 5.1658187757342118 20.513099737579243 -15.478902995241416 -12.791068578559592 1.010781824504607 -6.1007525125187554 -27.336101788761216 10.622347616356656
leaf_weight=39 30 31 52 31 31 51 30 30 31 51 269 50 36 39
leaf_count=39 30 31 52 31 31 51 30 30 31 51 269 50 36 39
internal_value=-1.71034 25.9745 -7.12642 0.667217 78.9684 -63.7296 -21.6885 -3.21677 0.404099 -1.1476 0.607317 -14.2291 -18.8353 2.2309
internal_weight=801 131 670 589 62 81 69 558 420 390 339 138 88 308
internal_count=801 131 670 589 62 81 69 558 420 390 339 138 88 308
is_linear=0
shrinkage=0.05


Tree=89
num_leaves=13
num_cat=0
split_feature=3 1 29 4 1 20 0 3 6 7 6 6
split_gain=4.51411e+07 2.40711e+07 8.643e+07 7.80713e+07 6.55014e+07 2.75203e+07 1.80319e+07 6.48391e+06 3.09119e+06 1.89813e+06 1.75649e+06 1.82953e+06
threshold=38.95000000000001 0.6000000000000002 0.6078576107927941 1011.9500000000002 0.056250000000000008 12.784500000000001 62.550000000000004 46.350000000000001 5.6500000000000012 8.2500000000000018 4.7500000000000009 2.9500000000000006
decision_type=2 2 2 2 2 2 2 2 2 2 2 2
left_child=-1 2 3 5 -4 -2 -3 -8 9 -9 11 -11
right_child=1 6 4 -5 -6 -7 7 8 -10 10 -12 -13
leaf_value=42.479288487601856 -50.862306465188979 38.163810258529516 -19.88593371133479 72.222683122819078 -116.95874257310527 4.2160449690147308 20.501135624336658 7.4230780347717031 -17.797622689883877 -4.8498889148818449 -14.500201655967443 2.3210369873013552
leaf_weight=54 38 30 38 32 32 56 31 48 33 235 31 143
leaf_count=54 38 30 38 32 32 56 31 48 33 235 31 143
internal_value=-1.62481 -4.81832 -19.8624 4.89306 -64.3657 -18.08 0.535729 -1.63785 -3.04239 -1.97324 -3.07755 -2.13717
internal_weight=801 747 196 126 70 94 551 521 490 457 409 378
internal_count=801 747 196 126 70 94 551 521 490 457 409 378
is_linear=0
shrinkage=0.05


Tree=90
num_leaves=11
num_cat=0
split_feature=0 0 24 14 8 20 26 3 0 0
split_gain=1.35519e+08 2.10346e+07 5.32614e+07 2.4949e+07 1.30737e+07 6.03574e+07 1.64011e+07 1.09233e+07 7.53663e+06 7.06989e+06
threshold=7.5000000000000009 48.050000000000004 10750.000000000002 221.50000000000003 0.55000000000000016 3.6098000000000003 8.9500000000000046 47.45000000000001 85.250000000000014 116.80000000000003
decision_type=2 2 2 2 2 2 2 2 2 2
left_child=-1 3 4 -2 6 -6 -3 -7 -9 -10
right_child=1 2 -4 -5 5 7 -8 8 9 -11
leaf_value=97.959272531679048 -58.488154599079841 3.9978600666041268 67.73015015053987 2.132995492401546 65.868792569739185 -30.094998107743784 -41.258458296486936 21.070153529564745 -19.331505874738305 0.38603025060404683
leaf_weight=37 32 39 30 36 35 32 41 39 51 412
leaf_count=37 32 39 30 36 35 32 41 39 51 412
internal_value=4.6858 0.0533247 2.70992 -26.4385 -0.3056 2.35641 -19.2185 -1.81793 -0.00976674 -1.78957
internal_weight=784 747 679 68 649 569 80 534 502 463
internal_count=784 747 679 68 649 569 80 534 502 463
is_linear=0
shrinkage=0.05


Tree=91
num_leaves=11
num_cat=0
split_feature=0 0 24 14 5 3 3 0 6 0
split_gain=1.22341e+08 1.89901e+07 4.80851e+07 2.25238e+07 1.00796e+07 2.50105e+07 1.18942e+07 7.95908e+06 6.85937e+06 6.52649e+06
threshold=7.5000000000000009 48.050000000000004 10750.000000000002 221.50000000000003 4.6500000000000012 44.500000000000007 44.500000000000007 85.250000000000014 1.8500000000000003 982.40000000000009
decision_type=2 2 2 2 2 2 2 2 2 2
left_child=-1 3 4 -2 6 -6 -3 -7 -9 -10
right_child=1 2 -4 -5 5 7 -8 8 9 -11
leaf_value=93.074507690697018 -55.572857328515937 -41.571650523125534 64.354893285808373 2.0266408027374183 43.015650404688301 20.284901102931371 -2.5935840971329633 -23.34724289743524 -2.4178569827994258 20.335062003764939
leaf_weight=37 32 30 30 36 35 42 56 36 416 34
leaf_count=37 32 30 30 36 35 42 56 36 416 34
internal_value=4.45221 0.050739 2.57493 -25.1207 -0.290315 2.14591 -16.2231 -0.570878 -2.37704 -0.6946
internal_weight=784 747 679 68 649 563 86 528 486 450
internal_count=784 747 679 68 649 563 86 528 486 450
is_linear=0
shrinkage=0.05


Tree=92
num_leaves=14
num_cat=0
split_feature=0 6 27 1 21 27 0 24 24 3 3 24 7
split_gain=1.10443e+08 1.73194e+07 7.21176e+07 2.6666e+07 4.40981e+07 3.27898e+07 4.69941e+07 2.7132e+07 4.69515e+06 4.20198e+06 3.31496e+06 2.99463e+06 1.26606e+06
threshold=7.5000000000000009 4.6500000000000012 0.66161011071130948 0.6000000000000002 0.8902821316614421 0.7266007961912001 116.80000000000003 10625.000000000002 8907.4083333333347 45.400000000000006 77.450000000000017 3902.7777777777778 9.3500000000000032
decision_type=2 2 2 2 2 2 2 2 2 2 2 2 2
left_child=-1 3 10 4 5 6 -2 8 9 -5 -3 -11 -13
right_child=1 2 -4 7 -6 -7 -8 -9 -10 11 -12 12 -14
leaf_value=88.43333012768521 -30.410877724328124 -19.614518390897537 84.17622274481181 -18.305954727637801 -68.397879184609792 -49.8881284184545 40.933878347971671 48.876792816466271 13.533680105782679 -15.518209296445116 1.8954541572219576 10.389782473528497 -0.057817579908634731
leaf_weight=37 42 33 30 36 37 32 51 30 55 30 39 32 300
leaf_count=37 42 33 30 36 37 32 51 30 55 30 39 32 300
internal_value=4.23035 0.0483659 19.1829 -2.98006 -20.5278 -6.31483 8.71556 2.90853 -0.145832 -2.03915 -7.97674 -0.416838 0.95199
internal_weight=784 747 102 645 162 125 93 483 453 398 72 362 332
internal_count=784 747 102 645 162 125 93 483 453 398 72 362 332
is_linear=0
shrinkage=0.05


Tree=93
num_leaves=11
num_cat=0
split_feature=0 24 8 20 26 0 20 4 24 26
split_gain=9.97035e+07 1.74182e+07 1.52123e+07 4.1492e+07 1.6584e+07 6.97641e+06 1.22528e+07 4.15377e+06 1.23347e+07 7.99223e+06
threshold=7.5000000000000009 12395.238095238097 0.55000000000000016 3.6098000000000003 8.9500000000000046 58.400000000000006 4.7469750000000008 1010.2500000000001 3847.2222222222222 7.0999999999999996
decision_type=2 2 2 2 2 2 2 2 2 2
left_child=-1 2 4 -4 -2 -5 -7 9 -9 -8
right_child=1 -3 3 5 -6 6 7 8 -10 -11
leaf_value=84.023578477227147 2.0706537326908454 29.478120409404649 50.742581237490526 18.16801024910033 -40.721094321233437 -33.925801586733428 -4.5723080017934867 -37.282055361167934 -2.3210075118158353 12.009918851104358
leaf_weight=37 42 47 39 38 49 32 200 30 156 114
leaf_count=37 42 47 39 38 49 32 200 30 156 114
internal_value=4.01938 0.0459308 -1.93415 0.916305 -20.9904 -2.50115 -3.98067 -2.05777 -7.97692 1.44988
internal_weight=784 747 700 609 91 570 532 500 186 314
internal_count=784 747 700 609 91 570 532 500 186 314
is_linear=0
shrinkage=0.05


Tree=94
num_leaves=11
num_cat=0
split_feature=0 0 24 14 8 20 7 0 20 0
split_gain=9.0008e+07 1.65188e+07 3.98864e+07 1.99992e+07 9.4174e+06 4.81098e+07 1.24559e+07 7.96555e+06 1.00451e+07 4.06238e+06
threshold=7.5000000000000009 48.050000000000004 10750.000000000002 221.50000000000003 0.55000000000000016 3.6098000000000003 7.0000000000000009 85.250000000000014 4.7469750000000008 126.90000000000002
decision_type=2 2 2 2 2 2 2 2 2 2
left_child=-1 3 4 -2 6 -6 -3 -7 -9 -10
right_child=1 2 -4 -5 5 7 -8 8 9 -11
leaf_value=79.833723215272812 -52.127812926865822 5.0040421937675177 58.664960979068795 2.1471832048199513 58.751050028570013 18.427663421842318 -34.532848009266601 -31.031200185696033 -13.782108845924975 0.16422435757623371
leaf_weight=37 32 37 30 36 35 45 43 31 60 398
leaf_count=37 32 37 30 36 35 45 43 31 60 398
internal_value=3.8189 0.0435915 2.39782 -23.433 -0.21176 2.04753 -16.2636 -1.67928 -3.53301 -1.6654
internal_weight=784 747 679 68 649 569 80 534 489 458
internal_count=784 747 679 68 649 569 80 534 489 458
is_linear=0
shrinkage=0.05


Tree=95
num_leaves=16
num_cat=0
split_feature=1 1 24 7 26 11 24 5 24 26 5 4 8 7 28
split_gain=5.54018e+07 1.9008e+08 1.55748e+08 1.29213e+08 6.85097e+07 2.92242e+07 5.76803e+06 4.78303e+06 4.24066e+06 2.67524e+06 2.77014e+06 2.00933e+06 1.63554e+06 1.57639e+06 1.06116e+06
threshold=1.0000000180025095e-35 0.6000000000000002 10972.222222222224 14.850000000000003 7.4500000000000011 1.5000000000000002 7953.7027777777785 20.850000000000005 3763.8888888888891 10.050000000000002 13.250000000000002 1012.0500000000001 -1.0000000180025095e-35 11.200000000000001 0.081673369964559248
decision_type=2 2 2 2 2 2 2 2 2 2 2 2 2 2 2
left_child=3 4 6 -1 -2 -5 8 -7 -3 12 -11 14 -10 -14 -8
right_child=1 2 -4 5 -6 7 11 -9 9 10 -12 -13 13 -15 -16
leaf_value=119.72776458334684 -127.93702881599694 -22.979875832554708 114.00833272838909 -38.040631954395138 -36.933613562938262 35.02835094160416 8.7091626142957193 7.2336878173447836 8.7803821609661821 -24.525030833779777 -3.382061462201805 14.238962066523483 -12.679026837241917 -2.0534007142734101 -3.1427358747272134
leaf_weight=30 37 32 30 32 47 30 31 32 30 30 32 51 40 270 48
leaf_count=30 37 32 30 32 47 30 31 32 30 30 32 51 40 270 48
internal_value=-1.14826 -6.76933 3.19096 29.567 -77.123 0.695542 -2.72273 20.7175 -5.48998 -4.09237 -13.6356 6.51269 -2.34861 -3.42811 1.51308
internal_weight=802 678 594 124 84 94 564 62 434 402 62 130 340 310 79
internal_count=802 678 594 124 84 94 564 62 434 402 62 130 340 310 79
is_linear=0
shrinkage=0.05


Tree=96
num_leaves=13
num_cat=0
split_feature=1 1 24 7 26 11 6 24 7 20 5 24
split_gain=5.00165e+07 1.71594e+08 1.40611e+08 1.16655e+08 6.19368e+07 2.63836e+07 5.4595e+06 5.83254e+06 4.48923e+06 5.4743e+06 4.31821e+06 2.0341e+06
threshold=1.0000000180025095e-35 0.6000000000000002 10972.222222222224 14.850000000000003 7.3500000000000014 1.5000000000000002 5.0500000000000007 3763.8888888888891 7.5500000000000007 3.6098000000000003 20.850000000000005 8199.0750000000025
decision_type=2 2 2 2 2 2 2 2 2 2 2 2
left_child=3 4 6 -1 -2 -5 7 -3 -9 -10 -7 -11
right_child=1 2 -4 5 -6 10 -8 8 9 11 -12 -13
leaf_value=113.76126857041521 -122.7755314787339 -22.300006720948456 108.32685365771931 -36.144525959335759 -35.974278036026355 33.282751451536669 -17.388920008307476 16.404780665716327 -16.988721064767816 -0.84455024354354846 6.8731301185869347 8.4076747394619176
leaf_weight=30 36 30 30 32 48 30 56 40 48 317 32 73
leaf_count=30 36 30 30 32 48 30 56 40 48 317 32 73
internal_value=-1.09062 -6.43152 3.03206 28.0936 -73.2766 0.660988 -2.58693 -0.9521 0.392101 -1.07364 19.6851 0.888975
internal_weight=802 678 594 124 84 94 564 508 478 438 62 390
internal_count=802 678 594 124 84 94 564 508 478 438 62 390
is_linear=0
shrinkage=0.05


Tree=97
num_leaves=12
num_cat=0
split_feature=14 27 24 0 7 0 14 21 27 0 24
split_gain=4.63646e+07 3.80105e+07 1.0532e+08 6.40797e+07 2.17926e+07 4.7375e+07 1.89042e+07 1.95728e+07 1.68549e+07 9.84097e+06 8.26963e+06
threshold=17.000000000000004 0.89773508019357628 15720.833333333334 146.80000000000004 7.2000000000000002 14.500000000000002 120.50000000000001 0.56546004185722054 0.96683886033945965 58.400000000000006 1.0000000180025095e-35
decision_type=2 2 2 2 2 2 2 2 2 2 2
left_child=-1 2 4 -3 -2 -6 7 -7 -5 -8 -11
right_child=1 3 -4 8 5 6 9 -9 -10 10 -12
leaf_value=54.338957056642577 28.426280521702125 78.929976952925031 -96.795531713182683 24.6810098277912 -67.666060033272274 6.3387998384494715 27.4547096849602 -44.7081759983908 -19.595235701083208 13.897803348021311 -4.5023883119586117
leaf_weight=36 48 35 32 37 30 30 32 50 51 74 347
leaf_count=36 48 35 32 37 30 30 32 50 51 74 347
internal_value=-1.03588 -3.64511 -8.51705 21.8098 -3.87853 -6.63733 -3.19026 -25.5815 -0.972146 0.768803 -1.26561
internal_weight=802 766 643 123 611 563 533 80 88 453 421
internal_count=802 766 643 123 611 563 533 80 88 453 421
is_linear=0
shrinkage=0.05


Tree=98
num_leaves=19
num_cat=0
split_feature=29 0 1 4 0 8 8 8 2 24 24 24 21 21 28 24 3 2
split_gain=4.61559e+07 1.82113e+08 1.1759e+08 8.78506e+07 2.7411e+07 2.76712e+07 3.39384e+07 1.62659e+07 1.82653e+07 3.15843e+07 1.57613e+07 9.09073e+06 8.19608e+06 2.28602e+06 1.99852e+06 1.65194e+06 1.25242e+06 291294
threshold=0.6078576107927941 8.5000000000000018 0.6000000000000002 1007.2500000000001 48.050000000000004 2.0500000000000003 -1.0000000180025095e-35 9.3500000000000032 12.800000000000002 4618.0555555555566 9509.2583333333369 3501.3888888888891 0.77571496826155228 0.43551232852542904 -0.9574497222574998 4564.8138888888898 66.850000000000009 17.150000000000002
decision_type=2 2 2 2 2 2 2 2 2 2 2 2 2 2 2 2 2 2
left_child=1 -1 3 -2 -3 6 -6 12 9 -9 13 -10 -7 -4 -13 -15 -14 -17
right_child=2 4 10 -5 5 7 -8 8 11 -11 -12 14 16 15 -16 17 -18 -19
leaf_value=124.93085068583105 -24.209464187854408 -45.213881530025766 6.0406110012867442 -133.5944997817185 4.7183756589431907 -35.154650658328521 70.757324723798746 64.866590414966069 -28.577304764039265 -1.0084852643747391 35.985024788688584 12.287784929674153 -13.439122730996601 -16.566937217755619 -1.7419559110169134 -5.5639342850986555 0.14134998222522166 0.57705712777831619
leaf_weight=31 43 31 46 32 52 44 31 30 31 46 30 31 39 33 138 54 30 30
leaf_count=31 43 31 46 32 52 44 31 30 31 46 30 31 39 33 138 54 30 30
internal_value=-0.984076 7.51332 -17.912 -70.9962 0.253445 3.2486 29.4391 -2.34571 4.19708 25.0458 2.74271 -3.73397 -18.316 -3.39379 0.837262 -7.10508 -7.54284 -3.37259
internal_weight=802 534 268 75 503 472 83 389 276 76 193 200 113 163 169 117 69 84
internal_count=802 534 268 75 503 472 83 389 276 76 193 200 113 163 169 117 69 84
is_linear=0
shrinkage=0.05


Tree=99
num_leaves=13
num_cat=0
split_feature=1 1 24 7 26 11 6 24 5 7 3 24
split_gain=4.41915e+07 1.41233e+08 1.24032e+08 1.05221e+08 5.28688e+07 2.25046e+07 5.24294e+06 5.46267e+06 4.34071e+06 3.14708e+06 4.876e+06 2.23094e+06
threshold=1.0000000180025095e-35 0.6000000000000002 10972.222222222224 14.850000000000003 7.4500000000000011 1.5000000000000002 5.0500000000000007 3763.8888888888891 20.850000000000005 7.6500000000000012 44.150000000000006 8013.8888888888896
decision_type=2 2 2 2 2 2 2 2 2 2 2 2
left_child=3 4 6 -1 -2 -5 7 -3 -7 -9 -11 -12
right_child=1 2 -4 5 -6 8 -8 9 -10 10 11 -13
leaf_value=107.8582834427539 -111.23601268038274 -21.70452908012162 101.52336338176285 -33.548018166432129 -31.297489747778371 31.646080541838444 -17.152163998880916 13.143955357417704 5.1756560518734176 -18.617452904656322 -1.3450279944024484 7.861529700535157
leaf_weight=30 37 30 30 32 47 30 56 43 32 36 316 83
leaf_count=30 37 30 30 32 47 30 56 43 32 36 316 83
internal_value=-0.934777 -5.95506 2.63061 26.4974 -66.599 0.444147 -2.6467 -1.0446 18.0143 0.256305 -1.02036 0.571598
internal_weight=802 678 594 124 84 94 564 508 62 478 435 399
internal_count=802 678 594 124 84 94 564 508 62 478 435 399
is_linear=0
shrinkage=0.05


Tree=100
num_leaves=10
num_cat=0
split_feature=24 26 25 0 3 0 6 0 26
split_gain=6.11713e+07 3.89384e+07 9.18287e+07 2.06086e+07 1.84093e+07 1.4542e+07 1.33503e+07 1.11578e+07 7.25903e+06
threshold=18427.500000000004 10.750000000000002 10.622040000000002 8.5000000000000018 39.650000000000006 58.400000000000006 1.7500000000000002 1085.2500000000002 9.7500000000000018
decision_type=2 2 2 2 2 2 2 2 2
left_child=1 3 -3 -1 -5 -6 -7 8 -8
right_child=-2 2 -4 4 5 6 7 -9 -10
leaf_value=-43.549375950305212 67.789064601054449 98.751107717114834 -17.459013401577845 -34.359893588655318 27.993446448218481 -35.235920567973011 -5.5065336610462463 27.536288902054594 16.647315892673785
leaf_weight=35 32 30 39 47 38 32 475 30 40
leaf_count=35 32 30 39 47 38 32 475 30 40
internal_value=0.168617 -2.66473 33.1368 -6.21319 -4.23293 -1.92532 -3.90023 -2.0542 -3.78294
internal_weight=798 766 69 697 662 615 577 545 515
internal_count=798 766 69 697 662 615 577 545 515
is_linear=0
shrinkage=0.05


Tree=101
num_leaves=18
num_cat=0
split_feature=8 6 26 1 29 14 1 4 0 4 4 2 22 8 11 28 7
split_gain=3.01675e+07 3.50168e+07 9.23814e+07 2.93856e+07 4.09717e+07 6.23179e+07 4.52347e+07 5.44935e+07 1.41123e+07 3.88207e+06 6.1873e+06 2.96947e+06 2.94844e+06 1.40983e+06 902701 599453 394083
threshold=-3.2499999999999996 5.0500000000000007 6.7500000000000009 0.6000000000000002 1.0000000180025095e-35 137.50000000000003 0.095454545454545472 1006.4500000000002 60.350000000000009 1016.3000000000001 1018.2500000000001 17.150000000000002 -0.6830127018922193 4.9500000000000011 1.5000000000000002 0.81392548379518759 26.850000000000005
decision_type=2 2 2 2 2 2 2 2 2 2 2 2 2 2 2 2 2
left_child=-1 3 -3 4 6 -6 7 -2 -5 11 -11 12 -10 -14 -13 -12 -16
right_child=1 2 -4 8 5 -7 -8 -9 9 10 15 14 13 -15 16 -17 -18
leaf_value=47.647745562156786 -20.463796135231302 -14.844952589932854 96.693645738558757 34.156477599286561 -104.04443378755134 -16.016221858490578 -47.567035538569925 68.980078749642274 -16.792945475788681 26.233238377681996 3.2337874326861709 10.290299675471832 -11.777666599070113 -1.5384394974664954 3.745656572210144 -5.2010522845203928 -4.0517673530451885
leaf_weight=32 35 46 31 30 31 57 34 33 56 30 55 33 43 153 35 34 30
leaf_count=32 35 46 31 30 31 57 34 33 56 30 55 33 43 153 35 34 30
internal_value=0.160829 -1.82891 30.1273 -5.40408 -22.1325 -47.1091 -0.559006 22.9803 0.968619 -1.16109 6.63683 -3.81353 -6.68483 -3.78969 3.56904 0.00921217 0.146073
internal_weight=798 766 77 689 190 88 102 68 499 469 119 350 252 196 98 89 65
internal_count=798 766 77 689 190 88 102 68 499 469 119 350 252 196 98 89 65
is_linear=0
shrinkage=0.05


Tree=102
num_leaves=14
num_cat=0
split_feature=24 26 5 0 7 1 7 0 4 3 6 1 4
split_gain=5.5715e+07 3.50476e+07 8.15519e+07 1.70687e+07 2.12546e+07 5.92596e+07 2.46847e+07 9.10655e+06 6.87284e+06 5.68059e+06 7.12586e+06 3.02206e+06 2.85306e+06
threshold=18427.500000000004 10.750000000000002 10.425000000000002 8.5000000000000018 19.350000000000005 0.10555555555555557 20.750000000000004 85.250000000000014 997.25000000000011 38.95000000000001 5.2500000000000009 0.6000000000000002 1011.85
decision_type=2 2 2 2 2 2 2 2 2 2 2 2 2
left_child=1 3 -3 -1 5 -5 -6 -8 -9 -7 12 -10 -11
right_child=-2 2 -4 4 6 9 7 8 11 10 -12 -13 -14
leaf_value=-39.896121933113818 64.6873797930661 93.24864145196554 -16.266205158867802 -72.203806682396433 45.917241637803315 -25.189042709921008 21.698541607143198 -22.128998365889501 10.919205759242622 -7.7799419506595289 -25.004764983738351 -2.8404678689041414 4.912453955616372
leaf_weight=35 32 30 39 38 32 32 42 41 50 66 31 196 134
leaf_count=35 32 30 39 38 32 32 42 41 50 66 31 196 134
internal_value=0.153092 -2.55094 31.4149 -5.91745 -4.11523 -13.9246 4.06532 -0.018085 -3.2026 -5.47972 -2.73969 -0.0404654 0.722143
internal_weight=798 766 69 697 662 301 361 329 287 263 231 246 200
internal_count=798 766 69 697 662 301 361 329 287 263 231 246 200
is_linear=0
shrinkage=0.05


Tree=103
num_leaves=18
num_cat=0
split_feature=24 26 21 0 8 24 1 8 27 6 24 20 28 24 0 24 21
split_gain=5.02991e+07 3.16419e+07 7.43415e+07 1.54091e+07 1.58823e+07 4.91093e+07 1.34312e+07 2.97774e+07 1.62718e+07 3.09129e+06 4.28371e+06 4.58746e+06 2.63602e+06 4.49162e+06 2.06045e+06 1.69225e+06 1.43373e+06
threshold=18427.500000000004 10.750000000000002 0.81823739035087739 8.5000000000000018 9.5500000000000025 3625.0000000000005 0.6000000000000002 16.650000000000002 -0.10309787846944686 5.0500000000000007 9819.4444444444471 3.6098000000000003 -0.47495107206705001 7319.4444444444453 370.60000000000008 4467.5916666666672 0.78527720630901521
decision_type=2 2 2 2 2 2 2 2 2 2 2 2 2 2 2 2 2
left_child=1 3 -3 -1 5 -5 7 -6 -9 10 11 -7 13 15 16 -8 -14
right_child=-2 2 -4 4 6 9 12 8 -10 -11 -12 -13 14 -15 -16 -17 -18
leaf_value=-37.906999390213578 61.46308624172508 -15.674432211092975 88.886776611100004 -71.455333953928729 57.911519710742802 -8.9822571171140222 -12.418628325420391 25.69652561555273 -24.745780467148052 -18.798702219054309 -20.155311981150476 7.9819009019870952 -18.488750886399938 17.501887338112525 1.3335944139452054 0.37177016806313085 -5.992426721651487
leaf_weight=35 32 39 30 32 32 72 34 30 34 36 30 89 46 34 40 107 46
leaf_count=35 32 39 30 32 32 72 34 30 34 36 30 89 46 34 40 107 46
internal_value=0.145625 -2.42362 29.8497 -5.62238 -3.91001 -13.568 2.2988 18.6118 -1.09767 -5.37977 -2.84201 0.394548 -2.80672 1.21734 -8.13857 -2.71902 -12.2539
internal_weight=798 766 69 697 662 259 403 96 64 227 191 161 307 175 132 141 92
internal_count=798 766 69 697 662 259 403 96 64 227 191 161 307 175 132 141 92
is_linear=0
shrinkage=0.05


Tree=104
num_leaves=14
num_cat=0
split_feature=24 26 5 0 7 24 7 0 4 3 6 6 4
split_gain=4.54096e+07 2.85671e+07 7.4961e+07 1.39109e+07 1.76677e+07 4.98664e+07 2.17512e+07 7.87179e+06 6.14119e+06 4.95093e+06 6.04695e+06 2.84335e+06 2.56923e+06
threshold=18427.500000000004 10.750000000000002 10.425000000000002 8.5000000000000018 19.350000000000005 1957.1428571428573 20.750000000000004 85.250000000000014 997.25000000000011 38.95000000000001 5.2500000000000009 3.4500000000000006 1011.85
decision_type=2 2 2 2 2 2 2 2 2 2 2 2 2
left_child=1 3 -3 -1 5 -5 -6 -8 -9 -7 12 -10 -11
right_child=-2 2 -4 4 6 9 7 8 11 10 -12 -13 -14
leaf_value=-36.017048403612229 58.399505553438658 87.645922015117264 -17.347457591408048 -66.11963819068248 43.029837876316918 -23.311765314856792 20.101054328524302 -20.941102371772715 -2.9466166535327099 -7.2331647619717785 -22.864306751018169 9.9454547778231692 4.811375622601318
leaf_weight=35 32 30 39 38 32 32 42 41 191 66 31 55 134
leaf_count=35 32 30 39 38 32 32 42 41 191 66 31 55 134
internal_value=0.138509 -2.30267 28.3625 -5.34203 -3.71504 -12.6585 3.74336 -0.0897107 -3.05045 -4.91182 -2.3539 -0.0613526 0.835024
internal_weight=798 766 69 697 662 301 361 329 287 263 231 246 200
internal_count=798 766 69 697 662 301 361 329 287 263 231 246 200
is_linear=0
shrinkage=0.05


Tree=105
num_leaves=11
num_cat=0
split_feature=0 0 24 24 7 20 24 20 0 25
split_gain=1.91003e+08 3.53668e+07 3.07313e+07 2.03734e+07 1.60861e+07 3.44909e+07 2.13591e+07 1.0955e+07 7.46491e+06 1.61263e+06
threshold=6.5000000000000009 9.5000000000000018 12395.238095238097 10319.444444444447 11.200000000000001 4.2211750000000015 4768.5194444444451 5.3768000000000002 85.250000000000014 3.5243075000000008
decision_type=2 2 2 2 2 2 2 2 2 2
left_child=-1 -2 3 4 6 -6 -3 -7 -9 -8
right_child=1 2 -4 -5 5 7 9 8 -10 -11
leaf_value=121.57829039624174 -56.015541115314072 -54.054739103218743 44.26849877589958 -43.275472125183313 52.750674589994915 -29.928325531332202 -0.33318099376352073 19.236229542323525 -0.9485699105272194 -13.28587833141771
leaf_weight=32 30 30 36 30 32 30 56 51 442 42
leaf_count=32 30 30 36 30 32 30 56 51 442 42
internal_value=2.05038 -2.87459 -0.738915 -3.01727 -1.2429 2.44291 -17.2138 -0.644684 1.14298 -5.89227
internal_weight=811 779 749 713 683 555 128 523 493 98
internal_count=811 779 749 713 683 555 128 523 493 98
is_linear=0
shrinkage=0.05


Tree=106
num_leaves=11
num_cat=0
split_feature=0 0 24 24 25 25 8 24 0 5
split_gain=1.72437e+08 3.19297e+07 2.77432e+07 1.83934e+07 1.07353e+07 2.65417e+07 1.44989e+07 1.05035e+07 6.45114e+06 1.84944e+06
threshold=6.5000000000000009 9.5000000000000018 12395.238095238097 10319.444444444447 7.1009750000000009 9.4584350000000015 6.7500000000000009 4618.0555555555566 85.250000000000014 3.4250000000000003
decision_type=2 2 2 2 2 2 2 2 2 2
left_child=-1 -2 3 4 7 -6 -7 -3 -8 -9
right_child=1 2 -4 -5 5 6 8 9 -10 -11
leaf_value=115.51831428789274 -53.224069719536367 -39.453248613363684 42.061203988833448 -41.118887002127515 36.189086358281266 -34.700595448484755 17.509164727757316 -0.26358019629209556 -1.470121755077108 -14.082242825138881
leaf_weight=32 30 31 36 30 51 31 50 57 421 42
leaf_count=32 30 31 36 30 51 31 50 57 421 42
internal_value=1.94811 -2.73139 -0.70214 -2.8669 -1.18095 1.85899 -1.63523 -14.1039 0.547943 -6.13439
internal_weight=811 779 749 713 683 553 502 130 471 99
internal_count=811 779 749 713 683 553 502 130 471 99
is_linear=0
shrinkage=0.05


Tree=107
num_leaves=12
num_cat=0
split_feature=0 0 24 24 7 20 24 20 0 4 24
split_gain=1.55676e+08 2.88265e+07 2.50457e+07 1.66058e+07 1.38006e+07 3.0529e+07 1.81843e+07 9.8469e+06 6.09843e+06 2.33034e+06 2.45714e+06
threshold=6.5000000000000009 9.5000000000000018 12395.238095238097 10319.444444444447 11.200000000000001 4.2211750000000015 4768.5194444444451 5.3768000000000002 85.250000000000014 1023.7500000000001 7319.4444444444453
decision_type=2 2 2 2 2 2 2 2 2 2 2
left_child=-1 -2 3 4 6 -6 -3 -7 -9 10 -8
right_child=1 2 -4 -5 5 7 9 8 -10 -11 -12
leaf_value=109.76039233816746 -50.571707562196295 -49.907915939761949 39.963971048709105 -39.069772749485765 49.622033610002276 -28.376235230658143 -21.487114531197818 17.435363193220823 -0.80869550119830158 5.0997388767007514 -1.8657438529901142
leaf_weight=32 30 30 36 30 32 30 30 51 442 34 34
leaf_count=32 30 30 36 30 32 30 30 51 442 34 34
internal_value=1.85087 -2.59539 -0.66727 -2.7241 -1.12216 2.29177 -15.915 -0.61308 1.08176 -5.46874 -11.0825
internal_weight=811 779 749 713 683 555 128 523 493 98 64
internal_count=811 779 749 713 683 555 128 523 493 98 64
is_linear=0
shrinkage=0.05


Tree=108
num_leaves=11
num_cat=0
split_feature=0 0 24 24 7 20 24 20 0 5
split_gain=1.40544e+08 2.60249e+07 2.26104e+07 1.4992e+07 1.24602e+07 2.96372e+07 1.71487e+07 8.90792e+06 5.48502e+06 1.29518e+06
threshold=6.5000000000000009 9.5000000000000018 12395.238095238097 10319.444444444447 11.350000000000003 4.2211750000000015 4618.0555555555566 5.3768000000000002 85.250000000000014 3.4250000000000003
decision_type=2 2 2 2 2 2 2 2 2 2
left_child=-1 -2 3 4 6 -6 -3 -7 -9 -8
right_child=1 2 -4 -5 5 7 9 8 -10 -11
leaf_value=104.28946836477499 -48.051522737167204 -48.049545849518125 37.971308079981078 -37.122774875678893 50.467047501877694 -26.962136016177183 -0.067636578721883209 16.565301263542327 -0.73893435099002747 -11.479643272867008
leaf_weight=32 30 30 36 30 30 30 57 51 441 44
leaf_count=32 30 30 36 30 30 30 57 51 441 44
internal_value=1.75851 -2.46613 -0.634102 -2.58838 -1.06628 2.2243 -14.9231 -0.557398 1.05779 -5.04569
internal_weight=811 779 749 713 683 552 131 522 492 101
internal_count=811 779 749 713 683 552 131 522 492 101
is_linear=0
shrinkage=0.05


Tree=109
num_leaves=12
num_cat=0
split_feature=0 0 24 24 7 20 24 3 0 7 14
split_gain=1.26882e+08 2.34957e+07 2.04119e+07 1.3535e+07 1.12823e+07 2.49091e+07 1.4849e+07 8.44204e+06 5.01865e+06 1.20608e+06 564037
threshold=6.5000000000000009 9.5000000000000018 12395.238095238097 10319.444444444447 11.200000000000001 4.2211750000000015 4768.5194444444451 47.45000000000001 85.250000000000014 8.4500000000000011 38.000000000000007
decision_type=2 2 2 2 2 2 2 2 2 2 2
left_child=-1 -2 3 4 6 -6 -3 -7 -9 10 -8
right_child=1 2 -4 -5 5 7 9 8 -10 -11 -12
leaf_value=99.091238346278118 -45.656927543462714 -45.106018745067509 36.077999659060112 -35.272802503837703 44.82614899632344 -25.814407548567107 3.5043599674079426 16.387623274797214 -0.61527695061655308 -12.543830533740808 -5.8872905401692437
leaf_weight=32 30 30 36 30 32 31 34 48 444 34 30
leaf_count=32 30 30 36 30 32 31 34 48 444 34 30
internal_value=1.67081 -2.34326 -0.602528 -2.45937 -1.01311 2.07366 -14.3884 -0.550235 1.04653 -4.94856 -0.900215
internal_weight=811 779 749 713 683 555 128 523 492 98 64
internal_count=811 779 749 713 683 555 128 523 492 98 64
is_linear=0
shrinkage=0.05


Tree=110
num_leaves=16
num_cat=0
split_feature=0 15 24 24 24 3 30 24 3 21 28 24 0 26 9
split_gain=6.76298e+07 1.87058e+07 3.32239e+07 2.36209e+07 1.97507e+07 1.10445e+07 6.49348e+06 1.65114e+07 6.18964e+06 3.10261e+06 3.08401e+06 3.32652e+06 1.87387e+06 1.33641e+06 599168
threshold=7.5000000000000009 1.0000000180025095e-35 1957.1428571428573 7953.7027777777785 10852.777777777779 40.050000000000004 1.0000000180025095e-35 3680.5555555555561 52.650000000000006 0.92121595218940355 0.91234096280339505 1.0000000180025095e-35 390.75000000000006 8.7500000000000018 1.0000000180025095e-35
decision_type=2 2 2 2 2 2 2 2 2 2 2 2 2 2 2
left_child=-1 4 -3 9 5 -2 8 -8 -7 12 11 -10 -4 14 -9
right_child=1 2 3 -5 -6 6 7 13 10 -11 -12 -13 -14 -15 -16
leaf_value=67.485280583764592 -29.523983784528657 54.56232597687665 -8.270545392706536 42.683538625242058 -33.978981609902775 22.516686124407173 -41.324511123099597 -0.95052113765353663 16.415600364848157 -19.279160910386306 -12.854209510559606 0.95824929984987595 6.2981966277904933 -8.9331065965253256 7.2965865903313034
leaf_weight=39 33 39 49 30 52 41 30 43 42 35 32 201 40 30 45
leaf_count=39 33 39 49 30 52 41 30 43 42 35 32 201 40 30 45
internal_value=3.39397 0.0166402 13.4021 2.94967 -4.69055 -1.61994 0.370536 -8.26908 4.41829 -6.68996 1.71276 3.63556 -1.72302 0.162676 3.27019
internal_weight=781 742 193 154 549 497 464 148 316 124 275 243 89 118 88
internal_count=781 742 193 154 549 497 464 148 316 124 275 243 89 118 88
is_linear=0
shrinkage=0.05


Tree=111
num_leaves=13
num_cat=0
split_feature=0 6 27 1 4 28 0 24 24 7 20 14
split_gain=6.10523e+07 1.90875e+07 5.74921e+07 1.76863e+07 7.91444e+07 2.62288e+07 9.88927e+06 4.10387e+06 2.86222e+06 2.385e+06 5.13687e+06 2.75448e+06
threshold=7.5000000000000009 4.4500000000000011 0.78829775591774609 0.10555555555555557 1010.5500000000001 -0.79354221435844496 31.000000000000004 6569.4444444444453 10240.741666666667 7.7500000000000009 4.0277500000000002 74.500000000000014
decision_type=2 2 2 2 2 2 2 2 2 2 2 2
left_child=-1 3 7 4 5 -2 -5 -3 9 -8 -11 -12
right_child=1 2 -4 6 -6 -7 8 -9 -10 10 11 -13
leaf_value=64.119646826546514 -25.297862866833388 -12.337286739935116 73.203401658402171 23.676349147085343 -89.309085401921422 31.257563923351171 12.305532865149736 9.975295492491064 -16.538744643518694 -17.559847459983402 14.564548269192123 -1.004963544115574
leaf_weight=39 39 52 34 42 31 43 33 34 30 45 31 328
leaf_count=39 39 52 34 42 31 43 33 34 30 45 31 328
internal_value=3.22467 0.0157781 18.265 -3.50733 -21.3922 4.36114 0.4666 -3.51463 -1.6254 -0.598037 -1.65484 0.343147
internal_weight=781 742 120 622 113 82 509 86 467 437 404 359
internal_count=781 742 120 622 113 82 509 86 467 437 404 359
is_linear=0
shrinkage=0.05


Tree=112
num_leaves=15
num_cat=0
split_feature=1 8 1 24 11 23 26 26 6 27 24 8 20 24
split_gain=6.10538e+07 1.50406e+08 5.66303e+07 5.23996e+07 3.98672e+07 2.26902e+07 1.10329e+07 4.47472e+06 3.33973e+06 4.78809e+06 2.64507e+06 2.10368e+06 3.76136e+06 1.73802e+06
threshold=0.056250000000000008 7.2500000000000009 0.6000000000000002 10750.000000000002 1.5000000000000002 -0.24999999999999994 6.950000000000002 11.050000000000002 4.7500000000000009 0.56314550935064711 9147.2222222222244 6.3500000000000005 4.2211750000000015 5263.8888888888896
decision_type=2 2 2 2 2 2 2 2 2 2 2 2 2 2
left_child=1 -1 5 7 -3 -2 -6 8 10 -10 11 12 -4 -13
right_child=2 4 3 -5 6 -7 -8 -9 9 -11 -12 13 -14 -15
leaf_value=132.32376702901135 -75.9723619270938 -37.197532329400822 -0.14077089939656948 64.398885029350126 8.3321352183638737 -21.302501077710247 49.868408188405908 -16.254816205692912 0.54632386147588041 -25.102069733388401 14.535436484241743 -7.301473102955919 21.285160770600246 1.0682319299471792
leaf_weight=30 31 36 60 32 33 49 31 46 46 30 37 90 31 199
leaf_count=30 31 36 60 32 33 49 31 46 46 30 37 90 31 199
internal_value=3.06387 34.3337 -3.18481 2.33771 4.83387 -42.5555 28.4978 -1.35807 0.0348983 -9.59766 1.79236 0.548081 7.17347 -1.53986
internal_weight=781 130 651 571 100 80 64 539 493 76 417 380 91 289
internal_count=781 130 651 571 100 80 64 539 493 76 417 380 91 289
is_linear=0
shrinkage=0.05


Tree=113
num_leaves=13
num_cat=0
split_feature=0 14 24 8 24 14 0 0 24 21 27 24
split_gain=5.64824e+07 1.80379e+07 2.7732e+07 6.61824e+07 1.88606e+07 9.6207e+06 7.54596e+06 8.7358e+06 9.83238e+06 3.61989e+06 2.74552e+06 1.15032e+06
threshold=7.5000000000000009 72.500000000000014 1.0000000180025095e-35 16.350000000000005 3953.702777777778 187.50000000000003 16.500000000000004 63.500000000000007 9509.2583333333369 0.79498754669987559 0.96683886033945965 5541.666666666667
decision_type=2 2 2 2 2 2 2 2 2 2 2 2
left_child=-1 4 3 -3 -2 -5 -4 -8 10 -6 11 -9
right_child=1 2 6 5 9 -7 7 8 -10 -11 -12 -13
leaf_value=61.48294425242392 -51.333085719770772 88.216233640468388 21.256042494597256 -19.31447981405114 2.4071728792900182 18.807409451303165 -22.734203311819169 -5.0248958139416082 23.433037582748689 -15.561984856700732 -15.630139316348579 0.89118401584016138
leaf_weight=39 30 31 35 33 55 33 49 137 39 57 38 205
leaf_count=39 30 31 35 33 55 33 49 137 39 57 38 205
internal_value=2.91137 -0.17505 3.61801 28.0818 -16.1934 -0.253843 -1.10428 -2.78072 -0.442383 -6.74352 -2.89829 -1.47947
internal_weight=781 742 600 97 142 66 503 468 419 112 380 342
internal_count=781 742 600 97 142 66 503 468 419 112 380 342
is_linear=0
shrinkage=0.05


Tree=114
num_leaves=17
num_cat=0
split_feature=0 6 27 3 21 0 21 6 3 26 9 26 21 5 3 26
split_gain=5.09888e+07 1.74346e+07 5.11164e+07 2.84585e+07 8.01403e+06 1.18046e+07 7.47085e+06 2.81756e+07 8.5654e+06 7.82116e+06 6.04275e+06 3.78492e+06 2.95281e+06 2.94556e+06 1.16746e+06 386964
threshold=7.5000000000000009 4.4500000000000011 0.78829775591774609 39.650000000000006 0.93244053107136271 91.850000000000009 0.8204896021982141 2.6500000000000008 47.350000000000001 7.4500000000000011 12.800000000000002 6.2500000000000009 0.57517996476214461 7.9750000000000005 64.550000000000011 6.6500000000000021
decision_type=2 2 2 2 2 2 2 2 2 2 2 2 2 2 2 2
left_child=-1 3 11 -2 6 -6 8 -8 -5 10 -10 -3 -11 -7 -15 -16
right_child=1 2 -4 4 5 13 7 -9 9 12 -12 -13 -14 14 15 -17
leaf_value=58.416658199534702 -44.82767485401515 4.4170378078113899 69.077673544841772 -23.611590305391772 -38.507978766305115 -16.379004912502253 43.547535013095242 -12.351976659398385 -8.6358139409960977 18.339699336005612 14.711257678532531 -17.562125633166872 1.6119372449072029 8.6960445161801054 1.0858724240448783 -6.6444508943123015
leaf_weight=39 39 56 34 36 30 34 45 45 148 74 34 30 41 31 30 35
leaf_count=39 39 56 34 36 30 34 45 45 148 74 34 30 41 31 30 35
internal_value=2.76636 -0.166126 17.275 -3.53321 -0.763581 -10.2917 2.84201 15.615 -0.613798 2.18081 -4.26856 -3.26155 12.3825 -3.75563 0.727487 -3.08035
internal_weight=781 742 120 622 583 160 423 90 333 297 182 86 115 130 96 65
internal_count=781 742 120 622 583 160 423 90 333 297 182 86 115 130 96 65
is_linear=0
shrinkage=0.05


Tree=115
num_leaves=17
num_cat=0
split_feature=1 1 4 1 14 0 26 4 21 28 7 21 9 0 26 29
split_gain=3.69527e+07 1.02857e+08 9.46103e+07 9.29228e+07 2.73991e+07 9.45905e+06 3.60575e+06 3.8078e+06 9.00781e+06 3.53852e+06 2.63078e+06 2.08065e+06 1.23629e+06 1.9564e+06 891298 803412
threshold=1.0000000180025095e-35 0.6000000000000002 1006.4500000000002 0.13392857142857142 172.50000000000003 63.500000000000007 11.250000000000002 1016.3000000000001 0.89469139169166456 -0.41327860778290426 24.150000000000002 0.85716367168528429 0.45000000000000007 165.70000000000002 6.7500000000000009 1.0000000180025095e-35
decision_type=2 2 2 2 2 2 2 2 2 2 2 2 2 2 2 2
left_child=2 3 4 -2 -1 -3 7 9 -9 10 -7 -12 13 -11 -14 -10
right_child=1 5 -4 -5 -6 6 -8 8 15 12 11 -13 14 -15 -16 -17
leaf_value=-46.418191369646301 -18.997340435565263 27.125972629559005 73.290861372860135 -126.82666961081156 16.066266353857142 14.524386387672322 -15.431299558868799 27.03175827580937 -5.303999541429226 -11.701099155373768 -5.036701718218513 7.8611212742061571 -6.9990763577067616 0.79182839769911395 -18.587668237042195 3.7920070564164732
leaf_weight=35 56 32 53 31 35 38 39 41 50 51 86 49 36 81 31 47
leaf_count=35 56 32 53 31 35 38 39 41 50 51 86 49 36 81 31 47
internal_value=-2.21358 -6.85161 22.9601 -57.5208 -15.1975 0.744281 -0.798101 0.323704 7.41404 -2.30785 2.92143 -0.352879 -6.85312 -4.04015 -12.3807 -0.897238
internal_weight=791 668 123 87 70 581 549 510 138 372 173 135 199 132 67 97
internal_count=791 668 123 87 70 581 549 510 138 372 173 135 199 132 67 97
is_linear=0
shrinkage=0.05


Tree=116
num_leaves=13
num_cat=0
split_feature=1 1 5 1 21 24 24 3 24 27 3 5
split_gain=3.33561e+07 9.28567e+07 8.96671e+07 8.38934e+07 3.13781e+07 2.72088e+07 4.53275e+06 3.51357e+06 2.55931e+06 1.58162e+06 1.29011e+06 1.23435e+06
threshold=1.0000000180025095e-35 0.6000000000000002 10.925000000000002 0.13392857142857142 0.64356805762543479 10750.000000000002 8552.7777777777792 45.400000000000006 3847.2222222222222 0.96900085243778578 62.70000000000001 2.8500000000000001
decision_type=2 2 2 2 2 2 2 2 2 2 2 2
left_child=2 3 -1 -2 -4 6 7 -3 -9 11 -8 -10
right_child=1 5 4 -5 -6 -7 10 8 9 -11 -12 -13
leaf_value=96.823386566821128 -18.049166757920212 -19.460186751443455 28.154344760263321 -120.50572720739235 -29.953224910883701 46.997831361079932 3.9907217276298392 -16.621610138345002 8.8146761403648277 -11.809295039582462 16.703129602592682 -1.4463142866121224
leaf_weight=30 56 33 44 31 49 30 53 30 32 34 32 337
leaf_count=30 56 33 44 31 49 30 53 30 32 34 32 337
internal_value=-2.10344 -6.50998 21.8139 -54.6532 -2.46071 0.707222 -1.8212 -3.75832 -2.55741 -1.50657 8.79063 -0.554312
internal_weight=791 668 123 87 93 581 551 466 433 403 85 369
internal_count=791 668 123 87 93 581 551 466 433 403 85 369
is_linear=0
shrinkage=0.05


Tree=117
num_leaves=15
num_cat=0
split_feature=1 1 4 1 24 27 24 6 24 20 7 20 27 25
split_gain=3.01144e+07 8.38292e+07 8.18181e+07 7.57414e+07 2.45644e+07 2.13513e+07 4.11494e+06 2.32912e+06 1.97204e+06 1.804e+06 5.51088e+06 1.78432e+06 1.71441e+06 801401
threshold=1.0000000180025095e-35 0.6000000000000002 1006.4500000000002 0.13392857142857142 10750.000000000002 0.13301347478292308 8907.4083333333347 4.7500000000000009 3953.702777777778 4.2211750000000015 9.1500000000000004 6.4552750000000012 0.1670500785599974 11.29688
decision_type=2 2 2 2 2 2 2 2 2 2 2 2 2 2
left_child=2 3 5 -2 6 -1 7 8 -3 10 -10 -11 -9 -8
right_child=1 4 -4 -5 -6 -7 13 12 9 11 -12 -13 -14 -15
leaf_value=14.463774137482543 -17.148315985912522 -13.414329244104648 67.531865662684325 -114.4998140586534 44.65574535483934 -40.786925006619683 4.5623782362893364 -4.8676432281503903 2.9863778075847911 11.633344432685382 -24.409652510988355 -0.49726544429600256 -20.768409729637575 15.764152872079629
leaf_weight=33 56 34 53 31 30 37 32 39 47 34 30 273 30 32
leaf_count=33 56 34 53 31 30 37 32 39 47 34 30 273 30 32
internal_value=-1.99837 -6.18532 20.727 -51.9285 0.672094 -14.7566 -1.73032 -3.29721 -1.89095 -0.867413 -7.70515 0.849524 -11.8011 10.1792
internal_weight=791 668 123 87 581 70 551 487 418 384 77 307 69 64
internal_count=791 668 123 87 581 70 551 487 418 384 77 307 69 64
is_linear=0
shrinkage=0.05


Tree=118
num_leaves=13
num_cat=0
split_feature=1 5 1 1 21 24 24 3 6 0 14 3
split_gain=2.71837e+07 7.7334e+07 7.56792e+07 6.83816e+07 2.78407e+07 2.21771e+07 3.71678e+06 3.09432e+06 2.3204e+06 2.47355e+06 1.54846e+06 1.1213e+06
threshold=1.0000000180025095e-35 10.925000000000002 0.6000000000000002 0.13392857142857142 0.64356805762543479 10750.000000000002 8552.7777777777792 45.400000000000006 5.2500000000000009 87.750000000000014 76.500000000000014 62.70000000000001
decision_type=2 2 2 2 2 2 2 2 2 2 2 2
left_child=1 -1 3 -2 -3 6 7 -4 9 -9 -11 -8
right_child=2 4 5 -5 -6 -7 11 8 -10 10 -12 -13
leaf_value=89.352651577692882 -16.29242859838693 25.98790020023614 -18.133452295032512 -108.79323050201513 -28.746478170484245 42.43037547368148 3.4909340620489893 -14.651201291329608 -13.888976682970288 6.9628855020844815 -1.4984904409137008 15.341727263310986
leaf_weight=30 56 44 33 31 49 30 53 31 39 66 297 32
leaf_count=30 56 44 33 31 49 30 53 31 39 66 297 32
internal_value=-1.89892 19.6924 -5.87692 -49.3396 -2.85049 0.638623 -1.64407 -3.39818 -2.27123 -1.11801 0.0414217 7.96525
internal_weight=791 123 668 87 93 581 551 466 433 394 363 85
internal_count=791 123 668 87 93 581 551 466 433 394 363 85
is_linear=0
shrinkage=0.05


Tree=119
num_leaves=14
num_cat=0
split_feature=1 4 1 1 14 24 24 3 6 24 14 26 5
split_gain=2.4542e+07 7.07681e+07 6.83216e+07 6.17369e+07 2.10668e+07 2.00218e+07 3.38444e+06 3.00111e+06 2.30492e+06 2.17589e+06 1.72158e+06 852630 703787
threshold=1.0000000180025095e-35 1006.4500000000002 0.6000000000000002 0.13392857142857142 172.50000000000003 10750.000000000002 8907.4083333333347 45.400000000000006 4.7500000000000009 3902.7777777777778 135.50000000000003 10.650000000000004 11.250000000000002
decision_type=2 2 2 2 2 2 2 2 2 2 2 2 2
left_child=1 4 3 -2 -1 6 7 -4 9 -9 -10 -11 -8
right_child=2 -3 5 -5 -6 -7 12 8 10 11 -12 -13 -14
leaf_value=-41.664243690512464 -15.479259523605919 62.241081008264565 -16.651923241833792 -103.37106055791737 13.127327403315789 40.315906395389391 3.9763751236449147 -13.262432387342484 -19.284699279050098 1.5961725520996848 -3.1709010805402484 -6.322981759819772 14.472132144910152
leaf_weight=35 56 53 37 31 35 30 32 30 30 315 37 38 32
leaf_count=35 56 53 37 31 35 30 32 30 30 315 37 38 32
internal_value=-1.80409 18.7113 -5.58386 -46.8798 -14.2887 0.606864 -1.56207 -2.98309 -1.85574 -0.358003 -10.4041 0.742122 9.23872
internal_weight=791 123 668 87 70 581 551 487 450 383 67 353 64
internal_count=791 123 668 87 70 581 551 487 450 383 67 353 64
is_linear=0
shrinkage=0.05


Tree=120
num_leaves=17
num_cat=0
split_feature=6 26 28 1 24 27 30 2 26 14 24 21 4 6 24 21
split_gain=3.5075e+07 9.48295e+07 2.91146e+07 4.34929e+07 5.8139e+07 6.75252e+07 2.99078e+07 1.22476e+07 4.3056e+06 3.60281e+06 1.52443e+07 2.59309e+06 2.36677e+06 2.35221e+06 1.58494e+06 547533
threshold=4.6500000000000012 7.0000000000000018 0.97308229207007257 0.6000000000000002 16231.250000000002 0.79356426026969662 1.0000000180025095e-35 4.8500000000000005 11.250000000000002 245.50000000000003 8552.7777777777792 0.77120858688302929 1014.5500000000001 5.2500000000000009 6041.666666666667 1.1094501813666222
decision_type=2 2 2 2 2 2 2 2 2 2 2 2 2 2 2 2
left_child=2 13 3 4 5 6 7 -1 9 10 12 -11 14 -2 -5 -13
right_child=1 -3 -4 8 -6 -7 -8 -9 -10 11 -12 15 -14 -15 -16 -17
leaf_value=46.637181681889636 6.8013656935124533 101.07153356811929 32.58183329259036 -5.6486618727941824 -91.908292862901661 -74.486211928909995 -31.122496484723985 5.2333788259770051 -16.08010794304084 -13.050524811530503 38.825357707077487 -2.9309129070046152 10.853057971013758 -11.074564111893563 3.2980187864134884 5.006354494860572
leaf_weight=30 31 30 48 102 30 37 41 44 36 55 30 46 50 45 96 41
leaf_count=30 31 30 48 102 30 37 41 44 36 55 30 46 50 45 96 41
internal_value=-0.794432 25.9596 -4.93162 -7.75862 -28.4154 -15.8317 3.08807 22.0591 0.49037 1.9142 5.22329 -4.56325 1.1445 -3.78364 -1.31138 0.811034
internal_weight=792 106 686 638 182 152 115 74 456 420 278 142 248 76 198 87
internal_count=792 106 686 638 182 152 115 74 456 420 278 142 248 76 198 87
is_linear=0
shrinkage=0.05


Tree=121
num_leaves=15
num_cat=0
split_feature=0 5 1 0 30 24 11 3 24 24 14 2 20 20
split_gain=8.82073e+07 3.00951e+08 2.87295e+07 8.67206e+07 4.05719e+07 2.07886e+07 1.89338e+07 8.50519e+06 3.11051e+06 1.63737e+06 3.84439e+06 2.84705e+06 1.11311e+06 651731
threshold=14.500000000000002 16.250000000000004 0.11805555555555557 116.80000000000003 -0.56174490092936669 11824.075000000003 1.5000000000000002 38.95000000000001 9788.8888888888905 5979.166666666667 70.500000000000014 13.450000000000001 3.6098000000000003 7.8744000000000014
decision_type=2 2 2 2 2 2 2 2 2 2 2 2 2 2
left_child=1 -1 3 -2 -5 7 -6 -4 9 10 -9 -12 -11 -14
right_child=2 -3 5 4 6 -7 -8 8 -10 12 11 -13 13 -15
leaf_value=165.96870493260226 -101.16928478317008 -55.862834319561422 -24.575613880837054 -45.892541341952352 -8.7271580722674589 39.690380600837386 43.603440578710661 11.050127843334851 -16.813513832472488 -4.9229033377278162 -15.75882989516492 -2.3530070084151773 8.5467982888430516 2.306243121048245
leaf_weight=31 30 30 42 39 34 30 35 39 30 42 55 141 57 157
leaf_count=31 30 30 42 39 34 30 35 39 30 42 55 141 57 157
internal_value=-0.754684 56.9583 -5.57782 -26.1167 -5.19439 -0.794506 17.842 -2.95846 -1.21142 -0.254891 -3.2678 -6.12099 2.51105 3.97169
internal_weight=792 61 731 138 108 593 69 563 521 491 235 196 256 214
internal_count=792 61 731 138 108 593 69 563 521 491 235 196 256 214
is_linear=0
shrinkage=0.05


Tree=122
num_leaves=13
num_cat=0
split_feature=0 5 0 3 6 0 24 7 3 14 24 24
split_gain=7.96333e+07 2.71701e+08 2.64947e+07 1.44696e+07 1.09899e+07 8.21758e+06 7.54667e+06 1.89195e+07 6.40658e+06 3.36751e+06 1.28067e+07 2.37643e+06
threshold=14.500000000000002 16.250000000000004 36.650000000000006 39.650000000000006 1.7500000000000002 1095.5000000000002 3501.3888888888891 23.050000000000004 79.200000000000003 233.50000000000003 9006.2500000000018 9310.186111111112
decision_type=2 2 2 2 2 2 2 2 2 2 2 2
left_child=1 -1 -2 -4 -5 6 7 -6 -9 10 -8 -11
right_child=2 -3 3 4 5 -7 9 8 -10 11 -12 -13
leaf_value=157.69695163371094 -48.332923361143408 -53.078973317700765 -29.081037923628227 -29.710201834443946 -34.868639112914593 24.928765689695364 1.5601282814826183 -11.104722134016718 20.063894568549262 -0.86045342680737447 36.097497170787321 -15.997687026082128
leaf_weight=31 34 30 50 32 52 32 248 31 35 156 30 31
leaf_count=31 34 30 50 32 52 32 248 31 35 156 30 31
internal_value=-0.716982 54.1194 -5.29971 -3.19389 -1.18915 0.299457 -1.05644 -12.3435 5.42936 1.80983 5.29884 -3.37707
internal_weight=792 61 731 697 647 615 583 118 66 465 278 187
internal_count=792 61 731 697 647 615 583 118 66 465 278 187
is_linear=0
shrinkage=0.05


Tree=123
num_leaves=12
num_cat=0
split_feature=0 1 0 30 11 3 0 26 26 27 21
split_gain=7.19837e+07 2.792e+07 7.78476e+07 3.65748e+07 1.69865e+07 8.72789e+06 8.59015e+06 2.55101e+06 3.25737e+06 2.32242e+06 1.82204e+06
threshold=7.5000000000000009 0.10555555555555557 116.80000000000003 -0.56174490092936669 1.5000000000000002 38.95000000000001 16.500000000000004 11.250000000000002 10.150000000000004 -0.94697898371965705 0.92121595218940355
decision_type=2 2 2 2 2 2 2 2 2 2 2
left_child=-1 2 -2 -4 -5 -3 -7 8 9 -8 -11
right_child=1 5 3 4 -6 6 7 -9 -10 10 -12
leaf_value=71.497125041304756 -95.271779574270667 -20.745991300725617 -42.981758218165254 -7.6357249345248039 41.93216273641994 25.947019506227278 -8.6578020810677518 -12.279252916863161 17.0741256381121 4.4150089023470294 -2.4895169557140306
leaf_weight=33 30 44 39 34 35 36 59 35 32 266 149
leaf_count=33 30 44 39 34 35 36 59 35 32 266 149
internal_value=-0.681024 -3.82822 -24.1624 -4.33993 17.5316 0.693653 2.33189 0.755939 1.65984 0.615821 1.93602
internal_weight=792 759 138 108 69 621 577 541 506 474 415
internal_count=792 759 138 108 69 621 577 541 506 474 415
is_linear=0
shrinkage=0.05


Tree=124
num_leaves=17
num_cat=0
split_feature=6 26 28 1 2 2 25 3 14 26 27 24 14 24 24 2
split_gain=2.97938e+07 8.00598e+07 2.37007e+07 3.69927e+07 4.84627e+07 1.14271e+08 6.95758e+07 5.30393e+06 3.04637e+06 6.95136e+06 2.18946e+06 1.95719e+06 2.90322e+06 2.95254e+06 2.33336e+06 1.14641e+06
threshold=4.6500000000000012 7.0000000000000018 0.97308229207007257 0.6000000000000002 4.8500000000000005 15.050000000000002 22.616190000000007 38.95000000000001 82.000000000000014 7.5000000000000018 -0.22611359161738934 5263.8888888888896 253.50000000000003 9097.2222222222244 7813.8888888888896 15.747000000000002
decision_type=2 2 2 2 2 2 2 2 2 2 2 2 2 2 2 2
left_child=2 10 3 4 -1 -6 -7 -5 9 -9 -2 15 14 -14 -13 -10
right_child=1 -3 -4 7 5 6 -8 8 11 -11 -12 12 13 -15 -16 -17
leaf_value=11.650747330709907 6.6207393023826615 93.02569494912791 29.386220609224765 -19.335642137558128 -117.17095834212803 20.919358962699906 -72.323305244077829 29.314630647027613 -11.986894264464588 -1.1549539985170791 -10.545958126915826 3.86390914165779 1.5393800185141231 -16.582706097851226 19.677679679560107 -1.2181722928242511
leaf_weight=58 32 30 48 31 37 56 31 31 43 47 44 104 81 31 30 58
leaf_count=58 32 30 48 31 37 56 31 31 43 47 44 104 81 31 30 58
internal_value=-0.647157 24.0106 -4.4602 -7.01085 -26.0615 -43.6964 -12.3499 0.596755 2.05487 10.9767 -3.31861 0.0467782 2.4529 -3.48683 7.41638 -5.81025
internal_weight=792 106 686 638 182 124 87 456 425 78 76 347 246 112 134 101
internal_count=792 106 686 638 182 124 87 456 425 78 76 347 246 112 134 101
is_linear=0
shrinkage=0.05


Tree=125
num_leaves=12
num_cat=0
split_feature=24 0 0 24 25 25 24 14 30 23 20
split_gain=7.52181e+07 3.06141e+07 2.86636e+07 1.5129e+07 9.8965e+06 2.45141e+07 2.21157e+07 8.35092e+06 1.18785e+07 5.76462e+06 2.10897e+06
threshold=18427.500000000004 7.5000000000000009 31.000000000000004 10625.000000000002 7.5648750000000007 9.4584350000000015 4618.0555555555566 107.50000000000001 -0.22252093395631442 -0.9330127018922193 1.3514250000000001
decision_type=2 2 2 2 2 2 2 2 2 2 2
left_child=1 -1 -3 4 6 -6 -4 8 -7 -9 -8
right_child=-2 2 3 -5 5 7 10 9 -10 -11 -12
leaf_value=-51.707312901392335 78.304113379190142 40.841189289806493 -47.301557620230568 -37.313233762722085 37.696393275098735 -38.96708876618446 6.9609425288874922 -12.966404859507348 2.2552997152117711 3.9195710397422299 -7.8743889414867541
leaf_weight=30 30 40 35 30 44 33 45 59 37 349 51
leaf_count=30 30 40 35 30 44 33 45 59 37 349 51
internal_value=0.797745 -2.30014 -0.243174 -2.65492 -1.05718 2.02697 -13.3389 -1.2636 -17.2059 1.47514 -0.920268
internal_weight=783 753 723 683 653 522 131 478 70 408 96
internal_count=783 753 723 683 653 522 131 478 70 408 96
is_linear=0
shrinkage=0.05


Tree=126
num_leaves=11
num_cat=0
split_feature=24 1 0 0 14 0 24 26 20 20
split_gain=6.79086e+07 2.86964e+07 7.82163e+07 5.75673e+07 5.55724e+07 6.18244e+06 1.33286e+07 2.08419e+06 1.70959e+06 1.93526e+06
threshold=18427.500000000004 1.0000000180025095e-35 8.5000000000000018 161.80000000000004 108.50000000000001 42.000000000000007 10625.000000000002 11.050000000000002 1.6616500000000001 3.34355
decision_type=2 2 2 2 2 2 2 2 2 2
left_child=1 3 -3 -1 -5 -4 7 8 -7 -10
right_child=-2 2 5 4 -6 6 -8 -9 9 -11
leaf_value=80.080347445161635 74.401915094622751 -74.01937554946862 19.475803444170136 -46.749977626440661 33.006995630713284 8.2715346318060057 -35.453770352994091 -11.410940857512832 -13.544740899298276 -0.40151236868472467
leaf_weight=30 30 40 32 37 53 52 30 46 30 403
leaf_count=30 30 40 32 37 53 52 30 46 30 403
internal_value=0.757691 -2.18583 -6.43629 20.222 0.202467 -1.86585 -3.08646 -1.25146 -0.285713 -1.31506
internal_weight=783 753 633 120 90 593 561 531 485 433
internal_count=783 753 633 120 90 593 561 531 485 433
is_linear=0
shrinkage=0.05


Tree=127
num_leaves=12
num_cat=0
split_feature=24 1 0 22 14 0 24 6 26 26 14
split_gain=6.13088e+07 2.59059e+07 7.06086e+07 5.65865e+07 1.99046e+07 5.58148e+06 1.20333e+07 2.8835e+06 4.38234e+06 1.25793e+06 2.3585e+06
threshold=18427.500000000004 1.0000000180025095e-35 8.5000000000000018 0.68301270189221941 187.50000000000003 42.000000000000007 10625.000000000002 4.7500000000000009 6.1500000000000021 10.550000000000002 74.500000000000014
decision_type=2 2 2 2 2 2 2 2 2 2 2
left_child=1 3 -3 4 -1 -4 7 9 -9 10 -7
right_child=-2 2 5 -5 -6 6 -8 8 -10 -11 -12
leaf_value=-21.882833077094876 70.694178797319481 -70.327636307790087 18.505046556894651 71.566825838168242 28.488111168471949 9.7415232466881161 -33.686969881279531 -0.11250632368788427 -24.633791707949623 -6.9280716869117178 -0.46534374306821641
leaf_weight=53 30 40 32 36 31 68 30 44 31 53 335
leaf_count=53 30 40 32 36 31 68 30 44 31 53 335
internal_value=0.72002 -2.0768 -6.11532 19.2137 -3.28173 -1.77283 -2.93261 -1.18905 -10.2673 0.306008 1.25888
internal_weight=783 753 633 120 84 593 561 531 75 456 403
internal_count=783 753 633 120 84 593 561 531 75 456 403
is_linear=0
shrinkage=0.05


Tree=128
num_leaves=13
num_cat=0
split_feature=24 24 0 0 14 0 24 6 14 6 24 22
split_gain=5.53503e+07 2.33881e+07 6.37408e+07 5.16767e+07 5.30921e+07 5.03896e+06 1.08638e+07 2.60322e+06 2.30303e+06 1.19913e+06 2.4539e+06 1.09668e+06
threshold=18427.500000000004 1.0000000180025095e-35 8.5000000000000018 161.80000000000004 108.50000000000001 42.000000000000007 10625.000000000002 4.7500000000000009 139.50000000000003 2.6500000000000008 4618.0555555555566 0.68301270189221941
decision_type=2 2 2 2 2 2 2 2 2 2 2 2
left_child=1 3 -3 -1 -5 -4 7 9 -9 10 -7 -11
right_child=-2 2 5 4 -6 6 -8 8 -10 11 -12 -13
leaf_value=74.969429019915296 67.171210821918478 -66.820023808277156 17.582677262445848 -46.602102665759809 31.354707333911389 -14.152399976169967 -32.008217549244833 -20.462175113259757 -2.5882725939253746 0.36185400915459776 0.018600281246613386 7.5090603369677869
leaf_weight=30 30 40 32 37 53 37 30 30 45 167 173 79
leaf_count=30 30 40 32 37 53 37 30 30 45 167 173 79
internal_value=0.68428 -1.97316 -5.81041 18.2563 -0.7103 -1.68451 -2.78648 -1.1298 -9.75563 0.290733 -2.48372 2.65923
internal_weight=783 753 633 120 90 593 561 531 75 456 210 246
internal_count=783 753 633 120 90 593 561 531 75 456 210 246
is_linear=0
shrinkage=0.05


Tree=129
num_leaves=14
num_cat=0
split_feature=24 1 0 26 27 0 24 26 24 8 2 21 24
split_gain=4.99711e+07 2.11139e+07 5.75409e+07 5.6454e+07 5.94346e+07 4.54921e+06 9.80796e+06 1.83231e+06 1.85844e+06 2.39576e+06 1.04896e+06 857883 709288
threshold=18427.500000000004 1.0000000180025095e-35 8.5000000000000018 7.0999999999999996 0.59125596962661842 42.000000000000007 10625.000000000002 6.2500000000000009 6118.0555555555557 4.0500000000000007 1.0000000180025095e-35 0.55975310559006219 6861.1111111111122
decision_type=2 2 2 2 2 2 2 2 2 2 2 2 2
left_child=1 3 -3 -1 -5 -4 7 11 9 -9 -10 -7 -13
right_child=-2 2 5 4 -6 6 -8 8 10 -11 -12 12 -14
leaf_value=-19.300296499894905 63.823810422776944 -63.487353877117506 16.706281582365897 -1.9326204673792438 94.550587760947678 8.6646659425910943 -30.41312406292786 -20.002705118426451 -4.3381057045432962 -4.2463168619110583 3.1540665238617152 -1.2750294994529705 6.7301694419440317
leaf_weight=56 30 40 32 30 34 48 30 30 80 122 112 101 38
leaf_count=56 30 40 32 30 34 48 30 30 80 122 112 101 38
internal_value=0.65017 -1.87484 -5.52076 17.3459 49.3915 -1.60065 -2.6477 -1.07359 -3.23881 -7.36727 0.0316689 2.90906 0.916671
internal_weight=783 753 633 120 64 593 561 531 344 152 192 187 139
internal_count=783 753 633 120 64 593 561 531 344 152 192 187 139
is_linear=0
shrinkage=0.05


Tree=130
num_leaves=13
num_cat=0
split_feature=1 3 1 27 10 0 6 3 5 2 28 2
split_gain=3.37011e+07 1.20648e+08 4.06598e+07 4.02149e+07 2.75664e+07 7.70084e+06 3.73485e+06 3.98646e+06 4.16668e+06 4.97235e+06 1.93932e+06 1.06505e+06
threshold=0.056250000000000008 53.45000000000001 0.6000000000000002 -0.10309787846944686 8.5000000000000018 62.550000000000004 5.5500000000000007 38.95000000000001 5.7500000000000009 1.4000000000000001 0.72649987002303373 15.747000000000002
decision_type=2 2 2 2 2 2 2 2 2 2 2 2
left_child=1 -1 4 -3 -2 -4 7 -7 9 -9 11 -10
right_child=2 3 5 -5 -6 6 -8 8 10 -11 -12 -13
leaf_value=108.46380125579343 -67.189924447089808 37.062852641913899 23.654866605556279 -31.788971874080666 -7.6737337014745819 -18.411454961783068 -16.815322542922271 26.495373634510106 -2.5944741953273365 -0.016690783721107057 -11.928106666945482 3.0226847068778215
leaf_weight=31 41 34 31 56 37 30 39 31 222 41 41 136
leaf_count=31 41 34 31 56 37 30 39 31 222 41 41 136
internal_value=-0.649621 23.5649 -5.16713 -5.76596 -39.0039 -0.538913 -1.93195 -0.770226 0.357078 11.4191 -1.64142 -0.460319
internal_weight=770 121 649 90 78 571 540 501 471 72 399 358
internal_count=770 121 649 90 78 571 540 501 471 72 399 358
is_linear=0
shrinkage=0.05


Tree=131
num_leaves=17
num_cat=0
split_feature=3 3 24 1 14 28 0 5 16 6 24 24 20 7 4 11
split_gain=3.08549e+07 7.75736e+07 4.15934e+07 1.07413e+07 4.35159e+07 4.085e+07 3.20426e+07 9.05058e+06 3.44469e+06 5.1886e+06 4.89879e+06 4.7821e+06 1.32631e+06 1.96723e+06 362566 179102
threshold=44.750000000000007 33.050000000000004 7383.3333333333339 0.6000000000000002 120.50000000000001 -0.52705818521824699 70.700000000000017 2.4500000000000006 1.0000000180025095e-35 5.2500000000000009 6958.3333333333339 9940.7416666666668 4.8232000000000008 25.350000000000005 1006.6500000000002 2.5000000000000004
decision_type=2 2 2 2 2 2 2 2 2 2 2 2 2 2 2 2
left_child=1 -1 -3 4 -2 6 -6 -5 9 11 14 12 -9 -14 15 -10
right_child=3 2 -4 7 5 -7 -8 8 10 -11 -12 -13 13 -15 -16 -17
leaf_value=-39.03463303432909 -64.774873823725599 99.572891268162877 16.983985366060885 25.897382603768889 -63.251650314085737 35.198169913160321 0.67831899702212228 -8.6095835418066695 -0.74041528074364915 -24.208587086312125 21.041664103943056 -22.027132190184734 2.8653246202428728 -8.4907986725194533 2.8290144171203462 -5.879732687376741
leaf_weight=30 35 31 30 30 31 47 53 48 36 32 33 30 184 48 40 32
leaf_count=30 35 31 30 30 31 47 53 48 36 32 33 30 184 48 40 32
internal_value=-0.616866 26.7068 59.0498 -4.28221 -15.3333 -2.08439 -22.962 -0.703906 -2.36119 -5.07204 4.21296 -3.08947 -1.05327 0.513114 -0.943801 -3.16407
internal_weight=770 91 61 679 166 131 84 513 483 342 141 310 280 232 108 68
internal_count=770 91 61 679 166 131 84 513 483 342 141 310 280 232 108 68
is_linear=0
shrinkage=0.05


Tree=132
num_leaves=13
num_cat=0
split_feature=0 0 27 27 11 3 14 8 0 3 7 0
split_gain=3.1133e+07 2.73165e+07 9.93732e+06 1.66347e+07 1.2499e+07 2.73292e+07 1.36769e+07 1.59195e+07 3.76527e+06 8.83152e+06 6.11089e+06 1.48061e+06
threshold=14.500000000000002 36.650000000000006 0.97957740588863318 0.92591620288614507 4.5000000000000009 62.20000000000001 64.500000000000014 1.5000000000000002 483.2000000000001 67.950000000000017 29.150000000000002 395.10000000000008
decision_type=2 2 2 2 2 2 2 2 2 2 2 2
left_child=-1 -2 3 4 6 -6 7 -3 10 -10 -8 -7
right_child=1 2 -4 -5 5 11 8 -9 9 -11 -12 -13
leaf_value=34.283736877957779 -48.555499671627061 -4.321032948669326 -23.508973004610425 29.560723309400608 54.024300765595171 -10.711534141305606 -7.2032576301490749 -44.599132341353908 27.619836479034859 -3.4168961047404838 11.846574730509182 4.2528251909392649
leaf_weight=59 32 57 47 45 30 34 239 43 35 66 51 32
leaf_count=59 32 57 47 45 30 34 239 43 35 66 51 32
internal_value=-0.58623 -3.48422 -1.35325 0.297855 -1.95011 14.5409 -5.17674 -21.6679 -0.954576 7.35504 -3.85017 -3.46055
internal_weight=770 711 679 632 587 96 491 100 391 101 290 66
internal_count=770 711 679 632 587 96 491 100 391 101 290 66
is_linear=0
shrinkage=0.05


Tree=133
num_leaves=16
num_cat=0
split_feature=1 20 1 10 0 20 0 16 6 3 7 11 14 5 14
split_gain=2.99282e+07 1.29657e+08 3.50444e+07 2.10787e+07 1.74771e+07 7.0022e+06 1.33018e+07 3.69368e+06 3.93876e+06 2.05863e+06 1.84477e+06 1.42104e+06 839862 509132 313035
threshold=0.056250000000000008 6.3543000000000012 0.6000000000000002 8.5000000000000018 380.45000000000005 2.4769000000000005 214.55000000000004 1.0000000180025095e-35 5.0500000000000007 48.650000000000006 24.650000000000002 1.5000000000000002 319.00000000000006 23.150000000000002 215.00000000000003
decision_type=2 2 2 2 2 2 2 2 2 2 2 2 2 2 2
left_child=1 -1 3 -2 -3 6 -4 8 9 -7 12 -9 -11 -13 -15
right_child=2 4 5 -5 -6 7 -8 11 -10 10 -12 13 -14 14 -16
leaf_value=112.21941481935619 -60.875276057853604 -23.608821637255289 39.429574878350451 -8.8243176935817988 22.224656153170862 -15.186059384611694 -1.7818498988840035 11.052838447898816 -19.780282581378028 1.3510862211552763 -10.019644619388547 5.6473932395027386 -7.6755029583294121 -5.5224715012437997 1.5253078618863491
leaf_weight=30 41 59 30 37 32 34 56 47 43 179 58 31 30 33 30
leaf_count=30 41 59 30 37 32 34 56 47 43 179 58 31 30 33 30
internal_value=-0.556794 22.2621 -4.81394 -36.2274 -7.4848 -0.517178 12.6233 -2.84937 -5.64249 -3.61689 -2.1385 3.96418 0.0523286 0.411816 -2.16921
internal_weight=770 121 649 78 91 571 86 485 344 301 267 141 209 94 63
internal_count=770 121 649 78 91 571 86 485 344 301 267 141 209 94 63
is_linear=0
shrinkage=0.05


Tree=134
num_leaves=12
num_cat=0
split_feature=0 0 27 6 24 3 20 7 26 24 0
split_gain=2.98325e+07 2.25928e+07 9.08798e+06 1.51495e+07 4.62333e+07 9.18687e+06 8.15858e+06 1.15195e+07 7.68868e+06 7.68213e+06 6.684e+06
threshold=14.500000000000002 36.650000000000006 0.97957740588863318 4.6500000000000012 4532.4083333333338 38.95000000000001 2.4769000000000005 14.15 6.1500000000000021 5486.1111111111122 101.30000000000001
decision_type=2 2 2 2 2 2 2 2 2 2 2
left_child=-1 -2 3 5 -5 -3 -7 9 -6 -8 -9
right_child=1 2 -4 4 8 6 7 10 -10 -11 -12
leaf_value=33.605190998729313 -44.355062238746719 -27.429161292892417 -22.615249915639311 68.52697342446379 10.86567602614376 18.496100704786379 -41.200370443857395 15.76593275680851 -24.314456721714564 -7.361034631603971 -2.7573735468582385
leaf_weight=59 32 36 47 31 32 47 30 57 30 38 331
leaf_count=59 32 36 47 31 32 47 30 57 30 38 331
internal_value=-0.528693 -3.36552 -1.4275 0.151491 18.7767 -3.06501 -1.31614 -3.36181 -6.16863 -22.3288 -0.0327921
internal_weight=770 711 679 632 93 539 503 456 62 68 388
internal_count=770 711 679 632 93 539 503 456 62 68 388
is_linear=0
shrinkage=0.05


Tree=135
num_leaves=16
num_cat=0
split_feature=0 1 14 2 21 24 24 5 18 3 2 24 0 24 28
split_gain=4.24411e+07 4.16478e+07 1.03037e+08 3.8258e+07 1.32119e+07 5.8995e+06 3.15488e+06 2.06392e+06 2.68622e+06 2.09431e+06 1.35465e+06 1.18988e+06 696335 357958 331821
threshold=8.5000000000000018 0.13392857142857142 96.500000000000014 13.750000000000002 0.81623678454247173 10972.222222222224 3847.2222222222222 9.3250000000000011 1.0000000180025095e-35 59.550000000000004 5.6500000000000012 8552.7777777777792 459.70000000000005 5847.2222222222235 -0.78295110140207591
decision_type=2 2 2 2 2 2 2 2 2 2 2 2 2 2 2
left_child=-1 2 -2 -4 -5 6 -3 8 -8 10 -10 12 14 -14 -9
right_child=1 5 3 4 -6 -7 7 11 9 -11 -12 -13 13 -15 -16
leaf_value=40.157505744157966 -98.512239060080844 -17.228852844555117 25.234708034088783 -9.0963427677332795 -54.530440236029222 20.895718010905469 -17.144356301402791 1.6301783041039664 -15.041863186559944 5.633000279460699 -0.38610604093005807 8.2607429243042763 1.7285760136658137 8.2668514463988654 -2.7274028002712445
leaf_weight=52 40 30 54 32 32 31 37 63 32 53 31 55 69 30 142
leaf_count=52 40 30 54 32 32 31 37 63 32 53 31 55 69 30 142
internal_value=-3.44418 -6.55088 -29.2699 -5.73431 -31.8631 -0.282276 -1.4972 -0.572234 -5.43305 -1.68596 -7.84242 1.50029 0.274851 3.71626 -1.38808
internal_weight=783 731 158 118 64 573 542 512 153 116 63 359 304 99 205
internal_count=783 731 158 118 64 573 542 512 153 116 63 359 304 99 205
is_linear=0
shrinkage=0.05


Tree=136
num_leaves=20
num_cat=0
split_feature=0 14 24 14 4 27 0 17 0 9 3 24 0 26 27 26 7 21 8
split_gain=3.83114e+07 2.54706e+07 7.76948e+07 1.47946e+07 1.77522e+07 9.64908e+06 1.62015e+07 1.26311e+07 1.37304e+07 7.7056e+06 7.45813e+06 1.00524e+07 6.44071e+06 2.40289e+06 2.20102e+06 2.10486e+06 1.33765e+06 1.01624e+06 763078
threshold=8.5000000000000018 96.500000000000014 3625.0000000000005 122.50000000000001 1009.2500000000001 -0.28435655403991289 161.80000000000004 1.0000000180025095e-35 155.85000000000005 0.75000000000000011 80.200000000000003 3555.5555555555561 146.80000000000004 9.6500000000000039 -0.52703378127707579 7.7499999999999991 23.550000000000004 0.99645448681770554 12.250000000000002
decision_type=2 2 2 2 2 2 2 2 2 2 2 2 2 2 2 2 2 2 2
left_child=-1 2 -2 4 -3 7 -7 8 -5 15 11 -8 -4 17 -10 -9 -13 -14 -17
right_child=1 3 12 5 -6 6 10 9 14 -11 -12 16 13 -15 -16 18 -18 -19 -20
leaf_value=38.15348416729303 -90.237454325432651 49.92908255230153 -24.579420041443406 34.944567378232534 -4.4060309406926867 -40.960099132957367 -36.794790943437242 6.5861724934430832 -8.1140142912349535 -26.409316395086258 11.173582439655684 -10.316755366325378 9.3719339168285156 -11.150005180195787 9.4699044633794696 -10.989925767893803 3.5575398939369371 -1.8910775862180984 -0.72183447143462487
leaf_weight=52 34 30 40 49 30 39 30 55 36 38 49 30 39 42 35 40 41 41 33
leaf_count=52 34 30 40 49 30 39 30 55 36 38 49 30 39 42 35 40 41 41 33
internal_value=-3.27262 -6.22431 -21.6392 -0.574006 22.7993 -3.53061 -12.2938 2.26271 14.615 -6.67002 -4.81822 -12.58 -7.19516 -1.4799 0.555172 -0.793838 -2.31103 3.60442 -6.35559
internal_weight=783 731 196 535 60 475 189 286 120 166 150 101 162 122 71 128 71 80 73
internal_count=783 731 196 535 60 475 189 286 120 166 150 101 162 122 71 128 71 80 73
is_linear=0
shrinkage=0.05


Tree=137
num_leaves=15
num_cat=0
split_feature=0 14 2 2 20 20 24 7 24 14 6 0 24 6
split_gain=3.45837e+07 2.33142e+07 1.96856e+07 3.82653e+07 1.26774e+07 2.55058e+07 1.85073e+07 9.47166e+06 2.35911e+07 8.86374e+06 4.7153e+06 3.78763e+06 5.74309e+06 1.90968e+06
threshold=8.5000000000000018 52.000000000000007 4.4000000000000012 6.1500000000000012 3.6411500000000006 2.2214 10852.777777777779 19.850000000000005 3305.5555555555561 122.50000000000001 4.2500000000000009 87.750000000000014 3501.3888888888891 2.9500000000000006
decision_type=2 2 2 2 2 2 2 2 2 2 2 2 2 2
left_child=-1 2 -2 -4 5 -3 7 8 -6 -9 13 -11 -13 -10
right_child=1 4 3 -5 6 -7 -8 9 10 11 -12 12 -14 -15
leaf_value=36.24947271365351 -0.50822909205334443 -10.401417621384319 -84.842864484878987 -6.9379534474785816 -52.419613502984035 52.345586573800382 -40.413410274024585 27.135759761251769 -4.7932957984206768 16.553502637920189 -20.387556257585238 -13.937605762857647 1.9162989719837111 8.9501504086185619
leaf_weight=52 40 35 31 32 30 30 34 32 52 30 31 76 229 49
leaf_count=52 40 35 31 32 30 30 34 32 52 30 31 76 229 49
internal_value=-3.10965 -5.91406 -27.9506 -45.3459 -2.2959 18.5946 -4.71065 -2.40874 -12.4748 2.03676 -3.3636 -0.368121 -2.03744 1.87652
internal_weight=783 731 103 63 628 65 563 529 162 367 132 335 305 101
internal_count=783 731 103 63 628 65 563 529 162 367 132 335 305 101
is_linear=0
shrinkage=0.05


Tree=138
num_leaves=20
num_cat=0
split_feature=27 4 1 1 27 24 27 27 2 24 17 26 24 20 28 24 26 2 27
split_gain=1.58157e+07 5.14062e+07 2.98316e+07 4.71576e+07 6.15273e+07 4.48125e+07 2.57537e+07 8.3605e+06 7.36839e+06 4.07856e+06 7.82085e+06 1.83088e+06 1.97969e+06 1.1533e+06 633802 562840 759768 408321 309762
threshold=0.85206963063867758 1006.85 0.6000000000000002 0.056250000000000008 0.17552986495352002 15720.833333333334 0.93535928755917841 0.56314550935064711 9.9000000000000021 9147.2222222222244 1.0000000180025095e-35 6.3000000000000034 4532.4083333333338 3.4060000000000001 0.83343227155616861 6118.0555555555557 7.7499999999999991 15.950000000000001 -0.35769492645306972
decision_type=2 2 2 2 2 2 2 2 2 2 2 2 2 2 2 2 2 2 2
left_child=2 -2 3 4 -1 -5 -3 -6 -8 11 -11 14 -13 -14 17 18 -17 -4 -15
right_child=1 6 9 5 7 -7 8 -9 -10 10 -12 12 13 15 -16 16 -18 -19 -20
leaf_value=38.600715254960384 66.683127519083172 26.253781133240171 -1.8962300880154985 -21.200273086148751 -55.478108565118227 -101.60787011840415 -39.520319757433583 -18.090702155737386 -7.0631208702467809 25.030680923506168 -7.2955438412208213 -16.392839234374289 -9.7113652497860397 -7.2828248008136276 9.1675109790409106 8.4040467880096923 -1.2761746100949398 4.0067737665931444 -0.46690559141888877
leaf_weight=49 33 43 59 41 30 30 34 30 36 43 33 30 45 36 30 30 62 58 31
leaf_count=49 33 43 59 41 30 30 34 30 36 43 33 30 45 36 30 30 62 58 31
internal_value=-2.95476 11.8831 -6.35693 -23.5917 -2.92508 -55.2705 -4.1652 -36.8457 -22.862 0.435051 11.0031 -1.67533 -4.42179 -2.65415 2.69659 -0.651945 1.88606 1.03093 -4.13466
internal_weight=783 146 637 180 109 71 113 60 70 457 76 381 234 204 147 159 92 117 67
internal_count=783 146 637 180 109 71 113 60 70 457 76 381 234 204 147 159 92 117 67
is_linear=0
shrinkage=0.05


Tree=139
num_leaves=15
num_cat=0
split_feature=0 7 1 14 14 14 24 6 27 24 3 14 24 8
split_gain=3.42132e+07 2.39972e+08 2.96953e+07 8.2462e+07 3.48759e+07 2.21385e+07 3.87749e+06 2.95998e+06 3.3999e+06 2.34891e+06 1.50796e+06 832146 1.00588e+06 884571
threshold=14.500000000000002 21.750000000000004 0.13392857142857142 96.500000000000014 150.50000000000003 199.50000000000003 9861.1111111111131 4.5500000000000007 0.42888796625999276 3953.702777777778 42.95000000000001 74.500000000000014 5006.9444444444453 2.1500000000000008
decision_type=2 2 2 2 2 2 2 2 2 2 2 2 2 2
left_child=1 -1 3 -2 -5 -6 7 9 -9 -4 -11 13 -13 -12
right_child=2 -3 6 4 5 -7 -8 8 -10 10 11 12 -14 -15
leaf_value=135.04474903246097 -88.121441041600065 -58.68445247974563 -13.898909955959383 38.382749706279498 -49.593893464656645 3.0340382757209543 11.59345464525863 -2.425986237122542 -23.834969226800361 -9.4746157939832578 1.0670412410389294 -5.2034479849312083 1.8937626884453271 12.738948689243033
leaf_weight=30 39 34 30 34 38 42 58 46 31 34 34 63 239 31
leaf_count=30 39 34 30 34 38 42 58 46 31 34 34 63 239 31
internal_value=-2.80772 32.195 -5.92745 -25.4637 -3.96961 -21.9949 -0.642888 -2.04197 -11.065 -0.427762 0.583256 1.51739 0.41197 6.64474
internal_weight=783 64 719 153 114 80 566 508 77 431 401 367 302 65
internal_count=783 64 719 153 114 80 566 508 77 431 401 367 302 65
is_linear=0
shrinkage=0.05


Tree=140
num_leaves=17
num_cat=0
split_feature=24 0 1 3 0 26 7 24 3 5 25 21 25 24 26 27
split_gain=1.96807e+07 2.42917e+07 8.71245e+07 2.89304e+07 9.00578e+06 2.37397e+07 1.06278e+07 5.32909e+07 5.731e+06 5.17791e+06 9.07336e+06 4.26709e+06 2.95153e+06 2.15256e+06 1.7434e+06 1.25811e+06
threshold=17036.111111111113 52.600000000000009 0.13392857142857142 39.900000000000006 462.00000000000006 10.350000000000003 23.350000000000005 3625.0000000000005 59.550000000000004 22.625000000000004 24.248895000000001 0.66842193587054255 27.358840000000004 9618.0555555555566 9.9500000000000028 0.66161011071130948
decision_type=2 2 2 2 2 2 2 2 2 2 2 2 2 2 2 2
left_child=1 2 -1 -3 6 8 7 -5 -6 -8 -11 -10 -12 14 -9 -13
right_child=-2 3 -4 4 5 -7 9 13 11 10 12 15 -14 -15 -16 -17
leaf_value=85.660022541691532 -42.453772404416199 -42.641559578962386 -23.351080454062952 -75.121686128128417 -20.325335205432978 47.60067912256995 15.617400826275247 0.20983915800800612 18.277956811437065 -24.26332638396546 14.718992115773762 1.9726553933415922 -5.416869859253846 -15.985852093711001 -11.879428563285067 -10.059601920625299
leaf_weight=33 31 47 41 30 30 30 58 152 37 34 46 78 30 33 37 30
leaf_count=33 31 47 41 30 30 30 58 152 37 34 46 78 30 33 37 30
internal_value=-3.48265 -1.85773 25.3119 -4.85295 -2.00487 6.58396 -6.19762 -12.6898 -0.470617 3.54244 -2.83271 3.6484 6.77389 -4.22306 -2.16185 -1.37581
internal_weight=777 746 74 672 625 205 420 252 175 168 110 145 76 222 189 108
internal_count=777 746 74 672 625 205 420 252 175 168 110 145 76 222 189 108
is_linear=0
shrinkage=0.05


Tree=141
num_leaves=18
num_cat=0
split_feature=24 0 1 3 0 26 5 24 6 24 9 6 20 8 24 24 21
split_gain=1.77679e+07 2.19309e+07 7.86538e+07 2.61151e+07 8.13057e+06 2.14328e+07 9.06817e+06 2.87676e+07 8.16785e+06 1.67916e+07 7.46429e+06 3.72065e+06 3.02734e+06 5.08026e+06 3.15853e+06 2.2325e+06 280764
threshold=17036.111111111113 52.600000000000009 0.13392857142857142 39.900000000000006 462.00000000000006 10.350000000000003 18.350000000000005 4078.702777777778 3.6500000000000008 3680.5555555555561 1.0000000180025095e-35 4.5500000000000007 16.003000000000004 21.950000000000003 4768.5194444444451 9618.0555555555566 0.82554347826086982
decision_type=2 2 2 2 2 2 2 2 2 2 2 2 2 2 2 2 2
left_child=1 2 -1 -3 6 8 7 -5 9 -6 -10 15 -8 -14 -15 -9 -11
right_child=-2 3 -4 4 5 -7 12 11 10 16 -12 -13 13 14 -16 -17 -18
leaf_value=81.389960456686808 -40.337910260264898 -40.514009330328356 -22.186367065541067 -56.47328027594498 -40.390436873325086 45.228551901396727 11.824165044670139 0.74269194069227573 32.0416428332313 6.8082598190069934 -2.9055765923196479 -19.485543797210134 -13.039320671537864 19.189371533904758 -1.7310197505612597 -14.368250720762333 0.85934420776001097
leaf_weight=33 31 47 41 32 30 30 57 130 30 32 31 38 58 30 45 30 52
leaf_count=33 31 47 41 32 30 30 57 130 30 32 31 38 58 30 45 30 52
internal_value=-3.30908 -1.76514 24.0505 -4.6111 -1.90514 6.25568 -5.88896 -12.5643 -0.447374 -8.34728 14.3058 -5.44301 2.19412 -1.93879 6.65148 -2.09778 3.13106
internal_weight=777 746 74 672 625 205 420 230 175 114 61 198 190 133 75 160 84
internal_count=777 746 74 672 625 205 420 230 175 114 61 198 190 133 75 160 84
is_linear=0
shrinkage=0.05


Tree=142
num_leaves=19
num_cat=0
split_feature=29 0 0 3 3 8 24 0 14 7 24 24 24 3 3 23 3 3
split_gain=2.9084e+07 1.07358e+08 5.04256e+07 2.60698e+07 1.83763e+07 1.71781e+07 1.67429e+07 9.31488e+06 2.54969e+07 4.54555e+06 9.75028e+06 4.1431e+06 1.87528e+06 1.44018e+06 1.3065e+06 822083 861665 1.17722e+06
threshold=0.6078576107927941 14.500000000000002 60.350000000000009 39.650000000000006 51.70000000000001 4.5500000000000007 3305.5555555555561 151.40000000000003 199.50000000000003 19.700000000000006 1.0000000180025095e-35 4618.0555555555566 4784.7222222222235 64.15000000000002 82.850000000000009 -0.68301270189221952 53.20000000000001 73.700000000000003
decision_type=2 2 2 2 2 2 2 2 2 2 2 2 2 2 2 2 2 2
left_child=1 -1 -2 -3 5 -5 -4 8 -6 11 -11 -9 -8 -13 -12 -14 -17 -18
right_child=2 3 6 4 7 -7 12 9 -10 10 14 13 15 -15 -16 16 17 -19
leaf_value=90.862708224846884 -63.560534003838875 -45.048662664522936 -35.576600736394489 53.262935610546236 -51.289949273665457 1.0282275156672267 10.396422006614982 -22.541148623596396 3.9273847787966347 28.174162318822368 -2.5900650234573224 6.8081047818871303 4.2268012818447884 -6.1970452702309862 9.1649167235111459 2.0486257218882398 -13.881480216851452 -0.99841509172993315
leaf_weight=33 47 33 40 30 34 33 36 30 54 39 110 35 35 54 30 33 37 34
leaf_count=33 47 33 40 30 34 33 36 30 54 39 110 35 35 54 30 33 37 34
internal_value=-3.14397 3.75598 -16.7031 -2.22536 0.931332 25.947 -6.43507 -3.15718 -17.4405 1.06514 6.09887 -6.50533 0.242331 -1.0807 -0.0663609 -2.39305 -4.62286 -7.72228
internal_weight=777 515 262 482 449 63 215 386 88 298 179 119 175 89 140 139 104 71
internal_count=777 515 262 482 449 63 215 386 88 298 179 119 175 89 140 139 104 71
is_linear=0
shrinkage=0.05


Tree=143
num_leaves=17
num_cat=0
split_feature=27 26 1 11 21 14 2 24 17 26 0 4 24 14 24 24
split_gain=1.83653e+07 2.29829e+07 1.80145e+07 3.76036e+07 2.78043e+07 2.74568e+07 2.73118e+07 3.78192e+06 5.60664e+06 2.29979e+06 934222 976138 2.7997e+06 1.41708e+06 627784 516433
threshold=0.95236875646279973 8.3500000000000032 0.6000000000000002 2.5000000000000004 0.79238505747126442 172.50000000000003 12.800000000000002 9006.2500000000018 1.0000000180025095e-35 10.450000000000005 81.40000000000002 1014.5500000000001 4810.186111111112 137.50000000000003 5300.9250000000011 6009.2583333333341
decision_type=2 2 2 2 2 2 2 2 2 2 2 2 2 2 2 2
left_child=2 -2 3 4 5 -1 -5 9 -9 10 -4 13 -13 -12 -15 -14
right_child=1 -3 7 6 -6 -7 -8 8 -10 -11 11 12 15 14 -16 -17
leaf_value=-51.68130986278009 -11.770127962103226 44.928247116976848 -9.2427202414890068 32.864315731887643 -76.513995775239565 13.301161479949952 -21.614153041562023 20.055362589150487 -5.7061084613645816 -12.930452730397509 -9.2371993423157299 16.457580668427223 -6.0278124461486469 -4.0899899308216368 1.9810849794326615 2.327810722116924
leaf_weight=34 31 42 33 44 34 31 48 49 37 47 55 30 35 65 123 39
leaf_count=34 31 42 33 44 34 31 48 49 37 47 55 30 35 65 123 39
internal_value=-2.98698 20.8676 -5.46315 -18.5668 -39.9374 -20.7168 4.44811 -0.581726 8.97813 -2.50879 -1.21672 -0.450986 3.60052 -2.18575 -0.118989 -1.62691
internal_weight=777 73 704 191 99 65 92 513 86 427 380 347 104 243 188 74
internal_count=777 73 704 191 99 65 92 513 86 427 380 347 104 243 188 74
is_linear=0
shrinkage=0.05


Tree=144
num_leaves=17
num_cat=0
split_feature=29 0 1 7 8 4 20 9 1 2 24 26 8 2 14 22
split_gain=2.53194e+07 9.78628e+07 5.9956e+07 1.35687e+07 4.42891e+07 1.62442e+07 9.3212e+06 8.42226e+06 9.80845e+06 1.73652e+07 7.29924e+06 3.98952e+06 1.1438e+06 1.44672e+06 1.09918e+06 767743
threshold=0.6078576107927941 14.500000000000002 0.10555555555555557 9.6500000000000004 2.3500000000000001 1022.85 5.6454000000000004 15.300000000000002 0.095454545454545472 13.450000000000001 10694.444444444447 6.9000000000000012 2.6000000000000005 9.2500000000000018 149.50000000000003 -0.6830127018922193
decision_type=2 2 2 2 2 2 2 2 2 2 2 2 2 2 2 2
left_child=1 -1 -2 5 -5 -3 -6 8 9 -8 12 -10 -4 -14 -15 -16
right_child=2 3 10 4 6 -7 7 -9 11 -11 -12 -13 13 14 15 -17
leaf_value=86.765266692746451 -65.931069852061682 -44.463067440723812 -8.3823575856678847 59.695869760101417 -24.377118657209351 4.7115934566801965 47.332643202214541 -22.232720236522159 5.5824060108779543 -6.4014938249342466 -26.132648370570486 -7.526436750043044 9.4939687884476864 -9.5474957063744625 -4.4253068024137887 5.8868249763406304
leaf_weight=33 48 38 35 30 46 30 30 39 99 30 32 140 42 30 30 45
leaf_count=33 48 38 35 30 46 30 30 39 99 30 32 140 42 30 30 45
internal_value=-2.83812 3.59979 -15.4894 -2.11092 1.29085 -22.7932 -3.28638 -0.409669 2.44328 20.4995 -4.1498 -2.09633 -0.272434 1.66285 -1.4756 1.76151
internal_weight=777 515 262 482 414 68 384 338 299 60 214 239 182 147 105 75
internal_count=777 515 262 482 414 68 384 338 299 60 214 239 182 147 105 75
is_linear=0
shrinkage=0.05


Tree=145
num_leaves=13
num_cat=0
split_feature=3 1 0 20 25 0 26 26 28 20 21 25
split_gain=5.7408e+07 1.86273e+07 5.5526e+07 2.38856e+07 3.38846e+07 2.29947e+07 4.07378e+06 2.25575e+06 1.45296e+06 1.31228e+06 1.57349e+06 1.39395e+06
threshold=38.95000000000001 0.6000000000000002 467.65000000000003 8.7561000000000018 20.654282500000004 61.45000000000001 11.050000000000002 9.7500000000000018 0.96897393274411392 5.6454000000000004 0.6240183709606022 3.8891100000000001
decision_type=2 2 2 2 2 2 2 2 2 2 2 2
left_child=-1 2 3 -2 -5 -3 7 8 9 11 -11 -7
right_child=1 5 -4 4 -6 6 -8 -9 -10 10 -12 -13
leaf_value=53.902609332175942 -67.020456225151889 43.766824268329181 34.242538953767856 10.209496752451569 -45.335890159672594 -0.29702085181328147 -14.562226800409659 11.416090393626293 -9.9315218084697783 -5.3059636873549749 2.1776047619646364 14.37995982971626
leaf_weight=49 34 32 43 52 58 30 43 51 32 102 225 35
leaf_count=49 34 32 43 52 58 30 43 51 32 102 225 35
internal_value=1.55331 -1.93401 -15.5619 -30.4476 -19.0926 2.70146 0.156639 1.49188 0.295742 1.13295 -0.157613 7.61584
internal_weight=786 737 187 144 110 550 518 475 424 392 327 65
internal_count=786 737 187 144 110 550 518 475 424 392 327 65
is_linear=0
shrinkage=0.05


Tree=146
num_leaves=11
num_cat=0
split_feature=3 14 0 3 6 3 0 27 1 29
split_gain=5.18218e+07 1.82238e+07 2.22202e+07 2.07118e+07 1.35804e+07 1.29113e+07 6.63377e+06 6.12569e+06 1.03049e+07 6.48504e+06
threshold=38.95000000000001 19.000000000000004 42.000000000000007 57.850000000000001 5.8500000000000005 46.000000000000007 854.15000000000009 0.89391031859722891 0.18333333333333332 1.0000000180025095e-35
decision_type=2 2 2 2 2 2 2 2 2 2
left_child=-1 -2 3 -3 5 -4 7 8 -7 -9
right_child=1 2 4 -5 -6 6 -8 9 -10 -11
leaf_value=51.212969086223609 36.265444192220997 -60.977348128664147 -30.21611121370411 -8.654072937340187 29.947814914779446 -22.486880083415951 15.859878224801278 25.629275629499297 -0.97541145788681316 -3.5544542808232347
leaf_weight=49 30 30 38 51 35 66 58 38 353 38
leaf_count=49 30 30 38 51 35 66 58 38 353 38
internal_value=1.47582 -1.83749 -3.45921 -28.0844 -0.268897 -2.06315 -0.123469 -1.9991 -4.36842 11.0518
internal_weight=786 737 707 81 626 591 553 495 419 76
internal_count=786 737 707 81 626 591 553 495 419 76
is_linear=0
shrinkage=0.05


Tree=147
num_leaves=18
num_cat=0
split_feature=3 6 3 1 25 0 1 7 24 24 4 2 2 0 28 21 21
split_gain=4.67791e+07 1.50213e+07 1.92373e+07 3.48578e+07 1.00001e+07 2.01566e+07 1.85427e+07 6.99491e+06 1.65932e+07 3.89698e+06 3.1592e+06 3.63291e+06 3.43161e+06 1.76939e+06 1.65352e+06 1.17164e+06 360652
threshold=38.95000000000001 5.7500000000000009 51.45000000000001 0.6000000000000002 21.006589999999999 31.000000000000004 0.6000000000000002 19.350000000000005 2835.1861111111116 7787.0361111111115 1011.4500000000002 7.2000000000000002 5.4500000000000011 193.45000000000002 0.1159303052754759 0.6240183709606022 0.91923217666618939
decision_type=2 2 2 2 2 2 2 2 2 2 2 2 2 2 2 2 2
left_child=-1 2 3 -2 5 -4 -6 10 -9 15 12 -12 -7 -5 -10 -8 -17
right_child=1 -3 4 13 6 7 9 8 14 -11 11 -13 -14 -15 -16 16 -18
leaf_value=48.65753605836764 -59.887146754336179 26.896565968807778 43.730412753678593 7.9056770769346176 -33.095316703646795 -2.3175073813815854 -10.866676288980351 41.864003057271894 5.112434618108086 16.297814534193652 -9.2932423673103699 7.1374218028272471 -25.670422522966248 -8.4730527589803408 -8.8041296598054117 1.1869390425250923 -5.0907587170555875
leaf_weight=49 40 43 31 31 56 33 39 32 60 30 59 78 30 35 33 74 33
leaf_count=49 40 43 31 31 56 33 39 32 60 30 59 78 30 35 33 74 33
internal_value=1.40223 -1.74574 -3.52404 -23.1198 0.0118547 5.2752 -8.06343 1.59483 10.8687 -0.0844393 -4.20386 0.0597886 -13.4611 -0.779616 0.170093 -3.45954 -0.752072
internal_weight=786 737 694 106 588 356 232 325 125 176 200 137 63 66 93 146 107
internal_count=786 737 694 106 588 356 232 325 125 176 200 137 63 66 93 146 107
is_linear=0
shrinkage=0.05


Tree=148
num_leaves=12
num_cat=0
split_feature=3 14 0 24 6 3 0 27 24 2 3
split_gain=4.2227e+07 1.65489e+07 1.9762e+07 2.44877e+07 1.10925e+07 1.10727e+07 5.89594e+06 5.72438e+06 6.5976e+06 6.40437e+06 4.34688e+06
threshold=38.95000000000001 19.000000000000004 42.000000000000007 9940.7416666666668 5.8500000000000005 46.000000000000007 840.9000000000002 0.89391031859722891 3091.1111111111118 11.450000000000001 78.700000000000003
decision_type=2 2 2 2 2 2 2 2 2 2 2
left_child=-1 -2 3 -3 5 -4 7 8 -7 -9 -8
right_child=1 2 4 -5 -6 6 10 9 -10 -11 -12
leaf_value=46.229613442430676 34.651163470943111 -62.191116134035241 -27.888441737117418 -5.3088911651865143 27.113692528705652 -18.114351589839572 28.189493468275106 23.48227062291723 -1.2964535243296202 -5.772001767685226 1.2909890019616415
leaf_weight=49 30 30 38 51 35 70 30 43 347 33 30
leaf_count=49 30 30 38 51 35 70 30 43 347 33 30
internal_value=1.33234 -1.65855 -3.20396 -26.4272 -0.195295 -1.8169 -0.0206381 -1.82273 -4.12328 10.7888 14.7649
internal_weight=786 737 707 81 626 591 553 493 417 76 60
internal_count=786 737 707 81 626 591 553 493 417 76 60
is_linear=0
shrinkage=0.05


Tree=149
num_leaves=13
num_cat=0
split_feature=3 1 0 0 21 26 6 26 26 28 8 20
split_gain=3.81178e+07 1.27348e+07 4.71015e+07 2.14165e+07 2.09687e+07 3.503e+07 3.42724e+07 3.66803e+06 2.08053e+06 1.67411e+06 1.11864e+06 1.61106e+06
threshold=38.95000000000001 0.6000000000000002 467.65000000000003 61.45000000000001 0.62902056224899605 7.4500000000000011 2.9500000000000006 11.050000000000002 9.7500000000000018 0.96897393274411392 23.850000000000005 20.465000000000003
decision_type=2 2 2 2 2 2 2 2 2 2 2 2
left_child=-1 2 4 -3 6 -6 -2 8 9 10 11 -5
right_child=1 3 -4 7 5 -7 -8 -9 -10 -11 -12 -13
leaf_value=43.922839907084857 30.168453479317378 41.88818210961292 33.025604803877478 0.80350285722012993 -85.329974205777589 -16.582718234155287 -41.255688727985728 -14.165339673920739 10.599280663805699 -11.058279575811369 -5.7178703479800843 12.750094085490971
leaf_weight=49 33 32 43 305 31 46 34 43 51 32 56 31
leaf_count=49 33 32 43 305 31 46 34 43 51 32 56 31
internal_value=1.26598 -1.57566 -12.8437 2.25712 -26.5543 -44.335 -6.08403 -0.198735 1.06832 -0.0803151 0.818424 1.9092
internal_weight=786 737 187 550 144 77 67 518 475 424 392 336
internal_count=786 737 187 550 144 77 67 518 475 424 392 336
is_linear=0
shrinkage=0.05


Tree=150
num_leaves=16
num_cat=0
split_feature=6 4 4 29 3 14 3 2 8 4 28 3 14 19 27
split_gain=2.31547e+07 5.36399e+07 1.68344e+07 1.67667e+07 2.32998e+07 1.72881e+07 3.76047e+07 1.39427e+07 1.0883e+07 9.18558e+06 9.38063e+06 6.11347e+06 5.7144e+06 4.77866e+06 2.56326e+06
threshold=5.2500000000000009 1006.6500000000002 1002.7500000000001 0.87837969732492682 76.700000000000003 38.000000000000007 41.70000000000001 23.750000000000004 17.950000000000003 1006.7500000000001 0.76110425866077458 76.450000000000017 127.50000000000001 1.0000000180025095e-35 -0.30490993010465833
decision_type=2 2 2 2 2 2 2 2 2 2 2 2 2 2 2
left_child=2 -2 8 5 12 -4 -7 9 -1 13 -11 -10 -5 -8 -13
right_child=1 -3 3 4 -6 6 7 -9 11 10 -12 14 -14 -15 -16
leaf_value=34.156116665763541 -20.726520920691087 69.351684313575547 20.29123476467359 -28.150916995241797 -64.322675934503238 -52.280228328704837 -10.933130437950251 28.030371529885173 -13.982693910791546 -6.0216046081771424 19.675100430060454 21.816955547087446 0.68767577026253024 -35.882167096440526 1.6541614330446237
leaf_weight=36 32 34 59 30 30 44 46 32 37 227 42 31 40 33 32
leaf_count=36 32 34 59 30 30 44 46 32 37 227 42 31 40 33 32
internal_value=-2.60845 25.712 -5.21132 -8.90646 -27.5313 -5.04548 -8.57508 -3.50204 10.6237 -6.40881 -2.00364 2.12635 -11.6942 -21.3871 11.5945
internal_weight=785 66 719 583 100 483 424 380 136 348 269 100 70 79 63
internal_count=785 66 719 583 100 483 424 380 136 348 269 100 70 79 63
is_linear=0
shrinkage=0.05


Tree=151
num_leaves=18
num_cat=0
split_feature=24 0 7 1 1 15 20 26 0 29 28 7 20 0 26 29 24
split_gain=3.74276e+07 4.00667e+07 1.37952e+07 2.63654e+07 1.03015e+07 1.89909e+07 1.12811e+07 2.54438e+06 1.57859e+06 1.57499e+06 1.06716e+06 1.29828e+06 1.70528e+06 1.03977e+06 1.39914e+06 510751 286761
threshold=13249.107142857147 13.250000000000002 15.050000000000002 0.6000000000000002 0.6000000000000002 1.0000000180025095e-35 19.219000000000001 7.9500000000000011 275.95000000000005 1.0000000180025095e-35 -0.86517904975604198 24.650000000000002 19.588200000000004 384.65000000000003 7.2000000000000028 1.0000000180025095e-35 6087.9638888888894
decision_type=2 2 2 2 2 2 2 2 2 2 2 2 2 2 2 2 2
left_child=1 -1 3 -3 5 6 -4 8 -5 -9 16 13 -13 14 -12 -15 -6
right_child=-2 2 4 7 10 -7 -8 9 -10 -11 11 12 -14 15 -16 -17 -18
leaf_value=-59.170965833462255 38.055673842061935 -56.864395582636327 -22.708537675732764 8.1585009767862342 0.44630117765186983 41.117180630004604 19.901074948738582 -18.690049163586664 -5.5293289437268038 -5.6652484339007394 4.1628332052330963 -13.711453643518141 -0.89979436686084524 -0.63019804526801115 -7.4330622223640335 8.3123958039493502 6.1730656045114891
leaf_weight=33 53 30 32 34 58 43 30 46 55 47 38 58 47 30 82 34 35
leaf_count=33 53 30 32 34 58 43 30 46 55 47 38 58 47 30 82 34 35
internal_value=-2.47826 -5.4179 -2.87209 -13.515 1.76278 15.6254 -2.09206 -6.34218 -0.296926 -12.1208 -2.0507 -3.54959 -7.98307 -1.01663 -3.76058 4.12603 2.6059
internal_weight=785 732 699 212 487 105 62 182 89 93 382 289 105 184 120 64 93
internal_count=785 732 699 212 487 105 62 182 89 93 382 289 105 184 120 64 93
is_linear=0
shrinkage=0.05


Tree=152
num_leaves=19
num_cat=0
split_feature=24 0 26 2 24 26 26 24 26 24 26 3 23 27 0 24 8 27
split_gain=3.37855e+07 3.61719e+07 1.12119e+07 1.45106e+07 4.10256e+07 1.6998e+07 1.11788e+07 2.65097e+07 3.57211e+06 5.69739e+06 3.6382e+06 3.43665e+06 3.36966e+06 2.60116e+06 1.92314e+06 1.54674e+06 884923 554773
threshold=13249.107142857147 13.250000000000002 7.9500000000000011 11.150000000000002 3986.1111111111118 10.350000000000003 7.0000000000000018 4381.9444444444453 5.7500000000000027 3501.3888888888891 5.3000000000000034 55.70000000000001 -0.24999999999999994 0.7206604759859373 235.60000000000005 4381.9444444444453 11.450000000000001 -0.30490993010465833
decision_type=2 2 2 2 2 2 2 2 2 2 2 2 2 2 2 2 2 2
left_child=1 -1 6 4 -4 13 8 -8 10 -10 12 -6 15 14 -5 -3 -11 -18
right_child=-2 2 3 5 11 -7 7 -9 9 16 -12 -13 -14 -15 -16 -17 17 -19
leaf_value=-56.221353349944984 36.156473711183516 15.136372887256535 -73.336769405631131 -13.872819045473854 -16.265898745999927 28.215085236579547 56.546911712342322 -1.2821847024529198 -26.556207407939095 -9.1483798552896367 18.250522384613845 0.94014535019151391 -9.5251338678769866 -21.143572032127494 2.0002747168206869 0.98946326752907687 -2.781659880354832 6.023463782123553
leaf_weight=33 53 30 30 32 59 41 30 58 31 32 32 57 59 33 47 54 44 30
leaf_count=33 53 30 30 32 59 41 30 58 31 32 32 57 59 33 47 54 44 30
internal_value=-2.35476 -5.14771 -2.7288 -10.0514 -21.3215 0.709851 2.74601 18.474 -1.69458 -7.73837 3.03853 -7.81763 -0.375895 -9.37517 -4.43868 6.05398 -2.21515 0.791229
internal_weight=785 732 699 299 146 153 400 88 312 137 175 116 143 112 79 84 106 74
internal_count=785 732 699 299 146 153 400 88 312 137 175 116 143 112 79 84 106 74
is_linear=0
shrinkage=0.05


Tree=153
num_leaves=15
num_cat=0
split_feature=24 0 7 3 7 7 7 7 7 7 0 24 28 21
split_gain=3.04978e+07 3.26556e+07 1.15224e+07 2.27385e+07 9.52323e+06 9.19914e+06 1.39027e+07 6.45887e+06 4.76259e+06 1.59873e+07 3.54824e+06 5.4724e+06 1.3414e+06 955488
threshold=13249.107142857147 13.250000000000002 15.050000000000002 39.900000000000006 16.350000000000005 12.950000000000001 11.200000000000001 8.6000000000000014 19.350000000000005 20.650000000000002 87.750000000000014 3501.3888888888891 0.090251610031040944 1.1512474012474014
decision_type=2 2 2 2 2 2 2 2 2 2 2 2 2 2
left_child=1 -1 3 -3 -4 6 7 13 12 -10 -11 -12 -6 -5
right_child=-2 2 4 5 8 -7 -8 -9 9 10 11 -13 -14 -15
leaf_value=-53.418780030656798 34.352054766926166 -51.087620997206074 28.413621974758016 8.25626143826549 -19.75722963030093 -26.184097730794385 30.200934116326728 -23.339398816148151 34.669123415233805 13.022554249287872 -15.150709289303983 0.61988018082768193 -5.7664293078399407 -3.7018403292362714
leaf_weight=33 53 32 31 31 32 41 31 41 34 39 71 243 37 36
leaf_count=33 53 32 31 31 32 41 31 41 34 39 71 243 37 36
internal_value=-2.23744 -4.89102 -2.59269 -12.3194 1.64319 -5.40274 0.741395 -7.73465 -0.182548 1.97593 -1.18191 -2.94975 -12.2742 1.835
internal_weight=785 732 699 212 487 180 139 108 456 387 353 314 69 67
internal_count=785 732 699 212 487 180 139 108 456 387 353 314 69 67
is_linear=0
shrinkage=0.05


Tree=154
num_leaves=18
num_cat=0
split_feature=24 0 7 1 1 7 3 0 4 6 28 7 20 0 0 29 24
split_gain=2.75298e+07 2.94813e+07 1.04019e+07 2.15965e+07 9.83237e+06 1.70061e+07 1.85731e+06 1.41203e+06 1.39351e+06 1.1848e+06 904794 1.17555e+06 1.52971e+06 887938 1.23863e+06 451704 287096
threshold=13249.107142857147 13.250000000000002 15.050000000000002 0.6000000000000002 0.6000000000000002 24.350000000000005 59.250000000000007 275.95000000000005 1022.85 3.3500000000000001 -0.86517904975604198 24.650000000000002 19.588200000000004 384.65000000000003 205.90000000000003 1.0000000180025095e-35 5541.666666666667
decision_type=2 2 2 2 2 2 2 2 2 2 2 2 2 2 2 2 2
left_child=1 -1 3 -3 5 -4 9 -8 -9 -5 16 13 -13 14 -12 -15 -6
right_child=-2 2 4 6 10 -7 7 8 -10 -11 11 12 -14 15 -16 -17 -18
leaf_value=-50.755910807721932 32.637684642842039 -50.938300551607767 37.423948302542328 -16.247618911210914 -0.80754548962694717 -3.0147750861057934 8.1599733887431771 -12.501584110703579 2.3687768953444377 -4.5686554885519071 0.5522242563350962 -13.188611808947565 -1.0538744626784273 -0.85348288387159177 -9.7756258427975382 7.5555925710459952 4.7522822449989084
leaf_weight=33 53 30 47 44 44 58 32 30 33 43 71 58 47 30 49 34 49
leaf_count=33 53 30 47 44 44 58 32 30 33 43 71 58 47 30 49 34 49
internal_value=-2.12588 -4.64704 -2.46327 -11.705 1.5614 15.1047 -5.21354 -0.377981 -4.72086 -10.4872 -2.1642 -3.54433 -7.76309 -1.13394 -3.66957 3.61858 2.12373
internal_weight=785 732 699 212 487 105 182 95 63 87 382 289 105 184 120 64 93
internal_count=785 732 699 212 487 105 182 95 63 87 382 289 105 184 120 64 93
is_linear=0
shrinkage=0.05


Tree=155
num_leaves=16
num_cat=0
split_feature=20 5 3 0 6 3 0 23 27 25 24 6 6 27 5
split_gain=2.12371e+07 7.8572e+07 2.93532e+07 1.54351e+07 1.45647e+07 1.41978e+07 4.56334e+07 2.67123e+07 7.92926e+06 2.46887e+07 2.02961e+07 8.6157e+06 4.89133e+06 3.46519e+06 2.68669e+06
threshold=4.0277500000000002 5.3500000000000005 46.350000000000001 106.05000000000001 3.2500000000000004 88.450000000000017 13.250000000000002 -0.68301270189221952 0.52339621958889315 16.976950000000006 10816.66666666667 4.1500000000000012 4.2500000000000009 0.90880922144842613 24.125000000000004
decision_type=2 2 2 2 2 2 2 2 2 2 2 2 2 2 2
left_child=1 3 -2 -1 -5 6 -4 -7 10 11 12 13 14 -10 -8
right_child=2 -3 5 4 -6 7 8 -9 9 -11 -12 -13 -14 -15 -16
leaf_value=25.487051733887089 -51.076322612584192 78.57978650265791 -64.791761623902175 -42.106383973034248 0.30274341143347105 -8.2313499543460669 4.0755804648669685 49.493112756142658 -9.919648459333315 38.6192199241572 -45.017233595737196 -27.098949267396591 -19.96064443156078 10.824680925167172 -6.7956576804857001
leaf_weight=33 32 38 30 31 58 45 171 36 31 46 30 31 33 57 85
leaf_count=33 32 38 30 31 58 45 171 36 31 46 30 31 33 57 85
internal_value=-0.353532 15.9 -4.50306 -3.67148 -14.4996 -1.99011 -5.05695 17.4533 -1.34175 7.55392 -5.9439 -4.47682 -1.87366 3.514 0.464726
internal_weight=787 160 627 122 89 595 514 81 484 165 319 119 289 88 256
internal_count=787 160 627 122 89 595 514 81 484 165 319 119 289 88 256
is_linear=0
shrinkage=0.05


Tree=156
num_leaves=18
num_cat=0
split_feature=24 26 24 0 26 24 3 0 24 8 6 6 0 0 21 24 4
split_gain=2.25541e+07 1.23204e+07 4.91797e+07 1.34532e+07 7.8e+06 2.97465e+07 1.18373e+07 1.91321e+07 5.49464e+06 9.86672e+06 4.54608e+06 1.57438e+06 1.5645e+06 1.45758e+06 1.30844e+06 820300 471167
threshold=13377.777777777779 10.250000000000004 4532.4083333333338 16.500000000000004 7.9000000000000004 3091.1111111111118 67.950000000000017 459.70000000000005 3305.5555555555561 20.250000000000004 2.4500000000000006 4.7500000000000009 374.90000000000003 109.7 0.78866123068171057 4564.8138888888898 1013.1500000000002
decision_type=2 2 2 2 2 2 2 2 2 2 2 2 2 2 2 2 2
left_child=1 3 -3 -1 6 -6 7 16 9 -8 -4 15 13 -7 -15 -10 -5
right_child=-2 2 10 4 5 12 8 -9 11 -11 -12 -13 -14 14 -16 -17 -18
leaf_value=-37.08482360594526 32.839390552861779 67.196057912756828 3.8866200928376102 -3.8559575603055798 -51.802637329512848 2.017877220680647 -36.679491836928136 49.132269562122438 8.3141255812087973 1.6980587864193823 -22.159666075529874 -9.26552664287866 4.2285250520952387 -16.078150445267447 -2.9365274297233435 -0.10780895327301304 4.7882649191196593
leaf_weight=31 48 30 32 30 37 39 32 30 35 35 35 42 58 40 36 164 33
leaf_count=31 48 30 32 30 37 39 32 30 35 35 35 42 58 40 36 164 33
internal_value=-0.336286 -2.49529 14.1046 -5.00519 -3.37177 -11.1758 0.716902 16.3406 -4.0044 -16.6588 -9.73232 -0.480897 -2.46194 -5.83704 -9.86528 1.37684 0.672302
internal_weight=787 739 97 642 611 210 401 93 308 67 67 241 173 115 76 199 63
internal_count=787 739 97 642 611 210 401 93 308 67 67 241 173 115 76 199 63
is_linear=0
shrinkage=0.05


Tree=157
num_leaves=19
num_cat=0
split_feature=20 5 3 4 4 1 21 11 8 5 27 27 2 26 21 3 4 27
split_gain=1.87172e+07 7.06278e+07 2.65543e+07 1.29133e+07 3.02695e+07 1.5165e+07 4.03464e+07 2.16913e+07 2.44391e+07 1.23935e+07 2.4954e+07 8.59131e+06 2.50083e+06 1.59762e+06 811520 697180 491538 436341
threshold=4.0277500000000002 5.3500000000000005 46.350000000000001 1015.7500000000001 1017.85 0.6000000000000002 0.86728975703478384 1.5000000000000002 16.850000000000005 2.9500000000000006 0.26781182513105634 0.97505550290239451 15.597000000000003 7.9500000000000011 0.64356805762543479 66.050000000000011 1003.35 -0.55241485047541339
decision_type=2 2 2 2 2 2 2 2 2 2 2 2 2 2 2 2 2 2
left_child=1 9 -2 5 -5 6 7 -4 -9 10 -1 13 -6 14 17 -15 -16 -7
right_child=2 -3 3 4 12 11 -8 8 -10 -11 -12 -13 -14 15 16 -17 -18 -19
leaf_value=-19.661368801370486 -48.512265130218317 74.365967250433499 -32.971934656155604 56.506383817298868 -12.533515002721082 1.0534178711543574 -69.978583551958152 43.898233826509518 -12.210797857995431 -20.898027391484717 41.74072688209327 25.898222299864052 6.8653748093253348 -4.0725702963679664 7.4800865173339846 -13.362908171917462 0.99295739363492075 -6.5098952623436155
leaf_weight=33 32 38 46 30 37 32 30 32 49 56 33 31 30 58 41 31 101 47
leaf_count=33 32 38 46 30 37 32 30 32 49 56 33 31 30 58 41 31 101 47
internal_value=-0.319508 14.9393 -4.21508 -1.82495 14.8558 -5.07635 -17.9299 -5.58948 9.98247 -3.61632 11.0563 0.84506 -3.85008 -1.66778 0.610688 -7.31995 2.86998 -3.44875
internal_weight=787 160 627 595 97 498 157 127 81 122 66 341 67 310 221 89 142 79
internal_count=787 160 627 595 97 498 157 127 81 122 66 341 67 310 221 89 142 79
is_linear=0
shrinkage=0.05


Tree=158
num_leaves=12
num_cat=0
split_feature=24 1 5 0 6 24 6 26 4 14 7
split_gain=2.06654e+07 1.31171e+07 5.51797e+07 3.17771e+07 9.90936e+06 6.05239e+06 5.75175e+06 2.66011e+06 2.42444e+06 1.63128e+06 1.22296e+06
threshold=13377.777777777779 1.0000000180025095e-35 11.450000000000001 16.500000000000004 2.9500000000000006 10319.444444444447 5.6500000000000012 10.950000000000005 1012.0500000000001 70.500000000000014 15.050000000000002
decision_type=2 2 2 2 2 2 2 2 2 2 2
left_child=1 2 -1 -3 -4 6 7 8 10 -10 -5
right_child=-2 3 4 5 -6 -7 -8 -9 9 -11 -12
leaf_value=71.397324835184804 31.452774926580162 -54.743032532719553 10.406458134660516 -10.738613174100331 -20.299067687988284 -24.298105770981962 -22.492902984994785 -11.287716133532648 11.924781780508262 1.9799241275509729 -0.8591684459282446
leaf_weight=30 48 31 51 36 54 31 31 50 61 127 237
leaf_count=30 48 31 51 36 54 31 31 50 61 127 237
internal_value=-0.303418 -2.37005 11.7147 -5.51955 -5.3892 -2.8474 -1.61625 -0.345597 0.843363 5.21136 -2.16543
internal_weight=787 739 135 604 105 573 542 511 461 188 273
internal_count=787 739 135 604 105 573 542 511 461 188 273
is_linear=0
shrinkage=0.05


Tree=159
num_leaves=12
num_cat=0
split_feature=24 1 5 0 2 24 6 26 4 14 5
split_gain=1.86547e+07 1.18428e+07 4.98166e+07 2.86885e+07 1.1082e+07 5.46411e+06 5.1927e+06 2.40123e+06 2.18842e+06 1.47251e+06 1.01149e+06
threshold=13377.777777777779 1.0000000180025095e-35 11.450000000000001 16.500000000000004 11.150000000000002 10319.444444444447 5.6500000000000012 10.950000000000005 1012.0500000000001 70.500000000000014 10.65
decision_type=2 2 2 2 2 2 2 2 2 2 2
left_child=1 2 -1 -3 -4 6 7 8 10 -10 -5
right_child=-2 3 4 5 -6 -7 -8 -9 9 -11 -12
leaf_value=67.839316818642857 29.883405457811893 -52.014682443808901 -23.140100060400187 -9.7321607506178793 9.4967320112271079 -23.087107176029413 -21.371874121454368 -10.724456804027101 11.329518663044256 1.8810058378779353 -0.85048267956458634
leaf_weight=30 48 31 47 37 58 31 31 50 61 127 236
leaf_count=30 48 31 47 37 58 31 31 50 61 127 236
internal_value=-0.288359 -2.25188 11.1312 -5.24449 -5.12021 -2.70552 -1.53573 -0.328405 0.801219 4.95117 -2.05737
internal_weight=787 739 135 604 105 573 542 511 461 188 273
internal_count=787 739 135 604 105 573 542 511 461 188 273
is_linear=0
shrinkage=0.05


Tree=160
num_leaves=15
num_cat=0
split_feature=1 8 1 26 11 21 6 26 8 28 5 8 14 25
split_gain=4.25033e+07 9.85151e+07 3.91772e+07 3.2221e+07 3.03555e+07 6.81168e+06 6.09154e+06 3.51048e+06 3.19069e+06 5.4075e+06 2.97281e+06 2.95901e+06 2.64449e+06 1.11534e+06
threshold=0.056250000000000008 7.6500000000000012 0.6000000000000002 7.3500000000000014 1.5000000000000002 0.66080292876644342 5.7500000000000009 10.350000000000003 1.7500000000000002 0.94968266440323634 12.000000000000002 4.9500000000000011 88.500000000000014 26.487120000000001
decision_type=2 2 2 2 2 2 2 2 2 2 2 2 2 2
left_child=1 -1 3 -2 -3 -6 7 8 9 -4 -9 -10 -13 -14
right_child=2 4 6 -5 5 -7 -8 10 11 -11 -12 12 13 -15
leaf_value=107.94683685556203 -74.915112128058439 -30.385608956444614 23.955356635490475 -10.780906641685355 42.883433397406549 9.4482497636661957 22.820270795332341 -21.690016085760934 -11.518813603250168 -2.205578768222038 -0.25887744093892245 16.12198710465352 -0.67594609775356007 7.0031923797001143
leaf_weight=30 31 38 41 53 31 30 33 30 46 38 35 30 275 57
leaf_count=30 31 38 41 53 31 30 33 30 46 38 35 30 275 57
internal_value=2.46755 28.7342 -2.60084 -34.5105 4.64556 26.4824 1.98616 0.736724 2.19403 11.3847 -10.1684 0.412102 1.93096 0.644157
internal_weight=798 129 669 84 99 61 585 552 487 79 65 408 362 332
internal_count=798 129 669 84 99 61 585 552 487 79 65 408 362 332
is_linear=0
shrinkage=0.05


Tree=161
num_leaves=16
num_cat=0
split_feature=0 7 20 2 2 20 22 2 21 4 27 3 21 4 7
split_gain=9.64438e+07 1.9711e+07 4.44452e+07 1.35994e+07 3.35989e+07 1.09531e+07 1.37756e+07 5.85513e+06 1.78267e+07 4.99993e+06 6.31035e+06 4.8486e+06 3.77109e+06 5.83129e+06 3.03339e+06
threshold=6.5000000000000009 10.450000000000001 3.6411500000000006 6.1500000000000012 1.4000000000000001 8.6603000000000012 0.68301270189221941 3.3000000000000003 0.83658356201708817 1004.1500000000002 0.40542197401079721 75.200000000000003 0.62902056224899605 1008.1500000000002 15.050000000000002
decision_type=2 2 2 2 2 2 2 2 2 2 2 2 2 2 2
left_child=-1 3 -3 4 -2 7 9 -4 -9 10 11 -7 -11 -14 -10
right_child=1 2 5 -5 -6 6 -8 8 14 12 -12 -13 13 -15 -16
leaf_value=90.140920756900826 -6.5379035162162413 60.011736252449012 2.6167986625080926 0.8727050306918116 -72.017553707257733 -11.462938689189832 30.514165494004978 -48.779020837282488 -15.738858754893551 8.0456190948330946 26.767776702682056 8.7210953721394784 -18.791133338068423 -0.1324895693320248 4.4358431682679491
leaf_weight=30 53 32 49 57 31 43 43 33 34 49 33 96 70 104 41
leaf_count=30 53 32 49 57 31 43 43 33 34 49 33 96 70 104 41
internal_value=2.34466 -1.09617 2.70309 -17.9807 -30.76 -0.388615 3.67315 -11.7153 -18.2143 0.744222 7.14734 2.47333 -4.19548 -7.64535 -4.71873
internal_weight=798 768 627 141 84 595 438 157 108 395 172 139 223 174 75
internal_count=798 768 627 141 84 595 438 157 108 395 172 139 223 174 75
is_linear=0
shrinkage=0.05


Tree=162
num_leaves=17
num_cat=0
split_feature=0 14 1 20 21 24 1 27 21 24 21 3 4 2 14 3
split_gain=8.7071e+07 1.76489e+07 3.85924e+07 1.70484e+07 1.18592e+07 2.09571e+07 1.26676e+07 8.79366e+06 5.86447e+06 9.57023e+06 6.95901e+06 4.15838e+06 2.03667e+06 1.70081e+06 1.31214e+06 1.77824e+06
threshold=6.5000000000000009 62.500000000000007 0.6000000000000002 3.2388500000000007 0.67792972831765952 10625.000000000002 0.13392857142857142 -0.42885619348140602 0.80328537251069865 4236.1111111111122 0.85716367168528429 79.350000000000009 1016.85 15.597000000000003 262.50000000000006 67.200000000000003
decision_type=2 2 2 2 2 2 2 2 2 2 2 2 2 2 2 2
left_child=-1 2 -2 -3 6 8 7 -5 9 -6 -10 14 -4 -12 15 -8
right_child=1 3 12 4 5 -7 11 -9 10 -11 13 -13 -14 -15 -16 -17
leaf_value=85.648842298944928 -66.335694365792719 30.434906411932378 -9.8699857039927501 7.6673060479565196 -36.141138120782735 -45.8092247535224 -8.4950626608213717 43.696084378696874 22.515965733570088 1.1789374094651526 -10.699124717269861 12.884419601990423 4.1798923069593314 0.4622156586318682 -10.790854547416528 6.7094411659673234
leaf_weight=30 31 50 51 32 30 30 34 36 34 40 43 54 52 164 43 44
leaf_count=30 31 50 51 32 30 30 34 36 34 40 43 54 52 164 43 44
internal_value=2.22779 -1.04156 -17.5214 2.44377 0.0424608 -5.9716 8.48095 26.7776 -2.11524 -14.844 1.58653 1.36014 -2.77962 -1.86035 -3.78927 0.0793818
internal_weight=798 768 134 634 584 341 243 68 311 70 241 175 103 207 121 78
internal_count=798 768 134 634 584 341 243 68 311 70 241 175 103 207 121 78
is_linear=0
shrinkage=0.05


Tree=163
num_leaves=15
num_cat=0
split_feature=0 7 1 21 5 24 1 24 14 0 8 24 0 28
split_gain=7.86095e+07 1.76853e+07 1.64569e+07 3.41184e+07 3.3751e+07 1.46442e+07 1.10719e+07 1.96287e+07 5.16464e+06 6.3184e+06 3.68848e+06 1.52188e+06 671227 250913
threshold=6.5000000000000009 10.450000000000001 0.056250000000000008 0.78184016525928213 18.950000000000003 4902.7777777777783 0.18333333333333332 10199.075000000001 329.00000000000006 232.70000000000002 4.9500000000000011 7953.7027777777785 710.25000000000011 0.44436171794418394
decision_type=2 2 2 2 2 2 2 2 2 2 2 2 2 2
left_child=-1 5 3 4 -3 -2 -4 10 9 -7 -8 12 -12 -13
right_child=1 2 6 -5 -6 8 7 -9 -10 -11 11 13 -14 -15
leaf_value=81.380628475556748 -47.28018332508983 -36.625140701721762 -23.466337229106244 65.537806587599434 29.577877455491286 -33.537909074320751 -15.965241570603519 38.998843300602516 7.4351411727079295 -3.9335459879390946 -0.58688804016692331 8.6857138910737639 -6.9426371953152346 2.8293054723279654
leaf_weight=30 31 32 50 30 48 30 40 32 35 45 270 45 49 31
leaf_count=30 31 32 50 30 48 30 40 32 35 45 270 45 49 31
internal_value=2.11657 -0.989863 2.60887 20.1609 3.08394 -16.9833 -1.12878 1.26732 -8.40981 -15.8042 -1.51664 -0.0498098 -1.56505 6.30384
internal_weight=798 768 627 110 80 141 517 467 110 75 435 395 319 76
internal_count=798 768 627 110 80 141 517 467 110 75 435 395 319 76
is_linear=0
shrinkage=0.05


Tree=164
num_leaves=13
num_cat=0
split_feature=0 7 6 7 6 8 24 4 24 1 3 4
split_gain=7.09697e+07 1.59665e+07 1.64659e+07 1.94322e+07 1.59913e+07 1.53786e+07 6.62976e+06 5.96804e+06 2.25337e+07 1.33234e+07 4.92637e+06 1.44795e+06
threshold=6.5000000000000009 10.450000000000001 5.2500000000000009 12.350000000000003 3.3500000000000001 5.0500000000000007 12688.750000000002 1007.0500000000001 3555.5555555555561 0.6000000000000002 53.20000000000001 1015.85
decision_type=2 2 2 2 2 2 2 2 2 2 2 2
left_child=-1 4 3 -3 10 -5 7 9 -9 -7 -2 -6
right_child=1 2 -4 5 11 6 -8 8 -10 -11 -12 -13
leaf_value=77.325114060715578 -48.862731628877384 34.68596422691045 30.910317439587505 -36.988670169158631 8.3463486205699819 24.779222743620327 -22.979718446573148 -44.804237122393133 1.4125635106258132 -0.93848128275982567 -21.512719108602109 -5.8784374059733349
leaf_weight=30 30 38 47 30 30 72 30 30 213 167 37 44
leaf_count=30 30 38 47 30 30 72 30 30 213 167 37 44
internal_value=2.01116 -0.94047 2.47892 0.170054 -16.1368 -2.25582 -0.213861 1.20756 -4.30928 6.81621 -33.8136 -0.108084
internal_weight=798 768 627 580 141 542 512 482 243 239 67 74
internal_count=798 768 627 580 141 542 512 482 243 239 67 74
is_linear=0
shrinkage=0.05


Tree=165
num_leaves=13
num_cat=0
split_feature=1 8 0 0 14 24 24 6 3 24 0 28
split_gain=3.87405e+07 1.09122e+08 5.18509e+07 2.27982e+07 1.56113e+07 1.24202e+07 5.15074e+06 4.78394e+06 2.73752e+06 2.6679e+06 823350 661695
threshold=0.056250000000000008 7.2500000000000009 7.5000000000000009 467.65000000000003 172.50000000000003 12395.238095238097 10465.277777777779 5.7500000000000009 38.95000000000001 8013.8888888888896 710.25000000000011 0.70242338714296659
decision_type=2 2 2 2 2 2 2 2 2 2 2 2
left_child=1 -1 -2 4 -3 6 7 8 -4 10 -10 -11
right_child=2 3 5 -5 -6 -7 -8 -9 9 11 -12 -13
leaf_value=110.76945912307281 -65.525803492996857 -41.048126180148209 -13.244738974095831 37.520283334738188 7.1407706273196556 24.468679707082448 -21.249741171563937 -19.774268173141735 0.84582554067184934 11.685861555119388 -4.883206104679485 3.4162595558667124
leaf_weight=30 31 30 33 31 38 50 31 30 336 67 77 38
leaf_count=30 31 30 33 31 38 50 31 30 336 67 77 38
internal_value=2.2542 27.4017 -2.43021 2.05243 -14.148 0.533862 -1.42527 -0.364023 0.696183 1.58671 -0.22321 8.6992
internal_weight=822 129 693 99 68 662 612 581 551 518 413 105
internal_count=822 129 693 99 68 662 612 581 551 518 413 105
is_linear=0
shrinkage=0.05


Tree=166
num_leaves=14
num_cat=0
split_feature=1 8 0 0 14 24 24 6 24 26 20 7 28
split_gain=3.49757e+07 9.85175e+07 4.68109e+07 2.05825e+07 1.4094e+07 1.12117e+07 4.65005e+06 4.31896e+06 2.49669e+06 2.57293e+06 3.50967e+06 1.41091e+06 1.08035e+06
threshold=0.056250000000000008 7.2500000000000009 7.5000000000000009 467.65000000000003 172.50000000000003 12395.238095238097 10465.277777777779 5.7500000000000009 8629.6305555555573 9.8500000000000032 5.0515500000000015 25.250000000000004 0.65180241000790706
decision_type=2 2 2 2 2 2 2 2 2 2 2 2 2
left_child=1 -1 -2 4 -3 6 7 8 9 11 -11 -4 -10
right_child=2 3 5 -5 -6 -7 -8 -9 12 10 -12 -13 -14
leaf_value=105.24938534961586 -62.260044512488072 -39.002538494731112 3.3324633273957254 35.650302516532484 6.7846689279310972 23.247688105387127 -20.190670584405733 -18.788839822433317 14.361060691446136 -22.301225374544973 -1.1286258718971689 -2.9344043312632309 2.6410832474495205
leaf_weight=30 31 30 244 31 38 50 31 30 42 30 56 142 37
leaf_count=30 31 30 244 31 38 50 31 30 42 30 56 142 37
internal_value=2.14167 26.0361 -2.30931 1.94999 -13.4431 0.507027 -1.35436 -0.34601 0.661355 -0.716188 -8.5318 1.02686 8.8823
internal_weight=822 129 693 99 68 662 612 581 551 472 86 386 79
internal_count=822 129 693 99 68 662 612 581 551 472 86 386 79
is_linear=0
shrinkage=0.05


Tree=167
num_leaves=14
num_cat=0
split_feature=1 5 1 24 24 11 6 20 20 7 24 21 3
split_gain=3.15769e+07 7.68413e+07 4.29696e+07 5.45142e+07 4.36474e+07 1.00106e+07 2.2232e+06 1.84606e+06 3.09614e+06 4.76395e+06 1.77866e+06 1.84868e+06 847150
threshold=0.056250000000000008 12.850000000000003 0.6000000000000002 10972.222222222224 16530.555555555558 1.5000000000000002 5.6500000000000012 1.2850500000000002 4.0277500000000002 9.8500000000000032 5513.8888888888896 0.65528469316596949 52.650000000000006
decision_type=2 2 2 2 2 2 2 2 2 2 2 2 2
left_child=1 -1 4 6 -2 -3 7 -4 9 -9 11 -10 -12
right_child=2 5 3 -5 -6 -7 -8 8 10 -11 12 -13 -14
leaf_value=82.206630723910436 -8.7857537898911566 -22.958453253892973 8.9629937248535878 66.917391446472365 -83.944136620201547 11.71435313505285 -13.825986999347572 0.66430496656362781 -14.878918483645416 -25.962703955767559 9.2629894938869004 -1.1927436523329682 1.6630311847771599
leaf_weight=40 54 33 49 31 30 56 32 38 30 30 44 137 218
leaf_count=40 54 33 49 31 30 56 32 38 30 30 44 137 218
internal_value=2.03474 24.7385 -2.19445 2.43155 -35.696 -1.15314 -1.038 -0.28612 -1.19963 -11.1037 0.372452 -3.6588 2.94243
internal_weight=822 129 693 609 84 89 578 546 497 68 429 167 262
internal_count=822 129 693 609 84 89 578 546 497 68 429 167 262
is_linear=0
shrinkage=0.05


Tree=168
num_leaves=12
num_cat=0
split_feature=1 0 0 2 24 24 6 3 24 26 28
split_gain=2.85052e+07 9.06174e+07 4.02318e+07 3.82835e+07 1.07733e+07 4.90013e+06 3.63005e+06 2.34813e+06 2.14754e+06 1.20642e+06 531128
threshold=0.056250000000000008 134.85000000000005 7.5000000000000009 11.150000000000002 12395.238095238097 10465.277777777779 5.7500000000000009 38.95000000000001 8013.8888888888896 10.650000000000004 0.70242338714296659
decision_type=2 2 2 2 2 2 2 2 2 2 2
left_child=1 -1 -2 -3 5 6 7 -4 9 -9 -10
right_child=2 3 4 -5 -6 -7 -8 8 10 -11 -12
leaf_value=99.47516261762955 -57.663498251997773 -27.954977157508161 -12.251703674915694 34.42496668991123 22.817368937966354 -20.635057279764649 -17.171888433659195 0.84129018044021153 10.541633973995728 -7.5827463710630258 3.1323741807712349
leaf_weight=30 31 54 33 45 50 31 30 365 67 48 38
leaf_count=30 31 54 33 45 50 31 30 365 67 48 38
internal_value=1.93306 23.5043 -2.08517 0.405618 0.525754 -1.29888 -0.26379 0.659736 1.4845 -0.139361 7.86577
internal_weight=822 129 693 99 662 612 581 551 518 413 105
internal_count=822 129 693 99 662 612 581 551 518 413 105
is_linear=0
shrinkage=0.05


Tree=169
num_leaves=16
num_cat=0
split_feature=1 0 1 24 24 14 28 6 10 20 20 5 24 21 3
split_gain=2.57359e+07 8.18104e+07 3.77483e+07 4.90973e+07 3.99852e+07 2.54038e+07 2.80829e+07 1.85698e+06 3.26932e+06 1.70639e+06 2.92994e+06 3.6546e+06 1.26041e+06 1.21363e+06 736078
threshold=0.056250000000000008 134.85000000000005 0.6000000000000002 10972.222222222224 16530.555555555558 108.50000000000001 -0.83352489619613901 4.7500000000000009 4.5000000000000009 1.1439000000000001 4.0277500000000002 5.0500000000000007 5326.3888888888896 0.72553695385871797 52.650000000000006
decision_type=2 2 2 2 2 2 2 2 2 2 2 2 2 2 2
left_child=1 -1 4 7 -2 -3 -7 9 -9 -4 11 -11 13 -12 -14
right_child=2 5 3 -5 -6 6 -8 8 -10 10 12 -13 14 -15 -16
leaf_value=94.517932727725011 -7.6267375332590834 -36.197115720469633 10.46931408344896 63.552498033039058 -79.561060614601729 -16.97250135366556 47.867069432477876 -20.342220425828597 0.85059218553919136 1.7301400242894411 -11.198426575814523 -22.154962697274016 8.7880230359749998 -0.27486595706148942 1.7221873749658194
leaf_weight=30 54 32 37 31 30 31 36 32 42 31 34 33 44 100 225
leaf_count=30 54 32 37 31 30 31 36 32 42 31 34 33 44 100 225
internal_value=1.83658 22.3332 -1.98147 2.35436 -33.3817 0.385661 17.886 -0.938315 -8.32888 0.148235 -0.67155 -10.6009 0.907543 -3.05284 2.88079
internal_weight=822 129 693 609 84 99 67 578 74 504 467 64 403 134 269
internal_count=822 129 693 609 84 99 67 578 74 504 467 64 403 134 269
is_linear=0
shrinkage=0.05


Tree=170
num_leaves=17
num_cat=0
split_feature=14 1 24 0 2 24 20 0 24 0 26 29 4 24 14 2
split_gain=3.85467e+07 1.81841e+07 4.14063e+07 3.2964e+07 4.62208e+07 2.72339e+07 2.62138e+07 1.46756e+07 1.4597e+06 1.23452e+06 1.20477e+06 1.10312e+06 931961 2.94071e+06 1.6406e+06 512903
threshold=17.000000000000004 0.6000000000000002 16530.555555555558 87.750000000000014 12.800000000000002 10750.000000000002 7.6016000000000004 239.25000000000003 8601.8527777777799 74.250000000000014 10.050000000000002 1.0000000180025095e-35 1014.7500000000001 5041.666666666667 137.50000000000003 15.597000000000003
decision_type=2 2 2 2 2 2 2 2 2 2 2 2 2 2 2 2
left_child=-1 2 3 4 -2 8 -5 -8 9 -3 12 -12 14 -14 -11 -10
right_child=1 5 -4 6 -6 -7 7 -9 15 10 11 -13 13 -15 -16 -17
leaf_value=49.47322479892636 66.758572407972778 -12.308857653861821 -70.269924288017805 -63.573059896931696 -16.152688112033633 46.001514408670118 -36.205816437477289 8.1398634399755903 0.49496935662140146 -9.2761158931085301 -13.393322779272523 -0.76150921824660711 13.969649229739373 -3.1458838031473175 0.093224922684680619 8.6252748687944045
leaf_weight=36 30 30 30 30 38 32 30 49 36 63 39 31 40 67 180 42
leaf_count=36 30 30 30 30 38 32 30 49 36 63 39 31 40 67 180 42
internal_value=-1.01912 -3.39519 -16.054 -6.83039 20.4701 1.28609 -23.865 -8.72469 -1.43212 -2.52679 -1.82529 -7.80837 -0.626775 3.25947 -2.33866 4.87833
internal_weight=803 767 207 177 68 560 109 79 528 450 420 70 350 107 243 78
internal_count=803 767 207 177 68 560 109 79 528 450 420 70 350 107 243 78
is_linear=0
shrinkage=0.05


Tree=171
num_leaves=16
num_cat=0
split_feature=28 1 24 24 0 26 3 0 6 26 7 8 7 24 8
split_gain=2.6499e+07 2.46245e+07 6.37487e+07 4.49589e+07 3.7807e+07 5.52309e+07 2.71061e+07 1.38971e+07 2.81449e+06 3.03442e+06 1.32784e+06 2.88245e+06 1.19636e+06 1.30682e+06 436052
threshold=0.97308229207007257 0.6000000000000002 16231.250000000002 10852.777777777779 87.750000000000014 8.1500000000000039 60.70000000000001 300.00000000000006 4.7500000000000009 6.1500000000000021 10.350000000000003 4.2500000000000009 25.250000000000004 4865.7416666666677 6.3500000000000005
decision_type=2 2 2 2 2 2 2 2 2 2 2 2 2 2 2
left_child=1 2 4 8 5 -1 -6 -8 10 -10 -3 -12 14 -14 -13
right_child=-2 3 -4 -5 6 -7 7 -9 9 -11 11 12 13 -15 -16
leaf_value=-19.682992354026638 32.173944267062154 7.0545147836107489 -85.428155148781812 61.513560656138829 -58.474612510611067 73.268817189365535 -32.498430940241512 11.779833493155282 -0.72505652789037112 -22.012800879790404 -15.85068397015036 8.2502883049340721 -11.317655570616298 -0.45280837934570073 1.7465450168714995
leaf_weight=34 56 59 30 30 38 30 30 43 35 32 30 30 37 109 180
leaf_count=34 56 59 30 30 38 30 30 43 35 32 30 30 37 109 180
internal_value=-0.968364 -3.45691 -18.2134 2.12674 -6.64862 23.9344 -24.2878 -6.43621 -1.36428 -10.9101 0.0750646 -0.99328 0.262834 -3.21212 2.67916
internal_weight=803 747 205 542 175 64 111 73 512 67 445 386 356 146 210
internal_count=803 747 205 542 175 64 111 73 512 67 445 386 356 146 210
is_linear=0
shrinkage=0.05


Tree=172
num_leaves=17
num_cat=0
split_feature=14 1 24 24 8 14 6 3 6 26 24 6 24 21 14 25
split_gain=3.30851e+07 1.44706e+07 3.28522e+07 2.16675e+07 1.64324e+07 2.10902e+07 1.57352e+07 1.3969e+07 2.48622e+06 3.26266e+06 1.03942e+06 756540 1.40873e+06 968934 582965 1.61237e+06
threshold=17.000000000000004 0.6000000000000002 16530.555555555558 10750.000000000002 21.450000000000003 83.500000000000014 3.7500000000000004 67.200000000000003 4.7500000000000009 6.2500000000000009 9177.0833333333339 2.6500000000000008 4618.0555555555566 1.1334380032206122 60.000000000000007 8.5293600000000023
decision_type=2 2 2 2 2 2 2 2 2 2 2 2 2 2 2 2
left_child=-1 2 4 8 5 -2 7 -7 10 -10 11 12 -3 -14 -13 -16
right_child=1 3 -4 -5 -6 6 -8 -9 9 -11 -12 14 13 -15 15 -17
leaf_value=45.858433594531959 23.328767242768951 -11.438713848323298 -62.706234317918955 40.939241109830199 26.808238350156802 -28.634240760725532 -52.816413544271597 13.031446893054369 -0.83726952636610008 -22.204813678778251 7.6922341955570204 7.0739316334411972 -2.981529306580434 7.1417064055255866 -10.375616697483125 2.0118348946978819
leaf_weight=36 31 40 30 32 31 49 32 34 42 31 40 35 110 30 31 169
leaf_count=36 31 40 30 32 31 49 32 34 42 31 40 35 110 30 31 169
internal_value=-0.920262 -3.12157 -14.4141 1.05446 -6.19822 -13.22 -23.0841 -11.5712 -1.37008 -9.92919 0.00500935 -0.737591 -3.17598 -0.80868 1.13064 0.0875292
internal_weight=803 767 207 560 177 146 115 83 528 73 455 415 180 140 235 200
internal_count=803 767 207 560 177 146 115 83 528 73 455 415 180 140 235 200
is_linear=0
shrinkage=0.05


Tree=173
num_leaves=16
num_cat=0
split_feature=14 1 24 0 26 8 24 0 6 26 24 0 26 8 25
split_gain=2.98992e+07 1.33672e+07 2.93712e+07 2.78634e+07 4.25565e+07 2.38884e+07 1.96063e+07 1.55781e+07 2.21811e+06 2.94555e+06 952373 940590 960005 1.37483e+06 667695
threshold=19.000000000000004 0.6000000000000002 16530.555555555558 87.750000000000014 8.3500000000000032 9.8500000000000032 10750.000000000002 239.25000000000003 4.7500000000000009 6.2500000000000009 9177.0833333333339 88.800000000000011 9.8500000000000032 7.7500000000000009 9.9376450000000016
decision_type=2 2 2 2 2 2 2 2 2 2 2 2 2 2 2
left_child=-1 2 3 4 -2 -5 8 -7 10 -10 11 -3 13 -13 -14
right_child=1 6 -4 5 -6 7 -8 -9 9 -11 -12 12 14 -15 -16
leaf_value=41.771406613225523 -17.269419011272831 -7.3345461361621362 -59.581340026855472 -58.892618865292178 62.044671181927157 -34.297853862970975 38.89865462935974 11.498543623884949 -0.79550544032008519 -21.098142774580378 7.308581695361922 7.5285162659752558 -10.649656819188317 -0.52546150107803247 -1.1476910024075895
leaf_weight=39 37 48 30 31 31 31 32 46 42 31 40 70 30 217 48
leaf_count=39 37 48 30 31 31 31 32 46 42 31 40 70 30 217 48
internal_value=-0.874361 -3.05649 -13.9381 -6.1286 18.9264 -21.9069 0.962514 -6.95947 -1.35233 -9.43431 -0.0481347 -0.762258 0.103801 1.44084 -4.81131
internal_weight=803 764 206 176 68 108 558 77 526 73 453 413 365 287 78
internal_count=803 764 206 176 68 108 558 77 526 73 453 413 365 287 78
is_linear=0
shrinkage=0.05


Tree=174
num_leaves=18
num_cat=0
split_feature=24 22 0 3 0 1 2 1 0 24 24 0 27 22 28 16 26
split_gain=2.61817e+07 7.86181e+07 1.14792e+07 1.85237e+07 6.37339e+06 1.14708e+07 2.66188e+06 1.26743e+07 6.34851e+06 4.24133e+06 2.48718e+06 2.33725e+06 2.22791e+06 2.13268e+06 1.05865e+06 709270 647807
threshold=12395.238095238097 -0.24999999999999994 52.600000000000009 38.95000000000001 210.20000000000002 0.18333333333333332 8.0500000000000025 0.6000000000000002 761.50000000000011 4381.9444444444453 9618.0555555555566 601.30000000000007 0.52339621958889315 0.68301270189221941 -0.073092422389869308 1.0000000180025095e-35 8.1500000000000039
decision_type=2 2 2 2 2 2 2 2 2 2 2 2 2 2 2 2 2
left_child=2 -2 -1 -4 5 -5 7 -6 11 -10 14 13 -9 -8 15 -7 -16
right_child=1 -3 3 4 6 10 8 12 9 -11 -12 -13 -14 -15 16 -17 -18
leaf_value=18.814871020146459 -21.84647822498945 85.727859888994061 -36.661688587589872 -33.128859610015446 34.883561328241598 -11.702047605232286 2.3566522981088602 -9.5348429222068862 -29.256435578889025 -3.8683106191477545 -17.048032146228064 14.838812615229836 4.9126144024881091 -11.681850966225937 7.5399605434106549 -1.4749147758589558 -1.5496156373291652
leaf_weight=53 36 32 44 43 30 32 148 50 31 35 32 30 57 33 33 36 48
leaf_count=53 36 32 44 43 30 32 148 50 31 35 32 30 57 33 33 36 48
internal_value=-0.830909 28.8282 -3.57844 -5.32119 -3.15436 -9.94625 0.521978 6.22035 -2.29756 -15.8193 -4.4235 1.93747 -1.84109 -0.207863 -1.70254 -6.29787 2.15821
internal_weight=803 68 735 682 638 224 414 137 277 66 181 211 107 181 149 68 81
internal_count=803 68 735 682 638 224 414 137 277 66 181 211 107 181 149 68 81
is_linear=0
shrinkage=0.05


Tree=175
num_leaves=17
num_cat=0
split_feature=24 26 24 0 14 1 0 6 6 21 28 4 8 14 4 9
split_gain=1.04281e+08 2.03281e+07 5.70281e+07 1.47366e+07 9.95165e+06 3.44838e+07 6.72739e+06 5.11268e+06 2.74834e+06 5.91174e+06 3.38223e+06 3.85439e+06 2.35928e+06 2.09261e+06 1.31413e+06 970971
threshold=16231.250000000002 10.350000000000003 4506.9444444444453 8.5000000000000018 120.50000000000001 0.13392857142857142 58.400000000000006 4.8500000000000005 3.4500000000000006 0.60947802612131652 -0.9574497222574998 1007.9500000000002 6.0500000000000007 27.000000000000004 1011.85 0.95000000000000007
decision_type=2 2 2 2 2 2 2 2 2 2 2 2 2 2 2 2
left_child=1 3 -3 -1 5 -5 -6 13 10 -10 -8 -12 -4 -7 -15 -11
right_child=-2 2 12 4 6 7 8 -9 9 15 11 -13 -14 14 -16 -17
leaf_value=-39.379963032668613 84.837510595559422 76.411952263334669 -17.08960580255502 -58.656339794170123 22.254009696868252 -10.410106125981862 -16.062710545811484 -21.601417363111612 20.497722917403621 -7.3279409989682982 4.5003863738391976 -8.4792186519090702 1.9964330113511481 -2.4751310271938354 9.1299304608299021 2.9376831180504848
leaf_weight=30 36 30 30 34 33 31 48 31 41 47 124 106 35 41 60 45
leaf_count=30 36 30 30 34 33 31 48 31 41 47 124 106 35 41 60 45
internal_value=1.79136 -2.12215 19.5129 -5.18769 -3.58153 -12.9313 0.56889 -3.36347 -1.17723 4.73178 -4.0049 -1.48258 -6.82515 0.932753 4.42113 -2.30892
internal_weight=802 766 95 671 641 197 444 163 411 133 278 230 65 132 101 92
internal_count=802 766 95 671 641 197 444 163 411 133 278 230 65 132 101 92
is_linear=0
shrinkage=0.05


Tree=176
num_leaves=14
num_cat=0
split_feature=0 7 20 11 2 3 28 1 9 5 3 11 9
split_gain=5.79836e+07 1.13112e+07 3.24783e+07 9.61329e+06 1.31413e+07 7.48164e+06 7.02432e+06 4.97444e+06 1.07258e+07 4.29199e+06 2.54974e+06 3.85845e+06 3.43089e+06
threshold=14.500000000000002 10.450000000000001 4.0277500000000002 3.5000000000000004 5.6500000000000012 47.20000000000001 -0.9668120007078248 0.056250000000000008 1.0000000180025095e-35 23.625000000000004 79.350000000000009 1.5000000000000002 0.75000000000000011
decision_type=2 2 2 2 2 2 2 2 2 2 2 2 2
left_child=-1 3 -3 4 -2 -4 9 8 -8 -7 12 -12 -9
right_child=1 2 5 -5 -6 6 7 10 -10 -11 11 -13 -14
leaf_value=49.808931692454991 -42.355951674415763 46.880027039097286 -26.285045720255653 3.6907355856740298 -4.5331235347150942 -3.007030273653637 30.858849776831647 -0.5150414055073278 -7.2985903697978713 -28.698049047418234 18.485925029769657 -0.76970207416764436 -14.071386630482685
leaf_weight=58 48 36 30 46 44 32 40 222 34 33 38 82 59
leaf_count=58 48 36 30 46 44 32 40 222 34 33 38 82 59
internal_value=1.70205 -2.0544 0.888306 -14.9681 -24.2914 -2.02414 -0.671684 1.43897 13.3408 -16.0743 -0.760143 5.33819 -3.3654
internal_weight=802 744 606 138 92 570 540 475 74 65 401 120 281
internal_count=802 744 606 138 92 570 540 475 74 65 401 120 281
is_linear=0
shrinkage=0.05


Tree=177
num_leaves=15
num_cat=0
split_feature=24 26 24 3 24 27 0 1 2 21 15 0 20 2
split_gain=9.30819e+07 1.77649e+07 5.05042e+07 2.04979e+07 7.38675e+06 4.68416e+06 2.17678e+07 5.82563e+06 4.14072e+06 1.25172e+07 4.54561e+06 2.33857e+06 1.95413e+06 1.36088e+06
threshold=16530.555555555558 10.250000000000004 4506.9444444444453 39.900000000000006 11402.777777777779 0.17552986495352002 112.00000000000001 0.13392857142857142 4.7500000000000009 0.72224123767798465 1.0000000180025095e-35 81.40000000000002 5.221750000000001 11.65
decision_type=2 2 2 2 2 2 2 2 2 2 2 2 2 2
left_child=1 3 -3 -1 5 7 -7 -5 10 -10 -8 -9 -4 -13
right_child=-2 2 12 4 -6 6 8 11 9 -11 -12 13 -14 -15
leaf_value=-37.828488895303813 82.450740778411244 71.824226186758651 -15.197891450618242 14.936059901069601 20.803947802867473 -43.779516368275239 -25.921515504495844 -15.118179403651844 30.72496723954464 -5.3945396362725813 -0.77352359714157626 -7.2893236962280916 1.8012251897642235 1.0927452905213617
leaf_weight=44 34 30 31 55 32 38 34 34 30 118 38 66 37 181
leaf_count=44 34 30 31 55 32 38 34 34 30 118 38 66 37 181
internal_value=1.61708 -1.97175 17.9009 -4.88075 -2.55925 -3.82117 -8.88678 0.0699609 -2.84268 1.94275 -12.6685 -2.84403 -5.95924 -1.14902
internal_weight=802 768 98 670 626 594 258 336 220 148 72 281 68 247
internal_count=802 768 98 670 626 594 258 336 220 148 72 281 68 247
is_linear=0
shrinkage=0.05


Tree=178
num_leaves=16
num_cat=0
split_feature=24 26 24 3 24 9 0 4 18 7 3 28 21 9 11
split_gain=8.40319e+07 1.6038e+07 4.55959e+07 1.85038e+07 6.66864e+06 5.77633e+06 2.2101e+07 1.05174e+07 5.64816e+06 8.45926e+06 6.0001e+06 3.36938e+06 2.64178e+06 2.23466e+06 1.90269e+06
threshold=16530.555555555558 10.250000000000004 4506.9444444444453 39.900000000000006 11402.777777777779 0.15000000000000005 61.45000000000001 1014.6500000000002 1.0000000180025095e-35 9.3500000000000032 64.950000000000017 -0.60505606964884906 0.74175529691748665 4.5500000000000007 3.5000000000000004
decision_type=2 2 2 2 2 2 2 2 2 2 2 2 2 2 2
left_child=1 3 -3 -1 5 6 -5 11 10 -10 -8 12 -7 -13 -4
right_child=-2 2 14 4 -6 7 8 -9 9 -11 -12 13 -14 -15 -16
leaf_value=-35.941352723028658 78.340289723348761 68.244945190911281 2.4586741107821126 -48.752214853787343 19.76699130096911 12.00011671815215 9.6266125120848098 26.350843044591393 -1.6924245979327204 -36.426123933380232 -6.4983065308699439 -2.4703936057498832 -3.8493879893004554 -17.250124829993723 -14.256917109878401
leaf_weight=44 34 30 35 30 32 53 94 38 42 30 149 63 52 43 33
leaf_count=44 34 30 35 30 32 53 94 38 42 30 149 63 52 43 33
internal_value=1.53668 -1.87323 17.0089 -4.63722 -2.43153 -3.63055 -7.81849 2.17281 -3.90579 -16.1953 -0.259269 -2.19192 4.1546 -8.4766 -5.66225
internal_weight=802 768 98 670 626 594 345 249 315 72 243 211 105 106 68
internal_count=802 768 98 670 626 594 345 249 315 72 243 211 105 106 68
is_linear=0
shrinkage=0.05


Tree=179
num_leaves=14
num_cat=0
split_feature=24 26 24 3 24 9 0 4 10 3 6 1 8
split_gain=7.5862e+07 1.44792e+07 4.11646e+07 1.67036e+07 6.02043e+06 5.2148e+06 1.99532e+07 9.4946e+06 6.88333e+06 5.12563e+06 4.37319e+06 2.21939e+06 1.7235e+06
threshold=16530.555555555558 10.250000000000004 4506.9444444444453 39.900000000000006 11402.777777777779 0.15000000000000005 61.45000000000001 1014.6500000000002 2.5000000000000004 64.950000000000017 5.1500000000000012 0.15476190476190474 6.0500000000000007
decision_type=2 2 2 2 2 2 2 2 2 2 2 2 2
left_child=1 3 -3 -1 5 6 -5 10 -8 -10 11 -7 -4
right_child=-2 2 12 4 -6 7 8 -9 9 -11 -12 -13 -14
leaf_value=-34.148360866970492 74.434766235799032 64.844036505309461 -13.804128531577803 -46.322701638560758 18.781721665331879 11.448896020757573 -20.911741956334012 25.036758186185143 7.5989994521655762 -6.4531890083179322 -19.396024673544709 -2.0132671841824843 2.1254642563183221
leaf_weight=44 34 30 32 30 32 39 49 38 112 154 31 141 36
leaf_count=44 34 30 32 30 32 39 49 38 112 154 31 141 36
internal_value=1.46015 -1.77976 16.1613 -4.406 -2.31035 -3.4496 -7.42878 2.06447 -3.71106 -0.535827 -2.0826 0.908245 -5.38
internal_weight=802 768 98 670 626 594 345 249 315 266 211 180 68
internal_count=802 768 98 670 626 594 345 249 315 266 211 180 68
is_linear=0
shrinkage=0.05


Tree=180
num_leaves=17
num_cat=0
split_feature=24 25 20 24 4 20 24 20 7 28 14 24 25 2 24 21
split_gain=2.57363e+07 1.7738e+07 2.09521e+07 1.63884e+07 9.61966e+06 1.19755e+07 1.59482e+07 4.86536e+06 4.8032e+06 3.97526e+06 3.5636e+06 8.32082e+06 2.21958e+06 1.95519e+06 1.55912e+06 688599
threshold=13249.107142857147 8.0226450000000025 5.221750000000001 4381.9444444444453 1017.5500000000001 10.226250000000002 3625.0000000000005 8.6070000000000011 20.150000000000002 0.95989713290459389 172.50000000000003 3625.0000000000005 21.006589999999999 1.0000000180025095e-35 6620.3694444444454 0.86759836384885092
decision_type=2 2 2 2 2 2 2 2 2 2 2 2 2 2 2 2
left_child=1 3 -3 -1 5 6 -4 15 -7 13 11 -10 -12 -5 -15 -8
right_child=-2 2 4 9 -6 8 7 -9 10 -11 12 -13 -14 14 -16 -17
leaf_value=-52.237438448085349 32.155971921260111 40.285237952957914 -48.556420382042795 -15.946908412027199 18.748886106874245 18.148556184069502 4.3101054374098453 -22.517436901603162 -29.893926739188483 -23.48906791380843 13.762691624213524 0.67256553199322744 -0.16830125126981388 -8.0795833624783331 7.7609593676570245 -5.3898631342890519
leaf_weight=30 51 30 31 30 48 34 37 38 33 46 34 68 177 32 30 36
leaf_count=30 51 30 31 30 48 34 37 38 33 46 34 68 177 32 30 36
internal_value=-2.15434 -4.54237 -0.306644 -18.804 -2.58568 -4.68758 -16.9085 -8.03405 0.33135 -11.5033 -1.61545 -9.33415 2.08194 -5.49133 -0.414569 -0.474202
internal_weight=785 734 566 168 536 488 142 111 346 138 312 101 211 92 62 73
internal_count=785 734 566 168 536 488 142 111 346 138 312 101 211 92 62 73
is_linear=0
shrinkage=0.05


Tree=181
num_leaves=12
num_cat=0
split_feature=14 25 14 8 8 0 3 28 5 7 28
split_gain=2.39677e+07 1.59829e+07 1.66546e+07 2.08153e+07 2.61219e+07 2.62858e+07 1.82901e+07 6.24176e+06 9.79672e+06 5.12148e+06 2.27492e+06
threshold=17.000000000000004 3.8891100000000001 337.00000000000006 5.0500000000000007 6.4500000000000011 9.5000000000000018 55.350000000000001 -0.9668120007078248 16.250000000000004 4.8500000000000005 -0.99049576193482802
decision_type=2 2 2 2 2 2 2 2 2 2 2
left_child=-1 9 3 6 -5 -6 -3 10 -9 -2 -7
right_child=1 2 -4 4 5 7 -8 8 -10 -11 -12
leaf_value=38.951521782878558 -9.9470262318945402 -56.895926410758243 31.582266915075667 40.361031188347916 -48.415859904241728 -5.7689248793378134 -4.9709454103189827 -9.1279025018341908 6.8299270054076366 -36.388812513837792 -25.091339907614497
leaf_weight=34 31 32 36 37 30 31 36 141 302 45 30
leaf_count=34 31 32 36 37 30 31 36 141 302 45 30
internal_value=-2.04708 -3.90815 -1.45891 -3.32505 -0.20875 -3.0268 -29.454 -0.315997 1.74987 -25.6307 -15.2973
internal_weight=785 751 675 639 571 534 68 504 443 76 61
internal_count=785 751 675 639 571 534 68 504 443 76 61
is_linear=0
shrinkage=0.05


Tree=182
num_leaves=13
num_cat=0
split_feature=14 26 6 26 3 14 3 21 26 5 28 10
split_gain=2.16378e+07 1.91184e+07 1.81707e+07 3.9804e+07 1.17111e+07 9.86518e+06 9.86782e+06 7.41882e+06 7.77678e+06 5.51081e+06 3.68795e+06 770384
threshold=17.000000000000004 11.050000000000002 4.8500000000000005 6.5500000000000007 39.650000000000006 333.00000000000006 53.20000000000001 1.0572801945668138 7.9500000000000011 16.050000000000004 0.25118075958286756 6.5000000000000009
decision_type=2 2 2 2 2 2 2 2 2 2 2 2
left_child=-1 2 4 11 -2 6 10 9 -9 -8 -6 -4
right_child=1 -3 3 -5 5 -7 7 8 -10 -11 -12 -13
leaf_value=37.0096571714123 -30.621369841568487 -31.010010716394728 -9.6240771401364142 66.480793529016239 -10.416836441394894 19.509501286959704 -16.363213119800143 -0.85317950068979198 31.977105001912168 -1.7216879543924766 -34.67101556714568 1.6928470410381835
leaf_weight=34 40 59 30 30 30 46 82 45 30 296 33 30
leaf_count=34 40 59 30 30 30 46 82 45 30 296 33 30
internal_value=-1.94522 -3.71353 -1.38207 19.5598 -4.51566 -2.65248 -4.63157 -2.05073 12.304 -4.90139 -23.1563 -3.97213
internal_weight=785 751 692 90 602 562 516 453 75 378 63 60
internal_count=785 751 692 90 602 562 516 453 75 378 63 60
is_linear=0
shrinkage=0.05


Tree=183
num_leaves=15
num_cat=0
split_feature=24 8 1 8 0 5 8 4 3 7 0 27 7 7
split_gain=2.36559e+07 2.28182e+07 8.39106e+07 5.03239e+07 9.77054e+06 4.7129e+06 9.21544e+06 4.80227e+06 2.43966e+06 1.97691e+06 2.27614e+06 1.78903e+06 1.26884e+06 1.22424e+06
threshold=13249.107142857147 4.9500000000000011 0.6000000000000002 6.4500000000000011 48.050000000000004 16.250000000000004 14.450000000000001 1008.85 90.450000000000017 10.950000000000001 265.85000000000008 0.92093717412624365 24.250000000000004 6.2500000000000009
decision_type=2 2 2 2 2 2 2 2 2 2 2 2 2 2
left_child=1 2 -1 -3 -5 7 -7 -6 12 10 -4 -9 -8 -12
right_child=-2 3 9 4 5 6 8 11 -10 -11 13 -13 -14 -15
leaf_value=-92.868007740721907 31.046495675014189 50.340787752317524 7.5819932787093025 -30.389849924818378 -23.470602949810694 24.489060316999442 7.1994802334158097 -8.9700355861355217 -14.65126141937351 -14.117589760913468 -13.845696250572082 4.8653312746521156 -1.7085046845832463 -0.11823860627115648
leaf_weight=32 51 47 49 32 43 38 49 58 32 35 31 39 215 34
leaf_count=32 51 47 49 32 43 38 49 58 32 35 31 39 215 34
internal_value=-1.84783 -4.13733 -19.5415 0.907145 -3.69355 -1.88522 1.34306 -9.5825 -1.63563 -3.74171 -0.546514 -3.40803 -0.0530098 -6.67647
internal_weight=785 734 181 553 506 474 334 140 296 149 114 97 264 65
internal_count=785 734 181 553 506 474 334 140 296 149 114 97 264 65
is_linear=0
shrinkage=0.05


Tree=184
num_leaves=16
num_cat=0
split_feature=14 26 6 27 1 27 7 30 6 8 25 0 21 6 6
split_gain=2.02968e+07 1.73198e+07 1.61169e+07 3.81857e+07 1.73599e+07 2.74236e+07 1.8814e+07 1.80767e+07 1.28732e+07 3.55509e+06 1.7881e+06 1.5949e+06 1.68266e+06 683149 497273
threshold=17.000000000000004 11.050000000000002 4.8500000000000005 0.78829775591774609 0.6000000000000002 -0.183996647784403 16.350000000000005 -0.22252093395631442 2.6500000000000008 1.6500000000000001 27.787870000000002 346.00000000000006 0.7018276515151517 2.2500000000000004 5.6500000000000012
decision_type=2 2 2 2 2 2 2 2 2 2 2 2 2 2 2
left_child=-1 2 4 14 5 8 -7 -8 -2 -6 11 12 -11 -13 -4
right_child=1 -3 3 -5 9 6 7 -9 -10 10 -12 13 -14 -15 -16
leaf_value=35.972512464579253 -14.297398044907045 -29.449399912942283 -0.018226472087872782 64.43083177357417 13.114631253910595 -63.929897887825625 -42.454353333020151 7.6790507006155782 30.48628661253742 -8.9438659855948153 10.700033816815909 -3.4144894652352655 -0.069046161900026048 4.8026382733375659 -9.114670886391421
leaf_weight=34 32 59 30 30 54 34 38 34 32 102 32 34 112 98 30
leaf_count=34 32 59 30 30 54 34 38 34 32 102 32 34 112 98 30
internal_value=-1.75591 -3.46856 -1.24949 18.4734 -4.20069 -17.7308 -33.3239 -18.8024 8.10699 1.12651 -0.589085 -1.63597 -4.30133 2.68508 -4.57413
internal_weight=785 751 692 90 602 170 106 72 64 432 378 346 214 132 60
internal_count=785 751 692 90 602 170 106 72 64 432 378 346 214 132 60
is_linear=0
shrinkage=0.05


Tree=185
num_leaves=16
num_cat=0
split_feature=20 24 0 20 24 7 7 24 9 6 14 25 7 28 0
split_gain=2.24853e+07 5.58872e+07 2.98043e+07 2.36835e+07 9.95631e+06 7.29013e+06 2.31365e+07 1.40491e+07 3.08044e+06 2.59489e+06 2.43394e+06 2.66596e+06 1.92644e+06 1.56713e+06 2.51007e+06
threshold=4.0277500000000002 4381.9444444444453 8.5000000000000018 5.1491000000000016 9240.7416666666668 19.350000000000005 21.050000000000004 3791.6666666666674 26.200000000000006 4.3500000000000005 143.50000000000003 20.654282500000004 16.450000000000003 0.95493138204271821 282.60000000000008
decision_type=2 2 2 2 2 2 2 2 2 2 2 2 2 2 2
left_child=1 -1 -2 -4 13 7 -7 -5 10 12 -8 -12 -9 14 -3
right_child=2 4 3 5 -6 6 8 9 -10 -11 11 -13 -14 -15 -16
leaf_value=76.797594814047073 -51.779299356281939 6.7622251724528368 -43.419418757821809 -40.49553797078687 22.773118826848631 34.079810263694135 -11.101969425532282 10.278298006034536 -16.93021760889858 -14.14038412504107 10.481330268208211 -1.1614145526920998 -5.0315738506270726 -16.729677652469402 -13.338034142529052
leaf_weight=30 33 32 34 30 38 52 44 41 30 32 64 211 41 31 30
leaf_count=30 33 32 34 30 38 52 44 41 30 32 64 211 41 31 30
internal_value=-1.25998 15.3604 -5.63414 -2.99561 1.24295 -0.466247 2.99933 -10.1123 -1.64 -2.08822 -0.197174 1.55098 2.6265 -7.56928 -2.96944
internal_weight=773 161 612 579 131 545 401 144 349 114 319 275 82 93 62
internal_count=773 161 612 579 131 545 401 144 349 114 319 275 82 93 62
is_linear=0
shrinkage=0.05


Tree=186
num_leaves=17
num_cat=0
split_feature=3 3 27 27 2 1 0 14 0 4 26 26 0 6 9 8
split_gain=2.54707e+07 1.4377e+07 1.47224e+07 2.76066e+07 1.72192e+07 1.42471e+07 2.30143e+07 4.59126e+07 6.81222e+06 4.99614e+06 2.77095e+06 1.75063e+06 1.96668e+06 1.1081e+06 957531 986383
threshold=36.600000000000001 41.70000000000001 0.86958133671945947 0.98930504265984687 6.6000000000000005 0.6000000000000002 126.90000000000002 241.50000000000003 69.550000000000026 1003.7500000000001 8.0500000000000025 9.4500000000000046 259.50000000000006 2.4500000000000006 12.800000000000002 20.600000000000005
decision_type=2 2 2 2 2 2 2 2 2 2 2 2 2 2 2 2
left_child=-1 -2 5 4 -4 6 7 -3 -7 -8 14 12 -12 -13 15 -10
right_child=1 2 3 -5 -6 8 9 -9 10 -11 11 13 -14 -15 -16 -17
leaf_value=37.103767054388413 -35.048324895953854 -72.573035086588732 0.056559758170498568 -22.75529310153081 47.608850448374099 22.504250270425285 13.182960650020426 4.3230624402328877 2.0357826512386308 -13.494134691308105 -22.236365913840579 4.2891240475114847 -5.6449434685890019 -8.5543665635981938 7.326031320312727 -4.9852135285753967
leaf_weight=41 34 42 30 35 52 30 42 36 136 30 33 34 39 33 47 79
leaf_count=41 34 42 30 35 52 30 42 36 136 30 33 34 39 33 47 79
internal_value=-1.19732 -3.34739 -1.79841 14.3759 30.233 -5.05745 -18.324 -37.1224 -0.437144 2.06414 -2.15865 -7.86223 -13.2697 -2.04002 0.869118 -0.54512
internal_weight=773 732 698 117 82 581 150 78 431 72 401 139 72 67 262 215
internal_count=773 732 698 117 82 581 150 78 431 72 401 139 72 67 262 215
is_linear=0
shrinkage=0.05


Tree=187
num_leaves=10
num_cat=0
split_feature=3 24 0 3 28 20 22 18 0
split_gain=2.29934e+07 1.42e+07 2.14036e+07 1.49878e+07 1.10647e+07 6.83414e+06 1.35923e+07 3.19749e+06 2.38089e+06
threshold=36.600000000000001 13377.777777777779 16.500000000000004 42.95000000000001 0.96457844552971306 4.0277500000000002 0.68301270189221941 1.0000000180025095e-35 462.00000000000006
decision_type=2 2 2 2 2 2 2 2 2
left_child=-1 2 -2 -4 5 6 -5 8 -7
right_child=1 -3 3 4 -6 7 -8 -9 -10
leaf_value=35.253091754588482 -45.494322124248157 23.998443094325438 -34.360409528462839 -6.5453878034312396 -28.081857176071392 -2.7825198550462655 40.243296869411026 -16.225478879028053 4.7044033037716959
leaf_weight=41 31 45 36 32 36 332 30 34 156
leaf_count=41 31 45 36 32 36 332 30 34 156
internal_value=-1.13776 -3.18059 -4.96412 -3.04217 -1.21843 0.442048 16.1226 -1.42311 -0.388675
internal_weight=773 732 687 656 620 584 62 522 488
internal_count=773 732 687 656 620 584 62 522 488
is_linear=0
shrinkage=0.05


Tree=188
num_leaves=15
num_cat=0
split_feature=24 0 0 2 1 3 0 24 30 24 24 24 27 0
split_gain=2.10349e+07 1.39137e+07 1.01654e+07 1.0005e+07 2.00796e+07 1.59951e+07 1.11033e+07 1.35698e+07 9.43587e+06 1.18775e+07 2.8535e+06 1.21558e+06 740062 532498
threshold=13992.361111111113 13.250000000000002 52.600000000000009 11.150000000000002 0.11805555555555557 42.250000000000007 160.65000000000001 6458.3333333333339 -0.56174490092936669 3847.2222222222222 9819.4444444444471 6180.5555555555557 0.69636977696931246 177.65000000000003
decision_type=2 2 2 2 2 2 2 2 2 2 2 2 2 2
left_child=1 -1 -3 5 -5 -4 7 -7 -8 -10 11 12 -6 -13
right_child=-2 2 3 4 10 6 8 -9 9 -11 -12 13 -14 -15
leaf_value=-34.735058926239475 33.286128388900941 26.384680150636143 -42.122689174976522 32.965978673967335 -1.5316348075521415 -47.967727595231068 -16.454365946519825 -1.8658823189497693 33.413319263849793 -1.0337391018234077 -16.574232803072245 -0.42038421584466584 -9.5743280436523719 5.9262957553253992
leaf_weight=33 42 31 34 47 138 30 56 34 34 94 30 59 36 75
leaf_count=33 42 31 34 47 138 30 56 34 34 94 30 59 36 75
internal_value=-1.08106 -3.05994 -1.55763 -2.86007 2.38085 -10.0136 -5.59627 -23.5173 0.646493 8.13516 -1.88059 -0.444456 -3.20021 3.1336
internal_weight=773 731 698 667 385 282 248 64 184 128 338 308 174 134
internal_count=773 731 698 667 385 282 248 64 184 128 338 308 174 134
is_linear=0
shrinkage=0.05


Tree=189
num_leaves=15
num_cat=0
split_feature=3 1 11 0 8 0 8 3 4 6 24 24 23 14
split_gain=2.19058e+07 1.3315e+07 3.32339e+07 4.40326e+07 4.13891e+07 2.14808e+07 1.33295e+07 2.68749e+06 2.75278e+06 2.74783e+06 1.36445e+06 1.61979e+06 651091 588983
threshold=36.600000000000001 0.6000000000000002 1.0000000180025095e-35 8.5000000000000018 9.8500000000000032 58.400000000000006 16.650000000000002 79.350000000000009 1012.85 5.2500000000000009 9788.8888888888905 4699.0750000000007 -0.68301270189221952 313.00000000000006
decision_type=2 2 2 2 2 2 2 2 2 2 2 2 2 2
left_child=-1 2 -2 -4 -5 -3 -6 9 12 10 11 -7 -9 -13
right_child=1 5 3 4 6 7 -8 8 -10 -11 -12 13 -14 -15
leaf_value=34.492507621783702 30.19055422785695 41.997607295140874 -75.470053160514723 -58.040463138418978 34.540514832556845 -9.1375234164443668 -6.4588188746710031 4.0086278731182565 15.833141212263133 -18.214172999961828 -12.608160840554094 -0.871014045183927 -3.7499437605144843 5.4344362635305874
leaf_weight=41 34 30 33 33 30 56 58 55 38 30 30 207 53 45
leaf_count=41 34 30 33 33 30 56 58 55 38 30 30 207 53 45
internal_value=-1.02727 -3.02121 -14.4885 -24.3659 -10.3776 0.943674 7.54151 -1.46016 4.27786 -3.73722 -2.44726 -1.45378 0.201188 0.256648
internal_weight=773 732 188 154 121 544 88 514 146 368 338 308 108 252
internal_count=773 732 188 154 121 544 88 514 146 368 338 308 108 252
is_linear=0
shrinkage=0.05


Tree=190
num_leaves=16
num_cat=0
split_feature=20 24 24 1 7 1 24 3 29 2 20 2 24 4 28
split_gain=2.08538e+07 9.77331e+07 3.64769e+07 1.25273e+07 3.94081e+07 1.35437e+07 7.0492e+06 4.62306e+06 1.12375e+06 1.77651e+06 976242 882208 628936 611764 420367
threshold=20.971350000000005 13249.107142857147 5616.666666666667 1.0000000180025095e-35 20.850000000000005 0.6000000000000002 10199.075000000001 72.700000000000003 1.0000000180025095e-35 14.250000000000002 14.485150000000003 6.1500000000000012 6208.102777777779 1023.1500000000002 -0.8038981836306559
decision_type=2 2 2 2 2 2 2 2 2 2 2 2 2 2 2
left_child=1 3 -2 4 -1 -5 8 -6 9 11 13 -7 -11 -10 -12
right_child=2 -3 -4 5 7 6 -8 -9 10 12 14 -13 -14 -15 -16
leaf_value=46.684607795517366 3.447933231885953 72.2909339841339 -65.779028477622759 -32.302191396003224 -25.600907447330901 -5.1774021446414471 -25.903753525236517 1.4945814607943411 4.9403400038826915 -3.8443634148921468 0.72001250186235799 -15.079987422293023 3.5382167647630172 -2.8249097746189005 -7.2865040589072372
leaf_weight=50 49 48 31 41 33 82 30 30 138 46 30 31 77 31 36
leaf_count=50 49 48 31 41 33 82 30 30 138 46 30 31 77 31 36
internal_value=0.746357 3.50008 -23.4261 -1.55134 13.5853 -4.70906 -2.44494 -12.7163 -0.945553 -3.38198 1.50162 -7.90502 0.776331 3.51509 -3.65152
internal_weight=783 703 80 655 113 542 501 63 471 236 235 113 123 169 66
internal_count=783 703 80 655 113 542 501 63 471 236 235 113 123 169 66
is_linear=0
shrinkage=0.05


Tree=191
num_leaves=11
num_cat=0
split_feature=20 24 24 6 28 3 3 11 28 5
split_gain=1.88264e+07 8.82242e+07 3.29314e+07 1.14482e+07 1.41373e+07 2.49596e+07 7.26853e+06 2.92467e+06 5.36805e+06 3.71267e+06
threshold=20.971350000000005 13249.107142857147 5616.666666666667 1.7500000000000002 0.95989713290459389 38.95000000000001 46.350000000000001 1.5000000000000002 -0.62538740722492581 17.125000000000004
decision_type=2 2 2 2 2 2 2 2 2 2
left_child=1 3 -2 -1 5 -5 -7 8 -8 -9
right_child=2 -3 -4 4 -6 6 7 9 -10 -11
leaf_value=26.733021893319503 3.2758877778975881 68.683901457082698 -62.500653348781668 39.600976957376645 -26.730657213331313 -22.804884571499297 -20.689263943807333 -4.1009527520004152 -0.97104490017644152 6.619481776584033
leaf_weight=34 49 48 31 36 57 44 50 165 111 158
leaf_count=34 49 48 31 36 57 44 50 165 111 158
internal_value=0.708715 3.32516 -22.2587 -1.47424 -3.02266 -0.622314 -3.3718 -1.6008 -7.10379 1.14351
internal_weight=783 703 80 655 621 564 528 484 161 323
internal_count=783 703 80 655 621 564 528 484 161 323
is_linear=0
shrinkage=0.05


Tree=192
num_leaves=14
num_cat=0
split_feature=0 1 0 14 24 8 7 6 4 8 24 0 4
split_gain=2.41094e+07 1.96209e+08 1.85106e+07 9.59974e+06 4.20935e+07 1.48712e+07 1.2629e+07 1.69383e+07 3.29151e+06 6.78491e+06 4.26401e+06 3.0852e+06 1.06673e+06
threshold=14.500000000000002 0.13392857142857142 48.050000000000004 74.500000000000014 4078.702777777778 2.0500000000000003 15.050000000000002 5.2500000000000009 1007.0500000000001 16.850000000000005 3680.5555555555561 270.30000000000007 1018.6500000000002
decision_type=2 2 2 2 2 2 2 2 2 2 2 2 2
left_child=1 -1 -2 4 -4 -5 -7 8 9 -8 -10 -6 -13
right_child=2 -3 3 5 11 6 7 -9 10 -11 -12 12 -14
leaf_value=114.28011953348118 -37.879372991634604 -62.132945124730718 -63.11952878945894 35.910646629333499 11.694476017186787 -22.756307423313075 21.268305313708584 35.838261021308185 -21.285024443971754 0.11054979632375901 -0.93636263951968779 -11.443897597314461 1.7661582307661097
leaf_weight=33 34 30 31 32 51 51 49 37 30 166 178 31 30
leaf_count=33 34 30 31 32 51 51 49 37 30 166 178 31 30
internal_value=0.673324 30.3085 -1.92359 -0.136261 -11.6574 2.89942 0.825549 3.44445 0.603133 4.94022 -3.88011 2.63019 -4.95481
internal_weight=783 63 720 686 143 543 511 460 423 215 208 112 61
internal_count=783 63 720 686 143 543 511 460 423 215 208 112 61
is_linear=0
shrinkage=0.05


Tree=193
num_leaves=14
num_cat=0
split_feature=20 24 24 1 21 21 1 24 6 26 20 5 20
split_gain=1.74584e+07 7.67745e+07 3.06928e+07 1.28105e+07 4.18778e+07 4.48119e+07 1.18753e+07 6.34561e+06 2.78761e+06 5.19551e+06 807127 2.37296e+06 1.96241e+06
threshold=20.839400000000001 13249.107142857147 5784.7222222222235 1.0000000180025095e-35 0.56546004185722054 0.78527720630901521 0.6000000000000002 10199.075000000001 4.7500000000000009 6.2500000000000009 4.0277500000000002 4.4500000000000011 8.8269000000000002
decision_type=2 2 2 2 2 2 2 2 2 2 2 2 2
left_child=1 3 -2 4 -1 -6 -5 8 10 -10 11 -8 -12
right_child=2 -3 -4 6 5 -7 7 -9 9 -11 12 -13 -14
leaf_value=62.410694090228219 1.2823922124350986 64.905250302191249 -61.32082195598818 -30.205670408262826 -38.710647866731335 37.616564270198516 2.4919460098714215 -24.498122659474117 2.2933766211621527 -25.675322520614067 7.6360558474682696 -14.858691829225151 -0.79474195892376731
leaf_weight=32 56 47 30 41 44 34 57 30 37 30 102 30 213
leaf_count=32 56 47 30 41 44 34 57 30 37 30 102 30 213
internal_value=0.639666 3.26314 -20.6017 -1.20335 14.3412 -5.43418 -4.37191 -2.24366 -0.815205 -10.2494 0.759314 -3.50117 1.93677
internal_weight=783 697 86 650 110 78 540 499 469 67 402 87 315
internal_count=783 697 86 650 110 78 540 499 469 67 402 87 315
is_linear=0
shrinkage=0.05


Tree=194
num_leaves=16
num_cat=0
split_feature=0 7 0 14 24 20 20 21 7 28 0 8 27 4 27
split_gain=2.14596e+07 1.78549e+08 1.70982e+07 8.48639e+06 3.84279e+07 2.61799e+07 8.23069e+06 4.65555e+06 7.63726e+06 1.66423e+07 2.79774e+06 2.65068e+06 2.53474e+06 897176 721168
threshold=14.500000000000002 20.150000000000002 42.000000000000007 74.500000000000014 4078.702777777778 3.2388500000000007 5.6454000000000004 0.89469139169166456 21.050000000000004 -0.14153505243942446 270.30000000000007 22.050000000000004 -0.10309787846944686 1018.6500000000002 -0.79356426026969629
decision_type=2 2 2 2 2 2 2 2 2 2 2 2 2 2 2
left_child=1 -1 -2 4 -4 -5 -7 8 9 -8 -6 -10 14 -12 -9
right_child=2 -3 3 5 10 6 7 12 11 -11 13 -13 -14 -15 -16
leaf_value=113.9106226847486 -38.106743764110703 -54.207230134767912 -60.214571677450209 45.733177666793779 11.23864990941699 -20.797954471365397 44.263993466715533 -3.8094836510208978 -2.7159452557929233 -3.1853248986441769 -10.567150364198101 8.3448605123232102 -13.624888741321181 1.5478253810508704 5.2192184781764022
leaf_weight=31 31 32 31 33 51 44 35 57 163 39 31 81 58 30 36
leaf_count=31 31 32 31 33 51 44 35 57 163 39 31 81 58 30 36
internal_value=0.607571 28.5668 -1.84248 -0.205551 -11.0442 2.63463 -0.146153 1.79534 5.22764 19.2863 2.60701 0.957774 -5.43159 -4.6161 -0.312596
internal_weight=783 63 720 689 143 546 513 469 318 74 112 244 151 61 93
internal_count=783 63 720 689 143 546 513 469 318 74 112 244 151 61 93
is_linear=0
shrinkage=0.05


Tree=195
num_leaves=16
num_cat=0
split_feature=0 28 0 1 6 3 26 3 29 24 9 0 3 4 26
split_gain=3.10427e+07 2.35345e+08 1.56252e+07 3.41291e+07 2.19522e+07 2.33612e+07 5.94415e+06 9.79263e+06 3.89452e+06 4.75376e+06 2.75695e+06 2.01006e+06 1.92786e+06 1.05152e+06 1.66493e+06
threshold=14.500000000000002 0.16704543776228151 137.95000000000002 0.10555555555555557 5.2500000000000009 41.70000000000001 10.950000000000005 52.650000000000006 0.87837969732492682 5157.4083333333338 1.9500000000000002 109.7 71.700000000000003 1014.7500000000001 8.5500000000000025
decision_type=2 2 2 2 2 2 2 2 2 2 2 2 2 2 2
left_child=1 -1 3 -2 5 -4 7 -7 12 -10 11 13 -9 14 -5
right_child=2 -3 4 10 -6 6 -8 8 9 -11 -12 -13 -14 -15 -16
leaf_value=-67.634735429643399 -58.595644130869815 124.22014004659792 -39.935795741067658 -2.3041325281228735 34.765866388798756 27.861443624821984 -14.179453511148877 -5.6371339778191727 27.459861839966123 -0.21994698515562253 -18.093193435035271 -12.135051879133703 2.6297352239759597 -4.0083920622646394 14.072362378973082
leaf_weight=30 35 34 35 30 48 40 48 115 30 32 30 33 182 43 32
leaf_count=30 35 34 35 30 48 40 48 115 30 32 30 33 182 43 32
internal_value=0.955873 34.3229 -1.96176 -13.7538 2.55654 -0.657565 2.42614 4.42688 1.80874 13.1961 -4.38238 -1.39079 -0.572044 1.99426 6.15722
internal_weight=797 64 733 203 530 482 447 399 359 62 168 138 297 105 62
internal_count=797 64 733 203 530 482 447 399 359 62 168 138 297 105 62
is_linear=0
shrinkage=0.05


Tree=196
num_leaves=12
num_cat=0
split_feature=0 28 0 26 26 6 6 0 21 24 0
split_gain=2.80237e+07 2.12468e+08 1.44825e+07 1.0879e+07 3.33786e+07 2.61332e+07 1.61406e+07 9.82129e+06 8.30356e+06 1.74889e+07 7.4023e+06
threshold=14.500000000000002 0.16704543776228151 36.650000000000006 11.050000000000002 10.150000000000004 2.4500000000000006 1.8500000000000003 1010.85 0.7018276515151517 3091.1111111111118 137.95000000000002
decision_type=2 2 2 2 2 2 2 2 2 2 2
left_child=1 -1 -2 4 6 -5 -4 8 10 -10 -8
right_child=2 -3 3 5 -6 -7 7 -9 9 -11 -12
leaf_value=-64.264233114553051 -35.826891329438979 118.02734472940392 -33.209797416286008 14.34356803616812 47.603483799525669 -49.172479658588728 -6.1970512480920332 28.149312229248491 -34.291921820508954 -1.0561394822508612 12.461863537373084
leaf_weight=30 30 34 37 30 37 35 80 31 47 248 158
leaf_count=30 30 34 37 30 37 35 80 31 47 248 158
internal_value=0.90813 32.6111 -1.864 -0.409763 1.57671 -19.8803 -1.26433 0.836895 -0.756605 -6.36117 6.18997
internal_weight=797 64 733 703 638 65 601 564 533 295 238
internal_count=797 64 733 703 638 65 601 564 533 295 238
is_linear=0
shrinkage=0.05


Tree=197
num_leaves=12
num_cat=0
split_feature=0 28 24 26 6 26 6 0 25 24 8
split_gain=2.52985e+07 1.91814e+08 1.32237e+07 9.77722e+06 2.30173e+07 1.98176e+07 7.03457e+06 8.67926e+06 5.06553e+06 1.66465e+07 7.15058e+06
threshold=14.500000000000002 0.16704543776228151 10852.777777777779 11.050000000000002 2.4500000000000006 10.250000000000004 1.8500000000000003 1010.85 18.791630000000001 1957.1428571428573 17.150000000000002
decision_type=2 2 2 2 2 2 2 2 2 2 2
left_child=1 -1 3 5 -5 6 -2 8 9 -8 -10
right_child=2 -3 -4 4 -6 -7 7 -9 10 -11 -12
leaf_value=-61.061696794579589 -22.313706859325734 112.14328426685501 -27.999508107475062 13.628772119984674 -45.980230827820606 38.933750866305445 -35.325323673648299 26.746372628616172 26.764572981956224 -0.11230720927674075 1.4722009345509841
leaf_weight=30 34 34 45 30 35 34 39 31 32 237 216
leaf_count=30 34 34 45 30 35 34 39 31 32 237 216
internal_value=0.862701 30.9848 -1.77119 -0.0518488 -18.4896 1.87449 -0.270995 1.08314 -0.439912 -5.09907 4.74523
internal_weight=797 64 733 688 65 623 589 555 524 276 248
internal_count=797 64 733 688 65 623 589 555 524 276 248
is_linear=0
shrinkage=0.05


Tree=198
num_leaves=15
num_cat=0
split_feature=1 8 1 24 24 3 6 6 14 14 20 6 3 24
split_gain=2.35567e+07 9.10506e+07 4.20875e+07 3.72442e+07 1.73816e+07 1.24392e+07 1.33526e+07 2.34608e+06 2.84108e+06 1.25793e+06 2.23175e+06 1.54993e+06 1.0571e+06 580697
threshold=0.056250000000000008 6.7500000000000009 0.6000000000000002 15720.833333333334 10366.269841269843 80.200000000000003 2.9500000000000006 4.7500000000000009 139.50000000000003 74.500000000000014 4.1650500000000008 3.2500000000000004 51.70000000000001 5006.9444444444453
decision_type=2 2 2 2 2 2 2 2 2 2 2 2 2 2
left_child=1 -1 3 -2 7 6 -3 9 -9 11 -11 -4 -12 -14
right_child=2 5 4 -5 -6 -7 -8 8 -10 10 12 -13 13 -15
leaf_value=96.514957602871618 -9.2721833850539586 7.3609744675601947 0.7662067437979414 -77.401691088719673 36.385534283212905 23.091232873737994 -35.9614538323166 -19.285445720079707 0.35683615623864151 -12.801862227448524 9.5831771746325725 13.840455603912432 -3.417915208247793 1.3074074048200164
leaf_weight=30 51 36 56 33 34 33 35 34 40 33 31 38 92 221
leaf_count=30 51 36 56 33 34 33 35 34 40 33 31 38 92 221
internal_value=0.819734 19.9322 -3.04553 -36.0976 1.75498 -2.23041 -14.0156 -0.411725 -8.68178 0.889161 -0.401543 6.06069 0.791382 -0.0821374
internal_weight=797 134 663 84 579 104 71 545 74 471 377 94 344 313
internal_count=797 134 663 84 579 104 71 545 74 471 377 94 344 313
is_linear=0
shrinkage=0.05


Tree=199
num_leaves=18
num_cat=0
split_feature=0 28 14 1 20 24 28 6 1 29 0 20 14 8 24 29 28
split_gain=2.4519e+07 1.69806e+08 1.24479e+07 5.55065e+07 2.18147e+07 1.00665e+07 4.49492e+06 9.93319e+06 5.11443e+06 1.14712e+07 2.96926e+06 2.44942e+06 1.71852e+06 1.12135e+06 494691 486326 313658
threshold=14.500000000000002 0.16704543776228151 72.500000000000014 0.6000000000000002 3.2388500000000007 10852.777777777779 -0.47495107206705001 4.8500000000000005 0.11805555555555557 1.0000000180025095e-35 745.55000000000007 9.3893500000000021 19.000000000000004 0.55000000000000016 5326.3888888888896 1.0000000180025095e-35 -0.7721279831368929
decision_type=2 2 2 2 2 2 2 2 2 2 2 2 2 2 2 2 2
left_child=1 -1 3 -2 -4 6 8 10 9 -6 11 -8 -5 -14 15 -10 -16
right_child=2 -3 4 12 5 -7 7 -9 14 -11 -12 -13 13 -15 16 -17 -18
leaf_value=-56.174638473155895 -74.135881108716362 106.79290285194372 36.57669737321617 -9.2008739696388613 -4.6553635158722804 -28.361767555545796 7.2898320636722147 -30.134460616371712 -6.3514693851824156 37.356000358967485 -14.549520538733384 -3.8295218096948185 11.236194072740098 -0.28589805119392098 5.1459152320882984 1.6195861844014106 -0.51561035865721994
leaf_weight=30 31 34 41 30 31 32 101 32 35 34 32 97 37 49 72 42 37
leaf_count=30 31 34 41 30 31 32 101 32 35 34 32 97 37 49 72 42 37
internal_value=0.778943 30.4333 -1.81404 -14.8182 1.45004 -1.19873 0.500842 -4.07938 5.28153 17.3434 -0.442782 1.84326 1.08414 4.67852 1.05929 -2.00709 3.22536
internal_weight=797 64 733 147 586 545 513 262 251 65 230 198 116 86 186 77 109
internal_count=797 64 733 147 586 545 513 262 251 65 230 198 116 86 186 77 109
is_linear=0
shrinkage=0.05


Tree=200
num_leaves=17
num_cat=0
split_feature=24 28 20 6 24 1 27 2 10 24 24 26 4 27 24 20
split_gain=3.30283e+07 1.05898e+07 8.28931e+06 8.09724e+06 2.53581e+07 1.13251e+07 4.32722e+07 2.43721e+07 2.89502e+06 5.57372e+06 2.46938e+06 1.51604e+06 1.45616e+06 1.41337e+06 1.29703e+06 745259
threshold=18427.500000000004 0.95989713290459389 1.6616500000000001 4.9500000000000011 5041.666666666667 0.10555555555555557 0.7025209685794126 4.8500000000000005 7.5000000000000009 8861.1111111111131 10694.444444444447 8.4500000000000028 1012.7500000000001 -0.57023701209772126 4993.0555555555566 9.2822000000000013
decision_type=2 2 2 2 2 2 2 2 2 2 2 2 2 2 2 2
left_child=1 3 -3 5 -5 6 7 -1 9 11 13 12 -7 15 -13 -10
right_child=-2 2 -4 4 -6 8 -8 -9 10 -11 -12 14 -14 -15 -16 -17
leaf_value=34.477829275897335 49.231824289602486 -38.976342885107059 -5.0415066855294368 49.552982639870379 -9.9852682375313204 1.026320441780199 -59.231601365962234 -24.926046380679775 5.7760613650967159 21.160899470630039 -17.379159708112198 -12.818526616663796 12.841729200714665 -12.246204631906807 -0.57285081713176156 -2.3644444931795845
leaf_weight=36 31 35 37 30 44 123 40 33 37 37 32 31 33 30 71 116
leaf_count=36 31 35 37 30 44 123 40 33 37 37 32 31 33 30 71 116
internal_value=-1.27876 -3.33177 -21.5689 -1.43416 14.1861 -3.30352 -17.9247 6.07225 -0.175685 3.03993 -4.5872 0.433981 3.53239 -2.34206 -4.30353 -0.393306
internal_weight=796 765 72 693 74 619 109 69 510 295 215 258 156 183 102 153
internal_count=796 765 72 693 74 619 109 69 510 295 215 258 156 183 102 153
is_linear=0
shrinkage=0.05


Tree=201
num_leaves=15
num_cat=0
split_feature=24 28 0 26 24 28 5 20 24 6 14 14 7 21
split_gain=2.98179e+07 9.56024e+06 1.29409e+07 4.60835e+07 8.64999e+06 3.98441e+07 1.32878e+07 7.48336e+06 5.17763e+06 2.64193e+06 2.04566e+06 1.92705e+06 1.2646e+06 888996
threshold=18427.500000000004 0.95989713290459389 52.600000000000009 8.3500000000000032 2835.1861111111116 -0.073092422389869308 22.750000000000004 1.6616500000000001 10366.269841269843 4.7500000000000009 147.50000000000003 76.500000000000014 15.15 0.43551232852542904
decision_type=2 2 2 2 2 2 2 2 2 2 2 2 2 2
left_child=1 2 3 -1 5 6 -4 -3 9 11 -11 13 -13 -6
right_child=-2 7 4 -5 8 -7 -8 -9 -10 10 -12 12 -14 -15
leaf_value=-20.126145569890994 46.778145833644075 -37.03307855828875 17.149691452787533 62.781140482537104 2.2427155774505958 -64.341002115329374 -23.599426960870858 -4.7901107042626228 -20.910810075962662 -18.49487641014629 -0.4688546828993137 -9.3541777324063204 1.2280867419073254 13.066097790160635
leaf_weight=35 31 35 53 32 31 31 32 37 30 30 33 31 306 49
leaf_count=35 31 35 53 32 31 31 32 37 30 30 33 31 306 49
internal_value=-1.21488 -3.16557 -1.36256 19.5058 -3.59885 -15.9164 1.79908 -20.4935 -0.794617 0.466729 -9.06846 1.90914 0.252143 8.88014
internal_weight=796 765 693 67 626 116 85 72 510 480 63 417 337 80
internal_count=796 765 693 67 626 116 85 72 510 480 63 417 337 80
is_linear=0
shrinkage=0.05


Tree=202
num_leaves=12
num_cat=0
split_feature=24 28 3 0 0 20 27 6 6 14 4
split_gain=2.692e+07 8.63045e+06 1.65816e+07 2.40851e+07 1.03186e+07 6.75577e+06 6.43698e+06 9.46546e+06 5.86027e+06 4.03654e+06 2.8957e+06
threshold=18427.500000000004 0.95989713290459389 38.95000000000001 9.5000000000000018 52.600000000000009 1.6616500000000001 0.87795195455888941 3.8500000000000001 5.6500000000000012 48.000000000000007 1011.9500000000002
decision_type=2 2 2 2 2 2 2 2 2 2 2
left_child=1 2 -1 -4 -5 -3 8 10 9 -6 -8
right_child=-2 5 3 4 6 -7 7 -9 -10 -11 -12
leaf_value=30.334485303288535 44.446760242621622 -35.186700105531266 -46.127811944599706 27.517989488772777 13.062087372007614 -4.5512505559587089 -14.44620832812752 -36.290580403990468 20.613325942565346 -3.0236355464165166 5.110431604895858
leaf_weight=39 31 35 31 30 43 37 35 32 32 410 41
leaf_count=39 31 35 31 30 43 37 35 32 32 410 41
internal_value=-1.15449 -3.00796 -1.29487 -3.18538 -1.04153 -19.4717 -2.49077 -13.5241 -0.0315795 -1.49418 -3.903
internal_weight=796 765 693 654 623 72 593 108 485 453 76
internal_count=796 765 693 654 623 72 593 108 485 453 76
is_linear=0
shrinkage=0.05


Tree=203
num_leaves=15
num_cat=0
split_feature=0 1 7 3 21 0 14 5 2 3 5 11 0 21
split_gain=2.21525e+07 1.88699e+07 3.29202e+07 1.64774e+07 7.54047e+06 3.84784e+06 2.9816e+06 2.97226e+06 1.04239e+07 1.62364e+06 1.24316e+06 1.74803e+06 2.16321e+06 753815
threshold=8.5000000000000018 0.13392857142857142 15.050000000000002 64.950000000000017 0.71708912823730364 707.55000000000007 339.00000000000006 6.7500000000000009 1.4000000000000001 75.950000000000017 9.4500000000000011 1.5000000000000002 187.40000000000001 0.70736457236457251
decision_type=2 2 2 2 2 2 2 2 2 2 2 2 2 2
left_child=-1 2 -2 -4 -5 6 7 8 -3 -7 -9 12 -12 -13
right_child=1 5 3 4 -6 9 -8 10 -10 -11 11 13 -14 -15
leaf_value=31.794440452274316 -58.495882437235252 34.8462362947188 21.003225919718634 -5.7604786994562343 -38.406413826673138 -16.950393186296733 -11.245272325891047 -7.1276186032272308 -2.4637608337301109 -2.9505588911141558 14.916906865731626 -2.9754112130780488 1.6426793867693339 2.6801134822728763
leaf_weight=48 39 31 39 43 30 37 37 36 47 47 54 109 71 128
leaf_count=48 39 31 39 43 30 37 37 36 47 47 54 109 71 128
internal_value=-1.09676 -3.2114 -18.9959 -5.20146 -19.2109 0.783498 2.40824 3.47169 12.3901 -9.13003 1.72117 2.6029 7.38453 0.0788704
internal_weight=796 748 151 112 73 597 513 476 78 84 398 362 125 237
internal_count=796 748 151 112 73 597 513 476 78 84 398 362 125 237
is_linear=0
shrinkage=0.05


Tree=204
num_leaves=13
num_cat=0
split_feature=24 14 0 2 24 14 6 24 6 26 24 0
split_gain=2.39608e+07 7.2088e+06 1.00826e+07 4.494e+07 7.0523e+06 2.4488e+07 1.27057e+07 4.02495e+06 2.48563e+06 1.17929e+06 1.4009e+06 1.05343e+06
threshold=18427.500000000004 341.00000000000006 58.400000000000006 8.2500000000000018 2835.1861111111116 96.500000000000014 3.4500000000000006 10268.519444444444 5.6500000000000012 9.8500000000000032 4381.9444444444453 270.30000000000007
decision_type=2 2 2 2 2 2 2 2 2 2 2 2
left_child=1 2 3 -1 5 -4 -7 8 9 10 -6 -11
right_child=-2 -3 4 -5 7 6 -8 -9 -10 11 -12 -13
leaf_value=57.123882004881857 41.97973780984664 -21.125748408197644 -50.322212698033127 -20.36116877149168 10.816561823543982 -13.956845926471978 25.952546231215976 -18.416204207809791 -13.538004356795184 2.6875872478590779 1.2137015595911107 -8.2653349620135703
leaf_weight=35 31 50 34 40 43 59 30 31 31 36 320 56
leaf_count=35 31 50 34 40 43 59 30 31 31 36 320 56
internal_value=-1.04217 -2.7908 -1.50586 15.8264 -3.53914 -14.2946 -0.490157 -0.978021 0.137841 1.07238 2.35391 -3.98109
internal_weight=796 765 715 75 640 123 89 517 486 455 363 92
internal_count=796 765 715 75 640 123 89 517 486 455 363 92
is_linear=0
shrinkage=0.05


Tree=205
num_leaves=12
num_cat=0
split_feature=24 1 8 24 3 2 28 14 5 24 28
split_gain=4.27266e+07 2.80718e+07 7.08032e+07 1.02138e+07 9.30473e+06 7.53354e+06 2.64271e+06 2.71386e+06 1.95799e+06 1.34411e+06 1.18858e+06
threshold=17600.000000000004 0.13392857142857142 6.7500000000000009 10816.66666666667 61.350000000000001 11.150000000000002 0.96457844552971306 48.000000000000007 6.3500000000000005 8673.6111111111113 -0.8520459593969173
decision_type=2 2 2 2 2 2 2 2 2 2 2
left_child=1 2 -1 6 -4 -6 7 -3 -9 10 -10
right_child=-2 3 4 -5 5 -7 -8 8 9 -11 -12
leaf_value=75.131888960906906 -56.298395310139739 10.283254908417099 -23.274912951306899 -30.633962105961974 -5.8217233510244455 23.754840305355554 -11.964513303039332 -12.768620471620174 3.1159898015917564 6.9900227946807796 -3.3801131578804675
leaf_weight=43 33 52 31 32 44 42 56 37 93 49 289
leaf_count=43 33 52 31 32 44 42 56 37 93 49 289
internal_value=-0.676827 1.72017 20.3477 -3.18434 0.166362 8.6334 -1.6543 -0.541877 -1.74662 -0.797662 -1.79819
internal_weight=801 768 160 608 117 86 576 520 468 431 382
internal_count=801 768 160 608 117 86 576 520 468 431 382
is_linear=0
shrinkage=0.05


Tree=206
num_leaves=13
num_cat=0
split_feature=24 1 8 24 20 2 28 14 24 2 3 6
split_gain=3.8573e+07 2.53405e+07 6.39159e+07 9.22106e+06 8.51201e+06 7.57202e+06 2.38554e+06 2.4497e+06 1.81844e+06 2.71297e+06 1.42007e+06 722761
threshold=17600.000000000004 0.13392857142857142 6.7500000000000009 10816.66666666667 12.784500000000001 12.65 0.96457844552971306 48.000000000000007 4699.0750000000007 15.597000000000003 46.350000000000001 4.7500000000000009
decision_type=2 2 2 2 2 2 2 2 2 2 2 2
left_child=1 2 -1 6 -4 -6 7 -3 9 -9 -10 -12
right_child=-2 3 4 -5 5 -7 -8 8 10 -11 11 -13
leaf_value=71.38401015385675 -53.491978726574303 9.7700790749401598 -16.281105590625934 -29.107034823456289 -6.2038941767280553 26.702929831450845 -11.367354256180306 -18.408833643046993 -9.8586728809166502 -0.84531474809770002 1.685932456918285 -5.3813447550845552
leaf_weight=43 33 52 47 32 33 37 56 37 34 54 302 41
leaf_count=43 33 52 47 32 33 37 56 37 34 54 302 41
internal_value=-0.643141 1.63437 19.3325 -3.02544 0.157811 11.2029 -1.57166 -0.514741 -1.65935 -7.99895 -0.127377 0.839819
internal_weight=801 768 160 608 117 70 576 520 468 91 377 343
internal_count=801 768 160 608 117 70 576 520 468 91 377 343
is_linear=0
shrinkage=0.05


Tree=207
num_leaves=15
num_cat=0
split_feature=24 1 0 29 2 26 0 24 6 7 20 20 8 4
split_gain=3.4823e+07 2.2876e+07 6.6875e+07 1.82534e+07 5.88439e+07 4.15973e+07 1.71346e+07 3.0939e+06 2.10764e+06 1.0678e+06 1.84068e+06 1.18362e+06 951540 540319
threshold=17600.000000000004 0.13392857142857142 31.000000000000004 1.0000000180025095e-35 8.5500000000000025 7.6500000000000012 48.050000000000004 10268.519444444444 5.6500000000000012 10.950000000000001 5.0515500000000015 7.0585000000000013 -1.2499999999999998 1021.0500000000001
decision_type=2 2 2 2 2 2 2 2 2 2 2 2 2 2
left_child=1 2 -1 5 -5 -4 -3 8 9 12 -11 -12 -8 -14
right_child=-2 6 3 4 -6 -7 7 -9 -10 10 11 -13 13 -15
leaf_value=81.666931674415608 -50.825458593454968 -39.026272271453763 -21.621638490353707 -61.876599620024834 34.056789243577725 59.615563410502546 -0.54771125265259857 -16.532558425954015 -12.708158523553436 -12.167371627065529 8.286400807318719 -0.51773766261558618 13.308124172233065 4.0885147310174581
leaf_weight=33 33 31 30 34 30 33 44 30 31 31 43 334 34 30
leaf_count=33 33 31 30 34 30 33 44 30 31 31 43 334 34 30
internal_value=-0.611244 1.55273 18.3682 1.86921 -16.9248 20.9581 -2.87469 -0.925973 -0.0671614 0.694584 -0.475956 0.488366 5.11302 8.99963
internal_weight=801 768 160 127 64 63 608 577 547 516 408 377 108 64
internal_count=801 768 160 127 64 63 608 577 547 516 408 377 108 64
is_linear=0
shrinkage=0.05


Tree=208
num_leaves=18
num_cat=0
split_feature=24 24 8 5 5 19 5 24 6 26 3 27 24 10 14 26 24
split_gain=3.14377e+07 2.06454e+07 7.90588e+07 8.24947e+06 1.11227e+07 3.40622e+06 5.13256e+06 4.58396e+06 2.6276e+06 5.03872e+06 3.6156e+06 2.38616e+06 2.10232e+06 1.55634e+06 602791 884676 127150
threshold=17600.000000000004 1.0000000180025095e-35 7.0500000000000007 18.350000000000005 22.525000000000002 1.0000000180025095e-35 18.550000000000004 8013.8888888888896 4.3500000000000005 7.2000000000000028 38.95000000000001 0.26781182513105634 8199.0750000000025 10.500000000000002 215.00000000000003 6.1000000000000005 5541.666666666667
decision_type=2 2 2 2 2 2 2 2 2 2 2 2 2 2 2 2 2
left_child=1 2 -1 -4 -5 7 8 14 10 -10 -7 13 -13 -12 16 -16 -3
right_child=-2 5 3 4 -6 6 -8 -9 9 -11 11 12 -14 -15 15 -17 -18
leaf_value=90.671632776862367 -48.29186436402474 0.8040970831755504 -23.646431879189322 30.612123461498374 -9.6070156030821394 -15.262135377662844 -19.927891903059546 20.820675140638443 -1.3743664545078962 -26.993141425249981 -10.741488748461069 2.5445620755172591 17.135173382713099 0.90341647072397346 2.2430882538066195 -8.2042750841081844 4.6097019100396075
leaf_weight=30 33 42 30 30 40 37 49 31 53 30 49 120 31 69 39 42 46
leaf_count=30 33 42 30 30 40 37 49 31 53 30 49 120 31 69 39 42 46
internal_value=-0.580774 1.47533 19.6283 -1.75399 7.64877 -2.22604 -4.69445 3.1794 -2.77094 -10.6556 -0.629502 1.38807 5.54938 -3.93714 -0.0669455 -3.17744 2.79642
internal_weight=801 768 130 100 70 638 438 200 389 83 306 269 151 118 169 81 88
internal_count=801 768 130 100 70 638 438 200 389 83 306 269 151 118 169 81 88
is_linear=0
shrinkage=0.05


Tree=209
num_leaves=17
num_cat=0
split_feature=1 8 1 24 0 2 20 8 7 24 27 3 7 26 4 0
split_gain=2.97293e+07 1.14255e+08 6.12357e+07 4.62119e+07 9.2031e+06 2.18528e+07 4.07663e+06 4.16318e+06 2.94095e+06 3.07143e+06 2.11807e+06 1.57684e+06 1.06929e+06 523648 1.17045e+06 558178
threshold=0.056250000000000008 6.7500000000000009 0.6000000000000002 16231.250000000002 161.80000000000004 13.15 1.2850500000000002 -2.6999999999999997 14.15 9177.0833333333339 0.82876241254485883 59.250000000000007 16.350000000000005 6.9000000000000012 1004.9500000000002 115.55000000000001
decision_type=2 2 2 2 2 2 2 2 2 2 2 2 2 2 2 2
left_child=1 -1 3 -2 -3 -6 7 -4 10 12 11 -8 -10 15 -15 -14
right_child=2 4 6 -5 5 -7 8 -9 9 -11 -12 -13 13 14 -16 -17
leaf_value=106.72208770549179 -14.896173989591786 -25.738047306487211 0.17942791401040148 -93.843205648833148 34.947742454327447 -20.870580887728451 -10.782823306944421 26.084349072098338 8.5119229002858603 14.365270577047827 -19.147344086890996 2.3884825016505506 -5.1142429866974766 -11.946333403048721 -1.0633130594580871 2.3053926323796605
leaf_weight=30 46 33 32 31 34 36 43 30 32 40 30 48 31 30 138 137
leaf_count=30 46 33 32 31 34 36 43 30 32 40 30 48 31 30 138 137
internal_value=-0.551696 21.027 -4.85056 -46.7606 -4.01202 6.25228 0.616779 12.736 -0.805746 1.22485 -7.64813 -3.84027 -0.206952 -1.03962 -3.01269 0.934036
internal_weight=801 133 668 77 103 70 591 62 529 408 121 91 368 336 168 168
internal_count=801 133 668 77 103 70 591 62 529 408 121 91 368 336 168 168
is_linear=0
shrinkage=0.05


Tree=210
num_leaves=17
num_cat=0
split_feature=0 4 3 4 8 20 29 20 20 1 0 24 0 4 29 3
split_gain=4.11178e+07 1.51338e+07 1.83646e+07 1.4279e+07 2.0015e+07 1.84287e+07 9.68414e+06 1.76695e+07 1.07723e+07 1.31966e+07 9.43569e+06 9.11293e+06 7.46395e+06 6.33026e+06 1.39079e+06 867392
threshold=6.5000000000000009 1015.4500000000002 53.20000000000001 1011.9500000000002 5.0500000000000007 3.6098000000000003 0.87837969732492682 11.844875 10.226250000000002 0.6000000000000002 87.750000000000014 5326.3888888888896 161.80000000000004 997.25000000000011 1.0000000180025095e-35 68.350000000000009
decision_type=2 2 2 2 2 2 2 2 2 2 2 2 2 2 2 2
left_child=-1 3 -3 4 -2 -5 8 -8 9 -6 -10 -7 -4 -12 15 -14
right_child=1 2 12 5 6 11 7 -9 10 -11 13 -13 14 -15 -16 -17
leaf_value=54.383967578807273 -38.451221553552529 -42.06463205829877 -28.331047122106209 50.568255688829822 -44.633717074980375 -16.525556935662049 46.774458304433729 -2.7092617942065731 25.114971330281719 -3.8232126201286576 -21.349720427227858 19.16216779636418 0.46744630403607801 2.1444278022569132 5.2606500715707929 -10.992103022074769
leaf_weight=33 35 46 30 31 30 30 30 45 39 58 34 44 32 180 56 34
leaf_count=33 35 46 30 31 30 30 30 45 39 58 34 44 32 180 56 34
internal_value=-0.159534 -2.55362 -14.4202 1.67408 -2.19318 18.2712 0.865877 17.1201 -2.71305 -17.7708 2.52936 4.69133 -6.03197 -1.59649 -0.529838 -5.44358
internal_weight=787 754 198 556 451 105 416 75 341 88 253 74 152 214 122 66
internal_count=787 754 198 556 451 105 416 75 341 88 253 74 152 214 122 66
is_linear=0
shrinkage=0.05


Tree=211
num_leaves=16
num_cat=0
split_feature=6 26 26 1 2 4 4 6 9 28 20 8 5 28 24
split_gain=1.66908e+07 6.64115e+07 1.4848e+07 2.81344e+07 2.7315e+07 3.08381e+07 2.56659e+07 1.02131e+07 4.11889e+06 4.0478e+06 3.0596e+06 2.02434e+06 2.25791e+06 1.22693e+06 1.04105e+06
threshold=4.6500000000000012 7.0999999999999996 4.2000000000000011 0.6000000000000002 4.7500000000000009 1004.85 1009.0500000000001 2.6500000000000008 7.7500000000000009 0.047319635496388741 1.2309000000000001 3.8500000000000001 5.0500000000000007 0.72649987002303373 9097.2222222222244
decision_type=2 2 2 2 2 2 2 2 2 2 2 2 2 2 2
left_child=2 9 7 4 -4 -6 -7 -1 10 -2 -5 12 -12 14 -13
right_child=1 -3 3 8 5 6 -8 -9 -10 -11 11 13 -14 -15 -16
leaf_value=40.339751982458921 -18.771197318905607 78.419150598175435 4.7197013598408182 12.977084214431684 3.1469747629770701 -89.755278177046705 -31.092337643163731 0.68966411970927222 19.011247873147855 4.1346372331194869 -0.55076983918282096 0.060876538491258847 -19.629741698642107 -8.8612007394214523 9.5105758165664902
leaf_weight=31 38 32 59 40 33 31 47 34 30 39 32 244 30 34 33
leaf_count=31 38 32 59 40 33 31 47 34 30 39 32 244 30 34 33
internal_value=-0.151589 17.9994 -3.0719 -5.48222 -22.7674 -37.3688 -54.4922 19.6327 1.15454 -7.17916 -0.146831 -1.55734 -9.79935 0.0883738 1.1897
internal_weight=787 109 678 613 170 111 78 65 443 77 413 373 62 311 277
internal_count=787 109 678 613 170 111 78 65 443 77 413 373 62 311 277
is_linear=0
shrinkage=0.05


Tree=212
num_leaves=19
num_cat=0
split_feature=0 7 1 7 21 21 1 0 0 26 9 30 16 0 3 7 2 8
split_gain=3.80747e+07 1.3714e+07 5.00454e+07 9.3328e+06 7.48351e+06 1.33111e+07 1.27733e+07 5.33739e+06 6.84092e+06 4.92888e+06 3.46529e+06 1.95565e+06 1.4443e+06 1.37729e+06 1.31814e+06 997439 949836 282011
threshold=6.5000000000000009 15.050000000000002 0.10555555555555557 16.350000000000005 0.67792972831765952 0.60418864468864475 0.18333333333333332 87.750000000000014 165.70000000000002 10.450000000000005 0.45000000000000007 -0.22252093395631442 1.0000000180025095e-35 154.35000000000005 64.350000000000009 9.6500000000000004 21.250000000000004 24.150000000000002
decision_type=2 2 2 2 2 2 2 2 2 2 2 2 2 2 2 2 2 2
left_child=-1 2 -2 -3 5 7 -6 -5 -9 10 13 -10 14 -4 -8 -15 -16 -14
right_child=1 3 9 4 6 -7 12 8 11 -11 -12 -13 17 15 16 -17 -18 -19
leaf_value=52.342378331671313 -72.548273800060997 27.903041001389035 -11.935939452602605 16.477604607974779 -26.929747930264519 30.732781328951745 3.4277860140845378 -24.486637748884633 -4.6964956421750177 -22.473304788773241 9.8539850171432306 10.834413476490305 7.9155582405136018 2.893828954310516 -10.729998948120578 -8.4996504885017661 0.071326999721930462 2.0078575871906672
leaf_weight=33 30 33 47 39 53 48 53 32 42 30 55 39 50 53 53 30 33 34
leaf_count=33 30 33 47 39 53 48 53 32 42 30 55 39 50 53 53 30 33 34
internal_value=-0.143981 -2.44777 -12.1647 2.23078 0.445483 7.80811 -4.89063 0.553263 -4.95241 -3.70921 -0.655864 2.78543 0.357063 -5.10653 -2.7705 -1.22951 -6.58998 5.52964
internal_weight=787 754 245 509 476 200 276 152 113 215 185 81 223 130 139 83 86 84
internal_count=787 754 245 509 476 200 276 152 113 215 185 81 223 130 139 83 86 84
is_linear=0
shrinkage=0.05


Tree=213
num_leaves=18
num_cat=0
split_feature=6 26 28 1 8 14 2 3 28 3 14 24 24 9 2 24 6
split_gain=1.50847e+07 6.09114e+07 1.40107e+07 1.63671e+07 3.27833e+07 1.81202e+07 1.71781e+07 1.71277e+07 3.71829e+06 2.31788e+06 1.4902e+06 6.93224e+06 1.20523e+06 719718 1.04464e+06 395815 222405
threshold=4.6500000000000012 7.0999999999999996 0.97308229207007257 0.6000000000000002 5.0500000000000007 241.50000000000003 5.0500000000000007 68.450000000000017 0.047319635496388741 38.95000000000001 240.50000000000003 8394.4444444444471 9147.2222222222244 6.1500000000000012 5.0500000000000007 5300.9250000000011 2.4500000000000006
decision_type=2 2 2 2 2 2 2 2 2 2 2 2 2 2 2 2 2
left_child=2 8 3 4 -1 6 -6 -8 -2 -5 11 13 15 14 -11 -12 -17
right_child=1 -3 -4 9 5 -7 7 -9 -10 10 12 -13 -14 -15 -16 16 -18
leaf_value=-64.365713049591164 -18.104715822124732 74.982478178030235 24.013398626056851 -13.250943393643908 9.9831206720151666 23.505539775098494 -10.95014172823582 -59.935663950634925 3.849189471207616 -6.4190073203112661 -5.5785569089591709 25.452127981645884 -12.00240205276844 6.1179223488830434 1.4143091986165244 -2.0528350357697387 3.3446246481372044
leaf_weight=31 38 32 45 30 37 35 42 31 39 59 30 31 30 46 152 32 47
leaf_count=31 38 32 45 30 37 35 42 31 39 59 30 31 30 46 152 32 47
internal_value=-0.136894 17.1187 -2.91315 -4.83086 -17.7817 -7.78482 -17.7532 -31.8058 -6.99457 0.159563 1.10465 3.15639 -3.14562 0.458146 -0.778029 -0.699164 1.15842
internal_weight=787 109 678 633 176 145 110 73 77 457 427 288 139 257 211 109 79
internal_count=787 109 678 633 176 145 110 73 77 457 427 288 139 257 211 109 79
is_linear=0
shrinkage=0.05


Tree=214
num_leaves=17
num_cat=0
split_feature=0 28 1 26 21 1 8 29 0 6 16 7 21 20 8 24
split_gain=3.51057e+07 1.30723e+07 3.37085e+07 1.28357e+07 6.1313e+06 1.20603e+07 8.34875e+06 7.29214e+06 4.54275e+06 2.18186e+06 1.5673e+06 1.54667e+06 2.14699e+06 1.97467e+06 1.90831e+06 635471
threshold=6.5000000000000009 -0.081676395330422633 0.10555555555555557 9.0500000000000025 0.68920799923937526 0.11805555555555557 16.750000000000004 1.0000000180025095e-35 60.350000000000009 4.7500000000000009 1.0000000180025095e-35 10.950000000000001 1.0000000180025095e-35 4.4069000000000011 6.2500000000000009 5587.9638888888894
decision_type=2 2 2 2 2 2 2 2 2 2 2 2 2 2 2 2
left_child=-1 3 -3 4 6 -6 -2 -8 -4 11 -7 12 -10 -13 -15 -12
right_child=1 2 8 -5 5 10 7 -9 9 -11 15 13 -14 14 -16 -17
leaf_value=50.268253301061534 30.577958429936679 -50.897225267133919 -17.520321838774844 27.268381442413045 -32.495032657835843 -5.7333100300712365 -10.678706164532397 14.711137793587685 15.917540394176136 -10.374722600556126 1.746849437852025 -13.651676095442916 -0.48949572241975459 11.616625555171524 -2.618249975135214 11.089395019632443
leaf_weight=33 32 42 50 53 34 51 58 55 34 54 44 30 48 30 108 31
leaf_count=33 32 42 50 53 34 51 58 55 34 54 44 30 48 30 108 31
internal_value=-0.130176 -2.34232 -8.60104 4.58119 0.63116 -6.11575 8.07514 1.68122 -3.56988 -1.27038 1.02255 0.699502 6.32446 -2.04811 0.482423 5.61813
internal_weight=787 754 396 358 305 160 145 113 354 304 126 250 82 168 138 75
internal_count=787 754 396 358 305 160 145 113 354 304 126 250 82 168 138 75
is_linear=0
shrinkage=0.05


Tree=215
num_leaves=16
num_cat=0
split_feature=27 27 21 0 0 1 20 24 8 20 29 0 21 20 0
split_gain=2.5935e+07 3.01149e+07 1.21765e+07 6.34127e+07 4.45053e+07 1.35996e+07 4.59813e+07 1.25735e+07 1.15868e+07 9.16059e+06 4.93737e+06 2.24778e+06 1.72852e+06 1.40519e+06 1.12053e+06
threshold=0.96230016621822489 0.98930504265984687 1.0526964560862868 7.5000000000000009 88.800000000000011 0.10555555555555557 10.277500000000002 11944.444444444447 3.0500000000000003 18.394100000000005 1.0000000180025095e-35 58.400000000000006 0.31100330305532625 8.8269000000000002 125.50000000000001
decision_type=2 2 2 2 2 2 2 2 2 2 2 2 2 2 2
left_child=2 -2 3 -1 -4 6 -5 11 -6 -8 -10 -7 14 -14 -13
right_child=1 -3 4 5 8 7 9 -9 10 -11 -12 12 13 -15 -16
leaf_value=-75.429476634329149 62.866220532834006 -2.6943434643943558 64.364153906990126 -70.35070646545816 -21.079309765138646 12.471601217529702 18.668159065339395 29.782488288776577 -2.2569002355205403 -15.851916889602789 24.76523808099066 2.2117665636183022 9.6403432796946333 -0.86225501902627932 -8.7611527636141382
leaf_weight=31 34 36 30 30 53 30 41 37 37 36 31 30 38 194 103
leaf_count=31 34 36 30 30 53 30 41 37 37 36 31 30 38 194 103
internal_value=0.159445 29.1935 -2.66305 -6.00744 9.95707 -2.00145 -17.951 1.95224 -3.57426 2.52921 10.0802 -0.661509 -1.74408 0.861389 -6.28622
internal_weight=791 70 721 570 151 539 107 432 121 77 68 395 365 232 133
internal_count=791 70 721 570 151 539 107 432 121 77 68 395 365 232 133
is_linear=0
shrinkage=0.05


Tree=216
num_leaves=14
num_cat=0
split_feature=27 27 14 3 1 26 24 5 1 25 8 4 28
split_gain=2.34133e+07 2.7187e+07 1.28183e+07 1.35945e+07 2.03662e+07 6.80304e+06 8.0544e+06 2.37013e+06 6.40085e+06 5.10363e+06 2.15925e+06 1.76309e+06 1.16119e+06
threshold=0.96230016621822489 0.98930504265984687 13.000000000000002 51.20000000000001 0.6000000000000002 10.350000000000003 12395.238095238097 19.825000000000006 0.6000000000000002 20.794577500000006 21.950000000000003 1011.4500000000002 0.70242338714296659
decision_type=2 2 2 2 2 2 2 2 2 2 2 2 2
left_child=2 -2 -1 4 -4 6 7 8 -5 -9 -11 -10 -6
right_child=1 -3 3 5 12 -7 -8 9 11 10 -12 -13 -14
leaf_value=28.35539424367412 59.732128247347752 -2.5599995536487192 -43.151455168994673 -23.77791041556716 5.3905318526334547 -20.763745091333416 20.581928841779188 21.229383537470337 -7.0506299314819545 -5.6771120435514 4.2857211969708695 2.7808715834687439 -7.2916549715393133
leaf_weight=32 34 36 51 37 30 39 47 31 75 103 115 116 45
leaf_count=32 34 36 51 37 30 39 47 31 75 103 115 116 45
internal_value=0.151647 27.7382 -2.53012 -3.96849 -18.8076 -0.64472 0.856354 -1.09115 -4.77336 2.28105 -0.421911 -1.08131 -2.21829
internal_weight=791 70 721 689 126 563 524 477 228 249 218 191 75
internal_count=791 70 721 689 126 563 524 477 228 249 218 191 75
is_linear=0
shrinkage=0.05


Tree=217
num_leaves=18
num_cat=0
split_feature=0 5 14 1 26 0 20 4 21 10 20 4 24 0 2 8 21
split_gain=2.3306e+07 1.08027e+08 9.14762e+06 5.43885e+07 9.76775e+06 2.13495e+07 3.76754e+06 6.14788e+06 6.59384e+06 4.43144e+06 3.35906e+06 3.17268e+06 1.85537e+06 1.70623e+06 1.54076e+06 1.46565e+06 1.30336e+06
threshold=14.500000000000002 16.250000000000004 74.500000000000014 0.6000000000000002 9.7500000000000018 480.85000000000008 12.409325000000001 1009.1500000000002 0.60418864468864475 5.5000000000000009 1.1714 997.45000000000016 4810.186111111112 76.250000000000014 10.550000000000002 19.450000000000003 1.1238171398107426
decision_type=2 2 2 2 2 2 2 2 2 2 2 2 2 2 2 2 2
left_child=1 -1 3 -2 6 -6 7 8 -4 -8 -5 -11 -9 -13 -14 -15 -12
right_child=2 -3 4 10 5 -7 9 12 -10 11 16 13 14 15 -16 -17 -18
leaf_value=98.270054944567505 -72.307420728137643 -30.848979763020139 -2.7697466653842864 14.56385708700587 36.042888260070747 -15.320694012080075 16.88169039533571 9.6629054132886107 -34.499362215639152 -13.07195662297551 1.8704408815149955 -9.6984541030421205 -11.472767870719361 -3.6623424998366683 1.7513651448977232 5.9744202805496895 -10.511967887277677
leaf_weight=30 31 35 30 36 52 33 39 30 36 46 48 30 43 56 45 133 38
leaf_count=30 31 35 30 36 52 33 39 30 36 46 48 30 43 56 45 133 38
internal_value=0.144267 28.8038 -2.42527 -13.2824 0.47556 16.1071 -2.24988 -7.8948 -20.1029 1.16824 1.76263 -1.14978 -1.05526 1.35922 -4.71606 3.11863 -3.60665
internal_weight=791 65 726 153 573 85 488 184 66 304 122 265 118 219 88 189 86
internal_count=791 65 726 153 573 85 488 184 66 304 122 265 118 219 88 189 86
is_linear=0
shrinkage=0.05


Tree=218
num_leaves=14
num_cat=0
split_feature=27 27 14 21 0 0 3 7 14 28 0 25 14
split_gain=2.10574e+07 2.45503e+07 1.15359e+07 1.59018e+07 4.3889e+07 3.81044e+07 1.97513e+07 9.5484e+06 2.86093e+06 3.77537e+06 2.74164e+06 2.63913e+06 1.06245e+06
threshold=0.96230016621822489 0.98930504265984687 13.000000000000002 1.0526964560862868 8.5000000000000018 91.850000000000009 46.000000000000007 12.550000000000002 271.50000000000006 -0.9574497222574998 274.65000000000003 18.352010000000003 302.00000000000006
decision_type=2 2 2 2 2 2 2 2 2 2 2 2 2
left_child=2 -2 -1 4 -4 -5 -6 -7 9 10 -8 -11 -10
right_child=1 -3 3 5 6 7 8 -9 12 11 -12 -13 -14
leaf_value=26.893575821932973 56.701651224153139 -2.4925342707752853 -57.33131557937957 61.076877132840337 -32.454614173131255 -16.112147415672663 -20.476060060013172 13.102142921746788 -16.483267551679702 -2.3608035439521631 -0.38865155198080154 7.1702318014328501 -3.9310722937802418
leaf_weight=32 34 36 41 30 53 59 30 53 31 113 39 203 37
leaf_count=32 34 36 41 30 53 59 30 53 31 113 39 203 37
internal_value=0.136932 26.2987 -2.40634 -3.77086 -7.64104 11.1324 -3.60421 -2.28813 -0.222348 1.44826 -9.13937 3.7623 -9.66927
internal_weight=791 70 721 689 547 142 506 112 453 385 69 316 68
internal_count=791 70 721 689 547 142 506 112 453 385 69 316 68
is_linear=0
shrinkage=0.05


Tree=219
num_leaves=16
num_cat=0
split_feature=0 5 4 20 2 6 20 26 0 27 6 14 24 14 24
split_gain=2.28945e+07 9.31618e+07 8.58036e+06 1.5859e+07 1.43183e+07 1.36444e+07 1.0555e+07 3.57226e+06 3.20243e+06 7.12677e+06 5.33907e+06 2.32849e+06 2.21068e+06 1.5171e+06 1.51009e+06
threshold=14.500000000000002 16.250000000000004 1015.4500000000002 3.2908000000000004 5.6500000000000012 3.2500000000000004 5.6454000000000004 9.7500000000000018 462.00000000000006 0.52339621958889315 5.0500000000000007 199.50000000000003 4731.4805555555567 270.50000000000006 4842.5916666666672
decision_type=2 2 2 2 2 2 2 2 2 2 2 2 2 2 2
left_child=1 -1 3 -2 5 -4 -5 8 10 14 11 -8 -6 -14 -10
right_child=2 -3 4 6 12 -7 7 -9 9 -11 -12 -13 13 -15 -16
leaf_value=93.044013993526221 28.857376433142875 -26.864895277756911 -53.108649983362852 -27.457268771971016 9.819344674505988 -6.9212301343200284 -6.0263503435424592 14.339031978709272 -10.159330249798259 26.456167499198791 -23.057636014991829 3.2592407877024701 -11.912838385515151 0.71662074311359503 3.9039959612925346
leaf_weight=30 46 35 33 37 31 31 138 41 32 31 32 132 47 48 47
leaf_count=30 46 35 33 37 31 31 138 41 32 31 32 132 47 48 47
internal_value=0.130165 28.5355 -2.41659 0.820186 -11.5433 -30.7824 -1.81722 0.28259 -1.11936 6.1812 -3.77969 -1.48718 -1.75443 -5.53754 -1.79812
internal_weight=791 65 726 536 190 64 490 453 412 110 302 270 126 95 79
internal_count=791 65 726 536 190 64 490 453 412 110 302 270 126 95 79
is_linear=0
shrinkage=0.05


Tree=220
num_leaves=19
num_cat=0
split_feature=9 4 3 6 24 24 26 20 27 6 27 10 27 4 1 4 5 4
split_gain=1.15356e+07 2.23058e+07 1.83085e+07 1.18178e+07 2.06257e+07 1.41031e+07 1.65093e+07 9.53038e+06 1.35393e+07 1.35382e+07 1.00945e+07 7.93676e+06 5.26513e+06 3.97097e+06 3.81884e+06 2.86552e+06 2.73032e+06 1.2665e+06
threshold=0.65000000000000002 1012.5500000000001 85.050000000000011 3.1500000000000008 10319.444444444447 11097.222222222224 11.350000000000003 3.2908000000000004 0.44821273892947694 3.9500000000000006 0.42888796625999276 3.5000000000000004 0.3536630217002506 1003.4500000000002 0.13392857142857142 1006.2500000000001 16.050000000000004 1005.4500000000002
decision_type=2 2 2 2 2 2 2 2 2 2 2 2 2 2 2 2 2 2
left_child=2 12 3 5 7 6 11 10 -9 -10 -5 -1 14 -13 -2 -15 -14 -16
right_child=1 -3 -4 4 -6 -7 -8 8 9 -11 -12 13 16 15 17 -17 -18 -19
leaf_value=-22.476206693070743 -21.316917024891694 37.149190322034613 -42.908144049935792 -10.831257008126311 -49.399005750852211 35.2554444892858 33.733624322468067 3.9939930655284019 -7.0518678659727092 -51.342292158344975 28.848028754035511 13.875014805610832 0.52474126689061762 -17.791848888072462 3.0712031732355882 -0.78616619038632907 21.506903763352156 -9.3943561323586007
leaf_weight=51 32 50 31 31 32 30 31 57 35 34 33 39 30 30 59 140 32 31
leaf_count=51 32 50 31 31 32 30 31 57 35 34 33 39 30 30 59 140 32 31
internal_value=-1.78363 7.57119 -5.59793 -3.46036 -12.3275 2.67394 -0.695919 -6.06112 -14.0383 -28.9189 9.64138 -4.81239 -0.482092 -0.493369 -6.51048 -3.79589 11.3715 -1.2281
internal_weight=808 234 574 543 222 321 291 190 126 69 64 260 184 209 122 170 62 90
internal_count=808 234 574 543 222 321 291 190 126 69 64 260 184 209 122 170 62 90
is_linear=0
shrinkage=0.05


Tree=221
num_leaves=9
num_cat=0
split_feature=14 0 3 3 20 0 8 0
split_gain=1.06242e+07 1.25489e+07 1.44588e+07 1.13738e+07 4.40849e+06 6.60792e+06 5.27645e+06 4.14491e+06
threshold=13.000000000000002 7.5000000000000009 39.650000000000006 44.500000000000007 3.1056250000000007 29.650000000000002 2.9000000000000004 137.95000000000002
decision_type=2 2 2 2 2 2 2 2
left_child=-1 -2 -3 -4 -5 -6 -7 -8
right_child=1 2 3 4 5 6 7 -9
leaf_value=26.96160323274864 -31.62805895184546 -28.246989396372676 30.442246849592348 -14.016179454225778 22.366877294997931 19.432042523317559 -9.7030057467603594 0.42646404079049349
leaf_weight=31 36 47 30 59 32 30 134 409
leaf_count=31 36 47 30 59 32 30 134 409
internal_value=-1.69479 -2.84142 -1.4388 0.380543 -0.982038 0.291158 -0.945371 -2.07457
internal_weight=808 777 741 694 664 605 573 543
internal_count=808 777 741 694 664 605 573 543
is_linear=0
shrinkage=0.05


Tree=222
num_leaves=13
num_cat=0
split_feature=3 0 1 8 20 0 3 20 6 6 4 21
split_gain=1.14601e+07 1.45996e+07 7.76749e+06 2.19349e+07 9.04978e+06 6.04581e+06 3.86976e+06 1.83451e+06 5.21375e+06 3.85514e+06 1.60149e+06 1.02342e+06
threshold=36.600000000000001 7.5000000000000009 0.11805555555555557 7.2500000000000009 16.223524999999999 31.000000000000004 46.350000000000001 12.521300000000002 5.5500000000000007 4.4500000000000011 1011.9500000000002 0.64850320604842582
decision_type=2 2 2 2 2 2 2 2 2 2 2 2
left_child=-1 -2 3 -3 -5 -4 -7 8 10 11 -8 -9
right_child=1 2 5 4 -6 6 7 9 -10 -11 -12 -13
leaf_value=23.476021753828931 -35.001863673145827 -47.729104303377277 20.183085972743399 13.124235574859789 -16.851566847621001 14.768091496177341 -7.4950692687108322 -6.1389791046571807 -23.593658740727463 17.792919718799094 0.98213970167285969 1.4887131023784903
leaf_weight=43 34 33 38 54 47 39 84 63 31 32 165 145
leaf_count=43 34 33 38 54 47 39 84 63 31 32 165 145
internal_value=-1.60995 -3.0229 -1.53092 -12.4051 -0.827722 0.911508 -0.401912 -1.54229 -4.29113 1.66512 -1.87948 -0.823413
internal_weight=808 765 731 134 101 597 559 520 280 240 249 208
internal_count=808 765 731 134 101 597 559 520 280 240 249 208
is_linear=0
shrinkage=0.05


Tree=223
num_leaves=21
num_cat=0
split_feature=4 1 8 20 2 14 20 11 20 7 4 27 6 27 5 8 21 7 20 6
split_gain=1.06187e+07 3.02582e+07 1.68844e+07 1.36363e+07 1.07072e+07 1.06167e+07 1.44373e+07 9.81447e+06 1.27642e+07 1.10203e+07 5.24077e+06 4.39005e+06 3.96392e+06 3.53343e+06 4.84163e+06 3.68201e+06 3.39183e+06 2.74212e+06 1.76347e+06 1.62616e+06
threshold=1011.9500000000002 0.056250000000000008 5.0500000000000007 12.784500000000001 1.0000000180025095e-35 239.50000000000003 18.394100000000005 3.5000000000000004 12.029150000000001 19.550000000000004 1017.35 -0.3896268414500369 2.8500000000000001 -0.10309787846944686 22.525000000000002 24.850000000000005 0.67792972831765952 23.050000000000004 19.047500000000003 3.8500000000000001
decision_type=2 2 2 2 2 2 2 2 2 2 2 2 2 2 2 2 2 2 2 2
left_child=2 -2 -1 4 10 7 16 9 -9 -4 -3 -6 -13 15 17 -11 -7 -15 -10 -14
right_child=1 3 5 -5 11 6 -8 8 18 13 -12 12 19 14 -16 -17 -18 -19 -20 -21
leaf_value=-38.650541262999383 53.200585670090994 25.899994669448979 30.564160820805537 28.091614810280181 2.1009755508295931 3.6120747691379971 -44.948086909267396 -38.850445150774583 5.9263910691119612 19.84404557153335 -1.2717112787308231 -3.709640325983603 -27.964876276849381 -7.7855485739366275 -20.720204869113935 -2.2717821414869204 -16.022125767302342 12.052275737001514 -9.4064468184735528 -13.751651512837473
leaf_weight=37 30 37 41 39 54 46 32 30 45 42 34 50 45 32 31 34 42 38 32 37
leaf_count=37 30 37 41 39 54 46 32 30 45 42 34 50 45 32 31 34 42 38 32 37
internal_value=-1.52973 5.43897 -6.24316 0.581912 -3.602 -3.54053 -16.2435 1.15335 -11.2424 7.23992 12.9046 -9.90649 -14.8165 1.82289 -4.30389 9.96007 -5.76629 2.98532 -0.449568 -21.5762
internal_weight=808 326 482 296 257 445 120 325 107 218 71 186 132 177 101 76 88 70 77 82
internal_count=808 326 482 296 257 445 120 325 107 218 71 186 132 177 101 76 88 70 77 82
is_linear=0
shrinkage=0.05


Tree=224
num_leaves=13
num_cat=0
split_feature=3 0 1 28 24 3 4 24 6 26 0 3
split_gain=1.0435e+07 1.27954e+07 7.40753e+06 2.14419e+07 1.87958e+07 1.13898e+07 7.3853e+06 3.23747e+06 2.90736e+06 2.29739e+06 1.34716e+06 930670
threshold=36.600000000000001 7.5000000000000009 0.11805555555555557 0.32534208471197984 12395.238095238097 68.350000000000009 1000.9500000000002 10465.277777777779 4.7500000000000009 6.2500000000000009 58.400000000000006 64.15000000000002
decision_type=2 2 2 2 2 2 2 2 2 2 2 2
left_child=-1 -2 3 5 7 -3 -7 8 10 -10 -4 -12
right_child=1 2 4 -5 -6 6 -8 -9 9 -11 11 -13
leaf_value=22.484214498825253 -32.739717686840514 22.609568618819161 11.563989356348285 -48.409592054127884 37.598805714896081 2.9611443897363552 -29.752392148629419 -17.123241944804146 -2.2252666293788992 -19.019783474383399 3.8305400767936684 -1.1168198140326424
leaf_weight=43 34 34 30 31 33 36 33 30 53 33 146 272
leaf_count=43 34 34 30 31 33 36 33 30 53 33 146 272
internal_value=-1.45352 -2.80181 -1.40505 -12.0243 0.980097 -1.03696 -12.7048 -1.16876 -0.269397 -8.68434 1.34754 0.611696
internal_weight=808 765 731 134 597 103 69 564 534 86 448 418
internal_count=808 765 731 134 597 103 69 564 534 86 448 418
is_linear=0
shrinkage=0.05


Tree=225
num_leaves=16
num_cat=0
split_feature=24 1 6 0 2 0 24 6 26 26 27 20 24 6 20
split_gain=7.78286e+07 1.58076e+07 3.02694e+07 2.59686e+07 3.28305e+07 1.09729e+07 4.99726e+06 2.30655e+06 2.56923e+06 897645 1.461e+06 702779 2.56326e+06 482469 419183
threshold=17036.111111111113 0.13392857142857142 4.1500000000000012 81.40000000000002 9.9000000000000021 29.650000000000002 10465.277777777779 4.7500000000000009 6.450000000000002 9.8500000000000032 0.88203985695844977 8.7850000000000019 5087.9638888888894 2.8500000000000001 7.5162500000000003
decision_type=2 2 2 2 2 2 2 2 2 2 2 2 2 2 2
left_child=1 2 3 -1 -5 -3 7 9 -9 11 14 12 -7 -13 -11
right_child=-2 5 -4 4 -6 6 -8 8 -10 10 -12 13 -14 -15 -16
leaf_value=37.559321233794449 82.057409721197089 -32.957800808776653 57.566115231380287 -40.888934363408623 20.576821246460408 16.534042197627965 -21.501897265136819 -1.7260832967590212 -19.963842008696492 3.8367389130785137 -12.982507853650572 -2.0368572249159294 0.52017532548521472 2.5048424180795799 -4.0336733729126371
leaf_weight=38 30 30 32 46 41 33 31 51 31 37 30 135 102 103 31
leaf_count=38 30 30 32 46 41 33 31 51 31 37 30 135 102 103 31
internal_value=3.18224 0.10292 14.256 3.1314 -11.9319 -3.51775 -2.00002 -0.903091 -8.63683 0.444871 -3.81119 1.56382 4.44405 -0.0710842 0.248029
internal_weight=801 771 157 125 87 614 584 553 82 471 98 373 135 238 68
internal_count=801 771 157 125 87 614 584 553 82 471 98 373 135 238 68
is_linear=0
shrinkage=0.05


Tree=226
num_leaves=14
num_cat=0
split_feature=24 1 6 0 2 0 24 6 10 3 7 8 0
split_gain=7.02649e+07 1.42714e+07 2.73269e+07 2.34427e+07 2.96366e+07 9.90655e+06 4.51155e+06 2.08232e+06 1.64021e+06 845506 884609 898868 631818
threshold=17036.111111111113 0.13392857142857142 4.1500000000000012 81.40000000000002 9.9000000000000021 29.650000000000002 10465.277777777779 4.7500000000000009 4.5000000000000009 44.750000000000007 15.750000000000002 2.3500000000000001 89.950000000000017
decision_type=2 2 2 2 2 2 2 2 2 2 2 2 2
left_child=1 2 3 -1 -5 -3 7 9 -9 -7 11 -11 -12
right_child=-2 5 -4 4 -6 6 -8 8 -10 10 12 -13 -14
leaf_value=35.686283289791724 77.968168097714653 -31.315385144255885 54.69677605495275 -38.84892230995824 19.550483525118398 -5.4583719383987166 -20.430259495149471 -17.257215298487058 -2.6816726079892277 -0.16203162778967761 -7.0661912247984109 9.0025911073177909 0.55984408803999486
leaf_weight=38 30 30 32 46 41 54 31 31 51 47 30 62 278
leaf_count=38 30 30 32 46 41 54 31 31 51 47 30 62 278
internal_value=3.02366 0.0977928 13.5456 2.97552 -11.3365 -3.34244 -1.90035 -0.858093 -8.20631 0.422674 1.18539 5.0543 -0.184988
internal_weight=801 771 157 125 87 614 584 553 82 471 417 109 308
internal_count=801 771 157 125 87 614 584 553 82 471 417 109 308
is_linear=0
shrinkage=0.05


Tree=227
num_leaves=13
num_cat=0
split_feature=24 1 22 0 27 0 24 6 26 27 28 14
split_gain=6.34363e+07 1.28845e+07 2.68026e+07 8.94375e+06 8.88731e+06 1.81084e+07 4.07302e+06 1.87984e+06 2.28692e+06 785669 606228 1.06773e+06
threshold=17036.111111111113 0.13392857142857142 0.68301270189221941 29.650000000000002 -0.25118773779856163 239.25000000000003 10465.277777777779 4.7500000000000009 6.450000000000002 0.96683886033945965 0.96897393274411392 66.500000000000014
decision_type=2 2 2 2 2 2 2 2 2 2 2 2
left_child=1 2 4 -3 -1 -6 7 9 -9 10 11 -5
right_child=-2 3 -4 6 5 -7 -8 8 -10 -11 -12 -13
leaf_value=18.773644823691562 74.082712785587759 -29.75481789674474 46.458543027802577 7.2661568969882016 -39.211023187177361 11.103597499865534 -19.41203076801116 -1.2779382009095643 -18.483706652773154 -6.1167551337398427 -5.6826698732529426 0.38950482895070226
leaf_weight=41 30 30 43 68 31 42 31 51 31 42 31 330
leaf_count=41 30 30 43 68 31 42 31 51 31 42 31 330
internal_value=2.87294 0.0928776 12.8706 -3.17593 0.171739 -10.2872 -1.80571 -0.815398 -7.79721 0.401506 1.04095 1.56595
internal_weight=801 771 157 614 114 73 584 553 82 471 429 398
internal_count=801 771 157 614 114 73 584 553 82 471 429 398
is_linear=0
shrinkage=0.05


Tree=228
num_leaves=12
num_cat=0
split_feature=24 24 7 0 14 0 24 27 20 0 28
split_gain=5.81647e+07 1.25673e+07 3.34681e+07 3.16052e+07 3.16334e+06 2.77726e+06 3.20431e+06 1.65168e+06 984585 716923 699375
threshold=13249.107142857147 1957.1428571428573 20.850000000000005 13.250000000000002 172.50000000000003 58.400000000000006 10319.444444444447 0.93535928755917841 7.3248000000000006 88.800000000000011 0.96457844552971306
decision_type=2 2 2 2 2 2 2 2 2 2 2
left_child=1 2 -1 -3 -4 -5 7 9 -9 -7 -11
right_child=-2 3 4 5 -6 6 -8 8 -10 10 -12
leaf_value=45.275367354585264 54.891944145156948 -51.906285577696806 -18.552394790860756 12.269236961015151 2.6929988475139539 -7.0713027264841619 -17.454376273446528 -14.946214267819427 -2.8994712242994773 1.3210373762380967 -5.6132996122364389
leaf_weight=50 50 32 36 37 34 32 31 30 39 390 40
leaf_count=50 50 32 36 37 34 32 31 30 39 390 40
internal_value=2.72953 -0.750172 14.0748 -3.5713 -8.24401 -0.980885 -1.85526 -0.941453 -8.15131 0.136863 0.674816
internal_weight=801 751 120 631 70 599 562 531 69 462 430
internal_count=801 751 120 631 70 599 562 531 69 462 430
is_linear=0
shrinkage=0.05


Tree=229
num_leaves=12
num_cat=0
split_feature=24 24 22 0 0 6 24 27 0 24 5
split_gain=5.29564e+07 1.00945e+07 3.25276e+07 1.69159e+07 9.35289e+06 8.85645e+06 4.43139e+06 1.62421e+06 709613 827930 695141
threshold=17036.111111111113 1957.1428571428573 0.68301270189221941 9.5000000000000018 42.000000000000007 2.4500000000000006 10555.555555555557 0.93535928755917841 88.800000000000011 9240.7416666666668 11.250000000000002
decision_type=2 2 2 2 2 2 2 2 2 2 2
left_child=1 2 5 -3 -5 -1 7 8 -6 -10 -9
right_child=-2 3 -4 4 6 -7 -8 10 9 -11 -12
leaf_value=-25.683052760659656 67.655404972317214 -35.190041514291281 52.293014226126871 25.851830251343156 -5.7627279535365474 8.2674693148912919 -20.553835693229473 -13.307238686344704 0.23073318048378702 8.8266471951506844 -3.4704095442240055
leaf_weight=30 30 37 37 32 45 53 30 32 404 30 41
leaf_count=30 30 37 37 32 45 53 30 32 404 30 41
internal_value=2.59304 0.0529794 13.3723 -2.40386 -0.422733 -4.01988 -1.87158 -0.852697 0.206684 0.826829 -7.79482
internal_weight=801 771 120 651 614 83 582 552 479 434 73
internal_count=801 771 120 651 614 83 582 552 479 434 73
is_linear=0
shrinkage=0.05


Tree=230
num_leaves=18
num_cat=0
split_feature=0 4 24 27 24 0 1 6 24 7 2 8 27 14 0 26 2
split_gain=3.75603e+07 7.96987e+07 6.73815e+06 3.13466e+06 7.6614e+06 1.78202e+07 4.56962e+06 2.61905e+06 1.39949e+06 1.38413e+06 1.12225e+06 827434 764053 540190 532979 686697 329373
threshold=14.500000000000002 1008.4500000000002 10852.777777777779 0.098819223632317002 2835.1861111111116 447.85000000000008 0.11805555555555557 4.2500000000000009 5581.666666666667 11.500000000000002 15.747000000000002 6.4500000000000011 -0.72660079619119988 99.500000000000014 85.250000000000014 9.2500000000000018 13.950000000000001
decision_type=2 2 2 2 2 2 2 2 2 2 2 2 2 2 2 2 2
left_child=1 -1 3 6 5 -5 -2 9 10 -6 -8 -11 -12 -13 -10 16 -16
right_child=2 -3 -4 4 7 -7 8 -9 14 11 12 13 -14 -15 15 -17 -18
leaf_value=-17.780076742028182 17.263694138424977 92.831151211224608 -20.819047907365075 -45.176762777040494 8.6963403451694408 2.5853386167495973 -12.962582270898551 -11.093637708561149 -3.8774823780611785 -7.2348087186119301 -6.9818012965837086 7.106684964202171 4.1019962355638242 -0.63036118893988535 1.2876746006938808 -2.8702102704605146 6.8723277541229129
leaf_weight=33 42 32 49 35 52 44 32 50 31 37 31 30 31 90 39 35 82
leaf_count=33 42 32 49 35 52 44 32 50 31 37 31 30 31 90 39 35 82
internal_value=0.384213 36.7336 -2.94824 -1.62052 -4.9858 -18.6054 1.90148 -0.825965 -0.39996 1.63452 -5.37365 -0.708439 -1.44214 1.30817 2.10169 3.29162 5.07491
internal_weight=775 65 710 661 338 79 323 259 281 209 94 157 62 120 187 156 121
internal_count=775 65 710 661 338 79 323 259 281 209 94 157 62 120 187 156 121
is_linear=0
shrinkage=0.05


Tree=231
num_leaves=11
num_cat=0
split_feature=0 28 3 3 24 28 23 1 28 27
split_gain=3.39094e+07 1.14007e+08 8.79841e+06 6.68789e+06 1.32844e+07 5.01654e+06 3.49066e+06 5.93605e+06 6.98669e+06 1.9366e+06
threshold=14.500000000000002 0.18399153619612912 39.650000000000006 44.500000000000007 10852.777777777779 0.96457844552971306 -0.9330127018922193 0.10555555555555557 -0.51974381215551546 0.96900085243778578
decision_type=2 2 2 2 2 2 2 2 2 2
left_child=1 -1 -2 -4 5 6 -5 8 -8 -9
right_child=2 -3 3 4 -6 -7 7 9 -10 -11
leaf_value=-28.30572097308475 -23.002013427673464 104.09620093440704 19.969857667450214 -11.211202624137389 -29.935914935740826 -19.431838327160055 -0.010077657954826263 0.64463831134837801 29.531898807564659 -11.047106290900189
leaf_weight=34 50 31 35 56 41 33 41 376 39 39
leaf_count=34 50 31 35 56 41 33 41 376 39 39
internal_value=0.365074 34.9026 -2.80128 -1.26766 -2.45997 -0.526207 0.609383 1.94867 14.4105 -0.456489
internal_weight=775 65 710 660 625 584 551 495 80 415
internal_count=775 65 710 660 625 584 551 495 80 415
is_linear=0
shrinkage=0.05


Tree=232
num_leaves=14
num_cat=0
split_feature=0 1 28 28 2 0 27 7 8 28 27 7 7
split_gain=3.1077e+07 7.49464e+06 2.72833e+07 1.65402e+07 5.17842e+06 2.0094e+06 1.70555e+06 1.59774e+06 5.6779e+06 1.17761e+06 1.05244e+06 784573 1.02968e+06
threshold=8.5000000000000018 0.13392857142857142 0.2926003356333482 -0.73829900574246976 11.450000000000001 58.400000000000006 0.96683886033945965 11.500000000000002 1.1500000000000001 0.79345403275494197 0.42888796625999276 17.250000000000004 20.550000000000004
decision_type=2 2 2 2 2 2 2 2 2 2 2 2 2
left_child=-1 2 3 -2 -5 -3 7 8 10 11 -7 -9 -13
right_child=1 5 -4 4 -6 6 -8 9 -10 -11 -12 12 -14
leaf_value=37.643057775955057 -21.997778653997273 11.845899131427124 -48.202557610611784 31.688887333026656 3.0279933632348559 -6.2577277607938777 -9.9228907025049597 6.1188589655104417 21.945266843040233 -10.768644767583801 4.9877905620129361 -7.9516088177376023 -0.04192470812694335
leaf_weight=52 47 35 39 31 32 51 44 40 36 30 35 49 254
leaf_count=52 47 35 39 31 32 51 44 40 36 30 35 49 254
internal_value=0.347021 -2.34023 -12.3279 0.423502 17.1589 0.254068 -0.500697 0.338656 5.30324 -1.28612 -1.68053 -0.453835 -1.32327
internal_weight=775 723 149 110 63 574 539 495 122 373 86 343 303
internal_count=775 723 149 110 63 574 539 495 122 373 86 343 303
is_linear=0
shrinkage=0.05


Tree=233
num_leaves=11
num_cat=0
split_feature=0 7 3 3 24 14 14 0 24 23
split_gain=2.81162e+07 7.30584e+07 7.70833e+06 6.07658e+06 1.1833e+07 4.08414e+06 3.04828e+06 5.21546e+06 5.02645e+06 4.73412e+06
threshold=14.500000000000002 21.750000000000004 39.650000000000006 44.500000000000007 10852.777777777779 23.000000000000004 48.000000000000007 730.4000000000002 4506.9444444444453 -0.9330127018922193
decision_type=2 2 2 2 2 2 2 2 2 2
left_child=1 -1 -2 -4 5 -5 -7 9 -9 -8
right_child=2 -3 3 4 -6 6 7 8 -10 -11
leaf_value=87.167108116272573 -21.461446514529385 -18.82928385958294 19.12560365464952 -18.366452679523203 -28.186057186358752 16.018375460333207 -13.56381123441286 -26.251421442602435 -1.1253158602952442 3.5288944615577522
leaf_weight=31 50 34 35 30 41 30 45 35 46 398
leaf_count=31 50 34 35 30 41 30 45 35 46 398
internal_value=0.329748 31.779 -2.55347 -1.11801 -2.25454 -0.42948 0.544967 -0.343793 -12.0013 1.78993
internal_weight=775 65 710 660 625 584 554 524 81 443
internal_count=775 65 710 660 625 584 554 524 81 443
is_linear=0
shrinkage=0.05


Tree=234
num_leaves=18
num_cat=0
split_feature=0 1 21 0 27 0 0 23 6 26 7 6 11 4 2 7 0
split_gain=2.60598e+07 6.66413e+06 2.64325e+07 2.54554e+07 2.72823e+07 1.87365e+06 3.5742e+06 3.7418e+06 1.87436e+06 1.18918e+06 1.64176e+06 1.13507e+06 761095 1.419e+06 1.37496e+06 997673 385123
threshold=8.5000000000000018 0.13392857142857142 0.8902821316614421 447.85000000000008 -0.28435655403991289 167.15000000000003 136.55000000000004 -0.5 2.4500000000000006 10.150000000000004 19.550000000000004 3.4500000000000006 1.0000000180025095e-35 1022.85 15.597000000000003 14.15 245.65000000000003
decision_type=2 2 2 2 2 2 2 2 2 2 2 2 2 2 2 2 2
left_child=-1 2 3 4 -2 6 7 -3 -9 12 -11 -10 -7 14 15 -14 -16
right_child=1 5 -4 -5 -6 9 -8 8 11 10 -12 -13 13 -15 16 -17 -18
leaf_value=34.466246953074624 13.764784837805706 14.614650051185237 -50.226470531116831 34.689508124269608 -44.94271349062646 5.1090680537250748 20.273096566818083 -13.345637275949343 6.3834209016269856 -15.144292257293166 0.51279911281906554 -5.991454930319887 -15.380399772732757 6.6907414738724871 -5.1181705323168609 -4.0460666813132118 1.222886977757683
leaf_weight=52 39 39 34 36 40 53 30 33 42 35 32 33 30 45 30 55 117
leaf_count=52 39 39 34 36 40 53 30 33 42 35 32 33 30 45 30 55 117
internal_value=0.313247 -2.14754 -11.5656 -0.101638 -15.9797 0.298785 4.57559 1.36038 -3.43493 -1.60866 -7.67658 0.937681 -0.374723 -1.42545 -3.00194 -8.05985 -0.073772
internal_weight=775 723 149 115 79 574 177 147 108 397 67 75 330 277 232 85 147
internal_count=775 723 149 115 79 574 177 147 108 397 67 75 330 277 232 85 147
is_linear=0
shrinkage=0.05


Tree=235
num_leaves=12
num_cat=0
split_feature=5 20 28 27 24 27 27 0 27 10 10
split_gain=1.76992e+07 3.2154e+07 1.81227e+07 1.13264e+07 2.62751e+07 1.80551e+07 9.03535e+06 1.15774e+07 8.06482e+06 7.81984e+06 5.08395e+06
threshold=4.6500000000000012 3.6098000000000003 0.87377473702374975 0.95236875646279973 14555.555555555557 0.98930504265984687 0.87795195455888941 31.000000000000004 0.098819223632317002 2.5000000000000004 5.5000000000000009
decision_type=2 2 2 2 2 2 2 2 2 2 2
left_child=2 -2 -1 4 6 -5 7 -3 -4 -9 -11
right_child=1 3 8 5 -6 -7 -8 9 -10 10 -12
leaf_value=-42.856662538615332 46.54982268279776 29.971074401318504 -16.007058639684981 42.277915753592346 -48.047159021320539 -6.4162139209236688 -22.26938377072296 -21.917517907851014 16.993891379207472 14.584374748177247 -0.61210753068367652
leaf_weight=46 39 34 48 38 30 38 42 38 30 65 356
leaf_count=46 39 34 48 38 30 38 42 38 30 65 356
internal_value=-0.638011 2.53064 -18.0025 -0.154433 -2.59306 17.9543 -0.0357196 1.86255 -3.30881 -0.225629 1.73704
internal_weight=804 680 124 641 565 76 535 493 78 459 421
internal_count=804 680 124 641 565 76 535 493 78 459 421
is_linear=0
shrinkage=0.05


Tree=236
num_leaves=12
num_cat=0
split_feature=5 20 28 27 24 27 27 0 27 10 10
split_gain=1.59767e+07 2.90269e+07 1.63599e+07 1.0225e+07 2.37216e+07 1.62992e+07 8.15645e+06 1.04519e+07 7.28059e+06 7.05932e+06 4.58898e+06
threshold=4.6500000000000012 3.6098000000000003 0.87377473702374975 0.95236875646279973 14555.555555555557 0.98930504265984687 0.87795195455888941 31.000000000000004 0.098819223632317002 2.5000000000000004 5.5000000000000009
decision_type=2 2 2 2 2 2 2 2 2 2 2
left_child=2 -2 -1 4 6 -5 7 -3 -4 -9 -11
right_child=1 3 8 5 -6 -7 -8 9 -10 10 -12
leaf_value=-40.718478023773166 44.228284299709003 28.476915944566475 -15.208370459482476 40.169569591712452 -45.652781208329827 -6.096245575326634 -21.158559921971413 -20.824518326886995 16.147019727721169 13.856276559133869 -0.58151073703117084
leaf_weight=46 39 34 48 38 30 38 42 38 30 65 356
leaf_count=46 39 34 48 38 30 38 42 38 30 65 356
internal_value=-0.606159 2.40435 -17.1041 -0.146809 -2.46383 17.059 -0.0339358 1.76964 -3.14331 -0.214434 1.65035
internal_weight=804 680 124 641 565 76 535 493 78 459 421
internal_count=804 680 124 641 565 76 535 493 78 459 421
is_linear=0
shrinkage=0.05


Tree=237
num_leaves=14
num_cat=0
split_feature=0 21 24 2 7 20 8 24 0 8 28 30 24
split_gain=1.48089e+07 1.16966e+07 1.73366e+07 1.03353e+07 7.7192e+06 2.87858e+07 1.12228e+07 6.80116e+06 5.37453e+06 1.44601e+07 3.35642e+06 1.87606e+06 679231
threshold=7.5000000000000009 1.117296083111049 11402.777777777779 9.9000000000000021 9.6500000000000004 4.0277500000000002 6.9500000000000011 6494.4444444444453 483.2000000000001 14.450000000000001 -0.49749486057528974 1.0000000180025095e-35 6375.0000000000009
decision_type=2 2 2 2 2 2 2 2 2 2 2 2 2
left_child=-1 2 4 -3 7 -6 -7 -2 10 -10 -8 12 -5
right_child=1 3 -4 11 5 6 8 -9 9 -11 -12 -13 -14
leaf_value=-31.000823141583624 -31.560368734770652 -37.928827455115083 34.139401674162507 -5.9276260322114567 50.249802606895429 -22.296451069114116 4.5966830458775174 1.5285613105994713 37.608448720502416 0.32958066584712553 -5.7228988477481773 -13.418134850617543 3.8607936175406117
leaf_weight=38 31 30 44 30 31 48 167 31 38 82 149 42 43
leaf_count=38 31 30 44 30 31 48 167 31 38 82 149 42 43
internal_value=-0.575897 0.937276 3.9231 -11.8442 1.61339 3.6208 0.624463 -15.04 3.15241 12.1561 -0.269451 -5.01238 -0.164382
internal_weight=804 766 621 145 577 515 484 62 436 120 316 115 73
internal_count=804 766 621 145 577 515 484 62 436 120 316 115 73
is_linear=0
shrinkage=0.05


Tree=238
num_leaves=12
num_cat=0
split_feature=6 0 27 4 24 7 3 7 0 3 0
split_gain=1.39831e+07 4.79005e+07 4.51483e+07 1.3024e+07 1.60937e+07 8.18406e+06 7.47745e+06 7.40467e+06 6.13723e+06 5.93346e+06 4.98473e+06
threshold=4.6500000000000012 7.5000000000000009 0.78829775591774609 1022.1500000000002 11944.444444444447 9.6500000000000004 68.350000000000009 9.6500000000000004 815.10000000000014 44.150000000000006 58.400000000000006
decision_type=2 2 2 2 2 2 2 2 2 2 2
left_child=1 -1 5 4 7 -2 -5 -3 9 -9 -11
right_child=2 3 -4 6 -6 -7 -8 8 -10 10 -12
leaf_value=-60.982423271112083 15.297025871276857 -18.039070389687215 64.857102427813942 -40.00192155933064 33.917195094435044 -17.617467994650291 -4.7110950361058563 -19.743905035383001 19.149453565342565 20.916494060405967 0.12962394509529235
leaf_weight=34 31 52 33 30 37 48 30 35 46 31 397
leaf_count=34 31 52 33 30 37 48 30 35 46 31 397
internal_value=-0.547198 -3.20057 15.835 -0.206061 2.0235 -4.69858 -22.3938 -0.0856713 1.75164 0.0193599 1.63976
internal_weight=804 692 112 658 598 79 60 561 509 463 428
internal_count=804 692 112 658 598 79 60 561 509 463 428
is_linear=0
shrinkage=0.05


Tree=239
num_leaves=14
num_cat=0
split_feature=27 24 0 1 21 0 24 8 27 0 24 0 0
split_gain=1.2659e+07 2.81942e+07 2.64199e+07 1.18362e+07 5.09258e+07 3.0866e+07 2.00138e+07 1.22545e+07 6.52731e+06 2.37004e+06 1.8561e+06 797709 577444
threshold=0.92093717412624365 4263.8888888888896 7.5000000000000009 0.11805555555555557 0.89678709677419366 184.50000000000003 11944.444444444447 16.350000000000005 0.98370018436603734 58.400000000000006 10199.075000000001 761.50000000000011 88.800000000000011
decision_type=2 2 2 2 2 2 2 2 2 2 2 2 2
left_child=2 -2 -1 4 5 -4 9 -7 -3 -5 11 12 -11
right_child=1 8 3 6 -6 7 -8 -9 -10 10 -12 -13 -14
leaf_value=-45.852509672550866 56.557998865189347 -14.891723596714341 -33.693171839832928 13.461444104470287 -71.277156637198104 46.621696481980699 37.450396547042168 2.1915563699900149 15.039758333922132 -5.0947833800256399 -13.023012633973181 -6.0001749602480716 1.2405362554815438
leaf_weight=34 30 39 36 30 30 31 38 31 34 40 30 52 349
leaf_count=34 30 39 36 30 30 31 38 31 34 40 30 52 349
internal_value=-0.519881 15.8388 -2.92544 -0.730701 -14.3924 3.07613 2.5157 24.446 -0.949461 -0.140974 -1.01005 -0.190067 0.587935
internal_weight=804 103 701 667 128 98 539 62 73 501 471 441 389
internal_count=804 103 701 667 128 98 539 62 73 501 471 441 389
is_linear=0
shrinkage=0.05


Tree=240
num_leaves=14
num_cat=0
split_feature=24 0 14 0 4 0 24 24 20 20 20 0 27
split_gain=1.10109e+07 3.99135e+07 3.5962e+07 2.90636e+07 2.176e+07 4.5101e+06 7.52394e+06 6.65409e+06 1.69668e+06 3.29252e+06 1.86637e+06 903528 746152
threshold=1.0000000180025095e-35 136.55000000000004 100.50000000000001 7.5000000000000009 1001.9500000000002 54.750000000000007 10366.269841269843 12688.750000000002 1.4809000000000003 3.6098000000000003 6.4552750000000012 306.85000000000008 -0.9157879589054253
decision_type=2 2 2 2 2 2 2 2 2 2 2 2 2
left_child=1 -1 -3 -2 -4 7 8 -5 -7 -10 11 -11 -12
right_child=3 2 4 5 -6 6 -8 -9 9 10 12 -13 -14
leaf_value=62.262207005105658 -47.034068010979041 -46.508518130679612 -7.8432317072950939 3.2558354358727435 47.592581559380022 8.7117178280560665 23.980714492058162 -28.255954710345403 -13.021888449781898 14.570342082323686 4.3308121517324993 2.687309529031177 -1.7774979602852892
leaf_weight=32 34 31 38 35 33 54 36 32 48 32 61 32 275
leaf_count=32 34 31 38 35 33 54 36 32 48 32 61 32 275
internal_value=0.610975 13.6367 -1.66433 -2.12226 17.9533 0.40906 1.93321 -11.8142 0.347639 -0.662239 0.82379 8.64237 -0.667575
internal_weight=773 134 102 639 71 605 538 67 502 448 400 64 336
internal_count=773 134 102 639 71 605 538 67 502 448 400 64 336
is_linear=0
shrinkage=0.05


Tree=241
num_leaves=12
num_cat=0
split_feature=6 26 26 0 3 27 7 5 6 6 6
split_gain=1.00963e+07 4.1665e+07 1.16008e+07 2.72331e+07 9.05801e+06 1.82732e+07 4.13881e+06 6.44657e+06 2.87903e+06 2.36861e+06 3.33731e+06
threshold=4.6500000000000012 7.0999999999999996 3.8999999999999999 7.5000000000000009 43.350000000000001 0.59125596962661842 10.450000000000001 8.6500000000000004 5.3500000000000005 4.0500000000000007 3.6500000000000008
decision_type=2 2 2 2 2 2 2 2 2 2 2
left_child=2 8 -1 -4 5 -5 -6 -8 -2 10 -9
right_child=1 -3 3 4 6 -7 7 9 -10 -11 -12
leaf_value=21.900631471780631 5.5974199431900535 61.515978728752486 -48.432720146298038 2.6935179627371948 -11.612285156561546 -46.70636939143828 22.306447161920847 0.70334031124234153 -13.91719791316121 -11.766013869202029 17.102525517335735
leaf_weight=48 33 33 32 47 55 31 39 344 44 33 34
leaf_count=48 33 33 32 47 55 31 39 344 44 33 34
internal_value=0.580575 14.6022 -1.74764 -3.59662 -1.12774 -16.9744 1.32272 2.9059 -5.55731 1.05999 2.18255
internal_weight=773 110 663 615 583 78 505 450 77 411 378
internal_count=773 110 663 615 583 78 505 450 77 411 378
is_linear=0
shrinkage=0.05


Tree=242
num_leaves=13
num_cat=0
split_feature=1 1 1 4 24 6 20 20 3 15 3 20
split_gain=9.82809e+06 4.09494e+07 2.79061e+07 2.4582e+07 2.44501e+07 6.30938e+06 2.11196e+06 2.74308e+06 1.8982e+06 1.74586e+06 1.09355e+06 949438
threshold=1.0000000180025095e-35 0.6000000000000002 0.13392857142857142 1005.85 10750.000000000002 2.9500000000000006 1.4809000000000003 3.6098000000000003 51.45000000000001 1.0000000180025095e-35 70.40000000000002 6.5230000000000006
decision_type=2 2 2 2 2 2 2 2 2 2 2 2
left_child=3 2 -2 5 6 -1 -3 -8 -9 11 -11 -10
right_child=1 4 -4 -5 -6 -7 7 8 9 10 -12 -13
leaf_value=9.7722590024170639 -11.614279455196359 9.4503648849732098 -71.381839844890848 36.974324723710062 45.905978859659179 -19.323191089815758 -12.126550837415667 11.277162548538167 9.5072173213670617 -0.42146050468414364 -10.430771440039457 0.47821137649936163
leaf_weight=34 50 56 32 59 31 41 48 37 33 50 60 242
leaf_count=34 50 56 32 59 31 41 48 37 33 50 60 242
internal_value=0.551542 -2.03072 -34.9968 12.8578 2.82786 -6.13774 0.280784 -0.813529 0.475816 -0.564881 -5.88565 1.56477
internal_weight=773 639 82 134 557 75 526 470 422 385 110 275
internal_count=773 639 82 134 557 75 526 470 422 385 110 275
is_linear=0
shrinkage=0.05


Tree=243
num_leaves=15
num_cat=0
split_feature=6 27 1 1 0 8 24 6 4 20 20 8 24 6
split_gain=9.16304e+06 3.82821e+07 1.2529e+07 4.42464e+07 5.3562e+07 6.30319e+07 8.49823e+06 8.35864e+06 6.31522e+06 1.67592e+06 2.35096e+06 1.08013e+06 622173 324516
threshold=4.6500000000000012 0.78829775591774609 0.6000000000000002 0.13392857142857142 16.500000000000004 8.5500000000000025 10366.269841269843 2.9500000000000006 1010.7500000000001 1.4809000000000003 4.0277500000000002 6.2500000000000009 8673.6111111111113 2.6500000000000008
decision_type=2 2 2 2 2 2 2 2 2 2 2 2 2 2
left_child=2 8 3 4 -1 -6 9 -7 -2 -4 -11 -12 13 -13
right_child=1 -3 6 -5 5 7 -8 -9 -10 10 11 12 -14 -15
leaf_value=50.720319421978978 -17.527860142957859 60.8726205973284 10.147077712437394 -67.090004762115981 -79.310907085455497 16.56633004041101 26.692845261201832 -14.148833520455128 10.822800120356341 -11.405600341538635 8.4137861241018417 -2.4411902103417313 6.6444874216834329 0.96870768368873361
leaf_weight=37 43 31 43 31 31 51 34 39 36 42 44 137 32 142
leaf_count=37 43 31 43 31 31 51 34 39 36 42 44 137 32 142
internal_value=0.523953 13.8818 -1.69404 -12.5755 -1.8439 -17.9459 2.64649 3.25544 -4.61116 0.78271 -0.233854 1.0907 0.0522476 -0.705943
internal_weight=773 110 663 189 158 121 474 90 79 440 397 355 311 279
internal_count=773 110 663 189 158 121 474 90 79 440 397 355 311 279
is_linear=0
shrinkage=0.05


Tree=244
num_leaves=15
num_cat=0
split_feature=24 0 30 0 27 3 24 24 6 0 14 6 8 24
split_gain=9.73864e+06 3.55237e+07 3.47343e+07 2.01509e+07 1.56289e+07 3.576e+06 8.88909e+06 5.15024e+06 2.25281e+06 2.70411e+06 1.87368e+06 1.41823e+06 1.80206e+06 863552
threshold=1.0000000180025095e-35 136.55000000000004 -0.56174490092936669 7.5000000000000009 0.64534213713577271 44.500000000000007 8861.1111111111131 13536.111111111113 5.0500000000000007 58.400000000000006 139.50000000000003 3.4500000000000006 5.1500000000000012 9395.8333333333339
decision_type=2 2 2 2 2 2 2 2 2 2 2 2 2 2
left_child=1 -1 -3 -2 -4 6 -5 8 9 -7 -10 13 -13 -11
right_child=3 2 4 5 -6 7 -8 -9 10 11 -12 12 -14 -15
leaf_value=58.621524047851565 -39.469383220728545 -43.801731502037399 -3.6501511607208665 -4.7799755610135426 44.018877888617112 15.110869663749529 31.180180856001343 -21.103041796668933 -17.167770981284427 -0.76984304413011884 -0.061271592198460817 14.5425012676597 0.38639961078920815 -9.6859564644949785
leaf_weight=32 34 33 37 40 32 32 30 31 33 278 31 34 66 30
leaf_count=32 34 33 37 40 32 32 30 31 33 278 31 34 66 30
internal_value=0.497755 12.7479 -1.68709 -2.07272 18.4889 0.0350796 10.6539 -1.35603 -0.137473 1.13806 -8.89491 0.0387029 5.20924 -1.64117
internal_weight=773 134 102 639 69 605 70 535 504 440 64 408 100 308
internal_count=773 134 102 639 69 605 70 535 504 440 64 408 100 308
is_linear=0
shrinkage=0.05


Tree=245
num_leaves=18
num_cat=0
split_feature=24 14 1 28 1 8 11 1 8 26 10 6 24 24 26 20 8
split_gain=2.04975e+07 9.10171e+06 3.34725e+07 8.83929e+06 1.36579e+07 1.11224e+07 4.1142e+06 1.33589e+07 3.84581e+06 1.72663e+06 1.48962e+06 1.42429e+06 2.09876e+06 1.14344e+06 576565 541693 498129
threshold=18427.500000000004 80.500000000000014 0.095454545454545472 -0.57729161655172734 0.6000000000000002 12.450000000000001 1.5000000000000002 0.15476190476190474 21.950000000000003 7.3500000000000014 1.5000000000000002 4.7500000000000009 9940.7416666666668 4699.0750000000007 6.2500000000000009 8.2814000000000032 20.150000000000002
decision_type=2 2 2 2 2 2 2 2 2 2 2 2 2 2 2 2 2
left_child=1 2 -1 6 5 -5 8 -8 -3 -4 -11 12 13 -6 -9 -15 -16
right_child=-2 3 9 4 11 -7 7 14 -10 10 -12 -13 -14 15 16 -17 -18
leaf_value=56.590757226483994 41.54185823966499 -13.889859791430169 5.9240553192131742 -46.435243554503273 -8.274970611574906 -7.0706354969058216 31.645866290851604 3.4689594443459519 8.076178303514002 -14.366903587670818 -0.33959248845124668 -11.849928889529059 -14.310604764615181 4.9374585923858731 0.56936742888867331 -0.78429160173602996 -8.2607046399797692
leaf_weight=31 30 50 55 38 36 34 45 53 33 30 51 43 30 69 34 103 30
leaf_count=31 30 50 55 38 36 34 45 53 33 30 51 43 30 69 34 103 30
internal_value=1.0696 -0.522758 9.79405 -3.40504 -8.46843 -27.8821 3.89083 8.52686 -5.15711 -0.906551 -5.54626 -3.48595 -1.97044 -0.184568 -0.384458 1.51257 -3.57608
internal_weight=795 765 167 598 353 72 245 162 83 136 81 281 238 208 117 172 64
internal_count=795 765 167 598 353 72 245 162 83 136 81 281 238 208 117 172 64
is_linear=0
shrinkage=0.05


Tree=246
num_leaves=15
num_cat=0
split_feature=0 1 28 24 28 6 0 24 14 24 24 7 14 26
split_gain=3.84378e+07 1.2652e+07 3.78751e+07 2.18609e+07 6.53071e+06 9.16319e+06 4.89973e+06 3.43782e+06 2.14124e+06 1.9265e+06 1.6961e+06 1.25036e+06 839082 652542
threshold=7.5000000000000009 0.11805555555555557 0.45207220393230413 13140.476190476193 -0.91583036384466876 3.1500000000000008 48.050000000000004 10268.519444444444 66.500000000000014 5745.3694444444454 5513.8888888888896 14.250000000000002 143.50000000000003 8.3500000000000032
decision_type=2 2 2 2 2 2 2 2 2 2 2 2 2 2
left_child=-1 2 4 6 -2 -6 -3 8 9 -8 11 -10 -12 -11
right_child=1 3 -4 -5 5 -7 7 -9 10 13 12 -13 -14 -15
leaf_value=48.718711589518335 -20.434936195937766 18.379534817039037 -64.827960952809491 43.067751435980057 23.505857809608248 -11.690465560869614 16.190811621644489 -17.594354849960947 -15.462583079924219 -4.0226278712073595 -5.0759777660829473 -4.1865515884163642 1.7345253346598306 5.7762600766654817
leaf_weight=40 31 32 30 30 39 35 31 32 30 32 58 135 204 36
leaf_count=40 31 32 30 30 39 35 31 32 30 32 58 135 204 36
internal_value=1.01629 -1.5171 -15.382 1.50386 -1.20631 6.86557 -0.616488 -1.70897 -0.739391 5.88225 -2.27565 -6.24489 0.225476 1.16581
internal_weight=795 755 135 620 105 74 590 558 526 99 427 165 262 68
internal_count=795 755 135 620 105 74 590 558 526 99 427 165 262 68
is_linear=0
shrinkage=0.05


Tree=247
num_leaves=17
num_cat=0
split_feature=0 21 8 8 8 2 0 21 21 21 8 0 7 14 20 7
split_gain=3.46993e+07 5.72901e+06 1.02191e+07 1.4539e+07 1.39432e+07 5.74718e+06 5.5869e+06 4.81724e+06 5.37097e+06 5.10703e+06 2.67744e+06 3.6929e+06 1.37697e+06 991185 712982 398181
threshold=7.5000000000000009 0.92121595218940355 3.2500000000000004 -0.44999999999999996 6.1500000000000012 8.0500000000000025 29.650000000000002 0.85255434782608719 0.70550527903469096 0.63813267600761125 2.6000000000000005 101.30000000000001 25.050000000000004 189.50000000000003 8.6603000000000012 18.750000000000004
decision_type=2 2 2 2 2 2 2 2 2 2 2 2 2 2 2 2
left_child=-1 2 3 -2 -4 -3 -6 8 9 -8 -7 -12 -10 14 -13 -15
right_child=1 5 4 -5 6 10 7 -9 12 -11 11 13 -14 15 -16 -17
leaf_value=46.288850054657672 0.8282436783249314 -28.214587625712653 -30.769531335342283 44.715933211593381 21.993040304088908 7.1469322044392571 -2.4845235895815878 12.789556928756109 -7.9451508829112489 16.989959181834312 -23.420061407136757 -3.6789481883646973 -21.053106600897653 3.9660183483406755 -14.498733548072487 -3.2084925167772114
leaf_weight=40 48 30 37 31 30 38 186 58 44 41 30 31 37 30 30 54
leaf_count=40 48 30 37 31 30 38 186 58 44 41 30 31 37 30 30 54
internal_value=0.965568 -1.44147 1.55924 18.0848 -1.45929 -7.76201 1.28635 -0.416445 -2.90665 1.0388 -4.86945 -7.48134 -13.9514 -4.16978 -9.01526 -0.644439
internal_weight=795 755 512 79 433 243 396 366 308 227 213 175 81 145 61 84
internal_count=795 755 512 79 433 243 396 366 308 227 213 175 81 145 61 84
is_linear=0
shrinkage=0.05


Tree=248
num_leaves=15
num_cat=0
split_feature=0 26 6 6 21 24 24 21 21 7 6 24 24 24
split_gain=3.13243e+07 5.57348e+06 1.71461e+07 8.79089e+06 6.6848e+06 2.29905e+07 1.14818e+07 6.00148e+06 5.70787e+06 1.54012e+07 5.09394e+06 4.51599e+06 2.53238e+06 873952
threshold=7.5000000000000009 10.850000000000003 2.4500000000000006 1.7500000000000002 0.67792972831765952 10240.741666666667 10972.222222222224 0.75516150516150526 0.85716367168528429 24.350000000000005 5.0500000000000007 1.0000000180025095e-35 5562.5000000000009 8673.6111111111113
decision_type=2 2 2 2 2 2 2 2 2 2 2 2 2 2
left_child=-1 3 -3 -2 5 10 7 -6 9 -9 11 -5 -10 -13
right_child=1 2 -4 4 6 -7 -8 8 12 -11 -12 13 -14 -15
leaf_value=43.980178336431266 -24.730776427463354 14.005971342067781 -35.675795502210185 18.848499780771686 -21.692680962299587 45.615964266421862 -31.674604282795084 40.860701011898513 -7.2404780931790746 -9.3264349616992117 -16.768279089586013 -0.76944207750329974 2.9252234488747724 8.6212633074320024
leaf_weight=40 34 30 41 44 30 34 32 30 112 31 32 140 135 30
leaf_count=40 34 30 41 44 30 34 32 30 112 31 32 140 135 30
internal_value=0.917411 -1.36958 -14.6933 0.015376 1.3134 7.14089 -3.09731 -0.383184 1.69877 15.3822 1.8068 4.59094 -1.68537 0.891806
internal_weight=795 755 71 684 650 280 370 338 308 61 246 214 247 170
internal_count=795 755 71 684 650 280 370 338 308 61 246 214 247 170
is_linear=0
shrinkage=0.05


Tree=249
num_leaves=14
num_cat=0
split_feature=0 1 29 4 26 24 0 24 27 20 24 26 0
split_gain=2.82776e+07 1.13425e+07 2.61478e+07 6.01254e+07 2.97108e+07 1.87915e+07 4.54584e+06 4.62702e+06 1.8637e+06 1.48443e+06 2.11471e+06 1.27306e+06 768406
threshold=7.5000000000000009 0.10555555555555557 1.0000000180025095e-35 1006.85 7.6500000000000012 13140.476190476193 42.000000000000007 10465.277777777779 0.91236630913977501 7.4042000000000003 5064.8138888888898 8.5500000000000025 322.05000000000007
decision_type=2 2 2 2 2 2 2 2 2 2 2 2 2
left_child=-1 2 4 -4 -2 6 -3 8 9 10 -8 -11 -10
right_child=1 5 3 -5 -6 -7 7 -9 12 11 -12 -13 -14
leaf_value=41.786655918796761 -25.178761308062882 17.846239889745029 5.1663543701171877 -88.884928260372334 44.51015764914478 40.038001720136982 16.084227854069148 -20.57108638674714 -12.639580112467032 0.47767684811645017 1.7626763291799048 -7.1891542040346046 -2.2704261399467907
leaf_weight=40 31 32 39 30 30 30 32 30 39 227 131 71 33
leaf_count=40 31 32 39 30 30 30 32 30 39 227 131 71 33
internal_value=0.871709 -1.30121 -14.7327 -35.7949 9.11115 1.49445 -0.455313 -1.49854 -0.421369 0.747619 4.58244 -1.35077 -7.89686
internal_weight=795 755 130 69 61 625 595 563 533 461 163 298 72
internal_count=795 755 130 69 61 625 595 563 533 461 163 298 72
is_linear=0
shrinkage=0.05


Tree=250
num_leaves=18
num_cat=0
split_feature=26 24 27 26 3 24 6 26 24 2 7 24 3 14 11 2 18
split_gain=1.77917e+07 1.42178e+07 9.8509e+06 1.67273e+07 1.59768e+07 8.97177e+06 6.25156e+06 3.61867e+06 8.28209e+06 1.1779e+07 2.88315e+06 2.79389e+06 1.67173e+06 2.11457e+06 1.24768e+06 2.57091e+06 1.26928e+06
threshold=11.050000000000002 18708.333333333339 0.92093717412624365 8.3500000000000032 51.20000000000001 6437.5000000000009 2.5500000000000003 7.9500000000000011 1.0000000180025095e-35 5.3500000000000005 8.9500000000000011 4078.702777777778 62.850000000000001 233.50000000000003 2.5000000000000004 17.400000000000002 1.0000000180025095e-35
decision_type=2 2 2 2 2 2 2 2 2 2 2 2 2 2 2 2 2
left_child=1 2 4 -4 5 -1 -2 8 9 -6 -7 -9 -13 -14 15 -10 -16
right_child=6 -3 3 -5 7 10 -8 11 14 -11 -12 12 13 -15 16 -17 -18
leaf_value=-42.731695948536377 -11.268126028373693 34.665239819498161 -6.8471997642760982 39.417095773848125 -0.70475521030022659 -22.223811004614902 -43.308270675240962 -18.829298593453654 2.0603098170614396 42.179116148504036 -2.5102580836030093 -8.4477997624492467 12.558571267945 -5.8912962384398204 1.2008420711799332 -11.513771937319675 12.5083350708247
leaf_weight=31 31 30 39 39 33 32 30 31 95 31 44 53 32 30 123 55 31
leaf_count=31 31 30 39 39 33 32 30 31 95 31 44 53 32 30 123 55 31
internal_value=-1.15395 1.01808 -0.430745 16.3057 -2.53521 -20.1032 -27.0707 1.12513 3.76748 20.1004 -10.8291 -5.53301 -1.9355 3.63602 0.323461 -2.92118 3.4837
internal_weight=790 729 699 78 621 107 61 514 368 64 76 146 115 62 304 150 154
internal_count=790 729 699 78 621 107 61 514 368 64 76 146 115 62 304 150 154
is_linear=0
shrinkage=0.05


Tree=251
num_leaves=16
num_cat=0
split_feature=26 24 25 20 4 3 1 1 25 2 29 24 3 21 27
split_gain=1.60626e+07 1.28361e+07 8.97436e+06 2.28769e+07 1.11311e+07 7.50183e+06 9.81279e+06 7.21309e+06 1.34512e+07 5.43718e+06 2.58728e+06 1.96523e+06 1.29945e+06 1.02698e+06 725009
threshold=11.050000000000002 18708.333333333339 7.5648750000000007 4.8232000000000008 1019.35 62.70000000000001 0.6000000000000002 0.06904761904761901 20.654282500000004 8.0500000000000025 1.0000000180025095e-35 8736.1111111111131 67.950000000000017 0.76513342898134873 0.58077876009839902
decision_type=2 2 2 2 2 2 2 2 2 2 2 2 2 2 2
left_child=1 2 4 -4 10 6 -5 8 -7 -2 -1 14 -6 -8 -9
right_child=9 -3 3 5 12 7 13 11 -10 -11 -12 -13 -14 -15 -16
leaf_value=-35.15597586533891 -40.376987258567688 32.937739056051775 44.068472209697376 -32.286336781072485 10.846346046226968 41.764240167445486 -7.8233743340767861 -0.22288943614039894 -0.60051825665053138 -10.493867614182127 -16.330718419082146 9.1490486647554494 -3.4972748368699977 2.9432286308097808 -6.3217438395352064
leaf_weight=34 31 30 31 37 31 32 39 214 45 30 40 50 32 51 63
leaf_count=34 31 30 31 37 31 32 39 214 45 30 40 50 32 51 63
internal_value=-1.09644 0.967349 -0.409279 2.38836 -11.8791 -0.0527766 -10.6477 3.27959 17.0369 -25.7217 -25.016 0.0358749 3.56662 -1.72575 -1.61179
internal_weight=790 729 699 562 137 531 127 404 77 61 74 327 63 90 277
internal_count=790 729 699 562 137 531 127 404 77 61 74 327 63 90 277
is_linear=0
shrinkage=0.05


Tree=252
num_leaves=14
num_cat=0
split_feature=26 11 0 4 0 26 20 27 3 14 14 22 0
split_gain=1.45016e+07 1.18476e+07 2.38724e+07 2.26033e+07 1.46498e+07 1.01165e+07 9.33974e+06 7.38578e+06 4.61388e+06 3.94645e+06 3.80224e+06 2.21525e+06 2.6432e+06
threshold=11.050000000000002 1.0000000180025095e-35 63.500000000000007 1006.4500000000002 105.2 10.150000000000004 8.7850000000000019 0.91236630913977501 45.550000000000004 115.50000000000001 219.50000000000003 0.68301270189221941 871.80000000000007
decision_type=2 2 2 2 2 2 2 2 2 2 2 2 2
left_child=1 4 3 -3 -1 7 -5 8 -4 -2 -6 12 -10
right_child=9 2 5 6 10 -7 -8 -9 11 -11 -12 -13 -14
leaf_value=45.498725529762602 -37.344942438879677 5.951549459784232 21.074837991233181 -61.379375039454196 12.687528261752629 28.436078963320483 -22.784085979645656 -16.771676595814789 -1.3259422463411301 -11.870797838658765 -8.977675219574925 12.175372250459539 14.182305848321249
leaf_weight=30 30 39 32 32 58 35 31 54 315 31 31 42 30
leaf_count=30 30 39 32 32 58 35 31 54 315 31 31 42 30
internal_value=-1.04169 0.919251 -1.89677 -23.9584 15.3438 2.53677 -42.4543 0.614713 2.85892 -24.4398 5.13956 1.34763 0.0263054
internal_weight=790 729 610 102 119 508 63 473 419 61 89 387 345
internal_count=790 729 610 102 119 508 63 473 419 61 89 387 345
is_linear=0
shrinkage=0.05


Tree=253
num_leaves=18
num_cat=0
split_feature=26 27 2 1 1 20 26 28 8 4 6 14 28 28 0 4 6
split_gain=1.30923e+07 1.11202e+07 2.42138e+07 1.55401e+07 3.33612e+07 1.80138e+07 1.63096e+07 2.10718e+07 8.2904e+06 7.36199e+06 5.56179e+06 2.6928e+06 1.17694e+06 731507 741896 678075 493803
threshold=11.050000000000002 0.86958133671945947 11.150000000000002 0.6000000000000002 0.056250000000000008 9.8727 7.9000000000000004 -0.76107606668641947 1.6500000000000001 1016.4500000000002 2.5500000000000003 86.500000000000014 0.87377473702374975 -0.98518361333263327 184.50000000000003 1004.2500000000001 2.5500000000000003
decision_type=2 2 2 2 2 2 2 2 2 2 2 2 2 2 2 2 2
left_child=1 3 11 4 6 -6 7 -1 9 -5 -2 -3 13 -10 15 -15 -16
right_child=10 2 -4 8 5 -7 -8 -9 12 -11 -12 -13 -14 14 16 -17 -18
leaf_value=-7.8947740280066832 -8.3262202357747537 4.8158989878712752 41.651272958650615 35.612703594772476 -70.111773009949744 -19.107442480398209 -25.676622694941582 48.275414786384808 7.6538670637128634 5.4337614764636397 -38.534948409831408 -16.167711771841461 -9.4549472315135112 -2.720486346906998 -4.848101037212377 6.3149994850869335 0.19638250375743033
leaf_weight=36 31 31 49 33 30 41 31 31 34 52 30 30 31 30 80 67 123
leaf_count=36 31 31 49 33 30 41 31 31 34 52 30 30 31 30 80 67 123
internal_value=-0.989734 0.873486 15.515 -1.73048 -14.6533 -40.7269 4.25903 18.1276 3.12491 17.1784 -23.2218 -5.5134 -0.151617 0.714422 -0.0743198 3.52054 -1.79297
internal_weight=790 729 110 619 169 71 98 67 450 85 61 61 365 334 300 97 203
internal_count=790 729 110 619 169 71 98 67 450 85 61 61 365 334 300 97 203
is_linear=0
shrinkage=0.05


Tree=254
num_leaves=14
num_cat=0
split_feature=26 24 8 20 0 3 0 8 1 0 28 6 0
split_gain=1.18197e+07 1.25613e+07 8.60415e+06 2.31409e+07 1.11901e+07 7.98519e+06 1.13425e+07 5.44847e+06 5.44272e+06 1.6951e+07 5.06791e+06 5.02129e+06 2.14332e+06
threshold=11.050000000000002 18708.333333333339 4.9500000000000011 5.539950000000001 106.05000000000001 52.400000000000006 14.500000000000002 1.5000000000000002 0.06904761904761901 384.65000000000003 0.91234096280339505 2.5500000000000003 85.250000000000014
decision_type=2 2 2 2 2 2 2 2 2 2 2 2 2
left_child=1 2 4 -4 -1 -5 -7 10 9 -8 -6 -2 -10
right_child=11 -3 3 5 7 6 8 -9 12 -11 -12 -13 -14
leaf_value=-36.66420384893965 -7.9112476350410184 32.456140572684156 45.060029499396137 -20.912401936003263 19.50129976250301 31.511704330666124 -6.3323365997195005 -17.107387414246244 -13.333639796980572 40.492795024884096 -6.6156567285390668 -36.614603371952853 -1.444559932099339
leaf_weight=33 31 30 30 42 32 30 51 48 43 31 44 30 315
leaf_count=33 31 30 30 42 32 30 51 48 43 31 44 30 315
internal_value=-0.940582 0.82977 -0.532026 2.45392 -10.8352 -0.0508338 1.81743 -3.93734 -0.213865 11.3975 4.39207 -22.0646 -2.87592
internal_weight=790 729 699 542 157 512 470 124 440 82 76 61 358
internal_count=790 729 699 542 157 512 470 124 440 82 76 61 358
is_linear=0
shrinkage=0.05


Tree=255
num_leaves=11
num_cat=0
split_feature=3 20 0 24 0 6 6 26 0 6
split_gain=1.24899e+07 2.50798e+07 1.49926e+07 1.62209e+07 9.03337e+06 4.03329e+06 4.01916e+06 5.19148e+06 4.28201e+06 2.10182e+06
threshold=44.500000000000007 1.7719000000000003 7.5000000000000009 13992.361111111113 52.600000000000009 1.7500000000000002 5.0500000000000007 5.950000000000002 982.40000000000009 2.5500000000000003
decision_type=2 2 2 2 2 2 2 2 2 2
left_child=1 -1 -2 4 -4 -6 8 -8 9 -7
right_child=2 -3 3 -5 5 6 7 -9 -10 -11
leaf_value=-8.3342527004673315 -36.998835887465368 45.340136705158443 24.709195972967024 -36.795589935581553 -17.413558255052987 -4.0585434329063892 1.6897974698971483 -26.625276979655521 18.394476584648491 2.9767959314520054
leaf_weight=45 30 42 37 30 34 163 35 30 36 304
leaf_count=45 30 42 37 30 34 163 35 30 36 304
internal_value=-0.254588 17.5998 -2.47901 -0.925731 0.763786 -0.711793 0.290841 -11.3994 1.80349 0.520853
internal_weight=786 87 699 669 639 602 568 65 503 467
internal_count=786 87 699 669 639 602 568 65 503 467
is_linear=0
shrinkage=0.05


Tree=256
num_leaves=19
num_cat=0
split_feature=0 11 24 4 0 24 25 24 27 6 8 24 27 2 6 24 24 0
split_gain=1.02725e+07 1.65397e+07 3.5571e+07 1.39293e+07 1.26473e+07 8.25208e+06 4.39409e+06 2.0938e+07 6.01115e+06 1.04274e+07 4.22069e+06 6.77748e+06 3.80621e+06 2.69745e+06 2.0576e+06 3.11384e+06 933075 249037
threshold=137.95000000000002 1.0000000180025095e-35 15720.833333333334 1012.2500000000001 31.000000000000004 9995.3694444444463 9.4584350000000015 4347.2222222222235 0.7266007961912001 3.7500000000000004 16.850000000000005 5087.9638888888894 0.94970904815366264 15.597000000000003 3.7500000000000004 3986.1111111111118 6342.5916666666672 533.55000000000007
decision_type=2 2 2 2 2 2 2 2 2 2 2 2 2 2 2 2 2 2
left_child=1 -1 3 4 -3 6 7 -2 10 12 11 -8 -10 -6 15 -12 -9 -17
right_child=5 2 -4 -5 13 -7 8 16 9 -11 14 -13 -14 -15 -16 17 -18 -19
leaf_value=19.754498425215971 44.458770220949575 29.875383079448138 -64.574927609465846 -26.618080449529302 -15.682478231119124 29.146507609167767 31.540091768689333 -5.9607864615035382 -11.581178867107802 -33.119372830295838 -18.13923324128718 1.5069820627718868 12.962722448025165 1.4544596806139956 8.6068419468651793 -1.4819747237230512 3.4194640229704589 3.789810700566056
leaf_weight=43 33 33 30 56 41 30 30 51 31 35 30 50 32 52 43 80 55 31
leaf_count=43 33 33 30 56 41 30 30 51 31 35 30 50 32 52 43 80 55 31
internal_value=-0.242094 -8.48864 -14.2238 -5.89328 3.3315 3.71896 2.19083 9.74408 -0.711333 -11.2799 3.21463 12.7948 0.886271 -6.10921 -0.955318 -3.87551 -1.09499 -0.00754332
internal_weight=786 255 212 182 126 531 501 139 362 98 264 80 63 93 184 141 106 111
internal_count=786 255 212 182 126 531 501 139 362 98 264 80 63 93 184 141 106 111
is_linear=0
shrinkage=0.05


Tree=257
num_leaves=17
num_cat=0
split_feature=20 5 4 8 8 24 24 4 27 11 1 8 1 4 7 6
split_gain=1.19011e+07 2.9528e+07 1.25227e+07 1.11321e+07 1.81491e+07 1.10953e+07 9.08458e+06 5.93863e+06 3.22537e+06 2.60286e+06 7.60521e+06 7.49458e+06 6.79497e+06 2.80591e+06 1.70291e+06 1.06361e+06
threshold=4.0277500000000002 5.3500000000000005 1014.4500000000002 6.1500000000000012 7.4500000000000011 15300.000000000002 5562.5000000000009 1019.5500000000001 0.95992380042979863 1.5000000000000002 0.15476190476190474 18.050000000000004 0.11805555555555557 1005.0500000000001 20.550000000000004 3.8500000000000001
decision_type=2 2 2 2 2 2 2 2 2 2 2 2 2 2 2 2
left_child=1 2 -1 6 -5 8 -2 -4 9 12 11 -11 -6 -14 -12 -9
right_child=3 -3 7 4 5 -7 -8 15 -10 10 14 -13 13 -15 -16 -17
leaf_value=26.337759989482038 -42.959270424066595 49.660459384771876 -27.738101620848393 35.454374193532452 -26.481515352212348 -32.750259400047739 -6.3761278703694444 -6.9230273359131589 -14.881105307854003 34.190136114852308 -10.416120128259223 0.51604837146770555 9.7646827496638906 -6.3778659017489723 0.27985738007779076 6.0644734868575574
leaf_weight=33 30 39 30 32 31 30 39 33 41 33 46 33 44 69 193 30
leaf_count=33 30 39 30 32 31 30 39 33 41 33 46 33 44 69 193 30
internal_value=-0.229929 11.7018 -0.0772685 -3.40159 -1.03303 -3.28481 -22.3211 -9.46862 -1.47447 -0.247208 2.36853 17.3794 -5.78531 -0.0891514 -1.78226 -0.738614
internal_weight=786 165 126 621 552 520 69 93 490 449 305 66 144 113 239 63
internal_count=786 165 126 621 552 520 69 93 490 449 305 66 144 113 239 63
is_linear=0
shrinkage=0.05


Tree=258
num_leaves=18
num_cat=0
split_feature=3 1 11 24 27 2 24 15 8 5 27 4 24 4 4 10 21
split_gain=1.11882e+07 9.9104e+06 1.64399e+07 3.44208e+07 2.3602e+07 8.78649e+06 7.66831e+06 1.78255e+06 1.43163e+06 935211 795606 1.28836e+06 794172 519292 439527 726821 217202
threshold=38.95000000000001 0.6000000000000002 1.0000000180025095e-35 14555.555555555557 0.79356426026969662 4.7500000000000009 10319.444444444447 1.0000000180025095e-35 6.9500000000000011 16.550000000000004 0.26781182513105634 1012.2500000000001 5541.666666666667 1009.7500000000001 1000.9500000000002 9.5000000000000018 0.86864864864864877
decision_type=2 2 2 2 2 2 2 2 2 2 2 2 2 2 2 2 2
left_child=-1 2 -2 4 5 -4 7 10 -9 -10 12 -12 13 16 -14 -16 -3
right_child=1 6 3 -5 -6 -7 -8 8 9 -11 11 -13 14 -15 15 -17 -18
leaf_value=22.644489397212656 22.2028575504341 -2.7159910646788887 -11.483055969376682 -66.231416115174667 -45.52756183155352 18.587445727029262 24.952250845698796 -13.112132263183595 2.6139641953043489 -7.7779760392418851 -0.86068397892131954 11.604377975787834 8.0726942784762468 -7.0832952566877045 -2.2744406525536487 4.3976512420316816 3.1118645654564285
leaf_weight=50 30 34 44 30 30 54 33 38 54 36 37 47 30 43 72 94 30
leaf_count=50 30 34 44 30 30 54 33 38 54 36 37 47 30 43 72 94 30
internal_value=-0.218513 -1.77458 -11.6771 -18.12 -6.80095 5.08841 1.62414 0.124762 -4.98784 -1.54678 1.81661 6.11926 0.62216 -2.84069 2.51311 1.50407 0.0163312
internal_weight=786 736 188 158 128 98 548 515 128 90 387 84 303 107 196 166 64
internal_count=786 736 188 158 128 98 548 515 128 90 387 84 303 107 196 166 64
is_linear=0
shrinkage=0.05


Tree=259
num_leaves=15
num_cat=0
split_feature=3 0 0 24 0 7 7 3 10 27 29 29 7 24
split_gain=1.00997e+07 1.54592e+07 4.58458e+06 1.2441e+07 7.21396e+06 6.00386e+06 2.55772e+07 1.50768e+07 4.22087e+06 4.13109e+06 2.7032e+06 2.40468e+06 2.21055e+06 1.90421e+06
threshold=38.95000000000001 7.5000000000000009 137.95000000000002 13249.107142857147 58.400000000000006 12.950000000000001 10.600000000000001 51.20000000000001 4.5000000000000009 0.94697898371965716 0.87837969732492682 0.6078576107927941 7.7500000000000009 3091.1111111111118
decision_type=2 2 2 2 2 2 2 2 2 2 2 2 2 2
left_child=-1 -2 3 4 -3 6 12 -7 -6 10 13 -10 -4 -9
right_child=1 2 5 -5 8 7 -8 9 11 -11 -12 -13 -14 -15
leaf_value=21.51452442595583 -36.185462182587749 15.822433863299384 3.8339785825141464 -36.198474833973222 -23.470058503104941 -29.702393173160701 49.547625373713565 -10.30448789497423 4.5148269558125964 18.219425149351906 11.256490070257634 -11.698693397892711 -12.734059759121616 0.73917243764459206
leaf_weight=50 31 45 57 30 31 40 33 48 55 38 51 39 31 207
leaf_count=50 31 45 57 30 31 40 33 48 55 38 51 39 31 207
internal_value=-0.207834 -1.68627 -0.164357 -6.56948 -1.3226 2.37311 12.0802 -0.687978 -7.50256 2.69343 0.760024 -2.21729 -2.01026 -1.34284
internal_weight=786 736 705 200 170 505 121 384 125 344 306 94 88 255
internal_count=786 736 705 200 170 505 121 384 125 344 306 94 88 255
is_linear=0
shrinkage=0.05


Tree=260
num_leaves=18
num_cat=0
split_feature=0 24 28 1 1 0 6 26 28 14 20 6 4 24 2 0 28
split_gain=3.64622e+07 1.71918e+07 8.36458e+06 2.37047e+07 7.66881e+06 5.39918e+06 2.65662e+06 3.40936e+06 3.06018e+06 2.99563e+06 1.10608e+06 984586 931069 575246 615680 289338 348769
threshold=7.5000000000000009 15300.000000000002 -0.47495107206705001 0.10555555555555557 0.6000000000000002 306.85000000000008 4.5500000000000007 6.5500000000000007 0.93225468035816128 74.500000000000014 6.4019000000000013 3.2500000000000004 1016.4500000000002 5541.666666666667 17.400000000000002 400.80000000000007 -0.8520459593969173
decision_type=2 2 2 2 2 2 2 2 2 2 2 2 2 2 2 2 2
left_child=-1 2 4 -4 5 -2 8 -8 9 11 -11 -5 -10 14 -6 16 -15
right_child=1 -3 3 6 13 -7 7 -9 12 10 -12 -13 -14 15 -16 -17 -18
leaf_value=47.080121686640069 32.795351798836435 -40.075498438990394 -36.286389676628879 5.7205855274979633 -7.9848199574478897 5.7829132085219221 -0.3530734753086619 -21.927039705950691 -15.973195780194875 -7.4146994251242564 1.4820756415537892 17.433984154259036 -3.6120669625579738 4.4617711188720532 0.76299844056428567 6.9019136767846794 -2.5900478200828578
leaf_weight=38 37 30 55 37 34 37 41 33 30 44 168 35 31 36 49 30 34
leaf_count=38 37 30 55 37 34 37 41 33 30 44 168 35 31 36 49 30 34
internal_value=-0.653326 -3.04274 -1.51765 -5.4556 5.74462 19.3152 -1.40089 -9.99057 0.443876 2.62696 -0.367027 11.431 -9.70759 0.249469 -2.82568 2.80217 1.03772
internal_weight=799 761 731 474 257 74 419 74 345 284 212 72 61 183 83 100 70
internal_count=799 761 731 474 257 74 419 74 345 284 212 72 61 183 83 100 70
is_linear=0
shrinkage=0.05


Tree=261
num_leaves=17
num_cat=0
split_feature=0 24 28 1 8 0 7 7 24 6 28 14 18 21 0 7
split_gain=3.29162e+07 1.55211e+07 7.55106e+06 2.13974e+07 7.50703e+06 6.33948e+06 3.70286e+06 4.74527e+06 2.59655e+06 2.4238e+06 2.70883e+06 2.97078e+06 2.0969e+06 1.12953e+06 1.03153e+06 984969
threshold=7.5000000000000009 15300.000000000002 -0.47495107206705001 0.10555555555555557 14.450000000000001 174.15000000000003 25.750000000000004 28.850000000000005 4532.4083333333338 4.8500000000000005 0.88999460902669758 74.500000000000014 1.0000000180025095e-35 0.83991341991342006 102.05000000000003 9.8500000000000032
decision_type=2 2 2 2 2 2 2 2 2 2 2 2 2 2 2 2
left_child=-1 2 4 -4 -2 -6 8 -8 -7 10 11 13 -11 -5 -13 -12
right_child=1 -3 3 9 5 6 7 -9 -10 12 15 14 -14 -15 -16 -17
leaf_value=44.732294556224758 28.921480566005773 -38.078379856629233 -34.47536266555371 19.040719186586397 16.931136678161895 -22.725360079698785 13.24972697983026 -7.6048009061459769 -2.259635324270183 -19.632767687119856 -3.5562501281674828 5.6096889997783457 -1.1002736096960364 5.8062578047782267 -2.3412810157773452 -14.972075830503952
leaf_weight=38 30 30 55 30 56 30 56 53 32 31 51 55 30 35 157 30
leaf_count=38 30 30 55 30 56 30 56 53 32 31 51 55 30 35 157 30
internal_value=-0.620746 -2.891 -1.44191 -5.18346 5.45817 2.3459 -2.43763 3.11173 -12.1831 -1.33114 0.23964 2.59188 -10.5352 11.9344 -0.276833 -7.79764
internal_weight=799 761 731 474 257 227 171 109 62 419 358 277 61 65 212 81
internal_count=799 761 731 474 257 227 171 109 62 419 358 277 61 65 212 81
is_linear=0
shrinkage=0.05


Tree=262
num_leaves=16
num_cat=0
split_feature=0 24 28 1 1 29 24 20 6 20 28 28 28 24 14
split_gain=2.97151e+07 1.40128e+07 6.81618e+06 1.93148e+07 7.00181e+06 1.54716e+07 2.29552e+06 1.89299e+06 2.57734e+06 1.88883e+06 1.57908e+06 510626 852455 203240 143157
threshold=7.5000000000000009 15300.000000000002 -0.47495107206705001 0.10555555555555557 0.6000000000000002 1.0000000180025095e-35 10750.000000000002 1.4809000000000003 4.8500000000000005 4.0277500000000002 0.93225468035816128 -0.8520459593969173 -0.62538740722492581 6342.5916666666672 217.50000000000003
decision_type=2 2 2 2 2 2 2 2 2 2 2 2 2 2 2
left_child=-1 2 4 -4 5 -2 7 10 9 -9 -5 13 14 -6 -13
right_child=1 -3 3 6 11 -7 -8 8 -10 -11 -12 12 -14 -15 -16
leaf_value=42.501548189378475 -4.7128022769712059 -36.180786998406596 -32.754723767316925 15.672572400255602 0.76124571472041036 40.96961739558094 -14.567531152262641 -8.4527410433164576 -13.194700179886929 1.947706679736867 0.18874403031123671 -8.6425497847142001 3.8923189842812373 5.6429754078213428 -3.7395382662548182
leaf_weight=38 37 30 55 31 57 37 30 54 43 226 35 30 32 34 30
leaf_count=38 37 30 55 31 57 37 30 54 43 226 35 30 32 34 30
internal_value=-0.589787 -2.74683 -1.36994 -4.92477 5.18578 18.1528 -1.26472 -0.235303 -1.81247 -0.0603778 7.47423 -0.0647451 -2.69009 2.58944 -6.20143
internal_weight=799 761 731 474 257 74 419 389 323 280 66 183 92 91 60
internal_count=799 761 731 474 257 74 419 389 323 280 66 183 92 91 60
is_linear=0
shrinkage=0.05


Tree=263
num_leaves=17
num_cat=0
split_feature=0 24 0 2 24 21 6 14 14 24 21 24 6 22 24 0
split_gain=2.68253e+07 1.2651e+07 6.47234e+06 4.9828e+06 1.57587e+07 2.12853e+07 1.08777e+07 2.52257e+06 2.48726e+06 3.96406e+06 2.38428e+06 1.9525e+06 985415 802767 770055 313226
threshold=7.5000000000000009 15300.000000000002 31.000000000000004 11.150000000000002 2835.1861111111116 0.45059921962095878 5.2500000000000009 76.500000000000014 140.50000000000003 2608.8888888888891 0.19828582434514638 4699.0750000000007 4.5500000000000007 -0.6830127018922193 7907.4083333333338 241.55000000000004
decision_type=2 2 2 2 2 2 2 2 2 2 2 2 2 2 2 2
left_child=-1 2 -2 4 5 -4 8 10 11 -10 -6 -5 14 -11 -9 -13
right_child=1 -3 3 6 7 -7 -8 12 9 13 -12 15 -14 -15 -16 -17
leaf_value=40.38204995653448 19.340750562715399 -34.377756921001449 -1.5179781970309441 -17.788079057791442 -1.4395983443969138 -56.282776511519536 30.221831788097905 0.052467022981161286 18.204824966479727 -4.0408637888424748 15.233874526111473 -6.137960810891812 -12.974073652650825 1.8246747118566529 -8.716226783274319 0.91330793513808128
leaf_weight=38 36 30 37 33 49 34 30 77 31 105 38 33 30 131 37 30
leaf_count=38 36 30 37 33 49 34 30 77 31 105 38 33 30 131 37 30
internal_value=-0.560364 -2.60984 -1.30156 -2.37344 -7.20189 -27.7857 1.33784 -0.865946 -1.05692 1.42527 5.85214 -7.95485 -4.92607 -0.785578 -2.79861 -2.78401
internal_weight=799 761 731 695 302 71 393 231 363 267 87 96 144 236 114 63
internal_count=799 761 731 695 302 71 393 231 363 267 87 96 144 236 114 63
is_linear=0
shrinkage=0.05


Tree=264
num_leaves=11
num_cat=0
split_feature=0 24 0 24 27 6 27 0 26 14
split_gain=2.42165e+07 1.14216e+07 5.84298e+06 4.50686e+06 5.01934e+06 8.98623e+06 3.24151e+06 3.12007e+06 3.57764e+06 1.89588e+06
threshold=7.5000000000000009 15300.000000000002 31.000000000000004 10555.555555555557 0.93535928755917841 3.8500000000000001 0.85873214889986926 93.250000000000014 7.7499999999999991 268.50000000000006
decision_type=2 2 2 2 2 2 2 2 2 2
left_child=-1 2 -2 4 6 -6 7 9 -9 -4
right_child=1 -3 3 -5 5 -7 -8 8 -10 -11
leaf_value=38.368242554652099 18.376392353142396 -32.664580143012877 -20.356311638727536 -20.858426010723665 -0.80201366019971454 -34.678883765464604 13.653453560906181 3.9800556313534603 -4.9568550168772934 -2.5851582235672153
leaf_weight=38 36 30 30 31 56 30 42 296 180 30
leaf_count=38 36 30 30 31 56 30 42 296 180 30
internal_value=-0.532453 -2.47972 -1.23664 -2.25507 -1.38353 -12.6461 0.294114 -0.755043 0.60021 -11.4899
internal_weight=799 761 731 695 664 86 578 536 476 60
internal_count=799 761 731 695 664 86 578 536 476 60
is_linear=0
shrinkage=0.05


end of trees

feature_importances:
avg_weight_price_ratio=947
trade_quantity=467
avg_weight_kg=258
humidity=231
temp_range=215
wind_speed=203
day_of_year=175
temp_humidity=165
pressure=148
min_temperature=140
day_of_year_sin=140
water_temp_ratio=136
day_of_year_cos=135
max_temperature=133
water_temperature=118
avg_temperature=74
day_of_week=47
temp_pressure=36
day_of_week_sin=35
rainfall=28
month=26
month_cos=22
month_sin=15
day_of_week_cos=14
spring=7
summer=6
fall=5
winter=5
peak_season=3

parameters:
[boosting: gbdt]
[objective: regression]
[metric: l1]
[tree_learner: serial]
[device_type: cpu]
[data_sample_strategy: bagging]
[data: ]
[valid: ]
[num_iterations: 500]
[learning_rate: 0.05]
[num_leaves: 31]
[num_threads: 0]
[seed: 42]
[deterministic: 0]
[force_col_wise: 0]
[force_row_wise: 0]
[histogram_pool_size: -1]
[max_depth: 8]
[min_data_in_leaf: 30]
[min_sum_hessian_in_leaf: 0.001]
[bagging_fraction: 0.8]
[pos_bagging_fraction: 1]
[neg_bagging_fraction: 1]
[bagging_freq: 5]
[bagging_seed: 400]
[bagging_by_query: 0]
[feature_fraction: 0.8]
[feature_fraction_bynode: 1]
[feature_fraction_seed: 30056]
[extra_trees: 0]
[extra_seed: 12879]
[early_stopping_round: 0]
[early_stopping_min_delta: 0]
[first_metric_only: 0]
[max_delta_step: 0]
[lambda_l1: 0.1]
[lambda_l2: 0.1]
[linear_lambda: 0]
[min_gain_to_split: 0.05]
[drop_rate: 0.1]
[max_drop: 50]
[skip_drop: 0.5]
[xgboost_dart_mode: 0]
[uniform_drop: 0]
[drop_seed: 17869]
[top_rate: 0.2]
[other_rate: 0.1]
[min_data_per_group: 100]
[max_cat_threshold: 32]
[cat_l2: 10]
[cat_smooth: 10]
[max_cat_to_onehot: 4]
[top_k: 20]
[monotone_constraints: ]
[monotone_constraints_method: basic]
[monotone_penalty: 0]
[feature_contri: ]
[forcedsplits_filename: ]
[refit_decay_rate: 0.9]
[cegb_tradeoff: 1]
[cegb_penalty_split: 0]
[cegb_penalty_feature_lazy: ]
[cegb_penalty_feature_coupled: ]
[path_smooth: 0]
[interaction_constraints: ]
[verbosity: -1]
[saved_feature_importance_type: 0]
[use_quantized_grad: 0]
[num_grad_quant_bins: 4]
[quant_train_renew_leaf: 0]
[stochastic_rounding: 1]
[linear_tree: 0]
[max_bin: 255]
[max_bin_by_feature: ]
[min_data_in_bin: 3]
[bin_construct_sample_cnt: 200000]
[data_random_seed: 175]
[is_enable_sparse: 1]
[enable_bundle: 1]
[use_missing: 1]
[zero_as_missing: 0]
[feature_pre_filter: 1]
[pre_partition: 0]
[two_round: 0]
[header: 0]
[label_column: ]
[weight_column: ]
[group_column: ]
[ignore_column: ]
[categorical_feature: ]
[forcedbins_filename: ]
[precise_float_parser: 0]
[parser_config_file: ]
[objective_seed: 16083]
[num_class: 1]
[is_unbalance: 0]
[scale_pos_weight: 1]
[sigmoid: 1]
[boost_from_average: 1]
[reg_sqrt: 0]
[alpha: 0.9]
[fair_c: 1]
[poisson_max_delta_step: 0.7]
[tweedie_variance_power: 1.5]
[lambdarank_truncation_level: 30]
[lambdarank_norm: 1]
[label_gain: ]
[lambdarank_position_bias_regularization: 0]
[eval_at: ]
[multi_error_top_k: 1]
[auc_mu_weights: ]
[num_machines: 1]
[local_listen_port: 12400]
[time_out: 120]
[machine_list_filename: ]
[machines: ]
[gpu_platform_id: -1]
[gpu_device_id: -1]
[gpu_use_dp: 0]
[num_gpu: 1]

end of parameters

pandas_categorical:[]
