tree
version=v4
num_class=1
num_tree_per_iteration=1
label_index=0
max_feature_idx=30
objective=regression
feature_names=trade_quantity avg_weight_kg water_temperature humidity pressure avg_temperature wind_speed max_temperature min_temperature rainfall month day_of_week is_weekend quarter day_of_year spring summer fall winter peak_season temp_humidity water_temp_ratio month_sin month_cos avg_weight_price_ratio temp_pressure temp_range day_of_year_sin day_of_year_cos day_of_week_sin day_of_week_cos
feature_infos=[1:4641.5] [0:2.5] [-0.69999999999999996:28.199999999999999] [20:99.900000000000006] [984:1034.7] [-8.1999999999999993:31.5] [0.90000000000000002:11.699999999999999] [-5.2999999999999998:36.700000000000003] [-12.199999999999999:27.600000000000001] [0:208.69999999999999] [1:12] [0:5] [0:1] [1:4] [2:364] [0:1] [0:1] [0:1] [0:1] [0:1] [-6.3121:25.866200000000003] [-52.500000000000014:31.500000000000007] [-1:1] [-1:1] [0:22500] [-8.3033199999999994:31.666949999999996] [1.2000000000000028:16.699999999999999] [-0.99991665865473789:0.99991665865473789] [-0.99996295911626554:0.99985183920911624] [-0.97492791218182362:0.97492791218182362] [-0.90096886790241903:1]
tree_sizes=2044 2074 2152 1984 2064 2233 1988 2063 2151 2154 2039 1980 2076 2066 2072 2067 1977 2154 2217 2071 2135 1985 2157 2152 2220 2125 2066 2071 2056 2158 2073 2064 1904 2142 2053 2068 2159 1979 2067 1980 2131 2160 2312 2389 2155 1973 1984 2053 1974 2050 2145 2063 1815 1988 2047 2047 2101 2380 2218 1966 2296 2078 2162 2079 1578 1975 1809 1906 2144 1827 2048 1738 1746 1741 1478 1889 1316 1233 1876 1899 2268 1644 1485 1473 1562 1826 1958 1960 1959 1568 1416 1417 1414 1499 1727 1801 1895 1730 1796 1733 2047 1725 2033 1656 1651 1238 1571 1783 1324 1867 1739 1480 1407 1485 1467 1502 1795 1635 1559 1718 2049 1456 1960 1392 1654 1496 1646 1485 1484 1486 1471 1622 1486 1315 1729 1408 1393 1393 1483 1647

Tree=0
num_leaves=23
num_cat=0
split_feature=24 0 24 27 1 0 24 24 24 24 1 24 24 14 24 24 24 25 7 28 27 20
split_gain=1.70554e+10 2.79693e+09 2.53826e+09 8.45405e+08 1.03814e+09 7.26265e+08 5.32227e+08 4.29406e+08 4.05893e+08 3.72435e+08 5.98483e+08 3.39378e+08 1.49582e+08 9.66832e+07 6.9762e+07 4.58659e+07 3.83475e+07 3.7763e+07 1.97562e+07 1.59563e+07 1.13654e+07 5.69521e+06
threshold=8188.8888888888896 756.05000000000007 11574.075000000001 0.30901413279605805 0.65000000000000013 4.1000000000000005 6193.2861111111115 3020.0000000000005 6349.5361111111115 16090.277777777779 0.65000000000000013 9436.5079365079382 12894.444444444447 135.00000000000003 10488.888888888891 7283.3333333333339 9041.6666666666679 20.388840000000005 15.950000000000001 0.21771516573566826 -0.20087381264151988 9.5323500000000028
decision_type=2 2 2 2 2 2 2 2 2 2 2 2 2 2 2 2 2 2 2 2 2 2
left_child=1 5 11 4 -3 -1 13 17 -6 10 -4 16 -12 18 19 -10 20 -7 -5 -13 -2 -20
right_child=2 3 9 6 8 7 -8 -9 15 -11 12 14 -14 -15 -16 -17 -18 -19 21 -21 -22 -23
leaf_value=13752.048023211359 14006.048482288808 14085.145923659402 14155.675888202268 13743.823562373433 13707.352027494886 13423.215796180075 13871.422415062176 13669.188297416218 13841.193379213735 14492.408038394804 14318.423956782421 14070.67699579386 14475.68144984609 13624.035997423871 14178.080507418736 13914.270554715895 14052.046000252343 13496.792490861126 13679.19194725773 14121.637474564139 13964.878659187152 13714.85829386158
leaf_weight=39 35 49 43 40 52 58 55 30 37 34 32 30 32 42 50 51 33 34 30 37 33 30
leaf_count=39 35 49 43 40 52 58 55 30 37 34 32 30 32 42 50 51 33 34 30 37 33 30
internal_value=13914.4 13738.6 14182.1 13811.7 13887.3 13563.6 13739.3 13503.6 13818 14347.4 14300.8 14075.1 14397.8 13688.1 14133 13883.5 14007.8 13449.9 13715.3 14099.1 13986.2 13696.7
internal_weight=906 547 359 386 189 161 197 122 140 141 107 218 64 142 117 88 101 92 100 67 68 60
internal_count=906 547 359 386 189 161 197 122 140 141 107 218 64 142 117 88 101 92 100 67 68 60
is_linear=0
shrinkage=1


Tree=1
num_leaves=23
num_cat=0
split_feature=24 24 1 24 1 14 24 24 24 1 24 24 27 24 24 24 24 24 21 14 24 24
split_gain=1.5414e+10 2.48073e+09 1.73917e+09 7.16742e+08 1.39964e+09 1.12036e+09 1.00054e+09 3.62561e+08 3.36228e+08 5.40353e+08 2.01011e+08 1.52022e+08 1.35055e+08 1.35042e+08 6.29587e+07 4.23182e+07 2.48401e+07 1.90791e+07 1.7191e+07 1.03086e+07 6.15988e+06 2.29558e+06
threshold=8013.8888888888896 11574.075000000001 1.2500000000000002 6672.2222222222235 0.18333333333333332 199.50000000000003 4317.4599206349221 9436.5079365079382 16090.277777777779 0.65000000000000013 1782.8571428571431 5737.655555555556 0.56314550935064711 12894.444444444447 10488.888888888891 9041.6666666666679 7342.5916666666672 5027.7777777777783 0.78490852636987074 169.50000000000003 6096.2972222222224 7754.6277777777786
decision_type=2 2 2 2 2 2 2 2 2 2 2 2 2 2 2 2 2 2 2 2 2 2
left_child=2 7 3 4 5 12 -6 15 9 -3 -4 17 -1 -11 18 19 -5 -8 -9 -2 -13 -18
right_child=1 8 10 16 6 -7 11 14 -10 13 -12 20 -14 -15 -16 -17 21 -19 -20 -21 -22 -23
leaf_value=-78.917928491858092 37.011348967230212 225.52881734542666 -495.66117690659632 -59.593915802943506 -432.73827430996198 186.73065224433537 -269.68702404744602 195.77071827389196 545.48096934567445 380.17426255841121 -319.29036146942826 -153.93962951856409 -196.55106342186232 529.59334477219625 246.81158767669737 127.07308965492824 -22.722428506631346 -217.20207564658909 143.34128991031955 73.642353290696974 -122.54811355704975 -3.4710957321217686
leaf_weight=48 31 43 36 55 59 36 30 36 34 32 31 31 50 32 50 33 32 54 31 52 40 30
leaf_count=48 31 43 36 55 59 36 30 36 34 32 31 31 50 32 50 33 32 54 31 52 40 30
internal_value=-3.72868 242.206 -176.636 -142.259 -178.245 -51.4704 -257.565 141.932 407.688 363.435 -414.654 -190.651 -139.074 455.594 204.018 79.1899 -35.1623 -236.245 171.762 60.022 -136.452 -13.4279
internal_weight=906 374 532 465 348 134 214 233 141 107 67 155 98 64 117 116 117 84 67 83 71 62
internal_count=906 374 532 465 348 134 214 233 141 107 67 155 98 64 117 116 117 84 67 83 71 62
is_linear=0
shrinkage=0.05


Tree=2
num_leaves=24
num_cat=0
split_feature=24 0 24 14 1 0 24 24 24 1 24 24 24 1 24 24 24 24 25 24 28 14 20
split_gain=1.39149e+10 2.27149e+09 2.2396e+09 6.8446e+08 1.08312e+09 6.5653e+08 3.95099e+08 3.27293e+08 3.0354e+08 4.87869e+08 2.88097e+08 2.67629e+08 1.21915e+08 1.17834e+08 1.64854e+08 5.68187e+07 4.70871e+07 3.82072e+07 3.11662e+07 3.06265e+07 1.47042e+07 9.3041e+06 7.59381e+06
threshold=8013.8888888888896 715.55000000000007 11574.075000000001 171.50000000000003 0.65000000000000013 4.1000000000000005 6062.11388888889 9436.5079365079382 16090.277777777779 0.65000000000000013 2927.7777777777778 6269.4444444444453 12894.444444444447 0.65000000000000013 4604.166666666667 10488.888888888891 7013.8888888888896 9041.6666666666679 20.388840000000005 7225.3083333333334 0.21771516573566826 169.50000000000003 9.2146000000000026
decision_type=2 2 2 2 2 2 2 2 2 2 2 2 2 2 2 2 2 2 2 2 2 2 2
left_child=1 5 7 6 -5 -1 13 17 9 -4 18 -6 -11 22 -15 20 -8 21 -7 -13 -9 -2 -3
right_child=2 3 8 4 11 10 16 15 -10 12 -12 19 -14 14 -16 -17 -18 -19 -20 -21 -22 -23 -24
leaf_value=-148.17438884452176 35.166732307262365 -168.83640732622621 214.27853978415931 199.52170468989368 -194.41527140209257 -455.77511245533691 -100.0287563165469 136.06672679609633 518.28692122204916 361.22475859740069 -249.64307209407767 -76.893125373105278 503.19619718652649 -337.04202479365654 -191.41645482158492 234.49564113959582 -17.969542856300333 120.73862289935799 -388.11707846006698 -10.445912454424112 184.77256570080863 69.967303232496846 -131.26800132574036
leaf_weight=39 31 30 43 41 45 55 36 30 34 32 30 30 32 30 57 50 34 33 34 41 37 52 30
leaf_count=39 31 30 43 41 45 55 36 30 34 32 30 30 32 30 57 50 34 33 34 41 37 52 30
internal_value=-3.54048 -167.824 230.129 -100.624 -21.0796 -326.729 -158.138 134.854 387.363 345.316 -385.074 -99.1555 432.885 -204.677 -241.962 193.842 -60.254 75.2407 -430.393 -38.5909 163.199 57.0275 -150.302
internal_weight=906 532 374 374 157 158 217 233 141 107 119 116 64 147 87 117 70 116 89 71 67 83 60
internal_count=906 532 374 374 157 158 217 233 141 107 119 116 64 147 87 117 70 116 89 71 67 83 60
is_linear=0
shrinkage=0.05


Tree=3
num_leaves=22
num_cat=0
split_feature=24 24 1 24 1 14 24 24 1 24 24 24 27 24 21 24 24 24 24 24 24
split_gain=1.25624e+10 1.75753e+09 1.52592e+09 8.11389e+08 1.17744e+09 9.41046e+08 8.53502e+08 2.7403e+08 4.40483e+08 2.17705e+08 1.70114e+08 1.65921e+08 1.13878e+08 1.10064e+08 6.07701e+07 4.70877e+07 3.92253e+07 3.36472e+07 6.39011e+06 4.15904e+06 3.05093e+06
threshold=8311.9055555555587 11574.075000000001 1.2500000000000002 6672.2222222222235 0.18333333333333332 199.50000000000003 3805.416666666667 16090.277777777779 0.65000000000000013 9770.8333333333339 1782.8571428571431 5737.655555555556 0.56314550935064711 12894.444444444447 0.78490852636987074 7509.2583333333341 9041.6666666666679 5027.7777777777783 7081.3500000000013 6096.2972222222224 7927.2500000000009
decision_type=2 2 2 2 2 2 2 2 2 2 2 2 2 2 2 2 2 2 2 2 2
left_child=2 9 3 4 5 12 -6 8 -3 16 -4 17 -1 -10 -11 18 -2 -8 -5 -13 -17
right_child=1 7 10 15 6 -7 11 -9 13 14 -12 19 -14 -15 -16 20 -18 -19 -20 -21 -22
leaf_value=-69.952800994999933 62.456470672029631 203.58946437614424 -448.8770946048304 -65.036735012523351 -422.04460112294322 173.41180805407072 -257.92747411297506 492.44856809017597 343.21979820750585 227.80985455028514 -286.72465471960726 -137.01840137346764 -177.9581731678245 478.11475689374032 147.35854208033328 -1.0331748882186746 122.45761357927964 -196.57543728699747 -34.803825332393778 -110.95578962597168 20.033551165228584
leaf_weight=48 58 43 36 30 47 36 42 34 32 56 31 31 50 32 42 32 52 54 43 40 37
leaf_count=48 58 43 36 30 47 36 42 34 32 56 31 31 50 32 42 32 52 54 43 40 37
internal_value=-3.36286 231.81 -150.73 -120.078 -161.168 -44.8939 -233.921 368.051 328.1 139.321 -374.391 -180.755 -125.183 411.308 193.516 -19.3355 90.9062 -223.657 -47.3004 -122.512 10.276
internal_weight=906 349 557 490 348 134 214 141 107 208 67 167 98 64 98 142 110 96 73 71 69
internal_count=906 349 557 490 348 134 214 141 107 208 67 167 98 64 98 142 110 96 73 71 69
is_linear=0
shrinkage=0.05


Tree=4
num_leaves=23
num_cat=0
split_feature=24 0 24 27 24 0 24 24 24 24 0 24 24 24 24 24 24 24 24 25 28 14
split_gain=1.13453e+10 1.90111e+09 1.82416e+09 5.97542e+08 7.7015e+08 5.62364e+08 2.98518e+08 2.66982e+08 2.48667e+08 2.48514e+08 3.3482e+08 2.39044e+08 1.0956e+08 7.59907e+07 1.15376e+08 5.06375e+07 4.04497e+07 3.05707e+07 3.04856e+07 2.10962e+07 1.35192e+07 8.42524e+06
threshold=8013.8888888888896 715.55000000000007 11574.075000000001 0.30901413279605805 2578.7888888888892 4.1000000000000005 5960.6472222222228 9436.5079365079382 2927.7777777777778 16900.000000000004 251.45000000000002 6193.2861111111115 12894.444444444447 2040.0000000000002 4604.166666666667 10488.888888888891 6813.8888888888896 7114.416666666667 9041.6666666666679 20.388840000000005 0.21771516573566826 169.50000000000003
decision_type=2 2 2 2 2 2 2 2 2 2 2 2 2 2 2 2 2 2 2 2 2 2
left_child=1 5 7 4 -3 -1 13 18 19 10 -4 -6 -12 -5 -15 20 -8 -13 21 -7 -9 -2
right_child=2 3 9 6 11 8 16 15 -10 -11 12 17 -14 14 -16 -17 -18 -19 -20 -21 -22 -23
leaf_value=-131.67714033212198 30.915104670386611 144.32164188548163 214.34955334256938 -147.13051888434765 -176.49977829391892 -414.30534834126166 -99.900435765200143 120.31021813680957 -225.1362235338585 478.14148654874384 321.16898236535371 -75.031893873363273 456.46098404643692 -303.03045609686461 -177.11482436086928 213.43377382350778 -19.65742458837769 -12.94647720441251 108.61554725854417 -357.41590193135994 166.81156371083222 64.010229515617496
leaf_weight=39 31 49 48 52 48 55 33 30 30 30 31 32 32 30 48 50 30 52 33 34 37 52
leaf_count=39 31 49 48 52 48 55 33 30 30 30 31 32 32 30 48 50 30 52 33 34 37 52
internal_value=-3.19438 -151.536 207.799 -90.0584 -24.7735 -296.909 -151.24 121.813 -350.904 349.703 314.59 -87.6055 390.503 -194.512 -225.87 175.09 -61.7813 -36.6592 67.9722 -392.998 146.2 51.7015
internal_weight=906 532 374 374 181 158 193 233 119 141 111 132 63 130 78 117 63 84 116 89 67 83
internal_count=906 532 374 374 181 158 193 233 119 141 111 132 63 130 78 117 63 84 116 89 67 83
is_linear=0
shrinkage=0.05


Tree=5
num_leaves=25
num_cat=0
split_feature=24 24 0 14 1 0 24 1 24 24 24 24 24 0 15 24 24 5 24 24 24 24 28 4
split_gain=9.25875e+09 1.64983e+09 1.54049e+09 5.20706e+08 7.35155e+08 5.11675e+08 3.90535e+08 4.57878e+08 2.92298e+08 2.40674e+08 2.01251e+08 1.07039e+08 9.6624e+07 7.72217e+07 6.54049e+07 4.87576e+07 4.25963e+07 4.1212e+07 3.49294e+07 3.23143e+07 2.57214e+07 1.36728e+07 9.35871e+06 9.79562e+06
threshold=7996.030555555556 10718.25396825397 776.45000000000016 171.50000000000003 0.65000000000000013 3.1500000000000004 16090.277777777779 0.45000000000000007 6159.7222222222226 2717.1428571428578 5960.6472222222228 9041.6666666666679 12837.302777777779 1328.1500000000003 1.0000000180025095e-35 5143.6507936507942 7048.8083333333334 19.975000000000005 2040.0000000000002 9871.5277777777792 7068.0555555555557 11401.388888888891 -0.0387208465846701 1014.6500000000002
decision_type=2 2 2 2 2 2 2 2 2 2 2 2 2 2 2 2 2 2 2 2 2 2 2 2
left_child=2 11 5 8 -5 -1 7 -3 14 17 -6 22 21 -13 -4 18 -12 -7 -16 -15 -10 -9 -2 -24
right_child=1 6 3 4 10 9 -8 12 20 -11 16 13 -14 19 15 -17 -18 -19 -20 -21 -22 -23 23 -25
leaf_value=-97.152094418442914 26.996054263590239 114.76552089063306 -128.41284134611635 165.3817535878388 -189.12151977931569 -405.28522436574195 443.51781056581115 248.23411688605302 -77.922824972561841 -214.53370005140556 -84.181408274071856 52.902945402580826 376.1594732650795 118.2778087160592 -184.21990905951859 -145.47736483855894 -13.397584641398431 -326.5576353999196 -258.41766040943287 179.8997268957103 -14.485594664202626 300.02619464052452 81.32071491634332 41.317391473407689
leaf_weight=31 31 40 50 41 31 48 36 31 33 34 35 31 40 51 32 30 54 31 35 38 31 31 30 32
leaf_count=31 31 40 50 41 31 48 36 31 33 34 35 31 40 51 32 30 54 31 35 38 31 31 30 32
internal_value=0.36134 183.854 -138.689 -84.8969 -17.1575 -277.496 296.171 258.529 -136.552 -326.841 -79.6109 89.8972 314.739 121.095 -175.366 -199.411 -41.2972 -374.844 -223.307 144.761 -47.266 274.572 49.5556 60.7737
internal_weight=907 391 516 372 161 144 178 142 211 113 120 213 102 120 147 97 89 79 67 89 64 62 93 62
internal_count=907 391 516 372 161 144 178 142 211 113 120 213 102 120 147 97 89 79 67 89 64 62 93 62
is_linear=0
shrinkage=0.05


Tree=6
num_leaves=22
num_cat=0
split_feature=1 23 14 0 27 14 0 21 20 4 21 6 28 21 21 27 14 21 25 29 14
split_gain=1.95944e+09 1.00626e+09 6.8578e+08 4.42685e+08 6.54869e+08 2.98276e+08 5.06127e+08 4.89204e+08 2.50673e+08 2.26412e+08 1.86863e+08 1.58964e+08 1.18629e+08 1.09022e+08 1.08977e+08 8.85786e+07 7.48557e+07 7.25806e+07 3.31011e+07 3.00151e+07 2.4728e+07
threshold=1.2500000000000002 -0.68301270189221952 173.50000000000003 1747.3500000000001 0.88606241628642846 101.00000000000001 510.20000000000005 0.88031847670401897 6.4430000000000014 1010.0500000000001 0.84934801506809632 3.1500000000000008 0.87377473702374975 0.67357463896257019 0.70145753816793899 0.43664718845046319 92.500000000000014 0.55875577462920811 9.145050000000003 1.0000000180025095e-35 137.00000000000003
decision_type=2 2 2 2 2 2 2 2 2 2 2 2 2 2 2 2 2 2 2 2 2
left_child=1 2 15 5 9 8 7 -7 -3 10 -5 -2 17 -4 -8 -1 -6 -11 -19 -14 -17
right_child=11 3 13 4 16 6 14 -9 -10 12 -12 -13 19 -15 -16 20 -18 18 -20 -21 -22
leaf_value=-95.807516184062536 -311.89006110049803 102.45954132017337 94.706980617551039 192.66119051538166 -57.334466804289256 -134.52603504238832 186.99055546609264 117.43208691922558 264.89253607090745 66.455915700047726 32.206348365961126 -163.54718189066631 50.01800504443932 -17.31772908771374 72.15320178951022 -153.21537501217497 -150.39313234946442 -61.903653463784309 -0.4764170598324543 118.24799389609187 -212.49592278393354
leaf_weight=50 41 55 41 46 46 46 56 33 42 31 30 33 34 46 33 38 41 33 65 31 36
leaf_count=50 41 55 41 46 46 46 56 33 42 31 30 33 34 46 33 38 41 33 65 31 36
internal_value=0.343326 22.2585 -72.0723 54.2646 17.9129 103.211 62.8423 -29.2622 172.992 56.3531 129.449 -246.047 27.6655 35.5236 144.539 -147.531 -101.312 -0.102608 -21.2032 82.6902 -182.302
internal_weight=907 833 211 622 357 265 168 79 97 270 76 74 194 87 89 124 87 129 98 65 74
internal_count=907 833 211 622 357 265 168 79 97 270 76 74 194 87 89 124 87 129 98 65 74
is_linear=0
shrinkage=0.05


Tree=7
num_leaves=23
num_cat=0
split_feature=24 24 0 0 27 24 24 24 24 24 0 24 24 0 24 25 24 24 24 24 28 6
split_gain=7.99662e+09 1.45091e+09 1.29938e+09 4.37603e+08 4.33688e+08 4.94796e+08 3.39223e+08 2.18415e+08 2.15678e+08 2.05704e+08 1.96295e+08 1.5503e+08 9.70198e+07 6.55936e+07 4.49557e+07 4.43971e+07 3.39728e+07 6.75558e+07 2.74208e+07 1.02676e+07 8.75834e+06 9.25853e+06
threshold=7958.3333333333339 10718.25396825397 776.45000000000016 3.1500000000000004 0.40542197401079721 2578.7888888888892 16090.277777777779 5908.7305555555567 5798.1472222222228 2717.1428571428578 379.75000000000006 12446.297222222223 9041.6666666666679 1328.1500000000003 6914.6833333333334 20.030670000000004 2040.0000000000002 4762.8972222222228 9883.3333333333339 7509.2583333333341 -0.0387208465846701 3.0500000000000003
decision_type=2 2 2 2 2 2 2 2 2 2 2 2 2 2 2 2 2 2 2 2 2 2
left_child=2 12 3 -1 5 -4 10 -7 16 15 -3 -12 20 -14 -9 -5 -6 -18 -15 -16 -2 -22
right_child=1 6 4 9 8 7 -8 14 -10 -11 11 -13 13 18 19 -17 17 -19 -20 -21 21 -23
leaf_value=-90.0871001890618 23.880293933142347 169.29758258071084 97.66256213179517 -377.30081317225694 -144.06816393291368 -186.95740872896636 412.96630602384869 -84.254078888156911 -56.96453344964722 -198.67187281633753 238.0114325052709 381.09618183528863 49.639649226197861 110.45474492693589 -36.219412387734799 -296.10845862100285 -256.6668548685372 -155.26597948449802 167.43495870009266 2.7582379221532891 36.360751489964336 75.20128919595308
leaf_weight=31 33 58 55 49 47 35 36 42 55 34 54 30 31 52 37 30 30 38 37 31 31 31
leaf_count=31 33 58 55 49 47 35 36 42 55 34 54 30 31 52 37 30 30 38 37 31 31 31
internal_value=0.325825 170.089 -129.482 -256.869 -79.848 -29.9153 275.641 -78.3409 -138.54 -302.503 240.56 289.506 82.6144 112.492 -43.6426 -346.882 -177.471 -200.313 134.305 -18.4722 44.7952 55.8709
internal_weight=907 393 514 144 370 200 178 145 170 113 142 84 215 120 110 79 115 68 89 68 95 62
internal_count=907 393 514 144 370 200 178 145 170 113 142 84 215 120 110 79 115 68 89 68 95 62
is_linear=0
shrinkage=0.05


Tree=8
num_leaves=24
num_cat=0
split_feature=24 24 0 27 1 0 24 1 24 24 24 24 24 0 25 1 24 24 24 24 24 28 6
split_gain=7.21891e+09 1.30977e+09 1.173e+09 3.96812e+08 5.46598e+08 3.9503e+08 3.06259e+08 3.8338e+08 2.25011e+08 1.85683e+08 1.79493e+08 8.75781e+07 8.00032e+07 5.92094e+07 4.00548e+07 3.59885e+07 6.97745e+07 3.56499e+07 2.65683e+07 2.47583e+07 1.15241e+07 7.90719e+06 8.35864e+06
threshold=7958.3333333333339 10718.25396825397 776.45000000000016 0.28433548840379819 0.65000000000000013 3.1500000000000004 16090.277777777779 0.45000000000000007 5871.6062222222236 2717.1428571428578 5908.7305555555567 9041.6666666666679 12837.302777777779 1328.1500000000003 20.030670000000004 0.65000000000000013 4762.8972222222228 6950.6166666666677 6914.6833333333334 9883.3333333333339 11401.388888888891 -0.0387208465846701 3.0500000000000003
decision_type=2 2 2 2 2 2 2 2 2 2 2 2 2 2 2 2 2 2 2 2 2 2 2
left_child=2 11 5 4 -4 -1 7 -3 15 14 -6 21 20 -13 -7 -5 -17 -12 -10 -15 -9 -2 -23
right_child=1 6 3 8 10 9 -8 12 18 -11 17 13 -14 19 -16 16 -18 -19 -20 -21 -22 22 -24
leaf_value=-85.597227302624873 22.689887202974532 97.041538636167147 121.82279823564937 -132.97767000885855 -175.92830467569866 -358.47419528067724 392.37519524487107 219.45629309749293 -80.581126288560938 -188.76740992230054 -77.446529291395535 47.165647056555059 335.83595527782109 104.94260877144313 -281.35222370743355 -244.68479616220358 -144.94109814569106 -16.097451166031487 -16.101529907030308 159.08577739376264 266.71643827873794 34.548559364245257 71.453315867335093
leaf_weight=31 33 40 48 54 33 49 36 31 33 34 40 31 40 52 30 31 42 58 31 37 31 31 31
leaf_count=31 33 40 48 54 33 49 36 31 33 34 40 31 40 52 30 31 42 58 31 37 31 31 31
internal_value=0.308884 161.606 -123.025 -75.8667 -22.3586 -244.059 261.893 228.56 -125.975 -287.416 -75.2411 78.4945 279.99 106.881 -329.58 -164.483 -187.575 -41.1914 -49.4227 127.605 243.478 42.5626 53.0864
internal_weight=907 393 514 370 179 144 178 142 191 113 131 215 102 120 79 127 73 98 64 89 62 95 62
internal_count=907 393 514 370 179 144 178 142 191 113 131 215 102 120 79 127 73 98 64 89 62 95 62
is_linear=0
shrinkage=0.05


Tree=9
num_leaves=24
num_cat=0
split_feature=24 24 0 0 27 1 24 1 24 24 24 24 24 0 24 24 14 24 24 24 24 27 0
split_gain=6.52018e+09 1.25363e+09 1.00984e+09 3.566e+08 3.55509e+08 4.9199e+08 2.76477e+08 3.46112e+08 1.6888e+08 1.66207e+08 1.47886e+08 9.15367e+07 7.22067e+07 5.34466e+07 4.84774e+07 4.19963e+07 3.23027e+07 3.05343e+07 2.74316e+07 2.30318e+07 1.0404e+07 6.49032e+06 6.69754e+06
threshold=7870.3694444444454 10718.25396825397 776.45000000000016 3.1500000000000004 0.30901413279605805 0.65000000000000013 16090.277777777779 0.45000000000000007 2927.7777777777778 5567.3611111111122 5798.1472222222228 9041.6666666666679 12837.302777777779 1328.1500000000003 2040.0000000000002 4762.8972222222228 173.50000000000003 6813.8888888888896 6699.9000000000005 9598.6111111111131 11401.388888888891 -0.67760851415498069 2166.7500000000005
decision_type=2 2 2 2 2 2 2 2 2 2 2 2 2 2 2 2 2 2 2 2 2 2 2
left_child=2 11 3 -1 5 -4 7 -3 16 14 -7 21 20 -13 -6 -16 -5 -12 -11 -15 -9 -2 -23
right_child=1 6 4 8 9 10 -8 12 -10 18 17 13 -14 19 15 -17 -18 -19 -20 -21 -22 22 -24
leaf_value=-81.331129543880948 53.850852393628365 92.201561571535024 109.6295759803166 -352.19925658787179 -125.24599703772593 -173.32355867810423 372.81077762508659 208.51876483684183 -170.47529478865206 -91.855231210760479 -79.925593362701477 44.81495005126169 319.08603320799563 89.161017836872333 -232.48989344164488 -148.90653786613242 -284.08552194547747 -23.729382899327934 -26.284022761157857 141.82774579229724 253.42349896691618 10.704264948772037 42.522885888606076
leaf_weight=31 40 40 49 31 53 30 36 31 30 33 41 31 40 35 31 31 52 59 31 54 31 30 37
leaf_count=31 40 40 49 31 53 30 36 31 30 33 41 31 40 35 31 31 52 59 31 54 31 30 37
internal_value=0.293827 149.526 -120.108 -231.887 -75.0948 -25.2461 248.835 217.164 -273.082 -124.901 -76.1291 71.5782 266.031 101.55 -160.834 -191.005 -309.919 -46.8267 -60.1848 121.239 231.343 37.9013 28.313
internal_weight=907 405 502 144 358 179 178 142 113 179 130 227 102 120 115 62 83 100 64 89 62 107 67
internal_count=907 405 502 144 358 179 178 142 113 179 130 227 102 120 115 62 83 100 64 89 62 107 67
is_linear=0
shrinkage=0.05


Tree=10
num_leaves=23
num_cat=0
split_feature=1 23 14 14 4 2 28 27 7 4 7 29 3 3 1 2 26 6 14 2 11 4
split_gain=1.00582e+09 7.73529e+08 4.70272e+08 2.88601e+08 1.95257e+08 1.5664e+08 1.66963e+08 1.47478e+08 1.30253e+08 1.21791e+08 1.10438e+08 1.13487e+08 9.06686e+07 8.96227e+07 8.18768e+07 7.86662e+07 6.76317e+07 7.80091e+07 6.48154e+07 4.31586e+07 3.36554e+07 2.83646e+07
threshold=1.2500000000000002 -0.24999999999999994 173.50000000000003 110.50000000000001 1024.9500000000003 15.797000000000002 0.090251610031040944 -0.20087381264151988 31.250000000000004 1004.85 14.450000000000001 0.6078576107927941 73.050000000000011 80.200000000000003 0.65000000000000013 13.15 8.1500000000000039 3.5500000000000003 148.50000000000003 4.6500000000000012 2.5000000000000004 1010.1500000000002
decision_type=2 2 2 2 2 2 2 2 2 2 2 2 2 2 2 2 2 2 2 2 2 2
left_child=1 2 3 12 5 6 15 -2 9 14 16 21 -1 18 -4 -3 19 -18 20 -8 -5 -12
right_child=7 4 8 13 -6 -7 10 -9 -10 -11 11 -13 -14 -15 -16 -17 17 -19 -20 -21 -22 -23
leaf_value=-52.036164268430255 -239.73313810929008 103.24474789536652 30.406637010833652 -218.14789179298174 -35.700272131269905 -3.5735650541818686 170.26837302531271 -100.95704383349481 -45.819317585096101 -26.672374545379331 23.396868364201037 -45.67189134306922 63.464612786123695 -65.929358789634321 132.78816692487118 217.36673005221292 96.978439837757307 0.84293459680686034 -96.263697529590033 94.192143617059187 -144.2337881049103 84.115985643312797
leaf_weight=36 39 31 33 30 47 59 35 38 40 30 30 34 32 49 48 30 66 31 38 41 34 54
leaf_count=36 39 31 33 30 47 59 35 38 40 30 30 34 32 49 48 30 66 31 38 41 34 54
internal_value=1.26542 17.3474 -36.4154 -83.2073 60.7787 71.8175 84.4516 -171.466 31.4585 59.3225 68.6422 31.3083 2.33045 -121.704 91.1662 159.634 94.0741 66.2873 -148.406 129.405 -179.167 62.4843
internal_weight=905 828 370 219 458 411 352 77 151 111 291 118 68 151 81 61 173 97 102 76 64 84
internal_count=905 828 370 219 458 411 352 77 151 111 291 118 68 151 81 61 173 97 102 76 64 84
is_linear=0
shrinkage=0.05


Tree=11
num_leaves=22
num_cat=0
split_feature=24 24 1 24 24 14 24 1 24 24 27 24 24 4 27 20 24 24 5 24 21
split_gain=5.74629e+09 7.64219e+08 1.21057e+09 7.35492e+08 6.29995e+08 5.22674e+08 1.28727e+08 1.08702e+08 1.00439e+08 8.00067e+07 6.92023e+07 5.2352e+07 5.04865e+07 3.73409e+07 1.62579e+07 1.30792e+07 1.29932e+07 9.32744e+06 4.82015e+06 3.07538e+06 864643
threshold=8672.2222222222244 6672.2222222222235 0.18333333333333332 3622.916666666667 12018.519444444446 199.50000000000003 10311.508333333335 0.45000000000000007 13351.85277777778 5192.5916666666681 0.53436760985011655 2151.428571428572 7706.0194444444451 1012.4500000000002 0.28433548840379819 10.309850000000003 5871.6062222222236 9479.1666666666697 13.850000000000003 7342.5916666666672 0.89419797063903295
decision_type=2 2 2 2 2 2 2 2 2 2 2 2 2 2 2 2 2 2 2 2 2
left_child=1 2 5 11 6 10 14 -6 -9 15 -1 -4 19 -8 17 -5 -11 -2 -14 20 -3
right_child=4 12 3 9 7 -7 13 8 -10 16 -12 -13 18 -15 -16 -17 -18 -19 -20 -21 -22
leaf_value=-29.491035001486722 82.825221882790245 -43.210337807853676 -331.63175611667293 -145.56627815467365 211.00760332717428 146.67605114030718 193.11770850124833 251.79813340233261 378.6499446830876 -116.50832388661043 -116.98125904291656 -258.06278492268422 32.239351350866478 125.98639453666031 61.722068909088605 -193.02856764748833 -81.496774419379534 121.57840276065458 9.0767580810182782 -18.307855527503943 -31.389804862166525
leaf_weight=49 35 35 50 31 49 40 52 35 30 54 42 53 44 36 46 32 55 30 46 30 31
leaf_count=49 35 35 50 31 49 40 52 35 30 54 42 53 44 36 46 32 55 30 46 30 31
internal_value=1.20183 -90.4067 -128.85 -188.422 174.441 -3.74684 120.651 268.15 310.837 -125.026 -69.9553 -294.063 -6.46845 165.829 84.7171 -169.942 -98.9329 100.871 20.424 -31.6752 -37.7142
internal_weight=905 592 406 275 313 131 199 114 65 172 91 103 186 88 111 63 109 65 90 96 66
internal_count=905 592 406 275 313 131 199 114 65 172 91 103 186 88 111 63 109 65 90 96 66
is_linear=0
shrinkage=0.05


Tree=12
num_leaves=23
num_cat=0
split_feature=24 24 24 24 24 14 24 24 24 27 24 24 27 9 27 24 20 24 14 28 24 21
split_gain=5.18737e+09 6.89855e+08 1.0928e+09 6.63889e+08 5.6875e+08 4.71834e+08 1.16195e+08 9.19616e+07 7.22442e+07 6.24714e+07 4.72596e+07 4.55772e+07 3.85669e+07 3.43465e+07 1.46799e+07 1.18631e+07 1.18074e+07 8.42188e+06 5.57214e+06 4.69951e+06 2.77631e+06 780482
threshold=8672.2222222222244 6672.2222222222235 1.0000000180025095e-35 3622.916666666667 12018.519444444446 199.50000000000003 10311.508333333335 15032.408333333335 5192.5916666666681 0.53436760985011655 2151.428571428572 7706.0194444444451 0.073094453017891456 1.0000000180025095e-35 0.28433548840379819 5737.655555555556 10.309850000000003 9479.1666666666697 157.50000000000003 0.41326329957804331 7342.5916666666672 0.89419797063903295
decision_type=2 2 2 2 2 2 2 2 2 2 2 2 2 2 2 2 2 2 2 2 2 2
left_child=1 2 5 10 6 9 14 12 16 -1 -4 20 -6 -8 17 -10 -5 -2 -17 -13 21 -3
right_child=4 11 3 8 7 -7 13 -9 15 -11 -12 19 -14 -15 -16 18 -18 -19 -20 -21 -22 -23
leaf_value=-28.019490203546656 78.695758839142627 -41.055976419910749 -315.08326374594566 -138.31136570774092 253.01201647087893 139.36053560784927 127.13213483102925 315.23322599462062 -113.84681120405176 -111.14608942969676 -245.18394281132296 30.814663354573391 178.05238107936776 190.49568887379843 58.642660979231636 -94.358488293788952 -183.40720770054517 115.51967781548484 -64.216135458010953 7.9523168514414522 -17.395503973089578 -29.825360813938154
leaf_weight=49 35 35 50 31 41 40 46 41 45 42 53 45 32 42 46 33 32 30 31 45 30 31
leaf_count=49 35 35 50 31 41 40 46 41 45 42 53 45 32 42 46 33 32 30 31 45 30 31
internal_value=1.14311 -85.8963 -122.421 -179.021 165.742 -3.5595 114.633 254.78 -118.79 -66.4656 -279.388 -6.14641 220.442 157.556 80.4933 -93.9953 -161.472 95.8428 -79.8813 19.4051 -30.0962 -35.8342
internal_weight=905 592 406 275 313 131 199 114 172 91 103 186 73 88 111 109 63 65 64 90 96 66
internal_count=905 592 406 275 313 131 199 114 172 91 103 186 73 88 111 109 63 65 64 90 96 66
is_linear=0
shrinkage=0.05


Tree=13
num_leaves=23
num_cat=0
split_feature=1 28 14 0 0 15 3 0 0 21 6 14 2 14 21 14 14 26 0 8 11 7
split_gain=6.63044e+08 4.62964e+08 5.05884e+08 2.99452e+08 2.99168e+08 2.65228e+08 1.89683e+08 2.18241e+08 3.45716e+08 1.49893e+08 1.28855e+08 9.53336e+07 9.28587e+07 1.19039e+08 6.73894e+07 6.11907e+07 5.07741e+07 4.29826e+07 4.12354e+07 2.89744e+07 1.98243e+07 8.56938e+06
threshold=1.2500000000000002 -0.52705818521824699 171.50000000000003 1708.4500000000003 411.45000000000005 1.0000000180025095e-35 79.050000000000011 756.05000000000007 6.1000000000000005 0.68225016118633153 3.4500000000000006 98.500000000000014 16.000000000000004 52.000000000000007 0.76513342898134873 83.500000000000014 148.50000000000003 8.1500000000000039 1420.9500000000003 0.15000000000000005 2.5000000000000004 18.450000000000003
decision_type=2 2 2 2 2 2 2 2 2 2 2 2 2 2 2 2 2 2 2 2 2 2
left_child=1 2 16 6 -4 12 7 8 11 18 -2 -3 13 19 -15 -7 20 -9 -6 -5 -1 -17
right_child=10 3 4 5 9 15 -8 17 -10 -11 -12 -13 -14 14 -16 21 -18 -19 -20 -21 -22 -23
leaf_value=-179.65105426572882 -192.19286524178926 140.13582434524582 -120.52451946473991 38.794282781045268 152.43678061336377 -9.6214660572042945 166.25624553236196 170.91989980617905 -112.28240514845068 -1.0794748787145729 -60.094020791989045 19.036504166742723 -19.228791460560746 126.09388271273696 46.1940059368427 -105.93618751597181 -84.0535180865337 91.107937225081471 69.855931552506718 -23.286418106870833 -120.96933411506323 -68.137681179110004
leaf_weight=30 46 33 30 38 30 42 54 31 36 59 31 32 52 59 48 32 56 38 31 37 30 30
leaf_count=30 46 33 30 38 30 42 54 31 36 59 31 32 52 59 48 32 56 38 31 37 30 30
internal_value=1.08658 14.1438 -40.1909 39.8635 20.4482 10.1444 84.6831 58.689 11.8316 55.7624 -139.157 80.6386 39.6685 56.4976 90.3276 -56.2591 -118.554 127.161 110.653 8.17751 -150.56 -87.7858
internal_weight=905 828 266 562 150 338 224 170 101 120 77 65 234 182 107 104 116 69 61 75 60 62
internal_count=905 828 266 562 150 338 224 170 101 120 77 65 234 182 107 104 116 69 61 75 60 62
is_linear=0
shrinkage=0.05


Tree=14
num_leaves=23
num_cat=0
split_feature=24 0 0 24 14 1 24 24 24 24 1 24 3 1 24 24 24 20 3 0 24 24
split_gain=4.49386e+09 6.68169e+08 5.45141e+08 4.95119e+08 2.69189e+08 4.61591e+08 2.49852e+08 2.29396e+08 1.55344e+08 1.02292e+08 9.90901e+07 8.72752e+07 3.34778e+07 2.80718e+07 7.27384e+07 2.76617e+07 2.68018e+07 2.18404e+07 3.97502e+07 1.56521e+07 1.1661e+07 1.02496e+07
threshold=8672.2222222222244 756.05000000000007 2.1500000000000004 12018.519444444446 173.50000000000003 0.65000000000000013 3336.8055555555561 6385.9138888888901 6429.5634920634939 10311.508333333335 0.45000000000000007 13351.85277777778 71.850000000000009 0.65000000000000013 4671.2972222222224 7509.2583333333341 7754.6277777777786 16.062950000000001 59.550000000000004 1328.1500000000003 9376.3888888888905 5504.6305555555564
decision_type=2 2 2 2 2 2 2 2 2 2 2 2 2 2 2 2 2 2 2 2 2 2
left_child=1 2 -1 9 7 -6 17 13 -7 19 -5 -12 -11 -3 -15 -9 -10 18 -4 -2 -21 -16
right_child=3 4 6 10 5 8 -8 15 16 12 11 -13 -14 14 21 -17 -18 -19 -20 20 -22 -23
leaf_value=5.6223030481055734 43.440841482168821 -87.312560396834854 -269.92583312142915 182.86464692172112 144.29159145219307 -124.71383830815765 -84.294869898799249 -37.143875674829047 -34.678696897157685 174.49379182337745 223.06938198339563 341.14290150994083 111.69181393772135 -193.19807490322884 -121.63692481550814 22.773524541365056 16.624175218831972 -285.43202583337523 -193.19736540269989 63.864997589893839 102.59494260841751 -82.630165041926318
leaf_weight=37 30 55 36 49 42 42 30 46 54 49 35 30 39 33 36 33 48 31 35 35 46 34
leaf_count=37 30 55 36 49 42 42 30 46 54 49 35 30 39 33 36 33 48 31 35 35 46 34
internal_value=1.03183 -79.9807 -163.993 154.233 -46.3847 -1.35554 -211.505 -81.7086 -43.9066 106.548 237.308 278.005 146.82 -116.474 -131.946 -12.1179 -10.5435 -248.8 -232.427 74.5173 85.9592 -102.836
internal_weight=905 592 169 313 423 186 132 237 144 199 114 65 88 158 103 79 102 102 71 111 81 70
internal_count=905 592 169 313 423 186 132 237 144 199 114 65 88 158 103 79 102 102 71 111 81 70
is_linear=0
shrinkage=0.05


Tree=15
num_leaves=23
num_cat=0
split_feature=24 0 24 0 22 24 24 24 1 24 1 24 26 24 1 29 2 14 24 24 24 24
split_gain=4.45032e+09 9.12441e+08 5.28737e+08 3.29172e+08 2.17849e+08 2.68213e+08 2.05081e+08 1.94016e+08 1.30372e+08 1.73581e+08 6.21598e+07 8.58094e+07 7.30358e+07 5.98771e+07 2.65462e+07 2.46696e+07 2.36925e+07 1.6421e+07 1.5029e+07 8.15369e+06 4.7582e+06 2.88166e+06
threshold=8338.8888888888905 756.05000000000007 10875.000000000002 2.1500000000000004 -0.6830127018922193 4604.166666666667 3247.2222222222226 6655.5555555555566 0.29166666666666669 13694.444444444447 0.65000000000000013 5027.7777777777783 7.1499999999999995 9792.591666666669 1.2500000000000002 1.0000000180025095e-35 11.450000000000001 166.00000000000003 7706.0194444444451 5504.6305555555564 8993.0555555555566 7143.2111111111117
decision_type=2 2 2 2 2 2 2 2 2 2 2 2 2 2 2 2 2 2 2 2 2 2
left_child=1 3 13 -1 5 -3 14 10 -4 15 12 -12 -6 17 -5 -10 -15 -2 21 -13 -19 -9
right_child=2 4 8 6 7 -7 -8 18 9 -11 11 19 -14 16 -16 -17 -18 20 -20 -21 -22 -23
leaf_value=-46.02736139505452 32.106110916634186 141.67173453803079 109.45114678593809 -291.40551457710899 -7.4700045789047609 -43.345885712322712 -110.29279235890536 -37.79592678347688 152.9274816993466 305.49185369009211 -168.09107697690558 -105.74568239810529 -105.03472177872112 140.99687219654794 -236.4734047911422 206.07223914634721 81.535845689681565 57.741987802276164 10.704935359880523 -74.183388482568091 85.128350430782717 -18.113294996176489
leaf_weight=32 46 30 32 42 36 56 30 37 40 43 50 34 41 38 57 54 31 34 38 56 32 38
leaf_count=32 46 30 32 42 36 56 30 37 40 43 50 34 41 38 57 54 31 34 38 56 32 38
internal_value=-3.39241 -88.7118 137.248 -189.746 -49.5733 21.2847 -225.334 -68.0402 200.834 222.083 -95.696 -115.553 -59.489 77.7994 -260.049 183.644 114.439 55.1447 -14.8938 -86.2111 71.129 -27.8609
internal_weight=927 577 350 161 416 86 129 330 169 137 217 140 77 181 99 94 69 112 113 90 66 75
internal_count=927 577 350 161 416 86 129 330 169 137 217 140 77 181 99 94 69 112 113 90 66 75
is_linear=0
shrinkage=0.05


Tree=16
num_leaves=22
num_cat=0
split_feature=24 0 24 0 22 24 24 24 24 0 24 24 24 2 24 6 0 14 24 6 24
split_gain=4.0174e+09 8.2368e+08 4.78472e+08 2.97139e+08 1.96671e+08 2.42137e+08 1.85107e+08 1.75138e+08 1.15718e+08 8.65287e+07 6.06391e+07 5.611e+07 7.74564e+07 6.92046e+07 4.57206e+07 2.60318e+07 1.76174e+07 1.48258e+07 1.36878e+07 8.60776e+06 7.36314e+06
threshold=8338.8888888888905 756.05000000000007 10756.944444444447 2.1500000000000004 -0.6830127018922193 4604.166666666667 3247.2222222222226 6655.5555555555566 15032.408333333335 379.75000000000006 12307.869444444446 2578.7888888888892 5027.7777777777783 5.3500000000000005 9792.591666666669 3.0500000000000003 51.800000000000004 166.00000000000003 7421.2972222222224 2.9500000000000006 5504.6305555555564
decision_type=2 2 2 2 2 2 2 2 2 2 2 2 2 2 2 2 2 2 2 2 2
left_child=1 3 14 -1 5 -3 16 11 9 -4 -11 13 -13 -6 17 -16 -5 -2 -9 -19 -14
right_child=2 4 8 6 7 -7 -8 18 -10 10 -12 12 20 -15 15 -17 -18 19 -20 -21 -22
leaf_value=-43.733163242993697 30.504288255935638 134.61168380179672 110.90722765535921 -273.55505085966013 1.2410504824095601 -41.18245488046113 -104.79647442573726 -30.778299811245422 258.96906013056264 161.55875761943679 250.01633703879475 -159.70329796949071 -100.47390304968154 -95.367326494825122 73.201452657570798 138.45010813624145 -227.91377056601129 48.7022374566099 4.0388811682597101 85.158747214935389 -70.480830369701138
leaf_weight=32 46 30 48 41 31 56 30 59 44 52 32 50 34 46 31 31 58 32 54 34 56
leaf_count=32 46 30 48 41 31 56 30 59 44 52 32 50 34 46 31 31 58 32 54 34 56
internal_value=-3.22236 -84.2857 130.402 -180.28 -47.0996 20.2261 -214.092 -64.6459 188.517 164.855 195.514 -90.9218 -109.788 -56.5218 71.5444 105.996 -247.073 52.3953 -14.1511 67.5834 -81.9105
internal_weight=927 577 350 161 416 86 129 330 176 132 84 217 140 77 174 62 99 112 113 66 90
internal_count=927 577 350 161 416 86 129 330 176 132 84 217 140 77 174 62 99 112 113 66 90
is_linear=0
shrinkage=0.05


Tree=17
num_leaves=24
num_cat=0
split_feature=24 24 24 1 14 24 1 24 24 1 24 27 28 24 24 2 24 4 6 24 27 29 21
split_gain=3.63232e+09 5.34611e+08 3.34962e+08 7.20795e+08 3.41859e+08 3.11962e+08 1.08918e+08 1.66143e+08 5.41878e+07 4.64549e+07 4.01331e+07 2.8531e+07 2.74961e+07 2.72888e+07 2.15871e+07 2.11467e+07 2.01138e+07 8.82966e+06 5.0896e+06 3.97416e+06 3.96022e+06 1.06878e+06 19947.1
threshold=7996.030555555556 10718.25396825397 5871.6062222222236 0.22500000000000003 199.50000000000003 3390.0000000000005 0.29166666666666669 13694.444444444447 9127.3805555555573 1.2500000000000002 6844.9083333333338 0.54162280503947546 -0.27608674622158907 9981.4805555555577 11401.388888888891 15.597000000000003 5338.8888888888896 1011.6500000000002 3.0500000000000003 7557.6388888888896 0.47491148900577046 1.0000000180025095e-35 0.6697025729797782
decision_type=2 2 2 2 2 2 2 2 2 2 2 2 2 2 2 2 2 2 2 2 2 2 2
left_child=2 8 3 4 11 9 -3 14 18 -5 20 -1 -10 -14 -8 -16 17 -7 -2 21 -4 -12 -11
right_child=1 6 10 5 -6 16 7 -9 12 22 19 -13 13 -15 15 -17 -18 -19 -20 -21 -22 -23 -24
leaf_value=-47.240078788933786 19.857937532109201 94.085658151264127 -48.783946082242736 -282.86209752990226 100.31186079235027 -145.42238246195186 129.00748051048342 279.13503366988107 45.323948522074573 -218.24763905471346 -12.811406311673938 -101.63339606069498 73.458492499952484 134.91270786239301 146.55686789754884 203.76706401995159 -87.904558945653434 -110.05788326938053 42.934814563040007 1.8942960358818492 -71.002043493224605 -24.813977587442075 -201.04373742797446
leaf_weight=48 44 32 47 37 39 49 35 43 32 30 37 49 41 33 31 38 40 31 53 33 37 38 30
leaf_count=48 44 32 47 37 39 49 35 43 32 30 37 49 41 33 31 38 40 31 53 33 37 38 30
internal_value=-3.06043 115.142 -85.9165 -114.821 -24.5426 -171.363 178.116 196.331 59.5532 -238.052 -32.743 -74.7935 84.257 101.009 161.86 178.313 -117.302 -131.873 32.4982 -12.5626 -58.6433 -18.9177 -209.995
internal_weight=927 382 545 353 136 217 179 147 203 97 192 97 106 74 104 69 120 80 97 108 84 75 60
internal_count=927 382 545 353 136 217 179 147 203 97 192 97 106 74 104 69 120 80 97 108 84 75 60
is_linear=0
shrinkage=0.05


Tree=18
num_leaves=25
num_cat=0
split_feature=24 24 24 1 14 24 24 1 24 24 1 24 15 20 14 24 4 27 5 6 27 24 4 21
split_gain=3.27924e+09 5.0585e+08 2.80315e+08 6.68261e+08 3.08604e+08 2.64726e+08 1.03801e+08 1.95425e+08 5.37995e+07 4.95739e+07 4.1929e+07 3.50079e+07 2.60007e+07 2.24498e+07 3.55857e+07 1.43306e+07 7.96711e+06 5.78215e+06 4.59271e+06 9.87329e+06 4.46282e+06 2.68584e+06 762251 17968.1
threshold=7892.8583333333345 10718.25396825397 5737.655555555556 0.22500000000000003 199.50000000000003 3390.0000000000005 15032.408333333335 0.65000000000000013 9127.3805555555573 12446.297222222223 1.2500000000000002 6756.2500000000009 1.0000000180025095e-35 3.3396500000000002 166.00000000000003 5338.8888888888896 1011.6500000000002 -0.28435655403991289 13.15 3.0500000000000003 0.47491148900577046 7509.2583333333341 1013.6500000000002 0.6697025729797782
decision_type=2 2 2 2 2 2 2 2 2 2 2 2 2 2 2 2 2 2 2 2 2 2 2 2
left_child=2 8 3 4 12 10 7 -3 18 17 -5 20 -1 -10 -15 16 -7 -9 -2 -20 -4 22 -13 -12
right_child=1 6 11 5 -6 15 -8 9 13 -11 23 21 -14 14 -16 -17 -18 -19 19 -21 -22 -23 -24 -25
leaf_value=-48.768062083606416 15.864650826807827 59.099486966586724 -48.511713871435887 -268.7571121256949 95.309095288054721 -138.16607256421247 236.11118889114482 143.90873212339076 114.33844165629131 239.05768122687888 -207.37150777518946 -25.047315714909484 -101.31827898837643 22.521517893642283 93.536869525245606 -85.901452708314253 -104.57268409851663 177.56209461300872 18.720079661674163 57.467214908778118 -72.719683203868925 -4.0958439365974728 -14.783476285205726 -191.02494711638289
leaf_weight=56 39 43 43 37 39 49 44 30 33 32 30 48 41 30 43 34 31 30 34 32 36 33 30 30
leaf_count=56 39 43 43 37 39 49 44 30 33 32 30 48 41 30 43 34 31 30 34 32 36 33 30 30
internal_value=-2.90784 107.426 -83.044 -109.771 -23.3173 -165.457 169.234 147.278 54.9376 188.383 -226.186 -34.1998 -71.0615 80.0561 64.4233 -113.632 -125.296 161.003 29.5278 37.5652 -59.6212 -16.0697 -21.1237 -199.53
internal_weight=927 390 537 347 136 211 179 135 211 92 97 190 97 106 73 114 80 60 105 66 79 111 78 60
internal_count=927 390 537 347 136 211 179 135 211 92 97 190 97 106 73 114 80 60 105 66 79 111 78 60
is_linear=0
shrinkage=0.05


Tree=19
num_leaves=23
num_cat=0
split_feature=24 0 24 0 24 22 24 24 1 24 1 26 24 24 1 29 6 27 24 21 24 24
split_gain=2.9609e+09 6.3476e+08 3.53082e+08 2.39894e+08 1.48622e+08 1.47906e+08 1.93301e+08 1.24186e+08 1.09878e+08 1.25518e+08 4.18856e+07 6.09342e+07 5.66248e+07 4.18056e+07 2.86637e+07 2.27966e+07 2.23303e+07 1.21365e+07 9.96442e+06 7.1088e+06 4.90777e+06 2.01038e+06
threshold=8338.8888888888905 756.05000000000007 10923.611111111111 2.1500000000000004 3247.2222222222226 -0.6830127018922193 4604.166666666667 6655.5555555555566 0.29166666666666669 13694.444444444447 0.65000000000000013 7.1499999999999995 5027.7777777777783 9792.591666666669 1.2500000000000002 1.0000000180025095e-35 3.1500000000000008 0.047317444494269389 7706.0194444444451 0.89114144641301196 5504.6305555555564 7143.2111111111117
decision_type=2 2 2 2 2 2 2 2 2 2 2 2 2 2 2 2 2 2 2 2 2 2
left_child=1 3 13 -1 14 6 -3 10 -4 15 11 -7 -12 17 -5 -10 -15 19 21 -2 -14 -9
right_child=2 5 8 4 -6 7 -8 18 9 -11 12 -13 20 16 -16 -17 -18 -19 -20 -21 -22 -23
leaf_value=-33.954852318689461 77.338431257583778 120.8736788321967 81.211597036201269 -248.64338030260134 -89.098259970832899 0.15726738081744504 -36.195623338668746 -31.263759631545078 122.18170634814331 255.24987903426805 -136.03070809065463 -88.937585193049301 -84.692922427717193 68.72063608526291 -192.5139321348922 173.54447134357611 125.11872627044391 26.614808383720842 8.43671486997229 43.175554184007495 -60.171340675829981 -14.825994067179563
leaf_weight=32 30 30 32 42 30 36 56 37 40 43 50 41 34 40 57 51 32 50 38 32 56 38
leaf_count=32 30 30 32 42 30 36 56 37 40 43 50 41 34 40 57 51 32 50 38 32 56 38
internal_value=-2.76265 -72.3554 111.954 -156.625 -187.005 -39.7117 18.6727 -54.9281 164.815 184.705 -77.0541 -47.3366 -93.3532 64.2002 -216.553 151.126 93.9253 45.0244 -12.4078 59.804 -69.5188 -22.9662
internal_weight=927 577 350 161 129 416 86 330 166 134 217 77 140 184 99 91 72 112 113 62 90 75
internal_count=927 577 350 161 129 416 86 330 166 134 217 77 140 184 99 91 72 112 113 62 90 75
is_linear=0
shrinkage=0.05


Tree=20
num_leaves=24
num_cat=0
split_feature=24 24 1 24 27 1 24 24 27 24 24 1 3 21 24 3 7 24 24 27 8 7 20
split_gain=2.4653e+09 3.73653e+08 2.56347e+08 7.31922e+08 3.23908e+08 1.68475e+08 1.05016e+08 9.96968e+07 8.00367e+07 5.9689e+07 3.90819e+07 3.75359e+07 1.8904e+07 1.38434e+07 1.94562e+07 1.2298e+07 8.66559e+06 7.2189e+06 5.35618e+06 3.79008e+06 3.50485e+06 895768 586712
threshold=8338.8888888888905 11401.388888888891 0.18333333333333332 5143.6507936507942 -0.34964421742355262 0.29166666666666669 3390.0000000000005 15032.408333333335 0.53436760985011655 6844.9083333333338 9127.3805555555573 1.2500000000000002 59.050000000000004 0.78490852636987074 10078.705555555556 71.850000000000009 19.450000000000003 5825.7583333333341 7706.0194444444451 -0.69636977696931202 11.750000000000002 21.250000000000004 7.1632000000000016
decision_type=2 2 2 2 2 2 2 2 2 2 2 2 2 2 2 2 2 2 2 2 2 2 2
left_child=2 10 4 6 -1 -3 11 12 -6 17 19 -4 -7 14 -12 -15 -8 -5 21 -2 -19 -11 -20
right_child=1 5 3 9 8 7 16 -9 -10 18 13 -13 -14 15 -16 -17 -18 20 22 -21 -22 -23 -24
leaf_value=131.7413988916056 49.428388831464957 69.78634651721049 -243.33965094334218 -70.2426564048085 -1.9253881853853887 201.03347824958473 -97.329407559518415 275.39105200276424 -90.467824258822986 -12.038916515857911 70.35455502973943 -175.62883514564635 150.13709836385166 86.970595392119449 126.4383447184515 42.517297068247267 -134.8065587601173 -57.10985436452367 -1.5340219009754268 26.655923005102085 -36.116896101112111 -23.102467065475309 8.2623590033920618
leaf_weight=34 30 34 34 48 51 30 30 30 51 48 33 57 54 30 30 33 36 37 30 48 45 30 31
leaf_count=34 30 34 34 48 51 30 30 30 51 48 33 57 54 30 30 33 36 37 30 48 45 30 31
internal_value=3.5344 107.277 -61.4506 -80.5268 -1.68194 167.742 -166.279 196.869 -46.2419 -30.4348 63.3495 -201.167 168.532 80.5685 97.2193 63.7899 -117.945 -54.7758 -7.64684 35.4667 -45.6474 -16.3183 3.44976
internal_weight=914 352 562 426 136 148 157 114 102 269 204 91 84 126 63 63 66 130 139 78 82 78 61
internal_count=914 352 562 426 136 148 157 114 102 269 204 91 84 126 63 63 66 130 139 78 82 78 61
is_linear=0
shrinkage=0.05


Tree=21
num_leaves=22
num_cat=0
split_feature=1 23 27 0 3 1 27 0 0 29 14 3 10 14 6 29 11 5 2 28 8
split_gain=2.35897e+08 2.31011e+08 1.8785e+08 1.51435e+08 1.78497e+08 1.32855e+08 1.21397e+08 1.02372e+08 1.83993e+08 6.9984e+07 6.05428e+07 5.78629e+07 4.27816e+07 4.25499e+07 4.05397e+07 3.7273e+07 3.02905e+07 2.40548e+07 2.25473e+07 4.03434e+07 1.56041e+07
threshold=1.2500000000000002 -0.68301270189221952 0.24284747324344283 2042.8000000000004 79.050000000000011 0.65000000000000013 0.82876241254485883 510.20000000000005 6.7500000000000009 1.0000000180025095e-35 234.50000000000003 84.700000000000003 3.5000000000000004 294.00000000000006 2.1500000000000008 1.0000000180025095e-35 3.5000000000000004 25.400000000000002 16.000000000000004 0.7497153063319405 0.55000000000000016
decision_type=2 2 2 2 2 2 2 2 2 2 2 2 2 2 2 2 2 2 2 2 2
left_child=1 2 11 4 7 -6 14 8 12 -2 -9 17 -3 -12 -5 -4 -8 -1 19 -16 -21
right_child=9 3 15 6 5 -7 16 10 -10 -11 13 -13 -14 -15 18 -17 -18 -19 -20 20 -22
leaf_value=12.856629483125216 -126.91531346195059 81.565715836405374 -48.395680631261293 -22.432830272151289 172.40150231761888 52.459614140211706 -69.557196807861317 15.246592340278973 -100.239781693821 -29.291012412152334 125.70751860662638 -36.891412522723982 0.97199191449374556 50.710236445823021 77.021385784858353 -109.58780578770859 -11.444738355158474 73.468082932380341 -0.99257990941976948 38.585413799569359 -6.2349384261762264
leaf_weight=36 40 31 44 42 43 50 57 55 37 34 34 38 35 43 51 58 37 30 39 47 33
leaf_count=36 40 31 44 42 43 50 57 55 37 34 34 38 35 43 51 58 37 30 39 47 33
internal_value=3.35929 10.9021 -35.0866 25.848 49.4453 108.042 0.546297 26.2197 -11.1356 -82.161 55.3545 12.1993 38.8928 83.9461 21.516 -83.2645 -46.7197 40.4768 32.3808 42.3096 20.1123
internal_weight=914 840 206 634 328 93 306 235 103 74 132 104 66 77 212 102 94 66 170 131 80
internal_count=914 840 206 634 328 93 306 235 103 74 132 104 66 77 212 102 94 66 170 131 80
is_linear=0
shrinkage=0.05


Tree=22
num_leaves=24
num_cat=0
split_feature=24 24 0 24 24 24 0 14 24 24 24 24 24 0 9 24 24 0 24 24 6 0 24
split_gain=2.13915e+09 3.23781e+08 2.97866e+08 1.51286e+08 2.06197e+08 1.31767e+08 1.16428e+08 1.1529e+08 2.77372e+08 9.86511e+07 6.43594e+07 3.52088e+07 3.50791e+07 2.24422e+07 1.97309e+07 1.92402e+07 1.85486e+07 1.69301e+07 1.42118e+07 9.84343e+06 6.28408e+06 4.8486e+06 3.62695e+06
threshold=8338.8888888888905 11401.388888888891 795.45000000000016 1.0000000180025095e-35 3336.8055555555561 16900.000000000004 251.45000000000002 173.50000000000003 3336.8055555555561 5357.5833333333348 6269.4444444444453 12726.190476190479 9127.3805555555573 51.800000000000004 1.0000000180025095e-35 2578.7888888888892 7143.2111111111117 1730.0500000000002 4604.166666666667 7385.8027777777779 3.0500000000000003 1686.7500000000002 6385.9138888888901
decision_type=2 2 2 2 2 2 2 2 2 2 2 2 2 2 2 2 2 2 2 2 2 2 2
left_child=2 12 3 -1 13 6 -3 9 -9 15 -10 -8 20 -5 17 -4 22 -14 -17 -12 -2 -16 -11
right_child=1 5 7 4 -6 -7 11 8 10 16 19 -13 14 -15 21 18 -18 -19 -20 -21 -22 -23 -24
leaf_value=-22.298046340250895 17.892400954839751 78.744005433790477 -68.579793767396566 -224.06080000408207 -50.690435079446161 249.741571227419 139.64061612929561 103.89421445539479 -93.696369416576957 -51.024407225130595 -34.165925407004714 215.62713505159655 28.351995858480763 -167.83124474666224 110.60353707855325 -133.7097544723967 3.6912779477551165 79.321247563665921 -85.454584090587232 -1.8188378516276171 46.344841867194809 81.164288350355591 -28.243458409065187
leaf_weight=33 38 55 59 31 40 30 31 44 40 34 47 32 30 48 30 30 39 36 33 47 40 30 37
leaf_count=33 38 55 59 31 40 30 31 44 40 34 47 32 30 48 30 30 39 36 33 47 40 30 37
internal_value=3.19209 99.8289 -57.3419 -117.105 -143.356 156.114 132.119 -35.1624 -4.88701 -58.3788 -40.6571 178.518 58.9381 -190.151 75.2507 -89.3226 -24.0094 56.2314 -108.609 -18.0116 32.5241 96.0435 -39.2091
internal_weight=914 352 562 152 119 148 118 410 178 232 134 63 204 79 126 122 110 66 63 94 78 60 71
internal_count=914 352 562 152 119 148 118 410 178 232 134 63 204 79 126 122 110 66 63 94 78 60 71
is_linear=0
shrinkage=0.05


Tree=23
num_leaves=24
num_cat=0
split_feature=24 24 0 24 24 0 14 24 24 24 24 0 24 0 24 24 24 0 24 24 24 24 21
split_gain=1.93117e+09 2.93049e+08 2.68896e+08 1.36571e+08 1.86145e+08 1.28543e+08 1.04078e+08 2.50389e+08 8.98513e+07 8.90565e+07 8.62716e+07 8.90406e+07 5.81002e+07 2.02687e+07 1.73749e+07 1.6758e+07 1.28314e+07 1.19371e+07 9.24468e+06 8.88568e+06 6.03003e+06 4.40295e+06 663946
threshold=8338.8888888888905 12859.126984126988 795.45000000000016 1.0000000180025095e-35 3336.8055555555561 26.500000000000004 173.50000000000003 3336.8055555555561 10078.705555555556 5357.5833333333348 16900.000000000004 93.850000000000009 6269.4444444444453 51.800000000000004 2578.7888888888892 7385.8027777777779 4604.166666666667 1403.0500000000004 9194.4444444444471 7385.8027777777779 11574.075000000001 6503.0861111111126 0.97233452327829861
decision_type=2 2 2 2 2 2 2 2 2 2 2 2 2 2 2 2 2 2 2 2 2 2 2
left_child=2 5 3 -1 13 -2 9 -8 17 14 11 -3 -9 -5 -4 21 -16 -7 22 -14 -10 -11 -19
right_child=1 10 6 4 -6 8 7 12 20 15 -12 -13 19 -15 16 -17 -18 18 -20 -21 -22 -23 -24
leaf_value=-21.186516163068234 -31.510704481562115 89.618420981918291 -65.156606198486742 -212.89378426603949 -48.162233935805631 78.487452305911901 98.711281054576773 -89.023232964684539 107.10381817895573 -47.609202719634439 237.29597689606422 202.15543865824853 -32.461255657090753 -159.45712823372125 -127.04647894064055 8.3230752023365167 -81.19476333111075 25.837671796982473 62.905683991039204 -1.7280890960855342 135.32004306021051 -23.852445292529474 36.645392012992176
leaf_weight=33 30 43 59 31 40 33 44 40 55 37 30 30 47 48 30 31 33 30 38 47 33 42 30
leaf_count=33 30 43 59 31 40 33 44 40 55 37 30 30 47 48 30 31 33 30 38 47 33 42 30
internal_value=3.03354 94.8523 -54.4824 -111.265 -136.207 65.4654 -33.409 -4.64339 78.7582 -55.4677 165.762 136.08 -38.6291 -180.669 -84.8682 -22.8124 -103.196 52.4439 43.603 -17.1129 117.827 -35.0252 31.2936
internal_weight=914 352 562 152 119 249 410 178 219 232 103 73 134 79 122 110 63 131 98 94 88 79 60
internal_count=914 352 562 152 119 249 410 178 219 232 103 73 134 79 122 110 63 131 98 94 88 79 60
is_linear=0
shrinkage=0.05


Tree=24
num_leaves=25
num_cat=0
split_feature=24 24 0 1 1 24 14 1 24 24 24 24 24 11 9 3 0 4 24 24 4 6 0 24
split_gain=1.74338e+09 2.65653e+08 2.42745e+08 1.44107e+08 1.23288e+08 1.68042e+08 9.39562e+07 2.2603e+08 8.04857e+07 7.62901e+07 5.24865e+07 2.91323e+07 2.08845e+07 1.87164e+07 1.70931e+07 1.59381e+07 1.43583e+07 1.39577e+07 9.88827e+06 8.35426e+06 7.08536e+06 5.53453e+06 4.49817e+06 3.18591e+06
threshold=8338.8888888888905 11401.388888888891 795.45000000000016 0.29166666666666669 0.18333333333333332 3336.8055555555561 173.50000000000003 0.65000000000000013 6193.2861111111115 15032.408333333335 6062.11388888889 9127.3805555555573 2151.428571428572 3.5000000000000004 1.0000000180025095e-35 59.050000000000004 1730.0500000000002 1006.7500000000001 7048.8083333333334 7385.8027777777779 1011.85 3.0500000000000003 1686.7500000000002 7754.6277777777786
decision_type=2 2 2 2 2 2 2 2 2 2 2 2 2 2 2 2 2 2 2 2 2 2 2 2
left_child=2 11 4 -3 -1 12 8 -8 13 15 -9 21 -6 17 16 -5 -13 -4 -12 -10 -19 -2 -16 -20
right_child=1 3 6 9 5 -7 7 10 19 -11 18 14 -14 -15 22 -17 -18 20 23 -21 -22 -23 -24 -25
leaf_value=-20.130388943306269 15.28972386863288 50.572628170024615 -111.11651277460604 172.99804521224823 -193.22786779707405 -45.760128395099599 93.78691003155005 -89.243167695700279 -25.095468348276594 236.70579529822467 -41.971655212605121 24.588231866779516 -139.47568505783318 -44.757509044162056 101.27589934593023 126.45403661251949 71.516719520125037 -54.861030979675107 -17.583750607061258 7.9082595702536231 -86.074742122924519 41.982822321180691 73.03027745243719 3.9369396887092947
leaf_weight=33 38 34 35 30 47 40 44 35 50 30 30 30 32 40 30 54 36 33 37 31 43 40 30 32
leaf_count=33 38 34 35 30 47 40 44 35 50 30 30 30 32 40 30 54 36 33 37 31 43 40 30 32
internal_value=2.88264 90.1231 -51.7654 141.106 -105.717 -129.414 -31.743 -4.41191 -52.7016 168.039 -36.7022 53.0845 -171.659 -74.2601 67.95 143.263 50.2551 -84.8418 -18.0558 -12.4702 -72.6114 29.0148 87.2982 -7.61181
internal_weight=914 352 562 148 152 119 410 178 232 114 134 204 79 151 126 84 66 111 99 81 76 78 60 69
internal_count=914 352 562 148 152 119 410 178 232 114 134 204 79 151 126 84 66 111 99 81 76 78 60 69
is_linear=0
shrinkage=0.05


Tree=25
num_leaves=24
num_cat=0
split_feature=24 24 1 0 24 0 1 14 24 24 29 0 24 24 24 24 5 8 5 24 24 24 14
split_gain=1.58472e+09 3.1035e+08 2.90411e+08 2.13917e+08 1.82547e+08 1.39001e+08 1.08065e+08 1.93537e+08 1.2692e+08 5.55807e+07 3.46154e+07 2.55071e+07 2.25878e+07 1.86802e+07 1.84455e+07 1.83405e+07 1.0503e+07 5.13235e+06 4.52828e+06 3.82877e+06 2.32795e+06 423666 394211
threshold=7996.030555555556 14619.04761904762 0.45000000000000007 756.05000000000007 10379.630555555557 2.1500000000000004 0.65000000000000013 177.50000000000003 5357.5833333333348 3020.0000000000005 1.0000000180025095e-35 747.15000000000009 9127.3805555555573 11711.111111111113 6844.9083333333338 4563.6583333333338 12.475000000000001 10.550000000000002 13.15 7530.5555555555557 6503.0861111111126 7260.5833333333339 166.00000000000003
decision_type=2 2 2 2 2 2 2 2 2 2 2 2 2 2 2 2 2 2 2 2 2 2 2
left_child=3 2 -2 5 12 -1 7 -5 15 10 -7 -6 18 -13 20 -8 -3 -14 -4 21 22 -16 -10
right_child=1 16 4 6 11 9 8 -9 14 -11 -12 13 17 -15 19 -17 -18 -19 -20 -21 -22 -23 -24
leaf_value=-8.0281103545063175 -70.864522035854066 160.14270583244652 15.436289438895546 -48.776720283564714 165.65947645827384 -117.28222859428527 -125.63986470324738 97.232441580691898 -43.925472067201568 -65.862113413858253 -177.18723479463401 92.212689340371199 51.725074865925627 142.00680312374396 -22.727653536692586 -78.398901602470403 204.48248859798392 77.635615714348233 37.377779592559868 2.5862060444005923 -30.87507899084757 -14.334640253263453 -52.529774267253686
leaf_weight=31 38 30 42 54 30 56 40 39 36 30 44 51 42 31 32 44 30 37 54 32 30 30 30
leaf_count=31 38 30 42 54 30 56 40 39 36 30 44 51 42 31 32 44 30 37 54 32 30 30 30
internal_value=1.08159 78.2136 58.889 -55.1646 76.0877 -103.201 -34.0692 12.4915 -49.8715 -125.872 -143.791 125.913 44.1458 111.187 -27.2184 -101.017 182.616 63.9433 27.8045 -11.456 -42.6244 -18.6962 -47.9101
internal_weight=913 385 325 528 287 161 367 93 274 130 100 112 175 82 190 84 60 79 96 94 96 62 66
internal_count=913 385 325 528 287 161 367 93 274 130 100 112 175 82 190 84 60 79 96 94 96 62 66
is_linear=0
shrinkage=0.05


Tree=26
num_leaves=23
num_cat=0
split_feature=24 24 1 1 24 24 15 28 24 24 1 24 24 0 24 24 3 28 8 26 24 10
split_gain=1.43062e+09 2.81507e+08 2.22621e+08 1.93112e+08 4.01079e+08 1.88631e+08 1.00382e+08 1.2643e+08 4.20802e+07 4.04993e+07 3.68275e+07 4.59643e+07 2.03919e+07 1.83114e+07 3.09501e+07 1.10905e+07 5.4419e+06 5.39678e+06 4.63357e+06 2.95582e+06 1.80063e+06 925978
threshold=7996.030555555556 15322.222222222224 0.45000000000000007 0.18333333333333332 4762.8972222222228 10379.630555555557 1.0000000180025095e-35 -0.89388548498445497 5825.7583333333341 3390.0000000000005 1.2500000000000002 1702.5000000000002 9127.3805555555573 747.15000000000009 11853.175000000001 6914.6833333333334 73.950000000000017 -0.0387208465846701 10.550000000000002 8.3500000000000032 7530.5555555555557 7.5000000000000009
decision_type=2 2 2 2 2 2 2 2 2 2 2 2 2 2 2 2 2 2 2 2 2 2
left_child=3 2 -2 6 9 12 7 -1 16 10 -5 -12 17 -7 -15 19 -6 -4 -14 -10 21 -17
right_child=1 -3 5 4 8 13 -8 -9 15 -11 11 -13 18 14 -16 20 -18 -19 -20 -21 -22 -23
leaf_value=-41.111796736747721 -42.223067954239575 191.71901761074025 11.403691844991597 -192.82106190557064 -75.836164972787671 155.73590623561711 -70.384944308695694 76.461673389026345 -40.293815588904458 -96.124315094118046 -173.46601229949647 -85.449575389976133 49.144964447383927 88.598588924788729 152.14671448362228 -7.0787491790010781 -47.711159294863478 35.796827343635755 73.764298236466487 -21.148558169725703 1.5237541337747948 -19.05111536167059
leaf_weight=39 47 45 37 39 43 33 36 55 51 43 30 30 42 55 30 34 30 59 37 34 33 31
leaf_count=39 47 45 37 39 43 33 36 55 51 43 30 30 42 55 30 34 30 59 37 34 33 31
internal_value=1.02855 74.3143 58.7236 -52.4129 -69.6908 74.9253 0.497006 27.6893 -32.2854 -137.056 -154.719 -129.673 41.9437 123.762 111.18 -19.4627 -64.3591 26.417 60.7543 -32.6696 -7.98612 -12.8092
internal_weight=913 385 340 528 398 293 130 94 256 142 99 60 175 118 85 183 73 96 79 85 98 65
internal_count=913 385 340 528 398 293 130 94 256 142 99 60 175 118 85 183 73 96 79 85 98 65
is_linear=0
shrinkage=0.05


Tree=27
num_leaves=23
num_cat=0
split_feature=24 24 1 1 24 14 24 24 24 1 24 27 0 24 24 5 24 14 8 5 29 27
split_gain=1.29186e+09 2.66329e+08 2.34278e+08 1.84543e+08 3.43403e+08 2.27943e+08 1.60524e+08 3.65659e+07 3.41811e+07 3.32401e+07 4.14973e+07 2.93526e+07 2.30962e+07 1.78105e+07 1.62403e+07 8.62566e+06 7.74321e+06 5.75448e+06 5.2642e+06 4.19276e+06 3.35667e+06 2.01588e+06
threshold=7870.3694444444454 14619.04761904762 0.45000000000000007 0.18333333333333332 4762.8972222222228 205.50000000000003 10212.963888888889 3390.0000000000005 5825.7583333333341 1.2500000000000002 1702.5000000000002 0.54162280503947546 747.15000000000009 9127.3805555555573 11672.222222222224 12.475000000000001 6914.6833333333334 155.50000000000003 10.550000000000002 14.950000000000001 1.0000000180025095e-35 0.28433548840379819
decision_type=2 2 2 2 2 2 2 2 2 2 2 2 2 2 2 2 2 2 2 2 2 2
left_child=3 2 -2 5 7 11 13 9 17 -5 -11 -1 -8 19 -14 -3 20 -6 -15 -4 -10 -18
right_child=1 15 6 4 8 -7 12 -9 16 10 -12 -13 14 18 -16 -17 21 -19 -20 -21 -22 -23
leaf_value=-12.631063833606882 -65.224982865401145 145.51360583131097 33.722699260894721 -183.20466739430148 -48.861199284279436 116.12428762370551 149.64309647772399 -91.329250263116748 -41.102449057391027 -164.8215276876557 -81.191289411272322 -67.641434414748971 82.145526016155188 42.378477449237181 127.12360832238122 185.70668852669851 -15.323999860157276 -77.587576382259854 69.708093200857476 13.885872533143974 -21.138396799038848 0.68150537259554944
leaf_weight=54 38 30 52 39 42 32 30 43 42 30 30 44 57 37 32 30 57 31 35 55 43 30
leaf_count=54 38 30 52 39 42 32 30 43 42 30 30 44 57 37 32 30 57 31 35 55 43 30
internal_value=0.976707 68.925 51.5663 -51.072 -68.3818 0.470806 66.4761 -130.222 -32.5011 -147.006 -123.211 -37.3734 111.465 36.5219 98.442 165.886 -20.3136 -61.1496 55.742 23.5487 -31.0398 -9.81036
internal_weight=913 396 336 517 387 130 298 142 245 99 60 98 119 179 89 60 172 73 72 107 85 87
internal_count=913 396 336 517 387 130 298 142 245 99 60 98 119 179 89 60 172 73 72 107 85 87
is_linear=0
shrinkage=0.05


Tree=28
num_leaves=23
num_cat=0
split_feature=24 24 0 0 24 21 24 24 0 24 29 24 6 24 4 0 24 24 4 24 24 4
split_gain=1.16638e+09 2.33296e+08 1.61817e+08 1.14308e+08 9.05511e+07 8.50533e+07 1.42122e+08 7.08111e+07 6.36937e+07 4.62184e+07 2.7791e+07 2.1159e+07 1.96349e+07 1.8764e+07 1.53808e+07 2.07432e+07 1.32689e+07 1.31279e+07 7.85005e+06 3.38446e+06 2.95346e+06 908531
threshold=7996.030555555556 14619.04761904762 756.05000000000007 2.1500000000000004 10170.636111111113 0.68920799923937526 2578.7888888888892 5465.2777777777783 215.05000000000004 3020.0000000000005 1.0000000180025095e-35 5798.1472222222228 3.3500000000000001 11951.388888888891 1002.2500000000001 1069.5000000000002 9318.7500000000018 7190.7416666666677 1013.6500000000002 8530.5555555555566 6503.0861111111126 1008.2500000000001
decision_type=2 2 2 2 2 2 2 2 2 2 2 2 2 2 2 2 2 2 2 2 2 2
left_child=2 4 3 -1 14 6 -4 12 -6 10 -5 -8 -7 21 -2 -16 19 20 -3 -17 -9 -10
right_child=1 18 5 9 8 7 11 17 13 -11 -12 -13 -14 -15 15 16 -18 -19 -20 -21 -22 -23
leaf_value=-2.8137574370651 58.429807665973811 138.19403377545632 60.541291463112863 -102.26220796146494 26.515286468723328 -61.730908026267628 -74.106886408099314 -42.98352573014116 76.988229299146084 -54.97165386922336 -155.91102725351209 -21.897601863563388 -107.70142390648726 130.07241776318145 -17.860443150719931 6.1051762456479279 52.002178970298864 -0.13885697645572562 176.52026358062642 27.370346084393955 -23.968286045670833 89.916506508202247
leaf_weight=31 30 30 59 56 42 59 30 47 30 30 44 55 39 34 30 39 40 41 30 36 37 44
leaf_count=31 30 30 59 56 42 59 30 47 30 30 44 55 39 34 30 39 40 41 30 36 37 44
internal_value=0.9284 67.1009 -47.326 -89.1046 50.3466 -28.9787 0.977135 -48.3142 78.8437 -109.664 -126 -40.3899 -80.1165 99.1503 25.8893 19.1211 28.7757 -23.337 157.619 16.3354 -34.6463 84.7864
internal_weight=913 385 528 161 325 367 144 223 150 130 100 85 98 108 175 145 115 125 60 75 84 74
internal_count=913 385 528 161 325 367 144 223 150 130 100 85 98 108 175 145 115 125 60 75 84 74
is_linear=0
shrinkage=0.05


Tree=29
num_leaves=24
num_cat=0
split_feature=24 24 1 1 24 14 24 24 25 24 1 24 24 0 24 29 24 14 28 28 8 29 14
split_gain=1.05346e+09 2.18867e+08 1.76624e+08 1.55977e+08 2.89007e+08 1.9948e+08 1.51509e+08 3.13631e+07 2.9436e+07 2.77191e+07 2.15291e+07 1.89635e+07 1.72959e+07 1.55981e+07 2.41346e+07 1.17715e+07 6.40263e+06 5.4647e+06 4.01272e+06 1.04892e+07 3.87103e+06 3.3379e+06 1.28891e+06
threshold=7870.3694444444454 15322.222222222224 0.45000000000000007 0.18333333333333332 4762.8972222222228 205.50000000000003 10379.630555555557 2151.428571428572 12.342740000000001 5825.7583333333341 0.90000000000000013 3622.916666666667 9127.3805555555573 747.15000000000009 11853.175000000001 1.0000000180025095e-35 6844.9083333333338 155.50000000000003 -0.0387208465846701 0.65180241000790706 10.550000000000002 1.0000000180025095e-35 105.00000000000001
decision_type=2 2 2 2 2 2 2 2 2 2 2 2 2 2 2 2 2 2 2 2 2 2 2
left_child=3 2 -2 5 7 8 12 -5 -1 17 11 -9 18 -8 -15 -10 21 -6 -4 -20 -14 -11 -18
right_child=1 -3 6 4 9 -7 13 10 15 16 -12 -13 20 14 -16 -17 22 -19 19 -21 -22 -23 -24
leaf_value=7.1066749648794376 -41.233745792008257 165.95160758616919 9.4911014919326302 -151.81808780027774 -42.968887010153004 109.45814027875382 136.60351731683554 -146.98992248731409 -32.560009380985171 -38.330301501049036 -68.846585285843673 -90.487141616162276 41.85013144305087 75.631501218930779 131.72498973960495 -74.370256582004629 -1.0478098376640019 -70.909149130670968 50.992777793351998 10.698696313624367 64.315104654728572 -18.082828417775694 -13.464120552460493
leaf_weight=30 47 45 42 48 42 32 33 31 36 41 33 30 42 55 30 32 33 31 30 35 37 41 57
leaf_count=30 47 45 42 48 42 32 33 31 36 41 33 30 42 55 30 32 33 31 30 35 37 41 57
internal_value=0.882944 62.2421 48.9025 -46.1185 -62.0323 1.2668 62.8471 -118.764 -34.1365 -29.1161 -101.742 -119.395 34.7017 107.145 95.5608 -52.3158 -18.1411 -54.9148 21.5686 29.3458 52.4398 -28.241 -8.91774
internal_weight=913 396 351 517 387 130 304 142 98 245 94 61 186 118 85 68 172 73 107 65 79 82 90
internal_count=913 396 351 517 387 130 304 142 98 245 94 61 186 118 85 68 172 73 107 65 79 82 90
is_linear=0
shrinkage=0.05


Tree=30
num_leaves=23
num_cat=0
split_feature=0 0 15 14 1 1 21 3 1 6 8 28 14 28 0 11 21 14 30 27 20 3
split_gain=8.86121e+07 2.47997e+08 1.4011e+08 1.26842e+08 9.42876e+07 7.84665e+07 6.13932e+07 7.61226e+07 5.30655e+07 3.71313e+07 3.27557e+07 2.6537e+07 2.24232e+07 1.26132e+07 1.46322e+07 1.20811e+07 1.02449e+07 1.05462e+07 6.73213e+06 5.98758e+06 1.25896e+07 4.2607e+06
threshold=464.40000000000003 6.1000000000000005 1.0000000180025095e-35 110.50000000000001 0.45000000000000007 0.29166666666666669 0.70145753816793899 85.700000000000003 0.36666666666666675 3.1500000000000008 23.450000000000003 -0.24284072672761489 82.000000000000014 0.91925191855388744 2711.6000000000004 3.5000000000000004 0.70145753816793899 106.50000000000001 -0.56174490092936669 -0.65189295912203338 1.8331500000000001 67.350000000000009
decision_type=2 2 2 2 2 2 2 2 2 2 2 2 2 2 2 2 2 2 2 2 2 2
left_child=1 3 6 5 -3 -1 7 10 -5 -6 11 -2 -4 14 18 -16 -14 -18 -8 -13 -21 -20
right_child=2 4 12 8 9 -7 13 -9 -10 -11 -12 19 16 -15 15 -17 17 -19 21 20 -22 -23
leaf_value=12.818169942963559 -14.537086197395059 -125.01055794297693 -0.99638446107202638 16.274910166449946 -74.781411881880331 123.73299918971803 23.284281559648189 109.54945889931619 -70.153209253350312 -1.4661610138721957 72.404566781677076 48.292218626238963 -24.436206289562705 32.76996960653539 -37.891478114886432 3.3594767976016939 -32.165608078567168 -70.773997497558597 14.082939846809769 47.74601367506736 7.9721653022689969 -7.6632412725265144
leaf_weight=30 43 56 44 37 34 34 55 34 34 35 35 36 47 35 37 34 31 42 38 33 50 55
leaf_count=30 43 56 44 37 34 34 55 34 34 35 35 36 47 35 37 34 31 42 38 33 50 55
internal_value=-1.47705 -26.1357 8.40411 20.849 -76.8554 71.8429 21.9129 40.561 -25.1536 -37.6485 28.6048 19.103 -31.5347 4.9441 0.484088 -18.1605 -42.7218 -54.4452 9.4347 31.2608 23.8244 1.22782
internal_weight=909 260 649 135 125 64 485 231 71 69 197 162 164 254 219 71 120 73 148 119 83 93
internal_count=909 260 649 135 125 64 485 231 71 69 197 162 164 254 219 71 120 73 148 119 83 93
is_linear=0
shrinkage=0.05


Tree=31
num_leaves=23
num_cat=0
split_feature=0 0 15 14 1 1 21 26 1 1 6 14 26 0 28 0 29 7 14 5 30 26
split_gain=7.99899e+07 2.23871e+08 1.26484e+08 1.14511e+08 8.5106e+07 7.08375e+07 5.54248e+07 6.91031e+07 4.79062e+07 4.27102e+07 3.35214e+07 2.02423e+07 1.93996e+07 1.93978e+07 1.13869e+07 1.32179e+07 1.16252e+07 9.82854e+06 9.80052e+06 7.29723e+06 6.18945e+06 4.48784e+06
threshold=464.40000000000003 6.1000000000000005 1.0000000180025095e-35 110.50000000000001 0.45000000000000007 0.29166666666666669 0.70145753816793899 4.9000000000000004 0.36666666666666675 0.65000000000000013 3.1500000000000008 82.000000000000014 7.3500000000000014 1527.2500000000002 0.91925191855388744 2744.7000000000003 -1.0000000180025095e-35 14.15 127.00000000000001 14.350000000000003 -0.56174490092936669 7.3500000000000014
decision_type=2 2 2 2 2 2 2 2 2 2 2 2 2 2 2 2 2 2 2 2 2 2
left_child=1 3 6 5 -3 -1 7 -2 -5 -9 -6 -4 13 -11 15 20 -17 -14 19 -13 -8 -22
right_child=2 4 11 8 10 -7 14 9 -10 12 -12 18 17 -15 -16 16 -18 -19 -20 -21 21 -23
leaf_value=12.179391129705992 94.073785369940708 -118.77117168406114 -0.9466778657874283 15.463358432327642 -71.053305850210776 117.56449262333754 22.122180652834761 -27.437235107897227 -66.655834466341304 78.842276754159755 -1.3930636544512887 -44.450786516718765 34.173816706546702 25.763923142730615 31.1361392643377 3.1919952884797129 -37.821240050704397 -0.5013223066628828 -64.289287610811613 -15.336045995346829 -8.6109308275125791 13.247579971458453
leaf_weight=30 45 56 44 37 34 34 55 32 34 39 35 50 49 31 35 34 35 35 32 38 53 42
leaf_count=30 45 56 44 37 34 34 55 32 34 39 35 50 49 31 35 34 35 35 32 38 53 42
internal_value=-1.40291 -24.8312 7.98522 19.8096 -73.0207 68.2614 20.8203 38.5388 -23.8997 25.0596 -35.7716 -29.9618 35.9788 55.4065 4.69744 0.459773 -17.6364 19.7424 -40.591 -31.9102 8.79024 1.05655
internal_weight=909 260 649 135 125 64 485 231 71 186 69 164 154 70 254 219 69 84 120 88 150 95
internal_count=909 260 649 135 125 64 485 231 71 186 69 164 154 70 254 219 69 84 120 88 150 95
is_linear=0
shrinkage=0.05


Tree=32
num_leaves=21
num_cat=0
split_feature=23 28 3 21 1 1 4 1 14 27 30 4 28 18 21 26 4 2 4 2
split_gain=7.36171e+07 9.26115e+07 7.13998e+07 6.24352e+07 5.81949e+07 6.04995e+07 6.87082e+07 5.45999e+07 4.51327e+07 3.52949e+07 3.05477e+07 2.21288e+07 1.87154e+07 1.66669e+07 1.37976e+07 9.27604e+06 7.50854e+06 7.43215e+06 1.56709e+07 1.19924e+07
threshold=-0.68301270189221952 -0.99463397642532658 85.700000000000003 0.71518782570317951 1.2500000000000002 0.45000000000000007 1013.6500000000002 0.65000000000000013 161.50000000000003 0.82876241254485883 -0.56174490092936669 1017.9500000000002 0.44436171794418394 1.0000000180025095e-35 0.74298633702016936 8.1500000000000039 1010.6500000000002 15.597000000000003 1006.6500000000002 19.650000000000002
decision_type=2 2 2 2 2 2 2 2 2 2 2 2 2 2 2 2 2 2 2 2
left_child=1 -1 4 -4 5 6 9 10 -9 -2 -3 12 17 -13 -10 -14 -17 18 -7 -19
right_child=2 7 3 -5 -6 11 -8 8 14 -11 -12 13 15 -15 -16 16 -18 19 -20 -21
leaf_value=51.904475224575151 -21.47993162430544 -111.00658298750014 101.54184750940044 8.427883012468282 -47.85137951084144 24.397487553731228 30.075800887082934 -53.1929774433315 34.911219165016256 -83.917489748176308 -46.071483454628599 -22.00703328063242 60.159181515227232 15.871657047839591 -12.219217315863968 8.2469326513550207 38.441306068316536 35.789186013463038 -20.500339460939244 1.8156395286511466
leaf_weight=32 56 31 35 37 55 36 42 50 30 38 44 59 32 57 32 30 66 58 42 47
leaf_count=32 56 31 35 37 55 36 42 50 30 38 44 59 32 57 32 30 66 58 42 47
internal_value=-1.33282 -26.5829 6.68401 53.7697 1.19047 5.98907 -23.0425 -40.0344 -17.8981 -46.7831 -73.0235 15.2389 22.1886 -3.39655 10.6052 36.8487 29.024 11.92 0.226377 20.5982
internal_weight=909 219 690 72 618 563 136 187 112 94 75 427 311 116 62 128 96 183 78 105
internal_count=909 219 690 72 618 563 136 187 112 94 75 427 311 116 62 128 96 183 78 105
is_linear=0
shrinkage=0.05


Tree=33
num_leaves=24
num_cat=0
split_feature=24 24 1 0 0 0 24 20 26 21 1 24 10 0 27 24 26 5 24 26 24 9 10
split_gain=8.91278e+08 1.95862e+08 2.66548e+08 1.28096e+08 1.22895e+08 6.82913e+07 5.79784e+07 4.96846e+07 4.30746e+07 1.01266e+08 3.89255e+07 3.3319e+07 2.80697e+07 9.84366e+06 2.40586e+07 8.88692e+06 8.04264e+06 7.00496e+06 6.9536e+06 6.88426e+06 2.30035e+06 1.00717e+06 820620
threshold=7892.8583333333345 12859.126984126988 0.65000000000000013 872.10000000000014 795.45000000000016 2.1500000000000004 9539.6833333333361 16.738800000000001 5.9000000000000004 0.6697025729797782 0.65000000000000013 6269.4444444444453 9.5000000000000018 2414.6500000000005 0.43664718845046319 10968.055555555557 7.8500000000000005 12.475000000000001 8530.5555555555566 8.7500000000000018 7143.2111111111117 1.0000000180025095e-35 7.5000000000000009
decision_type=2 2 2 2 2 2 2 2 2 2 2 2 2 2 2 2 2 2 2 2 2 2 2
left_child=4 2 -2 -4 5 -1 18 12 9 -6 17 13 -7 16 -15 21 -10 -3 -5 -16 -13 -8 -20
right_child=1 10 3 6 8 7 15 -9 11 -11 -12 20 -14 14 19 -17 -18 -19 22 -21 -22 -23 -24
leaf_value=-15.061011860838272 -85.423195710978902 75.55232021800704 149.99175755193463 3.4596743552524689 68.948788615475664 -48.039113045181317 60.503169197383443 -145.8117284429355 -86.224449078093443 -40.68191478161544 161.12084938809949 -22.894519968438285 -103.83844789437592 -5.8650404312285875 -44.710529564316801 84.384441863216296 -50.420548802075729 110.21947762345195 32.716327936764799 -77.63979774044202 -7.3765032417536336 47.999484203866061 21.629059154476938
leaf_weight=31 40 30 30 55 34 43 43 38 32 55 33 54 48 30 35 42 32 31 35 30 43 31 34
leaf_count=31 40 30 30 55 34 43 43 38 32 55 33 54 48 30 35 42 32 31 35 30 43 31 34
internal_value=-1.26621 54.0805 34.8884 52.7374 -45.5456 -81.7549 40.5231 -97.758 -28.734 1.2298 117.27 -39.1476 -77.5535 -53.2317 -42.9321 65.9179 -68.4292 93.3217 16.7327 -60.0046 -16.0301 55.3371 27.2923
internal_weight=909 404 310 270 505 160 240 129 345 89 94 256 91 159 95 116 64 61 124 65 97 74 69
internal_count=909 404 310 270 505 160 240 129 345 89 94 256 91 159 95 116 64 61 124 65 97 74 69
is_linear=0
shrinkage=0.05


Tree=34
num_leaves=23
num_cat=0
split_feature=24 24 1 0 0 1 1 24 24 26 21 1 24 21 0 24 24 5 24 24 21 10
split_gain=8.04615e+08 1.76826e+08 2.40626e+08 1.1565e+08 1.1098e+08 6.38075e+07 6.85152e+07 9.24878e+07 5.23389e+07 3.94533e+07 8.9252e+07 3.51401e+07 3.06203e+07 9.73811e+06 1.80411e+07 2.88322e+07 8.02199e+06 6.32394e+06 6.27763e+06 2.07642e+06 805724 740813
threshold=7892.8583333333345 12859.126984126988 0.65000000000000013 872.10000000000014 776.45000000000016 0.18333333333333332 0.65000000000000013 2470.0000000000005 9539.6833333333361 5.9000000000000004 0.6697025729797782 0.65000000000000013 6269.4444444444453 0.98202020202020224 2414.6500000000005 2578.7888888888892 10968.055555555557 12.475000000000001 8530.5555555555566 7143.2111111111117 0.6697025729797782 7.5000000000000009
decision_type=2 2 2 2 2 2 2 2 2 2 2 2 2 2 2 2 2 2 2 2 2 2
left_child=4 2 -2 -4 5 -1 -7 -8 18 10 -6 17 13 14 -11 -16 20 -3 -5 -14 -10 -20
right_child=1 11 3 8 9 6 7 -9 16 12 -12 -13 19 -15 15 -17 -18 -19 21 -21 -22 -23
leaf_value=-19.440773716131403 -81.162687390106271 71.78725369729078 142.51708345381525 3.2870045135761132 63.360912342560596 -146.02647612144665 -113.20693338191433 -3.5496280335947823 47.520112910583947 -66.94732596067756 -38.651511251515359 153.08914558894682 -21.751909835909302 -76.584018856821658 6.0587352833358903 -56.026331154099751 80.175241038125364 104.7262225233857 31.085172178262997 -7.0085339038941816 58.698274788755668 20.550777403700039
leaf_weight=36 40 30 30 55 35 43 46 33 41 54 55 33 54 30 33 43 42 31 35 43 33 34
leaf_count=36 40 30 30 55 35 43 46 33 41 54 55 33 54 30 33 43 42 31 35 43 33 34
internal_value=-1.20245 51.3847 33.149 50.1079 -43.274 -78.0006 -95.2505 -67.4632 38.5022 -27.444 1.04622 111.424 -37.4177 -50.8509 -44.8581 -29.0957 62.6303 88.6708 15.8984 -15.2302 52.5775 25.9316
internal_weight=909 404 310 270 505 158 122 79 240 347 90 94 257 160 130 76 116 61 124 97 74 69
internal_count=909 404 310 270 505 158 122 79 240 347 90 94 257 160 130 76 116 61 124 97 74 69
is_linear=0
shrinkage=0.05


Tree=35
num_leaves=23
num_cat=0
split_feature=23 0 0 0 14 14 0 0 21 21 23 9 0 11 2 2 21 20 7 9 7 20
split_gain=6.32073e+07 6.50096e+07 8.68394e+07 5.38523e+07 5.28355e+07 4.02815e+07 1.22782e+08 4.69689e+07 3.62673e+07 2.66156e+07 2.41278e+07 2.24506e+07 1.88277e+07 2.17167e+07 1.74974e+07 1.55774e+07 8.84369e+06 7.56558e+06 9.32955e+06 3.74729e+06 2.0484e+06 1.12057e+06
threshold=-0.24999999999999994 3.1500000000000004 756.05000000000007 1502.9000000000003 269.50000000000006 177.50000000000003 108.55000000000003 6.7500000000000009 0.67357463896257019 0.51972144273581034 0.25000000000000017 0.15000000000000005 715.55000000000007 3.5000000000000004 5.3500000000000005 9.2500000000000018 0.68225016118633153 1.4069500000000004 12.350000000000003 0.75000000000000011 17.850000000000005 12.619200000000001
decision_type=2 2 2 2 2 2 2 2 2 2 2 2 2 2 2 2 2 2 2 2 2 2
left_child=5 -2 4 -4 -3 7 -7 -1 9 -8 15 17 -9 16 -13 -5 -14 -12 -19 -10 -6 -18
right_child=1 2 3 10 20 6 8 12 19 -11 11 14 13 -15 -16 -17 21 18 -20 -21 -22 -23
leaf_value=16.947445513420341 62.00655709724623 12.16807127732497 62.593019755176535 -38.501265965538344 -55.373627694975895 -83.71493999812381 22.819242969741168 -66.956273380288394 11.453541744386667 86.475594367858307 27.714770404565709 70.473872377072468 -23.860218061057115 -2.4118513488959885 17.68644689850937 4.4139231065131446 -60.529131238770269 -18.298281900781646 11.503360351751734 -13.104212058184551 -74.567447824573193 -46.756176349010055
leaf_weight=49 58 35 55 36 30 31 35 43 32 31 35 30 40 50 33 51 33 40 76 30 30 32
leaf_count=49 58 35 55 36 30 31 35 43 32 31 35 30 40 50 33 51 33 40 76 30 30 32
internal_value=0.490028 12.2257 5.81142 17.1459 -36.6365 -14.2223 5.40562 -26.8544 27.038 52.8041 8.82359 17.8474 -37.6974 -29.5424 42.8952 -13.3678 -42.4471 7.37547 1.21998 -0.431129 -65.0787 -53.8309
internal_weight=915 509 451 356 95 406 159 247 128 66 301 214 198 155 63 87 105 151 116 62 60 65
internal_count=915 509 451 356 95 406 159 247 128 66 301 214 198 155 63 87 105 151 116 62 60 65
is_linear=0
shrinkage=0.05


Tree=36
num_leaves=24
num_cat=0
split_feature=24 24 1 15 24 1 1 28 11 24 11 24 27 24 24 11 20 23 24 29 2 27 27
split_gain=7.11943e+08 1.18486e+08 2.42818e+08 1.04303e+08 9.70267e+07 1.61676e+08 7.44997e+07 5.86419e+07 7.7301e+07 5.04122e+07 2.99942e+07 2.71244e+07 1.93684e+07 1.5275e+07 1.26946e+07 6.67696e+06 6.03706e+06 4.25026e+06 3.74005e+06 4.92953e+06 3.33944e+06 1.88877e+06 212284
threshold=9127.3805555555573 5648.6111111111122 0.22500000000000003 1.0000000180025095e-35 13694.444444444447 0.65000000000000013 0.65000000000000013 -0.91583036384466876 2.5000000000000004 2510.0000000000005 2.5000000000000004 10393.519444444446 -0.20087381264151988 7706.0194444444451 4762.8972222222228 3.5000000000000004 11.814650000000002 0.25000000000000017 6914.6833333333334 1.0000000180025095e-35 15.597000000000003 0.28433548840379819 -0.74409704927257525
decision_type=2 2 2 2 2 2 2 2 2 2 2 2 2 2 2 2 2 2 2 2 2 2 2
left_child=1 2 3 7 5 -2 -4 -1 -9 -8 -6 17 22 18 16 20 -11 -7 19 -3 -15 -20 -13
right_child=4 13 6 -5 10 11 9 8 -10 14 -12 12 -14 15 -16 -17 -18 -19 21 -21 -22 -23 -24
leaf_value=-23.601799310010005 -44.867423443652875 -32.038581587186194 -150.21477868061118 -63.737859339045805 147.7629666446075 58.120367359784836 -111.85008557104541 113.19925362655306 3.372648789355317 -51.128365419077319 82.621928193212611 64.695603491697597 114.11508381146741 -12.610717580973921 -34.203831811479134 24.773687250961736 -83.01002341512698 33.065892254693992 -13.429873858882187 -9.3777185728760806 7.5521638163356819 2.824545622109575 72.868499309755236
leaf_weight=33 37 53 35 42 38 36 50 32 32 30 34 30 40 33 55 39 31 33 44 44 54 30 30
leaf_count=33 37 53 35 42 38 36 50 32 32 30 34 30 40 33 55 39 31 33 44 44 54 30 30
internal_value=0.465102 -28.671 -48.8212 1.99403 67.213 49.7077 -83.9456 30.4916 58.377 -69.8911 117.159 70.4278 87.08 -5.59487 -51.7245 7.61149 -67.4399 46.2031 -15.3247 -21.7797 -0.101466 -6.84526 68.8966
internal_weight=915 637 340 139 278 206 201 97 64 166 72 169 100 297 116 126 61 69 171 97 87 74 60
internal_count=915 637 340 139 278 206 201 97 64 166 72 169 100 297 116 126 61 69 171 97 87 74 60
is_linear=0
shrinkage=0.05


Tree=37
num_leaves=22
num_cat=0
split_feature=24 24 1 26 24 1 1 0 24 26 0 24 0 24 24 0 11 0 24 24 27
split_gain=6.42711e+08 1.06962e+08 2.19207e+08 1.38311e+08 8.75905e+07 1.45956e+08 6.72589e+07 6.14347e+07 4.55032e+07 3.27023e+07 3.08685e+07 1.56349e+07 1.4603e+07 1.45736e+07 1.37886e+07 1.22269e+07 6.02772e+06 7.76591e+06 4.34561e+06 3.22638e+06 1.16104e+06
threshold=9127.3805555555573 5648.6111111111122 0.22500000000000003 5.450000000000002 13694.444444444447 0.65000000000000013 0.65000000000000013 1025.6000000000001 2510.0000000000005 7.8500000000000005 3.8500000000000005 10968.055555555557 1438.5500000000002 4903.7694444444451 7706.0194444444451 1454.5000000000002 3.5000000000000004 1572.95 6655.5555555555566 10005.555555555557 0.38165740977356993
decision_type=2 2 2 2 2 2 2 2 2 2 2 2 2 2 2 2 2 2 2 2 2
left_child=1 2 3 -1 5 -2 -4 -7 -8 -5 -6 19 -10 -14 15 -3 17 -16 -17 -9 -20
right_child=4 14 6 9 10 7 8 11 12 -11 -12 -13 13 -15 16 18 -18 -19 20 -21 -22
leaf_value=92.931717593944711 -42.630099086298777 14.388981176808821 -142.72543792289886 0.99892897988385698 82.496428112508028 131.73886535238981 -106.26874361628305 29.783870221733221 -19.025824034174416 -54.31508695300078 149.04716276800517 74.217516572596651 -81.699547715793528 -40.281104104793002 -20.137158966371103 -31.069412293087211 23.538170956467731 11.013187209042636 -18.008324448362796 49.317844335994153 -5.7910133912555892
leaf_weight=32 37 30 35 56 41 30 50 43 30 51 31 53 40 46 31 59 39 56 50 43 32
leaf_count=32 37 30 35 56 41 30 50 43 30 51 31 53 40 46 31 59 39 56 50 43 32
internal_value=0.442365 -27.2409 -46.386 1.89538 63.8619 47.2295 -79.759 66.9166 -66.405 -25.3917 111.317 52.8414 -49.1455 -59.6181 -5.31567 -14.56 7.23169 -0.0966802 -20.7252 39.5969 -13.2535
internal_weight=915 637 340 139 278 206 201 169 166 107 72 139 116 86 297 171 126 87 141 86 82
internal_count=915 637 340 139 278 206 201 169 166 107 72 139 116 86 297 171 126 87 141 86 82
is_linear=0
shrinkage=0.05


Tree=38
num_leaves=23
num_cat=0
split_feature=24 24 1 26 24 1 1 0 24 21 15 7 24 0 24 24 11 21 29 24 24 4
split_gain=5.80594e+08 9.10271e+07 1.97891e+08 1.24863e+08 8.34267e+07 1.2659e+08 6.07227e+07 5.62995e+07 4.10735e+07 3.32011e+07 3.20463e+07 2.05049e+07 1.65262e+07 1.31819e+07 1.31566e+07 1.13389e+07 7.91733e+06 6.33034e+06 4.42613e+06 3.86899e+06 2.52015e+06 524322
threshold=9041.6666666666679 5648.6111111111122 0.22500000000000003 5.450000000000002 13694.444444444447 0.65000000000000013 0.65000000000000013 1003.85 2510.0000000000005 0.93299242424242423 1.0000000180025095e-35 25.950000000000003 10968.055555555557 1438.5500000000002 4903.7694444444451 6914.6833333333334 3.5000000000000004 0.33849206349206357 1.0000000180025095e-35 10005.555555555557 8248.455555555558 1015.9500000000002
decision_type=2 2 2 2 2 2 2 2 2 2 2 2 2 2 2 2 2 2 2 2 2 2
left_child=1 2 3 -1 5 -2 -4 -7 -8 -6 11 -5 19 -10 -15 18 17 -17 -3 -9 21 -19
right_child=4 15 6 10 9 7 8 12 13 -11 -12 -13 -14 14 -16 16 -18 20 -20 -21 -22 -23
leaf_value=88.299608572844036 -40.504340012953932 -29.452968462173551 -135.60949668775595 22.063003981740849 138.82183199160181 123.42490167459378 -100.96591220634902 26.473958971312779 -18.07769248556853 70.528180861948556 -61.693790043010871 -32.005408589651161 70.451900720508164 -77.624757579318313 -38.271417719578281 -23.750518334760969 16.462971840937531 -8.9071728769285592 -7.9838321024057812 46.857673705205009 12.497356215221487 0.15490885414554434
leaf_weight=32 37 53 35 36 37 30 50 52 30 35 37 34 54 40 46 35 59 34 44 43 32 30
leaf_count=32 37 53 35 36 37 30 50 52 30 35 37 34 54 40 46 35 59 34 44 43 32 30
internal_value=0.420779 -26.5723 -44.0719 1.80203 59.1758 43.6034 -75.7808 61.0017 -63.0922 105.767 -24.1246 -4.20692 48.3589 -46.6943 -56.6443 -5.83291 1.26992 -5.58005 -19.7327 35.7399 1.06237 -4.66563
internal_weight=915 627 340 139 288 216 201 179 166 72 107 70 149 116 86 287 190 131 97 95 96 64
internal_count=915 627 340 139 288 216 201 179 166 72 107 70 149 116 86 287 190 131 97 95 96 64
is_linear=0
shrinkage=0.05


Tree=39
num_leaves=22
num_cat=0
split_feature=24 24 1 26 1 24 1 24 26 6 24 25 24 24 20 29 21 26 20 24 10
split_gain=5.24387e+08 8.7015e+07 1.78644e+08 1.12725e+08 7.94377e+07 7.41653e+07 5.48217e+07 3.7075e+07 2.97495e+07 1.79984e+07 1.34562e+07 1.21937e+07 1.13865e+07 1.06786e+07 9.9931e+06 5.81977e+06 6.05953e+06 3.4989e+06 5.76082e+06 4.15967e+06 2.32311e+06
threshold=9127.3805555555573 5648.6111111111122 0.22500000000000003 5.450000000000002 0.29166666666666669 13966.66666666667 0.65000000000000013 2510.0000000000005 7.8500000000000005 3.4500000000000006 11672.222222222224 10.20302 7791.666666666667 5192.5916666666681 10.309850000000003 -1.0000000180025095e-35 0.64182307975686148 8.3500000000000032 8.400800000000002 6756.2500000000009 8.5000000000000018
decision_type=2 2 2 2 2 2 2 2 2 2 2 2 2 2 2 2 2 2 2 2 2
left_child=1 2 3 -1 -2 9 -4 -8 -5 10 20 -11 17 14 -9 -14 -17 19 -19 -3 -6
right_child=4 12 6 8 5 -7 7 13 -10 11 -12 -13 15 -15 -16 16 -18 18 -20 -21 -22
leaf_value=83.898379335373733 -6.5619526401343427 -30.031732740112602 -128.84833977419427 2.2470122815028444 39.547623514303609 129.03210123746243 -95.927693325507178 -35.502636892776792 -50.508468633901821 53.348747827351275 67.638369781141449 95.224484086224408 23.571776250173464 -21.202361265003173 -70.85754200521589 -18.154129830547344 10.024719551657533 -15.7078147211905 12.298827545825032 -9.641836789818294 22.404714403124501
leaf_weight=32 41 46 35 56 49 42 50 38 51 33 41 38 37 35 43 30 52 47 30 55 34
leaf_count=32 41 46 35 56 49 42 50 38 51 33 41 38 37 35 43 30 52 47 30 55 34
internal_value=0.399965 -24.6055 -41.8735 1.71253 57.685 68.7975 -72.0009 -59.9446 -22.9218 55.7644 44.2042 75.8636 -4.83006 -44.3654 -54.3356 7.13989 -0.29411 -12.832 -4.79427 -18.9489 32.5607
internal_weight=915 637 340 139 278 237 201 166 107 195 124 71 297 116 81 119 82 178 77 101 83
internal_count=915 637 340 139 278 237 201 166 107 195 124 71 297 116 81 119 82 178 77 101 83
is_linear=0
shrinkage=0.05


Tree=40
num_leaves=24
num_cat=0
split_feature=24 24 1 0 1 14 24 24 2 29 24 1 24 24 7 2 20 8 23 26 0 23 0
split_gain=4.61627e+08 1.1602e+08 1.16033e+08 7.04384e+07 5.79908e+07 1.57729e+08 1.51688e+08 5.34642e+07 3.50062e+07 3.32964e+07 1.77327e+07 2.15666e+07 9.392e+06 8.76073e+06 5.49213e+06 3.89432e+06 3.438e+06 1.96899e+06 1.56625e+06 3.53771e+06 2.41457e+06 923977 812642
threshold=8476.1111111111131 16900.000000000004 0.45000000000000007 487.30000000000007 0.18333333333333332 205.50000000000003 5192.5916666666681 11905.091666666669 4.5500000000000007 1.0000000180025095e-35 3390.0000000000005 1.2500000000000002 10078.705555555556 6756.2500000000009 19.050000000000004 18.650000000000002 11.3803 20.850000000000005 0.6830127018922193 8.8500000000000032 1734.0500000000002 0.6830127018922193 1463.7500000000002
decision_type=2 2 2 2 2 2 2 2 2 2 2 2 2 2 2 2 2 2 2 2 2 2 2
left_child=4 2 -2 -4 5 8 10 12 -1 -10 11 -6 17 14 -8 -16 -12 21 19 20 -15 -5 -14
right_child=1 -3 3 7 6 -7 13 -9 9 -11 16 -13 22 18 15 -17 -18 -19 -20 -21 -22 -23 -24
leaf_value=-74.431438722325325 -29.937730084820124 139.48008191761863 123.82844512787372 30.704036278174119 -117.01506084431855 94.035529566490411 -34.506149519073986 97.244170862902195 27.318334173042089 -43.146172339284526 -42.273307309055603 -67.874559775400073 38.560326633896942 -18.730908828557926 -3.1092029011308999 -26.707370142308083 -65.286522681690826 11.672437972041187 -12.563921918111518 11.896788134891821 -0.87102408298307665 19.716071457729161 49.692165711396548
leaf_weight=30 52 31 30 51 37 35 55 37 32 35 35 58 30 30 40 31 32 31 49 33 51 32 45
leaf_count=30 52 31 30 51 37 35 55 37 32 35 35 58 30 30 40 31 32 31 49 33 51 32 45
internal_value=1.03049 47.4189 38.1107 51.9394 -25.9467 3.20018 -34.4764 42.346 -29.6385 -9.50085 -73.1911 -87.1165 31.553 -12.7568 -22.6533 -13.4358 -53.3457 22.4793 -5.09761 -1.88016 -7.5008 26.4966 45.2968
internal_weight=922 339 308 256 583 132 451 226 97 67 162 95 189 289 126 71 67 114 163 114 81 83 75
internal_count=922 339 308 256 583 132 451 226 97 67 162 95 189 289 126 71 67 114 163 114 81 83 75
is_linear=0
shrinkage=0.05


Tree=41
num_leaves=24
num_cat=0
split_feature=24 24 0 4 27 21 24 24 11 4 0 27 8 24 24 29 0 2 24 4 26 24 28
split_gain=4.16742e+08 1.04745e+08 5.26404e+07 5.3819e+07 4.54026e+07 5.09994e+07 3.40864e+07 3.27504e+07 2.97855e+07 2.83125e+07 2.34279e+07 4.43666e+07 2.33419e+07 2.09926e+07 1.63509e+07 8.12662e+06 1.04178e+07 7.99185e+06 1.42234e+07 2.72246e+06 2.56508e+06 2.44258e+06 1.27485e+06
threshold=8476.1111111111131 16900.000000000004 756.05000000000007 1014.9500000000002 -0.81403855522663837 0.85255434782608719 3390.0000000000005 10212.963888888889 2.5000000000000004 997.75000000000011 215.05000000000004 0.94970904815366264 22.050000000000004 12446.297222222223 6429.5634920634939 1.0000000180025095e-35 1377.7500000000002 4.8000000000000016 2040.0000000000002 1011.1500000000002 7.9000000000000004 7475.0000000000009 0.57015780514270664
decision_type=2 2 2 2 2 2 2 2 2 2 2 2 2 2 2 2 2 2 2 2 2 2 2
left_child=2 7 3 6 5 -4 8 15 -1 -6 11 -9 14 20 17 19 -17 -11 -19 -2 -12 22 -16
right_child=1 -3 4 -5 9 -7 -8 10 -10 12 13 -13 -14 -15 21 16 -18 18 -20 -21 -22 -23 -24
leaf_value=-51.170577115867765 38.691690946717792 132.52850406560864 70.637169528086716 11.554562816429772 -68.980124595132438 -15.962046092001678 -24.662208383564824 -15.216849458403303 -108.56544625352068 -50.23042533291374 42.701667723363762 67.939657464428478 18.511421804853622 100.18951462653786 -7.2446600046664775 -16.723712360977729 23.639337218611821 -3.4087064095981372 -38.245084551880396 18.84176295243001 61.03663416305077 0.55626304397464044 -21.845577251713141
leaf_weight=46 37 31 30 30 30 39 41 32 45 47 44 32 38 30 30 30 34 45 84 33 36 48 30
leaf_count=46 37 31 30 30 30 39 41 32 45 47 44 32 38 30 30 30 34 45 84 33 36 48 30
internal_value=0.979552 45.0551 -24.6526 -48.8655 -15.3261 21.7375 -62.5957 36.2108 -79.6407 -22.5955 50.5151 26.4025 -18.2539 64.5075 -23.178 17.6126 4.72251 -32.5724 -26.105 29.3742 51.0184 -7.85254 -14.5694
internal_weight=922 339 583 162 421 69 132 308 91 352 174 64 322 110 284 134 64 176 129 70 80 108 60
internal_count=922 339 583 162 421 69 132 308 91 352 174 64 322 110 284 134 64 176 129 70 80 108 60
is_linear=0
shrinkage=0.05


Tree=42
num_leaves=26
num_cat=0
split_feature=24 24 24 14 24 5 2 24 3 0 24 24 29 0 24 10 3 27 7 2 4 4 8 24 28
split_gain=3.76213e+08 9.45653e+07 5.09403e+07 1.37556e+08 1.28883e+08 3.27407e+07 4.71554e+07 2.95667e+07 2.4374e+07 4.2423e+07 1.52719e+07 1.46817e+07 7.33651e+06 9.40516e+06 6.96934e+06 6.74124e+06 6.58136e+06 5.32281e+06 4.60672e+06 3.68244e+06 2.45763e+06 1.54496e+06 1.68986e+06 1.81098e+06 1.60295e+06
threshold=8476.1111111111131 16900.000000000004 1.0000000180025095e-35 199.50000000000003 5192.5916666666681 12.15 12.100000000000001 10212.963888888889 57.850000000000001 26.500000000000004 11796.297222222223 2510.0000000000005 1.0000000180025095e-35 1377.7500000000002 6756.2500000000009 9.5000000000000018 62.350000000000001 0.40542197401079721 19.050000000000004 18.650000000000002 1011.1500000000002 1015.5500000000001 9.6500000000000004 7706.0194444444451 0.78298010367706283
decision_type=2 2 2 2 2 2 2 2 2 2 2 2 2 2 2 2 2 2 2 2 2 2 2 2 2
left_child=2 7 3 5 11 -1 -7 12 -9 -10 -11 15 20 -14 18 -4 -13 -18 -6 -20 -2 22 -16 -24 -23
right_child=1 -3 4 -5 14 6 -8 8 9 10 -12 16 13 -15 21 -17 17 -19 19 -21 -22 24 23 -25 -26
leaf_value=15.207950969708717 36.762320829080444 125.92338430521188 -103.74543889955032 85.549523251268738 -31.078264100062654 -89.724562547574237 -4.5881456963369782 78.309111000743087 0.017764280284252282 41.088501777566179 86.639770566688867 -38.431041563810368 -15.890304867056912 22.460836564900237 -18.248522791197132 -69.54267666331954 -79.698867605334129 -50.672138436539299 -1.7444992260445387 -24.687764843023857 17.902520961127614 9.9674003857314784 -11.500766993056782 4.2680154817195231 -6.3510225071067437
leaf_weight=30 37 31 30 37 55 33 32 48 49 46 31 37 30 34 30 30 32 33 40 31 33 30 39 34 30
leaf_count=30 37 31 30 37 55 33 32 48 49 46 31 37 30 34 30 30 32 33 40 31 33 30 39 34 30
internal_value=0.931467 42.809 -23.4224 3.89462 -31.4168 -27.9643 -47.8828 34.4054 47.9967 36.3962 59.516 -67.1028 16.7344 4.48692 -11.3965 -86.7883 -55.4494 -65.0628 -20.2234 -11.7827 27.9096 -4.5651 -8.27761 -4.16054 1.81111
internal_weight=922 339 583 132 451 95 65 308 174 126 77 162 134 64 289 60 102 65 126 71 70 163 103 73 60
internal_count=922 339 583 132 451 95 65 308 174 126 77 162 134 64 289 60 102 65 126 71 70 163 103 73 60
is_linear=0
shrinkage=0.05


Tree=43
num_leaves=27
num_cat=0
split_feature=24 24 24 14 24 5 2 24 0 27 24 24 10 29 0 24 0 9 21 0 28 26 23 26 0 24
split_gain=3.39634e+08 8.53764e+07 4.59871e+07 1.2418e+08 1.16358e+08 2.95582e+07 4.25713e+07 2.66904e+07 1.85186e+07 4.0441e+07 1.7948e+07 1.35969e+07 1.12352e+07 6.62322e+06 8.49092e+06 6.30153e+06 4.76892e+06 3.68395e+06 3.3962e+06 3.10961e+06 2.49817e+06 2.16751e+06 1.64228e+06 3.15959e+06 2.38059e+06 769494
threshold=8476.1111111111131 16900.000000000004 1.0000000180025095e-35 199.50000000000003 5192.5916666666681 12.15 12.100000000000001 10212.963888888889 215.05000000000004 0.94970904815366264 12446.297222222223 3390.0000000000005 10.500000000000002 1.0000000180025095e-35 1377.7500000000002 6914.6833333333334 1603.3500000000001 0.45000000000000007 0.78907646474677262 54.95000000000001 0.03011918916419835 7.9000000000000004 0.6830127018922193 8.8500000000000032 1779.6500000000003 5908.7305555555567
decision_type=2 2 2 2 2 2 2 2 2 2 2 2 2 2 2 2 2 2 2 2 2 2 2 2 2 2
left_child=2 7 3 5 11 -1 -7 13 9 -9 21 12 19 17 -15 16 -6 -2 -13 -4 25 -10 23 24 -17 -18
right_child=1 -3 4 -5 15 6 -8 8 10 -11 -12 18 -14 14 -16 22 20 -19 -20 -21 -22 -23 -24 -25 -26 -27
leaf_value=14.450080311417182 16.518642052629048 119.64746083691955 -99.558646951360501 81.283576230989965 -0.83608848850592432 -85.251889540565699 -4.359454577437071 -15.56978106632411 37.939695196519367 63.820676383793909 91.031306939109228 -35.748209554931137 -51.542941507000791 -15.098429230598121 21.34108794315819 -16.618924757808546 -22.766781926377913 39.751115047099979 -58.575503812955503 -76.29000168582634 -32.73386819224347 54.775761578419861 -11.572031891423554 13.426741766216745 1.6255665821823673 -11.897581565275219
leaf_weight=30 40 31 32 37 30 33 32 32 44 32 30 36 32 30 34 30 32 30 31 31 43 36 46 30 44 34
leaf_count=30 40 31 32 37 30 33 32 32 44 32 30 36 32 30 34 30 32 30 31 31 43 36 46 30 44 34
internal_value=0.884774 40.6744 -22.2549 3.70013 -29.8506 -26.5702 -45.4959 32.6895 45.6028 24.163 58.0436 -63.7582 -75.9515 15.8999 4.26308 -10.8281 -18.4941 26.518 -46.3817 -88.2481 -23.3489 45.5749 -3.71661 -0.234267 -5.78323 -17.194
internal_weight=922 339 583 132 451 95 65 308 174 64 110 162 95 134 64 289 139 70 67 63 109 80 150 104 74 66
internal_count=922 339 583 132 451 95 65 308 174 64 110 162 95 134 64 289 139 70 67 63 109 80 150 104 74 66
is_linear=0
shrinkage=0.05


Tree=44
num_leaves=24
num_cat=0
split_feature=24 24 1 0 1 27 24 24 2 27 24 1 27 0 24 24 21 24 21 28 28 21 2
split_gain=3.06617e+08 7.70791e+07 9.37853e+07 6.46446e+07 4.15156e+07 1.12526e+08 1.05048e+08 3.65363e+07 2.60743e+07 6.6802e+07 1.29581e+07 1.53735e+07 1.26473e+07 5.93721e+06 7.93362e+06 5.6176e+06 2.33035e+06 2.30879e+06 1.73246e+06 1.58593e+06 1.16477e+06 592581 405923
threshold=8476.1111111111131 16900.000000000004 0.45000000000000007 487.30000000000007 0.18333333333333332 -0.34964421742355262 5192.5916666666681 11905.091666666669 4.5500000000000007 0.7554303502435491 2151.428571428572 0.90000000000000013 0.40542197401079721 1025.6000000000001 6655.5555555555566 10078.705555555556 0.75284421460892059 7475.0000000000009 0.64850320604842582 -0.04732138832243208 0.1159303052754759 0.90900537634408607 15.797000000000002
decision_type=2 2 2 2 2 2 2 2 2 2 2 2 2 2 2 2 2 2 2 2 2 2 2
left_child=4 2 -2 -4 5 -1 10 15 -7 -10 -6 12 -12 -8 19 18 -17 20 -5 -15 -16 -19 -20
right_child=1 -3 3 7 6 8 13 -9 9 -11 11 -13 -14 14 17 16 -18 21 22 -21 -22 -23 -24
leaf_value=80.237981212648577 -30.114274991817076 113.68432395849196 112.35177337038158 11.230519411180268 -83.097185220118448 -62.879878140604774 7.0778759827240059 79.688071410803786 40.839758649375028 -58.964528553805252 -87.409333344888836 -23.802540478067861 -46.996765983972132 -18.876870944539633 -5.5771225597563108 28.697021072455364 46.860827535331453 -5.1988741427223006 27.553091953786591 -32.004975746321854 -18.284005010990132 3.5356958167780266 19.437788295439201
leaf_weight=35 52 31 30 49 46 30 42 37 35 32 33 35 48 54 33 45 30 34 34 41 40 45 31
leaf_count=35 52 31 30 49 46 30 42 37 35 32 33 35 48 54 33 45 30 34 34 41 40 45 31
internal_value=0.840628 38.6468 31.0598 43.4927 -21.1455 3.51535 -28.3626 34.3065 -24.2221 -6.84472 -60.5802 -51.5872 -63.5487 -10.2881 -13.2427 25.3848 36.0153 -6.15134 18.3655 -24.5704 -12.5554 -0.225243 23.7186
internal_weight=922 339 308 256 583 132 451 226 97 67 162 116 81 289 247 189 75 152 114 95 73 79 65
internal_count=922 339 308 256 583 132 451 226 97 67 162 116 81 289 247 189 75 152 114 95 73 79 65
is_linear=0
shrinkage=0.05


Tree=45
num_leaves=22
num_cat=0
split_feature=24 1 24 1 6 24 30 21 1 24 24 3 26 27 14 24 4 21 21 14 5
split_gain=2.53317e+08 5.95432e+07 6.99048e+07 3.87751e+07 1.19661e+08 1.18503e+08 3.90207e+07 3.99095e+07 2.46014e+07 2.07045e+07 1.3088e+07 1.31152e+07 7.72724e+06 5.71928e+06 4.92462e+06 5.76676e+06 3.55466e+06 2.44849e+06 2.26115e+06 1.16966e+06 205581
threshold=8672.2222222222244 0.29166666666666669 13596.297222222223 0.18333333333333332 2.4500000000000006 3538.1944444444448 -0.56174490092936669 0.61909511064081435 1.2500000000000002 6756.2500000000009 10212.963888888889 57.850000000000001 10.150000000000004 0.89773508019357628 148.50000000000003 5871.6062222222236 1004.35 0.92708778325216701 0.64850320604842582 185.50000000000003 11.15
decision_type=2 2 2 2 2 2 2 2 2 2 2 2 2 2 2 2 2 2 2 2 2
left_child=3 -2 10 4 -1 8 -6 -8 -5 13 18 -12 16 14 -7 -16 -11 -18 -3 -13 -19
right_child=1 2 -4 5 6 9 7 -9 -10 12 11 19 -14 -15 15 -17 17 20 -20 -21 -22
leaf_value=82.271854736666285 -19.907166602141665 12.207328440797305 100.10262112951582 -104.03930527438793 -66.421786118640526 -6.1300735428959676 38.6039969043197 -40.240377845645327 -53.444175238052608 10.034616553347767 67.790788791304507 24.684887907275328 22.508448833484586 -37.667366026495891 -38.661791797469775 -11.506790534148916 -16.644684379781403 -5.0955232859449922 26.917429756913052 37.381193247050824 0.75081692407297529
leaf_weight=36 41 48 47 41 35 49 32 32 59 30 40 30 30 57 43 36 57 30 58 50 30
leaf_count=36 41 48 47 41 35 49 32 32 59 30 40 30 30 57 43 36 57 30 58 50 30
internal_value=-0.111606 36.2368 44.6729 -19.2324 4.33809 -26.1193 -24.0558 -0.819389 -74.2714 -12.8008 33.1062 44.4149 -0.573861 -24.4923 -18.6004 -26.3176 -5.29667 -9.23302 20.2741 32.6569 -2.17588
internal_weight=911 314 273 597 135 462 99 64 100 362 226 120 177 185 128 79 147 117 106 80 60
internal_count=911 314 273 597 135 462 99 64 100 362 226 120 177 185 128 79 147 117 106 80 60
is_linear=0
shrinkage=0.05


Tree=46
num_leaves=22
num_cat=0
split_feature=24 24 1 1 6 1 24 30 21 24 7 27 24 24 28 8 10 26 24 24 24
split_gain=2.29286e+08 6.0535e+07 1.12318e+08 4.96633e+07 1.08026e+08 8.67794e+07 5.71031e+07 3.52267e+07 3.60301e+07 2.57216e+07 1.80001e+07 1.18938e+07 7.4255e+06 7.03046e+06 4.42325e+06 1.1248e+07 4.8347e+06 2.26746e+06 2.3681e+06 1.88977e+06 1.05797e+06
threshold=7892.8583333333345 13518.519444444446 0.65000000000000013 0.18333333333333332 2.4500000000000006 0.65000000000000013 3925.155555555556 -0.56174490092936669 0.61909511064081435 10212.963888888889 16.750000000000004 -0.20087381264151988 1782.8571428571431 5192.5916666666681 0.65180241000790706 11.450000000000001 7.5000000000000009 4.6500000000000021 5908.7305555555567 6429.5634920634939 8950.0000000000018
decision_type=2 2 2 2 2 2 2 2 2 2 2 2 2 2 2 2 2 2 2 2 2
left_child=3 2 -2 4 -1 -5 12 -6 -9 14 -3 -11 -7 -8 15 -4 -17 -15 -19 -20 -16
right_child=1 10 9 5 7 6 13 8 -10 11 -12 -13 -14 17 20 16 -18 18 19 -21 -22
leaf_value=78.1696565136685 -54.082853939369357 43.096338655620897 51.670992180200123 -98.877287108541381 -63.110160080999393 -77.346763929325476 -27.98574633938232 36.6798114336911 -38.234626185336957 36.402947810371927 91.670419543639682 71.721394960670736 -46.607803926090739 -18.93245974645874 2.2159609011092853 30.675754551705541 5.4873937116813254 5.2178340554501688 -18.834525055287351 -4.6800036262785385 15.09832847523899
leaf_weight=36 45 37 30 42 35 32 49 32 32 56 40 42 53 33 30 32 47 45 31 98 34
leaf_count=36 45 37 30 42 35 32 49 32 32 56 40 42 53 33 30 32 47 45 31 98 34
internal_value=-0.105897 28.6885 18.9894 -21.9531 4.12171 -31.1427 -22.7735 -22.8565 -0.778542 31.1387 68.4159 51.5972 -58.2575 -10.9735 19.5264 25.6504 15.7162 -6.93485 -4.64984 -8.09347 9.07267
internal_weight=911 393 316 518 135 383 341 99 64 271 77 98 85 256 173 109 79 207 174 129 64
internal_count=911 393 316 518 135 383 341 99 64 271 77 98 85 256 173 109 79 207 174 129 64
is_linear=0
shrinkage=0.05


Tree=47
num_leaves=23
num_cat=0
split_feature=24 24 1 1 6 1 24 20 24 26 3 24 1 4 24 26 24 24 8 7 6 21
split_gain=2.06986e+08 5.46473e+07 1.01391e+08 4.48325e+07 9.75222e+07 7.83378e+07 5.15671e+07 3.5935e+07 2.32327e+07 1.66396e+07 1.14551e+07 1.0358e+07 1.91354e+07 4.52254e+06 5.04047e+06 3.30287e+06 2.34958e+06 2.30263e+06 2.72554e+06 6.19743e+06 1.99915e+06 972881
threshold=7892.8583333333345 13518.519444444446 0.65000000000000013 0.18333333333333332 2.4500000000000006 0.65000000000000013 4762.8972222222228 10.34775 10379.630555555557 9.0500000000000025 57.350000000000001 1782.8571428571431 1.2500000000000002 1001.6500000000002 8338.8888888888905 9.6500000000000039 9436.5079365079382 5567.3611111111122 18.550000000000004 19.150000000000002 2.7500000000000004 0.65135923550861319
decision_type=2 2 2 2 2 2 2 2 2 2 2 2 2 2 2 2 2 2 2 2 2 2
left_child=3 2 -2 4 -1 -5 11 -6 13 -3 -10 -7 -13 -4 -15 16 -16 -8 19 20 -19 -12
right_child=1 9 8 5 7 6 17 -9 10 -11 21 12 -14 14 15 -17 -18 18 -20 -21 -22 -23
leaf_value=74.272001029249708 -51.384707543009405 45.236511089214993 36.672183693286989 -93.945166325512517 -58.238384587390172 -73.491473721418046 -17.389667438574268 3.0999761627410272 74.066417394620245 92.573901129511668 30.581992573140141 -59.138023607988231 -8.9302176032418981 -0.89602514931369681 8.0487467937914925 34.791980953153193 25.173115885699239 0.41752831468550466 -15.657974656625411 12.652835347697046 -15.727714597303317 43.542617636899223
leaf_weight=36 45 45 30 42 40 32 51 59 32 32 31 49 31 36 47 30 35 30 47 48 53 30
leaf_count=36 45 45 30 42 40 32 51 59 32 32 31 49 31 36 47 30 35 30 47 48 53 30
internal_value=-0.100495 27.2578 18.0425 -20.8581 3.91613 -29.5893 -21.6376 -21.7169 29.5857 65.0038 49.8311 -49.4246 -39.718 18.986 15.3786 20.6059 15.3797 -8.03176 -5.34227 -1.63206 -9.89854 37.017
internal_weight=911 393 316 518 135 383 341 99 271 77 93 112 80 178 148 112 82 229 178 131 83 61
internal_count=911 393 316 518 135 383 341 99 271 77 93 112 80 178 148 112 82 229 178 131 83 61
is_linear=0
shrinkage=0.05


Tree=48
num_leaves=22
num_cat=0
split_feature=23 0 5 30 2 5 5 7 7 14 5 11 7 2 0 22 0 0 26 14 29
split_gain=3.00883e+07 2.60749e+07 2.2376e+07 2.4702e+07 2.03734e+07 2.29365e+07 1.91837e+07 2.1507e+07 1.41837e+07 1.1912e+07 1.10993e+07 1.6327e+07 3.07342e+07 2.13893e+07 1.1804e+07 9.74204e+06 1.14464e+07 9.20434e+06 7.60654e+06 5.41347e+06 4.525e+06
threshold=-0.24999999999999994 3.1500000000000004 20.450000000000003 -0.56174490092936669 16.350000000000005 24.050000000000004 12.250000000000002 18.450000000000003 28.850000000000005 137.00000000000003 9.9500000000000011 2.5000000000000004 21.150000000000002 6.7500000000000009 411.45000000000005 0.68301270189221941 2848.7500000000005 1353.7 9.6500000000000039 185.50000000000003 1.0000000180025095e-35
decision_type=2 2 2 2 2 2 2 2 2 2 2 2 2 2 2 2 2 2 2 2 2
left_child=2 -2 6 8 5 -5 -1 -8 -4 18 14 13 -13 -12 -3 20 -17 -15 -9 -6 -16
right_child=1 10 3 4 19 -7 7 9 -10 -11 11 12 -14 17 15 16 -18 -19 -20 -21 -22
leaf_value=13.510962643734244 40.000592659651296 -33.175937314207765 -5.4963619493019555 64.254160786625548 -21.865588911926636 8.7774226645102562 -68.082555888736763 1.5137441372459544 -48.194624521188032 -43.774774912861005 57.98177942628385 25.517380477736872 -27.590187011291189 33.316712842668807 -0.49410266010817505 4.2708894529367685 -36.623694070895773 -1.074058296805934 -29.146304543140793 6.1356242626327555 19.599697448242779
leaf_weight=30 57 30 52 30 33 49 30 52 31 39 34 52 57 30 55 38 31 55 33 36 57
leaf_count=30 57 30 52 30 33 49 30 52 31 39 34 52 57 30 55 38 31 55 33 36 57
internal_value=-0.0949951 8.21602 -10.0278 0.335562 12.5778 29.8992 -23.0314 -30.1542 -21.4828 -20.9305 4.08091 11.7268 -2.25425 24.5242 -4.18263 0.638524 -14.1284 11.0887 -10.4098 -7.26845 9.74052
internal_weight=911 496 415 231 148 79 184 154 83 124 439 228 109 119 211 181 69 85 85 69 112
internal_count=911 496 415 231 148 79 184 154 83 124 439 228 109 119 211 181 69 85 85 69 112
is_linear=0
shrinkage=0.05


Tree=49
num_leaves=23
num_cat=0
split_feature=24 24 1 0 24 1 1 27 20 24 0 24 27 24 24 23 24 21 27 24 9 20
split_gain=1.8225e+08 5.04472e+07 6.80419e+07 9.72174e+07 4.89258e+07 4.17672e+07 7.19386e+07 6.26931e+07 6.56788e+07 4.52187e+07 3.88676e+07 1.76773e+07 5.68355e+06 5.53906e+06 4.33773e+06 1.74986e+06 1.40715e+06 1.11419e+06 1.01567e+06 761372 554426 254991
threshold=7791.666666666667 15032.408333333335 0.65000000000000013 872.10000000000014 12307.869444444446 0.18333333333333332 0.65000000000000013 0.53436760985011655 15.572200000000002 3925.155555555556 1139.4500000000003 10923.611111111111 0.34156760613242348 8627.7777777777792 6429.5634920634939 -0.24999999999999994 9376.3888888888905 0.92708778325216701 0.38165740977356993 5308.2027777777794 0.25000000000000006 10.34775
decision_type=2 2 2 2 2 2 2 2 2 2 2 2 2 2 2 2 2 2 2 2 2 2
left_child=5 2 4 -4 -2 7 -7 8 -1 12 -11 13 -8 17 15 19 -15 -5 21 -12 -18 -16
right_child=1 -3 3 11 -6 6 9 -9 -10 10 14 -13 -14 16 18 -17 20 -19 -20 -21 -22 -23
leaf_value=89.267256179758874 -71.258416633962483 74.19645386652418 114.24326733560656 -5.3207467523837728 13.610340055534383 -91.092850713428206 -41.646423043476858 -40.609114213284862 -2.6000621967004132 43.169130341792822 -24.443308144438301 43.892938796275558 -68.257638526312419 12.283917932016791 -16.61563591568969 -31.91665331493121 26.370199528692087 7.1212657970393423 -2.4262980920850694 -14.408165630140804 17.569309263980657 -10.168938516345989
leaf_weight=30 32 46 30 34 36 41 51 50 55 30 37 57 34 54 30 43 46 38 33 40 31 33
leaf_count=30 32 46 30 34 36 41 51 50 55 30 37 57 34 54 30 43 46 38 33 40 31 33
internal_value=-0.090468 24.959 18.6135 29.1677 -26.3738 -20.052 -28.6953 3.76872 29.8904 -20.9411 -10.0686 19.3111 -52.3587 12.3906 -17.4793 -23.8154 18.5099 1.24657 -9.54259 -19.2558 22.8544 -13.2603
internal_weight=911 404 358 290 68 507 372 135 85 331 246 260 85 203 216 120 131 72 96 77 77 63
internal_count=911 404 358 290 68 507 372 135 85 331 246 260 85 203 216 120 131 72 96 77 77 63
is_linear=0
shrinkage=0.05


Tree=50
num_leaves=24
num_cat=0
split_feature=24 0 24 1 24 5 4 1 1 14 24 27 24 24 24 9 23 24 0 9 0 23 4
split_gain=2.05783e+08 6.21836e+07 4.99866e+07 3.8132e+07 4.94615e+07 3.58588e+07 3.26616e+07 6.59525e+07 3.21179e+07 1.539e+08 3.26679e+07 1.12626e+07 1.07812e+07 5.55635e+06 3.66289e+06 2.36423e+06 2.04074e+06 1.55426e+06 1.15246e+06 1.05608e+06 789097 571420 364339
threshold=10311.508333333335 756.05000000000007 5825.7583333333341 0.29166666666666669 13966.66666666667 7.8750000000000009 1002.1500000000002 1.2500000000000002 0.65000000000000013 177.50000000000003 7475.0000000000009 0.78829775591774609 4815.7416666666677 8905.091666666669 11905.091666666669 1.0000000180025095e-35 -0.68301270189221952 6269.4444444444453 2268.1500000000001 0.15000000000000005 1734.0500000000002 0.25000000000000017 1014.6500000000002
decision_type=2 2 2 2 2 2 2 2 2 2 2 2 2 2 2 2 2 2 2 2 2 2 2
left_child=1 2 5 -2 11 -1 -7 -8 9 -3 12 14 -10 20 15 -5 -14 22 -19 -15 -12 -22 -18
right_child=3 8 -4 4 -6 6 7 -9 10 -11 13 -13 16 19 -16 -17 17 18 -20 -21 21 -23 -24
leaf_value=-1.2968026961544319 0.1172682725560025 -28.158276305046016 15.307029484325819 15.386152629363231 99.981020726967273 -23.115258429442456 -126.13103146370109 -34.116137890437685 -42.692717833640685 106.78740341969024 -5.6774772552902348 66.272961363681532 -6.0669707165438522 22.59387950347427 44.294785473683532 34.256606668735223 -28.069480817420938 -21.445470487398168 -9.2405624639749959 11.052289409848791 8.6751706186719115 0.018694143972561594 -20.110591935038183
leaf_weight=31 39 53 38 35 45 37 39 39 43 35 36 30 48 45 36 32 30 30 55 36 30 52 31
leaf_count=31 39 53 38 35 45 37 39 39 43 35 36 30 48 45 36 32 30 30 55 36 30 52 31
internal_value=2.31129 -10.7458 -35.7435 44.8978 54.7036 -49.0321 -61.8875 -80.2262 -1.96286 25.5735 -7.52527 39.3205 -20.0628 7.40895 31.4136 24.4366 -15.0275 -17.9672 -13.5684 17.4843 0.483824 3.19247 -24.0644
internal_weight=925 708 184 217 178 146 115 78 524 88 436 133 237 199 103 67 194 146 85 81 118 82 61
internal_count=925 708 184 217 178 146 115 78 524 88 436 133 237 199 103 67 194 146 85 81 118 82 61
is_linear=0
shrinkage=0.05


Tree=51
num_leaves=23
num_cat=0
split_feature=24 0 24 0 24 1 24 1 21 24 24 22 24 24 24 23 21 24 24 0 14 23
split_gain=1.8577e+08 5.61364e+07 4.55175e+07 3.50399e+07 6.63229e+07 3.44238e+07 4.46468e+07 2.89966e+07 1.40303e+08 2.94909e+07 9.73204e+06 9.19475e+06 5.01792e+06 3.52038e+06 2.92516e+06 1.84244e+06 1.74202e+06 1.41917e+06 1.0608e+06 942468 735173 368246
threshold=10311.508333333335 756.05000000000007 5648.6111111111122 8.1000000000000014 1434.2857142857144 0.29166666666666669 13966.66666666667 0.65000000000000013 0.45059921962095878 7475.0000000000009 4815.7416666666677 0.68301270189221941 8627.7777777777792 2040.0000000000002 11796.297222222223 -0.68301270189221952 0.6697025729797782 5990.7416666666677 9539.6833333333361 2268.1500000000001 201.50000000000003 0.25000000000000017
decision_type=2 2 2 2 2 2 2 2 2 2 2 2 2 2 2 2 2 2 2 2 2 2
left_child=1 2 3 -1 -5 -2 11 8 -3 10 -9 14 16 -6 -7 -12 -11 -17 20 -19 -14 -18
right_child=5 7 -4 4 13 6 -8 9 -10 12 15 -13 18 -15 -16 17 21 19 -20 -21 -22 -23
leaf_value=-8.4671094683255017 0.11142019042578499 105.64248894406228 11.744119365991153 -124.07117833569885 -48.124898752633186 22.308515990580631 94.993053434587637 -40.563034562555657 -24.609645978909008 -10.979634209566338 -5.7642528209269912 59.795292557019991 16.223344331405485 -25.527834455793439 39.842658419272624 -24.124006852687273 7.4673926767428966 -20.324558820752454 21.243288591199388 -9.9955051495950809 5.1378503184777955 0.13011232623903771
leaf_weight=41 39 33 42 31 33 58 45 43 55 30 48 34 30 37 41 48 31 34 40 64 30 38
leaf_count=41 39 33 42 31 33 58 45 43 55 30 48 34 30 37 41 48 31 34 40 64 30 38
internal_value=2.19615 -10.2098 -33.961 -47.4781 -63.2902 42.6589 51.9757 -1.86484 24.2993 -7.15005 -19.0624 37.3605 7.03942 -36.2343 29.6031 -14.2783 -0.94131 -17.0716 14.9334 -13.5962 10.6985 3.43268
internal_weight=925 708 184 142 101 217 178 524 88 436 237 133 199 70 99 194 99 146 100 98 60 69
internal_count=925 708 184 142 101 217 178 524 88 436 237 133 199 70 99 194 99 146 100 98 60 69
is_linear=0
shrinkage=0.05


Tree=52
num_leaves=20
num_cat=0
split_feature=0 0 4 20 1 27 4 6 14 0 4 15 26 2 9 6 4 25 20
split_gain=3.03739e+07 3.33122e+07 6.48514e+07 4.19091e+07 3.69883e+07 3.34702e+07 4.22317e+07 2.22178e+07 1.85292e+07 1.71233e+07 1.54088e+07 1.51638e+07 1.2802e+07 7.08946e+06 5.51852e+06 4.71406e+06 3.42277e+06 4.76018e+06 2.23311e+06
threshold=1.3000000000000003 756.05000000000007 1010.85 5.134850000000001 0.45000000000000007 -0.81403855522663837 1009.5500000000001 2.8500000000000001 112.50000000000001 1420.9500000000003 997.75000000000011 1.0000000180025095e-35 4.8500000000000005 15.597000000000003 1.0000000180025095e-35 2.5500000000000003 1013.6500000000002 14.062375000000001 12.381050000000002
decision_type=2 2 2 2 2 2 2 2 2 2 2 2 2 2 2 2 2 2 2
left_child=8 2 4 -4 7 6 -3 -2 -1 14 -11 12 -12 -6 -7 -14 17 -13 -8
right_child=1 5 3 -5 13 9 18 -9 -10 10 11 16 15 -15 -16 -17 -18 -19 -20
leaf_value=64.176696457973748 -95.520488475193488 60.550862090516631 -26.292432339105581 42.543041723956165 -30.410857013486471 35.072461703055517 -7.6426011607005861 -35.987251478606105 8.6178838888276044 -38.152114230374558 31.341983605337262 -34.851795182703484 10.424241717490311 -0.065580638893821888 6.9541155753794968 -4.5247414553191714 -3.2318612479386655 -11.465368804116205 11.017134434003921
leaf_weight=30 32 57 36 57 37 40 33 31 30 30 42 33 86 40 31 136 49 64 31
leaf_count=30 32 57 36 57 37 40 33 31 30 30 42 33 86 40 31 136 49 64 31
internal_value=2.08657 -0.301505 -16.4575 15.8974 -37.9465 5.6564 29.2908 -66.3299 36.4579 0.0553483 -3.62279 -1.08756 6.06288 -14.6677 22.8226 1.26837 -14.0125 -19.4493 1.39872
internal_weight=925 865 233 93 140 632 121 63 60 511 440 410 264 77 71 222 146 97 64
internal_count=925 865 233 93 140 632 121 63 60 511 440 410 264 77 71 222 146 97 64
is_linear=0
shrinkage=0.05


Tree=53
num_leaves=22
num_cat=0
split_feature=0 0 7 3 1 0 4 3 28 14 4 4 21 21 21 1 15 21 5 2 4
split_gain=2.74228e+07 3.00744e+07 5.88459e+07 5.81665e+07 4.06602e+07 3.01885e+07 1.89579e+07 1.89003e+07 2.2176e+07 1.80617e+07 1.65476e+07 1.56134e+07 1.40854e+07 1.38704e+07 1.19545e+07 1.35738e+07 1.13034e+07 7.36548e+06 2.27146e+06 1.84656e+06 1.02725e+06
threshold=1.3000000000000003 756.05000000000007 25.350000000000005 79.700000000000003 0.45000000000000007 1502.9000000000003 1011.2500000000001 47.050000000000004 0.44436171794418394 220.50000000000003 998.85000000000002 1009.5500000000001 0.54024256428486794 0.79427899686520387 0.45059921962095878 0.65000000000000013 1.0000000180025095e-35 1.3178624689312348 24.225000000000005 16.350000000000005 1016.3000000000001
decision_type=2 2 2 2 2 2 2 2 2 2 2 2 2 2 2 2 2 2 2 2 2
left_child=6 2 3 7 -4 12 -1 -2 -9 10 -7 13 -3 -11 16 -16 -12 -17 -14 20 -13
right_child=1 5 4 -5 -6 9 -8 8 -10 11 14 19 18 -15 15 17 -18 -19 -20 -21 -22
leaf_value=62.677661791829962 16.143149848890452 48.292039113035223 -96.442849908513821 50.538088418412379 -15.418547667577812 -41.525373515247153 6.4892796589290587 -3.448788631139541 -51.270594696227661 55.990203272739308 27.113162788823104 11.668916363186305 21.428490081046196 8.6683532841577868 -36.087587989654928 -10.386100380638716 -7.5074390866087093 12.82544015142873 3.0228664429876893 -6.8424403797610225 0.45074045176268246
leaf_weight=30 32 50 32 42 30 31 30 47 50 32 52 44 38 30 40 118 43 48 30 38 38
leaf_count=30 32 50 32 42 30 31 30 47 50 32 52 44 38 30 40 118 43 48 30 38 38
internal_value=1.98215 -0.286952 -15.6378 -0.498195 -57.3256 5.37402 34.6411 -17.141 -28.1267 0.136272 -6.80285 12.7913 28.1698 33.1434 -3.21415 -9.97966 11.4513 -3.67062 13.3248 2.25708 6.47719
internal_weight=925 865 233 171 62 632 60 129 97 514 332 182 118 62 301 206 95 166 68 120 82
internal_count=925 865 233 171 62 632 60 129 97 514 332 182 118 62 301 206 95 166 68 120 82
is_linear=0
shrinkage=0.05


Tree=54
num_leaves=23
num_cat=0
split_feature=3 10 27 8 1 5 25 29 28 20 27 4 2 3 28 14 1 10 25 22 15 11
split_gain=2.23398e+07 4.86747e+07 1.62144e+07 2.08725e+07 2.48909e+07 4.59127e+07 2.48521e+07 1.26895e+07 1.1709e+07 1.14826e+07 1.10387e+07 7.41977e+06 4.74033e+06 1.17727e+07 2.25426e+07 6.88314e+06 4.28026e+06 5.31666e+06 2.08826e+06 1.40994e+06 1.02932e+06 840301
threshold=82.200000000000003 3.5000000000000004 -0.76665171983724034 7.0500000000000007 0.45000000000000007 16.750000000000004 9.9688050000000015 0.6078576107927941 -0.317191288589106 9.0767000000000007 -0.40147311773604372 1007.2500000000001 6.3500000000000005 63.20000000000001 0.86527520261780289 63.500000000000007 0.90000000000000013 6.5000000000000009 15.20707 -0.5 1.0000000180025095e-35 2.5000000000000004
decision_type=2 2 2 2 2 2 2 2 2 2 2 2 2 2 2 2 2 2 2 2 2 2
left_child=2 -2 8 6 5 -5 12 10 -1 -10 -3 -11 13 14 -4 -14 17 18 -6 -19 -20 -17
right_child=1 7 3 4 16 -7 -8 -9 9 11 -12 -13 15 -15 -16 21 -18 19 20 -21 -22 -23
leaf_value=40.421436548074617 62.606820238033052 -30.892926689430524 -26.467381691873229 -77.352233533542176 1.2753486813687858 -7.47328396004872 43.802857880442915 21.196733049232904 29.397122521017401 -24.231083503038779 5.9908875689437133 6.3566552172531976 22.327980197433138 -34.154157716388646 24.297345863707104 -8.9421505267803489 -21.728032063717567 2.3284468520489279 -6.1594893106986524 16.117551476089133 -17.899688672662496 2.0817059944801666
leaf_weight=30 45 35 40 39 34 59 35 56 36 30 48 58 41 32 48 35 33 46 30 31 50 34
leaf_count=30 45 35 40 39 34 59 35 56 36 30 48 58 41 32 48 35 33 46 30 31 50 34
internal_value=1.88334 17.4716 -1.98926 -5.77779 -14.3292 -35.3328 4.61444 2.82499 12.4458 5.6503 -9.58093 -4.08659 -1.36543 -8.23471 1.21856 6.12894 -5.12843 -2.25054 -9.10329 7.89367 -13.5104 -3.51488
internal_weight=925 184 741 587 322 98 265 139 154 124 83 88 230 120 88 110 224 191 114 77 80 69
internal_count=925 184 741 587 322 98 265 139 154 124 83 88 230 120 88 110 224 191 114 77 80 69
is_linear=0
shrinkage=0.05


Tree=55
num_leaves=23
num_cat=0
split_feature=24 0 1 24 0 24 9 1 0 4 5 24 24 1 24 0 24 21 24 24 21 24
split_gain=1.39399e+08 5.23673e+07 4.85372e+07 5.69831e+07 3.16349e+07 6.88585e+07 2.70887e+07 2.66894e+07 8.56969e+07 2.63349e+07 2.25587e+07 4.76838e+07 2.26617e+07 1.73891e+07 1.16027e+07 5.62334e+06 2.74853e+06 2.45816e+06 1.79268e+06 1.03056e+06 977680 593310
threshold=7870.3694444444454 4.1000000000000005 0.29166666666666669 13966.66666666667 756.05000000000007 1173.3340000000003 15.65 0.65000000000000013 835.95000000000016 1001.0500000000001 18.000000000000004 3336.8055555555561 4604.166666666667 1.2500000000000002 9376.3888888888905 134.35000000000002 10968.055555555557 0.64850320604842582 6269.4444444444453 6096.2972222222224 0.6697025729797782 8627.7777777777792
decision_type=2 2 2 2 2 2 2 2 2 2 2 2 2 2 2 2 2 2 2 2 2 2
left_child=1 -1 -2 7 5 -3 9 -4 -9 -6 12 -12 -11 -7 17 -15 20 -10 -14 -13 -16 -19
right_child=2 4 3 -5 6 13 -8 8 14 10 11 19 18 15 16 -17 -18 21 -20 -21 -22 -23
leaf_value=37.559405861126159 -28.451421758771723 -105.62920843666949 -23.764418958393108 80.006298196177468 -56.939544212956434 -53.17406814423115 24.038028054224853 103.51923849162866 -6.8293538494517847 -53.585269295679382 56.815546445117832 -24.394139591124503 -20.891670888974986 8.7047488545262528 13.14446494952351 -21.863095499589988 32.687576265386085 4.5750630511120445 -9.1891814472865168 -11.969404757061188 23.871086083681739 13.532424669787048
leaf_weight=38 46 34 33 43 43 30 38 30 42 51 30 37 59 30 44 30 56 46 74 31 42 31
leaf_count=38 46 34 33 43 43 30 38 30 42 51 30 37 59 30 44 30 56 46 74 31 42 31
internal_value=-1.81013 -18.9045 19.9193 25.9883 -23.3171 -45.1133 -15.8612 18.7967 23.6297 -20.5323 -14.9626 4.41251 -25.2788 -22.1599 14.4109 -6.59004 24.0565 2.89045 -14.3923 -18.7559 18.4047 8.19421
internal_weight=938 525 413 367 487 124 363 324 291 325 282 98 184 90 261 60 142 119 133 68 86 77
internal_count=938 525 413 367 487 124 363 324 291 325 282 98 184 90 261 60 142 119 133 68 86 77
is_linear=0
shrinkage=0.05


Tree=56
num_leaves=24
num_cat=0
split_feature=24 0 24 1 0 24 0 24 9 1 7 25 1 24 24 0 24 24 20 24 14 25 7
split_gain=1.2584e+08 4.72741e+07 4.58178e+07 7.53068e+07 8.99703e+07 4.35896e+07 2.8562e+07 6.21633e+07 2.44533e+07 1.56991e+07 1.46216e+07 2.28188e+07 3.04309e+07 2.66091e+07 1.23348e+07 5.07684e+06 4.48993e+06 1.88642e+06 1.65727e+06 1.62096e+06 1.18061e+06 381522 367807
threshold=7870.3694444444454 4.1000000000000005 15032.408333333335 0.65000000000000013 776.45000000000016 12548.611111111113 756.05000000000007 1173.3340000000003 15.65 1.2500000000000002 28.850000000000005 17.945380000000004 0.65000000000000013 4604.166666666667 9376.3888888888905 134.35000000000002 11853.175000000001 5357.5833333333348 2.6612000000000005 5567.3611111111122 234.50000000000003 22.55904 15.15
decision_type=2 2 2 2 2 2 2 2 2 2 2 2 2 2 2 2 2 2 2 2 2 2 2
left_child=1 -1 3 5 -5 -2 7 -3 10 -9 11 13 -13 -8 20 -11 18 -15 -16 -14 22 -20 -6
right_child=2 6 -4 4 14 -7 8 9 -10 15 -12 12 19 17 16 -17 -18 -19 21 -21 -22 -23 -24
leaf_value=35.686362547386352 -69.792755688144155 -100.36323521409915 65.347672142952121 104.43470164725252 3.6171458529936604 9.3369565045722176 -55.767026457993097 -50.5241974333196 22.839280975177846 8.2709579600844272 -47.785860684030972 39.692400794016386 -25.880552125175132 -24.906713312092016 9.5861984034313306 -20.773572551689274 41.207004397475067 -10.649978493291355 25.875590078843942 -9.6674808006048938 -2.7212383564500762 18.65482598111479 11.157478189008412
leaf_weight=38 38 34 47 31 34 32 53 30 38 30 40 37 30 30 30 30 31 103 54 32 55 30 31
leaf_count=38 38 34 47 31 34 32 53 30 38 30 40 37 30 30 30 30 31 103 54 32 55 30 31
internal_value=-1.71972 -17.9615 18.9259 12.9484 23.9777 -33.6574 -22.154 -42.8646 -15.0695 -21.0556 -19.5076 -15.5233 3.86728 -25.8406 14.5299 -6.26163 24.3382 -13.8821 19.719 -17.5416 2.66779 23.3221 7.225
internal_weight=938 525 413 366 296 70 487 124 363 90 325 285 99 186 265 60 145 133 114 62 120 84 65
internal_count=938 525 413 366 296 70 487 124 363 90 325 285 99 186 265 60 145 133 114 62 120 84 65
is_linear=0
shrinkage=0.05


Tree=57
num_leaves=27
num_cat=0
split_feature=24 24 24 26 3 27 24 29 4 3 15 24 14 10 3 4 3 26 14 27 24 20 21 26 24 30
split_gain=1.13602e+08 4.17066e+07 2.4536e+07 4.57474e+07 7.06902e+07 7.08483e+07 4.26436e+07 1.7553e+07 1.3023e+07 1.39615e+07 1.31057e+07 8.03871e+06 5.77185e+06 4.80535e+06 4.36396e+06 4.16088e+06 5.13114e+06 3.98293e+06 2.86737e+06 3.94319e+06 2.79191e+06 2.23251e+06 1.39721e+06 1.1487e+06 997732 626689
threshold=7870.3694444444454 13351.85277777778 1.0000000180025095e-35 5.450000000000002 75.700000000000003 0.53436760985011655 5027.7777777777783 0.6078576107927941 1012.35 76.700000000000003 1.0000000180025095e-35 2510.0000000000005 195.50000000000003 9.5000000000000018 50.20000000000001 1009.7500000000001 66.350000000000009 4.5499999999999998 161.50000000000003 0.89773508019357628 8993.0555555555566 19.727150000000005 0.71518782570317951 7.5000000000000018 8789.019444444446 -0.22252093395631442
decision_type=2 2 2 2 2 2 2 2 2 2 2 2 2 2 2 2 2 2 2 2 2 2 2 2 2 2
left_child=2 8 3 -1 5 -5 11 -3 10 24 15 13 22 -4 -8 16 -2 -16 19 -19 -18 -22 -13 -20 -10 -26
right_child=1 7 6 4 -6 -7 14 -9 9 -11 -12 12 -14 -15 17 -17 20 18 23 -21 21 -23 -24 -25 25 -27
leaf_value=54.320658899043536 -9.672444356873978 31.82807378885661 -69.5728785039353 69.834026393712122 -70.556467789395484 -29.304237688718924 -26.452026658583989 79.260970554781125 0.95872101256409159 -27.056231479693562 47.547496802190381 -17.099039841965585 -51.742667059407282 -42.449277120810059 -23.505741123186791 28.287470247666285 1.6352754181987603 14.411305962804029 -14.745947908439929 -7.7702327150497998 10.413093264452023 28.985150258922872 -32.344428556371732 -2.5804730525737409 16.042318847172986 6.2899500522106591
leaf_weight=31 30 53 35 32 37 41 33 31 32 39 32 30 30 32 30 33 31 39 52 41 32 33 31 31 37 30
leaf_count=31 30 53 35 32 37 41 33 31 32 39 32 30 30 32 30 33 31 39 52 41 32 33 31 31 37 30
internal_value=-1.63386 17.9823 -17.0657 0.772435 -14.354 14.1896 -23.6141 49.4066 9.94644 -1.75678 18.3987 -43.5338 -33.7877 -56.701 -9.67488 12.506 8.35361 -6.79401 -3.70568 3.0477 13.991 19.8721 -24.887 -10.2108 8.22687 11.6915
internal_weight=938 413 525 141 110 73 384 84 329 138 191 158 91 67 226 159 126 193 163 80 96 65 61 83 99 67
internal_count=938 413 525 141 110 73 384 84 329 138 191 158 91 67 226 159 126 193 163 80 96 65 61 83 99 67
is_linear=0
shrinkage=0.05


Tree=58
num_leaves=25
num_cat=0
split_feature=1 4 11 8 26 7 20 22 2 21 9 26 20 4 1 20 2 6 14 28 4 20 7 8
split_gain=1.74715e+07 4.61272e+07 3.15542e+07 5.27675e+07 3.43467e+07 2.76699e+07 2.16585e+07 1.40349e+07 6.23837e+06 5.45733e+06 5.51527e+06 5.83699e+06 7.27897e+06 4.56198e+06 3.55969e+06 3.27572e+06 5.40426e+06 3.0422e+06 2.65285e+06 2.08962e+06 1.48392e+06 1.02398e+06 1.3442e+06 1.01763e+06
threshold=0.45000000000000007 1015.1000000000001 1.5000000000000002 17.150000000000002 5.7500000000000027 26.450000000000003 9.9558000000000018 0.93301270189221952 9.2500000000000018 0.74765040650406511 11.600000000000001 10.050000000000002 14.650249999999998 1002.85 0.90000000000000013 7.9114000000000013 22.550000000000004 2.6500000000000008 108.50000000000001 0.25118075958286756 1006.4500000000002 2.1086000000000005 12.750000000000002 14.050000000000002
decision_type=2 2 2 2 2 2 2 2 2 2 2 2 2 2 2 2 2 2 2 2 2 2 2 2
left_child=1 2 3 -1 -4 6 -6 9 -9 10 11 12 17 -14 15 21 19 -2 -19 23 -18 -11 -23 -17
right_child=7 -3 4 -5 5 -7 -8 8 -10 14 -12 -13 13 -15 -16 16 20 18 -20 -21 -22 22 -24 -25
leaf_value=-30.060639187501522 4.2801616052942952 33.07229986254233 6.2659304371052995 54.350929473167241 -60.759342308827513 -89.905929364322546 -2.5032870625340662 7.6162490946113852 38.500264738933538 11.013665424161555 23.779929365391748 19.707412087039543 0.68721503590813426 24.434607696533206 -19.023805565318902 -25.043766370881041 11.601426559839494 -3.4337759527028795 -19.9439212974182 -2.6315136095445109 -2.8400889372891669 -7.0412847210006451 7.0955635861774757 -13.248292624975193
leaf_weight=48 38 45 33 30 34 33 30 30 36 39 35 42 46 36 36 30 35 45 53 32 36 30 38 48
leaf_count=48 38 45 33 30 34 33 30 30 36 39 35 42 46 36 36 30 35 45 53 32 36 30 38 48
internal_value=-1.55235 -12.778 -22.7087 2.43331 -37.7843 -52.7615 -33.4984 2.59503 24.4949 0.256397 5.17562 2.663 -0.628296 11.13 -4.22273 -2.36661 -6.46526 -7.72088 -12.374 -13.4018 4.2852 4.56613 0.857464 -17.8113
internal_weight=938 253 208 78 130 97 64 685 66 619 295 260 218 82 324 288 181 136 98 110 71 107 68 78
internal_count=938 253 208 78 130 97 64 685 66 619 295 260 218 82 324 288 181 136 98 110 71 107 68 78
is_linear=0
shrinkage=0.05


Tree=59
num_leaves=22
num_cat=0
split_feature=24 0 24 0 24 9 4 25 24 24 24 0 22 24 0 24 21 21 24 24 24
split_gain=9.9828e+07 4.31978e+07 3.88252e+07 2.31662e+07 5.79441e+07 2.09285e+07 2.30564e+07 1.95625e+07 3.94752e+07 1.69218e+07 1.22246e+07 1.17773e+07 3.58815e+07 9.87264e+06 3.43976e+06 5.17699e+06 2.33005e+06 1.61094e+06 1.46225e+06 855301 483935
threshold=7870.3694444444454 4.1000000000000005 15032.408333333335 756.05000000000007 1173.3340000000003 15.65 1001.0500000000001 17.945380000000004 3336.8055555555561 4604.166666666667 2189.2857142857151 26.500000000000004 0.68301270189221941 11905.091666666669 1069.5000000000002 9376.3888888888905 0.64850320604842582 0.6697025729797782 6655.5555555555566 6096.2972222222224 8530.5555555555566
decision_type=2 2 2 2 2 2 2 2 2 2 2 2 2 2 2 2 2 2 2 2 2
left_child=1 -1 11 4 -3 6 -5 9 -9 -8 -6 12 -2 14 -13 16 -16 -17 -11 -10 -18
right_child=2 3 -4 5 10 -7 7 8 19 18 -12 13 -14 -15 15 17 20 -19 -20 -21 -22
leaf_value=35.340602474763323 -43.014599159436351 -94.111897541840406 59.646075115487328 -51.738888024066831 -36.35858511157047 21.501378740726182 -46.580474842224568 53.222496359688904 -20.562069922958742 -17.552640463162412 0.48292386185321273 27.474034687291802 27.059077321575696 38.616612481258791 -7.3508054328975536 11.627899026190747 3.8192908858995871 23.76715561237441 -6.9820346632487649 -9.3536206560342858 12.156522192479621
leaf_weight=38 35 34 47 43 44 38 51 30 37 71 46 32 38 41 40 56 37 54 61 32 33
leaf_count=38 35 34 47 43 44 38 51 30 37 71 46 32 38 41 40 56 37 54 61 32 33
internal_value=-1.47491 -15.941 16.9136 -19.9489 -38.6009 -13.5685 -17.6743 -12.4636 5.43777 -22.1456 -17.5488 11.4112 -6.55071 15.8871 12.1752 9.93843 2.26439 17.6034 -12.6768 -15.3851 7.76151
internal_weight=938 525 413 487 124 363 325 282 99 183 90 366 73 293 252 220 110 110 132 69 70
internal_count=938 525 413 487 124 363 325 282 99 183 90 366 73 293 252 220 110 110 132 69 70
is_linear=0
shrinkage=0.05


Tree=60
num_leaves=26
num_cat=0
split_feature=24 24 1 14 24 1 0 0 1 0 0 24 27 24 24 0 0 24 24 27 5 27 24 4 0
split_gain=1.21815e+08 2.57655e+07 4.81155e+07 5.03371e+07 2.562e+07 5.56426e+07 2.12599e+07 2.04205e+07 2.01235e+07 1.90194e+07 4.08965e+07 1.59878e+07 1.26467e+07 1.1611e+07 9.5852e+06 6.21497e+06 5.06938e+06 2.68278e+06 2.47731e+06 1.50257e+06 1.67617e+06 911176 539173 446057 245437
threshold=10311.508333333335 5357.5833333333348 0.22500000000000003 205.50000000000003 16900.000000000004 0.65000000000000013 1789.9000000000003 1108.5500000000004 0.65000000000000013 51.800000000000004 1025.6000000000001 12168.980555555558 0.60500564346204555 2510.0000000000005 7791.666666666667 1603.3500000000001 2.8500000000000005 9376.3888888888905 4563.6583333333338 0.43664718845046319 13.950000000000001 0.064507852084056461 6542.3277777777776 1010.9500000000002 2078.5500000000006
decision_type=2 2 2 2 2 2 2 2 2 2 2 2 2 2 2 2 2 2 2 2 2 2 2 2 2
left_child=1 2 3 6 5 16 -1 -7 -4 -3 -11 -9 -8 -10 19 -15 -2 21 -17 22 -21 23 -12 -16 -24
right_child=4 9 8 -5 -6 7 12 11 13 10 14 -13 -14 15 17 18 -18 -19 -20 20 -22 -23 24 -25 -26
leaf_value=19.110021852510574 -25.512559134144325 -36.539977788781115 -72.431458608743853 60.734313138537232 76.854373776107749 83.695826125541004 -51.687874146314556 18.61067731517748 -47.010398061262265 56.922139599167295 -19.945672873618818 64.454474982074728 -6.8387465847687068 0.81091006713056091 -5.7067900689468516 -36.93634986018828 3.285341928856166 16.839532000421155 -18.027298601963871 -11.882209965438042 3.9083728099582205 7.6986858197842212 -14.86587273687379 2.4636861140708186 -8.6943302957957957
leaf_weight=33 30 33 31 30 31 30 33 52 54 32 32 30 30 30 31 31 31 45 40 38 30 48 35 36 31
leaf_count=33 30 33 31 30 31 30 33 52 54 32 32 30 30 30 31 31 31 45 40 38 30 48 35 36 31
internal_value=1.04248 -8.82909 -19.5424 4.31344 35.0484 27.517 -13.3629 48.4295 -35.6964 -0.277569 3.07431 35.4409 -30.3759 -28.3074 -2.22718 -18.2711 -10.8961 6.50364 -26.3238 -10.6413 -4.92019 2.448 -14.602 -1.31948 -11.9847
internal_weight=907 703 312 126 204 173 96 112 186 391 358 82 63 155 326 101 61 160 71 166 68 115 98 67 66
internal_count=907 703 312 126 204 173 96 112 186 391 358 82 63 155 326 101 61 160 71 166 68 115 98 67 66
is_linear=0
shrinkage=0.05


Tree=61
num_leaves=23
num_cat=0
split_feature=24 24 24 30 0 24 0 0 30 6 14 24 24 22 10 3 24 21 23 24 14 24
split_gain=1.09973e+08 2.32592e+07 4.34368e+07 4.90755e+07 4.73698e+07 2.31301e+07 1.71704e+07 3.69213e+07 1.37736e+07 1.47038e+07 1.3507e+07 1.27912e+07 8.653e+06 4.74874e+06 3.09342e+06 3.07773e+06 2.4218e+06 1.71109e+06 1.33732e+06 2.00422e+06 1.50643e+06 441088
threshold=10311.508333333335 5357.5833333333348 1.0000000180025095e-35 -0.56174490092936669 2176.2500000000005 16900.000000000004 51.800000000000004 1025.6000000000001 -0.56174490092936669 3.1500000000000008 173.50000000000003 2510.0000000000005 7791.666666666667 -0.24999999999999994 8.5000000000000018 60.900000000000006 9376.3888888888905 0.64850320604842582 -0.24999999999999994 6844.9083333333338 166.00000000000003 8476.1111111111131
decision_type=2 2 2 2 2 2 2 2 2 2 2 2 2 2 2 2 2 2 2 2 2 2
left_child=1 2 3 -1 -5 8 -3 -8 10 -10 -2 14 18 -13 -4 -15 17 -14 20 -20 -9 -19
right_child=5 6 11 4 -6 -7 7 12 9 -11 -12 13 16 15 -16 -17 -18 21 19 -21 -22 -23
leaf_value=-42.441352834969841 -13.762586652917946 -34.718498062007022 -61.438056853867636 58.192333770046119 -15.927101108912007 73.024012535561312 54.084898209497567 2.319140453285788 18.104258996191046 55.224081820368554 31.432405797343389 -41.235693805479137 -6.3452196051129519 -5.7745784189099467 -39.558700485474816 -25.167135781790876 15.999422321192705 3.4042070444830248 -21.572222881359433 -7.331387430180655 -12.832330542386964 11.087908436427606
leaf_weight=39 34 33 36 48 39 31 32 36 52 55 32 30 38 32 31 57 45 45 45 55 30 32
leaf_count=39 34 33 36 48 39 31 32 36 52 55 32 30 38 32 31 57 45 45 45 55 30 32
internal_value=0.990687 -8.38879 -18.5677 4.09861 24.9862 33.3014 -0.263816 2.92097 26.1453 37.2183 8.16446 -33.9162 -2.11629 -24.0438 -51.3889 -18.2089 6.17912 2.32579 -10.1108 -13.755 -4.57681 6.60774
internal_weight=907 703 312 126 87 204 391 358 173 107 66 186 326 119 67 89 160 115 166 100 66 77
internal_count=907 703 312 126 87 204 391 358 173 107 66 186 326 119 67 89 160 115 166 100 66 77
is_linear=0
shrinkage=0.05


Tree=62
num_leaves=24
num_cat=0
split_feature=24 24 1 30 27 24 1 1 27 24 1 4 24 24 28 28 2 26 24 4 5 24 24
split_gain=9.92764e+07 2.09983e+07 3.92118e+07 4.43015e+07 3.53777e+07 2.08835e+07 4.90732e+07 1.78276e+07 1.63047e+07 9.59849e+06 1.9585e+07 7.67785e+06 7.57345e+06 6.86357e+06 5.54493e+06 4.43679e+06 4.4253e+06 2.79336e+06 2.53777e+06 2.63972e+06 2.48755e+06 1.0892e+06 960805
threshold=10311.508333333335 5357.5833333333348 0.22500000000000003 -0.56174490092936669 0.098819223632317002 16900.000000000004 0.65000000000000013 0.65000000000000013 0.13301347478292308 1702.5000000000002 1.2500000000000002 998.45000000000016 4563.6583333333338 12548.611111111113 0.25118075958286756 0.44436171794418394 14.550000000000002 8.0500000000000025 8476.1111111111131 1015.7500000000001 22.250000000000004 14294.444444444447 7849.5361111111115
decision_type=2 2 2 2 2 2 2 2 2 2 2 2 2 2 2 2 2 2 2 2 2 2 2
left_child=1 2 3 -1 -5 6 21 -4 13 -9 12 -3 -11 -8 16 -16 17 -13 19 -17 -18 -2 -22
right_child=5 11 7 4 -6 -7 8 9 -10 10 -12 14 -14 -15 15 18 20 -19 -20 -21 22 -23 -24
leaf_value=-40.324712146456591 -18.009809353660508 23.584844357561067 -66.79838565446174 64.440642720478905 -1.2067911130443301 69.384551153152316 21.815013182048837 -49.638133382351604 75.995638265007756 -47.672123473230073 10.922764858736453 -30.362935725874287 -17.757296028483211 51.899636233407399 19.498820301436322 -15.148899977476265 5.2400204036148859 -8.937508402760006 8.6754314404647452 1.9084077921780673 -15.978791342066769 -4.6362575862185365 -3.6984240671756332
leaf_weight=39 30 31 31 33 54 31 52 32 30 41 38 30 44 30 36 38 52 31 53 56 30 31 34
leaf_count=39 30 31 31 33 54 31 52 32 30 41 38 30 44 30 36 38 52 31 53 56 30 31 34
internal_value=0.941122 -7.97055 -17.6421 3.89367 23.7393 31.6403 24.8407 -32.2251 44.4801 -25.2718 -18.8973 -0.250572 -32.2259 32.8715 -2.30906 3.79283 -8.6164 -19.5071 -0.0641469 -4.99582 -2.87746 -11.2322 -9.47087
internal_weight=907 703 312 126 87 204 173 186 112 155 123 391 85 82 360 183 177 61 147 94 116 61 64
internal_count=907 703 312 126 87 204 173 186 112 155 123 391 85 82 360 183 177 61 147 94 116 61 64
is_linear=0
shrinkage=0.05


Tree=63
num_leaves=23
num_cat=0
split_feature=24 24 24 28 0 29 8 0 0 0 26 13 24 24 0 27 24 21 23 24 27 27
split_gain=8.97326e+07 1.92925e+07 3.54e+07 4.35285e+07 6.50706e+07 1.90564e+07 1.55182e+07 1.50872e+07 3.30834e+07 1.13485e+07 1.01412e+07 1.05452e+07 7.98208e+06 7.49544e+06 3.0133e+06 3.09309e+06 2.06254e+06 1.54315e+06 1.29629e+06 1.81416e+06 1.33153e+06 381717
threshold=10393.519444444446 5357.5833333333348 1.0000000180025095e-35 -0.87792756428346708 2198.2000000000003 0.6078576107927941 7.6500000000000012 51.800000000000004 1025.6000000000001 9.5000000000000018 9.8500000000000032 2.5000000000000004 1702.5000000000002 7791.666666666667 1241.5500000000004 0.68386242285996168 9376.3888888888905 0.64850320604842582 -0.24999999999999994 6844.9083333333338 0.28433548840379819 -0.15005400879207767
decision_type=2 2 2 2 2 2 2 2 2 2 2 2 2 2 2 2 2 2 2 2 2 2
left_child=1 2 3 -1 -5 10 -7 -3 -9 -4 11 -2 -11 18 -14 -16 17 -15 20 -20 -10 -19
right_child=5 7 9 4 -6 6 -8 8 13 12 -12 -13 14 16 15 -17 -18 21 19 -21 -22 -23
leaf_value=-41.810392819839024 -3.7530637367970527 -32.441904526678819 -57.692399756410786 64.855962011502228 -20.573065022924865 77.175929402859424 29.533233887294557 50.472134423616069 -11.759221882360718 -47.163958336185445 44.709394187863886 28.574924569516572 -8.6109021487419835 -6.227338409674136 -34.951492297862806 -14.982995789862045 14.339585399330282 3.0135473860634701 -20.469751584714903 -6.9211413340213728 2.4850317334204171 10.131688562440729
leaf_weight=37 53 33 32 45 44 32 37 33 30 32 30 48 44 38 39 39 48 44 45 55 36 33
leaf_count=37 53 33 32 45 44 32 37 33 30 32 30 48 44 38 39 39 48 44 45 55 36 33
internal_value=0.894249 -7.47105 -16.7623 3.69989 22.6456 30.4546 51.7082 -0.129712 2.82401 -30.6184 19.229 11.6238 -24.9588 -1.96916 -19.1006 -24.9993 5.64521 2.0069 -9.44484 -13.0324 -3.99755 6.07343
internal_weight=907 707 312 126 89 200 69 395 362 186 131 101 154 329 122 78 163 115 166 100 66 77
internal_count=907 707 312 126 89 200 69 395 362 186 131 101 154 329 122 78 163 115 166 100 66 77
is_linear=0
shrinkage=0.05


Tree=64
num_leaves=17
num_cat=0
split_feature=1 28 28 1 20 1 30 1 8 8 26 6 26 1 20 26
split_gain=3.20018e+07 1.89177e+07 1.75073e+07 2.25551e+07 5.96746e+07 1.4011e+07 2.37909e+07 1.03864e+07 2.48854e+07 6.8877e+06 4.07024e+06 3.00373e+06 1.30166e+06 2.41449e+06 1.30888e+06 1.16101e+06
threshold=1.2500000000000002 0.70242338714296659 -0.70250145193066593 1.0000000180025095e-35 9.798700000000002 0.65000000000000013 -0.56174490092936669 0.45000000000000007 10.250000000000002 18.250000000000004 11.450000000000001 3.5500000000000003 4.2000000000000011 0.65000000000000013 9.0767000000000007 6.4000000000000004
decision_type=2 2 2 2 2 2 2 2 2 2 2 2 2 2 2 2
left_child=2 -2 5 4 -4 6 -1 8 -5 -7 12 15 -9 -14 -15 -11
right_child=1 -3 3 7 -6 9 -8 10 -10 11 -12 -13 13 14 -16 -17
leaf_value=-65.165235273937711 50.772709799308544 2.4484523740589115 -10.537259269398785 5.3895664830030521 82.149970156647441 -25.849454531875558 -9.0037561341779391 7.5728411253913555 -48.852681810373753 11.71954725269828 18.386213112996121 -12.224570213995898 -14.235659878752953 2.7986251482839513 -3.8637994210855262 -0.57443022364395446
leaf_weight=31 48 35 41 51 30 30 48 55 36 44 34 30 30 219 111 34
leaf_count=31 48 35 41 51 30 30 48 55 36 44 34 30 30 219 111 34
internal_value=0.849634 30.4225 -2.13251 2.22551 28.6867 -14.3184 -31.0964 -1.2843 -17.0858 -4.69797 1.78056 1.19588 0.415986 -0.679208 0.557121 6.3667
internal_weight=907 83 824 607 71 217 79 536 87 138 449 108 415 360 330 78
internal_count=907 83 824 607 71 217 79 536 87 138 449 108 415 360 330 78
is_linear=0
shrinkage=0.05


Tree=65
num_leaves=22
num_cat=0
split_feature=24 1 1 24 0 4 4 11 11 24 0 24 1 21 24 28 21 14 24 25 24
split_gain=6.29898e+07 3.31412e+07 6.13876e+07 4.94914e+07 1.39024e+08 4.71292e+07 5.44122e+07 3.38632e+07 1.53902e+07 1.28297e+07 1.12588e+07 7.81774e+06 1.37767e+07 2.58975e+06 2.24832e+06 1.93706e+06 1.25045e+06 1.1634e+06 918313 661459 630804
threshold=12548.611111111113 0.65000000000000013 1.0000000180025095e-35 4671.2972222222224 715.55000000000007 998.55000000000007 1011.2500000000001 2.5000000000000004 2.5000000000000004 8789.019444444446 5.9500000000000011 1610.0000000000002 1.2500000000000002 0.78907646474677262 6503.0861111111126 -0.1670268750011662 0.65135923550861319 220.50000000000003 10078.705555555556 19.755175000000005 7372.686111111112
decision_type=2 2 2 2 2 2 2 2 2 2 2 2 2 2 2 2 2 2 2 2 2
left_child=1 2 5 11 -5 -1 7 -7 -2 14 -4 -3 -13 17 15 19 -16 -11 -15 -6 -18
right_child=8 3 10 4 9 6 -8 -9 -10 13 -12 12 -14 18 16 -17 20 -19 -20 -21 -22
leaf_value=-60.342201103641344 50.778664014719418 -52.508560215008607 -81.566671549342075 107.49020814803634 -2.0346528010906968 69.092488424594578 -46.3741663023483 2.1784588570142316 13.331125740187765 8.5977478654560695 -41.491010498650965 -41.388541318707155 -1.2059586498133665 11.457050480604689 -10.636547338244426 -20.562980413343578 -5.7775169115986316 -2.9975234193751819 22.434536519583617 -12.533932455195938 1.0698085196955409
leaf_weight=30 57 31 37 31 30 35 30 41 53 50 34 47 39 46 58 51 59 38 33 30 78
leaf_count=30 57 31 37 31 30 35 30 41 53 50 34 47 39 46 58 51 59 38 33 30 78
internal_value=-2.76688 -7.4906 -24.8115 -1.71391 5.0884 -5.12474 10.5449 33.0445 32.7643 -1.64421 -62.4609 -30.9956 -23.1888 9.4991 -7.72682 -13.405 -4.4894 3.59292 16.0652 -7.2965 -1.88107
internal_weight=938 828 207 621 504 136 106 76 110 473 71 117 86 167 306 111 195 88 79 60 137
internal_count=938 828 207 621 504 136 106 76 110 473 71 117 86 167 306 111 195 88 79 60 137
is_linear=0
shrinkage=0.05


Tree=66
num_leaves=20
num_cat=0
split_feature=24 24 1 7 4 1 26 1 24 5 24 22 21 6 6 5 21 2 21
split_gain=5.72484e+07 3.40406e+07 3.55545e+07 1.76807e+07 2.44298e+07 2.34964e+07 1.4445e+07 2.69093e+07 1.6004e+07 1.13115e+07 1.08352e+07 3.68739e+06 3.61328e+06 3.26476e+06 3.48727e+06 6.49324e+06 2.9638e+06 2.67354e+06 2.57284e+06
threshold=6914.6833333333334 14708.333333333334 0.36666666666666675 28.550000000000004 1006.2500000000001 0.29166666666666669 6.1000000000000005 0.65000000000000013 2653.3333333333335 12.250000000000002 11401.388888888891 0.93301270189221952 0.98202020202020224 4.7500000000000009 3.1500000000000008 13.15 0.61666249807009432 18.650000000000002 0.8274203858670387
decision_type=2 2 2 2 2 2 2 2 2 2 2 2 2 2 2 2 2 2 2
left_child=3 2 -2 4 5 -1 -6 9 -9 -8 11 13 18 14 17 -16 -12 -4 -10
right_child=1 -3 10 -5 6 -7 7 8 12 -11 16 -13 -14 -15 15 -17 -18 -19 -20
leaf_value=32.044931270218619 -46.260582778906894 45.448443171773398 -2.602440318573731 -42.376419414125401 3.8754319959665646 -14.163353729916119 -31.212326010553785 -43.024529412537426 -7.2083527070435522 -73.732375062366145 17.304535336506337 19.975090249515329 -17.749060698269176 -9.7195411067971307 -1.3322152282935116 27.173465905336759 38.160370656263794 11.657192624912781 10.525730120943438
leaf_weight=53 32 57 129 54 53 57 31 38 51 32 40 35 44 44 38 42 30 44 34
leaf_count=53 32 57 129 54 53 57 31 38 51 32 40 35 44 44 38 42 30 44 34
internal_value=-2.62904 9.15604 4.38014 -15.5733 -11.8806 8.10948 -19.6507 -25.0713 -14.5505 -52.8925 8.42176 4.64872 -6.13596 2.83646 5.0231 13.6484 26.2845 1.0289 -0.110628
internal_weight=938 491 434 447 393 110 283 230 167 63 402 332 129 297 253 80 70 173 85
internal_count=938 491 434 447 393 110 283 230 167 63 402 332 129 297 253 80 70 173 85
is_linear=0
shrinkage=0.05


Tree=67
num_leaves=21
num_cat=0
split_feature=24 24 1 0 21 11 1 1 4 24 7 24 21 26 27 27 21 27 24 4
split_gain=5.24168e+07 2.87686e+07 5.64303e+07 6.27543e+07 1.99241e+07 4.29393e+07 8.05384e+07 1.95331e+07 1.31733e+07 1.6079e+07 1.47381e+07 1.05393e+07 2.45124e+06 1.40328e+06 1.36409e+06 1.23373e+06 1.21002e+06 1.07493e+06 795008 535430
threshold=13351.85277777778 5192.5916666666681 0.45000000000000007 487.30000000000007 0.55359574468085126 3.5000000000000004 0.29166666666666669 0.45000000000000007 1011.7500000000001 2578.7888888888892 24.650000000000002 8789.019444444446 0.78907646474677262 4.0499999999999998 -0.6254047815183511 0.30901413279605805 0.82953703703703707 0.91236630913977501 9871.5277777777792 1008.6500000000002
decision_type=2 2 2 2 2 2 2 2 2 2 2 2 2 2 2 2 2 2 2 2
left_child=1 4 -3 -4 5 6 -1 -2 10 -10 -6 13 14 -5 -13 16 -15 -17 -14 -16
right_child=7 2 3 11 8 -7 -8 -9 9 -11 -12 12 18 15 19 17 -18 -19 -20 -21
leaf_value=65.333757330148785 16.023792579946111 -60.651615488427325 63.368649324611937 -16.688570307576381 -0.20513176280450912 -43.230310648382357 -29.74708170942526 66.248200696428256 -74.282727032246385 -24.336679671089197 -37.475916760475172 -4.5655678841375531 10.082694382447105 -14.579033768248415 12.662888172694615 3.5771574129607799 -4.9308560718655201 -6.3483789931582866 19.858310575994153 3.9943241785443022
leaf_weight=43 49 35 42 30 53 46 46 32 30 35 53 34 41 50 30 56 93 53 43 44
leaf_count=43 49 35 42 30 53 46 46 32 30 35 53 34 41 50 30 56 93 53 43 44
internal_value=-2.49803 -6.13318 0.694309 4.86632 -18.4233 -4.05901 16.2126 35.9228 -29.7546 -47.4675 -18.8583 -0.329688 8.70338 -6.48078 3.71523 -5.25941 -8.31221 -1.25037 15.1046 7.52102
internal_weight=938 857 551 516 306 135 89 81 171 65 106 474 192 282 108 252 143 109 84 74
internal_count=938 857 551 516 306 135 89 81 171 65 106 474 192 282 108 252 143 109 84 74
is_linear=0
shrinkage=0.05


Tree=68
num_leaves=24
num_cat=0
split_feature=24 1 1 4 4 24 0 30 1 24 0 24 1 24 23 9 0 24 27 7 22 4 3
split_gain=4.73201e+07 2.6171e+07 4.08192e+07 4.28073e+07 4.452e+07 3.89568e+07 1.13417e+08 2.89949e+07 1.76351e+07 1.11615e+07 9.68599e+06 6.48077e+06 1.28852e+07 1.82978e+06 1.90638e+06 1.28068e+06 1.36916e+06 1.18251e+06 1.14328e+06 1.18753e+06 874911 698077 435162
threshold=13351.85277777778 0.65000000000000013 1.0000000180025095e-35 998.55000000000007 1011.2500000000001 4671.2972222222224 680.05000000000007 -0.22252093395631442 0.45000000000000007 8789.019444444446 4.9500000000000011 1610.0000000000002 1.2500000000000002 6503.0861111111126 -0.68301270189221952 0.15000000000000005 1747.3500000000001 9479.1666666666697 0.20088869483109786 17.850000000000005 0.68301270189221941 1005.2500000000001 62.850000000000001
decision_type=2 2 2 2 2 2 2 2 2 2 2 2 2 2 2 2 2 2 2 2 2 2 2
left_child=1 2 3 -1 7 11 -7 -5 -2 13 -4 -3 -13 14 -8 17 -17 -11 21 -20 -16 -15 -19
right_child=8 5 10 4 -6 6 9 -9 -10 15 -12 12 -14 18 20 16 -18 22 19 -21 -22 -23 -24
leaf_value=-56.819634343144109 15.224234783382379 -46.411092675997132 -66.592372331119833 2.5271972767628021 -40.748613285305495 96.13233026522343 -1.3092498049475374 64.446188052359474 62.946109703990899 3.9409750124148752 -31.666626332585061 -37.323226503910789 1.5303681980923316 -13.412905804060664 -22.162514192631235 -2.3429984906004004 10.909237069775152 11.479348946704484 -4.0216093757195388 8.4170649970076088 -11.493413162231445 -4.6330331499596413 19.103175370427039
leaf_weight=30 49 31 40 41 30 32 31 35 32 30 40 47 39 31 33 41 37 35 50 31 47 84 42
leaf_count=30 49 31 40 41 30 32 31 35 32 30 40 47 39 31 33 41 37 35 50 31 47 84 42
internal_value=-2.37343 -5.82732 -20.8749 -4.19449 10.7389 -0.754218 5.07143 31.0898 34.1318 -0.86955 -49.1909 -26.8273 -19.7222 -6.71491 -11.842 8.82894 3.94917 12.3791 -3.80671 0.743318 -15.9167 -7.00942 15.6572
internal_weight=938 857 216 136 106 641 524 76 81 492 80 117 86 307 111 185 78 107 196 81 80 115 77
internal_count=938 857 216 136 106 641 524 76 81 492 80 117 86 307 111 185 78 107 196 81 80 115 77
is_linear=0
shrinkage=0.05


Tree=69
num_leaves=20
num_cat=0
split_feature=24 24 1 0 4 1 26 4 1 24 1 24 24 8 0 24 24 28 28
split_gain=4.37567e+07 2.64115e+07 2.65034e+07 2.49007e+07 1.67836e+07 2.48189e+07 4.27307e+07 3.42905e+07 3.02794e+07 1.39855e+07 2.83855e+07 6.44772e+06 3.40603e+06 2.0059e+06 1.93147e+06 1.82298e+06 1.32864e+06 1.03339e+06 602507
threshold=14708.333333333334 6756.2500000000009 0.36666666666666675 411.45000000000005 997.75000000000011 0.18333333333333332 6.1500000000000021 1006.2500000000001 0.65000000000000013 2510.0000000000005 0.90000000000000013 9376.3888888888905 4563.6583333333338 21.250000000000004 1191.4500000000003 10968.055555555557 8530.5555555555566 -0.012910296075008829 0.62531791166012562
decision_type=2 2 2 2 2 2 2 2 2 2 2 2 2 2 2 2 2 2 2
left_child=1 4 -3 -4 -1 6 -6 -8 -7 -10 12 13 -11 16 -13 18 17 -5 -16
right_child=-2 2 3 11 5 8 7 -9 9 10 -12 14 -14 -15 15 -17 -18 -19 -20
leaf_value=-45.05719377854291 40.162290817300828 -40.269442648011207 44.337846390802667 4.8259308765301894 60.317721519596944 -64.175011855270995 26.897906295798109 -39.674222072592471 -35.449507778332958 -29.157633043746713 38.187612245882868 -0.18350749347145104 -11.066474458333147 -12.077174641499234 12.442276715015314 20.929782271530868 7.2556437077165459 -5.4192919756693847 3.4506634749674725
leaf_weight=39 57 32 40 33 30 32 35 43 53 32 30 33 139 45 43 49 44 96 33
leaf_count=39 57 32 40 33 30 32 35 43 53 32 30 33 139 45 43 49 44 96 33
internal_value=-2.25498 -5.0036 3.50725 6.88357 -13.8081 -10.7042 9.71065 -9.80586 -18.414 -12.6259 -6.59304 2.88833 -14.467 -2.68573 10.576 13.4144 -0.237272 -2.79667 8.54775
internal_weight=938 881 448 416 433 394 108 78 286 254 201 376 171 218 158 125 173 129 76
internal_count=938 881 448 416 433 394 108 78 286 254 201 376 171 218 158 125 173 129 76
is_linear=0
shrinkage=0.05


Tree=70
num_leaves=23
num_cat=0
split_feature=24 0 0 1 29 1 24 4 28 1 24 28 20 8 0 2 21 24 27 24 24 20
split_gain=3.99265e+07 4.77045e+07 2.9411e+07 3.89035e+07 2.09207e+07 1.49369e+07 1.23308e+07 1.63548e+07 2.15773e+07 3.17655e+07 1.10005e+07 4.72497e+06 3.71506e+06 3.32847e+06 3.08256e+06 2.48285e+06 2.00402e+06 2.05986e+06 1.53402e+06 856064 517133 250382
threshold=10968.055555555557 2.1500000000000004 93.850000000000009 1.2500000000000002 0.6078576107927941 0.36666666666666675 6429.5634920634939 997.75000000000011 -0.37370587188196386 0.65000000000000013 1533.3340000000003 0.57015780514270664 8.5307000000000013 17.250000000000004 1025.6000000000001 17.150000000000002 0.66359704641350226 7791.666666666667 0.56314550935064711 9295.8333333333339 8856.4833333333354 10.5434
decision_type=2 2 2 2 2 2 2 2 2 2 2 2 2 2 2 2 2 2 2 2 2 2
left_child=1 -1 3 13 5 -2 7 -4 9 -9 -10 -12 -7 -3 -8 -11 18 21 19 -16 -19 -18
right_child=4 2 6 -5 -6 12 14 8 10 15 11 -13 -14 -15 16 -17 17 20 -20 -21 -22 -23
leaf_value=47.459481396408272 -10.804659862860948 -69.753223910917868 -46.006140304761686 11.822606719649116 47.491020582872494 13.421537097108677 17.302208710943386 41.649675756787502 -40.38479481097815 -3.0185342046532422 -20.031347854348454 3.6228606427836625 36.840651764408236 -45.770995324473844 -10.988853261514432 -21.338873314263086 -4.879453737497883 4.7515725480666395 5.1867787732513522 -0.64482192169392227 11.502889109565523 0.90527032368853
leaf_weight=41 50 30 31 30 54 34 31 44 48 38 53 35 34 30 60 36 43 55 32 30 59 33
leaf_count=41 50 30 31 30 54 34 31 44 48 38 53 35 34 30 60 36 43 55 32 30 59 33
internal_value=-0.00136993 -4.93107 -7.92893 -34.6439 21.7426 9.9291 -4.09544 -11.7797 -7.58601 8.0559 -21.1536 -10.6299 25.1681 -57.8583 2.29103 -11.948 0.794453 4.00472 -4.20429 -7.54544 8.25274 -2.36971
internal_weight=931 759 718 90 172 118 628 285 254 118 136 88 68 60 343 74 312 190 122 90 114 76
internal_count=931 759 718 90 172 118 628 285 254 118 136 88 68 60 343 74 312 190 122 90 114 76
is_linear=0
shrinkage=0.05


Tree=71
num_leaves=19
num_cat=0
split_feature=24 0 24 4 26 0 24 5 0 0 29 24 3 24 24 21 23 21
split_gain=3.61271e+07 4.26873e+07 2.72463e+07 2.15774e+07 3.27025e+07 2.05528e+07 1.87832e+07 1.69206e+07 1.05489e+07 2.37302e+07 9.30048e+06 8.68111e+06 5.43846e+06 2.24222e+06 1.48573e+06 2.9347e+06 1.49541e+06 963669
threshold=15194.444444444447 1.3000000000000003 5357.5833333333348 997.25000000000011 5.4000000000000004 316.75000000000006 2510.0000000000005 18.000000000000004 26.500000000000004 756.05000000000007 0.6078576107927941 9376.3888888888905 72.950000000000017 11905.091666666669 7509.2583333333341 0.64850320604842582 -0.68301270189221952 0.6697025729797782
decision_type=2 2 2 2 2 2 2 2 2 2 2 2 2 2 2 2 2 2
left_child=1 -1 3 -3 -5 6 -6 10 -4 -10 -7 14 -9 17 16 -16 -11 -13
right_child=-2 2 8 4 5 7 -8 12 9 11 -12 13 -14 -15 15 -17 -18 -19
leaf_value=45.622718644953096 41.741470855899358 -53.295993480523876 -18.940741049529422 22.973199405598329 -63.482931775891863 -10.1819173928541 -11.910613719648696 24.328890997547646 47.143544457521159 2.3237772156370333 -47.646306146260514 3.7655678065310734 -4.4595363231246825 22.783338599910909 -9.1023831270351163 5.3444930799466581 -9.3724606566041082 12.99942044278253
leaf_weight=44 49 36 55 53 43 37 30 30 30 35 30 62 36 33 55 97 124 52
leaf_count=44 49 36 55 53 43 37 30 30 30 35 30 62 36 33 55 97 124 52
internal_value=-0.00147103 -2.325 -4.84769 -17.0767 -12.0237 -21.0346 -42.3342 -9.32079 1.79799 4.13876 -27.0031 1.31216 8.64305 11.3205 -3.42058 0.114425 -6.79794 7.98525
internal_weight=931 882 838 295 259 206 73 133 543 488 67 458 66 147 311 152 159 114
internal_count=931 882 838 295 259 206 73 133 543 488 67 458 66 147 311 152 159 114
is_linear=0
shrinkage=0.05


Tree=72
num_leaves=19
num_cat=0
split_feature=24 0 24 26 21 3 28 25 0 0 24 24 28 24 24 21 28 21
split_gain=3.26117e+07 3.85344e+07 2.45979e+07 1.69611e+07 3.04442e+07 2.11677e+07 2.49615e+07 1.21481e+07 9.52258e+06 2.14239e+07 7.8364e+06 7.74484e+06 3.76445e+06 2.02438e+06 1.34307e+06 2.60555e+06 1.23523e+06 869897
threshold=15194.444444444447 1.3000000000000003 5357.5833333333348 5.5500000000000016 0.64452017135532624 74.200000000000003 -0.90146829171281539 20.030670000000004 26.500000000000004 756.05000000000007 9376.3888888888905 1490.0000000000002 0.57015780514270664 11905.091666666669 7475.0000000000009 0.64850320604842582 -0.04732138832243208 0.6697025729797782
decision_type=2 2 2 2 2 2 2 2 2 2 2 2 2 2 2 2 2 2
left_child=1 -1 3 4 -3 7 -7 11 -4 -10 14 -5 -13 17 16 -16 -11 -12
right_child=-2 2 8 5 -6 6 -8 -9 9 10 13 12 -14 -15 15 -17 -18 -19
leaf_value=43.346754787081771 39.658647081177008 33.784148311852817 -17.995422680364978 -37.748082551447986 -32.749803857391463 -16.782849357135134 -78.32357276548106 10.413308106373696 44.794199145751151 -2.2018793597642872 3.5775926216021059 -20.811260863301928 2.0285706449551597 21.647613111075316 -8.6480900457247198 4.9147168032937776 -11.076894244069969 12.350696936816036
leaf_weight=44 49 40 55 44 30 34 32 41 30 81 62 43 31 33 55 99 76 52
leaf_count=44 49 40 55 44 30 34 32 41 30 81 62 43 31 33 55 99 76 52
internal_value=-0.0013934 -2.20898 -4.60582 -16.2253 5.26348 -22.9101 -46.6942 -13.0143 1.70861 3.9326 1.24687 -21.1564 -11.2533 10.7559 -3.24973 0.0683561 -6.50241 7.58672
internal_weight=931 882 838 295 70 225 66 159 543 488 458 118 74 147 311 154 157 114
internal_count=931 882 838 295 70 225 66 159 543 488 458 118 74 147 311 154 157 114
is_linear=0
shrinkage=0.05


Tree=73
num_leaves=19
num_cat=0
split_feature=24 0 24 4 26 0 1 1 0 25 29 24 6 24 24 23 8 20
split_gain=2.94384e+07 3.47857e+07 2.22069e+07 2.00771e+07 2.73406e+07 1.87359e+07 4.18605e+07 1.83192e+07 3.66242e+07 1.48249e+07 8.11571e+06 6.95162e+06 5.70516e+06 1.8255e+06 1.2951e+06 1.28595e+06 1.18511e+06 745980
threshold=15194.444444444447 1.3000000000000003 5357.5833333333348 997.25000000000011 5.4000000000000004 316.75000000000006 1.2500000000000002 0.65000000000000013 776.45000000000016 18.136780000000005 0.6078576107927941 9376.3888888888905 2.7500000000000004 11905.091666666669 7509.2583333333341 -0.68301270189221952 21.250000000000004 3.2241000000000004
decision_type=2 2 2 2 2 2 2 2 2 2 2 2 2 2 2 2 2 2
left_child=1 -1 3 -3 -5 6 -6 -4 -9 10 -7 14 -11 17 15 -10 -16 -13
right_child=-2 2 7 4 5 9 -8 8 11 12 -12 13 -14 -15 16 -17 -18 -19
leaf_value=41.184332175481892 37.679754057532662 -50.353038454720611 -25.167696515565996 21.456320419958086 -77.423411063408253 -8.4410383327309315 -1.7393180024591741 58.188716223707232 2.317699661146202 -4.2067014113027303 -43.433354137585411 0.59231208513020694 25.279830137994203 20.568502602476368 2.712304438677331 -8.5281874138918941 -7.8795098285171639 9.6980683373185244
leaf_weight=44 49 36 57 53 36 37 37 30 35 36 30 31 30 33 117 124 34 82
leaf_count=44 49 36 57 53 36 37 37 30 35 36 30 31 30 33 117 124 34 82
internal_value=-0.00137584 -2.09881 -4.37608 -15.4164 -10.5428 -18.782 -39.1179 1.62362 4.77035 -7.59918 -24.1507 1.24399 9.21416 10.2359 -2.99282 -6.14074 0.323723 7.20281
internal_weight=931 882 838 295 259 206 73 543 486 133 67 456 66 146 310 159 151 113
internal_count=931 882 838 295 259 206 73 543 486 133 67 456 66 146 310 159 151 113
is_linear=0
shrinkage=0.05


Tree=74
num_leaves=16
num_cat=0
split_feature=0 21 1 5 20 2 0 1 3 6 0 0 5 8 21
split_gain=2.54778e+07 6.13484e+07 1.7392e+07 2.49508e+07 3.40113e+07 6.31509e+07 4.40332e+07 5.03262e+06 1.03628e+07 2.6479e+06 3.59952e+06 1.62559e+06 1.05313e+06 1.83175e+06 980951
threshold=2.1500000000000004 0.7308171621862205 0.45000000000000007 10.425000000000002 16.062950000000001 13.450000000000001 1241.5500000000004 1.2500000000000002 63.400000000000006 2.0500000000000003 1830.2500000000002 835.95000000000016 27.150000000000002 21.950000000000003 1.2533220793836299
decision_type=2 2 2 2 2 2 2 2 2 2 2 2 2 2 2
left_child=1 -1 3 -2 5 -5 -6 9 -9 10 -4 -11 13 14 -13
right_child=2 -3 7 4 6 -7 -8 8 -10 11 -12 12 -14 -15 -16
leaf_value=80.693368844005548 -52.881284125603116 -5.995639884663138 21.325550211817504 58.189142812371543 -75.878844030029683 -27.962735081367754 7.6475935479069053 31.585583842520329 -5.8120666229163511 -10.312658039776389 -0.42205426870198448 -1.8393564951357106 7.3719483232894421 -12.635085134422324 4.380064192723097
leaf_weight=32 37 56 31 41 32 44 31 38 36 50 49 304 36 34 80
leaf_count=32 37 56 31 41 32 44 31 38 36 50 49 304 36 34 80
internal_value=-0.00134679 25.5834 -2.67484 -16.2147 -7.01856 13.6124 -34.8315 1.13385 13.4088 -0.423552 8.02118 -1.76532 -0.82191 -1.52921 -0.542828
internal_weight=931 88 843 185 148 85 63 658 74 584 80 504 454 418 384
internal_count=931 88 843 185 148 85 63 658 74 584 80 504 454 418 384
is_linear=0
shrinkage=0.05


Tree=75
num_leaves=21
num_cat=0
split_feature=24 1 0 21 27 21 1 22 0 1 24 6 1 24 8 23 24 0 21 21
split_gain=3.85047e+07 3.18925e+07 4.8537e+07 3.27128e+07 2.03874e+07 3.44081e+07 4.01062e+07 3.39189e+07 1.85657e+07 2.93131e+07 1.8467e+07 1.76645e+07 1.65603e+07 2.86011e+06 2.09639e+06 1.40762e+06 1.86626e+06 1.24425e+06 1.23816e+06 831688
threshold=5567.3611111111122 0.29166666666666669 487.30000000000007 0.68920799923937526 -0.068799878299627984 0.54519255050505067 0.45000000000000007 0.68301270189221941 1221.6500000000003 1.2500000000000002 12726.190476190479 2.8500000000000001 0.22500000000000003 9318.7500000000018 21.250000000000004 -0.5 7260.5833333333339 1438.5500000000002 0.84045454545454557 0.6697025729797782
decision_type=2 2 2 2 2 2 2 2 2 2 2 2 2 2 2 2 2 2 2 2
left_child=4 -2 3 -3 8 6 -6 12 9 -1 13 -5 -7 14 15 -4 -17 -15 -16 -19
right_child=1 2 10 11 5 7 -8 -9 -10 -11 -12 -13 -14 17 18 16 -18 19 -20 -21
leaf_value=-80.84690194849955 -35.488471266177861 80.822168314421987 8.9840347353406127 -6.0400939550726589 65.963495144257919 24.65616567508448 -12.214624730371703 -54.232121624619452 -7.0995174096555118 -16.123654420423371 37.262995194709539 47.302257193124973 -21.142256750923039 -2.5034941547465128 -18.747666060172048 -8.505326370413087 1.3994593547614187 3.5364892372718226 -4.4913895956572993 12.62828353246053
leaf_weight=35 43 34 30 32 30 35 36 48 44 35 35 30 45 36 30 80 117 48 31 53
leaf_count=35 43 34 30 32 30 35 36 48 44 35 35 30 45 36 30 80 117 48 31 53
internal_value=-1.43889 5.94834 9.1588 41.4771 -15.8029 -5.93558 23.3668 -21.0511 -32.5746 -48.5545 2.40655 19.8052 -1.09962 -0.472057 -3.30082 -1.0875 -2.62504 5.47258 -11.522 8.31525
internal_weight=907 599 556 96 308 194 66 128 114 70 460 62 80 425 288 227 197 137 61 101
internal_count=907 599 556 96 308 194 66 128 114 70 460 62 80 425 288 227 197 137 61 101
is_linear=0
shrinkage=0.05


Tree=76
num_leaves=14
num_cat=0
split_feature=1 7 0 8 1 3 4 4 0 4 27 1 28
split_gain=2.80888e+07 2.91683e+07 1.46732e+07 5.46671e+07 3.44868e+07 1.94383e+07 1.99723e+07 1.612e+07 1.06253e+07 6.92101e+06 5.98146e+06 8.5649e+06 1.95756e+06
threshold=0.90000000000000013 22.950000000000003 795.45000000000016 6.9500000000000011 0.22500000000000003 91.550000000000011 997.25000000000011 1011.85 4.9500000000000011 1000.2500000000001 -0.98046008095854964 0.65000000000000013 -0.67758968959607091
decision_type=2 2 2 2 2 2 2 2 2 2 2 2 2
left_child=2 -2 3 -1 -5 6 -4 8 -6 -8 -11 -12 -13
right_child=1 -3 5 4 7 -7 9 -9 -10 10 11 12 -14
leaf_value=27.963198977926186 48.269303558406023 -10.801877395009015 -38.493697896096187 -68.647532956562358 -51.244272242194398 38.733738857487907 20.169833376462503 15.035971220387177 -12.470683868768734 18.275350501598457 -22.892808294976078 -8.6997160271276481 0.59418209194973315
leaf_weight=52 54 34 36 44 30 30 39 30 43 35 49 67 364
leaf_count=52 54 34 36 44 30 30 39 30 43 35 49 67 364
internal_value=-1.36686 25.4599 -4.25211 -16.0614 -31.6432 -0.459713 -2.45883 -15.7843 -28.4534 -0.110686 -1.65012 -3.10653 -0.852248
internal_weight=907 88 819 199 147 620 590 103 73 554 515 480 431
internal_count=907 88 819 199 147 620 590 103 73 554 515 480 431
is_linear=0
shrinkage=0.05


Tree=77
num_leaves=13
num_cat=0
split_feature=24 1 24 0 4 2 1 3 4 9 4 24
split_gain=3.5321e+07 3.02726e+07 1.74589e+08 2.95967e+07 4.18227e+07 3.19092e+07 5.10856e+07 1.6129e+07 1.77409e+07 7.22606e+06 6.00635e+06 5.50411e+06
threshold=15032.408333333335 0.90000000000000013 3390.0000000000005 680.05000000000007 1015.1000000000001 15.597000000000003 0.29166666666666669 90.950000000000017 997.45000000000016 8.6500000000000021 1000.2500000000001 8856.4833333333354
decision_type=2 2 2 2 2 2 2 2 2 2 2 2
left_child=1 3 -3 4 5 6 -1 8 -5 10 -10 -12
right_child=-2 2 -4 7 -6 -7 -8 -9 9 -11 11 -13
leaf_value=-111.41651359887612 41.340857485525007 -27.758307243520871 119.4874841950714 -38.311685032858129 23.83704766662693 -9.8143425729755478 -24.132626158703033 32.556205785757292 20.768478195095359 -23.62144176015827 -5.1611302709728877 6.2311483951786286
leaf_weight=30 46 57 31 35 32 49 38 32 32 35 335 155
leaf_count=30 46 57 31 35 32 49 38 32 32 35 335 155
internal_value=-1.29876 -3.58138 24.1891 -6.74555 -26.7593 -40.6062 -62.7474 -1.9631 -3.8342 -1.66125 -0.184573 -1.5569
internal_weight=907 861 88 773 149 117 68 624 592 557 522 490
internal_count=907 861 88 773 149 117 68 624 592 557 522 490
is_linear=0
shrinkage=0.05


Tree=78
num_leaves=21
num_cat=0
split_feature=1 7 4 4 1 30 20 9 28 8 4 9 2 21 26 11 2 27 8 4
split_gain=2.28926e+07 2.50328e+07 1.17554e+07 3.10284e+07 2.09669e+07 2.96503e+07 2.82519e+07 2.23413e+07 1.14567e+07 7.86879e+06 7.99861e+06 1.51258e+06 1.38355e+06 1.08867e+06 1.20448e+06 1.06478e+06 987452 866860 840812 1.21689e+06
threshold=0.90000000000000013 22.950000000000003 1015.2500000000001 1016.1500000000002 0.45000000000000007 -0.56174490092936669 7.6419750000000013 0.25000000000000006 -0.37370587188196386 1.0000000180025095e-35 1022.85 19.900000000000002 16.700000000000006 0.65803224218557732 9.1500000000000039 1.5000000000000002 22.550000000000004 0.61866567420209762 22.750000000000004 1006.35
decision_type=2 2 2 2 2 2 2 2 2 2 2 2 2 2 2 2 2 2 2 2
left_child=2 -2 4 -4 5 8 -7 -8 -1 -5 15 12 13 18 17 -11 -14 -15 19 -6
right_child=1 -3 3 9 11 6 7 -9 -10 10 -12 -13 16 14 -16 -17 -18 -19 -20 -21
leaf_value=-28.656342223625451 44.115656183211073 -10.606745348508056 50.602153141909135 -18.187616625209312 -9.2341054102417761 -46.330325942944107 -10.621941337655961 41.533841176911785 -68.255996089709512 -10.1989845392898 22.035965856132595 -11.597225735655167 -12.107139430358538 13.513655476991822 -1.6763026834984478 0.59665280561731071 -1.2504678006135572 2.7879801047172434 6.3644683635503156 0.74298640515582592
leaf_weight=43 54 34 33 53 47 31 54 33 32 38 44 31 35 44 41 57 52 33 31 87
leaf_count=43 54 34 33 53 47 31 54 33 32 38 44 31 35 44 41 57 52 33 31 87
internal_value=-1.2338 22.9848 -3.83854 5.89268 -7.52498 -21.0609 -5.42549 9.1862 -45.6207 -1.81407 4.43763 -1.00654 -0.116304 1.57918 5.24419 -3.72773 -5.62704 8.92658 -1.04341 -2.76068
internal_weight=907 88 819 225 594 193 118 87 75 192 139 401 370 283 118 95 87 77 165 134
internal_count=907 88 819 225 594 193 118 87 75 192 139 401 370 283 118 95 87 77 165 134
is_linear=0
shrinkage=0.05


Tree=79
num_leaves=21
num_cat=0
split_feature=24 1 24 1 14 28 26 3 4 24 24 24 28 27 4 20 24 9 26 2
split_gain=3.28052e+07 2.4947e+07 1.56405e+08 1.30225e+07 3.03775e+07 2.7286e+07 1.17632e+07 1.93244e+07 2.52752e+07 8.46854e+06 2.73291e+06 2.68517e+06 2.20163e+06 1.86884e+06 3.30436e+06 1.08311e+06 770911 698994 621737 296479
threshold=15032.408333333335 0.90000000000000013 3390.0000000000005 0.65000000000000013 69.500000000000014 -0.030120304846908235 5.6500000000000012 80.200000000000003 1003.9500000000002 6429.5634920634939 4604.166666666667 11143.519444444446 0.20088311396693923 -0.70252096857941215 1006.9500000000002 2.6612000000000005 8714.8138888888916 1.0000000180025095e-35 7.6500000000000012 1.4000000000000001
decision_type=2 2 2 2 2 2 2 2 2 2 2 2 2 2 2 2 2 2 2 2
left_child=1 3 -3 4 -1 6 -6 8 -8 10 -5 13 17 14 -11 19 -17 -12 -13 -15
right_child=-2 2 -4 9 5 -7 7 -9 -10 11 12 18 -14 15 -16 16 -18 -19 -20 -21
leaf_value=27.357776527740391 39.920652173760146 -27.328873557844016 112.03745556054008 -24.514542528570889 15.146079482271823 -55.203231543150906 24.915586578064836 -53.642769237653241 -30.649040336181578 -17.075959103674535 -0.022972962304538477 6.3657076230476868 -19.259898385108418 -6.6947598107233395 1.7945558744220103 1.4474702808785018 8.1391787390531114 -9.782045993931666 16.571669807307348 -0.051474848319226364
leaf_weight=34 46 57 31 35 30 51 35 31 49 39 47 30 33 30 57 96 78 30 30 38
leaf_count=34 46 57 31 35 30 51 35 31 49 39 47 30 33 30 57 96 78 30 30 38
internal_value=-1.17237 -3.3722 21.8375 -6.24458 -16.2134 -23.7818 -12.6996 -19.9706 -7.49496 -2.01984 -12.3604 1.7496 -8.47443 0.0180196 -5.88133 2.35974 4.45018 -3.83303 11.4879 -2.98794
internal_weight=907 861 88 773 230 196 145 115 84 543 145 398 110 338 96 242 174 77 60 68
internal_count=907 861 88 773 230 196 145 115 84 543 145 398 110 338 96 242 174 77 60 68
is_linear=0
shrinkage=0.05


Tree=80
num_leaves=26
num_cat=0
split_feature=24 1 0 0 1 24 3 26 24 21 6 24 4 4 24 5 21 24 0 0 23 0 9 3 28
split_gain=2.16477e+07 1.85355e+07 2.39501e+07 1.47091e+07 2.76869e+07 4.37962e+07 4.27058e+07 1.8916e+07 1.18334e+07 1.15722e+07 2.44413e+07 7.84111e+06 5.76908e+06 1.22201e+07 4.65585e+06 6.47071e+06 2.4168e+06 1.38322e+06 1.20673e+06 976087 809844 689868 302855 189943 127669
threshold=10078.705555555556 0.36666666666666675 251.45000000000002 756.05000000000007 1.2500000000000002 2151.428571428572 74.700000000000003 8.4500000000000028 12726.190476190479 0.55359574468085126 4.2500000000000009 15494.444444444447 1004.35 1010.35 4563.6583333333338 18.350000000000005 0.78907646474677262 7385.8027777777779 2455.5500000000006 1730.0500000000002 -0.24999999999999994 1438.5500000000002 1.0000000180025095e-35 59.250000000000007 0.22611568550828817
decision_type=2 2 2 2 2 2 2 2 2 2 2 2 2 2 2 2 2 2 2 2 2 2 2 2 2
left_child=3 11 -3 4 6 -6 7 -1 16 10 12 -2 -5 -14 15 -11 21 18 22 -19 -20 -4 -16 -21 -25
right_child=1 2 8 9 5 -7 -8 -9 -10 14 -12 -13 13 -15 17 -17 -18 19 20 23 -22 -23 -24 24 -26
leaf_value=18.850569264622251 -26.770159005970228 60.404742567056616 -7.6146276581723029 -15.213399741838655 -26.119397956685049 52.12120805353981 -72.842122031998471 -34.214308437224361 38.954831123946242 -30.671237227046898 47.909369732783397 8.1853742724267118 32.461619282660088 -6.2241257009659217 -7.4114494084591591 -1.6944895283340493 14.104598751226622 -4.6149100530702629 3.9007395829151905 1.2222289866747513 -6.349652603186871 3.0918415121857907 -14.394828217211751 8.2316939491934331 3.6377936508964464
leaf_weight=33 32 33 30 39 42 31 41 34 32 38 35 32 32 56 33 39 36 45 37 32 40 30 30 31 30
leaf_count=33 32 33 30 39 42 31 41 34 32 38 35 32 32 56 33 39 36 45 37 32 40 30 30 31 30
internal_value=-0.0390137 13.4444 22.4885 -4.38668 -16.6495 7.13185 -32.7157 -8.08866 12.6737 -0.0911173 10.9785 -9.30681 0.770972 7.86424 -5.14429 -16.016 3.88179 -2.12836 -5.62821 1.42367 -1.4254 -2.26507 -10.7545 4.34744 5.98213
internal_weight=923 225 161 698 181 73 108 67 128 517 162 64 127 88 355 77 96 278 140 138 77 60 63 93 61
internal_count=923 225 161 698 181 73 108 67 128 517 162 64 127 88 355 77 96 278 140 138 77 60 63 93 61
is_linear=0
shrinkage=0.05


Tree=81
num_leaves=18
num_cat=0
split_feature=24 8 8 5 4 5 24 24 24 28 24 4 13 14 24 3 27
split_gain=1.95425e+07 1.12323e+07 2.28521e+07 2.13279e+07 9.19738e+06 1.14154e+07 1.27924e+07 1.00056e+07 1.65497e+07 1.2927e+07 7.8422e+06 6.41146e+06 6.74373e+06 6.02124e+06 5.12256e+06 3.45746e+06 3.43092e+06
threshold=10078.705555555556 24.150000000000002 22.550000000000004 27.750000000000004 999.05000000000007 21.750000000000004 5504.6305555555564 1.0000000180025095e-35 4563.6583333333338 0.1500498401600889 16090.277777777779 1011.85 2.5000000000000004 175.50000000000003 11905.091666666669 63.850000000000001 0.91920935518921365
decision_type=2 2 2 2 2 2 2 2 2 2 2 2 2 2 2 2 2
left_child=1 2 4 -3 -1 7 -7 9 15 -6 11 13 -13 -2 -15 -9 -10
right_child=10 3 -4 -5 5 6 -8 8 16 -11 -12 12 -14 14 -16 -17 -18
leaf_value=14.912268478857412 35.90384216308594 -54.626026241327843 35.879435642300592 4.4487142170357172 -5.9215434290328117 -49.937844932118921 -7.2093861229346077 -17.257202865252605 2.0480565801477493 37.798009373214086 34.865787973711569 -12.900935754290765 16.06946183172958 -0.80283601461195886 25.613946569163932 -36.866026518993941 -9.9186860657502649
leaf_weight=55 30 30 37 31 37 30 42 58 229 31 34 51 33 47 30 37 81
leaf_count=55 30 30 37 31 37 30 42 58 229 31 34 51 33 47 30 37 81
internal_value=-0.0368518 -4.16772 -2.2031 -24.6462 -4.55712 -6.52431 -25.0575 -3.69847 -6.67878 14.0356 12.7742 8.8254 -1.51407 16.9362 9.50922 -24.9251 -1.08091
internal_weight=923 698 637 61 600 545 72 473 405 68 225 191 84 107 77 95 310
internal_count=923 698 637 61 600 545 72 473 405 68 225 191 84 107 77 95 310
is_linear=0
shrinkage=0.05


Tree=82
num_leaves=16
num_cat=0
split_feature=1 24 0 24 24 20 24 24 9 8 8 9 5 1 0
split_gain=2.09159e+07 1.01921e+08 2.24646e+07 3.77507e+07 1.62389e+07 1.43299e+07 2.43258e+07 9.89514e+06 8.86017e+06 4.13109e+06 1.26707e+07 8.16671e+06 8.81639e+06 7.55686e+06 3.55562e+06
threshold=1.2500000000000002 2470.0000000000005 756.05000000000007 12168.980555555558 12168.980555555558 15.816700000000003 2653.3333333333335 16583.333333333339 29.050000000000001 22.550000000000004 24.450000000000003 5.6500000000000012 23.500000000000004 0.65000000000000013 3.1500000000000004
decision_type=2 2 2 2 2 2 2 2 2 2 2 2 2 2 2
left_child=2 -2 3 5 8 6 -1 -5 9 11 -11 12 13 -4 -8
right_child=1 -3 4 7 -6 -7 14 -9 -10 10 -12 -13 -14 -15 -16
leaf_value=12.903320797358717 -21.700447999662771 93.356964729879508 18.063710342123226 -2.9214504387331099 37.659184425820108 -58.459637439952182 -53.227594455452859 32.73377714822459 26.580630058107655 35.27762144728753 -6.0922398006098177 -22.331076436133902 -26.088773418316119 -1.2658222173825564 -28.695397702800079
leaf_weight=32 48 32 59 55 31 39 30 30 31 30 48 47 31 350 30
leaf_count=32 48 32 59 55 31 39 30 30 31 30 48 47 31 350 30
internal_value=-0.0349434 24.3815 -2.35467 -16.257 2.43648 -33.0851 -22.2767 9.68637 0.598412 -0.831603 9.84398 -2.54313 -0.424812 1.52627 -41.0297
internal_weight=923 80 843 216 627 131 92 85 596 565 78 487 440 409 60
internal_count=923 80 843 216 627 131 92 85 596 565 78 487 440 409 60
is_linear=0
shrinkage=0.05


Tree=83
num_leaves=16
num_cat=0
split_feature=1 24 0 24 3 26 24 4 1 5 24 24 24 0 21
split_gain=1.88835e+07 9.21514e+07 2.02806e+07 3.40811e+07 3.40569e+07 1.6325e+07 1.46605e+07 9.56644e+06 2.77616e+07 4.49942e+07 8.93338e+06 4.89398e+06 2.81945e+06 1.97493e+06 1.08906e+06
threshold=1.2500000000000002 2510.0000000000005 756.05000000000007 12168.980555555558 74.700000000000003 8.3500000000000032 12168.980555555558 997.25000000000011 0.65000000000000013 18.000000000000004 16583.333333333339 4563.6583333333338 9403.769444444446 1696.45 0.71518782570317951
decision_type=2 2 2 2 2 2 2 2 2 2 2 2 2 2 2
left_child=2 -2 3 4 5 -1 7 -4 9 -9 -5 -10 13 -13 -14
right_child=1 -3 6 10 -6 -7 -8 8 11 -11 -12 12 14 -15 -16
leaf_value=14.684262412274643 -19.522142034829756 90.489200902368481 -22.120250005345888 -2.7756428505677713 -61.367101602156232 -31.670858290902995 35.78227983701651 -9.0791507247590655 -21.281511267249087 63.662844881408617 31.102525204756731 -11.478184832006262 1.0973554505242242 -1.5453873816223764 10.807173318563239
leaf_weight=36 49 31 43 55 55 40 31 41 32 44 30 62 62 258 54
leaf_count=36 49 31 43 55 55 40 31 41 32 44 30 62 62 258 54
internal_value=-0.0330026 23.1669 -2.23715 -15.4465 -31.4358 -9.72266 2.31515 0.568693 2.33662 28.606 9.2038 -2.43961 -1.05215 -3.47287 5.6229
internal_weight=923 80 843 216 131 76 627 596 553 85 85 468 436 320 116
internal_count=923 80 843 216 131 76 627 596 553 85 85 468 436 320 116
is_linear=0
shrinkage=0.05


Tree=84
num_leaves=17
num_cat=0
split_feature=1 23 3 1 7 23 5 7 5 4 6 26 6 2 26 28
split_gain=1.70487e+07 1.7743e+07 8.10932e+06 6.76764e+06 2.44741e+07 2.00345e+07 1.83997e+07 1.32945e+07 2.14397e+07 1.79124e+06 1.50705e+06 1.79911e+06 1.11899e+06 968726 2.21774e+06 889924
threshold=1.2500000000000002 0.6830127018922193 35.150000000000006 0.65000000000000013 12.450000000000001 0.25000000000000017 23.675000000000001 25.350000000000005 18.350000000000005 1025.5500000000002 1.9500000000000002 4.9000000000000004 4.1500000000000012 16.350000000000005 6.950000000000002 0.090251610031040944
decision_type=2 2 2 2 2 2 2 2 2 2 2 2 2 2 2 2
left_child=2 -2 -1 4 -4 6 7 8 -6 10 -5 12 -12 15 -15 -13
right_child=1 -3 3 9 5 -7 -8 -9 -10 -11 11 13 -14 14 -16 -17
leaf_value=21.402684432353048 46.11050186791384 -0.96527225420132745 -45.63810717423361 7.9260475401665751 -24.509450370240302 28.813942593410431 16.020030425599 -48.730383544110779 24.827522959661643 11.96311828844571 -2.6081752982213597 4.7554220062069579 -14.101559980135605 4.5047580077310725 -10.412309953424128 -0.99322150847976975
leaf_weight=35 39 41 40 47 82 40 50 30 30 30 45 122 40 43 59 150
leaf_count=35 39 41 40 47 82 40 50 30 30 30 45 122 40 43 59 150
internal_value=-0.030991 22.013 -2.12532 -3.14701 -9.56906 -3.33326 -10.0421 -19.2238 -11.2838 0.113118 -0.591666 -1.4654 -8.0271 0.0276317 -4.12544 1.586
internal_weight=923 80 843 808 272 232 192 142 112 536 506 459 85 374 102 272
internal_count=923 80 843 808 272 232 192 142 112 536 506 459 85 374 102 272
is_linear=0
shrinkage=0.05


Tree=85
num_leaves=20
num_cat=0
split_feature=24 6 24 3 5 4 24 24 26 24 24 22 14 3 11 4 11 24 11
split_gain=2.01168e+07 2.91346e+07 3.17556e+07 1.77146e+07 2.22511e+07 1.71625e+07 2.99107e+07 1.43364e+07 9.32745e+06 5.01991e+06 3.78464e+06 4.38798e+06 4.65712e+06 3.74056e+06 2.06692e+06 1.76351e+06 1.75432e+06 1.63651e+06 1.03542e+06
threshold=6950.6166666666677 2.1500000000000008 1910.0000000000002 83.500000000000014 14.250000000000002 1015.1000000000001 1490.0000000000002 1.0000000180025095e-35 10.950000000000005 5027.7777777777783 14708.333333333334 0.93301270189221952 166.00000000000003 63.95000000000001 3.5000000000000004 1005.0500000000001 2.5000000000000004 9729.1666666666697 4.5000000000000009
decision_type=2 2 2 2 2 2 2 2 2 2 2 2 2 2 2 2 2 2 2
left_child=1 2 -1 4 5 6 -3 -6 10 16 11 12 13 -2 15 -14 -9 -17 -16
right_child=8 3 -4 -5 7 -7 -8 9 -10 -11 -12 -13 14 -15 18 17 -18 -19 -20
leaf_value=59.112181790880982 0.88259950680921306 -78.708342338144973 -6.6526224652673029 -40.140316128033163 22.33461789897844 -3.2804146549658864 -14.899603540141408 -24.649190021525175 27.819717299532726 3.1017838585619124 16.083777750618136 17.198632689853888 -6.1706038896202431 -17.805173151065596 15.282207620523536 -0.65922245996010909 -8.347428338511838 12.523067501001524 3.817938051475458
leaf_weight=30 53 31 47 58 56 50 45 37 44 54 54 42 59 54 47 57 30 40 34
leaf_count=30 53 31 47 58 56 50 45 37 44 54 54 42 59 54 47 57 30 40 34
internal_value=-1.12877 -8.89145 19.0134 -14.8471 -9.99381 -26.0441 -40.9961 1.44004 5.89651 -8.24059 3.69835 1.96195 0.0971826 -8.55639 4.00605 0.639595 -17.3733 4.78402 10.4807
internal_weight=922 438 77 361 303 126 76 177 484 121 440 386 344 107 237 156 67 97 81
internal_count=922 438 77 361 303 126 76 177 484 121 440 386 344 107 237 156 67 97 81
is_linear=0
shrinkage=0.05


Tree=86
num_leaves=22
num_cat=0
split_feature=24 6 0 25 4 24 26 0 1 1 0 1 24 6 24 0 24 2 23 6 26
split_gain=1.816e+07 2.63028e+07 4.29776e+07 1.32966e+07 1.81045e+07 2.87192e+07 1.75231e+07 2.01044e+07 1.96205e+07 1.21409e+07 1.56242e+07 2.47842e+07 9.47909e+06 7.05857e+06 5.26828e+06 2.35778e+06 1.44435e+06 1.08795e+06 399003 292405 201369
threshold=6950.6166666666677 2.1500000000000008 2042.8000000000004 14.338790000000001 1015.1000000000001 1434.2857142857144 6.9000000000000012 1191.4500000000003 0.22500000000000003 0.29166666666666669 411.45000000000005 0.45000000000000007 12726.190476190479 3.8500000000000001 4815.7416666666677 1003.85 8627.7777777777792 2.6000000000000005 0.25000000000000017 2.4500000000000006 7.4500000000000011
decision_type=2 2 2 2 2 2 2 2 2 2 2 2 2 2 2 2 2 2 2 2 2
left_child=1 2 -1 4 5 -3 7 -5 -8 -2 11 -11 15 -9 -10 -12 18 -18 -17 -19 -20
right_child=9 3 -4 6 -6 -7 8 13 14 10 12 -13 -14 -15 -16 16 17 19 20 -21 -22
leaf_value=51.231210631616165 -21.113150177587329 -80.009968092908892 -23.905032998865302 -51.05911990882894 -3.3716691106843855 -18.803693380194197 35.603044844527382 -19.099254276804682 -19.794460123791552 -0.11797993132167645 -11.840878464160008 53.852393018010048 28.890114560084044 12.772238732810036 6.054035554870441 1.5275817060224366 -0.10252830727505391 12.067197381678938 -0.78416393508150728 6.4930880429705047 -6.0504810617699283
leaf_weight=43 39 30 34 37 52 53 39 41 42 42 33 43 33 30 37 58 57 37 30 66 46
leaf_count=43 39 30 34 37 52 53 39 41 42 42 33 43 33 30 37 58 57 37 30 66 46
internal_value=-1.07246 -8.44793 18.0661 -14.1067 -26.517 -40.9962 -6.68503 -21.2288 6.63283 5.6024 7.94799 27.2158 3.39233 -5.63333 -7.69579 0.8111 2.23478 5.44055 -1.59417 8.50525 -3.9755
internal_weight=922 438 77 361 135 83 226 108 118 484 445 85 360 71 79 327 294 160 134 103 76
internal_count=922 438 77 361 135 83 226 108 118 484 445 85 360 71 79 327 294 160 134 103 76
is_linear=0
shrinkage=0.05


Tree=87
num_leaves=22
num_cat=0
split_feature=24 6 0 3 25 4 24 1 1 0 21 24 24 0 11 21 24 23 23 6 6
split_gain=1.63941e+07 2.3744e+07 3.87976e+07 1.59655e+07 1.84426e+07 1.38645e+07 2.45236e+07 1.16985e+07 1.096e+07 1.41042e+07 2.29333e+07 8.55767e+06 4.09349e+06 2.12854e+06 1.61298e+06 1.36894e+06 1.22711e+06 588541 318418 277979 214077
threshold=6950.6166666666677 2.1500000000000008 2042.8000000000004 83.500000000000014 14.373375000000001 1015.1000000000001 1490.0000000000002 0.22500000000000003 0.29166666666666669 411.45000000000005 0.69629880006760192 12726.190476190479 5027.7777777777783 1003.85 2.5000000000000004 0.64182307975686148 8627.7777777777792 0.25000000000000017 1.0000000180025095e-35 2.6500000000000008 3.0500000000000003
decision_type=2 2 2 2 2 2 2 2 2 2 2 2 2 2 2 2 2 2 2 2 2
left_child=1 2 -1 4 5 6 -3 -6 -2 10 -10 13 14 -11 -9 17 18 -15 -17 -18 -19
right_child=8 3 -4 -5 7 -7 -8 12 9 11 -12 -13 -14 15 -16 16 19 20 -20 -21 -22
leaf_value=48.675593545873873 -20.060192715969233 -70.994749888576493 -22.713286223859029 -37.415052192674857 20.487636999990428 -2.9484747102398599 -13.218175368298446 -22.353948385439153 60.945769944301873 -11.250623147869398 6.6435323656362542 27.449972925445469 3.1101061468424067 2.6212938714197302 -6.7305828430327868 4.9214307938358033 12.408566220301502 -1.7771178288942377 -1.3110988059972171 6.6642788014726015 -7.1917195774342888
leaf_weight=43 39 31 34 58 56 50 45 37 30 33 55 33 54 42 30 31 37 33 60 50 41
leaf_count=43 39 31 34 58 56 50 45 37 30 33 55 33 54 42 30 31 37 33 60 50 41
internal_value=-1.01909 -8.02679 17.1646 -13.4033 -8.79615 -23.4084 -36.8473 1.61313 5.32293 7.55153 25.8582 3.22313 -7.13184 0.770563 -15.3789 2.12326 4.87649 -2.10203 0.815087 9.11875 -4.78282
internal_weight=922 438 77 361 303 126 76 177 484 445 85 360 121 327 67 294 178 116 91 87 74
internal_count=922 438 77 361 303 126 76 177 484 445 85 360 121 327 67 294 178 116 91 87 74
is_linear=0
shrinkage=0.05


Tree=88
num_leaves=22
num_cat=0
split_feature=24 6 0 3 5 1 24 1 0 1 24 1 27 24 0 24 21 23 21 7 24
split_gain=1.48475e+07 2.36904e+07 3.36232e+07 1.45701e+07 1.77714e+07 1.16997e+07 1.04165e+07 9.67019e+06 1.31116e+07 2.22841e+07 7.82918e+06 4.94844e+06 3.80607e+06 3.4148e+06 1.6263e+06 1.35527e+06 1.15576e+06 721563 718303 654815 280117
threshold=6756.2500000000009 2.1500000000000008 2042.8000000000004 83.500000000000014 16.950000000000003 0.22500000000000003 1306.6666666666667 0.29166666666666669 411.45000000000005 0.45000000000000007 12726.190476190479 1.2500000000000002 0.79871280153886104 5027.7777777777783 1003.85 8627.7777777777792 0.78907646474677262 -0.24999999999999994 0.66842193587054255 15.050000000000002 9905.091666666669
decision_type=2 2 2 2 2 2 2 2 2 2 2 2 2 2 2 2 2 2 2 2 2
left_child=1 2 -1 4 6 -6 -3 -2 9 -9 14 12 -8 -7 -10 17 19 -16 -19 -17 -18
right_child=7 3 -4 -5 5 13 11 8 10 -11 -12 -13 -14 -15 15 16 20 18 -20 -21 -22
leaf_value=46.247460339185537 -19.059748137881382 -42.427314700755474 -22.634503456484836 -36.462599596626497 22.607524949071962 -15.106232447809299 -32.703806690435037 -1.3463704324391563 -9.7401908990181436 49.826684795122965 26.081620918515952 2.6331783338150068 -9.3302220658311299 4.5948737874506618 4.1371745711252874 -3.6477824867514901 6.9798625844406166 -9.6067836510829423 -0.97486426171625651 5.089429991777962 13.277431130646868
leaf_weight=43 39 41 30 57 52 54 33 42 34 43 33 35 37 37 40 40 44 35 77 46 30
leaf_count=43 39 41 30 57 52 54 33 42 34 43 33 35 37 37 40 40 44 35 77 46 30
internal_value=-0.968268 -7.91926 17.9475 -13.3803 -8.81671 3.71121 -21.0814 4.82234 6.83335 24.5692 2.8502 -12.7138 -20.3802 -7.09959 0.627577 1.76017 4.97073 -1.62038 -3.67855 1.02604 9.54747
internal_weight=922 419 73 346 289 143 146 503 464 85 379 105 70 91 346 312 160 152 112 86 74
internal_count=922 419 73 346 289 143 146 503 464 85 379 105 70 91 346 312 160 152 112 86 74
is_linear=0
shrinkage=0.05


Tree=89
num_leaves=17
num_cat=0
split_feature=1 6 0 0 4 3 4 0 6 10 0 4 5 6 4 29
split_gain=1.3935e+07 1.36664e+07 2.66032e+07 2.1215e+07 1.19536e+07 1.87012e+07 2.74618e+07 1.10379e+07 7.11962e+06 5.34583e+06 4.86574e+06 8.89149e+06 6.61335e+06 1.51827e+07 4.16362e+06 3.25591e+06
threshold=1.2500000000000002 2.0500000000000003 1087.8500000000001 680.05000000000007 1013.6500000000002 84.450000000000017 1004.5500000000001 251.45000000000002 2.2500000000000004 5.5000000000000009 1286.2500000000002 997.25000000000011 18.550000000000004 3.6500000000000008 1002.2500000000001 0.87837969732492682
decision_type=2 2 2 2 2 2 2 2 2 2 2 2 2 2 2 2
left_child=1 2 -1 4 5 6 -3 -2 -5 -4 14 -12 15 -14 -10 -13
right_child=7 3 9 8 -6 -7 -8 -9 10 -11 11 12 13 -15 -16 -17
leaf_value=52.596122844847834 31.325698014801624 12.268251216494567 -18.391977935772005 17.467890353402691 0.25213791983468192 -62.871716734420424 -40.614234786025285 -6.2288510750298487 23.94410841552126 7.8104498048010402 -28.81839063426267 -3.9571898852293623 -2.822165119738584 37.586117831687069 -0.80686269379637732 -18.126826826112715
leaf_weight=31 56 43 30 50 51 30 57 30 30 55 34 213 92 31 39 50
leaf_count=31 56 43 30 50 51 30 57 30 30 55 34 213 92 31 39 50
internal_value=-0.919972 -2.89223 13.0275 -5.45854 -20.2643 -28.3071 -17.8852 18.2332 -0.483817 -1.44815 -2.32258 -4.34454 -2.18189 7.38426 9.97343 -6.65692
internal_weight=922 836 116 720 181 130 100 86 539 85 489 420 386 123 69 263
internal_count=922 836 116 720 181 130 100 86 539 85 489 420 386 123 69 263
is_linear=0
shrinkage=0.05


Tree=90
num_leaves=15
num_cat=0
split_feature=1 24 1 28 0 0 24 24 8 24 0 24 23 21
split_gain=2.1995e+07 6.46712e+07 1.3793e+07 4.22748e+07 7.5471e+07 1.98377e+07 3.0106e+07 2.03272e+07 4.60973e+06 4.16648e+06 2.37896e+06 1.73987e+06 2.30106e+06 1.15163e+06
threshold=1.2500000000000002 2370.4750000000008 1.0000000180025095e-35 -0.70250145193066593 2042.8000000000004 5.9500000000000011 11986.111111111113 13296.297222222223 8.1500000000000004 4563.6583333333338 835.95000000000016 7421.2972222222224 -0.24999999999999994 0.66359704641350226
decision_type=2 2 2 2 2 2 2 2 2 2 2 2 2 2
left_child=2 -2 3 -1 -5 6 -4 9 -8 -7 -11 12 -12 -13
right_child=1 -3 5 4 -6 7 8 -9 -10 10 11 13 -14 -15
leaf_value=-22.757812312040908 -17.463197130270082 79.485186021127447 -52.062399666743275 93.604324764931675 -7.8773958786270617 -15.989278303430215 12.87908161674333 39.231774318099419 -14.131486332148217 -12.017039086716723 1.0978932755000446 -1.769111955874342 -9.7725678101774207 4.7222352782442654
leaf_weight=48 37 32 51 33 41 55 32 30 31 49 102 116 93 166
leaf_count=48 37 32 51 33 41 55 32 30 31 49 102 116 93 166
internal_value=0.423612 27.5483 -1.78906 13.7582 37.4431 -4.40683 -23.5448 -0.832812 -0.413086 -2.90795 -1.53735 -0.458513 -4.08881 2.05234
internal_weight=916 69 847 122 74 725 114 611 63 581 526 477 195 282
internal_count=916 69 847 122 74 725 114 611 63 581 526 477 195 282
is_linear=0
shrinkage=0.05


Tree=91
num_leaves=15
num_cat=0
split_feature=1 24 1 28 27 0 24 24 24 4 0 23 24 24
split_gain=1.98567e+07 5.83845e+07 1.24524e+07 3.81639e+07 7.23657e+07 1.79075e+07 2.71762e+07 1.83515e+07 3.76095e+06 3.22521e+06 2.14746e+06 1.58942e+06 2.49037e+06 1.02e+06
threshold=1.2500000000000002 2370.4750000000008 1.0000000180025095e-35 -0.70250145193066593 0.53436760985011655 5.9500000000000011 11986.111111111113 13296.297222222223 4563.6583333333338 1013.4500000000002 835.95000000000016 -0.24999999999999994 7260.5833333333339 9598.6111111111131
decision_type=2 2 2 2 2 2 2 2 2 2 2 2 2 2
left_child=2 -2 3 -1 -5 6 -4 8 -7 -8 -10 13 -13 -12
right_child=1 -3 5 4 -6 7 9 -9 10 -11 11 12 -14 -15
leaf_value=-21.622287365998648 -16.592390689438567 75.523308201593778 -49.464373945396709 89.093839346698303 -10.021352875440792 -15.191265357297908 -12.236621366228377 37.276702586836201 -11.417410803933736 10.379120095474843 1.4949320188807587 -10.142448126843476 0.1204033667316463 11.224037454423588
leaf_weight=48 37 32 51 34 40 55 30 30 49 33 145 81 218 33
leaf_count=48 37 32 51 34 40 55 30 30 49 33 145 81 218 33
internal_value=0.402851 26.1753 -1.69951 13.0729 35.5768 -4.18682 -22.3699 -0.791126 -2.76285 -0.392527 -1.46065 -0.435647 -2.66228 3.30396
internal_weight=916 69 847 122 74 725 114 611 581 63 526 477 299 178
internal_count=916 69 847 122 74 725 114 611 581 63 526 477 299 178
is_linear=0
shrinkage=0.05


Tree=92
num_leaves=15
num_cat=0
split_feature=1 24 1 20 27 0 24 24 24 9 0 24 23 21
split_gain=1.79263e+07 5.27089e+07 1.12418e+07 2.95538e+07 1.10371e+08 1.61653e+07 2.45314e+07 1.65678e+07 3.39493e+06 2.48381e+06 1.93853e+06 1.43878e+06 1.67097e+06 986580
threshold=1.2500000000000002 2370.4750000000008 1.0000000180025095e-35 16.182400000000005 0.51225279916095534 5.9500000000000011 11986.111111111113 13296.297222222223 4563.6583333333338 0.15000000000000005 835.95000000000016 7509.2583333333341 -0.24999999999999994 0.66359704641350226
decision_type=2 2 2 2 2 2 2 2 2 2 2 2 2 2
left_child=2 -2 3 4 -1 6 -4 8 -7 -8 -10 12 -12 -13
right_child=1 -3 5 -5 -6 7 9 -9 10 -11 11 13 -14 -15
leaf_value=102.04907039749288 -15.765007399355946 71.7589068403868 -46.995995065610707 -20.314484624797799 -18.724904230411557 -14.433080560196117 9.0798354341904552 35.419059560782095 -10.847703000824223 -10.766996507866438 0.84178568454302138 -1.6187907585441597 -8.2520114667721156 4.458377069127553
leaf_weight=32 37 32 51 44 46 55 33 30 49 30 103 114 99 161
leaf_count=32 37 32 51 44 46 55 33 30 49 30 103 114 99 161
internal_value=0.383136 24.8708 -1.61442 12.4216 30.8906 -3.97774 -21.2536 -0.75146 -2.62491 -0.373043 -1.3877 -0.413835 -3.61693 1.93942
internal_weight=916 69 847 122 78 725 114 611 581 63 526 477 202 275
internal_count=916 69 847 122 78 725 114 611 581 63 526 477 202 275
is_linear=0
shrinkage=0.05


Tree=93
num_leaves=16
num_cat=0
split_feature=1 24 1 28 0 0 24 24 8 24 0 24 28 24 5
split_gain=1.61835e+07 4.7585e+07 1.01495e+07 3.37256e+07 6.5689e+07 1.45924e+07 2.21441e+07 1.49575e+07 3.96509e+06 3.0645e+06 1.80691e+06 1.70123e+06 1.41804e+06 1.87923e+06 1.38052e+06
threshold=1.2500000000000002 2370.4750000000008 1.0000000180025095e-35 -0.70250145193066593 2042.8000000000004 5.9500000000000011 11986.111111111113 13296.297222222223 8.1500000000000004 4563.6583333333338 1191.4500000000003 8672.2222222222244 -0.39748391402478145 7260.5833333333339 22.050000000000004
decision_type=2 2 2 2 2 2 2 2 2 2 2 2 2 2 2
left_child=2 -2 3 -1 -5 6 -4 9 -8 -7 11 -11 14 -14 -12
right_child=1 -3 5 4 -6 7 8 -9 -10 10 12 -13 13 -15 -16
leaf_value=-20.811691996362256 -14.978881602531494 68.182138381197447 -44.650793820584596 85.354073110159788 -9.3189417781040902 -13.712736363765766 11.973204167683919 33.653990213894765 -13.077657482478395 1.1142057160350765 11.304673563528992 -13.477054734822723 -7.2660649342541426 0.93091586167378759 0.53581684843396749
leaf_weight=48 37 32 51 33 41 55 32 30 31 32 46 53 106 205 84
leaf_count=48 37 32 51 33 41 55 32 30 31 32 46 53 106 205 84
internal_value=0.364392 23.6313 -1.53359 11.8031 32.9582 -3.77915 -20.1931 -0.713841 -0.354521 -2.49392 -1.31846 -7.98896 -0.031231 -1.86433 4.35213
internal_weight=916 69 847 122 74 725 114 611 63 581 526 85 441 311 130
internal_count=916 69 847 122 74 725 114 611 63 581 526 85 441 311 130
is_linear=0
shrinkage=0.05


Tree=94
num_leaves=19
num_cat=0
split_feature=9 24 4 21 14 7 27 11 24 24 21 14 0 8 0 21 24 10
split_gain=7.29673e+06 6.75344e+06 1.41414e+07 5.81315e+07 2.07804e+07 1.35293e+07 1.3457e+07 1.33775e+07 1.00201e+07 2.86492e+06 1.07571e+07 3.90301e+06 5.3115e+06 7.63848e+06 1.89024e+06 897015 552270 366448
threshold=28.500000000000004 6756.2500000000009 1015.2500000000001 0.92875467307073378 94.500000000000014 29.050000000000004 -0.7721494341254892 3.5000000000000004 3336.8055555555561 13966.66666666667 0.93299242424242423 21.000000000000004 411.45000000000005 10.250000000000002 1191.4500000000003 0.64850320604842582 8672.2222222222244 8.5000000000000018
decision_type=2 2 2 2 2 2 2 2 2 2 2 2 2 2 2 2 2 2
left_child=1 2 4 -4 -1 6 -6 8 -8 11 -11 -3 13 -13 -14 17 -17 -16
right_child=-2 9 3 -5 5 -7 7 -9 -10 10 -12 12 14 -15 15 16 -18 -19
leaf_value=-42.484920336198918 20.936109285749083 -15.278526449356816 67.819036975493063 -21.521352225845508 25.580674552453406 -31.491411144600011 -28.081690675206762 15.228971724142013 -0.74531750273953268 32.590117102704092 -7.4361377301172897 34.63094047597081 -8.236539057852438 0.49911339778318953 1.2756958429127525 1.9379157358649697 7.6695329689285137 -4.8389604171623342
leaf_weight=43 41 31 30 46 41 41 67 53 67 34 33 30 52 36 51 101 72 47
leaf_count=43 41 31 30 46 41 41 67 53 67 34 33 30 52 36 51 101 72 47
internal_value=0.346586 -0.620457 -5.54097 13.7873 -10.2521 -5.08571 -0.325573 -6.01622 -14.4243 3.30011 12.8939 1.76696 3.12893 16.0426 0.48606 2.16221 4.32641 -1.65874
internal_weight=916 875 388 76 312 269 228 187 134 487 67 420 389 66 323 271 173 98
internal_count=916 875 388 76 312 269 228 187 134 487 67 420 389 66 323 271 173 98
is_linear=0
shrinkage=0.05


Tree=95
num_leaves=20
num_cat=0
split_feature=1 4 21 24 1 0 24 0 0 24 24 2 15 21 24 7 24 0 10
split_gain=1.79089e+07 3.68701e+07 4.43877e+07 2.09592e+07 1.15404e+07 5.45167e+07 1.98286e+07 1.01738e+07 8.29869e+06 2.54045e+06 2.2099e+06 1.85683e+06 1.261e+06 1.72604e+06 1.3989e+06 1.17815e+06 829514 653362 532657
threshold=1.0000000180025095e-35 1001.85 0.52665022578066079 4563.6583333333338 0.65000000000000013 715.55000000000007 16583.333333333339 2.8500000000000005 17.500000000000004 10968.055555555557 1702.5000000000002 15.597000000000003 1.0000000180025095e-35 0.64850320604842582 7706.0194444444451 19.700000000000006 6429.5634920634939 2176.2500000000005 3.5000000000000004
decision_type=2 2 2 2 2 2 2 2 2 2 2 2 2 2 2 2 2 2 2
left_child=1 -1 -3 8 6 -6 7 -5 -2 12 -10 -12 13 14 -7 -11 -15 -14 -19
right_child=3 2 -4 4 5 9 -8 -9 10 15 11 -13 17 16 -16 -17 -18 18 -20
leaf_value=-15.81994967128373 -44.014796763005052 78.289347633711415 5.1191785678742043 -40.741571822240452 67.329116518846561 -17.089001867778816 23.154264491895503 -8.683384243589563 -25.495103374113672 2.1418511240189257 0.16860985502452153 -16.109442522180334 -2.818555191628803 -6.1724348056093321 -4.3627758758145214 15.735333757875949 1.2595622519036611 1.1289952485989303 9.393721281427915
leaf_weight=53 30 37 47 45 32 31 30 55 30 30 30 42 31 48 71 34 171 35 44
leaf_count=53 30 37 47 45 32 31 30 55 30 30 30 42 31 48 71 34 171 35 44
internal_value=0.136882 16.817 37.4037 -2.76117 0.892623 4.18422 -12.4439 -23.1359 -20.934 0.0893436 -14.1091 -9.33602 -1.2916 -2.87465 -8.24355 9.37675 -0.37142 3.32637 5.73825
internal_weight=926 137 84 789 657 527 130 100 132 495 102 72 431 321 102 64 219 110 79
internal_count=926 137 84 789 657 527 130 100 132 495 102 72 431 321 102 64 219 110 79
is_linear=0
shrinkage=0.05


Tree=96
num_leaves=21
num_cat=0
split_feature=1 6 0 21 24 1 0 24 0 0 24 3 3 27 14 21 27 20 24 24
split_gain=1.61675e+07 3.72092e+07 2.23099e+07 3.79641e+07 1.89265e+07 1.05077e+07 5.21704e+07 1.79005e+07 9.18408e+06 7.60329e+06 2.29178e+06 2.27295e+06 1.35889e+06 1.3078e+06 1.72014e+06 1.64567e+06 2.24759e+06 1.23574e+06 651325 556601
threshold=1.0000000180025095e-35 2.4500000000000006 1696.45 0.66359704641350226 4604.166666666667 0.65000000000000013 715.55000000000007 16583.333333333339 2.8500000000000005 21.500000000000004 10968.055555555557 75.550000000000011 61.050000000000004 0.30901413279605805 115.00000000000001 0.80897891810494627 -0.78026694822287734 8.5826000000000011 6429.5634920634939 7260.5833333333339
decision_type=2 2 2 2 2 2 2 2 2 2 2 2 2 2 2 2 2 2 2 2
left_child=1 -1 -3 -4 9 7 -7 8 -6 -2 13 12 -11 15 19 16 -8 -12 -17 -15
right_child=4 2 3 -5 5 6 10 -9 -10 11 17 -13 -14 14 -16 18 -18 -19 -20 -21
leaf_value=55.788544673873275 -40.492177404161673 -32.831458130317536 55.907395473860475 -22.876202869098449 -38.709010031588065 66.861484886595676 -19.872998339630836 22.000397904608334 -8.250002921947333 -11.677401502709138 1.5023136446246277 -1.5843132000644107 -25.669327330205984 -4.0776258609201239 11.487490869757384 -6.1145788378864943 -3.6607757230197531 15.421176578152563 1.673977586608723 2.311649804232804
leaf_weight=41 33 35 31 30 45 31 30 30 55 40 30 31 31 61 38 35 74 34 114 77
leaf_count=41 33 35 31 30 45 31 30 30 55 40 30 31 31 61 38 35 74 34 114 77
internal_value=0.130158 15.9786 -1.06387 17.1873 -2.6234 0.895936 4.053 -11.8227 -21.9816 -19.6607 0.0908108 -12.888 -17.8141 -1.22653 2.08267 -3.52851 -8.35202 8.90931 -0.15839 -0.513467
internal_weight=926 137 96 61 789 654 524 130 100 135 493 102 71 429 176 253 104 64 149 138
internal_count=926 137 96 61 789 654 524 130 100 135 493 102 71 429 176 253 104 64 149 138
is_linear=0
shrinkage=0.05


Tree=97
num_leaves=19
num_cat=0
split_feature=24 6 0 21 24 24 0 0 24 3 0 10 8 28 24 2 5 6
split_gain=1.4595e+07 3.35898e+07 2.01409e+07 3.42743e+07 1.71587e+07 5.31962e+06 4.10258e+06 3.99134e+06 2.43519e+06 2.73611e+06 1.61588e+06 1.54511e+06 1.32189e+06 1.60591e+06 2.6368e+06 2.51393e+06 1.50275e+06 1.32164e+06
threshold=1.0000000180025095e-35 2.4500000000000006 1696.45 0.66359704641350226 3538.1944444444448 16583.333333333339 2.8500000000000005 23.850000000000005 10548.519444444446 80.550000000000011 795.45000000000016 10.500000000000002 21.450000000000003 -0.43663505800854857 5357.5833333333348 19.550000000000004 27.450000000000003 2.6500000000000008
decision_type=2 2 2 2 2 2 2 2 2 2 2 2 2 2 2 2 2 2
left_child=1 -1 -3 -4 7 6 -6 -2 12 10 -10 -9 13 15 -15 -8 -14 -12
right_child=4 2 3 -5 5 -7 8 11 9 -11 17 -13 16 14 -16 -17 -18 -19
leaf_value=53.005905205199895 -36.925482883643468 -31.19456219795423 53.121014607910951 -21.736191870603847 -13.650630496829045 20.904031199711895 11.447005031186967 -21.379567390269738 20.457922360271315 -6.4299647323316904 14.27435786209233 -6.4998111160886642 -12.784910305746207 -15.668773542448532 -0.066871263529803299 -6.0746884566208852 0.95405484522849404 0.16451768592361493
leaf_weight=41 30 35 31 30 55 30 64 42 30 30 30 30 46 30 270 30 35 37
leaf_count=41 30 35 31 30 55 30 64 42 30 30 30 30 46 30 270 30 35 37
internal_value=0.123742 15.1817 -1.01067 16.3306 -2.49247 0.349841 -0.591737 -21.6179 0.603412 6.75066 10.8296 -15.1974 -1.04123 0.155285 -1.63178 5.85441 -6.8544 6.49429
internal_weight=926 137 96 61 789 687 657 102 602 127 97 72 475 394 300 94 81 67
internal_count=926 137 96 61 789 687 657 102 602 127 97 72 475 394 300 94 81 67
is_linear=0
shrinkage=0.05


Tree=98
num_leaves=20
num_cat=0
split_feature=1 4 21 24 1 0 24 0 0 3 24 3 14 21 14 3 4 3 24
split_gain=1.31755e+07 3.21551e+07 3.57704e+07 1.55949e+07 9.66848e+06 4.70992e+07 1.52661e+07 7.72508e+06 6.41265e+06 2.18567e+06 1.97993e+06 1.93526e+06 987892 2.12958e+06 1.86663e+06 798696 657796 507155 434099
threshold=1.0000000180025095e-35 1001.85 0.52665022578066079 4604.166666666667 0.65000000000000013 715.55000000000007 16583.333333333339 2.8500000000000005 17.500000000000004 75.550000000000011 9376.3888888888905 61.850000000000001 173.50000000000003 0.80442529068085855 125.00000000000001 60.350000000000001 1004.9500000000002 50.400000000000006 6429.5634920634939
decision_type=2 2 2 2 2 2 2 2 2 2 2 2 2 2 2 2 2 2 2
left_child=1 -1 -3 8 6 -6 7 -5 -2 11 12 -10 14 -14 17 -12 -17 -7 -15
right_child=3 2 -4 4 5 10 -8 -9 9 -11 15 -13 13 18 -16 16 -18 -19 -20
leaf_value=-16.052554321289062 -38.188291730912418 70.353428131679323 4.6684971608933372 -36.096832768510033 63.53263056684537 -7.7706185027214376 19.862302200976401 -8.1600195356808651 -9.9207810253665514 -1.085261850565022 -0.14012740026948037 -26.491288309319074 -12.789697333299529 -5.8300024535878299 10.593538166570534 2.865277392733975 11.181000872575652 -0.44556944675601473 1.1066067009111562
leaf_weight=53 30 37 47 45 31 30 30 55 43 32 51 30 55 31 37 42 55 110 82
leaf_count=53 30 37 47 45 31 30 30 55 43 32 51 30 55 31 37 42 55 110 82
internal_value=0.117564 14.4246 33.6505 -2.36817 0.82642 3.85479 -11.3738 -20.7551 -17.8334 -11.9869 0.0900939 -16.7576 -1.98525 -4.73036 0.621442 4.926 7.58709 -2.01968 -0.799785
internal_weight=926 137 84 789 654 524 130 100 135 105 493 73 345 168 177 148 97 140 113
internal_count=926 137 84 789 654 524 130 100 135 105 493 73 345 168 177 148 97 140 113
is_linear=0
shrinkage=0.05


Tree=99
num_leaves=19
num_cat=0
split_feature=1 6 0 21 24 1 0 24 0 0 24 27 24 14 14 21 6 9
split_gain=1.18945e+07 2.93685e+07 1.78416e+07 2.9805e+07 1.41315e+07 9.23456e+06 4.06424e+07 1.4417e+07 6.13737e+06 3.23657e+06 1.55954e+06 1.96825e+06 2.3285e+06 2.13201e+06 1.39085e+06 1.16839e+06 895275 862267
threshold=1.0000000180025095e-35 2.4500000000000006 1696.45 0.66359704641350226 3538.1944444444448 0.65000000000000013 617.80000000000007 16583.333333333339 2.8500000000000005 23.850000000000005 10968.055555555557 0.30901413279605805 6269.4444444444453 125.00000000000001 284.00000000000006 0.74298633702016936 2.7500000000000004 1.0000000180025095e-35
decision_type=2 2 2 2 2 2 2 2 2 2 2 2 2 2 2 2 2 2
left_child=1 -1 -3 -4 9 7 -7 8 -6 -2 11 12 -8 17 -11 -14 -12 -13
right_child=4 2 3 -5 5 6 10 -9 -10 14 16 13 15 -15 -16 -17 -18 -19
leaf_value=49.073251467145568 -33.391353832764487 -29.843104509750322 49.195467992457552 -20.610281032422847 -34.295992906659244 58.690989411663011 -14.492654392129978 18.872486378108942 -9.5857364821559283 -20.574028033644684 13.38281292994553 2.5124885641532262 -6.3817795176456782 12.736312100371016 -6.6509256707976681 1.0896937885419002 1.7645641522266153 -5.4709308303520823
leaf_weight=41 30 35 31 30 45 31 44 30 57 37 30 104 87 41 35 131 37 50
leaf_count=41 30 35 31 30 45 31 44 30 57 37 30 104 87 41 35 131 37 50
internal_value=0.111799 13.7055 -1.43479 14.8871 -2.25001 0.329426 3.15688 -11.5521 -20.5103 -19.6066 -0.139092 -1.18398 -4.01419 2.61875 -13.8245 -1.89358 6.97903 -0.0813665
internal_weight=926 137 96 61 789 687 555 132 102 102 524 457 262 195 72 218 67 154
internal_count=926 137 96 61 789 687 555 132 102 102 524 457 262 195 72 218 67 154
is_linear=0
shrinkage=0.05


Tree=100
num_leaves=23
num_cat=0
split_feature=24 0 8 27 27 6 21 11 24 24 1 0 21 0 24 28 24 0 28 14 21 14
split_gain=8.98822e+06 1.9146e+07 1.95414e+07 1.61282e+07 1.50057e+07 1.25893e+07 8.63566e+06 1.63478e+07 2.9003e+07 9.52812e+06 8.02121e+06 1.57451e+07 1.82909e+07 4.14036e+06 4.16384e+06 863610 826272 550620 699629 272764 613382 452457
threshold=6813.8888888888896 756.05000000000007 22.550000000000004 -0.74981945761428159 0.60500564346204555 3.5500000000000003 0.42219263767380927 3.5000000000000004 3390.0000000000005 3336.8055555555561 0.29166666666666669 251.45000000000002 0.89114144641301196 904.95000000000016 11905.091666666669 -0.04732138832243208 8476.1111111111131 1734.0500000000002 0.22611568550828817 226.50000000000003 0.90272744026045837 63.500000000000007
decision_type=2 2 2 2 2 2 2 2 2 2 2 2 2 2 2 2 2 2 2 2 2 2
left_child=1 3 6 -1 5 -5 9 8 -8 -3 -2 12 -12 -13 16 -10 17 -15 -19 21 -21 -18
right_child=10 2 -4 4 -6 -7 7 -9 15 -11 11 13 -14 14 -16 -17 19 18 -20 20 -22 -23
leaf_value=-52.418046088502344 -15.814673818719115 32.821969786989335 38.379179235410838 13.579944213146408 -37.45439620790934 -26.503054146592401 -50.250482319647737 15.756014095268938 4.2380781276107093 -3.8489094476412178 55.831965686270671 -16.064935947001171 6.3867911167711711 -7.3847282659227593 19.304721836215069 -6.5441088889572789 1.786493298580317 4.9627321535767877 -3.0754662534012098 -3.2133791124081679 5.9419255803496549 8.8800607652312493
leaf_weight=31 48 30 32 56 40 30 46 47 46 43 31 31 47 32 35 31 44 44 70 37 36 46
leaf_count=31 48 30 32 56 40 30 46 47 46 43 31 31 47 32 35 31 44 44 70 37 36 46
internal_value=-0.956423 -6.24066 1.7137 -20.1657 -12.1953 -0.416981 -3.12845 -9.30382 -18.8846 11.2455 3.60037 5.66064 26.0845 1.40665 2.98535 -0.105595 1.13122 -1.60016 0.0285829 3.57724 1.30345 5.41798
internal_weight=933 432 275 157 126 86 243 170 123 73 501 453 78 375 344 77 309 146 114 163 73 90
internal_count=933 432 275 157 126 86 243 170 123 73 501 453 78 375 344 77 309 146 114 163 73 90
is_linear=0
shrinkage=0.05


Tree=101
num_leaves=19
num_cat=0
split_feature=1 0 1 9 4 1 5 11 9 26 0 9 4 29 26 0 26 15
split_gain=8.85368e+06 1.99203e+07 2.24503e+07 8.68665e+06 1.98447e+07 1.0758e+07 3.76739e+07 9.51562e+06 8.3004e+06 6.68351e+06 5.29139e+06 4.28439e+06 1.13314e+06 906019 925239 825711 464962 358147
threshold=1.2500000000000002 756.05000000000007 0.18333333333333332 14.150000000000002 997.75000000000011 0.65000000000000013 18.000000000000004 2.5000000000000004 1.0000000180025095e-35 9.5500000000000025 3.8500000000000005 0.15000000000000005 1004.6500000000002 0.6078576107927941 6.450000000000002 1463.7500000000002 4.7500000000000018 1.0000000180025095e-35
decision_type=2 2 2 2 2 2 2 2 2 2 2 2 2 2 2 2 2 2
left_child=1 2 -1 4 -3 6 -6 -5 -2 10 11 -4 -12 15 -15 -7 -17 -16
right_child=8 3 9 7 5 13 -8 -9 -10 -11 12 -13 -14 14 17 16 -18 -19
leaf_value=-45.530424493167111 2.6709535616373148 -38.005260592903305 -37.125312046196768 38.798650481099287 -15.309022155521422 -7.8115674011394702 55.019820654360956 -0.36706051699742925 35.668578576249537 8.2751171774593573 -9.6877206623745877 -10.593701265095897 3.8115391047437863 8.7102481577718862 -1.7574788150393694 -6.3598609235711683 0.00015506672236089694 4.2472189252267309
leaf_weight=48 52 32 30 32 38 51 38 30 30 51 31 31 31 45 75 33 218 37
leaf_count=48 52 32 30 32 38 51 38 30 30 51 31 31 31 45 75 33 218 37
internal_value=-0.908681 -2.4212 -15.2942 2.12392 0.179459 2.47009 19.8814 19.8773 14.7721 -6.9318 -13.2388 -23.6815 -2.94274 -0.416524 2.66338 -2.01804 -0.838202 0.228191
internal_weight=933 851 222 629 567 535 76 62 82 174 123 61 62 459 157 302 251 112
internal_count=933 851 222 629 567 535 76 62 82 174 123 61 62 459 157 302 251 112
is_linear=0
shrinkage=0.05


Tree=102
num_leaves=23
num_cat=0
split_feature=24 0 8 4 1 27 14 24 24 1 0 21 0 24 5 14 24 9 0 28 14 28
split_gain=8.52864e+06 1.64655e+07 1.72267e+07 1.56309e+07 4.03531e+07 8.3205e+06 7.81331e+06 1.3793e+07 7.55024e+06 6.70319e+06 1.41911e+07 1.61528e+07 3.69546e+06 3.67811e+06 1.80666e+06 861428 728872 569008 463061 613660 374808 330676
threshold=6950.6166666666677 756.05000000000007 22.550000000000004 1003.6500000000002 0.45000000000000007 0.65834671262425759 236.50000000000003 2820.0000000000005 2717.1428571428578 0.29166666666666669 251.45000000000002 0.89114144641301196 904.95000000000016 11905.091666666669 14.15 94.500000000000014 8476.1111111111131 1.0000000180025095e-35 1734.0500000000002 0.22611568550828817 236.50000000000003 0.1159303052754759
decision_type=2 2 2 2 2 2 2 2 2 2 2 2 2 2 2 2 2 2 2 2 2 2
left_child=1 3 5 -1 -5 6 7 -3 -7 -2 11 -11 -12 16 -6 -10 18 20 -14 -20 -18 -19
right_child=9 2 -4 4 14 8 -8 -9 15 10 12 -13 13 -15 -16 -17 17 21 19 -21 -22 -23
leaf_value=4.5272138787869762 -14.022238885439359 -41.216875468636921 35.761470547012081 -71.770223142515945 -15.954213331329138 28.221660396030973 3.3092798026784735 -0.47129714854442284 -7.2987628134100975 52.922580029650135 -15.012754404123189 6.4557944664276832 -7.0025539404530051 18.318013441732464 0.024124078425209666 2.9387884402233335 8.8404926044698406 4.0070178445895772 5.1936004459375962 -2.8414019870325227 2.3507332007903274 -2.8264105707479512
leaf_weight=49 48 42 32 37 33 30 54 41 32 31 31 47 30 35 38 57 52 31 37 66 39 41
leaf_count=49 48 42 32 37 33 30 54 41 32 31 31 47 30 35 38 57 52 31 37 66 39 41
internal_value=-0.863329 -5.86876 1.23346 -18.8896 -29.5082 -3.0948 -11.4921 -21.1144 6.57419 3.7013 5.63754 24.9675 1.46675 3.01423 -7.41435 -0.746133 1.19907 3.43937 -1.54704 0.0471475 6.06486 0.117168
internal_weight=933 445 288 157 108 256 137 83 119 488 440 78 362 331 71 89 296 163 133 103 91 72
internal_count=933 445 288 157 108 256 137 83 119 488 440 78 362 331 71 89 296 163 133 103 91 72
is_linear=0
shrinkage=0.05


Tree=103
num_leaves=18
num_cat=0
split_feature=1 24 0 1 24 30 0 9 4 21 1 5 24 0 24 28 9
split_gain=7.97192e+06 2.99196e+07 1.68572e+07 1.85865e+07 1.04393e+07 1.18253e+07 1.01714e+07 7.7781e+06 1.76812e+07 1.20618e+07 9.81748e+06 3.42457e+07 2.66191e+06 2.37394e+06 1.14849e+06 879845 498387
threshold=1.2500000000000002 2470.0000000000005 756.05000000000007 0.18333333333333332 12726.190476190479 1.0000000180025095e-35 4.9500000000000011 14.150000000000002 997.75000000000011 0.64850320604842582 0.65000000000000013 18.000000000000004 8627.7777777777792 1527.2500000000002 11796.297222222223 0.055916990100603255 1.0000000180025095e-35
decision_type=2 2 2 2 2 2 2 2 2 2 2 2 2 2 2 2 2
left_child=2 -2 3 -1 6 -6 -5 8 -4 -9 11 -10 13 -12 16 -15 -14
right_child=1 -3 7 4 5 -7 -8 9 10 -11 12 -13 14 15 -16 -17 -18
leaf_value=-41.609067625811093 -9.4941432058986148 52.714398319353251 -35.957435807557864 -33.972214664775095 -8.6327310060714666 31.839258001333857 -1.891816965128776 41.446047647292431 -14.670232825892491 -2.6385148238541554 -15.809258142734203 52.382325788683161 4.9982198799770714 1.2594947377488463 12.676338792056981 -4.6039689622802511 -1.1492262750081133
leaf_weight=48 51 31 32 47 45 30 52 30 38 32 34 38 78 124 34 132 57
leaf_count=48 51 31 32 47 45 30 52 30 38 32 34 38 78 124 34 132 57
internal_value=-0.820191 14.0592 -2.25542 -14.0974 -6.48842 7.57684 -17.1409 1.92568 0.0857232 18.725 2.2479 18.8808 -0.509624 -3.41598 4.47666 -1.76445 2.40367
internal_weight=933 82 851 222 174 75 99 629 567 62 535 76 459 290 169 256 135
internal_count=933 82 851 222 174 75 99 629 567 62 535 76 459 290 169 256 135
is_linear=0
shrinkage=0.05


Tree=104
num_leaves=18
num_cat=0
split_feature=27 30 0 0 20 24 5 24 8 3 24 14 0 24 26 3 0
split_gain=8.08565e+06 5.87852e+06 2.12093e+07 1.92214e+07 9.84495e+06 2.8535e+07 1.3237e+07 6.85822e+06 6.97777e+06 1.34641e+07 6.44909e+06 3.52443e+06 3.36821e+06 2.39561e+06 882077 382198 244320
threshold=-0.98211651112579568 -0.56174490092936669 1.3000000000000003 2.8500000000000005 18.345700000000004 3390.0000000000005 22.150000000000002 10548.519444444446 0.75000000000000011 47.350000000000001 1434.2857142857144 106.50000000000001 251.45000000000002 9318.7500000000018 4.3500000000000005 57.350000000000001 2760.0000000000005
decision_type=2 2 2 2 2 2 2 2 2 2 2 2 2 2 2 2 2
left_child=-1 3 -3 -2 6 -6 7 8 -4 -10 -5 -9 -12 -7 -14 -16 -17
right_child=1 2 4 10 5 13 -8 11 9 -11 12 -13 14 -15 15 16 -18
leaf_value=-20.319054887585061 -40.678329845887134 39.854022549683194 -19.994376962105591 -18.314513129063474 55.640708242579549 -9.2007839350901257 -34.549684594873575 27.391028639327647 26.195809296814112 -4.3587996314788242 14.647299408033456 3.543762581964891 -7.8780065236855128 8.6705542066015564 -2.4343586515749061 4.6560986650682956 -0.76943469427748767
leaf_weight=50 34 37 51 44 30 45 30 30 42 251 46 32 33 32 49 67 30
leaf_count=50 34 37 51 44 30 45 30 30 42 251 46 32 33 32 49 67 30
internal_value=-0.779038 0.329588 3.27816 -5.31374 0.778992 14.3619 -2.55694 -0.185001 -2.94497 0.028468 -0.830395 15.1084 2.59532 -1.77206 -0.508262 1.16172 2.97898
internal_weight=933 883 580 303 543 107 436 406 344 293 269 62 225 77 179 146 97
internal_count=933 883 580 303 543 107 436 406 344 293 269 62 225 77 179 146 97
is_linear=0
shrinkage=0.05


Tree=105
num_leaves=13
num_cat=0
split_feature=0 2 24 23 20 29 0 24 26 0 0 1
split_gain=2.63997e+07 4.3749e+07 2.46622e+07 6.01595e+06 1.04903e+07 7.25182e+06 4.93753e+06 1.10504e+07 2.06053e+07 6.35913e+06 4.27481e+06 3.10749e+06
threshold=2.1500000000000004 7.7000000000000002 14708.333333333334 -0.9330127018922193 22.853150000000003 1.0000000180025095e-35 3373.3000000000006 1173.3340000000003 7.1499999999999995 6.7500000000000009 3637.0500000000006 0.90000000000000013
decision_type=2 2 2 2 2 2 2 2 2 2 2 2
left_child=1 -1 3 5 6 -2 7 8 -5 -9 -8 -11
right_child=2 -3 -4 4 -6 -7 10 9 -10 11 -12 -13
leaf_value=75.737442725571029 28.032255949372768 1.7754589549997914 42.934461082139585 5.032215541269073 -32.780892068603116 -2.5327667993346763 23.773322502085534 -23.712508204512275 -49.194884205657033 -1.7782094839234521 0.40818534806875406 10.906340959023638
leaf_weight=31 34 56 31 34 30 45 30 31 36 449 56 54
leaf_count=31 34 56 31 34 30 45 30 31 36 449 56 54
internal_value=1.99912 28.1865 -0.748875 -2.44889 -3.88638 10.6405 -2.62552 -4.22175 -22.8863 -1.77124 8.57702 -0.414542
internal_weight=917 87 830 799 720 79 690 604 70 534 86 503
internal_count=917 87 830 799 720 79 690 604 70 534 86 503
is_linear=0
shrinkage=0.05


Tree=106
num_leaves=17
num_cat=0
split_feature=0 21 24 23 24 0 30 24 8 24 21 0 0 24 8 15
split_gain=2.38335e+07 3.58769e+07 2.2265e+07 5.43103e+06 7.40314e+06 1.34765e+07 1.76771e+07 2.83981e+07 1.26661e+07 8.61374e+06 6.98001e+06 2.04351e+06 2.01655e+06 987116 1.0831e+06 922256
threshold=2.1500000000000004 0.78490852636987074 14708.333333333334 -0.9330127018922193 4928.9694444444458 3403.7500000000005 -0.56174490092936669 1490.0000000000002 18.550000000000004 1434.2857142857144 0.6697025729797782 51.800000000000004 872.10000000000014 7342.5916666666672 24.350000000000005 1.0000000180025095e-35
decision_type=2 2 2 2 2 2 2 2 2 2 2 2 2 2 2 2
left_child=1 -1 3 10 5 6 7 -5 9 -8 -2 -6 -13 15 -15 -14
right_child=2 -3 -4 4 11 -7 8 -9 -10 -11 -12 12 13 14 -16 -17
leaf_value=64.923300400202962 28.082787535123739 -0.21619722698532673 40.79464128147751 -72.900393980919716 -12.084714659707636 19.940422492803531 -37.965065088620619 -5.2271987573380043 17.364264576858556 -5.3542074891488136 -2.1601158969215022 13.111974368845901 -7.4318498986466031 0.36978334026640836 10.394670969465642 0.58003250181937538
leaf_weight=36 32 51 31 30 34 30 30 32 41 62 47 30 76 257 30 68
leaf_count=36 32 51 31 30 34 30 30 32 41 62 47 30 76 257 30 68
internal_value=1.8996 26.7816 -0.711424 -2.32671 -3.69253 -11.2104 -16.0107 -38.037 -5.72181 -16.0179 10.1101 -0.273714 0.5998 -0.273945 1.42095 -3.65065
internal_weight=917 87 830 799 720 225 195 62 133 92 79 495 461 431 287 144
internal_count=917 87 830 799 720 225 195 62 133 92 79 495 461 431 287 144
is_linear=0
shrinkage=0.05


Tree=107
num_leaves=20
num_cat=0
split_feature=0 2 24 3 1 26 1 24 4 26 0 8 21 7 3 24 27 0 14
split_gain=2.1516e+07 3.67724e+07 2.01009e+07 5.40362e+06 1.63072e+07 2.78164e+07 1.22612e+07 3.76622e+06 1.41592e+06 1.36049e+06 1.23699e+06 830590 963668 708815 628605 541399 396921 342554 284672
threshold=2.1500000000000004 7.7000000000000002 14708.333333333334 75.700000000000003 0.14583333333333334 5.950000000000002 0.097222222222222224 4928.9694444444458 998.85000000000002 9.6500000000000039 316.75000000000006 21.450000000000003 0.80104207436399222 16.650000000000002 47.850000000000001 2370.4750000000008 -0.74409704927257525 2308.8500000000004 171.50000000000003
decision_type=2 2 2 2 2 2 2 2 2 2 2 2 2 2 2 2 2 2 2
left_child=1 -1 3 6 5 -5 -2 9 -6 15 -9 13 -13 -10 17 -8 -16 -12 -15
right_child=2 -3 -4 4 8 -7 7 10 11 -11 14 12 -14 18 16 -17 -18 -19 -20
leaf_value=69.041197660881608 22.597102231002719 1.2331818823720895 38.761468388106664 3.7942515376398336 8.497789675056735 -63.677546118463354 -11.238106347970257 10.368041872423747 -5.302512625801806 -18.821608471944696 -8.2291840777136507 -13.541199319733202 -2.094492965683973 4.4968290280664522 -2.1830838926858238 -2.3339375328204137 2.3898891641945106 -1.4011020511322698 -1.3079255101494391
leaf_weight=31 58 56 31 30 30 31 31 30 54 32 31 34 40 49 67 38 162 45 37
leaf_count=31 58 56 31 30 30 31 31 30 54 32 31 34 40 49 67 38 162 45 37
internal_value=1.8049 25.4462 -0.675928 -2.2107 -7.44256 -30.5427 1.02033 -1.85448 -1.65736 -10.3127 0.697902 -3.08431 -7.36503 -0.817956 -0.25633 -6.34491 1.05155 -4.19346 2.00076
internal_weight=917 87 830 799 305 61 494 436 244 101 335 214 74 140 305 69 229 76 86
internal_count=917 87 830 799 305 61 494 436 244 101 335 214 74 140 305 69 229 76 86
is_linear=0
shrinkage=0.05


Tree=108
num_leaves=14
num_cat=0
split_feature=0 27 24 23 20 21 7 24 28 0 24 26 28
split_gain=1.94248e+07 3.64719e+07 1.81474e+07 4.95134e+06 8.79451e+06 6.49681e+06 3.96612e+06 7.88969e+06 5.54702e+06 4.36069e+06 1.48609e+07 5.03734e+06 551587
threshold=2.1500000000000004 0.77753234098132629 14708.333333333334 -0.9330127018922193 22.853150000000003 0.6697025729797782 9.0500000000000025 6349.5361111111115 0.91234096280339505 756.05000000000007 1610.0000000000002 7.1499999999999995 0.94968266440323634
decision_type=2 2 2 2 2 2 2 2 2 2 2 2 2
left_child=1 -1 3 5 6 -2 7 -5 9 10 -8 -11 -9
right_child=2 -3 -4 4 -6 -7 8 12 -10 11 -12 -13 -14
leaf_value=62.634845477920493 27.113619853997161 -3.0374165424862021 36.829626639019637 -30.974420072605881 -29.860884485886345 -2.0637435623541509 -40.09471195135086 2.7407329280951021 18.31800160896745 6.6898222897895856 0.11447383645714751 -4.2170726583024098 -6.2686713824762368
leaf_weight=36 32 51 31 34 30 47 31 36 36 184 88 249 32
leaf_count=36 32 51 31 34 30 47 31 36 36 184 88 249 32
internal_value=1.71482 24.178 -0.642368 -2.10066 -3.40478 9.77421 -2.25035 -11.3468 -0.670714 -1.91221 -10.385 0.418191 -1.50189
internal_weight=917 87 830 799 720 79 690 102 588 552 119 433 68
internal_count=917 87 830 799 720 79 690 102 588 552 119 433 68
is_linear=0
shrinkage=0.05


Tree=109
num_leaves=21
num_cat=0
split_feature=0 2 24 3 1 20 1 24 6 8 26 0 8 3 26 0 3 28 24 6
split_gain=1.75362e+07 3.35125e+07 1.63836e+07 4.89095e+06 1.45847e+07 2.69021e+07 1.12769e+07 3.14417e+06 1.54131e+06 1.25224e+06 1.20351e+06 1.08422e+06 937255 851180 746693 539890 664911 546113 434555 416209
threshold=2.1500000000000004 7.7000000000000002 14708.333333333334 75.700000000000003 0.14583333333333334 20.665550000000003 0.097222222222222224 4928.9694444444458 5.0500000000000007 21.450000000000003 9.6500000000000039 316.75000000000006 23.450000000000003 83.200000000000003 5.450000000000002 1730.0500000000002 60.350000000000001 0.1839915361961291 2370.4750000000008 2.6500000000000008
decision_type=2 2 2 2 2 2 2 2 2 2 2 2 2 2 2 2 2 2 2 2
left_child=1 -1 3 6 5 -5 -2 10 9 13 18 -9 -11 19 -15 16 -13 -17 -8 -6
right_child=2 -3 -4 4 8 -7 7 11 -10 12 -12 15 -14 14 -16 17 -18 -19 -20 -21
leaf_value=64.590212742845353 21.770564462888263 -0.13987478164428058 34.994066260481951 -61.405554385660551 3.1504779914079282 4.9446493548016219 -10.059931479696292 9.7063377218785067 -11.362068035595577 -10.696265827806169 -17.409834243649634 -9.6447224860967591 0.33619523987805749 12.986297649244136 1.9227917342323968 4.4196895205035283 -0.20230172938096308 -0.76360730978564728 -2.0826316498083082 -4.4421943580014558
leaf_weight=31 58 56 31 31 36 30 31 30 34 37 32 30 40 30 31 77 49 149 38 36
leaf_count=31 58 56 31 31 36 30 31 30 34 37 32 30 40 30 31 77 49 149 38 36
internal_value=1.62929 22.9725 -0.61038 -1.99599 -6.97348 -28.8195 1.07794 -1.6791 -1.50238 0.098574 -9.4073 0.652987 -4.97205 3.03577 7.37629 -0.24038 -3.79575 1.00353 -5.67608 -0.646685
internal_weight=917 87 830 799 305 61 494 436 244 210 101 335 77 133 61 305 79 226 69 72
internal_count=917 87 830 799 305 61 494 436 244 210 101 335 77 133 61 305 79 226 69 72
is_linear=0
shrinkage=0.05


Tree=110
num_leaves=19
num_cat=0
split_feature=24 0 20 0 24 0 26 27 9 9 24 22 24 27 0 0 15 27
split_gain=1.29686e+07 3.85474e+07 2.7587e+07 2.47903e+07 6.32574e+06 6.9131e+06 5.92113e+06 5.66172e+06 2.4796e+06 3.19314e+06 2.4244e+06 2.67939e+06 2.42021e+06 1.98981e+06 1.72684e+06 1.04432e+06 817103 531469
threshold=1.0000000180025095e-35 175.50000000000003 18.345700000000004 2648.0500000000006 6813.8888888888896 7.0500000000000007 11.250000000000002 0.95992380042979863 19.000000000000004 5.6500000000000012 1610.0000000000002 -0.6830127018922193 12446.297222222223 0.86529924138975434 62.70000000000001 776.45000000000016 1.0000000180025095e-35 0.91236630913977501
decision_type=2 2 2 2 2 2 2 2 2 2 2 2 2 2 2 2 2 2
left_child=1 -1 3 -3 5 -2 7 8 9 13 -7 -12 -9 14 -6 -13 -17 -18
right_child=4 2 -4 -5 6 10 -8 12 -10 -11 11 15 -14 -15 -16 16 17 -19
leaf_value=64.298793373230566 -29.908477566804603 -48.927833798369889 40.142612421090966 10.044205413970566 -8.5216531563292985 -17.904678652690492 20.504659660914893 -3.1845292713040507 -10.587826897273553 19.507517237837529 -13.700811294547206 7.0406214999439118 -22.340855951393106 14.765810464000779 2.7345112531871356 -7.1529045326835714 4.5160586724312344 -3.161987025613417
leaf_weight=31 30 32 31 40 39 30 40 32 32 30 45 40 34 30 265 51 46 44
leaf_count=31 30 32 31 40 39 30 40 32 32 30 45 40 34 30 265 51 46 44
internal_value=1.1392 15.5132 0.782002 -16.197 -1.30676 -7.24058 2.07462 0.47484 2.73537 3.90924 -4.57353 -2.79675 -13.0719 2.50276 1.28812 -0.0796953 -2.10324 0.762949
internal_weight=922 134 103 72 788 286 502 462 396 364 256 226 66 334 304 181 141 90
internal_count=922 134 103 72 788 286 502 462 396 364 256 226 66 334 304 181 141 90
is_linear=0
shrinkage=0.05


Tree=111
num_leaves=16
num_cat=0
split_feature=1 0 20 11 1 24 0 2 24 24 4 8 21 9 8
split_gain=1.17082e+07 3.48008e+07 2.49057e+07 2.4149e+07 1.31953e+07 3.5377e+07 1.50716e+07 1.28507e+07 9.59464e+06 8.10084e+06 1.80653e+06 1.81059e+06 1.33148e+06 961702 807604
threshold=1.0000000180025095e-35 175.50000000000003 18.345700000000004 2.5000000000000004 1.2500000000000002 2151.428571428572 5.9500000000000011 8.2500000000000018 11986.111111111113 13296.297222222223 997.95000000000016 21.250000000000004 0.80897891810494627 8.6500000000000021 -2.0499999999999994
decision_type=2 2 2 2 2 2 2 2 2 2 2 2 2 2 2
left_child=1 -1 3 -3 6 -6 7 -2 -9 10 -8 13 -13 14 -12
right_child=4 2 -4 -5 5 -7 9 8 -10 -11 11 12 -14 -15 -16
leaf_value=61.094191901400158 -45.143662735811326 -44.291102826132999 38.141936022215724 13.553853695940774 -11.321764818034564 60.414068255551229 8.4703145382806397 -28.606729007396531 6.716376568887239 24.311735786604359 -7.4902627995139675 -14.719378754974963 -2.2457406180755157 -9.2053279075737802 0.33896610275429956
leaf_weight=31 35 36 31 36 40 30 42 34 44 32 36 46 40 33 376
leaf_count=31 35 36 31 36 40 30 42 34 44 32 36 46 40 33 376
internal_value=1.08234 14.74 0.742963 -15.3899 -1.24173 19.4644 -3.26287 -20.0163 -8.69772 -0.130921 -1.49997 -2.29003 -8.92709 -1.00564 -0.346781
internal_weight=922 134 103 72 788 70 718 113 78 605 573 531 86 445 412
internal_count=922 134 103 72 788 70 718 113 78 605 573 531 86 445 412
is_linear=0
shrinkage=0.05


Tree=112
num_leaves=15
num_cat=0
split_feature=1 0 6 0 1 24 0 2 24 24 9 0 0 27
split_gain=1.05704e+07 3.14181e+07 2.49528e+07 1.3286e+07 1.19132e+07 3.19385e+07 1.36063e+07 1.16011e+07 8.66172e+06 7.31339e+06 1.55067e+06 1.29526e+06 1.2561e+06 1.14247e+06
threshold=1.0000000180025095e-35 175.50000000000003 3.7500000000000004 2658.2000000000003 1.2500000000000002 2151.428571428572 5.9500000000000011 8.2500000000000018 11986.111111111113 13296.297222222223 19.900000000000002 251.45000000000002 961.00000000000011 -0.89391031859722869
decision_type=2 2 2 2 2 2 2 2 2 2 2 2 2 2
left_child=1 -1 3 -3 6 -6 7 -2 -9 10 11 -8 -13 -14
right_child=4 2 -4 -5 5 -7 9 8 -10 -11 -12 12 13 -15
leaf_value=58.04930513142773 -42.892910990484083 -35.573064187481584 36.485070623876105 8.2333631000334808 -10.757088271638104 57.403400470885721 8.291121454444534 -27.180587398551427 6.3813188280378066 23.099935632479898 -11.036872217905186 -10.959923239734685 -6.5188060437756681 0.32812424358241099
leaf_weight=31 35 39 33 31 40 30 37 34 44 32 39 32 72 393
leaf_count=31 35 39 33 31 40 30 37 34 44 32 39 32 72 393
internal_value=1.02849 14.0056 0.706175 -16.1889 -1.17976 18.4947 -3.10019 -19.0184 -8.26424 -0.124379 -1.42519 -0.721266 -1.39375 -0.733209
internal_weight=922 134 103 70 788 70 718 113 78 605 573 534 497 465
internal_count=922 134 103 70 788 70 718 113 78 605 573 534 497 465
is_linear=0
shrinkage=0.05


Tree=113
num_leaves=16
num_cat=0
split_feature=0 28 20 0 6 0 24 14 11 0 20 0 24 23 3
split_gain=1.09883e+07 3.03405e+07 1.34718e+07 4.74074e+06 8.42781e+06 7.22458e+06 6.8617e+06 1.84189e+07 2.14675e+07 5.26481e+06 3.91509e+06 2.95928e+06 2.17822e+06 1.88023e+06 1.2167e+06
threshold=3.1500000000000004 0.2926003356333482 10.98 62.70000000000001 1.8500000000000003 17.500000000000004 1.0000000180025095e-35 197.50000000000003 2.5000000000000004 251.45000000000002 10.226250000000002 872.10000000000014 7143.2111111111117 0.25000000000000017 61.350000000000001
decision_type=2 2 2 2 2 2 2 2 2 2 2 2 2 2 2
left_child=1 2 -1 5 -5 10 7 8 -6 -8 -2 -11 13 -13 -14
right_child=3 -3 -4 4 6 -7 9 -9 -10 11 -12 12 14 -15 -16
leaf_value=-20.760217369821603 -15.75792103549675 58.593997750012981 20.486026210736132 -19.147079474678716 -30.360683463240743 -31.682117511109261 20.230123298746406 46.681173150959211 28.387710921480728 -12.582802154189565 7.8817284201148743 -1.4115991403316632 -1.371299048315298 -13.034748840383749 5.1623404161279387
leaf_weight=40 31 30 39 51 31 30 30 30 31 52 40 142 117 46 182
leaf_count=40 31 30 39 51 31 30 30 30 31 52 40 142 117 46 182
internal_value=0.977357 15.8772 -0.397928 -1.02198 0.416611 -11.1538 1.92874 14.5901 -0.987994 -0.120628 -2.44738 -1.25687 -0.0451901 -4.26101 2.60608
internal_weight=922 109 79 813 712 101 661 92 62 569 71 539 487 188 299
internal_count=922 109 79 813 712 101 661 92 62 569 71 539 487 188 299
is_linear=0
shrinkage=0.05


Tree=114
num_leaves=16
num_cat=0
split_feature=0 6 26 0 6 0 7 28 7 20 6 4 10 6 6
split_gain=9.92039e+06 2.79037e+07 9.06016e+06 4.28017e+06 7.60776e+06 6.52239e+06 3.57644e+06 3.50932e+06 4.61079e+06 8.64167e+06 5.57623e+06 4.81926e+06 2.49696e+06 1.58241e+06 932202
threshold=3.1500000000000004 2.4500000000000006 7.3500000000000014 62.70000000000001 1.8500000000000003 17.500000000000004 19.700000000000006 0.95989713290459389 14.15 5.9604000000000008 5.0500000000000007 998.10000000000014 2.5000000000000004 3.4500000000000006 3.6500000000000008
decision_type=2 2 2 2 2 2 2 2 2 2 2 2 2 2 2
left_child=1 -1 -3 5 -5 6 -2 8 12 -10 11 -11 13 -6 -14
right_child=3 2 -4 4 7 -7 -8 -9 9 10 -12 -13 14 -15 -16
leaf_value=55.131687272246637 -14.345472762087681 -16.237262821418778 17.980352352011916 -18.191598951781568 -21.818496707558992 -30.10327456464799 8.1228983801493797 14.035006735020776 28.631552851410927 14.419828092368546 18.190204187207211 -2.6424612553666256 5.7042866680109618 -6.6451036668715382 -5.5507568858339171
leaf_weight=31 33 43 35 51 33 30 38 54 31 47 44 341 32 36 43
leaf_count=31 33 43 35 51 33 30 38 54 31 47 44 341 32 36 43
internal_value=0.928713 15.086 -0.879778 -0.970986 0.395938 -10.598 -2.32557 1.83262 0.744925 3.17526 1.34232 -0.572442 -7.06603 -13.9231 -0.747337
internal_weight=922 109 78 813 712 101 71 661 607 463 432 388 144 69 75
internal_count=922 109 78 813 712 101 71 661 607 463 432 388 144 69 75
is_linear=0
shrinkage=0.05


Tree=115
num_leaves=16
num_cat=0
split_feature=7 1 8 1 28 0 7 27 27 26 9 27 1 21 0
split_gain=9.22785e+06 2.49198e+07 7.95568e+06 1.09574e+07 8.60718e+06 8.43968e+06 2.42006e+07 1.28504e+07 5.63659e+06 3.91527e+06 3.57791e+06 3.39373e+06 4.04301e+06 3.77256e+06 1.52336e+06
threshold=28.250000000000004 0.36666666666666675 22.450000000000003 0.90000000000000013 0.44436171794418394 835.95000000000016 24.650000000000002 0.77753234098132629 -0.98211651112579568 9.4500000000000046 8.6500000000000021 0.79871280153886104 0.65000000000000013 0.88031847670401897 1211.4000000000003
decision_type=2 2 2 2 2 2 2 2 2 2 2 2 2 2 2
left_child=2 -2 3 5 -5 6 7 -1 -7 -9 11 12 -10 -13 -3
right_child=1 14 -4 4 -6 8 -8 9 10 -11 -12 13 -14 -15 -16
leaf_value=14.558348483678191 -53.838605716616613 -9.3546363142944085 25.640180016514467 35.580842844645183 1.8435320568780833 21.229373463327093 -52.143802686366236 -25.33662673207678 -18.871358181308732 -2.3113901930393967 -12.974663767477466 15.028120311209998 -0.082540637144544182 -2.5854609267954181 3.7047283745279493
leaf_weight=58 30 37 30 35 41 31 31 48 32 30 53 73 265 52 56
leaf_count=58 30 37 30 35 41 31 31 48 32 30 53 73 265 52 56
internal_value=-1.57406 -14.2954 0.436143 -0.576646 17.4069 -2.60976 -12.3525 -3.25073 0.607518 -16.4951 -0.742504 0.79646 -2.11261 7.70462 -1.49535
internal_weight=902 123 779 749 76 673 167 136 506 78 475 422 297 125 93
internal_count=902 123 779 749 76 673 167 136 506 78 475 422 297 125 93
is_linear=0
shrinkage=0.05


Tree=116
num_leaves=20
num_cat=0
split_feature=1 24 0 1 4 5 1 24 24 0 24 0 0 5 4 24 4 25 26
split_gain=7.64562e+06 1.38568e+07 1.17106e+07 1.83235e+07 6.55765e+06 1.04441e+07 3.44079e+07 6.57439e+06 5.83226e+06 7.16014e+06 3.1275e+06 2.65096e+06 1.2937e+06 1.03535e+06 862878 669058 711920 583892 198133
threshold=1.2500000000000002 2151.428571428572 1211.4000000000003 0.22500000000000003 997.25000000000011 18.000000000000004 0.65000000000000013 4563.6583333333338 13351.85277777778 5.9500000000000011 10078.705555555556 251.45000000000002 1686.7500000000002 22.625000000000004 1005.0500000000001 5990.7416666666677 1024.7500000000002 25.436510000000002 7.4500000000000011
decision_type=2 2 2 2 2 2 2 2 2 2 2 2 2 2 2 2 2 2 2
left_child=2 -2 3 -1 -4 7 -7 -6 9 -5 13 -11 -9 18 -13 -14 -17 -15 -8
right_child=1 -3 4 8 5 6 10 12 -10 11 -12 14 15 17 -16 16 -18 -19 -20
leaf_value=-36.62106367201396 -5.1710982705626041 39.974242310824984 -19.431273133338653 -24.783125425620639 -20.588195314322768 51.187643443238159 4.4381298873359709 -8.7798171350576801 8.8246330465178886 10.264582680582617 14.71965799955564 -13.318539348569614 -4.0851277533291279 -12.168494766394808 -1.7098494027633906 1.2412447068033583 9.5705420953490812 -2.5377397829127091 -1.1689867726196086
leaf_weight=57 39 30 36 52 45 43 33 37 58 31 32 32 48 31 32 174 30 32 30
leaf_count=57 39 30 36 52 45 43 33 37 58 31 32 32 48 31 32 174 30 32 30
internal_value=-1.49569 14.4867 -2.82115 -11.5709 1.19496 2.58627 11.5887 -2.83322 -4.59128 -9.88707 0.786243 -1.71591 -0.0624242 -2.76123 -7.52599 1.22047 2.47025 -7.28854 1.77037
internal_weight=902 69 833 262 571 535 201 334 205 147 158 95 289 126 64 252 204 63 63
internal_count=902 69 833 262 571 535 201 334 205 147 158 95 289 126 64 252 204 63 63
is_linear=0
shrinkage=0.05


Tree=117
num_leaves=18
num_cat=0
split_feature=7 24 8 1 1 2 21 0 24 4 25 24 28 24 24 4 6
split_gain=8.41707e+06 2.7196e+07 7.83585e+06 2.38357e+07 9.94969e+06 1.31046e+07 1.91832e+07 9.47801e+06 9.20991e+06 4.06991e+06 2.56519e+06 2.33563e+06 1.64192e+06 1.32606e+06 849394 768491 767084
threshold=28.250000000000004 2578.7888888888892 18.750000000000004 0.36666666666666675 0.65000000000000013 4.6500000000000012 0.78490852636987074 251.45000000000002 11986.111111111113 1008.85 23.034172500000004 3390.0000000000005 -0.54160775828284902 5990.7416666666677 9792.591666666669 1024.9500000000003 3.2500000000000004
decision_type=2 2 2 2 2 2 2 2 2 2 2 2 2 2 2 2 2
left_child=2 -2 4 -4 5 9 -7 -6 -8 -1 -5 -9 -13 16 -3 -15 -14
right_child=1 14 3 10 7 6 8 11 -10 -11 -12 12 13 15 -16 -17 -18
leaf_value=-42.793860012925329 -53.991607491839744 -3.8446920991917484 49.893317566653927 9.7078227363546361 23.333538448389259 24.765419843678032 -32.550294631903647 -13.541442469346562 -0.50867999011414466 -17.302650799855265 -6.9304208891847612 10.632067922923875 -1.2878198986286966 0.38236351098647037 5.9418076934197517 8.8502854754758431 -12.319352196573828
leaf_weight=31 31 55 31 38 48 44 42 30 48 32 59 39 32 244 37 30 31
leaf_count=31 31 55 31 38 48 44 42 30 48 32 59 39 32 244 37 30 31
internal_value=-1.42096 -13.5706 0.498891 11.803 -1.72519 -11.106 -2.25712 2.34688 -15.481 -29.894 -0.40901 -0.139426 0.933187 -0.192042 0.0933065 1.31242 -6.72703
internal_weight=902 123 779 128 651 197 134 454 90 63 97 406 376 337 92 274 63
internal_count=902 123 779 128 651 197 134 454 90 63 97 406 376 337 92 274 63
is_linear=0
shrinkage=0.05


Tree=118
num_leaves=17
num_cat=0
split_feature=7 24 8 1 1 2 21 0 24 23 25 24 23 24 24 3
split_gain=7.59881e+06 2.45528e+07 7.07456e+06 2.15188e+07 8.98229e+06 1.18309e+07 1.73171e+07 8.55583e+06 8.31402e+06 2.4615e+06 2.31563e+06 2.10862e+06 1.18874e+06 1.32436e+06 766768 615928
threshold=28.250000000000004 2578.7888888888892 18.750000000000004 0.36666666666666675 0.65000000000000013 4.6500000000000012 0.78490852636987074 251.45000000000002 11986.111111111113 0.25000000000000017 23.034172500000004 3390.0000000000005 -0.5 5990.7416666666677 9792.591666666669 55.350000000000001
decision_type=2 2 2 2 2 2 2 2 2 2 2 2 2 2 2 2
left_child=2 -2 4 -4 5 9 -7 -6 -8 -1 -5 -9 -13 -14 -3 -15
right_child=1 14 3 10 7 6 8 11 -10 -11 -12 12 13 15 -16 -17
leaf_value=-37.830418980409739 -51.300705922608216 -3.6528062748173404 47.406674713030505 9.2237056348580388 22.169287069324646 23.529956832318621 -30.926645702987276 -12.866619669955433 -0.48329909318697917 -17.943605984405821 -6.5844861738169458 8.4075029896034845 -7.0890535525599212 -1.7424322995511989 5.6455182186034172 3.1463364195358396
leaf_weight=33 31 55 31 38 48 44 42 30 48 30 59 46 57 104 37 169
leaf_count=33 31 55 31 38 48 44 42 30 48 30 59 46 57 104 37 169
internal_value=-1.3502 -12.8942 0.473948 11.2149 -1.63933 -10.5524 -2.14457 2.22971 -14.7088 -28.404 -0.388413 -0.132544 0.886611 -0.163971 0.0887524 1.28397
internal_weight=902 123 779 128 651 197 134 454 90 63 97 406 376 330 92 273
internal_count=902 123 779 128 651 197 134 454 90 63 97 406 376 330 92 273
is_linear=0
shrinkage=0.05


Tree=119
num_leaves=19
num_cat=0
split_feature=1 24 0 1 4 5 1 24 24 0 24 0 0 4 26 24 27 5
split_gain=6.28766e+06 1.16934e+07 9.68494e+06 1.67111e+07 6.14813e+06 8.75594e+06 2.74862e+07 5.69084e+06 4.90232e+06 6.16714e+06 2.63172e+06 1.69232e+06 1.1874e+06 781865 747270 510029 444424 236366
threshold=1.2500000000000002 2151.428571428572 1211.4000000000003 0.22500000000000003 996.50000000000011 18.000000000000004 0.65000000000000013 4563.6583333333338 13351.85277777778 3.8500000000000005 10030.555555555557 251.45000000000002 1686.7500000000002 1005.0500000000001 5.700000000000002 6269.4444444444453 0.13301347478292308 22.625000000000004
decision_type=2 2 2 2 2 2 2 2 2 2 2 2 2 2 2 2 2 2
left_child=2 -2 3 -1 -4 7 -7 -6 9 -5 14 -11 -9 -13 -8 -14 -17 -16
right_child=1 -3 4 8 5 6 10 12 -10 11 -12 13 15 -15 17 16 -18 -19
leaf_value=-34.364563822036452 -4.8472557084944548 36.624339633447384 -20.450452452533881 -24.535744740514914 -19.09148543414943 45.024237698726274 -8.3529564970121601 -8.3528719906215709 8.5225960403219148 6.018940854726587 13.152981536339453 -12.591704479110575 -2.8421855847444228 -1.5417344464691256 2.3390743969414238 -0.24702820778593476 4.5749988658488565 -2.8712887454825595
leaf_weight=57 39 30 31 43 45 45 38 37 58 40 34 32 59 32 49 85 109 39
leaf_count=57 39 30 31 43 45 45 38 37 58 40 34 32 59 32 49 85 109 39
internal_value=-1.28297 13.2107 -2.48498 -10.4421 1.16728 2.41186 10.5482 -2.56876 -3.77695 -8.63236 0.829764 -2.03961 0.00079475 -7.07782 -2.5033 1.22531 2.46319 0.0292414
internal_weight=902 69 833 262 571 540 205 335 205 147 160 104 290 64 126 253 194 88
internal_count=902 69 833 262 571 540 205 335 205 147 160 104 290 64 126 253 194 88
is_linear=0
shrinkage=0.05


Tree=120
num_leaves=23
num_cat=0
split_feature=24 6 2 24 29 1 24 6 21 15 24 27 25 5 25 21 24 21 4 26 7 6
split_gain=7.75973e+06 1.6289e+07 1.28116e+07 1.63069e+07 1.36444e+07 5.88089e+06 8.03329e+06 4.2922e+06 4.26151e+06 3.83221e+06 5.94695e+06 1.21164e+06 1.185e+06 2.20727e+06 1.74439e+06 1.48688e+06 1.1476e+06 1.22815e+06 404627 438574 395723 89075
threshold=4815.7416666666677 2.1500000000000008 4.6500000000000012 993.33400000000017 -1.0000000180025095e-35 0.65000000000000013 12548.611111111113 3.5500000000000003 0.93299242424242423 1.0000000180025095e-35 7996.030555555556 0.91236630913977501 23.121180000000003 27.025000000000002 13.062565000000001 0.64182307975686148 8338.8888888888905 0.89114144641301196 1016.1500000000002 6.5000000000000018 23.350000000000005 3.3500000000000001
decision_type=2 2 2 2 2 2 2 2 2 2 2 2 2 2 2 2 2 2 2 2 2 2
left_child=1 -1 3 -3 -4 6 -2 -6 -8 12 11 -11 14 15 18 -14 20 -18 21 -20 -16 -7
right_child=5 2 4 -5 7 9 8 -9 -10 10 -12 -13 13 -15 16 -17 17 -19 19 -21 -22 -23
leaf_value=16.83928836051243 -26.31782571788278 -52.61613352723473 17.037765611488535 -8.2899673877261275 -25.61799614347261 -2.0021012654141805 12.05308953014481 -3.4076949492055628 -11.291084348576149 12.000638039395739 29.632415197133255 -0.34667499736086643 -16.296837657808918 5.2096346462380856 5.9776363582862402 -2.1894443940640684 18.90700061836116 4.5913293185820221 5.2055773099670022 -1.8922471115399766 -1.6448984800148587 -5.4319999279312574
leaf_weight=48 44 42 44 41 55 38 39 36 39 31 31 55 35 45 35 40 30 30 39 49 33 38
leaf_count=48 44 42 44 41 55 38 39 36 39 31 31 55 35 45 35 40 30 30 39 49 33 38
internal_value=-2.31059 -9.50431 -15.3098 -30.7565 -5.79722 0.629782 -9.26144 -16.8449 0.381426 2.91226 10.894 4.11281 0.643501 -3.53756 2.36239 -8.7859 6.73438 11.7688 -1.05189 1.25566 2.28141 -3.722
internal_weight=917 266 218 83 135 651 122 91 78 529 117 86 412 120 292 75 128 60 164 88 68 76
internal_count=917 266 218 83 135 651 122 91 78 529 117 86 412 120 292 75 128 60 164 88 68 76
is_linear=0
shrinkage=0.05


Tree=121
num_leaves=16
num_cat=0
split_feature=24 3 26 1 0 26 1 0 7 0 5 25 28 3 24
split_gain=7.00498e+06 1.34876e+07 2.26386e+07 2.12644e+07 1.72369e+07 9.29862e+06 5.36113e+06 5.9691e+06 1.48827e+07 1.10105e+06 909580 854541 809159 637967 362049
threshold=4815.7416666666677 83.500000000000014 7.9000000000000004 0.22500000000000003 316.75000000000006 9.8500000000000032 0.29166666666666669 487.30000000000007 16.950000000000003 1003.85 27.150000000000002 23.703120000000002 0.1839915361961291 60.350000000000001 7260.5833333333339
decision_type=2 2 2 2 2 2 2 2 2 2 2 2 2 2 2
left_child=1 2 3 -1 -4 -6 -2 8 -8 -9 11 12 14 -14 -11
right_child=6 -3 4 -5 5 -7 7 9 -10 10 -12 -13 13 -15 -16
leaf_value=33.073827835724359 -15.83790661652538 -34.996433811233054 -44.002121464799096 -10.274703925433643 14.854927743525662 -22.624592551147828 -9.1927840680921147 -8.902694281553611 29.737305229599549 1.310242218320405 8.1419721988988396 -6.5512151544788457 -3.855425623652414 1.3114435660027925 6.3467623536082947
leaf_weight=57 46 42 45 56 33 33 43 35 57 88 34 49 123 116 60
leaf_count=57 46 42 45 56 33 33 43 35 57 88 34 49 123 116 60
internal_value=-2.19522 -9.03015 -4.148 11.6012 -20.1771 -3.89063 0.598494 1.85062 13.0049 -0.360264 0.277622 -0.337368 0.450874 -1.34814 3.35502
internal_weight=917 266 224 113 111 66 651 605 100 505 470 436 387 239 148
internal_count=917 266 224 113 111 66 651 605 100 505 470 436 387 239 148
is_linear=0
shrinkage=0.05


Tree=122
num_leaves=22
num_cat=0
split_feature=24 6 0 3 26 2 2 26 0 0 6 14 25 0 5 21 28 24 24 3 21
split_gain=6.36193e+06 1.40502e+07 2.38483e+07 1.06582e+07 1.70692e+07 1.05039e+07 7.28399e+06 4.11824e+06 1.145e+07 4.17582e+06 7.39133e+06 5.88814e+06 806706 2.24212e+06 2.00588e+06 1.44475e+06 835094 651439 552996 303569 211964
threshold=5027.7777777777783 2.1500000000000008 3050.0000000000005 77.350000000000009 7.9000000000000004 6.2500000000000009 11.450000000000001 9.8500000000000032 1310.8000000000002 26.500000000000004 4.1500000000000012 147.00000000000003 23.034172500000004 1108.5500000000004 26.750000000000004 0.64182307975686148 0.055916990100603255 7068.0555555555557 6586.1111111111122 61.350000000000001 0.88361423220973789
decision_type=2 2 2 2 2 2 2 2 2 2 2 2 2 2 2 2 2 2 2 2 2
left_child=1 -1 3 4 -3 -5 -6 9 -9 10 11 -2 13 -11 15 -14 18 -18 -15 -19 -10
right_child=7 2 -4 5 6 -7 -8 8 20 12 -12 -13 14 16 -16 -17 17 19 -20 -21 -22
leaf_value=16.157929311571895 -36.700232314746643 7.0695564627009917 18.153517164647454 -59.169678357483114 -46.523900914961295 -17.617019486031264 -12.978389069045088 33.519001704017441 -2.8124331780842375 15.18163624776162 8.4769136169525776 -6.0979387953202178 -15.428490714803118 0.32056254542947105 5.1261719063683095 -1.0637337856345559 -7.4995957658370092 -2.0586089441453388 8.0838889273938204 2.4386578109632366 2.2779987989632615
leaf_weight=48 30 56 47 31 34 30 31 34 51 30 33 33 34 41 49 36 33 73 52 77 34
leaf_count=48 30 56 47 31 34 30 31 34 51 30 33 33 34 41 49 36 33 73 52 77 34
internal_value=-2.0858 -8.4147 -13.5701 -21.768 -13.1585 -38.7963 -30.5699 0.654311 9.04251 -1.26297 -10.6757 -20.7056 0.865197 2.22351 -2.62651 -8.05303 0.810016 -1.15074 4.66542 0.250041 -0.775917
internal_weight=917 277 229 182 121 61 65 640 119 521 96 63 425 306 119 70 276 183 93 150 85
internal_count=917 277 229 182 121 61 65 640 119 521 96 63 425 306 119 70 276 183 93 150 85
is_linear=0
shrinkage=0.05


Tree=123
num_leaves=15
num_cat=0
split_feature=4 20 21 8 3 20 1 20 21 7 1 7 4 29
split_gain=5.79528e+06 5.83198e+06 8.85261e+06 4.69724e+06 1.0842e+07 5.99112e+06 1.83018e+07 9.75375e+06 7.96805e+06 6.92197e+06 9.62473e+06 4.94925e+06 790596 481846
threshold=994.55000000000007 21.245800000000006 0.78758003500649332 -3.9499999999999997 36.150000000000006 5.3768000000000002 0.65000000000000013 6.8062500000000012 0.95147937203358901 18.450000000000003 0.65000000000000013 24.350000000000005 1023.85 0.6078576107927941
decision_type=2 2 2 2 2 2 2 2 2 2 2 2 2 2
left_child=-1 3 -3 -2 -5 6 -6 8 -7 10 -9 -11 13 -8
right_child=1 2 -4 4 5 7 12 9 -10 11 -12 -13 -14 -15
leaf_value=19.233146014934185 -19.958042941280723 -37.051192534563945 -1.6922222341572881 28.200762014910339 -35.912416172998739 34.451488278777319 -5.2703112250556394 -35.539095651563201 -0.10792826287616104 6.9484139909650438 -2.959223192640879 -4.2052825866356995 6.090170618530232 2.1954262865253908
leaf_weight=31 33 30 43 31 49 36 59 33 31 193 72 205 37 34
leaf_count=31 33 30 43 31 49 36 59 33 31 193 72 205 37 34
internal_value=-1.982 -2.72639 -16.2542 -1.50986 -0.726892 -1.92778 -9.90486 0.578597 18.4849 -1.80973 -13.2227 1.20379 -0.0819064 -2.54142
internal_weight=917 886 73 813 780 749 179 570 67 503 105 398 130 93
internal_count=917 886 73 813 780 749 179 570 67 503 105 398 130 93
is_linear=0
shrinkage=0.05


Tree=124
num_leaves=18
num_cat=0
split_feature=6 25 24 1 27 24 1 24 21 7 27 24 5 25 24 3 14
split_gain=5.86825e+06 5.70014e+06 1.17815e+07 7.59357e+06 5.21785e+07 7.30393e+06 5.95178e+06 5.52528e+06 3.22077e+06 2.56356e+06 4.56274e+06 1.91656e+06 1.38638e+06 1.07332e+06 948504 543172 542676
threshold=6.1500000000000012 24.437525000000004 2578.7888888888892 1.0000000180025095e-35 0.54162280503947546 3805.416666666667 0.65000000000000013 12548.611111111113 0.93299242424242423 16.950000000000003 0.88606241628642846 2370.4750000000008 26.750000000000004 23.034172500000004 7870.3694444444454 40.45000000000001 92.500000000000014
decision_type=2 2 2 2 2 2 2 2 2 2 2 2 2 2 2 2 2
left_child=1 3 -3 4 -1 11 7 -7 -9 15 13 -5 -4 -11 -14 -8 -17
right_child=-2 2 12 5 -6 6 9 8 -10 10 -12 -13 14 -15 -16 16 -18
leaf_value=49.141304334385431 -20.348123929100318 -35.366427845968481 -9.176838089925857 -8.105499598529434 -24.575358238137468 -25.080931844235721 -6.5241139514442752 9.8811645888129753 -12.013940041226027 5.3081051693305179 21.562872335031251 -23.223183542286634 -3.4226253828435085 -4.3121828433794853 8.8315697676667551 2.6667552202567819 -3.0241548266118334
leaf_weight=50 41 35 39 47 46 38 34 33 34 167 43 38 31 35 32 104 70
leaf_count=50 41 35 39 47 46 38 34 33 34 167 43 38 31 35 32 104 70
internal_value=-1.88315 -1.01669 -10.3802 0.720337 13.8299 -1.23876 0.842014 -9.87814 -1.23106 3.32846 6.79309 -14.8834 -1.78026 3.63989 2.80578 -0.753755 0.376858
internal_weight=917 876 137 739 96 643 558 105 67 453 245 85 102 202 63 208 174
internal_count=917 876 137 739 96 643 558 105 67 453 245 85 102 202 63 208 174
is_linear=0
shrinkage=0.05


Tree=125
num_leaves=16
num_cat=0
split_feature=0 21 24 0 24 7 7 7 20 6 1 29 21 30 14
split_gain=1.59108e+07 3.03838e+07 1.08436e+07 9.80157e+06 4.46953e+07 6.54004e+06 1.34327e+07 1.18813e+07 6.32598e+06 5.13266e+06 5.36197e+06 8.59214e+06 2.71971e+06 1.04885e+06 628812
threshold=4.1000000000000005 0.70665995783017077 13596.297222222223 795.45000000000016 1173.3340000000003 28.250000000000004 30.250000000000004 27.150000000000002 6.6900000000000004 1.8500000000000003 0.65000000000000013 1.0000000180025095e-35 0.54519255050505067 -0.22252093395631442 280.00000000000006
decision_type=2 2 2 2 2 2 2 2 2 2 2 2 2 2 2
left_child=1 -1 3 4 -2 7 -7 9 -3 -5 11 -11 -6 -14 -12
right_child=2 8 -4 5 12 6 -8 -9 -10 10 14 -13 13 -15 -16
leaf_value=59.427950794303165 -67.829918113782099 -16.532195091881231 27.104862075756603 -17.693445566632928 7.8652435330939161 -37.937337165728799 3.4586702963418627 31.798718709117733 13.340128770726464 32.55751509738473 0.53153971508337006 -3.7665560808508567 -1.1638394713866005 -14.170128628898695 -3.8121224544625996
leaf_weight=32 31 30 31 38 54 33 48 31 43 33 272 32 32 30 120
leaf_count=32 31 30 31 38 54 33 48 31 43 33 272 32 32 30 120
internal_value=0.616844 18.8866 -1.82896 -3.022 -14.6015 -0.215773 -13.4323 1.82163 1.05794 -0.0617591 1.40787 14.6965 -0.330495 -7.46997 -0.798773
internal_weight=890 105 785 754 147 607 81 526 73 495 457 65 116 62 392
internal_count=890 105 785 754 147 607 81 526 73 495 457 65 116 62 392
is_linear=0
shrinkage=0.05


Tree=126
num_leaves=18
num_cat=0
split_feature=0 2 24 27 0 24 4 1 25 21 24 22 11 21 27 9 3
split_gain=1.43638e+07 3.2546e+07 9.78961e+06 9.00292e+06 8.84928e+06 4.03508e+07 5.01688e+06 7.68465e+06 2.22343e+07 2.4552e+06 1.28624e+06 1.54376e+06 946920 765564 750121 484919 288061
threshold=4.1000000000000005 7.7000000000000002 13596.297222222223 0.95236875646279973 795.45000000000016 1173.3340000000003 997.25000000000011 0.65000000000000013 18.136780000000005 0.54519255050505067 7225.3083333333334 -0.6830127018922193 2.5000000000000004 0.66359704641350226 -0.12447811117596669 0.65000000000000002 75.950000000000017
decision_type=2 2 2 2 2 2 2 2 2 2 2 2 2 2 2 2 2
left_child=1 -1 4 -3 5 -2 -6 8 -8 -7 11 -9 -11 14 -12 -13 -15
right_child=2 3 -4 -5 6 9 7 10 -10 12 13 15 -14 16 -16 -17 -18
leaf_value=58.093448368195567 -64.449326037440656 13.881542120420731 25.75397699600822 -22.109900177356806 -16.647129769557591 7.4727082494005916 -11.821288016474739 -13.711926515404427 39.031044222457446 -13.463976078096813 -6.2182272614337837 -0.85070481069941306 -1.1058289271648798 1.5822627031970957 1.6501539379016859 -7.3135204245099237 6.1585589758174386
leaf_weight=34 31 41 31 30 43 54 41 37 45 30 60 122 32 110 61 38 50
leaf_count=34 31 41 31 30 43 54 41 37 45 30 60 122 32 110 61 38 50
internal_value=0.586075 17.9449 -1.73779 -1.33575 -2.87136 -13.874 -0.204941 1.05135 14.8019 -0.314292 -1.42516 -4.52176 -7.09771 0.746584 -2.25339 -2.38926 3.01534
internal_weight=890 105 785 71 754 147 607 564 86 116 478 197 62 281 121 160 160
internal_count=890 105 785 71 754 147 607 564 86 116 478 197 62 281 121 160 160
is_linear=0
shrinkage=0.05


Tree=127
num_leaves=16
num_cat=0
split_feature=0 2 24 24 0 24 7 7 7 6 1 29 7 11 24
split_gain=1.29671e+07 2.93822e+07 8.83815e+06 8.6614e+06 7.98939e+06 3.64286e+07 5.95895e+06 1.22901e+07 1.06112e+07 4.62961e+06 4.63488e+06 7.70189e+06 2.24334e+06 1.5545e+06 579930
threshold=4.1000000000000005 7.7000000000000002 13596.297222222223 11435.186111111112 795.45000000000016 1173.3340000000003 28.250000000000004 30.250000000000004 27.150000000000002 1.8500000000000003 0.65000000000000013 1.0000000180025095e-35 20.550000000000004 2.5000000000000004 8627.7777777777792
decision_type=2 2 2 2 2 2 2 2 2 2 2 2 2 2 2
left_child=1 -1 4 -3 5 -2 8 -8 9 -6 11 -11 -7 -14 -12
right_child=2 3 -4 -5 6 12 7 -9 -10 10 14 -13 13 -15 -16
leaf_value=55.197293813487306 -61.237221571256875 -21.07021321729065 24.470418065920519 14.090143134052916 -16.775242381239813 7.5427495489848333 -36.250173150538679 3.3460623017467732 30.079570338503729 30.631201109353153 -2.1268349459664084 -3.759132489831277 -14.05086058994074 1.3999591956628816 1.8793486241919195
leaf_weight=34 31 31 31 40 38 51 33 48 31 33 251 32 33 32 141
leaf_count=34 31 31 31 40 38 51 33 48 31 33 251 32 33 32 141
internal_value=0.556748 17.05 -1.65125 -1.26953 -2.72832 -13.1828 -0.194762 -12.8105 1.75002 -0.0298612 1.36589 13.7207 -0.298883 -6.45376 -0.685711
internal_weight=890 105 785 71 754 147 607 81 526 495 457 65 116 65 392
internal_count=890 105 785 71 754 147 607 81 526 495 457 65 116 65 392
is_linear=0
shrinkage=0.05


Tree=128
num_leaves=16
num_cat=0
split_feature=0 4 8 24 22 0 24 7 24 24 28 24 24 21 21
split_gain=1.17061e+07 2.64177e+07 2.95815e+07 7.97911e+06 7.21861e+06 4.74411e+06 1.097e+07 3.17283e+06 7.95864e+06 7.61758e+06 1.82645e+07 1.65322e+06 768335 648502 580544
threshold=4.1000000000000005 1008.5500000000001 7.0500000000000007 13596.297222222223 -0.93301270189221908 93.850000000000009 2189.2857142857151 12.750000000000002 5308.2027777777794 1.0000000180025095e-35 -0.52705818521824699 3622.916666666667 7754.6277777777786 0.19828582434514638 1.8436111111111113
decision_type=2 2 2 2 2 2 2 2 2 2 2 2 2 2 2
left_child=1 -1 -3 4 -2 6 -6 8 -7 10 -9 -11 -13 -10 -15
right_child=3 2 -4 -5 5 7 -8 9 13 11 -12 12 -14 14 -16
leaf_value=54.867871751202642 -20.549313536211994 36.103787609944092 -27.618063637196595 23.250831394563534 -34.661781598289927 -29.087764382599996 3.8206255497105617 -1.7500013110046932 -4.7750035120493495 -10.055386399890873 45.55281709421461 -1.9114685606849389 2.8695773914727982 7.8237705379625488 -1.1054951965162398
leaf_weight=31 52 32 42 31 33 30 42 56 53 43 32 178 159 30 46
leaf_count=31 52 32 42 31 33 30 42 56 53 43 32 178 159 30 46
internal_value=0.528986 16.1998 -0.0510647 -1.5689 -2.5923 -1.25941 -13.1352 0.163001 -5.93694 2.23625 15.4831 -0.834701 0.344444 -0.534628 2.4248
internal_weight=890 105 74 785 754 702 75 627 159 468 88 380 337 129 76
internal_count=890 105 74 785 754 702 75 627 159 468 88 380 337 129 76
is_linear=0
shrinkage=0.05


Tree=129
num_leaves=16
num_cat=0
split_feature=0 2 27 24 0 24 7 7 20 9 4 1 24 21 11
split_gain=1.05687e+07 2.5037e+07 8.67338e+06 7.20351e+06 6.608e+06 3.21158e+07 5.26562e+06 1.09424e+07 1.02759e+07 5.84608e+06 3.19923e+06 8.84119e+06 4.31994e+06 2.13666e+06 764885
threshold=4.1000000000000005 7.7000000000000002 0.95236875646279973 13596.297222222223 795.45000000000016 1173.3340000000003 28.250000000000004 30.250000000000004 20.397750000000002 7.8500000000000005 1011.0500000000001 0.65000000000000013 4671.2972222222224 0.54519255050505067 2.5000000000000004
decision_type=2 2 2 2 2 2 2 2 2 2 2 2 2 2 2
left_child=1 -1 -3 4 5 -2 8 -8 9 10 11 -6 -12 -7 -15
right_child=3 2 -4 -5 6 13 7 -9 -10 -11 12 -13 -14 14 -16
leaf_value=50.606661999889837 -57.09105562228482 13.419001687646201 -21.907627420013529 22.09202804810748 25.826810830871178 7.3900534004028096 -34.13516287558749 3.2268929795267187 30.035598335313644 -17.876237099527462 -19.557576874674709 0.63601731012881313 0.32346346745857502 -11.924018183855519 -0.81769889114059024
leaf_weight=34 31 41 30 31 45 54 33 48 30 42 31 153 225 30 32
leaf_count=34 31 41 30 31 45 54 33 48 30 42 31 153 225 30 32
internal_value=0.502776 15.3929 -1.51749 -1.49059 -2.46298 -11.9707 -0.158835 -12.0179 1.6693 -0.0520967 1.6004 6.37137 -2.09068 0.126019 -6.20235
internal_weight=890 105 71 785 754 147 607 81 526 496 454 198 256 116 62
internal_count=890 105 71 785 754 147 607 81 526 496 454 198 256 116 62
is_linear=0
shrinkage=0.05


Tree=130
num_leaves=16
num_cat=0
split_feature=3 3 27 3 4 0 26 1 1 0 4 0 1 0 0
split_gain=5.9146e+06 6.08448e+06 1.31602e+07 1.27085e+07 5.85442e+06 2.62459e+07 8.86243e+06 3.36688e+07 2.24094e+07 1.78819e+07 9.00645e+06 1.56289e+06 1.15941e+06 1.75185e+06 341353
threshold=33.050000000000004 43.050000000000004 0.1670500785599974 47.350000000000001 999.05000000000007 1454.5000000000002 5.5500000000000016 0.36666666666666675 0.45000000000000007 15.750000000000002 1012.35 776.45000000000016 0.90000000000000013 1454.5000000000002 1991.5000000000002
decision_type=2 2 2 2 2 2 2 2 2 2 2 2 2 2 2
left_child=-1 2 -2 -3 5 -5 7 -6 9 10 -8 -9 13 -10 -13
right_child=1 3 -4 4 6 -7 8 11 12 -11 -12 14 -14 -15 -16
leaf_value=20.641123344927038 8.0800417299953935 30.19267676079378 -35.938896596794976 33.711786523185502 50.023537794837004 -16.56306701551804 11.957522588949708 -14.612992984353506 -7.5725982011509316 -45.658967217516334 -23.997112733986125 2.8514539243374948 7.0609167239437358 1.0058771650012328 -3.5433959524799548
leaf_weight=33 32 34 36 55 36 49 32 30 78 55 38 30 51 250 68
leaf_count=33 32 34 36 55 36 49 32 30 78 55 38 30 51 250 68
internal_value=-0.105527 -0.891144 -15.2426 0.321381 -0.997928 10.0314 -2.71632 7.3767 -6.00138 -24.3506 -7.56703 -4.64737 0.0552962 -1.0358 -1.58483
internal_weight=907 874 68 806 772 104 668 164 504 125 70 128 379 328 98
internal_count=907 874 68 806 772 104 668 164 504 125 70 128 379 328 98
is_linear=0
shrinkage=0.05


Tree=131
num_leaves=18
num_cat=0
split_feature=1 24 1 30 0 0 24 4 11 0 0 24 3 0 24 24 23
split_gain=5.35274e+06 7.50997e+06 6.50171e+06 2.05972e+07 3.90242e+07 9.97699e+06 1.1246e+07 1.38812e+06 482526 1.50572e+06 1.40657e+06 727060 524398 658246 480430 401971 363302
threshold=1.2500000000000002 2370.4750000000008 1.0000000180025095e-35 -0.56174490092936669 2176.2500000000005 4.9500000000000011 13296.297222222223 996.90000000000009 3.5000000000000004 1211.4000000000003 1572.95 10488.888888888891 50.400000000000006 2427.1500000000005 6159.7222222222226 4762.8972222222228 0.25000000000000017
decision_type=2 2 2 2 2 2 2 2 2 2 2 2 2 2 2 2 2
left_child=2 -2 3 -1 -5 6 -4 -7 9 11 -10 -9 13 -11 -12 -14 -16
right_child=1 -3 5 4 -6 7 -8 8 10 12 14 -13 15 -15 16 -17 -18
leaf_value=-17.522686576050187 -0.40459620771640936 30.968881943366984 -34.249053871468327 52.690767073000046 -14.763805482518954 9.0711172884160813 -1.3728161921384421 -3.1010374029767487 10.698802783877349 -9.4905317937499429 -6.6941229191623695 -12.173315898228337 -4.8514121907890049 0.56459873995027066 3.7289369728456609 1.346112694963999 -2.0909877209507175
leaf_weight=48 47 32 51 49 38 34 53 41 30 33 31 48 30 32 46 200 64
leaf_count=48 47 32 51 49 38 34 53 41 30 33 31 48 30 32 46 200 64
internal_value=-0.100152 12.3267 -1.28715 8.74733 23.2447 -3.24291 -17.5123 -0.72081 -1.32221 -2.30585 0.886694 -8.00218 -0.585152 -4.54697 -1.20706 0.535961 0.34393
internal_weight=907 79 828 135 87 693 104 589 555 384 171 89 295 65 141 230 110
internal_count=907 79 828 135 87 693 104 589 555 384 171 89 295 65 141 230 110
is_linear=0
shrinkage=0.05


Tree=132
num_leaves=16
num_cat=0
split_feature=3 3 27 3 4 0 0 28 24 0 9 3 14 24 2
split_gain=5.36278e+06 5.36504e+06 1.15929e+07 1.154e+07 4.94389e+06 2.29541e+07 7.60051e+06 1.36425e+07 2.49866e+07 7.909e+06 1.56916e+07 5.24968e+06 4.07649e+06 4.84412e+06 2.12051e+06
threshold=33.050000000000004 43.050000000000004 0.1670500785599974 47.350000000000001 999.05000000000007 1454.5000000000002 1730.0500000000002 0.85195127662188896 993.33400000000017 2222.0500000000006 0.65000000000000002 51.70000000000001 87.500000000000014 7013.8888888888896 15.597000000000003
decision_type=2 2 2 2 2 2 2 2 2 2 2 2 2 2 2
left_child=-1 2 -2 -3 5 -5 7 8 -6 10 -8 -10 13 -11 -14
right_child=1 3 -4 4 6 -7 9 -9 11 12 -12 -13 14 -15 -16
leaf_value=19.660010496871351 7.570345330312616 28.760368094626063 -33.744334712781402 31.319389075332893 -54.823238940571628 -15.696976456914072 -1.6293058919346732 19.42489855235949 -25.316797088136127 -26.571187594159241 42.180889664367498 -4.0049130151403523 8.1886036174334205 -0.78873311043326277 -2.7653768088648576
leaf_weight=33 32 34 36 55 30 49 51 40 33 31 34 228 84 44 93
leaf_count=33 32 34 36 55 30 49 51 40 33 31 34 228 84 44 93
internal_value=-0.0951325 -0.843206 -14.3195 0.295381 -0.961815 9.1736 -2.54093 -7.92133 -11.6857 2.74445 15.9237 -6.7082 -1.70546 -11.4667 2.43478
internal_weight=907 874 68 806 772 104 668 331 291 337 85 261 252 75 177
internal_count=907 874 68 806 772 104 668 331 291 337 85 261 252 75 177
is_linear=0
shrinkage=0.05


Tree=133
num_leaves=14
num_cat=0
split_feature=14 14 1 0 11 1 6 9 8 14 14 20 20
split_gain=5.40658e+06 1.35581e+07 7.2357e+06 8.94472e+06 1.45158e+07 3.19454e+07 6.61406e+06 5.808e+06 4.31531e+06 6.1401e+06 3.2039e+06 3.62045e+06 8.42004e+06
threshold=15.000000000000002 34.000000000000007 1.2500000000000002 756.05000000000007 1.0000000180025095e-35 0.14583333333333334 2.8500000000000001 15.65 9.0500000000000025 115.00000000000001 58.000000000000007 20.916100000000004 19.325250000000004
decision_type=2 2 2 2 2 2 2 2 2 2 2 2 2
left_child=-1 -2 3 4 -3 -6 -4 10 -7 -10 -5 12 -12
right_child=1 2 6 7 5 8 -8 -9 9 -11 11 -13 -14
leaf_value=-19.051373773532561 27.708150007719354 16.470330443711536 -2.6170424892204753 -14.175263923940145 -63.119366523767212 5.0829551888107014 28.298902050796375 17.587676115191396 -31.448084332015355 -3.9852577138471519 0.080128422749059111 -12.102388546471683 25.683955801042739
leaf_weight=36 44 39 31 39 31 48 39 49 31 59 377 49 35
leaf_count=36 44 39 31 39 31 48 39 49 31 59 377 49 35
internal_value=-0.0904216 0.69536 -0.745008 -2.16787 -10.9952 -17.3394 14.6233 1.17792 -7.01719 -13.4691 -0.433417 0.731937 2.26093
internal_weight=907 871 827 757 208 169 70 549 138 90 500 461 412
internal_count=907 871 827 757 208 169 70 549 138 90 500 461 412
is_linear=0
shrinkage=0.05


Tree=134
num_leaves=19
num_cat=0
split_feature=1 26 3 27 1 24 0 21 28 24 1 0 28 21 24 20 24 28
split_gain=5.41214e+06 2.14798e+07 3.42449e+07 4.52885e+07 6.16747e+06 4.82987e+06 3.71997e+06 1.07724e+07 8.16946e+06 1.61768e+06 4.54513e+06 923440 1.18234e+06 638582 632322 525416 366722 197249
threshold=1.0000000180025095e-35 5.450000000000002 75.700000000000003 0.56314550935064711 0.29166666666666669 4563.6583333333338 487.30000000000007 0.91923217666618939 -0.11593459959550052 2141.428571428572 0.90000000000000013 1211.4000000000003 -0.24284072672761489 0.95673647932131523 8659.7222222222244 20.397750000000002 7557.6388888888896 0.89771014032557062
decision_type=2 2 2 2 2 2 2 2 2 2 2 2 2 2 2 2 2 2
left_child=1 -1 3 -3 -2 9 7 8 -7 -6 -11 -8 15 14 -14 16 -13 -15
right_child=4 2 -4 -5 5 6 11 -9 -10 10 -12 12 13 17 -16 -17 -18 -19
leaf_value=45.604511503851306 -18.8495696298945 63.426931180984639 -41.970683658089058 -17.901184888524334 -2.1396227080212316 4.8843205249215673 -6.658994239623798 -12.939695899846548 38.609823400883386 -4.3766127277537414 -29.073743907953816 3.9091677237603424 -6.7780872255747484 1.825241246568015 -0.31558823444672279 -0.28839009381715047 10.517471843831849 -2.6074748312572829
leaf_weight=31 49 31 35 38 48 38 54 35 34 49 30 58 81 115 71 45 33 32
leaf_count=31 49 31 35 38 48 38 54 35 34 49 30 58 81 115 71 45 33 32
internal_value=-0.0860412 9.14631 -1.75436 18.6764 -1.70149 -0.536856 1.34999 9.78996 20.8418 -9.38582 -13.7802 -0.498401 0.267706 -1.49034 -3.76164 4.13111 6.31456 0.859146
internal_weight=907 135 104 69 772 723 596 107 72 127 79 489 435 299 152 136 91 147
internal_count=907 135 104 69 772 723 596 107 72 127 79 489 435 299 152 136 91 147
is_linear=0
shrinkage=0.05


Tree=135
num_leaves=15
num_cat=0
split_feature=1 2 29 1 2 24 0 24 7 0 24 27 24 27
split_gain=9.44656e+06 3.02341e+07 6.46358e+07 9.4536e+06 7.36711e+06 6.55565e+06 6.83374e+06 2.89507e+06 2.58034e+06 1.39445e+06 1.19757e+06 662541 1.34542e+06 1.06809e+06
threshold=1.0000000180025095e-35 6.5500000000000007 1.0000000180025095e-35 0.45000000000000007 9.2500000000000018 3538.1944444444448 251.45000000000002 2370.4750000000008 18.150000000000002 872.10000000000014 11905.091666666669 0.43664718845046319 6269.4444444444453 0.7206604759859373
decision_type=2 2 2 2 2 2 2 2 2 2 2 2 2 2
left_child=1 2 -1 4 -2 7 8 -5 -7 -8 11 12 -11 -13
right_child=3 -3 -4 5 -6 6 9 -9 -10 10 -12 13 -14 -15
leaf_value=-11.560000107702706 -29.705325705844857 -13.326349855413126 85.87214925555665 -4.3286476634427631 -2.8178580892961578 8.0213778175784896 -9.2968191083464369 -22.854728278959541 28.779338007195054 -8.559673863510163 10.490584060000508 10.119850102306282 0.67965213354972087 0.9130797167869078
leaf_weight=35 49 58 33 49 53 30 33 37 30 47 33 41 241 135
leaf_count=35 49 58 33 49 53 30 33 37 30 47 33 41 241 135
internal_value=0.487707 13.1827 35.7798 -1.56972 -15.7509 0.572045 2.45249 -12.3165 18.4311 0.640455 1.30202 0.646394 -0.830585 3.0624
internal_weight=904 126 68 778 102 676 590 86 60 530 497 464 288 176
internal_count=904 126 68 778 102 676 590 86 60 530 497 464 288 176
is_linear=0
shrinkage=0.05


Tree=136
num_leaves=15
num_cat=0
split_feature=24 2 29 0 24 28 24 0 2 0 24 24 4 3
split_gain=8.5286e+06 2.7294e+07 5.83522e+07 7.0292e+06 1.19665e+07 5.86256e+06 1.6149e+06 2.87757e+06 1.46282e+06 1.35607e+06 1.08591e+06 864280 714953 596287
threshold=1.0000000180025095e-35 6.5500000000000007 1.0000000180025095e-35 4.9500000000000011 10393.519444444446 0.090251610031040944 4604.166666666667 316.75000000000006 15.597000000000003 872.10000000000014 11905.091666666669 2510.0000000000005 998.10000000000014 82.350000000000009
decision_type=2 2 2 2 2 2 2 2 2 2 2 2 2 2
left_child=1 2 -1 4 -2 -6 8 -8 -5 -9 12 -10 -11 -14
right_child=3 -3 -4 6 5 -7 7 9 11 10 -12 -13 13 -15
leaf_value=-10.983646275175262 -33.350238562197909 -12.661179892906018 81.591513916661015 1.1075147763787079 12.118159141447713 -16.65457898727184 14.041321057620568 -9.7114294920252799 -3.9707025204782074 8.0129863200393618 9.967639733513316 -15.79254932997754 0.90378176484083983 -4.1336362534769817
leaf_weight=35 44 58 33 55 41 31 43 30 30 30 33 32 338 71
leaf_count=35 44 58 33 55 41 31 43 30 30 30 33 32 338 71
internal_value=0.463556 12.526 33.9963 -1.49135 -12.8393 -0.275951 0.498745 1.64311 -4.82865 0.578516 1.23447 -10.088 0.575855 0.0285067
internal_weight=904 126 68 778 116 72 662 545 117 502 472 62 439 409
internal_count=904 126 68 778 116 72 662 545 117 502 472 62 439 409
is_linear=0
shrinkage=0.05


Tree=137
num_leaves=15
num_cat=0
split_feature=24 2 29 0 24 28 24 0 2 0 24 3 4 21
split_gain=7.69999e+06 2.46398e+07 5.26795e+07 6.34549e+06 1.08022e+07 5.29257e+06 1.45791e+06 2.59765e+06 1.32062e+06 1.22427e+06 980356 789572 645478 558454
threshold=1.0000000180025095e-35 6.5500000000000007 1.0000000180025095e-35 4.9500000000000011 10393.519444444446 0.090251610031040944 4604.166666666667 316.75000000000006 15.597000000000003 872.10000000000014 11905.091666666669 64.550000000000011 998.10000000000014 0.80104207436399222
decision_type=2 2 2 2 2 2 2 2 2 2 2 2 2 2
left_child=1 2 -1 4 -2 -6 8 -8 -5 -9 12 -10 -11 -14
right_child=3 -3 -4 6 5 -7 7 9 11 10 -12 -13 13 -15
leaf_value=-10.436028371033844 -31.686507904502545 -12.029209836542915 77.52426286680101 1.0522393595285295 11.513725594476481 -15.824527995609394 13.340883966554344 -9.227471200176252 -3.7385010488009538 7.6136680463619797 9.4707635592838066 -15.037569162481669 -2.0980920448061555 1.6325250806546632
leaf_weight=35 44 58 33 55 41 31 43 30 30 30 33 32 176 233
leaf_count=35 44 58 33 55 41 31 43 30 30 30 33 32 176 233
internal_value=0.440491 11.902 32.3017 -1.41703 -12.199 -0.262465 0.473811 1.56113 -4.58801 0.54964 1.1729 -9.58518 0.547117 0.0270413
internal_weight=904 126 68 778 116 72 662 545 117 502 472 62 439 409
internal_count=904 126 68 778 116 72 662 545 117 502 472 62 439 409
is_linear=0
shrinkage=0.05


Tree=138
num_leaves=16
num_cat=0
split_feature=14 1 14 1 1 1 26 24 1 24 24 7 9 24 9
split_gain=7.04485e+06 2.44009e+07 6.30174e+06 1.8819e+07 3.57694e+06 4.51084e+06 2.33174e+07 4.34915e+06 2.96697e+06 4.28889e+06 1.86218e+06 1.39952e+06 1.362e+06 992860 974230
threshold=56.000000000000007 0.36666666666666675 96.500000000000014 0.45000000000000007 1.2500000000000002 1.0000000180025095e-35 6.950000000000002 2040.0000000000002 0.45000000000000007 11236.111111111113 8672.2222222222244 16.350000000000005 19.900000000000002 4604.166666666667 4.2000000000000002
decision_type=2 2 2 2 2 2 2 2 2 2 2 2 2 2 2
left_child=1 -1 3 -2 5 6 -4 -6 9 -7 -3 -5 13 -10 -15
right_child=2 10 4 11 7 8 -8 -9 12 -11 -12 -13 -14 14 -16
leaf_value=50.652569685901128 -40.426941101386426 -7.2440293841078276 -16.213830798163908 -3.6233985014554473 -0.84640530603022857 -24.370617372561725 34.090994786709992 24.81249236822871 -7.0781553044287442 1.3714198945764686 6.3994667439847381 9.4763422507893988 -9.5820173746050106 -0.092155192295056892 8.7056050700000203
leaf_weight=30 39 52 45 53 34 35 47 32 45 30 48 33 42 304 35
leaf_count=30 39 52 45 53 34 35 47 32 45 30 48 33 42 304 35
internal_value=0.418588 11.184 -1.39077 -11.6661 0.589788 -0.659882 9.49443 11.6129 -2.56408 -12.5057 -0.695251 1.40836 -1.04457 -0.10852 0.818453
internal_weight=904 130 774 125 649 583 92 66 491 65 100 86 426 384 339
internal_count=904 130 774 125 649 583 92 66 491 65 100 86 426 384 339
is_linear=0
shrinkage=0.05


Tree=139
num_leaves=18
num_cat=0
split_feature=14 8 2 14 1 6 1 26 1 1 0 24 7 28 9 14 0
split_gain=6.36018e+06 2.66051e+07 7.16387e+06 5.68875e+06 1.69889e+07 4.48145e+06 1.24518e+07 4.46488e+07 9.49535e+06 8.13397e+06 4.39164e+06 2.22099e+06 1.26342e+06 1.2021e+06 746307 745537 448452
threshold=56.000000000000007 1.9500000000000002 4.8000000000000016 96.500000000000014 0.45000000000000007 2.3500000000000001 1.0000000180025095e-35 6.950000000000002 0.36666666666666675 1.2500000000000002 2.8500000000000005 4671.2972222222224 16.350000000000005 -0.46734190575957718 13.750000000000002 180.00000000000003 2166.7500000000005
decision_type=2 2 2 2 2 2 2 2 2 2 2 2 2 2 2 2 2
left_child=1 2 -1 4 -2 8 7 -7 -5 10 -8 -10 -6 -13 15 -12 -15
right_child=3 -3 -4 5 12 6 9 -9 11 -11 14 13 -14 16 -16 -17 -18
leaf_value=-16.142284737849632 -38.410762967843844 43.900025013183445 12.864564893286451 -28.560023339161013 -3.4425696130301766 -16.594867059596687 -19.681222552112025 62.619782574020569 -12.619973706090173 19.665538840071857 3.6844957364133215 8.0381922682054245 9.0039568702259807 -5.7128634350781953 -7.6512348631321574 -1.9284275989675443 2.2253005872594667
leaf_weight=54 39 41 35 37 53 36 35 35 30 45 88 55 33 36 37 180 35
leaf_count=54 39 41 35 37 53 36 35 35 30 45 88 55 33 36 37 180 35
internal_value=0.397802 10.6267 -4.7334 -1.32138 -11.0842 0.560381 3.26334 22.4877 -5.82424 -0.286839 -2.93262 -0.4169 1.33828 2.49626 -1.00481 -0.0846726 -1.80199
internal_weight=904 130 89 774 125 649 456 71 193 385 340 156 86 126 305 268 71
internal_count=904 130 89 774 125 649 456 71 193 385 340 156 86 126 305 268 71
is_linear=0
shrinkage=0.05


end of trees

feature_importances:
avg_weight_price_ratio=826
trade_quantity=346
avg_weight_kg=269
water_temp_ratio=130
pressure=117
day_of_year_sin=104
day_of_year=102
temp_range=79
day_of_year_cos=79
humidity=78
wind_speed=71
water_temperature=61
max_temperature=58
temp_humidity=56
avg_temperature=53
min_temperature=52
rainfall=44
month_cos=39
day_of_week_sin=37
day_of_week=33
temp_pressure=29
month=18
day_of_week_cos=18
spring=17
month_sin=16
quarter=2
winter=1

parameters:
[boosting: gbdt]
[objective: regression]
[metric: l1]
[tree_learner: serial]
[device_type: cpu]
[data_sample_strategy: bagging]
[data: ]
[valid: ]
[num_iterations: 500]
[learning_rate: 0.05]
[num_leaves: 31]
[num_threads: 0]
[seed: 42]
[deterministic: 0]
[force_col_wise: 0]
[force_row_wise: 0]
[histogram_pool_size: -1]
[max_depth: 8]
[min_data_in_leaf: 30]
[min_sum_hessian_in_leaf: 0.001]
[bagging_fraction: 0.8]
[pos_bagging_fraction: 1]
[neg_bagging_fraction: 1]
[bagging_freq: 5]
[bagging_seed: 400]
[bagging_by_query: 0]
[feature_fraction: 0.8]
[feature_fraction_bynode: 1]
[feature_fraction_seed: 30056]
[extra_trees: 0]
[extra_seed: 12879]
[early_stopping_round: 0]
[early_stopping_min_delta: 0]
[first_metric_only: 0]
[max_delta_step: 0]
[lambda_l1: 0.1]
[lambda_l2: 0.1]
[linear_lambda: 0]
[min_gain_to_split: 0.05]
[drop_rate: 0.1]
[max_drop: 50]
[skip_drop: 0.5]
[xgboost_dart_mode: 0]
[uniform_drop: 0]
[drop_seed: 17869]
[top_rate: 0.2]
[other_rate: 0.1]
[min_data_per_group: 100]
[max_cat_threshold: 32]
[cat_l2: 10]
[cat_smooth: 10]
[max_cat_to_onehot: 4]
[top_k: 20]
[monotone_constraints: ]
[monotone_constraints_method: basic]
[monotone_penalty: 0]
[feature_contri: ]
[forcedsplits_filename: ]
[refit_decay_rate: 0.9]
[cegb_tradeoff: 1]
[cegb_penalty_split: 0]
[cegb_penalty_feature_lazy: ]
[cegb_penalty_feature_coupled: ]
[path_smooth: 0]
[interaction_constraints: ]
[verbosity: -1]
[saved_feature_importance_type: 0]
[use_quantized_grad: 0]
[num_grad_quant_bins: 4]
[quant_train_renew_leaf: 0]
[stochastic_rounding: 1]
[linear_tree: 0]
[max_bin: 255]
[max_bin_by_feature: ]
[min_data_in_bin: 3]
[bin_construct_sample_cnt: 200000]
[data_random_seed: 175]
[is_enable_sparse: 1]
[enable_bundle: 1]
[use_missing: 1]
[zero_as_missing: 0]
[feature_pre_filter: 1]
[pre_partition: 0]
[two_round: 0]
[header: 0]
[label_column: ]
[weight_column: ]
[group_column: ]
[ignore_column: ]
[categorical_feature: ]
[forcedbins_filename: ]
[precise_float_parser: 0]
[parser_config_file: ]
[objective_seed: 16083]
[num_class: 1]
[is_unbalance: 0]
[scale_pos_weight: 1]
[sigmoid: 1]
[boost_from_average: 1]
[reg_sqrt: 0]
[alpha: 0.9]
[fair_c: 1]
[poisson_max_delta_step: 0.7]
[tweedie_variance_power: 1.5]
[lambdarank_truncation_level: 30]
[lambdarank_norm: 1]
[label_gain: ]
[lambdarank_position_bias_regularization: 0]
[eval_at: ]
[multi_error_top_k: 1]
[auc_mu_weights: ]
[num_machines: 1]
[local_listen_port: 12400]
[time_out: 120]
[machine_list_filename: ]
[machines: ]
[gpu_platform_id: -1]
[gpu_device_id: -1]
[gpu_use_dp: 0]
[num_gpu: 1]

end of parameters

pandas_categorical:[]
