tree
version=v4
num_class=1
num_tree_per_iteration=1
label_index=0
max_feature_idx=30
objective=regression
feature_names=trade_quantity avg_weight_kg water_temperature humidity pressure avg_temperature wind_speed max_temperature min_temperature rainfall month day_of_week is_weekend quarter day_of_year spring summer fall winter peak_season temp_humidity water_temp_ratio month_sin month_cos avg_weight_price_ratio temp_pressure temp_range day_of_year_sin day_of_year_cos day_of_week_sin day_of_week_cos
feature_infos=[1:4641.5] [0:2.5] [-0.69999999999999996:28.199999999999999] [20:99.900000000000006] [984:1034.7] [-8.1999999999999993:31.5] [0.90000000000000002:11.699999999999999] [-5.2999999999999998:36.700000000000003] [-12.199999999999999:27.600000000000001] [0:208.69999999999999] [1:12] [0:5] [0:1] [1:4] [2:364] [0:1] [0:1] [0:1] [0:1] [0:1] [-6.3121:25.866200000000003] [-52.500000000000014:31.500000000000007] [-1:1] [-1:1] [0:22500] [-8.3033199999999994:31.666949999999996] [1.2000000000000028:16.699999999999999] [-0.99991665865473789:0.99991665865473789] [-0.99996295911626554:0.99985183920911624] [-0.97492791218182362:0.97492791218182362] [-0.90096886790241903:1]
tree_sizes=1213 1237 1236 1156 1067 1149 1069 1236 1235 1152 1046 987 992 1067 1073 1150 1150 1153 1238 1157 1054 1066 1241 1242 1241 1149 1153 1151 1158 1238 1069 987 991 1229 1240 1156 972 1069 1325 1068 1240 1247 1240 1235 1237 1241 1237 1242 1075 1239 1319 1322 1147 1160 1078 1318 1070 1240 1248 1160 1248 1168 1333 1162 1070 1325 1243 1246 1326 1322 1153 1155 1155 1137 1139 1242 1165 1243 1239 1155 1151 1245 1160 1073 1158 1161 1159 1238 1235 1063 1082 1072 1162 1160 1073 986 986 990 987 989 1154 1224 1243 1152 1236 996 998 1076 1061 1163 993 996 907 993 1071 907 1063 1065 1075 1075 1162 1079 1075 810 1169 821 824 989 1059 906 823 1079 994 990 995 827 829 828 911 909 906 829 820 913 914 980 1158 993 998 1084 988 907 909 908 906 823 908 1077 825 908 919 1254 748 996 828 1074 1079 999 1080 992 1070 994 838 1080 1075 827 826 825 984 896 915 829 1073 829 915 1078 998 1074 994 998 1131 1157 905 1155 826 906 999 1002 904 901 995 972 999 995 1078 1076 1079 1073 1154 1077 1239 981 997 997 1156 907 1162 902 991 990 906 993 916 909 910 990 828 829 827 1074 902 827 907 740 993 833 999 915 1065 1073 1067 1237 993 990 901 825 1241 1248 829 1158 833 828 1144 1145 1074 911 992 1079 995 986 994 1167 1067 1082 1079 915 997 831 910 910 1162 991 1154 1065 963 902 906 902 905 1001 1239 1247 1076 1080 1230 823 997 896 900 827 1054 1149 828 1162 995 828 992 827 817 993 901 902 899 1059 903 1154 997 907 1072 1076 822 825 991 826 826 1062 898 1081 1071 911 827 905 1074 1000 993 1243 985 911 1160 1161 1150 968 1132 1158 892 904 903 976 901 984 1074 826 994 1078 1077 830 826 1072 1157 1157 734 824 907 1082 828 742 827 1056 829 910 1079 984 987 986 1146 1157 991 1000 1076 997 904 911 994 905 897 907 910 914 914 909 1150 1077 1074 829 909 993 912 1078 1074 1154 981 908 1179 898 911 1227 994 909 1077 1153 906 1076 906 832 898 994 1156 897 1066 823 998 1123 825 824 819 1144 1060 908 1065 913 901 915 1074 902 883 987 990 1243 1161 1076 1065 1072 825 1156 986 1075 988 1073 1064 992 995 994 986 965 1074 821 911 895 821 986 996 744 832 833 1062 901 1058 1061 985 1064 1055 906 976 897 977 895 903 974 742 822 986 905 988 988 915 1204 732 1223 1222 1066 830 1232 1158 807 1165 1153 908 994 899 805 902 1073 905 1067 1069 830 1061 824

Tree=0
num_leaves=13
num_cat=0
split_feature=24 0 24 27 24 24 0 24 24 24 10 24
split_gain=1.44937e+10 2.53438e+09 2.10493e+09 8.0617e+08 6.48662e+08 5.0344e+08 4.55392e+08 2.74941e+08 2.59021e+08 2.49828e+08 5.2029e+07 4.83253e+07
threshold=8248.455555555558 756.05000000000007 11574.075000000001 0.30901413279605805 4481.4805555555567 6193.2861111111115 8.1000000000000014 6756.2500000000009 9436.5079365079382 14708.333333333334 4.5000000000000009 10408.333333333334
decision_type=2 2 2 2 2 2 2 2 2 2 2 2
left_child=1 6 8 4 -3 10 -1 -6 -2 -4 -5 -10
right_child=2 3 9 5 7 -7 -8 -9 11 -11 -12 -13
leaf_value=13781.240190645345 13973.922504416407 13996.494896053326 14134.630285708594 13798.514773647996 13815.600485827803 13890.982718269843 13668.458011923471 13907.64557546192 14024.536218392299 14225.174182869221 13756.246601974217 14066.546544892226
leaf_weight=52 80 50 66 67 51 53 91 68 56 54 52 53
leaf_count=52 80 50 66 67 51 53 91 68 56 54 52 53
internal_value=13917.4 13815 14077.9 13859.5 13906.1 13813.9 13709.1 13868 14015.2 14176 13779.7 14045.3
internal_weight=793 484 309 341 169 172 143 119 189 120 119 109
internal_count=793 484 309 341 169 172 143 119 189 120 119 109
is_linear=0
shrinkage=1


Tree=1
num_leaves=13
num_cat=0
split_feature=24 24 1 1 24 27 24 24 24 24 24 24
split_gain=1.36526e+10 2.22436e+09 1.42913e+09 6.95721e+08 1.83651e+09 6.99212e+08 3.85737e+08 3.22016e+08 2.35182e+08 6.83987e+07 5.48703e+07 2.3986e+07
threshold=8013.8888888888896 11574.075000000001 1.2500000000000002 0.18333333333333332 5027.7777777777783 0.38165740977356993 6672.2222222222235 9127.3805555555573 14708.333333333334 10408.333333333334 5825.7583333333341 7372.686111111112
decision_type=2 2 2 2 2 2 2 2 2 2 2 2
left_child=2 7 3 5 -5 -1 10 -2 -3 -9 -6 -8
right_child=1 8 -4 4 6 -7 11 9 -10 -11 -12 -13
leaf_value=43.996671640115892 40.323971039996493 209.86379979474515 -245.77057158944498 -232.74804631557441 -126.02664786052522 -100.67496401362395 -36.711791887833158 97.945245502365538 297.71287541004835 143.81824194702378 -81.591605332516849 -7.5988466400671655
leaf_weight=63 80 66 57 80 52 57 50 75 54 53 54 52
leaf_count=63 80 66 57 80 52 57 50 75 54 53 54 52
internal_value=-0.835832 147.3 -105.355 -85.572 -110.841 -24.802 -63.6854 87.7524 250.04 117.231 -103.684 -21.9358
internal_weight=793 328 465 408 288 120 208 208 120 128 106 102
internal_count=793 328 465 408 288 120 208 208 120 128 106 102
is_linear=0
shrinkage=0.03


Tree=2
num_leaves=13
num_cat=0
split_feature=24 24 1 1 24 14 24 24 24 24 24 24
split_gain=1.28496e+10 2.09359e+09 1.34513e+09 6.54775e+08 1.7283e+09 6.58309e+08 3.63065e+08 3.03209e+08 2.21395e+08 5.16471e+07 4.24435e+07 2.25768e+07
threshold=8013.8888888888896 11574.075000000001 1.2500000000000002 0.18333333333333332 5027.7777777777783 171.50000000000003 6672.2222222222235 9436.5079365079382 14708.333333333334 5825.7583333333341 10408.333333333334 7372.686111111112
decision_type=2 2 2 2 2 2 2 2 2 2 2 2
left_child=2 7 3 5 -5 -1 9 -2 -3 -6 -9 -8
right_child=1 8 -4 4 6 -7 11 10 -10 -11 -12 -13
leaf_value=-84.316335010611141 46.91236385656628 203.59636903788709 -238.43605860525403 -225.79169124085459 -122.26753403964508 57.47439349615086 -35.61700676555899 100.13747370392984 288.83083309953383 -79.157377659918865 139.52797658494447 -7.3721888649030589
leaf_weight=69 99 66 57 80 52 51 50 56 54 54 53 52
leaf_count=69 99 66 57 80 52 51 50 56 54 54 53 52
internal_value=-0.810729 142.903 -102.21 -83.0167 -107.531 -24.0621 -61.7857 85.132 242.577 -100.591 119.621 -21.2816
internal_weight=793 328 465 408 288 120 208 208 120 106 109 102
internal_count=793 328 465 408 288 120 208 208 120 106 109 102
is_linear=0
shrinkage=0.03


Tree=3
num_leaves=12
num_cat=0
split_feature=24 24 1 24 1 24 27 24 24 24 24
split_gain=1.20978e+10 1.70506e+09 1.37014e+09 7.60262e+08 1.30158e+09 8.67892e+08 6.26362e+08 2.08415e+08 2.00485e+08 1.08027e+08 5.09553e+07
threshold=8311.9055555555587 11574.075000000001 1.2500000000000002 6672.2222222222235 0.18333333333333332 4317.4599206349221 0.38165740977356993 14708.333333333334 9792.591666666669 5737.655555555556 7509.2583333333341
decision_type=2 2 2 2 2 2 2 2 2 2 2
left_child=2 8 3 4 6 -6 -1 -3 -2 -7 -5
right_child=1 7 -4 10 5 9 -8 -9 -10 -11 -12
leaf_value=41.773363362533786 59.286096462958255 197.51611413187572 -231.32042066324445 -31.270206133663002 -252.6141758948464 -133.81146125761802 -95.154282137086881 280.21377913501379 122.08640760858985 -78.697127886674153 6.9770237080385789
leaf_weight=63 95 66 57 64 53 72 57 54 90 61 61
leaf_count=63 95 66 57 64 53 72 57 54 90 61 61
internal_value=-0.785912 147.348 -93.4032 -75.0154 -100.461 -150.097 -23.3423 235.336 89.9858 -108.768 -12.6335
internal_weight=793 305 488 431 306 186 120 120 185 133 125
internal_count=793 305 488 431 306 186 120 120 185 133 125
is_linear=0
shrinkage=0.03


Tree=4
num_leaves=11
num_cat=0
split_feature=23 14 0 0 0 27 2 28 14 14
split_gain=1.24253e+09 7.21515e+08 6.32403e+08 1.41138e+09 1.41677e+09 1.1273e+09 7.70817e+08 3.4594e+08 2.55093e+08 1.30748e+08
threshold=-0.68301270189221952 173.50000000000003 2.1500000000000004 510.20000000000005 10.800000000000002 0.49002412863433359 15.797000000000002 0.25118075958286756 85.500000000000014 154.00000000000003
decision_type=2 2 2 2 2 2 2 2 2 2
left_child=1 9 -2 4 -4 6 7 -5 -7 -1
right_child=2 -3 3 5 -6 8 -8 -9 -10 -11
leaf_value=-140.20772590156881 114.49075842306095 5.4154772699238594 33.591270531211151 161.01022740152627 -171.5088138792313 1.7511365387368438 -5.8987732022106272 75.935519802700597 -78.79677621726924 -75.443911208044696
leaf_weight=68 58 76 55 66 67 90 79 126 58 50
leaf_count=68 58 76 55 66 67 90 79 126 58 50
internal_value=-0.763639 -66.6897 20.6107 10.4881 -79.19 36.6376 72.9741 105.386 -29.9104 -113.026
internal_weight=793 194 599 541 122 419 271 192 148 118
internal_count=793 194 599 541 122 419 271 192 148 118
is_linear=0
shrinkage=0.03


Tree=5
num_leaves=12
num_cat=0
split_feature=24 24 0 14 0 24 2 1 24 24 5
split_gain=1.03469e+10 1.83724e+09 1.6882e+09 5.71943e+08 3.77732e+08 3.01973e+08 2.94738e+08 2.34733e+08 1.35419e+08 8.64705e+07 3.40571e+07
threshold=7996.030555555556 10718.25396825397 776.45000000000016 171.50000000000003 15.750000000000002 6159.7222222222226 15.797000000000002 0.45000000000000007 9041.6666666666679 2040.0000000000002 15.050000000000002
decision_type=2 2 2 2 2 2 2 2 2 2 2
left_child=2 8 4 5 -1 9 -5 -3 -2 -4 -10
right_child=1 7 3 6 -6 -7 -8 -9 10 -11 -12
leaf_value=-122.55458649861879 32.348663522557104 150.38021251773361 -86.590347820166812 34.46514997043861 -227.61206067806455 -32.091140077228438 -53.355155061003451 227.34885980729686 101.68482164144044 -137.13425784535877 66.274843291393296
leaf_weight=54 85 60 56 68 76 56 69 100 50 74 54
leaf_count=54 85 60 56 68 76 56 69 100 50 74 54
internal_value=1.38093 124.088 -93.1744 -56.339 -184.356 -90.5575 -9.78539 198.821 60.6066 -115.611 83.5425
internal_weight=802 349 453 323 130 186 137 160 189 130 104
internal_count=802 349 453 323 130 186 137 160 189 130 104
is_linear=0
shrinkage=0.03


Tree=6
num_leaves=11
num_cat=0
split_feature=1 23 27 0 27 27 0 4 27 28
split_gain=2.64595e+09 1.0727e+09 9.08081e+08 5.50797e+08 7.68991e+08 2.94811e+08 5.77559e+08 2.70495e+08 9.3666e+07 6.72402e+07
threshold=0.90000000000000013 -0.68301270189221952 0.14153898451656996 1747.3500000000001 0.86958133671945947 0.93836870211866363 510.20000000000005 1010.0500000000001 0.54162280503947546 0.87377473702374975
decision_type=2 2 2 2 2 2 2 2 2 2
left_child=1 2 -1 5 7 6 -3 -5 -4 -9
right_child=-2 3 8 4 -6 -7 -8 9 -10 -11
leaf_value=37.623845556780275 -166.71902422943717 -8.9981841661887803 -69.761668314873418 93.347312284699171 -63.20450199005019 130.05751902202056 103.6256632124726 7.4595406934950086 -125.91331862603133 48.121959129929756
leaf_weight=74 76 73 55 67 84 64 93 105 55 56
leaf_count=74 76 73 55 67 84 64 93 105 55 56
internal_value=1.33898 18.9934 -43.5452 40.2366 14.2456 75.4295 54.1714 42.8254 -98.1037 21.6662
internal_weight=802 726 184 542 312 230 166 228 110 161
internal_count=802 726 184 542 312 230 166 228 110 161
is_linear=0
shrinkage=0.03


Tree=7
num_leaves=13
num_cat=0
split_feature=24 24 0 27 21 0 24 24 24 21 24 28
split_gain=9.50545e+09 1.70525e+09 1.52224e+09 5.19018e+08 4.73098e+08 3.44215e+08 2.73276e+08 2.29714e+08 1.26335e+08 5.95917e+07 4.3082e+07 3.96235e+07
threshold=7996.030555555556 10718.25396825397 776.45000000000016 0.28433548840379819 0.68225016118633153 15.750000000000002 5908.7305555555567 12548.611111111113 9041.6666666666679 0.84390006905396076 2578.7888888888892 0.25118075958286756
decision_type=2 2 2 2 2 2 2 2 2 2 2 2
left_child=2 8 5 4 -4 -1 10 -3 -2 -9 -5 -10
right_child=1 7 3 6 -6 -7 -8 9 11 -11 -12 -13
leaf_value=-116.92011667493958 30.464115833492659 142.43524360973959 53.721406620684718 -95.866551289188706 -54.540265859275429 -217.20716258677709 -36.030700580396875 244.18876496150054 60.72328627052088 192.4656793891059 -135.14469543163125 98.628542261068958
leaf_weight=54 85 59 57 50 99 76 55 50 52 51 62 52
leaf_count=54 85 59 57 50 99 76 55 50 52 51 62 52
internal_value=1.29865 118.91 -89.3303 -54.3512 -14.9559 -175.915 -91.0587 190.908 57.7533 218.719 -117.913 79.9052
internal_weight=802 349 453 323 156 130 167 160 189 101 112 104
internal_count=802 349 453 323 156 130 167 160 189 101 112 104
is_linear=0
shrinkage=0.03


Tree=8
num_leaves=13
num_cat=0
split_feature=24 24 0 27 21 0 24 1 24 24 28 11
split_gain=8.94772e+09 1.62348e+09 1.41977e+09 4.80159e+08 4.5383e+08 3.23912e+08 2.57207e+08 2.20491e+08 1.2211e+08 4.05399e+07 3.72949e+07 1.45688e+06
threshold=7958.3333333333339 10718.25396825397 776.45000000000016 0.28433548840379819 0.68225016118633153 15.750000000000002 5908.7305555555567 0.45000000000000007 9041.6666666666679 2578.7888888888892 0.25118075958286756 2.5000000000000004
decision_type=2 2 2 2 2 2 2 2 2 2 2 2
left_child=2 8 5 4 -4 -1 9 -3 -2 -5 -10 -9
right_child=1 7 3 6 -6 -7 -8 11 10 -11 -12 -13
leaf_value=-113.43189135978236 29.230445301803115 138.37347170094353 52.118204458945705 -93.007707750081551 -54.314244654891674 -210.71657057615906 -34.955643374855221 224.33960638512676 58.912037502894208 -131.10987784347412 95.68665937668051 200.03033156529574
leaf_weight=54 87 60 57 50 97 76 55 50 52 62 52 50
leaf_count=54 87 60 57 50 97 76 55 50 52 62 52 50
internal_value=1.26156 114.794 -87.1149 -53.1525 -14.8956 -170.66 -88.3413 185.214 55.6056 -114.394 77.5218 212.82
internal_weight=802 351 451 321 154 130 167 160 191 112 104 100
internal_count=802 351 451 321 154 130 167 160 191 112 104 100
is_linear=0
shrinkage=0.03


Tree=9
num_leaves=12
num_cat=0
split_feature=24 24 0 27 21 0 24 24 24 24 28
split_gain=8.42156e+09 1.52809e+09 1.33622e+09 4.51956e+08 4.27118e+08 3.04806e+08 2.43038e+08 2.22208e+08 1.14944e+08 5.40171e+07 3.51032e+07
threshold=7958.3333333333339 10718.25396825397 776.45000000000016 0.28433548840379819 0.68225016118633153 15.750000000000002 5701.852777777779 12837.302777777779 9041.6666666666679 2578.7888888888892 0.25118075958286756
decision_type=2 2 2 2 2 2 2 2 2 2 2
left_child=2 8 5 4 -4 -1 9 -3 -2 -5 -10
right_child=1 7 3 6 -6 -7 -8 -9 10 -11 -12
leaf_value=-110.04773317790165 28.356545271725995 135.13587617764392 50.562843887568768 -90.234116315291843 -52.689841672656229 -204.41993136544684 -38.94615080874113 208.87718799246431 57.154813513673744 -135.07108487461156 92.83252545562803
leaf_weight=54 87 64 57 50 97 76 63 96 52 54 52
leaf_count=54 87 64 57 50 97 76 63 96 52 54 52
internal_value=1.22552 111.369 -84.5131 -51.5653 -14.4489 -165.563 -85.705 179.689 53.9461 -113.836 75.2095
internal_weight=802 351 451 321 154 130 167 160 191 104 104
internal_count=802 351 451 321 154 130 167 160 191 104 104
is_linear=0
shrinkage=0.03


Tree=10
num_leaves=11
num_cat=0
split_feature=1 23 14 14 4 2 28 7 10 8
split_gain=1.50242e+09 8.69433e+08 6.61081e+08 3.77507e+08 2.91654e+08 1.94919e+08 1.9405e+08 2.76235e+08 1.25787e+08 1.19302e+08
threshold=1.2500000000000002 -0.24999999999999994 173.50000000000003 118.50000000000001 1023.85 15.797000000000002 0.090251610031040944 14.65 5.5000000000000009 23.750000000000004
decision_type=2 2 2 2 2 2 2 2 2 2
left_child=1 2 3 -1 5 6 -3 -8 -5 -4
right_child=-2 4 9 8 -6 -7 7 -9 -10 -11
leaf_value=-10.276695084039474 -134.40632451837712 112.36359573998892 59.403971017008409 -123.78476894459563 -23.972853049283728 -2.4096728758309518 76.122065545358737 9.1983223460839092 -59.70515006625174 0.38174373289937957
leaf_weight=83 69 55 61 61 52 50 140 92 52 62
leaf_count=83 69 55 61 61 52 50 140 92 52 62
internal_value=-1.09108 11.9529 -24.746 -58.9233 42.0438 52.2426 61.7565 49.6295 -94.5331 29.7263
internal_weight=777 708 319 196 389 337 287 232 113 123
internal_count=777 708 319 196 389 337 287 232 113 123
is_linear=0
shrinkage=0.03


Tree=11
num_leaves=10
num_cat=0
split_feature=24 24 1 24 24 14 24 24 24
split_gain=7.50901e+09 1.04025e+09 1.67018e+09 9.35851e+08 7.71063e+08 4.78987e+08 1.60156e+08 8.54342e+07 7.0919e+07
threshold=8672.2222222222244 6672.2222222222235 0.18333333333333332 3805.416666666667 12018.519444444446 171.50000000000003 10311.508333333335 5308.2027777777794 7706.0194444444451
decision_type=2 2 2 2 2 2 2 2 2
left_child=1 2 5 -4 6 -1 -2 -5 -3
right_child=4 8 3 7 -6 -7 -8 -9 -10
leaf_value=-57.524345033530508 63.131467465710415 -25.179069216787305 -215.05965525191829 -121.17498003646054 196.91642761806875 67.386795318216741 122.01258711001852 -73.38707589634798 14.328487801358268
leaf_weight=61 93 82 95 59 95 50 77 84 81
leaf_count=61 93 82 95 59 95 50 77 84 81
internal_value=-1.05947 -68.1465 -97.3493 -142.121 128.488 -1.22801 89.9692 -93.3162 -5.55617
internal_weight=777 512 349 238 265 111 170 143 163
internal_count=777 512 349 238 265 111 170 143 163
is_linear=0
shrinkage=0.03


Tree=12
num_leaves=10
num_cat=0
split_feature=24 24 24 24 24 14 24 24 24
split_gain=7.06672e+09 9.78984e+08 1.57185e+09 8.80662e+08 7.25616e+08 4.50831e+08 1.50734e+08 8.04221e+07 6.67428e+07
threshold=8672.2222222222244 6672.2222222222235 1.0000000180025095e-35 3805.416666666667 12018.519444444446 171.50000000000003 10311.508333333335 5308.2027777777794 7706.0194444444451
decision_type=2 2 2 2 2 2 2 2 2
left_child=1 2 5 -4 6 -1 -2 -5 -3
right_child=4 8 3 7 -6 -7 -8 -9 -10
leaf_value=-55.807060767169098 61.243613226298741 -24.426450702686356 -208.62817169157429 -117.55812060042538 191.02753141965596 65.377248523932096 118.36641494010739 -71.193298749550394 13.900219471498609
leaf_weight=61 93 82 95 59 95 50 77 84 81
leaf_count=61 93 82 95 59 95 50 77 84 81
internal_value=-1.02802 -66.1093 -94.4391 -137.873 124.646 -1.19037 87.2799 -90.529 -5.39008
internal_weight=777 512 349 238 265 111 170 143 163
internal_count=777 512 349 238 265 111 170 143 163
is_linear=0
shrinkage=0.03


Tree=13
num_leaves=11
num_cat=0
split_feature=1 28 8 0 15 3 0 21 26 3
split_gain=1.20029e+09 6.03518e+08 6.93848e+08 3.86166e+08 4.10702e+08 2.81675e+08 3.68661e+08 1.7508e+08 1.25981e+08 8.4474e+07
threshold=1.2500000000000002 -0.52705818521824699 18.550000000000004 1708.4500000000003 1.0000000180025095e-35 78.850000000000009 756.05000000000007 0.70145753816793899 5.3000000000000034 63.20000000000001
decision_type=2 2 2 2 2 2 2 2 2 2
left_child=1 2 -1 5 7 6 -3 -5 -4 -9
right_child=-2 3 8 4 -6 -7 -8 9 -10 -11
leaf_value=-101.19310014924066 -120.1563923010888 -2.8627601986004474 46.730925513819649 67.541561810640289 -44.338926624409687 120.77036297371374 96.850810665143712 36.182108949591353 -11.271666078344365 -13.918942722540065
leaf_weight=79 69 78 51 77 92 54 58 57 98 64
leaf_count=79 69 78 51 77 92 54 58 57 98 64
internal_value=-0.997496 10.6614 -29.5021 29.7456 7.94598 62.9536 39.7817 32.2703 8.63552 9.71342
internal_weight=777 708 228 480 290 190 136 198 149 121
internal_count=777 708 228 480 290 190 136 198 149 121
is_linear=0
shrinkage=0.03


Tree=14
num_leaves=11
num_cat=0
split_feature=24 0 24 0 14 21 24 24 24 0
split_gain=6.52828e+09 1.12232e+09 6.70844e+08 4.67151e+08 4.2483e+08 4.04942e+08 3.10511e+08 1.41072e+08 2.45421e+07 9.96302e+06
threshold=8672.2222222222244 756.05000000000007 12018.519444444446 7.0500000000000007 173.50000000000003 0.62902056224899605 6385.9138888888901 10311.508333333335 2820.0000000000005 2141.5000000000005
decision_type=2 2 2 2 2 2 2 2 2 2
left_child=1 3 7 -1 6 -6 8 -2 -3 -7
right_child=2 4 -4 -5 5 9 -8 -9 -10 -11
leaf_value=-60.799079390377308 58.712119890317275 -71.568341277105432 183.65159434507675 -172.18980459623248 67.767444381162008 -23.632072473302276 -12.002554270408599 113.96802973304344 -99.263891660290483 -42.861684952692293
leaf_weight=53 93 50 95 96 55 50 71 77 87 50
leaf_count=53 93 50 95 96 55 50 71 77 87 50
internal_value=-0.966711 -63.5195 119.825 -132.769 -35.0083 2.59424 -62.9929 83.8965 -89.3346 -33.3464
internal_weight=777 512 265 149 363 155 208 170 137 100
internal_count=777 512 265 149 363 155 208 170 137 100
is_linear=0
shrinkage=0.03


Tree=15
num_leaves=12
num_cat=0
split_feature=24 0 24 22 24 24 1 1 24 24 24
split_gain=7.11479e+09 1.5573e+09 8.57649e+08 3.42363e+08 2.72072e+08 2.5708e+08 2.198e+08 1.58191e+08 1.32956e+08 1.15286e+08 2.81016e+07
threshold=8338.8888888888905 756.05000000000007 11282.408333333335 -0.6830127018922193 2578.7888888888892 6542.3277777777776 0.65000000000000013 0.65000000000000013 9792.591666666669 5281.7460317460327 7385.8027777777779
decision_type=2 2 2 2 2 2 2 2 2 2 2
left_child=1 4 8 -3 -1 7 -4 -5 -2 -9 -7
right_child=2 3 6 5 -6 10 -8 9 -10 -11 -12
leaf_value=-182.58566441306786 46.562864741871586 21.018755757163703 133.03418295374243 -37.12712371218425 -96.231326497006833 -28.552367856596465 212.6335992113448 -127.59260294051745 100.26929131043397 -65.942659165111948 2.7428113037928434
leaf_weight=95 98 74 67 70 52 53 63 52 73 60 50
leaf_count=95 98 74 67 70 52 53 63 52 73 60 50
internal_value=-1.4557 -70.1461 113.972 -36.4088 -152.297 -51.3262 172.01 -72.7345 69.6257 -94.8303 -13.3966
internal_weight=807 506 301 359 147 285 130 182 171 112 103
internal_count=807 506 301 359 147 285 130 182 171 112 103
is_linear=0
shrinkage=0.03


Tree=16
num_leaves=12
num_cat=0
split_feature=24 0 24 24 24 24 24 24 24 24 2
split_gain=6.69609e+09 1.46555e+09 8.08437e+08 3.32791e+08 4.74261e+08 2.55995e+08 1.64811e+08 9.4626e+07 5.99238e+07 4.07253e+07 2.94516e+07
threshold=8338.8888888888905 756.05000000000007 10488.888888888891 2578.7888888888892 6062.11388888889 2578.7888888888892 13694.444444444447 5192.5916666666681 7475.0000000000009 9127.3805555555573 15.597000000000003
decision_type=2 2 2 2 2 2 2 2 2 2 2
left_child=1 5 9 -3 7 -1 10 -5 -6 -2 -4
right_child=2 3 6 4 8 -7 -8 -9 -10 -11 -12
leaf_value=-177.12533790388235 34.735927019171001 12.798701765014391 111.98644763832776 -130.6666421094497 -34.050453387209018 -93.360946175628158 193.44321964955827 -73.109613907113257 3.9772113440404482 68.865547185369792 146.34156496297629
leaf_weight=95 55 95 50 52 98 52 62 54 60 77 57
leaf_count=95 55 95 50 52 98 52 62 54 60 77 57
internal_value=-1.41227 -68.0509 110.568 -35.3224 -52.6336 -147.745 153.986 -101.634 -19.6293 54.756 130.646
internal_weight=807 506 301 359 264 147 169 106 158 132 107
internal_count=807 506 301 359 264 147 169 106 158 132 107
is_linear=0
shrinkage=0.03


Tree=17
num_leaves=12
num_cat=0
split_feature=24 24 24 1 24 27 1 24 24 24 24
split_gain=6.3022e+09 7.64612e+08 6.86386e+08 1.29208e+09 6.66356e+08 3.43071e+08 2.10891e+08 1.17855e+08 6.4633e+07 5.11577e+07 1.72446e+07
threshold=8338.8888888888905 11282.408333333335 6193.2861111111115 0.22500000000000003 3538.1944444444448 0.17552986495352002 0.65000000000000013 9792.591666666669 7048.8083333333334 5338.8888888888896 7706.0194444444451
decision_type=2 2 2 2 2 2 2 2 2 2 2
left_child=2 7 3 5 -5 -1 -3 -2 -4 -6 -10
right_child=1 6 8 4 9 -7 -8 -9 10 -11 -12
leaf_value=38.155645618406552 43.683458757992319 123.96378839127199 -41.95535449909714 -197.70661022503114 -108.78670060722749 -60.822527220075592 201.80848628184242 94.246510476480566 -13.886202513001621 -69.004830674272768 9.8697739775138995
leaf_weight=59 98 67 58 90 63 67 63 73 59 59 51
leaf_count=59 98 67 58 90 63 67 63 73 59 59 51
internal_value=-1.36919 107.267 -66.0181 -90.635 -135.804 -14.495 162.066 65.3962 -16.4179 -89.7645 -2.8751
internal_weight=807 301 506 338 212 126 130 171 168 122 110
internal_count=807 301 506 338 212 126 130 171 168 122 110
is_linear=0
shrinkage=0.03


Tree=18
num_leaves=13
num_cat=0
split_feature=24 24 24 1 24 14 1 24 24 24 24 24
split_gain=5.93139e+09 7.39928e+08 6.26732e+08 1.21601e+09 6.27053e+08 3.69522e+08 1.73355e+08 1.87381e+08 5.8251e+07 4.81466e+07 2.9611e+07 1.34327e+07
threshold=8311.9055555555587 10379.630555555557 6193.2861111111115 0.22500000000000003 3538.1944444444448 173.50000000000003 0.45000000000000007 12307.869444444446 7048.8083333333334 5338.8888888888896 9127.3805555555573 7588.7888888888892
decision_type=2 2 2 2 2 2 2 2 2 2 2 2
left_child=2 10 3 5 -5 -1 -3 -8 -4 -6 -2 -10
right_child=1 6 8 4 9 -7 7 -9 11 -11 -12 -13
leaf_value=-60.637954784244691 31.746898512668512 99.38219440545268 -40.703170414134526 -191.79511882591879 -105.53856689453126 42.342088766846985 130.00570900689456 207.6616840848867 -13.530315526823381 -66.945158619358011 61.129131467084356 7.6951803809613519
leaf_weight=69 58 58 58 90 63 57 68 51 56 59 69 51
leaf_count=69 58 58 58 90 63 57 68 51 56 59 69 51
internal_value=-1.32789 103.232 -64.5451 -87.9266 -131.745 -14.0618 142.845 163.725 -16.5759 -87.0846 47.817 -3.42018
internal_weight=807 304 503 338 212 126 177 119 165 122 127 107
internal_count=807 304 503 338 212 126 177 119 165 122 127 107
is_linear=0
shrinkage=0.03


Tree=19
num_leaves=12
num_cat=0
split_feature=24 0 24 22 24 24 1 1 24 24 24
split_gain=5.58273e+09 1.25662e+09 6.84204e+08 2.97681e+08 2.28162e+08 2.06665e+08 1.89902e+08 1.15783e+08 1.03128e+08 9.00005e+07 2.17249e+07
threshold=8338.8888888888905 756.05000000000007 11282.408333333335 -0.6830127018922193 2578.7888888888892 6542.3277777777776 0.65000000000000013 0.65000000000000013 9792.591666666669 5281.7460317460327 7385.8027777777779
decision_type=2 2 2 2 2 2 2 2 2 2 2
left_child=1 4 8 -3 -1 7 -4 -5 -2 -9 -7
right_child=2 3 6 5 -6 10 -8 9 -10 -11 -12
leaf_value=-163.65339993856136 41.041868284891002 21.714274973708878 116.65215272968628 -34.451857918946871 -84.628598021293925 -25.058568315631231 190.50269447941352 -112.79013186861408 88.34207566868885 -58.318066552005597 2.4575631027145839
leaf_weight=95 98 74 67 70 52 53 63 52 73 60 50
leaf_count=95 98 74 67 70 52 53 63 52 73 60 50
internal_value=-1.28693 -62.1339 100.961 -31.8289 -135.928 -45.7395 152.798 -64.9341 61.3538 -83.8425 -11.7328
internal_weight=807 506 301 359 147 285 130 182 171 112 103
internal_count=807 506 301 359 147 285 130 182 171 112 103
is_linear=0
shrinkage=0.03


Tree=20
num_leaves=11
num_cat=0
split_feature=1 23 3 27 20 20 21 3 4 7
split_gain=7.15686e+08 5.54484e+08 4.12659e+08 1.56798e+08 2.11334e+08 1.26355e+08 1.14158e+08 8.74602e+07 4.15177e+07 1.21708e+08
threshold=1.2500000000000002 -0.24999999999999994 65.700000000000003 0.17552986495352002 14.4108 10.764350000000002 0.70356536525829327 42.600000000000001 1023.5000000000001 11.350000000000003
decision_type=2 2 2 2 2 2 2 2 2 2
left_child=1 2 -1 6 -5 7 -4 -3 9 -9
right_child=-2 5 3 4 -6 -7 -8 8 -10 -11
leaf_value=-77.054059526016616 -92.072821162625772 61.665950025375963 48.214315382208959 19.463330437904798 -65.193984473382599 66.72293665710967 -5.3864193327919114 64.936602970218104 -2.9559549978789499 10.99774106213893
leaf_weight=77 64 53 75 50 56 94 68 52 58 135
leaf_count=77 64 53 75 50 56 94 68 52 58 135
internal_value=3.81603 12.3981 -16.5034 2.2913 -25.319 36.4278 22.7679 26.8141 19.2085 26.0768
internal_weight=782 718 326 249 106 392 143 298 245 187
internal_count=782 718 326 249 106 392 143 298 245 187
is_linear=0
shrinkage=0.03


Tree=21
num_leaves=11
num_cat=0
split_feature=0 0 15 22 2 22 14 2 0 2
split_gain=6.54137e+08 9.01211e+08 7.25106e+08 3.8829e+08 3.29889e+08 2.20123e+08 1.39269e+08 9.31622e+07 9.00381e+07 6.7262e+07
threshold=6.7500000000000009 464.40000000000003 1.0000000180025095e-35 0.68301270189221941 16.000000000000004 -0.6830127018922193 108.50000000000001 2.6000000000000005 1789.9000000000003 22.550000000000004
decision_type=2 2 2 2 2 2 2 2 2 2
left_child=3 7 4 -1 5 -3 -4 -2 -7 -6
right_child=1 2 6 -5 9 8 -8 -9 -10 -11
leaf_value=13.095484170969467 -117.51731505983631 87.217302268462404 -24.321138203802505 127.94854304667193 -36.980486062395016 54.311421099291053 -84.178269873162577 -60.326735378493019 14.5182761637057 6.6208864162656704
leaf_weight=51 50 79 79 55 58 80 63 55 142 70
leaf_count=51 50 79 79 55 58 80 63 55 142 70
internal_value=3.70189 -7.17339 7.69443 72.882 27.1442 44.2865 -50.999 -87.8176 28.9121 -13.1762
internal_weight=782 676 571 106 429 301 142 105 222 128
internal_count=782 676 571 106 429 301 142 105 222 128
is_linear=0
shrinkage=0.03


Tree=22
num_leaves=13
num_cat=0
split_feature=24 24 0 14 24 24 0 24 24 24 24 24
split_gain=4.56247e+09 6.37351e+08 5.67765e+08 2.82321e+08 3.48559e+08 2.54574e+08 1.98507e+08 1.65876e+08 9.33441e+07 7.62642e+07 4.89336e+07 3.87423e+06
threshold=8714.8138888888916 12018.519444444446 756.05000000000007 167.50000000000003 4481.4805555555567 5357.5833333333348 15.750000000000002 6914.6833333333334 10488.888888888891 14619.04761904762 7013.8888888888896 9479.1666666666697
decision_type=2 2 2 2 2 2 2 2 2 2 2 2
left_child=2 8 6 5 -5 -4 -1 -6 11 -3 -7 -2
right_child=1 9 3 4 7 10 -8 -9 -10 -11 -12 -13
leaf_value=-55.453828378420823 43.848353210799324 135.22011079458309 -88.446438756291599 64.615217279695841 -70.385261394656894 -41.063119903067779 -131.84532325542591 -1.9137446852171547 98.519441023022722 189.64607901682328 -0.31889561614097911 56.714790291454399
leaf_weight=51 52 50 99 50 51 55 79 84 57 53 51 50
leaf_count=51 52 50 99 50 51 55 79 84 57 53 51 50
internal_value=3.59061 105.608 -47.8416 -29.6999 -2.81677 -53.9206 -102.073 -27.8795 67.7414 163.695 -21.5161 50.3033
internal_weight=782 262 520 390 185 205 130 135 159 103 106 102
internal_count=782 262 520 390 185 205 130 135 159 103 106 102
is_linear=0
shrinkage=0.03


Tree=23
num_leaves=13
num_cat=0
split_feature=24 24 24 24 24 27 24 24 24 24 24 24
split_gain=4.2945e+09 6.35671e+08 9.55716e+08 6.63632e+08 5.01503e+08 3.77393e+08 7.17777e+07 6.59223e+07 6.41586e+07 5.59492e+07 4.11393e+07 3.03324e+06
threshold=9041.6666666666679 6844.9083333333338 1.0000000180025095e-35 4563.6583333333338 12018.519444444446 0.13301347478292308 14619.04761904762 2578.7888888888892 10488.888888888891 8089.2861111111115 5567.3611111111122 7385.8027777777779
decision_type=2 2 2 2 2 2 2 2 2 2 2 2
left_child=1 2 5 7 8 -1 -6 -4 -2 11 -5 -3
right_child=4 9 3 10 6 -7 -8 -9 -10 -11 -12 -13
leaf_value=66.346710795798487 53.590810691017069 -16.274232132225706 -181.89188158199391 -78.111753163854345 131.18770430426477 -43.138765092461028 183.98871941085159 -131.13227913125914 95.579331480495597 23.047275212006802 -45.067537921684078 -5.9378988329083251
leaf_weight=51 81 51 52 56 50 63 53 51 57 74 91 52
leaf_count=51 81 51 52 56 50 63 53 51 57 74 91 52
internal_value=3.48518 -43.4372 -66.098 -98.891 108.74 5.88708 158.813 -157.212 71.1037 3.19782 -57.7893 -11.0884
internal_weight=782 541 364 250 241 114 103 103 138 177 147 103
internal_count=782 541 364 250 241 114 103 103 138 177 147 103
is_linear=0
shrinkage=0.03


Tree=24
num_leaves=13
num_cat=0
split_feature=24 24 0 14 24 24 24 24 24 24 24 4
split_gain=4.04315e+09 5.64327e+08 5.02347e+08 2.51675e+08 3.16087e+08 2.27628e+08 1.81096e+08 1.48255e+08 8.25321e+07 6.75551e+07 4.30426e+07 4.85198e+06
threshold=8714.8138888888916 12018.519444444446 756.05000000000007 167.50000000000003 4481.4805555555567 5357.5833333333348 2653.3333333333335 6914.6833333333334 10488.888888888891 14619.04761904762 7013.8888888888896 1009.6500000000002
decision_type=2 2 2 2 2 2 2 2 2 2 2 2
left_child=2 8 6 5 -5 -4 -1 -6 11 -3 -7 -2
right_child=1 9 3 4 7 10 -8 -9 -10 -11 -12 -13
leaf_value=-124.02198513235281 54.395819139120356 127.27554459839172 -83.486626736044528 61.625193315206417 -66.640388597633418 -38.530854429276033 -50.814530170053892 -1.9075588237178707 92.726964606639612 178.50012553460158 -0.31768727174279288 40.376519966781935
leaf_weight=80 50 50 99 50 51 55 50 84 57 53 51 52
leaf_count=80 50 50 99 50 51 55 50 84 57 53 51 52
internal_value=3.38122 99.4171 -45.0355 -27.9708 -2.58884 -50.8392 -96.0472 -26.4558 63.7858 154.076 -20.1981 47.3882
internal_weight=782 262 520 390 185 205 130 135 159 103 106 102
internal_count=782 262 520 390 185 205 130 135 159 103 106 102
is_linear=0
shrinkage=0.03


Tree=25
num_leaves=12
num_cat=0
split_feature=24 24 1 24 24 21 24 24 3 24 24
split_gain=3.69924e+09 6.65318e+08 5.44735e+08 1.07541e+09 1.71057e+08 1.26187e+08 8.45565e+07 8.36599e+07 4.47766e+07 2.76976e+07 2.11662e+07
threshold=7996.030555555556 12859.126984126988 0.18333333333333332 4762.8972222222228 10005.555555555557 0.54519255050505067 2717.1428571428578 5825.7583333333341 70.40000000000002 6914.6833333333334 9041.6666666666679
decision_type=2 2 2 2 2 2 2 2 2 2 2
left_child=2 4 5 6 10 -1 -4 -5 -6 -9 -2
right_child=1 -3 3 7 8 -7 -8 9 -10 -11 -12
leaf_value=33.013482282190338 19.542521689998107 146.19896742456379 -171.48031594069775 -66.013100750721577 100.35300271262176 -30.245645697871339 -118.64772581056424 -37.039231680745552 59.965428752341467 -12.164755333775501 42.607759523693794
leaf_weight=58 80 90 62 56 52 55 56 74 51 89 66
leaf_count=58 80 90 62 56 52 55 56 74 51 89 66
internal_value=1.5897 76.3945 -54.7766 -73.8749 51.0183 2.225 -146.772 -34.45 80.5876 -23.5048 30.0353
internal_weight=789 339 450 337 249 113 118 219 103 163 146
internal_count=789 339 450 337 249 113 118 219 103 163 146
is_linear=0
shrinkage=0.03


Tree=26
num_leaves=12
num_cat=0
split_feature=24 24 24 24 10 24 24 24 3 24 24
split_gain=3.48159e+09 6.26086e+08 5.12694e+08 1.01217e+09 1.76969e+08 1.61014e+08 7.95766e+07 7.87455e+07 4.21447e+07 2.61193e+07 1.99216e+07
threshold=7996.030555555556 12859.126984126988 1.0000000180025095e-35 4762.8972222222228 5.5000000000000009 10005.555555555557 2717.1428571428578 5825.7583333333341 70.40000000000002 6950.6166666666677 9041.6666666666679
decision_type=2 2 2 2 2 2 2 2 2 2 2
left_child=2 5 4 6 -1 10 -4 -5 -7 -9 -2
right_child=1 -3 3 7 -6 8 -8 9 -10 -11 -12
leaf_value=-39.110793781392054 18.95843602611594 141.82756869522046 -166.36067762935144 -64.043260411318414 36.130776712041033 97.3596817034107 -115.10726034215246 -35.160608147985549 58.176985955489307 -11.095899903375482 41.33531084846048
leaf_weight=51 80 90 62 56 62 52 56 79 51 84 66
leaf_count=51 80 90 62 56 62 52 56 79 51 84 66
internal_value=1.54162 74.1124 -53.1413 -71.6694 2.15847 49.4958 -142.391 -33.4212 78.1839 -22.8024 29.1381
internal_weight=789 339 450 337 113 249 118 219 103 163 146
internal_count=789 339 450 337 113 249 118 219 103 163 146
is_linear=0
shrinkage=0.03


Tree=27
num_leaves=12
num_cat=0
split_feature=24 24 1 24 14 24 24 24 3 24 29
split_gain=3.27675e+09 5.89167e+08 4.82532e+08 9.52656e+08 2.48568e+08 1.51561e+08 7.489e+07 7.41202e+07 3.96675e+07 2.46881e+07 2.10496e+07
threshold=7996.030555555556 12859.126984126988 0.18333333333333332 4762.8972222222228 167.50000000000003 10005.555555555557 2717.1428571428578 5825.7583333333341 70.40000000000002 6844.9083333333338 1.0000000180025095e-35
decision_type=2 2 2 2 2 2 2 2 2 2 2
left_child=2 5 4 6 -1 10 -4 -5 -7 -9 -2
right_child=1 -3 3 7 -6 8 -8 9 -10 -11 -12
leaf_value=-38.180932813371932 40.127435805427915 137.58687797216879 -161.39388965000501 -62.132200374840423 50.991657017936483 94.455645564062877 -111.6724433305378 -35.219511788395927 56.441882531238576 -11.675329375669181 17.229234808188121
leaf_weight=62 70 90 62 56 51 52 56 72 51 91 76
leaf_count=62 70 90 62 56 51 52 56 72 51 91 76
internal_value=1.49495 71.8986 -51.555 -69.5298 2.09348 48.0188 -138.14 -32.4231 75.852 -22.1209 28.2677
internal_weight=789 339 450 337 113 249 118 219 103 163 146
internal_count=789 339 450 337 113 249 118 219 103 163 146
is_linear=0
shrinkage=0.03


Tree=28
num_leaves=12
num_cat=0
split_feature=24 24 24 24 14 24 24 24 11 24 14
split_gain=3.08395e+09 5.54426e+08 4.54161e+08 8.96639e+08 2.33956e+08 1.42856e+08 7.04793e+07 6.97661e+07 2.85861e+07 2.32505e+07 1.84192e+07
threshold=7996.030555555556 12859.126984126988 1.0000000180025095e-35 4762.8972222222228 167.50000000000003 10170.636111111113 2717.1428571428578 5825.7583333333341 3.5000000000000004 6950.6166666666677 169.50000000000003
decision_type=2 2 2 2 2 2 2 2 2 2 2
left_child=2 5 4 6 -1 8 -4 -5 10 -9 -2
right_child=1 -3 3 7 -6 -7 -8 9 -10 -11 -12
leaf_value=-37.041019792786379 6.9838947157831921 133.47298463244772 -156.57539029582165 -60.278166601475768 49.47085243537412 75.979622692831853 -108.34012145887684 -33.119540925957963 47.618594486547515 -10.415194120848305 32.032606467303914
leaf_weight=62 51 90 62 56 51 93 56 79 50 84 55
leaf_count=62 51 90 62 56 51 93 56 79 50 84 55
internal_value=1.44984 69.7508 -50.0157 -67.4541 2.03169 46.5857 -134.017 -31.4549 28.9502 -21.4598 20.0347
internal_weight=789 339 450 337 113 249 118 219 156 163 106
internal_count=789 339 450 337 113 249 118 219 156 163 106
is_linear=0
shrinkage=0.03


Tree=29
num_leaves=13
num_cat=0
split_feature=24 24 1 24 14 24 24 24 3 11 24 14
split_gain=2.90273e+09 5.44933e+08 4.53285e+08 7.98692e+08 2.20202e+08 1.45635e+08 6.63285e+07 5.80261e+07 3.74144e+07 2.60332e+07 1.64417e+07 9.24911e+06
threshold=7870.3694444444454 12859.126984126988 0.18333333333333332 4762.8972222222228 167.50000000000003 10005.555555555557 2717.1428571428578 5825.7583333333341 70.40000000000002 3.5000000000000004 6844.9083333333338 169.50000000000003
decision_type=2 2 2 2 2 2 2 2 2 2 2 2
left_child=2 5 4 6 -1 9 -4 -5 -7 11 -9 -2
right_child=1 -3 3 7 -6 8 -8 10 -10 -11 -12 -13
leaf_value=-35.935140024310705 7.4952985049905649 129.48209891626604 -151.90074541658308 -58.479457316153002 47.995406962389133 89.494447596825339 -105.10723746752019 -33.177847072870399 52.626502921121158 43.244341730379446 -13.410591662220407 25.288229207094776
leaf_weight=62 50 90 62 56 51 52 56 72 51 50 81 56
leaf_count=62 50 90 62 56 51 52 56 72 51 50 81 56
internal_value=1.40565 65.9849 -49.8274 -67.7129 1.97172 43.7959 -130.017 -32.4006 71.4454 25.4379 -22.7596 16.9403
internal_weight=789 349 440 327 113 259 118 209 103 156 153 106
internal_count=789 349 440 327 113 259 118 209 103 156 153 106
is_linear=0
shrinkage=0.03


Tree=30
num_leaves=11
num_cat=0
split_feature=23 0 27 1 23 20 0 20 4 2
split_gain=2.92436e+08 1.9988e+08 2.348e+08 1.94114e+08 1.1827e+08 9.25152e+07 8.67997e+07 6.53637e+07 8.78739e+07 2.19397e+07
threshold=-0.68301270189221952 379.75000000000006 0.34156760613242348 0.90000000000000013 -0.24999999999999994 9.4469500000000028 6.1000000000000005 1.4069500000000004 1009.6500000000002 13.450000000000001
decision_type=2 2 2 2 2 2 2 2 2 2
left_child=1 -1 -3 4 5 -2 -6 -8 -9 -7
right_child=3 2 -4 -5 6 9 7 8 -10 -11
leaf_value=-78.483989173490897 -41.513738638762213 19.769795972365667 -60.146886005299976 -43.925927600161565 59.734553211887118 -5.4822825751385142 46.683363647460936 35.919149756574157 0.034116097277672536 22.015012883414997
leaf_weight=61 50 80 56 57 50 53 57 90 192 51
leaf_count=61 50 80 56 57 50 53 57 90 192 51
internal_value=-1.81622 -33.5014 -13.197 8.5986 14.1335 -8.10743 22.9378 17.4625 11.5128 8.02642
internal_weight=797 197 136 600 543 154 389 339 282 104
internal_count=797 197 136 600 543 154 389 339 282 104
is_linear=0
shrinkage=0.03


Tree=31
num_leaves=10
num_cat=0
split_feature=23 0 27 1 23 3 0 20 9
split_gain=2.75241e+08 1.88119e+08 2.20991e+08 1.82699e+08 1.11316e+08 1.60093e+08 8.17037e+07 6.15231e+07 5.4544e+07
threshold=-0.68301270189221952 379.75000000000006 0.34156760613242348 0.90000000000000013 -0.24999999999999994 74.200000000000003 6.1000000000000005 1.4069500000000004 0.45000000000000007
decision_type=2 2 2 2 2 2 2 2 2
left_child=1 -1 -3 4 5 -2 -6 -8 -9
right_child=3 2 -4 -5 6 -7 7 8 -10
leaf_value=-76.140991693468706 -41.282768923405392 19.178917356042163 -58.352094223672928 -42.615046949136946 57.953204749469492 20.029626715717789 45.290195235007715 2.9220921700116862 32.26759329210163
leaf_weight=61 70 80 56 57 50 84 57 203 79
leaf_count=61 70 80 56 57 50 84 57 203 79
internal_value=-1.76225 -32.5018 -12.8037 8.34175 13.7114 -7.86567 22.253 16.9408 11.1686
internal_weight=797 197 136 600 543 154 389 339 282
internal_count=797 197 136 600 543 154 389 339 282
is_linear=0
shrinkage=0.03


Tree=32
num_leaves=10
num_cat=0
split_feature=23 1 27 23 3 4 29 28 9
split_gain=2.59057e+08 1.71956e+08 1.48964e+08 1.04769e+08 1.50669e+08 5.57043e+07 4.1584e+07 5.51363e+07 5.43312e+07
threshold=-0.68301270189221952 0.90000000000000013 0.10738035228456499 -0.24999999999999994 74.200000000000003 1006.2500000000001 0.87837969732492682 0.86527520261780289 0.45000000000000007
decision_type=2 2 2 2 2 2 2 2 2
left_child=2 3 -1 4 -2 -4 7 8 -5
right_child=1 -3 5 6 -6 -7 -8 -9 -10
leaf_value=0.032578933354777982 -40.04957030495742 -41.343291654736582 -31.926112242317522 10.15291677342716 19.430876815089974 -73.567997228612796 0.083299436980158209 47.803501933171198 41.872616324006714
leaf_weight=80 70 57 58 176 84 59 67 79 67
leaf_count=80 70 57 58 176 84 59 67 79 67
internal_value=-1.70984 8.09261 -31.532 13.302 -7.63093 -53.0595 21.5886 26.059 18.9396
internal_weight=797 600 197 543 154 117 389 322 243
internal_count=797 600 197 543 154 117 389 322 243
is_linear=0
shrinkage=0.03


Tree=33
num_leaves=13
num_cat=0
split_feature=24 24 0 0 1 1 24 24 24 24 7 24
split_gain=2.94278e+09 4.68288e+08 4.5761e+08 1.75921e+08 1.547e+08 1.25993e+08 1.7835e+08 8.11275e+07 4.34006e+07 3.90272e+07 3.0182e+07 4.56229e+06
threshold=7927.2500000000009 10718.25396825397 776.45000000000016 8.1000000000000014 0.45000000000000007 0.65000000000000013 5224.7472222222232 12018.519444444446 9041.6666666666679 6542.3277777777776 19.550000000000004 7190.7416666666677
decision_type=2 2 2 2 2 2 2 2 2 2 2 2
left_child=2 8 3 -1 -3 -4 -7 -6 -2 -8 -10 -11
right_child=1 4 5 -5 7 6 9 -9 10 11 -12 -13
leaf_value=-53.70365898511519 16.387035992702202 58.794983244507534 2.0261025937844126 -124.79057471160625 95.368382019859894 -88.561354560530418 -45.640150981424178 150.08290054767454 60.116783458106681 -22.776801217190393 28.853288702041066 -10.122003518390839
leaf_weight=50 89 52 71 87 52 59 69 51 56 52 57 52
leaf_count=50 89 52 71 87 52 59 69 51 56 52 57 52
internal_value=-1.6593 62.3097 -53.5686 -99.0205 101.494 -32.94 -43.6297 122.817 32.1367 -28.1794 44.4649 -16.4968
internal_weight=797 357 440 137 155 303 232 103 202 173 113 104
internal_count=797 357 440 137 155 303 232 103 202 173 113 104
is_linear=0
shrinkage=0.03


Tree=34
num_leaves=13
num_cat=0
split_feature=24 24 24 1 24 1 27 24 28 24 28 27
split_gain=2.76972e+09 4.40884e+08 2.82612e+08 6.43724e+08 1.78211e+08 1.51888e+08 9.59616e+07 4.30479e+07 3.28942e+07 3.09137e+07 1.00969e+07 4.1033e+06
threshold=7927.2500000000009 10756.944444444447 5192.5916666666681 0.22500000000000003 3390.0000000000005 0.45000000000000007 0.36571913681022045 9041.6666666666679 -0.11593459959550052 6429.5634920634939 0.20088311396693923 0.1670500785599974
decision_type=2 2 2 2 2 2 2 2 2 2 2 2
left_child=2 7 3 6 -5 -3 -1 -2 -9 -4 -7 -11
right_child=1 5 9 4 -6 10 -8 8 -10 11 -12 -13
leaf_value=11.545181065357202 15.897076621872579 57.041251160601583 -39.887938459403863 -143.77797930841459 -74.722228210346302 131.9810628465535 -45.962075384987727 25.11668704084089 57.598937071373015 -20.095462690421513 108.85336484996273 -8.731549360756846
leaf_weight=53 89 52 76 82 59 50 51 50 66 69 50 50
leaf_count=53 89 52 76 82 59 50 51 50 66 69 50 50
internal_value=-1.60878 60.4508 -51.9685 -73.4059 -115.102 99.1283 -16.7065 31.6698 43.699 -24.963 120.777 -15.3547
internal_weight=797 357 440 245 141 152 104 205 116 195 100 119
internal_count=797 357 440 245 141 152 104 205 116 195 100 119
is_linear=0
shrinkage=0.03


Tree=35
num_leaves=12
num_cat=0
split_feature=0 22 15 21 0 27 0 14 28 21 14
split_gain=2.12794e+08 6.34022e+08 3.91334e+08 2.80191e+08 1.63502e+08 1.22864e+08 6.73054e+07 5.25784e+07 3.84308e+07 1.89021e+07 1.67527e+07
threshold=549.15000000000009 0.68301270189221941 1.0000000180025095e-35 0.70145753816793899 5.0500000000000007 -0.2595093939220976 54.95000000000001 106.50000000000001 -0.82389248692129191 1.1263335935467087 58.000000000000007
decision_type=2 2 2 2 2 2 2 2 2 2 2
left_child=1 4 3 5 -1 -2 -6 -4 -5 -10 -7
right_child=2 -3 7 8 6 10 -8 -9 9 -11 -12
leaf_value=-19.33764605777937 71.384502775264792 43.189159414941784 -19.995772678680218 -23.186145687204906 -107.73024592438637 36.163804088311927 -59.002773826135453 -57.300155238829689 15.959243811895957 -4.26932108069074 11.540187286922995
leaf_weight=56 97 78 76 56 51 50 54 62 80 86 50
leaf_count=56 97 78 76 56 51 50 54 62 80 86 50
internal_value=-3.23995 -26.901 6.92166 21.3521 -60.875 47.3656 -82.91 -36.8437 -1.76471 5.49053 23.9234
internal_weight=796 239 557 419 161 197 105 138 222 166 100
internal_count=796 239 557 419 161 197 105 138 222 166 100
is_linear=0
shrinkage=0.03


Tree=36
num_leaves=10
num_cat=0
split_feature=1 23 28 1 20 4 7 14 4
split_gain=2.78217e+08 2.65699e+08 1.68093e+08 1.66122e+08 1.50695e+08 5.63891e+07 4.73165e+07 3.45944e+07 8.60938e+07
threshold=1.2500000000000002 -0.24999999999999994 0.1159303052754759 0.65000000000000013 20.282550000000004 1021.2500000000001 14.65 117.00000000000001 1006.2500000000001
decision_type=2 2 2 2 2 2 2 2 2
left_child=1 4 -3 -4 7 6 -5 -1 -9
right_child=-2 2 3 5 -6 -7 -8 8 -10
leaf_value=-12.78178911377638 -61.985142515018524 55.043562661664353 -28.834779498241609 44.262834546280317 13.967817623554007 -4.1438630841158668 12.268734167942487 -18.866525035506214 -62.500197485452873
leaf_weight=71 66 89 80 94 97 58 75 94 72
leaf_count=71 66 89 80 94 97 58 75 94 72
internal_value=-3.14402 2.19913 18.8145 8.26812 -17.4997 21.3649 30.1112 -30.3803 -37.8706
internal_weight=796 730 396 307 334 227 169 237 166
internal_count=796 730 396 307 334 227 169 237 166
is_linear=0
shrinkage=0.03


Tree=37
num_leaves=11
num_cat=0
split_feature=24 24 24 1 27 24 24 24 3 24
split_gain=2.41707e+09 3.53581e+08 3.28282e+08 7.21394e+08 3.33146e+08 2.7107e+08 8.0522e+07 4.35694e+07 4.31498e+07 9.28024e+06
threshold=8672.2222222222244 13694.444444444447 5798.1472222222228 0.22500000000000003 0.47491148900577046 3622.916666666667 10488.888888888891 6914.6833333333334 67.350000000000009 7870.3694444444454
decision_type=2 2 2 2 2 2 2 2 2 2
left_child=2 6 3 4 -1 -5 -2 -4 -8 -9
right_child=1 -3 7 5 -6 -7 8 9 -10 -11
leaf_value=36.676971941336213 33.241626666665439 136.77434562198908 -29.289445734782404 -131.89300968390324 -61.887147402462496 -59.935081812327212 90.275877724194856 -8.2995985300606545 51.179741292628911 7.1720652171797923
leaf_weight=75 99 58 77 95 52 95 53 76 52 64
leaf_count=75 99 58 77 95 52 95 53 76 52 64
internal_value=-3.05042 71.5336 -39.6637 -59.1117 -3.73066 -96.0653 52.8111 -11.2111 71.115 -1.22656
internal_weight=796 262 534 317 127 190 204 217 105 140
internal_count=796 262 534 317 127 190 204 217 105 140
is_linear=0
shrinkage=0.03


Tree=38
num_leaves=14
num_cat=0
split_feature=24 0 24 24 15 1 24 0 24 24 2 24 24
split_gain=2.27485e+09 3.33594e+08 3.5103e+08 3.32794e+08 1.27374e+08 2.77029e+08 1.79997e+08 1.06423e+08 1.14832e+08 9.14178e+07 5.92459e+07 2.67167e+07 2.54149e+07
threshold=8672.2222222222244 756.05000000000007 3805.416666666667 13694.444444444447 1.0000000180025095e-35 0.65000000000000013 6269.4444444444453 835.95000000000016 10968.055555555557 5027.7777777777783 4.4500000000000011 7475.0000000000009 9729.1666666666697
decision_type=2 2 2 2 2 2 2 2 2 2 2 2 2
left_child=1 2 10 7 5 -3 -7 -2 12 -6 -1 -8 -9
right_child=3 4 -4 -5 9 6 11 8 -10 -11 -12 -13 -14
leaf_value=-127.75747270022281 13.108629349088575 41.876876114374909 -8.703894080433173 132.69222968047521 -77.72394722113691 -73.788483170913793 -25.390693518354006 29.974641049926042 100.88867491341018 -24.906013869048934 -82.485578712343553 1.8889006050695158 59.951576704129046
leaf_weight=53 50 66 50 58 53 57 57 51 50 67 57 74 53
leaf_count=53 50 66 50 58 53 57 57 51 50 67 57 74 53
internal_value=-2.95818 -38.478 -74.6957 69.3983 -22.9363 -10.8776 -29.4351 51.2345 63.5634 -48.3697 -104.587 -10.0117 45.3799
internal_weight=796 534 160 262 374 254 188 204 154 120 110 131 104
internal_count=796 534 160 262 374 254 188 204 154 120 110 131 104
is_linear=0
shrinkage=0.03


Tree=39
num_leaves=11
num_cat=0
split_feature=24 24 24 1 27 24 24 24 2 24
split_gain=2.14114e+09 3.13216e+08 2.94807e+08 6.885e+08 3.00278e+08 2.11637e+08 7.30384e+07 4.42778e+07 4.40253e+07 8.25519e+06
threshold=8672.2222222222244 13694.444444444447 5648.6111111111122 0.22500000000000003 0.47491148900577046 3622.916666666667 10488.888888888891 6914.6833333333334 15.597000000000003 7870.3694444444454
decision_type=2 2 2 2 2 2 2 2 2 2
left_child=2 6 3 4 -1 -5 -2 -4 -8 -9
right_child=1 -3 7 5 -6 -7 8 9 -10 -11
leaf_value=35.388480059255166 31.071828787766194 128.7319453613386 -28.152857492453453 -124.95327428891801 -58.186963943787788 -59.449868703710237 47.434815954240584 -7.5986902536414709 86.831799370672698 6.9933729675435359
leaf_weight=75 99 58 87 95 52 85 53 76 52 64
leaf_count=75 99 58 87 95 52 85 53 76 52 64
internal_value=-2.86989 67.3279 -37.33 -56.4841 -2.97264 -94.1715 49.7065 -11.3852 67.1376 -0.927279
internal_weight=796 262 534 307 127 180 204 227 105 140
internal_count=796 262 534 307 127 180 204 227 105 140
is_linear=0
shrinkage=0.03


Tree=40
num_leaves=13
num_cat=0
split_feature=24 24 0 1 24 15 1 24 24 24 11 24
split_gain=2.26921e+09 3.26924e+08 2.8203e+08 1.312e+08 1.03978e+08 9.06131e+07 1.45303e+08 1.08304e+08 7.4934e+07 7.34677e+07 1.99249e+07 1.92995e+07
threshold=8476.1111111111131 10548.519444444446 756.05000000000007 0.45000000000000007 2717.1428571428578 1.0000000180025095e-35 0.65000000000000013 6269.4444444444453 4671.2972222222224 12018.519444444446 3.5000000000000004 7475.0000000000009
decision_type=2 2 2 2 2 2 2 2 2 2 2 2
left_child=2 10 4 -3 -1 6 -4 -8 -7 -5 -2 -9
right_child=1 3 5 9 -6 8 7 11 -10 -11 -12 -13
leaf_value=-95.327448449413396 22.19928639364408 58.03339358415009 27.276960405575469 88.558544623117839 -41.673033351271954 -73.78474512301193 -63.572673829992233 -23.818557674787559 -26.763074471713015 140.56875331231728 45.998275303533894 0.016069750855836354
leaf_weight=87 86 59 58 52 53 50 52 61 79 51 51 61
leaf_count=87 86 59 58 52 53 50 52 61 79 51 51 61
internal_value=-0.0136735 65.3515 -39.0398 94.1724 -75.148 -24.9859 -13.7481 -27.4466 -45.1175 114.645 31.14 -11.9304
internal_weight=800 299 501 162 140 361 232 174 129 103 137 122
internal_count=800 299 501 162 140 361 232 174 129 103 137 122
is_linear=0
shrinkage=0.03


Tree=41
num_leaves=13
num_cat=0
split_feature=24 24 0 24 24 27 21 24 0 14 15 24
split_gain=2.13578e+09 3.20049e+08 2.65415e+08 1.22541e+08 9.78434e+07 8.64912e+07 1.00609e+08 9.48331e+07 5.71453e+07 2.07775e+07 1.3443e+07 3.18564e+07
threshold=8476.1111111111131 14619.04761904762 756.05000000000007 10488.888888888891 2717.1428571428578 -0.25118773779856163 0.84934801506809632 6349.5361111111115 1069.5000000000002 166.00000000000003 1.0000000180025095e-35 4671.2972222222224
decision_type=2 2 2 2 2 2 2 2 2 2 2 2
left_child=2 3 4 9 -1 6 -4 10 -5 -2 -7 -12
right_child=1 -3 5 8 -6 7 -8 -9 -10 -11 11 -13
leaf_value=-92.477453672009233 16.300474193060577 130.90395333518035 27.409909389721292 48.881104870021453 -40.429878525188222 -36.367823729293114 -27.949566776051238 -7.7625174098234551 92.15674437869248 40.167926798803805 -71.584404991559424 -37.298971228779664
leaf_weight=87 60 52 53 53 53 62 66 80 60 74 50 50
leaf_count=87 60 52 53 53 53 62 66 80 60 74 50 50
internal_value=-0.0126138 63.4017 -37.874 49.0491 -72.9024 -24.2403 -3.28666 -34.5271 72.0426 29.5414 -47.7053 -54.6046
internal_weight=800 299 501 247 140 361 119 242 113 134 162 100
internal_count=800 299 501 247 140 361 119 242 113 134 162 100
is_linear=0
shrinkage=0.03


Tree=42
num_leaves=13
num_cat=0
split_feature=24 24 0 24 24 27 4 24 0 11 27 24
split_gain=2.01018e+09 3.05151e+08 2.46034e+08 1.18581e+08 9.20705e+07 8.41698e+07 9.57368e+07 8.35619e+07 5.3782e+07 1.94352e+07 1.12376e+07 2.11166e+07
threshold=8449.0750000000025 14619.04761904762 776.45000000000016 10488.888888888891 2717.1428571428578 -0.25118773779856163 1008.4500000000002 6349.5361111111115 1069.5000000000002 3.5000000000000004 0.88606241628642846 2578.7888888888892
decision_type=2 2 2 2 2 2 2 2 2 2 2 2
left_child=2 3 4 9 -1 6 -4 10 -5 -2 11 -7
right_child=1 -3 5 8 -6 7 -8 -9 -10 -11 -12 -13
leaf_value=-89.712662766708945 19.620691794693673 126.99936162857436 26.755963569841509 47.422924776345653 -39.22380905716772 -25.924393434619336 -27.246495010928328 -8.2961834963789887 89.405796602922891 43.19265195751759 -57.843716927648259 -52.68993057225245
leaf_weight=87 87 52 53 53 53 50 66 77 60 50 53 59
leaf_count=87 87 52 53 53 53 50 66 77 60 50 53 59
internal_value=-0.0117636 61.0201 -37.0376 47.1607 -70.7238 -23.8159 -3.1881 -34.0698 69.8925 28.2992 -46.2822 -40.5171
internal_weight=800 302 498 250 140 358 119 239 113 137 162 109
internal_count=800 302 498 250 140 358 119 239 113 137 162 109
is_linear=0
shrinkage=0.03


Tree=43
num_leaves=13
num_cat=0
split_feature=24 0 24 24 24 24 24 0 24 24 24 24
split_gain=1.89476e+09 2.62443e+08 2.34472e+08 1.33542e+08 1.08111e+08 1.20362e+08 9.13385e+07 7.312e+07 1.14882e+08 1.51403e+07 9.85745e+06 6.02981e+06
threshold=9041.6666666666679 756.05000000000007 14619.04761904762 3020.0000000000005 7475.0000000000009 2040.0000000000002 5127.3138888888898 549.15000000000009 11072.222222222224 6349.5361111111115 9905.091666666669 8248.455555555558
decision_type=2 2 2 2 2 2 2 2 2 2 2 2
left_child=1 3 7 -1 5 -3 -7 -2 10 -8 -9 -6
right_child=2 4 -4 -5 11 6 9 8 -10 -11 -12 -13
leaf_value=-88.098450078442937 20.583121780317427 1.2869905851482646 123.21123506126622 -27.883002426993549 -0.070498654202717101 -75.437042567761864 -39.08886420382921 35.147035583164985 99.605308194776669 -20.127987273025031 53.819754164590172 14.43004595747051
leaf_weight=93 51 85 52 52 53 52 75 55 50 79 53 50
leaf_count=93 51 85 52 52 53 52 75 55 50 79 53 50
internal_value=-0.0108208 -32.136 66.2926 -66.6062 -19.4092 -28.7509 -41.129 51.9747 62.0492 -29.4203 44.4343 6.98998
internal_weight=800 539 261 145 394 291 206 209 158 154 108 103
internal_count=800 539 261 145 394 291 206 209 158 154 108 103
is_linear=0
shrinkage=0.03


Tree=44
num_leaves=13
num_cat=0
split_feature=24 0 24 24 24 1 24 0 24 24 24 24
split_gain=1.78336e+09 2.46981e+08 2.20693e+08 1.25665e+08 1.01753e+08 1.13281e+08 8.59772e+07 6.88229e+07 1.08135e+08 1.42492e+07 9.27832e+06 5.67554e+06
threshold=9041.6666666666679 756.05000000000007 14619.04761904762 3020.0000000000005 7475.0000000000009 0.65000000000000013 5127.3138888888898 549.15000000000009 11072.222222222224 6349.5361111111115 9905.091666666669 8248.455555555558
decision_type=2 2 2 2 2 2 2 2 2 2 2 2
left_child=1 3 7 -1 5 -3 -7 -2 10 -8 -9 -6
right_child=2 4 -4 -5 11 6 9 8 -10 -11 -12 -13
leaf_value=-85.46399498758592 19.969240240018966 1.2485159308913165 119.53610129887014 -27.05130933568309 -0.0683955790356892 -73.186912678414046 -37.920870225154069 34.098344671377006 96.634971353519518 -19.526432069272438 52.214249274448875 13.999726500918806
leaf_weight=93 51 85 52 52 53 52 75 55 50 79 53 50
leaf_count=93 51 85 52 52 53 52 75 55 50 79 53 50
internal_value=-0.00940027 -31.1758 64.3153 -64.6152 -18.8297 -27.8925 -39.901 50.4245 60.1985 -28.5411 43.1087 6.78153
internal_weight=800 539 261 145 394 291 206 209 158 154 108 103
internal_count=800 539 261 145 394 291 206 209 158 154 108 103
is_linear=0
shrinkage=0.03


Tree=45
num_leaves=13
num_cat=0
split_feature=24 24 1 24 1 5 24 24 3 24 6 29
split_gain=1.4557e+09 3.27834e+08 2.06467e+08 4.57072e+08 1.62254e+08 1.43969e+08 5.28427e+07 4.86306e+07 3.31176e+07 1.68885e+07 7.24683e+06 5.28013e+06
threshold=7870.3694444444454 12018.519444444446 0.18333333333333332 3336.8055555555561 0.45000000000000007 20.450000000000003 5192.5916666666681 9436.5079365079382 71.350000000000009 6813.8888888888896 3.0500000000000003 1.0000000180025095e-35
decision_type=2 2 2 2 2 2 2 2 2 2 2 2
left_child=2 7 5 -4 -3 -1 -5 10 -9 11 -2 -8
right_child=1 4 3 6 -6 -7 9 8 -10 -11 -12 -13
leaf_value=-35.936420309700409 5.3922886619751571 50.717219560857409 -108.28244531589478 -52.125643717856121 126.0680982782246 29.895791834361518 -34.510635286084259 53.869403544918136 21.405783868086964 -9.2051006564744018 19.802886939100677 -21.190947201296208
leaf_weight=59 62 51 86 62 53 60 53 65 51 76 64 59
leaf_count=59 62 51 86 62 53 60 53 65 51 76 64 59
internal_value=-1.46338 44.8926 -36.7207 -48.7381 89.3694 -2.75192 -28.1496 25.6916 39.6887 -20.1721 12.7417 -27.5694
internal_weight=801 346 455 336 104 119 250 242 116 188 126 112
internal_count=801 346 455 336 104 119 250 242 116 188 126 112
is_linear=0
shrinkage=0.03


Tree=46
num_leaves=13
num_cat=0
split_feature=24 24 1 24 1 24 27 24 24 24 6 21
split_gain=1.37008e+09 3.11273e+08 4.17689e+08 2.43401e+08 1.94313e+08 4.30137e+08 1.98258e+08 4.97339e+07 1.59971e+07 1.34119e+07 6.011e+06 1.87047e+06
threshold=7870.3694444444454 14619.04761904762 0.65000000000000013 10212.963888888889 0.18333333333333332 3336.8055555555561 0.38165740977356993 5192.5916666666681 6672.2222222222235 9194.4444444444471 3.0500000000000003 0.88191412520064216
decision_type=2 2 2 2 2 2 2 2 2 2 2 2
left_child=4 2 -2 9 6 -6 -1 -7 11 10 -4 -9
right_child=1 -3 3 -5 5 7 -8 8 -10 -11 -12 -13
leaf_value=33.764038474277299 -46.338058561581619 111.0244962005907 10.507002634765142 86.290707198418886 -105.04526411319526 -50.569404965396103 -43.619573739087386 -23.303525272837856 -10.089610368836786 37.085681351345059 25.232337869580029 -31.982661485311763
leaf_weight=63 51 52 50 92 86 62 56 51 87 50 51 50
leaf_count=63 51 52 50 92 86 62 56 51 87 50 51 50
internal_value=-1.41897 43.5531 31.5183 47.8956 -35.6237 -47.282 -2.66982 -27.3093 -19.57 24.3777 17.9954 -27.6822
internal_weight=801 346 294 243 455 336 119 250 188 151 101 101
internal_count=801 346 294 243 455 336 119 250 188 151 101 101
is_linear=0
shrinkage=0.03


Tree=47
num_leaves=13
num_cat=0
split_feature=24 24 1 24 1 25 24 24 3 24 6 29
split_gain=1.28945e+09 2.97089e+08 1.82873e+08 4.04789e+08 1.50619e+08 1.41031e+08 4.68076e+07 4.20772e+07 3.01581e+07 1.50647e+07 6.35684e+06 5.02409e+06
threshold=7870.3694444444454 12018.519444444446 0.18333333333333332 3336.8055555555561 0.45000000000000007 20.388840000000005 5192.5916666666681 9436.5079365079382 71.350000000000009 6813.8888888888896 3.0500000000000003 1.0000000180025095e-35
decision_type=2 2 2 2 2 2 2 2 2 2 2 2
left_child=2 7 5 -4 -3 -1 -5 10 -9 11 -2 -8
right_child=1 4 3 6 -6 -7 9 8 -10 -11 -12 -13
leaf_value=-35.98910039728338 5.0452257161882876 47.365742257993816 -101.90486074931653 -49.05962787043417 119.94442860630173 29.186182514582722 -32.735229227663652 50.524229224586193 19.556134061757582 -8.6285352594543099 18.541929268110223 -19.762470254624674
leaf_weight=58 62 51 86 62 53 61 53 65 51 76 64 59
leaf_count=58 62 51 86 62 53 61 53 65 51 76 64 59
internal_value=-1.37648 42.2523 -34.5595 -45.8695 84.5917 -2.59047 -26.4942 23.9746 36.9946 -18.9861 11.9285 -25.9725
internal_weight=801 346 455 336 104 119 250 242 116 188 126 112
internal_count=801 346 455 336 104 119 250 242 116 188 126 112
is_linear=0
shrinkage=0.03


Tree=48
num_leaves=11
num_cat=0
split_feature=23 14 0 0 15 21 28 26 5 3
split_gain=1.40682e+08 1.30214e+08 8.71562e+07 1.55261e+08 1.48193e+08 1.03355e+08 8.84488e+07 7.72105e+07 1.51709e+07 1.20099e+07
threshold=-0.68301270189221952 177.50000000000003 3.1500000000000004 680.05000000000007 1.0000000180025095e-35 0.86914554305858671 0.1839915361961291 8.6500000000000039 19.350000000000005 71.850000000000009
decision_type=2 2 2 2 2 2 2 2 2 2
left_child=1 8 -2 7 5 6 -5 -4 -1 -7
right_child=2 -3 3 4 -6 9 -8 -9 -10 -11
leaf_value=-51.493575436141988 36.413622026500477 9.8007740777612202 -52.961701127546029 66.012666415314186 -22.179188013387002 8.6926986507303692 19.916394323803491 -2.6029465269345287 -30.983606626570989 -9.3120089593407709
leaf_weight=55 75 75 59 60 95 95 100 51 85 51
leaf_count=55 75 75 59 60 95 95 100 51 85 51
internal_value=-1.33471 -22.0738 6.28174 1.84047 10.5039 20.6624 37.2937 -29.6842 -39.134 2.39712
internal_weight=801 215 586 511 401 306 160 110 140 146
internal_count=801 215 586 511 401 306 160 110 140 146
is_linear=0
shrinkage=0.03


Tree=49
num_leaves=13
num_cat=0
split_feature=24 24 0 1 24 27 24 24 24 24 27 0
split_gain=1.19033e+09 2.49546e+08 1.8896e+08 1.31275e+08 4.38985e+08 1.75394e+08 1.21336e+08 6.59787e+07 3.15692e+07 1.80782e+07 9.06174e+06 2.61681e+06
threshold=8311.9055555555587 14619.04761904762 153.30000000000004 0.18333333333333332 3390.0000000000005 0.38165740977356993 11122.686111111112 6672.2222222222235 9652.7777777777792 5192.5916666666681 0.14153898451656996 2288.0500000000006
decision_type=2 2 2 2 2 2 2 2 2 2 2 2
left_child=3 2 -2 5 -5 -1 8 9 -4 -6 -9 -11
right_child=1 -3 6 4 7 -7 -8 10 -10 11 -12 -13
leaf_value=31.781231323893035 -18.576080680981018 105.01395238464239 19.96107627393512 -97.184361347617553 -46.56114000500731 -41.003625893736817 85.868783508657728 -11.000918058490388 47.666416030135586 -20.464063336048163 5.3239960839402372 -30.487416729843407
leaf_weight=63 51 52 84 88 60 56 51 78 67 50 50 51
leaf_count=63 51 52 84 88 60 56 51 78 67 50 50 51
internal_value=-1.29499 45.3162 32.9364 -29.9672 -38.6323 -2.48737 45.9503 -20.721 32.3244 -33.4842 -4.62639 -25.6007
internal_weight=801 305 253 496 377 119 202 289 151 161 128 101
internal_count=801 305 253 496 377 119 202 289 151 161 128 101
is_linear=0
shrinkage=0.03


Tree=50
num_leaves=14
num_cat=0
split_feature=24 24 24 1 27 24 0 24 24 14 24 10 14
split_gain=1.36013e+09 2.32107e+08 2.24722e+08 3.39585e+08 1.77421e+08 1.76033e+08 5.94801e+07 7.64055e+07 1.90495e+07 1.67127e+07 5.27881e+06 4.19582e+06 1.52719e+06
threshold=9041.6666666666679 14708.333333333334 6699.9000000000005 0.18333333333333332 0.38165740977356993 3805.416666666667 680.05000000000007 11143.519444444446 7927.2500000000009 167.50000000000003 9905.091666666669 6.5000000000000009 226.50000000000003
decision_type=2 2 2 2 2 2 2 2 2 2 2 2 2
left_child=2 6 3 4 -1 12 -2 10 11 -7 -8 -4 -5
right_child=1 -3 8 5 -6 9 7 -9 -10 -11 -12 -13 -14
leaf_value=42.347187341991578 14.65106618922937 112.57389608552185 -1.8790047459853323 -94.540919496413565 -34.784016473781293 -29.514134564364323 30.6600146484375 82.507935598273036 10.759810491144847 -50.695228949278096 44.473823482796256 -14.04333346263707 -82.414519786948475
leaf_weight=56 50 55 51 51 51 94 53 51 93 54 55 51 50
leaf_count=56 50 55 51 51 51 94 53 51 93 54 55 51 50
internal_value=1.89376 57.8455 -24.9312 -39.1009 5.58917 -58.2886 43.3025 52.2678 0.95779 -37.3294 37.7986 -7.9846 -88.7997
internal_weight=815 264 551 356 107 249 209 159 195 148 108 102 101
internal_count=815 264 551 356 107 249 209 159 195 148 108 102 101
is_linear=0
shrinkage=0.03


Tree=51
num_leaves=14
num_cat=0
split_feature=24 24 24 1 24 14 0 24 24 14 24 10 14
split_gain=1.28019e+09 2.1846e+08 2.11507e+08 3.19618e+08 1.65701e+08 1.07617e+08 5.59841e+07 7.19172e+07 1.79285e+07 1.57336e+07 4.96832e+06 3.94927e+06 1.4372e+06
threshold=9041.6666666666679 14708.333333333334 6699.9000000000005 0.18333333333333332 3805.416666666667 160.00000000000003 680.05000000000007 11143.519444444446 7927.2500000000009 167.50000000000003 9905.091666666669 6.5000000000000009 226.50000000000003
decision_type=2 2 2 2 2 2 2 2 2 2 2 2 2
left_child=2 6 3 5 12 -1 -2 10 11 -6 -8 -4 -5
right_child=1 -3 8 4 9 -7 7 -9 -10 -11 -12 -13 -14
leaf_value=-22.704214419220129 14.214155827668268 109.21500198502223 -1.8229641480473746 -91.721277490805477 -28.631527337552633 37.430502425813764 29.745391482412256 80.047172708790214 10.438054167250728 -49.182774599191234 43.146847091592022 -13.624497206838507 -79.956830352267517
leaf_weight=57 50 55 51 51 94 50 53 51 93 54 55 51 50
leaf_count=57 50 55 51 51 94 50 53 51 93 54 55 51 50
internal_value=1.83728 56.1198 -24.1874 -37.9341 -56.5493 5.42212 42.0108 50.7087 0.928816 -36.2143 36.6709 -7.74647 -86.1514
internal_weight=815 264 551 356 249 107 209 159 195 148 108 102 101
internal_count=815 264 551 356 249 107 209 159 195 148 108 102 101
is_linear=0
shrinkage=0.03


Tree=52
num_leaves=12
num_cat=0
split_feature=0 0 27 8 2 14 14 14 0 0 0
split_gain=1.71563e+08 3.03882e+08 1.96585e+08 1.52865e+08 1.23061e+08 1.27117e+08 8.70599e+07 6.9326e+07 2.17899e+07 1.77128e+07 1.13954e+07
threshold=2.1500000000000004 510.20000000000005 0.17552986495352002 12.250000000000002 15.797000000000002 286.00000000000006 69.500000000000014 222.50000000000003 2658.2000000000003 2042.8000000000004 2744.7000000000003
decision_type=2 2 2 2 2 2 2 2 2 2 2
left_child=-1 3 4 -2 5 7 8 -3 -4 -6 -8
right_child=1 2 6 -5 9 -7 10 -9 -10 -11 -12
leaf_value=44.924054269372704 -14.195423557122036 36.874383422691778 22.973075151285414 -73.614285170851289 10.111741900973851 12.61111629375158 -17.707052936653412 85.549719281812798 -4.0475477741270076 -14.36474162503565 -33.825467135212811
leaf_weight=75 93 57 54 67 51 99 86 50 53 55 75
leaf_count=75 93 57 54 67 51 99 86 50 53 55 75
internal_value=1.78256 -2.60631 7.49479 -39.1683 23.6718 37.1709 -11.3436 59.7955 9.61505 -2.59293 -25.2646
internal_weight=815 740 580 160 312 206 268 107 107 106 161
internal_count=815 740 580 160 312 206 268 107 107 106 161
is_linear=0
shrinkage=0.03


Tree=53
num_leaves=12
num_cat=0
split_feature=0 0 15 21 15 1 22 0 0 28 3
split_gain=1.6146e+08 2.86004e+08 1.71399e+08 1.66382e+08 1.58298e+08 9.27829e+07 6.46471e+07 6.14819e+07 1.96598e+07 1.40098e+07 7.24808e+06
threshold=2.1500000000000004 510.20000000000005 1.0000000180025095e-35 0.70145753816793899 1.0000000180025095e-35 0.65000000000000013 -0.6830127018922193 1789.9000000000003 2816.7000000000003 -0.79354221435844496 61.70000000000001
decision_type=2 2 2 2 2 2 2 2 2 2 2
left_child=-1 4 3 6 5 -2 -3 -8 -4 -5 -11
right_child=1 2 8 9 -6 -7 7 -9 -10 10 -12
leaf_value=43.581702567172712 -87.099216177012238 63.377851366726858 -11.427682188510335 -12.84653131251623 6.2447184984726656 -31.731282862929902 46.662874437986829 7.2549515984911439 -33.782111713757914 11.827441448414492 -0.8923189642224616
leaf_weight=75 52 58 85 61 50 58 67 76 61 64 108
leaf_count=75 52 58 85 61 50 58 67 76 61 64 108
internal_value=1.7297 -2.52799 7.27147 16.7287 -37.9982 -58.071 36.706 25.7779 -20.8177 -0.529902 3.85292
internal_weight=815 740 580 434 160 110 201 143 146 233 172
internal_count=815 740 580 434 160 110 201 143 146 233 172
is_linear=0
shrinkage=0.03


Tree=54
num_leaves=11
num_cat=0
split_feature=23 14 9 21 20 1 20 29 20 28
split_gain=9.35849e+07 1.37262e+08 7.9803e+07 9.90849e+07 5.92155e+07 1.10043e+08 6.65385e+07 3.32835e+07 2.25974e+07 3.61378e+07
threshold=-0.68301270189221952 177.50000000000003 1.3500000000000003 0.71518782570317951 10.764350000000002 0.45000000000000007 15.816700000000003 1.0000000180025095e-35 1.2817000000000003 0.62531791166012562
decision_type=2 2 2 2 2 2 2 2 2 2
left_child=1 7 4 -4 5 -2 -6 -1 -7 -10
right_child=2 -3 3 -5 6 8 -8 -9 9 -11
leaf_value=-18.991875962834822 -36.816270405438786 16.42121530714866 51.731424687492407 1.0862909147820892 40.289746174600552 20.454899249165294 -3.8457239778495773 -50.37528425922072 11.770354805918073 -12.297889754187187
leaf_weight=58 75 72 72 67 65 59 58 65 111 113
leaf_count=58 75 72 72 67 65 59 58 65 111 113
internal_value=1.67782 -16.4336 7.37935 27.3747 1.58759 -4.5844 19.5191 -35.6589 3.98752 -0.371384
internal_weight=815 195 620 139 481 358 123 123 283 224
internal_count=815 195 620 139 481 358 123 123 283 224
is_linear=0
shrinkage=0.03


Tree=55
num_leaves=14
num_cat=0
split_feature=24 24 1 24 24 1 27 24 24 20 23 24 24
split_gain=1.09635e+09 2.60658e+08 3.88931e+08 2.05158e+08 1.02296e+08 2.88356e+08 1.04617e+08 5.37636e+07 3.35216e+07 1.46511e+07 1.09186e+07 1.07739e+07 2.67844e+06
threshold=8013.8888888888896 14981.480555555558 0.65000000000000013 11143.519444444446 5192.5916666666681 0.22500000000000003 0.47491148900577046 2189.2857142857151 9127.3805555555573 10.98 0.25000000000000017 6429.5634920634939 7342.5916666666672
decision_type=2 2 2 2 2 2 2 2 2 2 2 2 2
left_child=4 2 -2 8 5 6 -1 -7 -4 -9 -10 -6 -13
right_child=1 -3 3 -5 11 7 -8 9 10 -11 -12 12 -14
leaf_value=13.936751664852542 -46.182833733859525 101.98013299361851 15.242717534851769 97.379744351928011 -23.488218041121755 -96.234243542650361 -42.252133264333068 -46.088420054215092 50.901168450249571 -69.275015698517009 30.833091095149165 -13.548672873188426 -4.5236319142658319
leaf_weight=73 52 50 83 51 87 50 50 52 51 53 51 68 53
leaf_count=73 52 50 83 51 87 50 50 52 51 53 51 68 53
internal_value=-2.53742 38.9374 27.8978 44.2585 -31.3883 -43.2882 -8.95141 -70.4661 29.4803 -57.9562 40.9871 -15.4442 -9.61659
internal_weight=824 338 288 236 486 278 123 155 185 105 102 208 121
internal_count=824 338 288 236 486 278 123 155 185 105 102 208 121
is_linear=0
shrinkage=0.03


Tree=56
num_leaves=11
num_cat=0
split_feature=24 24 24 1 27 24 14 24 24 14
split_gain=1.03191e+09 2.4723e+08 9.6447e+07 2.27959e+08 9.84676e+07 9.30576e+07 2.08733e+07 1.4399e+07 5.65882e+06 5.22518e+06
threshold=8013.8888888888896 12548.611111111113 5648.6111111111122 0.22500000000000003 0.47491148900577046 3390.0000000000005 166.00000000000003 9127.3805555555573 7342.5916666666672 187.50000000000003
decision_type=2 2 2 2 2 2 2 2 2 2
left_child=2 6 3 4 -1 -5 -2 -8 9 -4
right_child=1 -3 8 5 -6 -7 7 -9 -10 -11
leaf_value=13.520358887551426 11.132576563372712 79.042623825073235 -10.456250611541885 -82.564077931493046 -40.992129390633131 -40.133886678081247 16.26303267945751 36.118334988290471 -4.3886866770094821 -23.006081506546323
leaf_weight=73 99 94 67 93 50 95 52 93 53 55
leaf_count=73 99 94 67 93 50 95 52 93 53 55
internal_value=-2.46164 37.776 -30.4519 -40.4718 -8.68494 -61.2214 21.8006 29.0462 -12.6063 -16.1566
internal_weight=824 338 486 311 123 188 244 145 175 122
internal_count=824 338 486 311 123 188 244 145 175 122
is_linear=0
shrinkage=0.03


Tree=57
num_leaves=13
num_cat=0
split_feature=24 24 24 24 27 24 24 4 14 3 24 24
split_gain=9.7114e+08 2.35602e+08 9.13476e+07 2.56117e+08 9.26796e+07 4.86314e+07 4.85105e+07 2.67294e+07 1.60464e+07 1.39267e+07 9.54434e+06 2.3125e+06
threshold=8013.8888888888896 14981.480555555558 5192.5916666666681 1.0000000180025095e-35 0.47491148900577046 2189.2857142857151 10311.508333333335 1012.4500000000002 166.00000000000003 66.350000000000009 6429.5634920634939 7342.5916666666672
decision_type=2 2 2 2 2 2 2 2 2 2 2 2
left_child=2 6 3 4 -1 -5 8 -8 -2 -7 -4 -12
right_child=1 -3 10 5 -6 9 7 -9 -10 -11 11 -13
leaf_value=13.11641011278431 4.2424128522370994 96.581839559111415 -22.046266933716449 -90.902286008072664 -39.769699765882244 -43.183637469007195 51.964150196566123 24.26171017352199 23.448553629188496 -65.734091045313988 -12.644267838308439 -4.257767176824931
leaf_weight=73 70 50 87 50 50 53 72 57 89 52 68 53
leaf_count=73 70 50 87 50 50 53 72 57 89 52 68 53
internal_value=-2.38828 36.6465 -29.5418 -40.7868 -8.42639 -66.4004 26.1513 39.8083 15.017 -54.507 -14.4753 -8.99053
internal_weight=824 338 486 278 123 155 288 129 159 105 208 121
internal_count=824 338 486 278 123 155 288 129 159 105 208 121
is_linear=0
shrinkage=0.03


Tree=58
num_leaves=13
num_cat=0
split_feature=1 28 28 14 14 1 21 26 26 29 26 26
split_gain=7.74718e+07 8.66717e+07 1.03931e+08 3.43775e+07 6.0508e+07 6.40526e+07 4.70714e+07 2.28557e+07 3.24892e+07 1.62244e+07 1.51479e+07 7.7071e+06
threshold=0.45000000000000007 -0.43663505800854857 0.12447926388678894 108.50000000000001 169.50000000000003 0.90000000000000013 0.76513342898134873 9.8500000000000032 7.5000000000000018 1.0000000180025095e-35 6.9000000000000012 7.5000000000000018
decision_type=2 2 2 2 2 2 2 2 2 2 2 2
left_child=1 9 -3 7 -5 6 10 8 -2 -1 -6 -8
right_child=3 2 -4 4 5 -7 11 -9 -10 -11 -12 -13
leaf_value=-25.487639637551112 21.733780195123195 30.307187628030345 -24.665727513016201 -23.680276066304483 35.869634566154282 -25.577588691246216 -5.3177461472478615 29.973211986616281 -7.9767358310518368 -49.692589941192097 13.327359984380825 8.0950944033751782
leaf_weight=51 67 55 70 87 59 53 96 56 65 51 50 64
leaf_count=51 67 55 70 87 59 53 96 56 65 51 50 64
internal_value=-2.31734 -17.2229 -0.462922 3.35606 -1.5263 4.47585 10.4191 13.9633 7.11862 -37.7004 25.5942 0.052443
internal_weight=824 227 125 597 409 322 269 188 132 102 109 160
internal_count=824 227 125 597 409 322 269 188 132 102 109 160
is_linear=0
shrinkage=0.03


Tree=59
num_leaves=12
num_cat=0
split_feature=24 24 0 24 24 24 23 24 24 24 24
split_gain=8.98055e+08 2.21415e+08 1.35709e+08 9.6025e+07 8.19542e+07 2.42365e+08 7.97216e+07 4.59351e+07 2.11813e+07 8.68109e+06 2.03638e+06
threshold=8013.8888888888896 14981.480555555558 62.70000000000001 11072.222222222224 5192.5916666666681 1.0000000180025095e-35 -0.68301270189221952 3390.0000000000005 9127.3805555555573 6429.5634920634939 7342.5916666666672
decision_type=2 2 2 2 2 2 2 2 2 2 2
left_child=4 2 -2 8 5 6 -1 -7 -4 -6 -11
right_child=1 -3 3 -5 9 7 -8 -9 -10 10 -12
leaf_value=-35.188817361971225 -16.730760382183067 93.391379545905721 13.576661681167218 71.045629467353308 -21.30935704968639 -77.319745403915363 13.466265293083355 -43.563542926231122 34.286004143270901 -12.285808856679266 -4.411274792705199
leaf_weight=53 56 50 83 52 87 93 70 62 97 68 53
leaf_count=53 56 50 83 52 87 93 70 62 97 68 53
internal_value=-2.24808 35.2891 25.1152 35.2246 -28.3599 -39.0113 -7.53347 -63.9276 24.7752 -14.0882 -8.85615
internal_weight=824 338 288 232 486 278 123 155 180 208 121
internal_count=824 338 288 232 486 278 123 155 180 208 121
is_linear=0
shrinkage=0.03


Tree=60
num_leaves=13
num_cat=0
split_feature=24 24 1 24 27 24 0 24 24 20 26 29
split_gain=9.06584e+08 1.38445e+08 2.42418e+08 1.01957e+08 9.15243e+07 7.64601e+07 4.34085e+07 6.6806e+07 2.24176e+07 2.20894e+07 7.64283e+06 3.25912e+06
threshold=9127.3805555555573 5567.3611111111122 0.22500000000000003 14708.333333333334 0.38165740977356993 2370.4750000000008 487.30000000000007 11203.175000000001 7706.0194444444451 10.662700000000001 7.6500000000000012 1.0000000180025095e-35
decision_type=2 2 2 2 2 2 2 2 2 2 2 2
left_child=1 2 4 6 -1 -4 -2 -8 10 -7 -3 -10
right_child=3 8 5 -5 -6 9 7 -9 11 -11 -12 -13
leaf_value=25.98817566232043 14.742404423101286 -18.322384592544989 -88.066223483076172 86.314339871816841 -28.673382596367862 -29.472590492621038 32.220656526794109 75.271463715266989 10.049445322710483 -55.263583748557352 -4.9346670963453212 -0.0013639589990646335
leaf_weight=58 50 84 50 52 52 55 94 50 60 69 71 56
leaf_count=58 50 84 50 52 52 55 94 50 60 69 71 56
internal_value=1.14311 -20.1051 -34.7304 49.0474 0.140378 -56.7375 38.9404 47.2943 -4.75681 -43.9228 -12.2114 5.20977
internal_weight=801 555 284 246 110 174 194 144 271 124 155 116
internal_count=801 555 284 246 110 174 194 144 271 124 155 116
is_linear=0
shrinkage=0.03


Tree=61
num_leaves=12
num_cat=0
split_feature=24 24 24 23 24 24 0 24 24 26 29
split_gain=8.53276e+08 1.30308e+08 2.28163e+08 1.41764e+08 9.59693e+07 7.30579e+07 4.08535e+07 6.28891e+07 2.1098e+07 7.19261e+06 3.06745e+06
threshold=9127.3805555555573 5567.3611111111122 1.0000000180025095e-35 -0.68301270189221952 14708.333333333334 3390.0000000000005 487.30000000000007 11203.175000000001 7706.0194444444451 7.6500000000000012 1.0000000180025095e-35
decision_type=2 2 2 2 2 2 2 2 2 2 2
left_child=1 2 3 -1 6 -4 -2 -8 9 -3 -10
right_child=4 8 5 -5 -6 -7 7 -9 10 -11 -12
leaf_value=-37.052239949584717 14.302770099222778 -17.774669133242337 -74.266580450721136 31.156409323013836 83.739762457123675 -35.185132562475985 31.257112197390544 73.026787461267546 9.7494618715101211 -4.7872498962487953 -0.0013233506721882795
leaf_weight=50 50 84 88 60 52 86 94 50 60 71 56
leaf_count=50 50 84 88 60 52 86 94 50 60 71 56
internal_value=1.10904 -19.5051 -33.6941 0.135946 47.5836 -55.0443 37.7779 45.8822 -4.61455 -11.8464 5.05425
internal_weight=801 555 284 110 246 174 194 144 271 155 116
internal_count=801 555 284 110 246 174 194 144 271 155 116
is_linear=0
shrinkage=0.03


Tree=62
num_leaves=14
num_cat=0
split_feature=24 24 1 28 24 24 21 24 7 28 15 21 26
split_gain=8.03082e+08 1.22635e+08 2.1472e+08 9.36153e+07 9.03337e+07 6.93212e+07 2.61844e+07 1.98561e+07 1.90688e+07 1.35492e+07 7.20725e+06 6.25298e+06 3.06009e+06
threshold=9127.3805555555573 5567.3611111111122 0.22500000000000003 -0.63872576220844934 14708.333333333334 2370.4750000000008 0.78490852636987074 7706.0194444444451 19.350000000000005 -0.030120304846908235 1.0000000180025095e-35 0.94544487706395575 7.0500000000000016
decision_type=2 2 2 2 2 2 2 2 2 2 2 2 2
left_child=1 2 3 -1 6 -4 9 10 -7 -2 11 -3 -9
right_child=4 7 5 -5 -6 8 -8 12 -10 -11 -12 -13 -14
leaf_value=-29.54354763990257 57.377728185708392 -23.240700391551119 -83.225284576719389 25.802439789281525 81.241979366616135 -26.626938760086269 23.491935083593386 10.286621423360268 -50.899040549164027 36.057643409280949 -2.3682915070499102 -8.3925755175823724 0.50175671718910364
leaf_weight=51 52 53 50 59 52 50 81 52 74 61 52 50 64
leaf_count=51 52 53 50 59 52 50 81 52 74 61 52 50 64
internal_value=1.0766 -18.922 -32.6869 0.131384 46.1635 -53.3986 36.65 -4.47654 -41.1999 45.9947 -11.4923 -16.0783 4.90337
internal_weight=801 555 284 110 246 174 194 271 124 113 155 103 116
internal_count=801 555 284 110 246 174 194 271 124 113 155 103 116
is_linear=0
shrinkage=0.03


Tree=63
num_leaves=12
num_cat=0
split_feature=24 24 24 23 26 24 21 24 24 26 20
split_gain=7.55866e+08 1.15425e+08 2.02092e+08 1.28157e+08 8.79245e+07 6.59441e+07 4.79603e+07 1.86892e+07 8.35307e+06 6.62507e+06 2.98611e+06
threshold=9127.3805555555573 5567.3611111111122 1.0000000180025095e-35 -0.68301270189221952 9.7500000000000018 3390.0000000000005 0.76143506678033546 7706.0194444444451 11435.186111111112 7.6500000000000012 9.798700000000002
decision_type=2 2 2 2 2 2 2 2 2 2 2
left_child=1 2 3 -1 6 -4 8 9 -2 -3 -9
right_child=4 7 5 -5 -6 -7 -8 10 -10 -11 -12
leaf_value=-35.231329386959494 40.779670381378708 -16.838817655895951 -70.065936537328966 29.621356969425332 79.815969944111799 -32.940650234200305 19.996971876482188 0.55777017102522009 58.816107599702079 -4.3758499230576096 10.263669642226597
leaf_weight=50 51 84 88 60 51 86 94 66 50 71 50
leaf_count=50 51 84 88 60 51 86 94 66 50 71 50
internal_value=1.04442 -18.3574 -31.7115 0.127135 44.7858 -51.805 35.5155 -4.34301 49.8564 -11.1495 4.75711
internal_weight=801 555 284 110 246 174 195 271 101 155 116
internal_count=801 555 284 110 246 174 195 271 101 155 116
is_linear=0
shrinkage=0.03


Tree=64
num_leaves=11
num_cat=0
split_feature=23 1 14 21 21 1 21 21 20 4
split_gain=8.03392e+07 1.07924e+08 4.58289e+07 3.8041e+07 8.70713e+07 5.3603e+07 3.12431e+07 3.82984e+07 2.4969e+07 1.30788e+07
threshold=-0.68301270189221952 0.65000000000000013 173.50000000000003 0.70145753816793899 0.19828582434514638 0.65000000000000013 0.89769754055468354 1.092669589189678 6.8062500000000012 1015.2500000000001
decision_type=2 2 2 2 2 2 2 2 2 2
left_child=1 -1 -3 4 5 -2 -5 -8 -7 -9
right_child=3 2 -4 6 -6 8 7 9 -10 -11
leaf_value=-43.739837751046593 -19.343830737694965 -15.979417511343422 19.437317683218424 -16.810892011269754 46.373084460596083 25.25958863292653 20.645610146196798 6.1665297525269809 0.64692294380342241 -11.227332034333168
leaf_weight=75 56 67 64 78 61 88 89 67 64 92
leaf_count=75 56 67 64 78 61 88 89 67 64 92
internal_value=1.01399 -15.1198 1.32822 6.60461 14.9485 5.67912 -0.287791 4.92299 14.9181 -3.89998
internal_weight=801 206 131 595 269 208 326 248 152 159
internal_count=801 206 131 595 269 208 326 248 152 159
is_linear=0
shrinkage=0.03


Tree=65
num_leaves=14
num_cat=0
split_feature=24 24 24 1 0 0 24 24 1 10 28 7 24
split_gain=6.05804e+08 2.12109e+08 9.50938e+07 1.08623e+08 1.13838e+08 9.14743e+07 8.18187e+07 4.2311e+07 3.21155e+07 9.17903e+06 6.17336e+06 1.7583e+07 3.42062e+06
threshold=9041.6666666666679 14477.777777777779 6429.5634920634939 0.22500000000000003 2176.2500000000005 715.55000000000007 4815.7416666666677 11019.675000000003 0.90000000000000013 5.5000000000000009 0.67751439310362949 21.450000000000003 9792.591666666669
decision_type=2 2 2 2 2 2 2 2 2 2 2 2 2
left_child=2 5 3 4 -1 -2 8 12 -5 -8 11 -4 -7
right_child=1 -3 10 6 -6 7 9 -9 -10 -11 -12 -13 -14
leaf_value=22.644506531797383 -10.344197439004105 92.197278983296684 14.420812715496169 -71.633795249376263 -36.875169325265269 19.107345411066426 -11.490304125678076 58.595907615828466 -40.845046429836557 -29.034016298934905 -8.9067801955525905 -7.0339029318345467 30.386660009908397
leaf_weight=66 51 52 61 58 51 51 59 50 68 50 63 78 51
leaf_count=66 51 52 61 58 51 51 59 50 68 50 63 78 51
internal_value=0.0605136 38.2988 -17.5513 -26.9604 -3.32785 24.3766 -38.7071 36.0239 -55.1542 -19.5956 -1.13968 2.39219 24.8197
internal_weight=809 255 554 352 117 203 235 152 126 109 202 139 102
internal_count=809 255 554 352 117 203 235 152 126 109 202 139 102
is_linear=0
shrinkage=0.03


Tree=66
num_leaves=13
num_cat=0
split_feature=24 24 1 21 24 24 1 24 14 14 11 21
split_gain=5.70802e+08 2.22061e+08 8.75131e+07 1.01375e+08 9.74129e+07 6.51799e+07 3.0229e+07 2.50411e+07 2.38056e+07 1.09139e+07 9.73247e+06 5.79703e+06
threshold=12018.519444444446 6914.6833333333334 0.22500000000000003 0.55875577462920811 4815.7416666666677 14619.04761904762 0.90000000000000013 9041.6666666666679 175.50000000000003 166.00000000000003 3.5000000000000004 0.88361423220973789
decision_type=2 2 2 2 2 2 2 2 2 2 2 2
left_child=1 2 3 -1 6 -2 -4 10 -9 -6 11 -3
right_child=5 7 4 -5 9 -7 -8 8 -10 -11 -12 -13
leaf_value=25.353139589319678 42.389517850494066 -11.67501691137838 -69.495839868745108 -30.373422658360418 -10.166517871980336 90.754806192181945 -39.625077488286252 4.7207473702790228 28.478272369998415 -27.082048249783444 10.952879349823398 1.9999134079822707
leaf_weight=57 52 51 58 60 83 50 68 70 83 59 57 61
leaf_count=57 52 51 58 60 83 50 68 70 83 59 57 61
internal_value=0.0589328 -9.52106 -24.8888 -3.2291 -34.3305 66.2947 -53.5076 8.85943 17.6394 -17.2371 0.893481 -4.24154
internal_weight=809 707 385 117 268 102 126 322 153 142 169 112
internal_count=809 707 385 117 268 102 126 322 153 142 169 112
is_linear=0
shrinkage=0.03


Tree=67
num_leaves=13
num_cat=0
split_feature=0 0 28 0 20 21 27 1 28 28 2 0
split_gain=6.62647e+07 1.06965e+08 1.19332e+08 1.18837e+08 7.94416e+07 6.29735e+07 5.63733e+07 3.75506e+07 2.66108e+07 5.33008e+06 4.47725e+06 4.2663e+06
threshold=1.3000000000000003 379.75000000000006 -0.49749486057528974 2042.8000000000004 6.486600000000001 0.70145753816793899 -0.34964421742355262 0.65000000000000013 1.0000000180025095e-35 0.87377473702374975 18.650000000000002 2788.8000000000006
decision_type=2 2 2 2 2 2 2 2 2 2 2 2
left_child=-1 2 -2 5 -4 6 -3 -5 11 -10 -7 -9
right_child=1 3 4 7 -6 10 -8 8 9 -11 -12 -13
leaf_value=31.75567677958318 -58.534638806887322 51.446101972707474 -30.539902220686347 -30.292732243105952 20.313648638044082 -4.4524515974320344 14.095153833291789 -9.0618864403260844 0.47860772281203484 11.914964951761808 7.8452381241008453 -20.717868773369137
leaf_weight=55 57 70 55 56 55 53 76 62 109 55 53 53
leaf_count=55 57 70 55 56 55 53 76 62 109 55 53 53
internal_value=0.0573454 -2.26657 -23.4283 3.76276 -5.12695 19.3142 32.072 -7.94241 -3.42857 4.32878 1.7011 -14.4738
internal_weight=809 754 167 587 110 252 146 335 279 164 106 115
internal_count=809 754 167 587 110 252 146 335 279 164 106 115
is_linear=0
shrinkage=0.03


Tree=68
num_leaves=14
num_cat=0
split_feature=24 24 1 0 24 24 1 24 0 27 27 24 24
split_gain=5.30209e+08 2.02597e+08 8.25472e+07 1.01635e+08 9.06282e+07 6.11576e+07 2.86887e+07 2.32429e+07 3.65173e+07 1.24578e+07 6.93358e+06 7.40275e+06 6.13234e+06
threshold=12018.519444444446 6914.6833333333334 0.22500000000000003 2176.2500000000005 4815.7416666666677 14619.04761904762 1.2500000000000002 9041.6666666666679 1286.2500000000002 0.26781182513105634 0.28433548840379819 8013.8888888888896 10030.555555555557
decision_type=2 2 2 2 2 2 2 2 2 2 2 2 2
left_child=1 2 3 -1 6 -2 -4 10 -9 -6 11 -3 -10
right_child=5 7 4 -5 9 -7 -8 8 12 -11 -12 -13 -14
leaf_value=21.718763660068422 40.740221383439426 -11.314279785732182 -65.900569971455226 -34.520048721045775 -26.75338136532956 87.584258810540092 -36.901873130798343 -3.8780025566948786 19.617163913124482 -8.7766009283945579 9.1953275826339329 4.0745234935956987 34.577171166849418
leaf_weight=66 52 56 63 51 61 50 63 51 51 81 57 56 51
leaf_count=66 52 56 63 51 61 50 63 51 51 81 57 56 51
internal_value=0.0554499 -9.17761 -23.8564 -2.8211 -33.0262 63.8926 -51.5234 8.37894 16.8378 -16.5392 0.704631 -3.62947 27.1767
internal_weight=809 707 385 117 268 102 126 322 153 142 169 112 102
internal_count=809 707 385 117 268 102 126 322 153 142 169 112 102
is_linear=0
shrinkage=0.03


Tree=69
num_leaves=14
num_cat=0
split_feature=24 24 1 0 24 24 24 24 0 27 27 24 24
split_gain=4.9905e+08 1.90685e+08 7.7688e+07 9.56597e+07 8.92272e+07 5.75651e+07 2.83901e+07 2.18881e+07 3.97429e+07 9.33219e+06 8.27499e+06 7.913e+06 3.54988e+06
threshold=12018.519444444446 6914.6833333333334 0.22500000000000003 2176.2500000000005 2370.4750000000008 14619.04761904762 5027.7777777777783 8789.019444444446 1211.4000000000003 0.28433548840379819 0.2093127076542077 9745.3694444444463 7927.2500000000009
decision_type=2 2 2 2 2 2 2 2 2 2 2 2 2
left_child=1 2 3 -1 -4 -2 -6 9 -9 12 -8 -10 -3
right_child=5 7 4 -5 6 -7 10 8 11 -11 -12 -13 -14
leaf_value=21.070148483207319 39.525025476342634 -11.129861234357771 -67.65922905057495 -33.490503136707332 -36.963980786090374 84.972402188431914 -23.721791579947286 -6.6155747892720669 16.061760390301735 10.128255616109639 -8.3742413416069201 31.82110921193728 0.15684257219136355
leaf_weight=66 52 50 51 51 86 50 54 51 52 52 77 67 50
leaf_count=66 52 50 51 51 86 50 54 51 52 52 77 67 50
internal_value=0.0541137 -8.90354 -23.1442 -2.73745 -32.0401 61.9871 -23.5869 8.12903 15.515 -0.145877 -14.7405 24.9925 -5.50283
internal_weight=809 707 385 117 268 102 217 322 170 152 131 119 100
internal_count=809 707 385 117 268 102 217 322 170 152 131 119 100
is_linear=0
shrinkage=0.03


Tree=70
num_leaves=12
num_cat=0
split_feature=0 0 4 28 0 14 4 14 21 3 11
split_gain=9.66397e+07 1.13378e+08 1.35466e+08 5.46824e+07 4.54042e+07 3.80314e+07 4.66922e+07 3.05378e+07 2.00833e+07 2.39051e+07 1.44115e+07
threshold=1.3000000000000003 464.40000000000003 1007.2500000000001 0.44436171794418394 1779.6500000000003 216.50000000000003 1010.4500000000002 75.500000000000014 0.71518782570317951 70.950000000000017 3.5000000000000004
decision_type=2 2 2 2 2 2 2 2 2 2 2
left_child=-1 2 -2 -4 8 7 -7 -6 9 -3 -9
right_child=1 4 3 -5 5 6 -8 10 -10 -11 -12
leaf_value=37.995138939920054 -59.386217430987656 5.3640060303225159 12.964823951178817 -28.94243078622382 2.1257032140829879 31.029648560641103 -5.8966421253900174 -26.907177996184089 0.86361607550237141 32.462498945054548 -8.1005644548347675
leaf_weight=50 67 51 63 50 95 51 77 93 71 69 61
leaf_count=50 67 51 63 50 95 51 77 93 71 69 61
internal_value=-2.25812 -4.96301 -25.6895 -5.60567 1.61534 -4.42198 8.85426 -11.2492 13.5202 20.9878 -19.4881
internal_weight=798 748 180 113 568 377 128 249 191 120 154
internal_count=798 748 180 113 568 377 128 249 191 120 154
is_linear=0
shrinkage=0.03


Tree=71
num_leaves=12
num_cat=0
split_feature=24 24 24 24 24 3 24 0 3 24 8
split_gain=4.25379e+08 8.46568e+07 6.70382e+07 6.97037e+07 5.86567e+07 4.4111e+07 2.35596e+07 1.67197e+07 8.91416e+06 6.57406e+06 4.30427e+06
threshold=7754.6277777777786 12859.126984126988 5338.8888888888896 1.0000000180025095e-35 2370.4750000000008 75.700000000000003 9792.591666666669 1730.0500000000002 64.350000000000009 6429.5634920634939 10.850000000000003
decision_type=2 2 2 2 2 2 2 2 2 2 2
left_child=2 6 3 5 -5 -1 8 -4 -2 -9 -8
right_child=1 -3 7 4 -6 -7 10 9 -10 -11 -12
leaf_value=6.1263988447636653 -2.1758667221759782 47.212944452532902 6.3708341805656827 -70.769698611199289 -31.148147479257752 -31.978287881746173 18.66577218476127 -21.706882818337959 12.190171249962056 -7.9849620603921387 30.916393993218421
leaf_weight=53 66 90 52 52 97 56 58 54 94 76 50
leaf_count=53 66 90 52 52 97 56 58 54 94 76 50
internal_value=-2.19044 22.0819 -21.9409 -31.7686 -45.0903 -13.4843 13.5989 -7.97993 6.27114 -13.7218 24.4074
internal_weight=798 358 440 258 149 109 268 182 160 130 108
internal_count=798 358 440 258 149 109 268 182 160 130 108
is_linear=0
shrinkage=0.03


Tree=72
num_leaves=12
num_cat=0
split_feature=24 24 24 24 3 24 24 0 3 2 24
split_gain=4.00347e+08 7.96668e+07 6.32399e+07 8.55158e+07 4.15179e+07 3.61235e+07 2.21762e+07 2.07924e+07 8.38909e+06 7.53982e+06 6.36707e+06
threshold=7754.6277777777786 12859.126984126988 4762.8972222222228 1.0000000180025095e-35 75.700000000000003 2189.2857142857151 9792.591666666669 1598.4000000000003 64.350000000000009 15.597000000000003 6429.5634920634939
decision_type=2 2 2 2 2 2 2 2 2 2 2
left_child=2 6 3 4 -1 -5 8 -4 -2 -8 -9
right_child=1 -3 7 5 -6 -7 9 10 -10 -11 -12
leaf_value=5.9436412978753816 -2.1108863533675941 45.801262037207522 7.1492997694852063 -69.350656680624709 -31.024050637307848 -35.466020867220656 15.75773176251872 -20.575175543003152 11.825629309465119 31.764607028639116 -8.6307335251261588
leaf_weight=53 66 90 51 50 56 68 55 83 94 53 79
leaf_count=53 66 90 51 50 56 68 55 83 94 53 79
internal_value=-2.12523 21.4221 -21.2857 -32.2945 -13.0819 -49.9635 13.193 -9.52447 6.08357 23.6793 -14.7772
internal_weight=798 358 440 227 109 118 268 213 160 108 162
internal_count=798 358 440 227 109 118 268 213 160 108 162
is_linear=0
shrinkage=0.03


Tree=73
num_leaves=12
num_cat=0
split_feature=1 6 0 14 0 2 2 2 2 20 20
split_gain=1.34466e+08 8.11326e+07 3.85579e+07 7.37733e+07 3.80382e+07 3.00043e+07 1.8148e+07 1.08543e+07 5.69158e+06 7.83519e+06 1.9034e+06
threshold=0.45000000000000007 3.4500000000000006 1696.45 108.50000000000001 15.750000000000002 14.450000000000001 16.350000000000005 16.000000000000004 15.597000000000003 3.1545000000000001 7.9852000000000007
decision_type=2 2 2 2 2 2 2 2 2 2 2
left_child=1 4 3 -2 -1 -5 -7 8 9 -4 -11
right_child=2 -3 7 5 -6 6 -8 -9 -10 10 -12
leaf_value=10.647916392963895 41.553487415758667 -47.424986252482462 7.4725246960377838 -10.858351896293925 -22.894951095911331 22.077811418060644 -0.93973916465198071 -11.363129378624009 7.1346225789698163 -2.9397819585698537 -10.960849572698972
leaf_weight=54 64 77 51 72 69 80 50 80 94 56 51
leaf_count=54 64 77 51 72 69 80 50 80 94 56 51
internal_value=-2.06202 -23.3369 5.06145 13.5652 -8.17866 4.64905 13.2431 -1.75782 1.30133 -2.176 -6.78295
internal_weight=798 200 598 266 123 202 130 332 252 158 107
internal_count=798 200 598 266 123 202 130 332 252 158 107
is_linear=0
shrinkage=0.03


Tree=74
num_leaves=12
num_cat=0
split_feature=1 20 7 0 10 1 21 28 2 2 6
split_gain=1.26549e+08 7.81787e+07 1.81391e+08 3.62891e+07 4.09718e+07 2.18226e+07 1.46093e+07 1.02419e+07 4.8887e+06 6.51266e+06 2.70297e+06
threshold=0.45000000000000007 10.309850000000003 25.750000000000004 1696.45 4.5000000000000009 0.90000000000000013 0.70665995783017077 0.44436171794418394 16.000000000000004 13.750000000000002 3.0500000000000003
decision_type=2 2 2 2 2 2 2 2 2 2 2
left_child=1 -1 -3 4 -2 6 -6 8 9 -5 -9
right_child=3 2 -4 7 5 -7 -8 10 -10 -11 -12
leaf_value=-44.854137058143571 32.257035447936431 32.090789772155652 -42.496850888390718 -8.5296098207986546 21.496054286956785 -8.5658932180540255 1.150331914808608 -0.30779624288810747 -12.152984271056006 5.0984446871093434 8.3910510137935521
leaf_weight=83 73 56 61 70 75 63 55 55 73 57 77
leaf_count=83 73 56 61 70 75 63 55 55 73 57 77
internal_value=-2.00037 -22.6395 -6.80594 4.91023 13.16 5.8978 12.9108 -1.70538 -5.98255 -2.41541 4.77398
internal_weight=798 200 117 598 266 193 130 332 200 127 132
internal_count=798 200 117 598 266 193 130 332 200 127 132
is_linear=0
shrinkage=0.03


Tree=75
num_leaves=13
num_cat=0
split_feature=24 1 24 24 1 26 24 24 27 5 24 24
split_gain=4.0486e+08 1.71344e+08 1.26814e+08 6.34429e+07 8.70039e+07 5.42069e+07 4.23725e+07 1.94703e+07 1.4703e+07 7.57346e+06 7.40434e+06 1.38747e+06
threshold=8476.1111111111131 0.45000000000000007 12446.297222222223 5567.3611111111122 0.22500000000000003 7.1499999999999995 3390.0000000000005 10212.963888888889 0.14153898451656996 13.750000000000002 7385.8027777777779 9318.7500000000018
decision_type=2 2 2 2 2 2 2 2 2 2 2 2
left_child=3 -2 7 4 5 -1 -6 11 10 -10 -5 -3
right_child=1 2 -4 8 6 -7 -8 -9 9 -11 -12 -13
leaf_value=14.227169506431284 -15.775400810978562 14.999601368033218 80.296309090329899 -20.337959887382542 -58.272318083622544 -27.102048065033717 -26.728490626333954 38.443189507180705 -5.7002106943486286 9.8714104465094721 -5.0216763258162702 22.090283397433861
leaf_weight=54 67 55 51 63 75 60 80 76 58 54 52 52
leaf_count=54 67 55 51 63 75 60 80 76 58 54 52 52
internal_value=-0.961647 26.4705 38.5712 -17.6149 -27.4635 -7.53901 -42.0748 26.8305 -5.92319 1.81377 -13.4435 18.4978
internal_weight=797 301 234 496 269 114 155 183 227 112 115 107
internal_count=797 301 234 496 269 114 155 183 227 112 115 107
is_linear=0
shrinkage=0.03


Tree=76
num_leaves=12
num_cat=0
split_feature=1 3 27 27 21 3 3 21 27 27 21
split_gain=1.10043e+08 7.6116e+07 4.42029e+07 3.51293e+07 2.46618e+07 1.90725e+07 3.16729e+07 1.85293e+07 1.11275e+07 1.15593e+07 6.36337e+06
threshold=0.45000000000000007 79.450000000000017 0.56314550935064711 0.98038744674281963 0.74298633702016936 81.950000000000017 48.350000000000001 1.0000000180025095e-35 -0.81403855522663837 -0.40147311773604372 0.92708778325216701
decision_type=2 2 2 2 2 2 2 2 2 2 2
left_child=1 2 -1 4 5 6 -2 -8 -6 -10 -11
right_child=3 -3 -4 -5 8 -7 7 -9 9 10 -12
leaf_value=-18.225788176701958 26.022547232826625 6.164930121001527 -52.766872207881271 29.375208076789363 7.8239232411859421 26.463080448420506 -9.2898622417346637 13.199357846577962 -16.070040522920266 -9.2794246614889815 3.3695434728061682
leaf_weight=81 52 68 57 51 71 52 92 51 68 56 98
leaf_count=81 52 68 57 51 71 52 92 51 68 56 98
internal_value=-0.932561 -19.7975 -32.5763 5.64974 3.39392 10.3707 6.04533 -1.25833 -2.49211 -5.79752 -1.23912
internal_weight=797 206 138 591 540 247 195 143 293 222 154
internal_count=797 206 138 591 540 247 195 143 293 222 154
is_linear=0
shrinkage=0.03


Tree=77
num_leaves=13
num_cat=0
split_feature=24 1 24 24 1 24 21 0 10 5 24 4
split_gain=3.77552e+08 1.56401e+08 1.17836e+08 5.75002e+07 8.46644e+07 3.95918e+07 3.57739e+07 1.87754e+07 1.04915e+07 9.01814e+06 8.69052e+06 6.81456e+06
threshold=8476.1111111111131 0.45000000000000007 12446.297222222223 5567.3611111111122 0.22500000000000003 3390.0000000000005 0.54519255050505067 1310.8000000000002 6.5000000000000009 13.750000000000002 9539.6833333333361 1010.9500000000002
decision_type=2 2 2 2 2 2 2 2 2 2 2 2
left_child=3 -2 7 4 6 -6 -1 -3 9 -5 -9 -10
right_child=1 2 -4 8 5 -7 -8 10 11 -11 -12 -13
leaf_value=9.7824062068670941 -14.776320170024173 41.497311681042135 77.368271009657121 -7.5179995137041686 -56.433006319752728 -25.940671189380613 -23.752575196017169 10.050518003095661 -19.433848982934805 9.0482685251049642 25.901329977932413 -4.3641526974171816
leaf_weight=58 67 50 51 62 75 80 56 51 59 56 82 50
leaf_count=58 67 50 51 62 75 80 56 51 59 56 82 50
internal_value=-0.904507 25.5863 37.1473 -16.9863 -26.3624 -40.7756 -6.70994 25.8298 -5.85529 0.346891 19.8596 -12.5522
internal_weight=797 301 234 496 269 155 114 183 227 118 133 109
internal_count=797 301 234 496 269 155 114 183 227 118 133 109
is_linear=0
shrinkage=0.03


Tree=78
num_leaves=13
num_cat=0
split_feature=3 14 3 21 14 2 14 26 26 27 27 4
split_gain=5.31658e+07 6.80003e+07 3.16008e+07 2.44673e+07 2.2373e+07 3.15051e+07 2.47731e+07 1.80069e+07 1.75017e+07 1.61592e+07 1.33299e+07 8.58822e+06
threshold=81.950000000000017 112.50000000000001 47.350000000000001 0.70145753816793899 199.50000000000003 9.5500000000000025 106.50000000000001 5.1500000000000021 8.0500000000000025 -0.5416228050394748 -0.90880922144842613 1006.6500000000002
decision_type=2 2 2 2 2 2 2 2 2 2 2 2
left_child=2 -2 3 -1 5 8 -7 -3 -4 10 -6 -8
right_child=1 7 4 -5 9 6 11 -9 -10 -11 -12 -13
leaf_value=22.374956221699122 41.643762347816761 11.212738696945884 -35.744682239601516 -4.7786533566550506 3.7444946101077421 11.216922148244075 -5.0434598472104435 -12.307530624657348 -12.9697864084094 13.232290422196236 -13.011211170380799 -22.55271113655439
leaf_weight=60 54 68 66 59 76 55 51 51 57 53 97 50
leaf_count=60 54 68 66 59 76 55 51 51 57 53 97 50
internal_value=-0.877129 13.8241 -4.95764 8.934 -8.23449 -13.913 -4.94456 1.12695 -25.2478 -1.21514 -5.65653 -13.7526
internal_weight=797 173 624 119 505 279 156 119 123 226 173 101
internal_count=797 173 624 119 505 279 156 119 123 226 173 101
is_linear=0
shrinkage=0.03


Tree=79
num_leaves=12
num_cat=0
split_feature=24 1 24 24 1 26 24 6 5 20 24
split_gain=3.52612e+08 1.41387e+08 9.43526e+07 6.54154e+07 7.97294e+07 4.89393e+07 3.73947e+07 1.44235e+07 1.04336e+07 1.0201e+07 5.27523e+06
threshold=9041.6666666666679 0.45000000000000007 12446.297222222223 5567.3611111111122 0.22500000000000003 7.1499999999999995 3390.0000000000005 3.4500000000000006 23.350000000000005 8.6426500000000015 7475.0000000000009
decision_type=2 2 2 2 2 2 2 2 2 2 2
left_child=3 -2 7 4 5 -1 -6 -3 9 10 -5
right_child=1 2 -4 8 6 -7 -8 -9 -10 -11 -12
leaf_value=14.363372467209622 -11.593708088401689 20.477250909717085 74.715994251095069 -13.141840407292179 -54.588343830868546 -24.904927956500455 -24.956761302639212 39.832103094890797 -16.14658751167455 6.4025305398474348 -0.5171842953005541
leaf_weight=54 64 97 51 61 75 60 80 55 53 89 58
leaf_count=54 64 97 51 61 75 60 80 55 53 89 58
internal_value=-0.850849 27.2451 39.4889 -15.0123 -25.3857 -6.3152 -39.3724 27.5454 -4.30395 -1.26741 -7.0055
internal_weight=797 267 203 530 269 114 155 152 261 208 119
internal_count=797 267 203 530 269 114 155 152 261 208 119
is_linear=0
shrinkage=0.03


Tree=80
num_leaves=12
num_cat=0
split_feature=24 1 0 1 24 21 1 24 24 24 24
split_gain=3.51982e+08 1.28701e+08 8.83226e+07 1.976e+08 6.2789e+07 4.02867e+07 8.81042e+07 7.36258e+07 1.15988e+07 9.00739e+06 7.03411e+06
threshold=10005.555555555557 0.45000000000000007 756.05000000000007 0.65000000000000013 12168.980555555558 0.68225016118633153 0.65000000000000013 6503.0861111111126 7791.666666666667 7892.8583333333345 4563.6583333333338
decision_type=2 2 2 2 2 2 2 2 2 2 2
left_child=2 -2 3 -1 -3 6 -4 10 -9 -8 -7
right_child=1 4 5 -5 -6 7 9 8 -10 -11 -12
leaf_value=-65.252111920968474 -2.1448267032193904 33.32690966209595 36.844642247011848 2.6563747869734504 73.591571650513103 -36.171213018933706 -15.811107338412677 -6.2747021495576396 11.057343351708107 1.2171648638575499 -21.664615481348672
leaf_weight=75 61 87 59 79 59 54 63 61 80 50 73
leaf_count=75 61 87 59 79 59 54 63 61 80 50 73
internal_value=0.79311 34.4522 -10.948 -30.4784 49.7158 -4.09625 7.22732 -11.3636 3.56162 -8.29312 -27.9036
internal_weight=801 207 594 154 146 440 172 268 141 113 127
internal_count=801 207 594 154 146 440 172 268 141 113 127
is_linear=0
shrinkage=0.03


Tree=81
num_leaves=13
num_cat=0
split_feature=24 24 24 24 24 2 27 3 22 23 5 20
split_gain=3.3127e+08 6.96314e+07 6.3597e+07 8.16157e+07 6.24246e+07 3.75081e+07 2.08743e+07 2.08206e+07 7.81657e+06 6.52479e+06 1.84919e+07 5.6867e+06
threshold=10005.555555555557 6699.9000000000005 1.0000000180025095e-35 3020.0000000000005 14708.333333333334 4.6500000000000012 -0.20087381264151988 76.350000000000009 0.68301270189221941 0.6830127018922193 14.750000000000002 16.989600000000003
decision_type=2 2 2 2 2 2 2 2 2 2 2 2
left_child=1 2 5 -4 7 -1 -5 -2 -8 10 -3 -12
right_child=4 9 3 6 -6 -7 8 -9 -10 -11 11 -13
leaf_value=-20.926664795447035 32.213772122221933 19.820441246253996 -54.668276247523146 -31.259149168818166 60.423316493737339 12.425777387500304 -0.32371155980380351 9.3329570396513404 -16.521145644214272 -5.7146374205799848 -8.7454929429818264 4.6537519684584652
leaf_weight=52 92 53 72 55 56 72 53 59 54 69 53 61
leaf_count=52 92 53 72 55 56 72 53 59 54 69 53 61
internal_value=0.769444 -10.621 -18.9551 -28.1499 33.4232 -1.57741 -16.2847 23.3099 -8.52154 2.02935 5.23353 -1.58225
internal_weight=801 594 358 234 207 124 162 151 107 236 167 114
internal_count=801 594 358 234 207 124 162 151 107 236 167 114
is_linear=0
shrinkage=0.03


Tree=82
num_leaves=12
num_cat=0
split_feature=24 1 24 1 24 24 27 27 7 28 22
split_gain=3.11779e+08 1.23363e+08 6.55366e+07 5.98539e+07 7.68092e+07 5.80653e+07 3.73297e+07 1.96472e+07 7.70986e+06 1.50595e+07 7.35712e+06
threshold=10005.555555555557 0.45000000000000007 6699.9000000000005 0.22500000000000003 3020.0000000000005 12168.980555555558 0.14153898451656996 -0.20087381264151988 26.250000000000004 0.44436171794418394 0.68301270189221941
decision_type=2 2 2 2 2 2 2 2 2 2 2
left_child=2 -2 3 6 -5 -3 -1 -6 9 -4 -9
right_child=1 5 8 4 7 -7 -8 10 -10 -11 -12
leaf_value=18.101412122402973 -3.3991282019062883 31.61119366845724 13.807260694060966 -53.035033452837297 -30.326461750878995 70.327066701596351 -15.264356645113123 -0.314054975026544 -8.077215787590557 -3.3935718715103325 -16.028249386107724
leaf_weight=51 61 87 88 72 55 59 73 53 53 95 54
leaf_count=51 61 87 88 72 55 59 73 53 53 95 54
internal_value=0.746368 32.4249 -10.3039 -18.3892 -27.3094 47.3688 -1.5307 -15.7988 1.96885 4.88688 -8.26731
internal_weight=801 207 594 358 234 146 124 162 236 183 107
internal_count=801 207 594 358 234 146 124 162 236 183 107
is_linear=0
shrinkage=0.03


Tree=83
num_leaves=11
num_cat=0
split_feature=24 1 0 1 24 22 24 20 24 28
split_gain=2.93433e+08 1.16105e+08 7.50831e+07 1.92424e+08 5.46553e+07 3.90107e+07 4.05789e+07 1.05221e+07 2.01098e+07 8.32918e+06
threshold=10005.555555555557 0.45000000000000007 756.05000000000007 0.65000000000000013 12168.980555555558 -0.6830127018922193 8089.2861111111115 9.798700000000002 5357.5833333333348 -0.83352489619613901
decision_type=2 2 2 2 2 2 2 2 2 2
left_child=2 -2 3 -1 -3 -4 7 8 -7 -9
right_child=1 4 5 -5 -6 6 -8 9 -10 -11
leaf_value=-62.319069700203094 -3.2976532084479029 30.666116545356015 12.982318648981538 4.6871362890120869 68.227928876892918 -34.176702921535423 10.212753911998176 -14.522014743464421 -10.210310391279847 0.74717510933901909
leaf_weight=75 61 87 98 79 59 54 80 77 76 55
leaf_count=75 61 87 98 79 59 54 80 77 76 55
internal_value=0.72402 31.4564 -9.99622 -28.0034 45.954 -3.6789 -8.46039 -14.1673 -20.2214 -8.17252
internal_weight=801 207 594 154 146 440 342 262 130 132
internal_count=801 207 594 154 146 440 342 262 130 132
is_linear=0
shrinkage=0.03


Tree=84
num_leaves=12
num_cat=0
split_feature=1 2 29 22 21 20 3 26 21 21 8
split_gain=6.30738e+07 5.56495e+07 5.66794e+07 2.50569e+07 2.98766e+07 2.32146e+07 3.23115e+07 2.13853e+07 4.99914e+06 5.78716e+06 2.98729e+06
threshold=0.45000000000000007 4.6500000000000012 1.0000000180025095e-35 0.93301270189221952 0.74298633702016936 19.165950000000002 47.850000000000001 6.6000000000000005 0.99446216350671623 0.87489425629357387 5.4500000000000011
decision_type=2 2 2 2 2 2 2 2 2 2 2
left_child=1 -1 -3 4 5 6 -2 -8 9 -6 -10
right_child=3 2 -4 -5 8 -7 7 -9 10 -11 -12
leaf_value=-32.368611206567593 27.289241923034545 19.499169713603376 -19.6352774958658 24.481936943158889 0.067398955573863037 29.803763541189387 12.983655087336196 -11.20081797119254 -3.0450850838819647 -11.889604544973903 5.5213891471667695
leaf_weight=83 50 63 70 58 66 50 57 77 72 81 74
leaf_count=83 50 63 70 58 66 50 57 77 72 81 74
internal_value=0.702333 -13.1409 -1.09568 5.8178 3.7509 11.7368 6.7867 -0.907303 -2.63235 -6.53189 1.29918
internal_weight=801 216 133 585 527 234 184 134 293 147 146
internal_count=801 216 133 585 527 234 184 134 293 147 146
is_linear=0
shrinkage=0.03


Tree=85
num_leaves=12
num_cat=0
split_feature=24 24 24 27 24 24 27 11 27 21 14
split_gain=3.2826e+08 9.5115e+07 1.00263e+08 1.40132e+08 8.09716e+07 7.40451e+07 1.68401e+07 1.48083e+07 8.34923e+06 6.30814e+06 9.30532e+06
threshold=11401.388888888891 6914.6833333333334 1.0000000180025095e-35 0.38165740977356993 2151.428571428572 14708.333333333334 -0.20087381264151988 3.5000000000000004 0.5772435042917955 0.89769754055468354 183.50000000000003
decision_type=2 2 2 2 2 2 2 2 2 2 2
left_child=1 2 3 -1 -4 -2 -6 9 -8 10 -3
right_child=5 7 4 -5 6 -7 8 -9 -10 -11 -12
leaf_value=34.840903488322752 23.792039757955763 -14.090489799715652 -61.76358300103081 -30.383967726902409 -31.70193817648822 69.152871231942825 -4.1700004387266549 14.375805958289753 -19.230112720708547 6.2635505646610588 3.2014195768528073
leaf_weight=65 74 50 51 54 71 58 52 99 92 87 63
leaf_count=65 74 50 51 54 71 58 52 99 92 87 63
internal_value=0.576978 -7.78661 -17.6398 5.24101 -27.8704 43.835 -19.7557 4.90556 -13.8118 0.203226 -4.46684
internal_weight=816 684 385 119 266 132 215 299 144 200 113
internal_count=816 684 385 119 266 132 215 299 144 200 113
is_linear=0
shrinkage=0.03


Tree=86
num_leaves=12
num_cat=0
split_feature=24 24 1 27 24 24 27 11 0 24 27
split_gain=3.08954e+08 8.95176e+07 9.43623e+07 1.31891e+08 7.62181e+07 6.96937e+07 1.58495e+07 1.39362e+07 1.02673e+07 1.53228e+07 7.85703e+06
threshold=11401.388888888891 6914.6833333333334 0.18333333333333332 0.38165740977356993 2151.428571428572 14708.333333333334 -0.20087381264151988 3.5000000000000004 1087.8500000000001 8789.019444444446 0.5772435042917955
decision_type=2 2 2 2 2 2 2 2 2 2 2
left_child=1 2 3 -1 -4 -2 -6 8 -3 -10 -8
right_child=5 7 4 -5 6 -7 10 -9 9 -11 -12
leaf_value=33.800477864380817 23.081160644900908 -11.086255316814832 -59.921511768987997 -29.477484427604885 -30.754881863854877 67.088960569980415 -4.0456177975160443 13.945834768704415 -3.3211942935146617 16.582305348804535 -18.655084570267864
leaf_weight=65 74 53 51 54 71 58 52 99 91 56 92
leaf_count=65 74 53 51 54 71 58 52 99 91 56 92
internal_value=0.559561 -7.55436 -17.1132 5.08411 -27.0382 42.5263 -19.1653 4.75868 0.196921 4.27936 -13.3989
internal_weight=816 684 385 119 266 132 215 299 200 147 144
internal_count=816 684 385 119 266 132 215 299 200 147 144
is_linear=0
shrinkage=0.03


Tree=87
num_leaves=13
num_cat=0
split_feature=24 24 1 14 24 1 11 24 0 24 7 3
split_gain=2.90783e+08 8.42512e+07 8.88092e+07 9.20041e+07 7.17437e+07 7.05116e+07 1.31149e+07 1.19312e+07 9.66397e+06 1.44217e+07 7.11453e+06 6.27934e+06
threshold=11401.388888888891 6914.6833333333334 0.18333333333333332 147.00000000000003 2151.428571428572 0.45000000000000007 3.5000000000000004 5192.5916666666681 1087.8500000000001 8789.019444444446 20.450000000000003 66.350000000000009
decision_type=2 2 2 2 2 2 2 2 2 2 2 2
left_child=1 2 3 -1 -4 -2 8 11 -3 -10 -9 -6
right_child=5 6 4 -5 7 -7 -8 10 9 -11 -12 -13
leaf_value=-25.442346808896424 15.593438518890057 -10.755539464610603 -58.134378549480992 27.724432902887656 -18.295629835519176 60.030551031670136 13.528723636336196 -19.857433732216947 -3.2218858105996939 16.08748694458821 -4.688280670832639 -33.329716657197274
leaf_weight=51 56 53 51 68 51 76 99 52 91 56 60 52
leaf_count=51 56 53 51 68 51 76 99 52 91 56 60 52
internal_value=0.542742 -7.32895 -16.6024 4.93191 -26.2309 41.2566 4.61641 -18.5926 0.191109 4.15179 -11.7654 -25.9605
internal_weight=816 684 385 119 266 132 299 215 200 147 112 103
internal_count=816 684 385 119 266 132 299 215 200 147 112 103
is_linear=0
shrinkage=0.03


Tree=88
num_leaves=13
num_cat=0
split_feature=24 24 1 14 24 24 6 24 14 11 5 7
split_gain=2.82913e+08 1.20863e+08 6.51347e+07 8.6594e+07 8.40641e+07 2.11053e+07 1.42484e+07 3.91212e+07 1.32699e+07 1.15174e+07 5.42599e+06 4.72969e+06
threshold=14708.333333333334 7754.6277777777786 0.18333333333333332 147.00000000000003 2151.428571428572 5825.7583333333341 4.6500000000000012 11435.186111111112 195.50000000000003 3.5000000000000004 13.750000000000002 23.050000000000004
decision_type=2 2 2 2 2 2 2 2 2 2 2 2
left_child=1 2 3 -1 -4 8 7 9 -6 10 -3 -7
right_child=-2 6 4 -5 5 11 -8 -9 -10 -11 -12 -13
leaf_value=-24.683540524488304 64.209656185899348 8.4735059643029 -56.400546337819236 26.89635370871682 -15.790947663906612 -1.6451893252240382 -4.4871791894772421 35.614369747098635 -34.835189276801216 16.859742363686166 -3.6400450563494964 -13.213121948297958
leaf_weight=51 58 60 51 68 95 84 50 54 51 69 74 51
leaf_count=51 58 60 51 68 95 84 50 54 51 69 74 51
internal_value=0.526009 -4.37034 -14.2501 4.78413 -21.0708 -14.6053 10.1433 12.9916 -22.5012 6.93004 1.79068 -6.03497
internal_weight=816 758 451 119 332 281 307 257 146 203 134 135
internal_count=816 758 451 119 332 281 307 257 146 203 134 135
is_linear=0
shrinkage=0.03


Tree=89
num_leaves=11
num_cat=0
split_feature=0 0 4 14 4 1 21 8 5 8
split_gain=5.5783e+07 6.11626e+07 1.25072e+08 6.843e+07 7.04056e+07 7.00477e+07 1.91462e+07 1.59505e+07 5.0601e+06 3.64884e+06
threshold=2.1500000000000004 134.35000000000002 1007.2500000000001 199.50000000000003 1004.7500000000001 0.36666666666666675 0.76513342898134873 3.5000000000000004 21.350000000000005 10.950000000000001
decision_type=2 2 2 2 2 2 2 2 2 2
left_child=-1 2 -2 5 -5 -3 -6 -7 -9 -8
right_child=1 3 -4 4 6 7 9 8 -10 -11
leaf_value=25.667828784127451 -55.403291305626297 -34.740705538098091 3.5765020227491635 36.304471249145841 15.501127846667906 11.434406771013936 2.1141186630923445 -7.860103843724132 3.2601697694425789 -8.1831900090894276
leaf_weight=72 54 66 80 82 73 75 54 138 50 72
leaf_count=72 54 66 80 82 73 75 54 138 50 72
internal_value=0.510199 -1.93376 -20.2621 2.10042 12.9657 -7.18298 3.3085 -0.235613 -4.90205 -3.77545
internal_weight=816 744 134 610 281 329 199 263 188 126
internal_count=816 744 134 610 281 329 199 263 188 126
is_linear=0
shrinkage=0.03


Tree=90
num_leaves=11
num_cat=0
split_feature=1 23 20 0 29 4 0 2 27 21
split_gain=8.03731e+07 1.01899e+08 6.85991e+07 6.38479e+07 5.07632e+07 1.57457e+07 2.01875e+07 7.55766e+06 6.55266e+06 5.49685e+06
threshold=0.65000000000000013 -0.24999999999999994 6.4430000000000014 251.45000000000002 1.0000000180025095e-35 1005.7500000000001 1603.3500000000001 16.350000000000005 0.86958133671945947 1.0000000180025095e-35
decision_type=2 2 2 2 2 2 2 2 2 2
left_child=1 4 -3 -2 -1 6 -5 8 9 -7
right_child=3 2 -4 5 -6 7 -8 -9 -10 -11
leaf_value=-13.171358935607607 34.698069795808401 -17.236098825968352 30.089990118147078 20.533705448095233 -50.357810930172491 -3.148626949475164 -1.6043956548920777 -10.758418025911856 -7.666443945142734 6.9677865018952128
leaf_weight=60 56 58 52 72 74 83 76 77 75 115
leaf_count=60 56 58 52 72 74 83 76 77 75 115
internal_value=-1.90295 -16.2382 5.15714 4.41611 -33.7738 0.992054 9.18518 -2.47734 -0.132375 2.72867
internal_weight=798 244 110 554 134 498 148 350 273 198
internal_count=798 244 110 554 134 498 148 350 273 198
is_linear=0
shrinkage=0.03


Tree=91
num_leaves=11
num_cat=0
split_feature=24 1 0 0 24 22 24 24 0 28
split_gain=1.5409e+08 1.47938e+08 5.83169e+07 1.12056e+08 4.68982e+07 4.73013e+07 3.34489e+07 6.68652e+06 5.98454e+06 3.47987e+06
threshold=10488.888888888891 0.65000000000000013 51.800000000000004 4.9500000000000011 7754.6277777777786 -0.6830127018922193 1702.5000000000002 9318.7500000000018 1675.4500000000003 0.38167508216062845
decision_type=2 2 2 2 2 2 2 2 2 2
left_child=2 -2 3 -1 5 -4 -7 9 -8 -6
right_child=1 -3 4 -5 7 6 8 -9 -10 -11
leaf_value=2.1982896760316923 -5.8717926374878084 49.770004856451806 10.885661784029601 -59.688979723502726 9.1330683890622648 -33.609335201052929 -1.0857189723748575 17.040100502510832 -12.989580627340828 -1.5056012001372221
leaf_weight=52 82 90 72 53 60 74 50 55 159 51
leaf_count=52 82 90 72 53 60 74 50 55 159 51
internal_value=-1.84599 23.279 -8.75721 -29.121 -4.63876 -10.7909 -16.3115 8.51356 -10.1474 4.25407
internal_weight=798 172 626 105 521 355 283 166 209 111
internal_count=798 172 626 105 521 355 283 166 209 111
is_linear=0
shrinkage=0.03


Tree=92
num_leaves=12
num_cat=0
split_feature=24 1 0 0 24 27 24 20 27 24 29
split_gain=1.45014e+08 1.39224e+08 5.48921e+07 1.05471e+08 4.41372e+07 4.69824e+07 2.25808e+07 1.87761e+07 9.02987e+06 6.29353e+06 1.04247e+06
threshold=10488.888888888891 0.65000000000000013 51.800000000000004 4.9500000000000011 7754.6277777777786 -0.74981945761428159 4604.166666666667 9.798700000000002 0.24284747324344283 9318.7500000000018 1.0000000180025095e-35
decision_type=2 2 2 2 2 2 2 2 2 2 2
left_child=2 -2 3 -1 5 -4 7 -7 -8 10 -6
right_child=1 -3 4 -5 9 6 8 -9 -10 -11 -12
leaf_value=2.1327195102990699 -5.6962811969001557 48.281865568636263 12.118978277265937 -57.908389195197074 1.2343604678751943 -38.563094917423818 -18.79179291499538 -15.157088922914346 -3.4562795828487678 16.531670835539835 7.0495159129510094
leaf_weight=52 82 90 67 53 56 54 50 73 111 55 55
leaf_count=52 82 90 67 53 56 54 50 73 111 55 55
internal_value=-1.7909 22.5829 -8.49549 -28.2523 -4.49981 -10.4681 -15.7299 -25.1767 -8.24501 8.25948 4.12706
internal_weight=798 172 626 105 521 355 288 127 161 166 111
internal_count=798 172 626 105 521 355 288 127 161 166 111
is_linear=0
shrinkage=0.03


Tree=93
num_leaves=12
num_cat=0
split_feature=24 1 0 0 24 27 24 2 27 24 28
split_gain=1.36476e+08 1.31023e+08 5.16663e+07 9.92718e+07 4.15423e+07 4.42188e+07 2.12529e+07 1.13947e+07 8.49972e+06 5.92356e+06 3.26643e+06
threshold=10488.888888888891 0.65000000000000013 51.800000000000004 4.9500000000000011 7754.6277777777786 -0.74981945761428159 4604.166666666667 12.800000000000002 0.24284747324344283 9318.7500000000018 0.38167508216062845
decision_type=2 2 2 2 2 2 2 2 2 2 2
left_child=2 -2 3 -1 5 -4 7 -7 -8 10 -6
right_child=1 -3 4 -5 9 6 8 -9 -10 -11 -12
leaf_value=2.069105573110781 -5.5260157238205903 46.838221625141138 11.757029740218778 -56.180915570858495 8.7310132986040259 -32.661918819807305 -18.231401421791517 -14.508635453474461 -3.3528706326349731 16.038411112090348 -1.5757271143149212
leaf_weight=52 82 90 67 53 60 69 50 58 111 55 51
leaf_count=52 82 90 67 53 60 69 50 58 111 55 51
internal_value=-1.73777 21.9077 -8.24199 -27.4095 -4.36549 -10.1557 -15.2604 -24.4252 -7.9989 8.01305 4.00392
internal_weight=798 172 626 105 521 355 288 127 161 166 111
internal_count=798 172 626 105 521 355 288 127 161 166 111
is_linear=0
shrinkage=0.03


Tree=94
num_leaves=11
num_cat=0
split_feature=24 0 0 24 27 24 20 29 27 24
split_gain=1.30698e+08 7.10785e+07 1.32891e+08 7.03781e+07 3.97929e+07 2.48333e+07 1.74684e+07 7.7651e+06 6.94234e+06 3.97309e+06
threshold=12548.611111111113 51.800000000000004 4.1000000000000005 8338.8888888888905 -0.74981945761428159 4671.2972222222224 9.798700000000002 0.6078576107927941 0.2093127076542077 9598.6111111111131
decision_type=2 2 2 2 2 2 2 2 2 2
left_child=1 2 -1 4 -3 6 -6 9 -7 -5
right_child=-2 3 -4 7 5 8 -8 -9 -10 -11
leaf_value=3.6537522549725616 31.887160512773342 9.6521906217447064 -58.135058630092303 3.285272162811101 -36.578561487355948 -14.874974655848343 -14.073709018214393 22.981537599804831 -2.6197890271503743 14.411517446724835
leaf_weight=64 92 85 61 51 54 61 74 59 130 67
leaf_count=64 92 85 61 51 54 61 74 59 130 67
internal_value=-1.68616 -6.07285 -26.5661 -1.65235 -8.56239 -13.4203 -23.6313 14.1075 -6.55099 9.62332
internal_weight=798 706 125 581 404 319 128 177 191 118
internal_count=798 706 125 581 404 319 128 177 191 118
is_linear=0
shrinkage=0.03


Tree=95
num_leaves=10
num_cat=0
split_feature=24 0 1 24 1 0 24 24 24
split_gain=1.59878e+08 1.1893e+08 1.79405e+08 9.48079e+07 1.0333e+08 6.39037e+07 4.26548e+07 1.1586e+07 9.51622e+06
threshold=14981.480555555558 215.05000000000004 0.90000000000000013 9376.3888888888905 0.45000000000000007 4.1000000000000005 4563.6583333333338 11401.388888888891 7706.0194444444451
decision_type=2 2 2 2 2 2 2 2 2
left_child=1 2 5 4 -3 -1 -6 -5 -8
right_child=-2 3 -4 7 6 -7 8 -9 -10
leaf_value=-25.130996389147803 52.428685304535549 24.492472410112896 20.072276898079025 18.423283120507346 -34.452361642082039 -70.65350538930123 -9.9146538284988122 36.513423047075207 1.0784575502564901
leaf_weight=59 50 96 53 91 56 53 202 50 109
leaf_count=59 50 96 53 91 56 53 202 50 109
internal_value=0.611123 -2.77715 -25.3252 3.39199 -3.1705 -46.8042 -10.4207 24.9022 -6.06441
internal_weight=819 769 165 604 463 112 367 141 311
internal_count=819 769 165 604 463 112 367 141 311
is_linear=0
shrinkage=0.03


Tree=96
num_leaves=10
num_cat=0
split_feature=24 0 1 24 1 0 24 24 24
split_gain=1.50485e+08 1.11939e+08 1.6886e+08 8.92301e+07 9.72424e+07 6.01491e+07 4.01492e+07 1.09072e+07 8.9547e+06
threshold=14981.480555555558 215.05000000000004 0.90000000000000013 9376.3888888888905 0.45000000000000007 4.1000000000000005 4563.6583333333338 11401.388888888891 7706.0194444444451
decision_type=2 2 2 2 2 2 2 2 2
left_child=1 2 5 4 -3 -1 -6 -5 -8
right_child=-2 3 -4 7 6 -7 8 -9 -10
leaf_value=-24.380879786782479 50.86520598500671 23.759987215891805 19.473498011190042 17.872400909143888 -33.424298165085894 -68.545830556214639 -9.617655372338545 35.424553603367592 1.0461926289773926
leaf_weight=59 50 96 53 91 56 53 202 50 109
leaf_count=59 50 96 53 91 56 53 202 50 109
internal_value=0.592931 -2.6943 -24.5695 3.29077 -3.07575 -45.4077 -10.1092 24.1586 -5.88273
internal_weight=819 769 165 604 463 112 367 141 311
internal_count=819 769 165 604 463 112 367 141 311
is_linear=0
shrinkage=0.03


Tree=97
num_leaves=10
num_cat=0
split_feature=24 0 24 24 0 24 24 24 24
split_gain=1.41643e+08 1.05358e+08 8.39805e+07 9.15135e+07 7.94559e+07 5.62159e+07 3.77908e+07 1.02681e+07 8.42632e+06
threshold=14981.480555555558 215.05000000000004 9376.3888888888905 850.00000000000011 2.1500000000000004 2470.0000000000005 4563.6583333333338 11401.388888888891 7706.0194444444451
decision_type=2 2 2 2 2 2 2 2 2
left_child=1 4 3 -3 -1 -6 -5 -4 -8
right_child=-2 2 7 6 5 -7 8 -9 -10
leaf_value=6.8286632052069649 49.348350651098293 23.049408052628657 17.337990400339397 -32.426912293781392 -61.603435195293386 -18.935996757615797 -9.3295535963641143 34.368155477874083 1.0148930108209107
leaf_weight=52 50 96 91 56 50 63 202 50 109
leaf_count=52 50 96 91 56 50 63 202 50 109
internal_value=0.575281 -2.61392 3.19257 -2.98383 -23.8364 -37.9286 -9.8069 23.4373 -5.70649
internal_weight=819 769 604 463 165 113 367 141 311
internal_count=819 769 604 463 165 113 367 141 311
is_linear=0
shrinkage=0.03


Tree=98
num_leaves=10
num_cat=0
split_feature=24 0 1 24 1 0 24 24 24
split_gain=1.33321e+08 9.91658e+07 1.6098e+08 7.90397e+07 8.61221e+07 5.39338e+07 3.55709e+07 9.6665e+06 7.92912e+06
threshold=14981.480555555558 215.05000000000004 0.90000000000000013 9376.3888888888905 0.45000000000000007 4.1000000000000005 4563.6583333333338 11401.388888888891 7706.0194444444451
decision_type=2 2 2 2 2 2 2 2 2
left_child=1 2 5 4 -3 -1 -6 -5 -8
right_child=-2 3 -4 7 6 -7 8 -9 -10
leaf_value=-23.55760197785813 47.876729486969786 22.360079917788877 19.874315229562612 16.819559835719122 -31.459288783369857 -65.383791822537248 -9.0500819148845846 33.343260020261731 0.98452979134073626
leaf_weight=59 50 96 53 91 56 53 202 50 109
leaf_count=59 50 96 53 91 56 53 202 50 109
internal_value=0.558128 -2.53596 -23.1254 3.0973 -2.89466 -43.4722 -9.5137 22.7374 -5.53554
internal_weight=819 769 165 604 463 112 367 141 311
internal_count=819 769 165 604 463 112 367 141 311
is_linear=0
shrinkage=0.03


Tree=99
num_leaves=10
num_cat=0
split_feature=24 0 1 24 1 0 24 24 24
split_gain=1.25488e+08 9.33363e+07 1.51518e+08 7.43895e+07 8.10483e+07 5.0765e+07 3.34814e+07 9.10013e+06 7.4801e+06
threshold=14981.480555555558 215.05000000000004 0.90000000000000013 9376.3888888888905 0.45000000000000007 4.1000000000000005 4563.6583333333338 11401.388888888891 7530.5555555555557
decision_type=2 2 2 2 2 2 2 2 2
left_child=1 2 5 4 -3 -1 -6 -5 -8
right_child=-2 3 -4 7 6 -7 8 -9 -10
leaf_value=-22.854448693775606 46.448994335379325 21.691367245968259 19.281441157481456 16.316631176187069 -30.520539344665636 -63.433318423616505 -9.0279461924929318 32.348928147348211 0.54044964837908038
leaf_weight=59 50 96 53 91 56 53 192 50 119
leaf_count=59 50 96 53 91 56 53 192 50 119
internal_value=0.541515 -2.4603 -22.4354 3.00487 -2.80815 -42.1752 -9.22925 22.0585 -5.36971
internal_weight=819 769 165 604 463 112 367 141 311
internal_count=819 769 165 604 463 112 367 141 311
is_linear=0
shrinkage=0.03


Tree=100
num_leaves=12
num_cat=0
split_feature=24 0 24 24 0 24 0 24 27 24 21
split_gain=1.14613e+08 4.81649e+07 6.66656e+07 6.63526e+07 3.91546e+07 6.03519e+07 1.45319e+07 1.1832e+07 4.41728e+06 4.27939e+06 2.83395e+06
threshold=7870.3694444444454 756.05000000000007 2040.0000000000002 2151.428571428572 5.9500000000000011 11951.388888888891 1274.4000000000003 5027.7777777777783 0.14153898451656996 8627.7777777777792 0.66359704641350226
decision_type=2 2 2 2 2 2 2 2 2 2 2
left_child=1 3 -3 -1 -2 6 -6 -4 -9 -8 -11
right_child=4 2 7 -5 5 -7 9 8 -10 10 -12
leaf_value=-43.229065812529214 -6.8558132525072297 17.762155790058969 -25.407571804883602 -3.630770730851911 24.392604656409077 46.670828452517924 -0.95578170057159773 -14.18906835032236 -4.8291727067895485 4.3700676614988341 13.776841220428695
leaf_weight=82 80 88 52 71 50 50 54 85 98 56 60
leaf_count=82 80 88 52 71 50 50 54 85 98 56 60
internal_value=-1.46828 -11.0479 -4.47096 -24.8965 11.5583 17.0159 10.2217 -12.8086 -9.19282 6.01808 9.2587
internal_weight=826 476 323 153 350 270 220 235 183 170 116
internal_count=826 476 323 153 350 270 220 235 183 170 116
is_linear=0
shrinkage=0.03


Tree=101
num_leaves=13
num_cat=0
split_feature=1 0 0 0 7 28 7 2 2 11 0 26
split_gain=4.64105e+07 1.49015e+08 1.3378e+08 3.9156e+07 2.42431e+07 2.43324e+07 1.36873e+07 3.24376e+06 4.03755e+06 2.28133e+06 1.02635e+06 1.02106e+06
threshold=0.45000000000000007 756.05000000000007 6.1000000000000005 1388.2 21.850000000000005 -0.7721279831368929 16.250000000000004 16.000000000000004 13.750000000000002 2.5000000000000004 2440.4500000000003 8.2500000000000036
decision_type=2 2 2 2 2 2 2 2 2 2 2 2
left_child=1 2 -1 4 6 -6 -2 8 9 -5 -9 -10
right_child=3 -3 -4 7 5 -7 -8 10 11 -11 -12 -13
leaf_value=-8.0449124728876207 12.691833533937368 17.231101693772246 -68.761799401115994 -7.4144665420097819 18.297805526911866 -10.390502768114722 34.868594698431899 -4.1368247401365759 6.3742060726913961 -0.63215958355106061 -10.159390585664125 0.69212841071892739
leaf_weight=80 50 88 55 84 51 55 51 51 54 95 52 60
leaf_count=80 50 88 55 84 51 55 51 51 54 95 52 60
internal_value=-1.42415 -13.1081 -32.8791 2.90112 13.4648 3.42496 23.9602 -2.62678 -1.01405 -3.82205 -7.1981 3.39338
internal_weight=826 223 135 603 207 106 101 396 293 179 103 114
internal_count=826 223 135 603 207 106 101 396 293 179 103 114
is_linear=0
shrinkage=0.03


Tree=102
num_leaves=13
num_cat=0
split_feature=24 1 0 0 1 1 24 24 24 15 24 21
split_gain=1.07543e+08 7.4083e+07 7.18631e+07 4.33538e+07 1.10399e+08 6.02531e+07 3.18842e+07 1.10261e+07 3.66538e+06 3.63154e+06 3.46854e+06 1.70773e+06
threshold=7870.3694444444454 0.45000000000000007 795.45000000000016 756.05000000000007 0.65000000000000013 0.65000000000000013 10968.055555555557 5027.7777777777783 8530.5555555555566 1.0000000180025095e-35 6844.9083333333338 0.66359704641350226
decision_type=2 2 2 2 2 2 2 2 2 2 2 2
left_child=3 -2 -3 4 -1 -5 8 -7 -4 10 -9 -10
right_child=1 2 6 5 -6 7 -8 9 11 -11 -12 -13
leaf_value=-51.101950208281394 -15.37353279781213 50.820301501765165 -1.7238665137792888 16.715924926317157 -0.06023806686679474 -24.50978213315712 31.946576712535837 -17.456471891869025 3.9078146046643565 -3.4043669750989771 -6.9426786906273454 11.007091983848225
leaf_weight=71 74 50 51 88 82 52 51 56 56 69 58 68
leaf_count=71 74 50 51 88 82 52 51 56 56 69 58 68
internal_value=-1.38163 11.2368 18.3804 -10.6611 -23.8 -4.42111 11.1455 -12.3475 5.03913 -8.85705 -12.1397 7.81821
internal_weight=826 350 276 476 153 323 226 235 175 183 114 124
internal_count=826 350 276 476 153 323 226 235 175 183 114 124
is_linear=0
shrinkage=0.03


Tree=103
num_leaves=12
num_cat=0
split_feature=24 1 0 0 1 1 24 24 27 24 24
split_gain=1.01223e+08 6.97259e+07 6.76416e+07 4.08003e+07 1.03901e+08 5.6707e+07 3.00112e+07 1.03784e+07 3.9655e+06 3.44979e+06 949829
threshold=7870.3694444444454 0.45000000000000007 795.45000000000016 756.05000000000007 0.65000000000000013 0.65000000000000013 10968.055555555557 5027.7777777777783 0.14153898451656996 8530.5555555555566 9376.3888888888905
decision_type=2 2 2 2 2 2 2 2 2 2 2
left_child=3 -2 -3 4 -1 -5 9 -7 -9 -4 -11
right_child=1 2 6 5 -6 7 -8 8 -10 10 -12
leaf_value=-49.575341782977837 -14.914188957163013 49.304785451377128 -1.6724529396529084 16.216151075006746 -0.058437712380836823 -23.778706292321985 30.993783954821133 -13.326362307952127 -4.4587617752486546 4.4556454913064583 9.8166594917645611
leaf_weight=71 74 50 51 88 82 52 51 85 98 52 72
leaf_count=71 74 50 51 88 82 52 51 85 98 52 72
internal_value=-1.34025 10.9017 17.8321 -10.3429 -23.089 -4.28947 10.8129 -11.9791 -8.59271 4.88864 7.58474
internal_weight=826 350 276 476 153 323 226 235 183 175 124
internal_count=826 350 276 476 153 323 226 235 183 175 124
is_linear=0
shrinkage=0.03


Tree=104
num_leaves=13
num_cat=0
split_feature=24 0 24 21 24 24 0 24 0 24 24 24
split_gain=9.52724e+07 3.83983e+07 5.97207e+07 5.59902e+07 1.24249e+08 3.61788e+07 6.19755e+07 2.63312e+07 2.06816e+07 9.10886e+06 3.5927e+06 1.27155e+06
threshold=7870.3694444444454 756.05000000000007 2151.428571428572 0.6697025729797782 2578.7888888888892 14708.333333333334 108.55000000000003 4563.6583333333338 1191.4500000000003 9376.3888888888905 6586.1111111111122 10488.888888888891
decision_type=2 2 2 2 2 2 2 2 2 2 2 2
left_child=1 2 -1 4 -3 6 -2 -5 -8 -10 -9 -11
right_child=5 3 -4 7 -6 -7 8 10 9 11 -12 -13
leaf_value=-39.791163900104209 -23.65885783145302 46.270014577439753 -2.2297239286334447 -30.929753625388823 -14.475723607319686 32.382129419137044 29.775365324873572 -11.334161112145033 1.318896372224631 10.888124981286749 -1.7550414289267102 17.814694301835587
leaf_weight=82 51 53 71 58 70 57 50 77 92 50 65 50
leaf_count=82 51 53 71 58 70 57 50 77 92 50 65 50
internal_value=-1.30001 -10.0341 -22.3992 -4.16149 11.7481 10.5767 6.30585 -13.9489 12.6422 8.14095 -6.96236 14.3944
internal_weight=826 476 153 323 123 350 293 200 242 192 142 100
internal_count=826 476 153 323 123 350 293 200 242 192 142 100
is_linear=0
shrinkage=0.03


Tree=105
num_leaves=10
num_cat=0
split_feature=24 1 1 24 26 0 24 10 27
split_gain=1.69017e+08 6.86872e+07 1.8019e+08 8.43305e+07 7.81125e+07 3.15707e+07 2.79473e+07 1.97463e+07 4.75768e+06
threshold=14708.333333333334 0.65000000000000013 1.0000000180025095e-35 9376.3888888888905 7.1499999999999995 251.45000000000002 5027.7777777777783 7.5000000000000009 0.14153898451656996
decision_type=2 2 2 2 2 2 2 2 2
left_child=1 2 4 5 -1 -3 -7 -5 -8
right_child=-2 3 -4 7 -6 6 8 -9 -10
leaf_value=31.890903933477649 53.080065562319341 17.529639673615961 -49.132442227930724 34.517165487362789 -18.872959384137427 -24.378395331479069 -7.0157571299533998 12.173547922039397 0.74779101457228614
leaf_weight=58 52 52 90 66 51 70 146 78 138
leaf_count=58 52 52 90 66 51 70 146 78 138
internal_value=0.938704 -2.70105 -17.7903 2.76522 8.15231 -4.23327 -7.44224 22.4649 -3.24649
internal_weight=801 749 199 550 109 406 354 144 284
internal_count=801 749 199 550 109 406 354 144 284
is_linear=0
shrinkage=0.03


Tree=106
num_leaves=10
num_cat=0
split_feature=24 1 1 0 24 0 24 27 23
split_gain=1.60563e+08 5.3711e+07 1.90648e+08 6.72249e+07 4.88791e+07 3.55964e+07 2.36662e+07 3.88947e+06 3.25009e+06
threshold=13351.85277777778 0.65000000000000013 1.0000000180025095e-35 153.30000000000004 5027.7777777777783 1789.9000000000003 8856.4833333333354 0.14153898451656996 -0.24999999999999994
decision_type=2 2 2 2 2 2 2 2 2
left_child=1 2 5 -3 -5 -1 7 -6 -8
right_child=-2 3 -4 4 6 -7 8 -9 -10
leaf_value=25.787997066286277 42.307186211402261 34.351724728836452 -54.143801803968827 -24.303936726999471 -7.551619234436199 -8.4514823010829101 17.158668080400048 -0.086744997747783548 7.9651552241239365
leaf_weight=52 76 50 75 75 126 57 50 125 115
leaf_count=52 76 50 75 75 126 57 50 125 115
internal_value=0.911111 -3.44403 -17.4313 1.32019 -2.06241 7.90881 1.96208 -3.83863 10.7772
internal_weight=801 725 184 541 491 109 416 251 165
internal_count=801 725 184 541 491 109 416 251 165
is_linear=0
shrinkage=0.03


Tree=107
num_leaves=11
num_cat=0
split_feature=24 0 0 1 24 20 24 24 24 21
split_gain=1.51409e+08 6.47875e+07 8.63805e+07 1.04375e+08 4.85608e+07 2.70299e+07 5.29385e+07 3.5184e+07 1.14169e+07 3.21073e+06
threshold=14708.333333333334 2.1500000000000004 316.75000000000006 0.45000000000000007 8856.4833333333354 12.381050000000002 2578.7888888888892 3538.1944444444448 11122.686111111112 0.66359704641350226
decision_type=2 2 2 2 2 2 2 2 2 2
left_child=1 -1 3 -3 5 7 -7 -4 9 -6
right_child=-2 2 4 -5 8 6 -8 -9 -10 -11
leaf_value=29.000829906990514 50.234862516414132 -56.432939285870141 -34.857553918432757 -2.3292472367741137 3.2375856634497038 28.265969637402154 -7.7544477965593925 -6.2399536707205776 25.313582577070228 12.950693934456929
leaf_weight=54 52 59 50 70 59 52 123 168 50 64
leaf_count=54 52 59 50 70 59 52 123 168 50 64
internal_value=0.884149 -2.5608 -5.02454 -27.1479 0.0294178 -5.80051 2.97877 -12.8425 13.2603 8.31085
internal_weight=801 749 695 129 566 393 175 218 173 123
internal_count=801 749 695 129 566 393 175 218 173 123
is_linear=0
shrinkage=0.03


Tree=108
num_leaves=11
num_cat=0
split_feature=24 0 0 24 24 26 21 24 23 21
split_gain=1.43587e+08 4.53911e+07 6.79545e+07 4.79169e+07 3.20497e+07 2.84634e+07 4.10859e+07 2.36435e+07 2.90932e+06 2.05788e+06
threshold=13351.85277777778 2.8500000000000005 316.75000000000006 2370.4750000000008 8530.5555555555566 7.1499999999999995 0.70356536525829327 4815.7416666666677 -0.5 0.69629880006760192
decision_type=2 2 2 2 2 2 2 2 2 2
left_child=1 -1 3 -3 5 6 -4 -7 -6 -10
right_child=-2 2 4 -5 8 7 -8 -9 9 -11
leaf_value=23.945554714983665 40.004634145434217 -46.770896769992554 19.788918976328095 -8.1249140114080092 15.07381074873782 -28.119605406127747 -10.041730522082947 -6.4109953186155133 3.0812946739876961 10.614270042905911
leaf_weight=51 76 54 74 62 54 67 94 138 67 64
leaf_count=51 76 54 74 62 54 67 94 138 67 64
internal_value=0.858089 -3.26039 -5.32875 -26.1896 -0.980322 -6.04264 3.10976 -13.5368 9.21961 6.77744
internal_weight=801 725 674 116 558 373 168 205 185 131
internal_count=801 725 674 116 558 373 168 205 185 131
is_linear=0
shrinkage=0.03


Tree=109
num_leaves=12
num_cat=0
split_feature=24 24 24 26 24 21 26 26 26 21 21
split_gain=1.35644e+08 2.83138e+07 4.74455e+07 6.84073e+07 2.87052e+07 1.22544e+07 1.05544e+07 1.08489e+07 7.97918e+06 7.72078e+06 4.27136e+06
threshold=14708.333333333334 6813.8888888888896 1.0000000180025095e-35 7.1499999999999995 3805.416666666667 0.89419797063903295 9.8500000000000032 6.9000000000000012 6.1500000000000021 0.92708778325216701 0.76143506678033546
decision_type=2 2 2 2 2 2 2 2 2 2 2
left_child=1 2 3 -1 -4 -6 7 8 10 -9 -3
right_child=-2 6 4 -5 5 -7 -8 9 -10 -11 -12
leaf_value=30.289595759606073 47.543206666322789 -4.8420629466456875 -28.47839651915886 -17.216902135659382 -0.77817553618743085 -17.856102793002016 13.638186068350938 -10.498394080950968 15.765996957961436 3.1732613754272458 6.998761820532196
leaf_weight=58 52 50 96 51 94 63 71 90 53 63 60
leaf_count=58 52 50 96 51 94 63 71 90 53 63 60
internal_value=0.832493 -2.42817 -8.45571 8.07546 -15.579 -7.65214 3.21216 0.858867 6.23881 -4.87364 1.61796
internal_weight=801 749 362 109 253 157 387 316 163 153 110
internal_count=801 749 362 109 253 157 387 316 163 153 110
is_linear=0
shrinkage=0.03


Tree=110
num_leaves=10
num_cat=0
split_feature=24 24 24 27 24 14 3 3 27
split_gain=9.0675e+07 4.11845e+07 9.37157e+07 5.75326e+07 2.22613e+07 1.41147e+07 1.08868e+07 1.23965e+07 7.30122e+06
threshold=13518.519444444446 1.0000000180025095e-35 3805.416666666667 0.14153898451656996 6914.6833333333334 195.50000000000003 84.200000000000003 75.050000000000011 0.84753307444029569
decision_type=2 2 2 2 2 2 2 2 2
left_child=1 3 -3 -1 5 8 7 -6 -4
right_child=-2 2 4 -5 6 -7 -8 -9 -10
leaf_value=37.39335569188426 32.928214279428062 -32.913964117379862 4.5725258111690295 -5.1521879671648216 5.0949292134646091 -21.734006332478767 15.807148778850495 -8.9973201201541499 -11.213969672744039
leaf_weight=52 72 94 54 63 221 56 57 75 51
leaf_count=52 72 94 54 63 221 56 57 75 51
internal_value=0.894756 -2.30762 -5.42272 14.133 -0.378854 -9.61322 3.83742 1.51873 -3.10522
internal_weight=795 723 608 115 514 161 353 296 105
internal_count=795 723 608 115 514 161 353 296 105
is_linear=0
shrinkage=0.03


Tree=111
num_leaves=10
num_cat=0
split_feature=24 1 1 24 0 27 24 27 24
split_gain=8.53376e+07 3.87637e+07 1.6422e+08 8.33964e+07 6.42596e+07 5.41513e+07 2.56603e+07 7.71102e+06 6.56309e+06
threshold=13518.519444444446 1.0000000180025095e-35 0.65000000000000013 7996.030555555556 1253.4000000000003 0.14153898451656996 4604.166666666667 0.24284747324344283 9318.7500000000018
decision_type=2 2 2 2 2 2 2 2 2
left_child=1 5 -3 6 -5 -1 -4 -8 -6
right_child=-2 2 3 4 8 -7 7 -9 -10
leaf_value=36.277989604067386 31.944466600853374 -47.372253615286958 -22.754825457090536 43.775528595015324 -1.3341479759295451 -4.9983550605954719 -9.7550762480628794 1.6775347460538066 10.391270857246719
leaf_weight=52 72 73 94 51 72 63 104 108 106
leaf_count=52 72 73 94 51 72 63 104 108 106
internal_value=0.868091 -2.2386 -5.26077 0.508596 14.1902 13.7115 -9.73411 -3.93673 5.65409
internal_weight=795 723 608 535 229 115 306 212 178
internal_count=795 723 608 535 229 115 306 212 178
is_linear=0
shrinkage=0.03


Tree=112
num_leaves=9
num_cat=0
split_feature=0 0 8 8 27 27 9 28
split_gain=7.3405e+07 3.21969e+07 6.49507e+07 3.43792e+07 2.05084e+07 7.74519e+06 2.03167e+07 7.24768e+06
threshold=1.3000000000000003 62.70000000000001 11.450000000000001 22.550000000000004 0.92913280730858816 -0.67760851415498069 1.0000000180025095e-35 0.95493138204271821
decision_type=2 2 2 2 2 2 2 2
left_child=-1 2 -2 4 5 6 -3 -7
right_child=1 3 -4 -5 -6 7 -8 -9
leaf_value=34.848797849615785 6.8297390428452864 -2.3512170995936277 -36.193739253653135 18.907623018620299 -16.703689870671557 -3.7837687514629108 21.602026426973396 8.3104280828937593
leaf_weight=53 61 84 65 85 70 273 51 53
leaf_count=53 61 84 65 85 70 273 51 53
internal_value=0.842477 -1.59964 -15.3981 1.22888 -1.61011 0.69111 6.72555 -1.81167
internal_weight=795 742 126 616 531 461 135 326
internal_count=795 742 126 616 531 461 135 326
is_linear=0
shrinkage=0.03


Tree=113
num_leaves=10
num_cat=0
split_feature=24 24 24 27 24 14 3 3 27
split_gain=7.882e+07 3.64043e+07 8.20168e+07 5.04889e+07 1.93334e+07 1.32495e+07 1.0095e+07 1.18205e+07 6.79632e+06
threshold=13518.519444444446 1.0000000180025095e-35 3805.416666666667 0.14153898451656996 6914.6833333333334 195.50000000000003 84.200000000000003 75.050000000000011 0.84753307444029569
decision_type=2 2 2 2 2 2 2 2 2
left_child=1 3 -3 -1 5 8 7 -6 -4
right_child=-2 2 4 -5 6 -7 -8 -9 -10
leaf_value=35.078902041725172 30.683643133392966 -30.815021463477095 4.7266165207499302 -4.7773629804132112 4.8105873494831286 -20.727148396778272 15.077087998240406 -8.9503239374996664 -10.503599332619828
leaf_weight=52 72 94 54 63 221 56 57 75 51
leaf_count=52 72 94 54 63 221 56 57 75 51
internal_value=0.817559 -2.16814 -5.09688 13.2889 -0.378316 -8.98399 3.55092 1.31831 -2.67968
internal_weight=795 723 608 115 514 161 353 296 105
internal_count=795 723 608 115 514 161 353 296 105
is_linear=0
shrinkage=0.03


Tree=114
num_leaves=11
num_cat=0
split_feature=0 0 14 27 26 6 14 27 27 4
split_gain=6.77325e+07 3.05619e+07 5.93701e+07 3.06724e+07 2.90437e+07 1.58738e+07 1.35985e+07 8.60058e+06 1.03683e+07 3.92305e+06
threshold=1.3000000000000003 62.70000000000001 117.00000000000001 0.28433548840379819 4.8500000000000005 2.1500000000000008 294.00000000000006 0.92913280730858816 0.79871280153886104 1011.4500000000002
decision_type=2 2 2 2 2 2 2 2 2 2
left_child=-1 2 -2 4 -3 -6 -7 8 9 -5
right_child=1 3 -4 7 5 6 -8 -9 -10 -11
leaf_value=33.459159092715268 9.1465935113237684 22.809484499240742 -32.490348417482465 -3.391617544494812 -11.771162807405711 11.056963006801565 -3.782069252082163 -15.998539455462655 6.7589946219442645 -14.635343980894564
leaf_weight=53 53 78 73 58 58 153 87 70 58 54
leaf_count=53 53 78 73 58 58 153 87 70 58 54
internal_value=0.793197 -1.55265 -14.9962 1.20311 6.54949 2.27483 5.67977 -7.17057 -3.51369 -8.8374
internal_weight=795 742 126 616 376 298 240 240 170 112
internal_count=795 742 126 616 376 298 240 240 170 112
is_linear=0
shrinkage=0.03


Tree=115
num_leaves=9
num_cat=0
split_feature=1 0 0 0 8 11 28 4
split_gain=7.32156e+07 8.65756e+07 8.92436e+07 3.91951e+07 5.86936e+06 3.83045e+06 2.40211e+06 3.409e+06
threshold=0.45000000000000007 1241.5500000000004 6.1000000000000005 286.85000000000008 24.250000000000004 1.0000000180025095e-35 0.93225468035816128 1009.4500000000002
decision_type=2 2 2 2 2 2 2 2
left_child=1 2 -1 -2 5 -5 7 -7
right_child=3 -3 -4 4 -6 6 -8 -9
leaf_value=-9.0394918765156032 22.859572247472585 8.5721912593765559 -60.153962096625918 -6.5371085687314467 10.701955655289456 3.5794357012317186 7.1221760939854635 -2.5321951097864166
leaf_weight=68 86 75 56 70 50 146 51 187
leaf_count=68 86 75 56 70 50 146 51 187
internal_value=-1.13046 -16.8519 -32.213 4.17804 0.978601 -0.098593 1.07926 0.148162
internal_weight=789 199 124 590 504 454 384 333
internal_count=789 199 124 590 504 454 384 333
is_linear=0
shrinkage=0.03


Tree=116
num_leaves=11
num_cat=0
split_feature=1 24 0 0 24 0 24 24 21 21
split_gain=6.89106e+07 1.16369e+08 8.14839e+07 8.39979e+07 4.74631e+07 8.88081e+07 1.02276e+07 9.25235e+06 4.92542e+06 2.17784e+06
threshold=0.45000000000000007 11905.091666666669 1241.5500000000004 6.1000000000000005 5567.3611111111122 1003.85 3390.0000000000005 9318.7500000000018 0.64182307975686148 0.66641489361702144
decision_type=2 2 2 2 2 2 2 2 2 2
left_child=2 4 3 -1 6 -6 -2 8 -7 -9
right_child=1 -3 -4 -5 5 7 -8 9 -10 -11
leaf_value=-8.7694980104147611 -24.419887945527712 42.83038658898294 8.3160505876883093 -58.358959135932984 42.07306096541479 -10.326812159081326 -8.093117949644931 2.5725949054989985 -0.98674863211648911 11.306759883888201
leaf_weight=68 63 62 75 56 50 74 77 53 161 50
leaf_count=68 63 62 75 56 50 74 77 53 161 50
internal_value=-1.09683 4.05324 -16.3491 -31.2516 -0.521858 4.882 -15.4767 -0.652044 -3.93733 6.83309
internal_weight=789 590 199 124 528 388 140 338 235 103
internal_count=789 590 199 124 528 388 140 338 235 103
is_linear=0
shrinkage=0.03


Tree=117
num_leaves=11
num_cat=0
split_feature=1 24 0 0 24 0 24 24 21 21
split_gain=6.48609e+07 1.09522e+08 7.66916e+07 7.90604e+07 4.46722e+07 8.35896e+07 9.6262e+06 8.70828e+06 4.63555e+06 2.04989e+06
threshold=0.45000000000000007 11905.091666666669 1241.5500000000004 6.1000000000000005 5567.3611111111122 1003.85 3390.0000000000005 9318.7500000000018 0.64182307975686148 0.66641489361702144
decision_type=2 2 2 2 2 2 2 2 2 2
left_child=2 4 3 -1 6 -6 -2 8 -7 -9
right_child=1 -3 -4 -5 5 7 -8 9 -10 -11
leaf_value=-8.5075687204028654 -23.69076366975974 41.55166211780346 8.0675621622397138 -56.617519586268365 40.818396838967416 -10.018258702880122 -7.8512669327157294 2.4958514778251719 -0.95720120570338874 10.969580143270626
leaf_weight=68 63 62 75 56 50 74 77 53 161 50
leaf_count=68 63 62 75 56 50 74 77 53 161 50
internal_value=-1.06397 3.93248 -15.8612 -30.3189 -0.505995 4.73657 -15.0145 -0.632413 -3.81964 6.62931
internal_weight=789 590 199 124 528 388 140 338 235 103
internal_count=789 590 199 124 528 388 140 338 235 103
is_linear=0
shrinkage=0.03


Tree=118
num_leaves=11
num_cat=0
split_feature=24 1 1 24 7 24 8 20 27 24
split_gain=6.17226e+07 6.73433e+07 8.10109e+07 3.84631e+07 3.50481e+07 1.35671e+07 8.96003e+06 1.26814e+07 7.73109e+06 6.87089e+06
threshold=12726.190476190479 0.65000000000000013 1.0000000180025095e-35 5567.3611111111122 24.850000000000005 9127.3805555555573 21.150000000000002 5.134850000000001 -0.20087381264151988 3247.2222222222226
decision_type=2 2 2 2 2 2 2 2 2 2
left_child=1 2 4 9 -1 6 7 -5 -7 -3
right_child=-2 3 -4 5 -6 8 -8 -9 -10 -11
leaf_value=12.511155407761525 21.341676496366556 -20.919230058714881 -48.597933088819772 -7.2396524564572582 -22.060570520683704 6.4172163533286222 -9.7117279795197344 9.2604015983088974 20.49872549995322 -7.0875780605397942
leaf_weight=52 97 55 60 59 53 73 50 143 68 79
leaf_count=52 97 55 60 59 53 73 50 143 68 79
internal_value=-1.0321 -4.17621 -20.8829 1.06344 -4.95238 5.79621 1.62182 4.43745 13.2375 -12.7989
internal_weight=789 692 165 527 105 393 252 202 141 134
internal_count=789 692 165 527 105 393 252 202 141 134
is_linear=0
shrinkage=0.03


Tree=119
num_leaves=11
num_cat=0
split_feature=24 24 0 21 3 6 0 24 21 21
split_gain=5.80882e+07 3.24732e+07 3.85845e+07 7.1254e+07 5.26236e+07 7.99907e+06 2.39722e+07 8.76854e+06 4.81087e+06 2.9953e+06
threshold=12726.190476190479 5567.3611111111122 1221.6500000000003 0.56989201595304406 68.700000000000003 4.0500000000000007 795.45000000000016 9295.8333333333339 0.64850320604842582 0.6697025729797782
decision_type=2 2 2 2 2 2 2 2 2 2
left_child=1 2 4 -4 -1 6 -3 8 -8 -9
right_child=-2 5 3 -5 -6 -7 7 9 -10 -11
leaf_value=-6.9254441715320088 20.703400385230317 21.867500026659116 23.250356022801004 -18.985481392734023 -48.039895363969414 -6.6823439136485661 -11.441876284707716 1.6803313243175833 -0.90377465594966666 12.060954228423936
leaf_weight=62 97 52 59 91 51 94 56 50 127 50
leaf_count=62 97 52 59 91 51 94 56 50 127 50
internal_value=-1.00165 -4.05179 -12.3454 -2.35941 -25.5597 1.03768 3.20796 -0.240143 -4.14205 6.89128
internal_weight=789 692 263 150 113 429 335 283 183 100
internal_count=789 692 263 150 113 429 335 283 183 100
is_linear=0
shrinkage=0.03


Tree=120
num_leaves=12
num_cat=0
split_feature=24 24 26 24 6 24 21 6 4 26 26
split_gain=7.48876e+07 3.01268e+07 4.41861e+07 6.50112e+07 4.15161e+07 1.03753e+07 1.09223e+07 8.99066e+06 7.66668e+06 4.98959e+06 2.14941e+06
threshold=14708.333333333334 5224.7472222222232 7.9000000000000004 850.00000000000011 2.7500000000000004 9127.3805555555573 0.33849206349206357 4.0500000000000007 1009.4500000000002 5.2999999999999998 9.1500000000000039
decision_type=2 2 2 2 2 2 2 2 2 2 2
left_child=1 2 3 -1 -4 6 -3 8 -7 -8 -11
right_child=-2 5 4 -5 -6 7 9 -9 -10 10 -12
leaf_value=21.673093780951476 33.245023190210276 -12.440408337293626 -6.6916344335960405 -19.830647552302878 -43.275131738865355 16.854415370561341 -7.4802246849760277 -5.1756266642470017 3.4298953196237152 5.8951233254924258 -1.1704986984469878
leaf_weight=63 53 79 53 73 59 69 52 50 86 100 63
leaf_count=63 53 79 53 73 59 69 52 50 86 100 63
internal_value=-1.11144 -3.56142 -12.1006 -0.599198 -26.0275 0.687176 -2.92409 5.86301 9.42704 0.585019 3.16705
internal_weight=800 747 248 136 112 499 294 205 155 215 163
internal_count=800 747 248 136 112 499 294 205 155 215 163
is_linear=0
shrinkage=0.03


Tree=121
num_leaves=11
num_cat=0
split_feature=24 24 26 24 0 0 24 7 24 24
split_gain=7.04862e+07 2.8608e+07 4.93882e+07 6.07841e+07 3.32461e+07 2.76111e+07 2.65176e+07 1.47562e+07 5.07438e+06 3.46268e+06
threshold=14708.333333333334 4815.7416666666677 7.9000000000000004 850.00000000000011 26.500000000000004 1069.5000000000002 9376.3888888888905 19.700000000000006 7475.0000000000009 10968.055555555557
decision_type=2 2 2 2 2 2 2 2 2 2
left_child=1 2 3 -1 -3 -6 8 -4 -7 -8
right_child=-2 4 7 -5 5 6 9 -9 -10 -11
leaf_value=21.025982074466363 32.25328584309591 -19.220218738737291 -39.574832869542995 -20.075751120450807 24.103525882966338 -8.0149637899929616 7.9184208981402184 -16.391984585331638 0.18675507974743547 18.124990131130183
leaf_weight=63 53 67 50 66 51 156 72 50 120 52
leaf_count=63 53 67 50 66 51 156 72 50 120 52
internal_value=-1.07826 -3.45516 -12.2774 -0.000530812 0.449866 3.38288 0.724895 -28.0672 -4.45264 12.2321
internal_weight=800 747 229 129 518 451 400 100 276 124
internal_count=800 747 229 129 518 451 400 100 276 124
is_linear=0
shrinkage=0.03


Tree=122
num_leaves=11
num_cat=0
split_feature=24 24 26 24 0 0 24 7 24 24
split_gain=6.63427e+07 2.69284e+07 4.64868e+07 5.72082e+07 3.1291e+07 2.5988e+07 2.4957e+07 1.38892e+07 4.77505e+06 3.25944e+06
threshold=14708.333333333334 4815.7416666666677 7.9000000000000004 850.00000000000011 26.500000000000004 1069.5000000000002 9376.3888888888905 19.700000000000006 7475.0000000000009 10968.055555555557
decision_type=2 2 2 2 2 2 2 2 2 2
left_child=1 2 3 -1 -3 -6 8 -4 -7 -8
right_child=-2 4 7 -5 5 6 9 -9 -10 -11
leaf_value=20.398193071555188 31.291133873744489 -18.646182272884147 -38.394668520250562 -19.476204091585597 23.384648779372721 -7.7749763951786628 7.6818539371307466 -15.903158371510138 0.181166313134524 17.584359710686066
leaf_weight=63 53 67 50 66 51 156 72 50 120 52
leaf_count=63 53 67 50 66 51 156 72 50 120 52
internal_value=-1.04591 -3.35189 -11.9113 -0.000446325 0.436772 3.28224 0.703559 -27.2302 -4.31931 11.867
internal_weight=800 747 229 129 518 451 400 100 276 124
internal_count=800 747 229 129 518 451 400 100 276 124
is_linear=0
shrinkage=0.03


Tree=123
num_leaves=8
num_cat=0
split_feature=1 0 14 0 4 29 26
split_gain=2.59753e+07 2.00573e+07 5.08394e+07 2.41073e+07 1.14378e+07 1.81105e+07 1.14606e+07
threshold=1.2500000000000002 153.30000000000004 155.50000000000003 1388.2 1001.0500000000001 0.87837969732492682 10.250000000000004
decision_type=2 2 2 2 2 2 2
left_child=1 2 -1 -3 -5 6 -6
right_child=-2 3 -4 4 5 -7 -8
leaf_value=1.3193613090786782 18.091686636677881 13.494260695103073 -33.686562487474127 -14.843126193633088 4.1521382825454252 -15.123750319885822 -10.296623259346562
leaf_weight=98 59 99 60 61 296 68 59
leaf_count=98 59 99 60 61 296 68 59
internal_value=-1.01453 -2.54252 -12.0126 0.0288276 -2.7321 -0.976289 1.7441
internal_weight=800 741 158 583 484 423 355
internal_count=800 741 158 583 484 423 355
is_linear=0
shrinkage=0.03


Tree=124
num_leaves=12
num_cat=0
split_feature=24 1 1 6 24 23 24 27 21 14 24
split_gain=6.28236e+07 4.82843e+07 6.76555e+07 5.33276e+07 4.95585e+07 1.71224e+07 1.66201e+07 1.28001e+07 1.3311e+07 8.19702e+06 2.24613e+06
threshold=14708.333333333334 0.65000000000000013 1.0000000180025095e-35 2.9500000000000006 8856.4833333333354 -0.24999999999999994 3390.0000000000005 0.14153898451656996 0.8385507999393822 117.00000000000001 10798.611111111111
decision_type=2 2 2 2 2 2 2 2 2 2 2
left_child=1 2 3 -1 6 -6 -3 8 -8 -9 -7
right_child=-2 4 -4 -5 5 10 7 9 -10 -11 -12
leaf_value=19.561662637600723 30.483163142356371 -19.098186838856336 -36.104682913597976 -22.334549322474754 28.518671856242648 4.6808859212096694 -20.985648778532418 -1.2306151890122115 -2.0583245281600284 12.625960690754059 13.025524193932476
leaf_weight=57 53 61 85 52 54 70 50 109 100 59 50
leaf_count=57 53 61 85 52 54 70 50 109 100 59 50
internal_value=-0.984507 -3.22851 -16.0934 -0.431882 1.29093 14.5315 -4.79449 -2.03526 -8.39679 3.64946 8.18171
internal_weight=800 747 194 109 553 174 379 318 150 168 120
internal_count=800 747 194 109 553 174 379 318 150 168 120
is_linear=0
shrinkage=0.03


Tree=125
num_leaves=8
num_cat=0
split_feature=0 24 0 1 3 1 24
split_gain=5.19871e+07 7.16675e+07 5.2968e+07 1.03808e+08 1.95976e+07 1.52038e+07 1.52288e+07
threshold=2.1500000000000004 11435.186111111112 617.80000000000007 0.65000000000000013 46.000000000000007 0.65000000000000013 5027.7777777777783
decision_type=2 2 2 2 2 2 2
left_child=-1 2 3 -2 -4 -6 -7
right_child=1 -3 4 -5 5 6 -8
leaf_value=23.912109254470138 -53.598145970671474 23.845822208024476 -17.532337011183607 3.3327218124235261 12.59522248651877 -17.537755688161074 0.23053290493361323
leaf_weight=73 56 81 63 59 75 50 317
leaf_count=73 56 81 63 59 75 50 317
internal_value=-0.127693 -2.6403 -6.11045 -24.4574 -1.92038 0.315214 -2.20254
internal_weight=774 701 620 115 505 442 367
internal_count=774 701 620 115 505 442 367
is_linear=0
shrinkage=0.03


Tree=126
num_leaves=8
num_cat=0
split_feature=0 24 0 1 3 1 24
split_gain=4.89282e+07 6.74491e+07 4.98537e+07 9.77047e+07 1.84842e+07 1.57494e+07 1.37917e+07
threshold=2.1500000000000004 11435.186111111112 617.80000000000007 0.65000000000000013 51.45000000000001 0.65000000000000013 6269.4444444444453
decision_type=2 2 2 2 2 2 2
left_child=-1 2 3 -2 -4 -6 -7
right_child=1 -3 4 -5 5 6 -8
leaf_value=23.197681950755204 -51.998769937247616 23.133087132056257 -13.538555046219306 3.2332459318255897 13.984688235856753 -10.914519666073259 2.2716456103973148
leaf_weight=73 56 81 98 59 69 102 236
leaf_count=73 56 81 98 59 69 102 236
internal_value=-0.124149 -2.56171 -5.92819 -23.7276 -1.86317 0.955987 -1.71373
internal_weight=774 701 620 115 505 407 338
internal_count=774 701 620 115 505 407 338
is_linear=0
shrinkage=0.03


Tree=127
num_leaves=10
num_cat=0
split_feature=0 1 0 0 26 28 4 21 3
split_gain=4.60486e+07 3.88296e+07 7.26994e+07 1.3834e+07 4.54446e+06 4.81432e+06 5.45888e+06 4.18745e+06 1.48555e+06
threshold=2.1500000000000004 0.45000000000000007 1139.4500000000003 175.50000000000003 7.2000000000000028 0.20088311396693923 1006.4500000000002 0.19828582434514638 70.40000000000002
decision_type=2 2 2 2 2 2 2 2 2
left_child=-1 2 -2 -3 5 6 -5 -6 -9
right_child=1 3 -4 4 7 -7 -8 8 -10
leaf_value=22.504600476190792 -36.919377327421266 15.719362667357725 3.5497405846652783 4.5382850910955144 -8.018909308289409 9.9095806511078397 -6.8124765793507978 1.8852224121952308 -4.0082868071567548
leaf_weight=73 75 54 85 98 93 63 62 113 58
leaf_count=73 75 54 85 98 93 63 62 113 58
internal_value=-0.120547 -2.48529 -15.4537 1.35652 -0.244757 2.90628 0.135291 -2.90674 -0.117212
internal_weight=774 701 160 541 487 223 160 264 171
internal_count=774 701 160 541 487 223 160 264 171
is_linear=0
shrinkage=0.03


Tree=128
num_leaves=11
num_cat=0
split_feature=0 0 21 5 21 4 4 30 25 23
split_gain=4.33379e+07 2.3368e+07 4.54651e+07 1.63048e+07 1.81797e+07 3.32613e+07 1.00255e+07 6.2854e+06 3.76273e+06 2.97888e+06
threshold=2.1500000000000004 510.20000000000005 0.52665022578066079 18.000000000000004 0.74298633702016936 1001.85 1013.1500000000002 -0.22252093395631442 22.284120000000005 0.6830127018922193
decision_type=2 2 2 2 2 2 2 2 2 2
left_child=-1 2 -2 6 5 -5 7 -3 -6 -8
right_child=1 3 -4 4 8 -7 9 -9 -10 -11
leaf_value=21.832225401125044 -31.203294460239412 -2.9141593682785407 2.2474961774405626 -1.036074471451095 3.9531529439088131 29.99932966708359 -3.1042209492168449 -15.812453289833906 -6.930509195802439 4.6930571638377865
leaf_weight=73 67 61 80 63 50 61 91 77 66 85
leaf_count=73 67 61 80 63 50 61 91 77 66 85
internal_value=-0.116903 -2.41099 -13.0312 0.412522 6.29512 14.2668 -4.08542 -10.1298 -2.2411 0.663037
internal_weight=774 701 147 554 240 124 314 138 116 176
internal_count=774 701 147 554 240 124 314 138 116 176
is_linear=0
shrinkage=0.03


Tree=129
num_leaves=9
num_cat=0
split_feature=24 1 26 1 4 21 24 24
split_gain=4.06164e+07 4.62243e+07 1.70501e+07 3.88481e+07 4.76199e+07 2.68778e+07 2.413e+07 6.84617e+06
threshold=14708.333333333334 1.2500000000000002 4.9000000000000004 0.65000000000000013 1005.0500000000001 0.69711621129326062 6096.2972222222224 9376.3888888888905
decision_type=2 2 2 2 2 2 2 2
left_child=1 2 5 4 -4 -1 -5 -8
right_child=-2 -3 3 6 -6 -7 7 -9
leaf_value=22.259455607620595 24.424254531182786 22.445706284871033 1.561673387799944 -14.951044806040006 -32.005437631073463 -6.8631842751302772 -1.0129735062223357 8.3613379950333915
leaf_weight=51 56 63 62 90 98 64 172 118
leaf_count=51 56 63 62 90 98 64 172 118
internal_value=-0.113375 -2.03659 -4.40058 -6.63393 -19.0195 6.07631 -1.40802 2.80607
internal_weight=774 718 655 540 160 115 380 290
internal_count=774 718 655 540 160 115 380 290
is_linear=0
shrinkage=0.03


Tree=130
num_leaves=8
num_cat=0
split_feature=1 6 0 26 9 1 4
split_gain=6.26309e+07 1.79518e+07 4.32846e+07 5.78958e+07 2.12912e+07 1.46014e+07 2.72415e+06
threshold=0.90000000000000013 2.0500000000000003 153.30000000000004 7.6500000000000012 10.750000000000002 0.65000000000000013 1009.6500000000002
decision_type=2 2 2 2 2 2 2
left_child=1 -1 3 -3 5 -4 -7
right_child=-2 2 4 -5 -6 6 -8
leaf_value=8.7169301854363521 24.934012543340348 -38.362023691398967 -15.39290019078274 1.4945510898419281 16.267151479671139 2.671211144020182 -2.7758575875204348
leaf_weight=98 79 72 73 60 57 135 212
leaf_count=98 79 72 73 60 57 135 212
internal_value=-0.347674 -3.18203 -5.10017 -20.283 -0.888503 -3.22674 -0.656178
internal_weight=786 707 609 132 477 420 347
internal_count=786 707 609 132 477 420 347
is_linear=0
shrinkage=0.03


Tree=131
num_leaves=11
num_cat=0
split_feature=1 24 0 6 24 20 28 24 24 21
split_gain=5.89431e+07 4.85483e+07 3.52246e+07 6.58788e+07 2.11717e+07 2.29249e+07 3.93275e+07 2.70647e+07 4.18706e+06 2.39317e+06
threshold=0.90000000000000013 14708.333333333334 487.30000000000007 2.7500000000000004 8449.0750000000025 10.226250000000002 -0.67758968959607091 5392.1944444444453 10968.055555555557 0.66641489361702144
decision_type=2 2 2 2 2 2 2 2 2 2
left_child=1 2 3 -1 5 7 -7 -4 9 -6
right_child=-2 -3 4 -5 8 6 -8 -9 -10 -11
leaf_value=4.9512849940516022 24.188821606148988 25.321435125514004 -31.870696840697786 -39.364277750241456 -1.0051951159973551 -11.000761757456912 16.472497669600067 -5.987775773050882 13.871984834647321 7.2766169683929913
leaf_weight=54 79 50 53 68 56 107 83 115 50 71
leaf_count=54 79 50 53 68 56 107 83 115 50 71
internal_value=-0.337271 -3.08692 -5.25948 -19.7851 -1.93785 -6.13266 1.00772 -14.1955 6.54253 3.63096
internal_weight=786 707 657 122 535 358 190 168 177 127
internal_count=786 707 657 122 535 358 190 168 177 127
is_linear=0
shrinkage=0.03


Tree=132
num_leaves=10
num_cat=0
split_feature=24 0 24 10 0 24 24 23 21
split_gain=3.94193e+07 2.39489e+07 4.19053e+07 5.14683e+07 3.02079e+07 2.18541e+07 1.10378e+07 5.60192e+06 2.72716e+06
threshold=13596.297222222223 2.1500000000000004 4563.6583333333338 7.5000000000000009 715.55000000000007 1434.2857142857144 8248.455555555558 -0.24999999999999994 0.71518782570317951
decision_type=2 2 2 2 2 2 2 2 2
left_child=1 -1 3 5 -4 -3 7 -6 -8
right_child=-2 2 4 -5 6 -7 8 -9 -10
leaf_value=17.619980054366188 21.993297467312075 -34.864351371948658 22.517332362229556 4.8262176900570015 -0.59938931194472289 -9.9126667082617814 0.20063441070802893 -10.176573040620479 7.5633965183147662
leaf_weight=50 65 87 53 77 98 50 88 125 93
leaf_count=50 65 87 53 77 98 50 88 125 93
internal_value=-0.327119 -2.34769 -3.84281 -14.7886 1.28911 -25.7995 -1.5104 -5.97427 3.99002
internal_weight=786 721 671 214 457 137 404 223 181
internal_count=786 721 671 214 457 137 404 223 181
is_linear=0
shrinkage=0.03


Tree=133
num_leaves=10
num_cat=0
split_feature=1 14 0 11 14 1 2 14 9
split_gain=5.49428e+07 1.8199e+07 3.63131e+07 6.4455e+07 1.70637e+07 4.83013e+07 1.09887e+07 2.31146e+07 1.58705e+06
threshold=0.90000000000000013 52.000000000000007 487.30000000000007 1.5000000000000002 197.50000000000003 0.65000000000000013 18.350000000000005 288.00000000000006 1.0000000180025095e-35
decision_type=2 2 2 2 2 2 2 2 2
left_child=1 -1 3 -3 5 -4 7 -6 -7
right_child=-2 2 4 -5 6 8 -8 -9 -10
leaf_value=9.5304782155152878 23.362121294076925 8.2802320255465798 -30.945916669683477 -32.389272731769118 23.008677233700297 3.7658479297845391 -4.1411397106887993 -0.17392153922384576 -2.0780944322451518
leaf_weight=91 79 55 55 96 66 99 80 93 72
leaf_count=91 79 55 55 96 66 99 80 93 72
internal_value=-0.317085 -2.97179 -4.82247 -17.5888 -0.668173 -6.5736 4.91725 9.4742 1.30586
internal_weight=786 707 616 151 465 226 239 159 171
internal_count=786 707 616 151 465 226 239 159 171
is_linear=0
shrinkage=0.03


Tree=134
num_leaves=10
num_cat=0
split_feature=24 0 24 10 0 24 24 27 21
split_gain=3.80973e+07 2.29553e+07 3.88544e+07 4.61972e+07 2.90065e+07 1.93399e+07 1.01794e+07 6.48321e+06 2.73831e+06
threshold=13596.297222222223 2.1500000000000004 4563.6583333333338 7.5000000000000009 715.55000000000007 1434.2857142857144 8248.455555555558 0.14153898451656996 0.71518782570317951
decision_type=2 2 2 2 2 2 2 2 2
left_child=1 -1 3 5 -4 -3 7 -6 -8
right_child=-2 2 4 -5 6 -7 8 -9 -10
leaf_value=17.255057616944818 21.63534763236871 -33.257445052628668 21.985679411861284 4.286632059228066 -11.113742561538464 -9.7804028715054034 -0.073049613746349301 -0.88297830809537781 7.3035914709943661
leaf_weight=50 65 87 53 77 108 50 88 115 93
leaf_count=50 65 87 53 77 108 50 88 115 93
internal_value=-0.307593 -2.29399 -3.75778 -14.2976 1.18384 -24.7293 -1.55939 -5.8461 3.72292
internal_weight=786 721 671 214 457 137 404 223 181
internal_count=786 721 671 214 457 137 404 223 181
is_linear=0
shrinkage=0.03


Tree=135
num_leaves=8
num_cat=0
split_feature=24 24 2 24 0 0 24
split_gain=3.47307e+07 2.5743e+07 9.09687e+07 4.8813e+07 2.05781e+07 4.82564e+07 1.2567e+07
threshold=13518.519444444446 1.0000000180025095e-35 6.5500000000000007 3390.0000000000005 9.5000000000000018 904.95000000000016 6269.4444444444453
decision_type=2 2 2 2 2 2 2
left_child=1 2 -1 -3 -5 -6 -7
right_child=-2 3 -4 4 5 6 -8
leaf_value=37.228298564550293 22.433094119199012 -24.980568169034274 -17.425918735633079 -17.300333149584034 29.811980531059248 -10.369902002024396 1.6869482294034095
leaf_weight=60 62 81 50 55 50 103 315
leaf_count=60 62 81 50 55 50 103 315
internal_value=0.951325 -0.922665 12.4056 -3.35496 0.00670571 2.05045 -1.28928
internal_weight=776 714 110 604 523 468 418
internal_count=776 714 110 604 523 468 418
is_linear=0
shrinkage=0.03


Tree=136
num_leaves=8
num_cat=0
split_feature=24 24 2 24 0 0 24
split_gain=3.26875e+07 2.42277e+07 8.56205e+07 4.59389e+07 1.93685e+07 4.54211e+07 1.18262e+07
threshold=13518.519444444446 1.0000000180025095e-35 6.5500000000000007 3390.0000000000005 9.5000000000000018 904.95000000000016 6269.4444444444453
decision_type=2 2 2 2 2 2 2
left_child=1 2 -1 -3 -5 -6 -7
right_child=-2 3 -4 4 5 6 -8
leaf_value=36.117006199015904 21.763342134466523 -24.233916417505466 -16.906258152986378 -16.784138832920068 28.922954655186558 -10.059708428045901 1.6363879174494551
leaf_weight=60 62 81 50 55 50 103 315
leaf_count=60 62 81 50 55 50 103 315
internal_value=0.923029 -0.895002 12.035 -3.25463 0.00656979 1.98934 -1.25079
internal_weight=776 714 110 604 523 468 418
internal_count=776 714 110 604 523 468 418
is_linear=0
shrinkage=0.03


Tree=137
num_leaves=8
num_cat=0
split_feature=24 24 2 24 0 0 24
split_gain=3.07731e+07 2.30478e+07 8.05867e+07 4.29073e+07 1.71799e+07 4.32869e+07 1.06568e+07
threshold=13351.85277777778 1.0000000180025095e-35 6.5500000000000007 3390.0000000000005 9.5000000000000018 904.95000000000016 6269.4444444444453
decision_type=2 2 2 2 2 2 2
left_child=1 2 -1 -3 -5 -6 -7
right_child=-2 3 -4 4 5 6 -8
leaf_value=35.038886297615015 20.441968473730043 -23.509581598654883 -16.402095655437495 -16.20522990181567 28.060441332944109 -9.7587936109725639 1.3528019117152312
leaf_weight=60 66 81 50 53 50 103 313
leaf_count=60 66 81 50 53 50 103 313
internal_value=0.895575 -0.929267 11.6755 -3.24484 -0.0703641 1.77394 -1.40341
internal_weight=776 710 110 600 519 466 416
internal_count=776 710 110 600 519 466 416
is_linear=0
shrinkage=0.03


Tree=138
num_leaves=9
num_cat=0
split_feature=1 24 1 1 2 24 27 23
split_gain=3.52051e+07 2.90144e+07 3.19779e+07 8.50851e+07 7.58488e+07 1.72245e+07 9.68368e+06 4.54649e+06
threshold=0.90000000000000013 13351.85277777778 1.0000000180025095e-35 0.65000000000000013 6.5500000000000007 6193.2861111111115 0.54162280503947546 -0.68301270189221952
decision_type=2 2 2 2 2 2 2 2
left_child=1 2 4 -4 -1 6 -5 -7
right_child=-2 -3 3 5 -6 7 -8 -9
leaf_value=33.992950567890752 19.173191658101469 17.671727784464952 -38.476899750871645 -21.684910357737401 -15.912967918805528 8.8853604211853927 -3.839108291420124 -0.13183685893017416
leaf_weight=60 84 65 65 51 50 61 59 281
leaf_count=60 84 65 65 51 50 61 59 281
internal_value=0.868928 -1.36031 -3.34085 -6.4664 11.3268 -1.84063 -12.1496 1.48285
internal_weight=776 692 627 517 110 452 110 342
internal_count=776 692 627 517 110 452 110 342
is_linear=0
shrinkage=0.03


Tree=139
num_leaves=9
num_cat=0
split_feature=1 0 14 24 1 24 27 27
split_gain=3.31321e+07 2.76907e+07 4.17909e+07 2.68232e+07 1.7211e+07 1.33546e+07 9.11476e+06 3.87184e+06
threshold=0.90000000000000013 316.75000000000006 101.00000000000001 11401.388888888891 0.65000000000000013 6193.2861111111115 0.54162280503947546 0.76665171983724034
decision_type=2 2 2 2 2 2 2 2
left_child=1 2 -1 4 -3 6 -6 -7
right_child=-2 3 -4 -5 5 7 -8 -9
leaf_value=7.1247352755881108 18.600043257852462 12.173747966947127 -25.723535475736234 22.434380217435063 -21.038167399802401 -1.3525820004845381 -3.7245177354378405 6.9393658573631187
leaf_weight=57 84 82 89 51 51 239 59 64
leaf_count=57 84 82 89 51 51 239 59 64
internal_value=0.842856 -1.31975 -12.9108 1.78506 -0.354723 -2.84927 -11.7872 0.403954
internal_weight=776 692 146 546 495 413 110 303
internal_count=776 692 146 546 495 413 110 303
is_linear=0
shrinkage=0.03


Tree=140
num_leaves=9
num_cat=0
split_feature=0 26 21 1 22 0 0 21
split_gain=5.19242e+07 2.87249e+07 3.68139e+07 3.30832e+07 1.92453e+07 2.24477e+07 1.54822e+07 1.44263e+07
threshold=1.3000000000000003 4.8500000000000005 0.68920799923937526 0.29166666666666669 0.93301270189221952 23.850000000000005 464.40000000000003 0.66359704641350226
decision_type=2 2 2 2 2 2 2 2
left_child=-1 2 -2 7 5 -5 -7 -3
right_child=1 3 -4 4 -6 6 -8 -9
leaf_value=31.828321928930567 30.086960555071929 -6.8100499119681004 -2.3102725485711151 -20.133435695185575 17.078540966171342 16.690370211895132 -1.0597019943187316 -28.976296106528117
leaf_weight=50 61 55 65 50 58 50 366 51
leaf_count=50 61 55 65 50 58 50 366 51
internal_value=2.31385 0.349976 13.4082 -2.2668 0.828371 -1.20385 1.08419 -17.5267
internal_weight=806 756 126 630 524 466 416 106
internal_count=806 756 126 630 524 466 416 106
is_linear=0
shrinkage=0.03


Tree=141
num_leaves=8
num_cat=0
split_feature=24 24 30 24 0 0 24
split_gain=8.61656e+07 4.40745e+07 6.31592e+07 4.36835e+07 3.36008e+07 4.76515e+07 1.21658e+07
threshold=13518.519444444446 1.0000000180025095e-35 -0.22252093395631442 2151.428571428572 23.850000000000005 904.95000000000016 7475.0000000000009
decision_type=2 2 2 2 2 2 2
left_child=1 2 -1 -3 -5 -6 -7
right_child=-2 3 -4 4 5 6 -8
leaf_value=-4.3634831457944658 35.009024332314056 -30.313674480148226 40.719598666130928 -19.430850613500233 28.865493548655369 -7.3578713379598062 2.6422303847276547
leaf_weight=60 66 51 52 80 51 192 254
leaf_count=60 66 51 52 80 51 192 254
internal_value=2.24484 -0.690357 16.6207 -3.78416 -1.42471 1.48361 -1.66478
internal_weight=806 740 112 628 577 497 446
internal_count=806 740 112 628 577 497 446
is_linear=0
shrinkage=0.03


Tree=142
num_leaves=8
num_cat=0
split_feature=24 24 11 24 0 0 24
split_gain=8.10948e+07 4.14835e+07 5.94473e+07 4.11176e+07 3.16231e+07 4.48509e+07 1.14479e+07
threshold=13518.519444444446 1.0000000180025095e-35 2.5000000000000004 2151.428571428572 23.850000000000005 904.95000000000016 7475.0000000000009
decision_type=2 2 2 2 2 2 2
left_child=1 2 -1 -3 -5 -6 -7
right_child=-2 3 -4 4 5 6 -8
leaf_value=39.505018556204625 33.963505704025337 -29.4095820907682 -4.2332308580389073 -18.850103140958069 28.004592307799044 -7.1374795157451887 2.563056940899981
leaf_weight=52 66 51 60 80 51 192 254
leaf_count=52 66 51 60 80 51 192 254
internal_value=2.17801 -0.669516 16.125 -3.671 -1.3819 1.43954 -1.61493
internal_weight=806 740 112 628 577 497 446
internal_count=806 740 112 628 577 497 446
is_linear=0
shrinkage=0.03


Tree=143
num_leaves=9
num_cat=0
split_feature=24 1 1 11 0 24 27 21
split_gain=7.63225e+07 3.90447e+07 1.08066e+08 5.59536e+07 4.83685e+07 1.4644e+07 1.14705e+07 4.91224e+06
threshold=13518.519444444446 1.0000000180025095e-35 0.65000000000000013 2.5000000000000004 251.45000000000002 7475.0000000000009 -0.21772121422198129 0.65135923550861319
decision_type=2 2 2 2 2 2 2 2
left_child=1 3 -3 -1 -4 6 -6 -7
right_child=-2 2 4 -5 5 7 -8 -9
leaf_value=38.326665858894188 32.949211001158837 -37.278095840058953 26.391885628012279 -4.1068649610832555 -17.186449867213987 -2.1752395194387804 -2.7628493358039714 5.905377761414849
leaf_weight=52 66 75 60 60 77 117 139 160
leaf_count=52 66 75 60 60 77 117 139 160
internal_value=2.11316 -0.649303 -3.56123 15.6441 1.0293 -2.07158 -7.92134 2.49357
internal_weight=806 740 628 112 553 493 216 277
internal_count=806 740 628 112 553 493 216 277
is_linear=0
shrinkage=0.03


Tree=144
num_leaves=9
num_cat=0
split_feature=24 1 1 11 0 24 14 24
split_gain=7.18312e+07 3.67495e+07 1.01704e+08 5.26652e+07 4.55239e+07 1.37811e+07 1.05205e+07 2.94636e+06
threshold=13518.519444444446 1.0000000180025095e-35 0.65000000000000013 2.5000000000000004 251.45000000000002 7475.0000000000009 205.50000000000003 9376.3888888888905
decision_type=2 2 2 2 2 2 2 2
left_child=1 3 -3 -1 -4 6 -6 -7
right_child=-2 2 4 -5 5 7 -8 -9
leaf_value=37.18346201559325 31.965207338635199 -36.164208727984793 25.604068510900088 -3.9842720540364587 -2.5942600852176709 -0.77728670039997105 -16.295866281422107 5.4093185830831692
leaf_weight=52 66 75 60 60 136 134 80 143
leaf_count=52 66 75 60 60 136 134 80 143
internal_value=2.05022 -0.629738 -3.45478 15.1775 0.998586 -2.00973 -7.68453 2.41888
internal_weight=806 740 628 112 553 493 216 277
internal_count=806 740 628 112 553 493 216 277
is_linear=0
shrinkage=0.03


Tree=145
num_leaves=10
num_cat=0
split_feature=1 0 27 27 1 21 2 23 0
split_gain=3.68379e+07 3.37959e+07 4.40929e+07 2.40902e+07 4.72137e+07 2.30284e+07 2.60125e+06 2.24347e+06 1.47849e+06
threshold=0.90000000000000013 379.75000000000006 0.36571913681022045 -0.34964421742355262 0.65000000000000013 0.64182307975686148 21.350000000000005 -0.5 2505.2500000000005
decision_type=2 2 2 2 2 2 2 2 2
left_child=1 2 -1 5 -5 -3 -7 -6 -9
right_child=-2 3 -4 4 7 6 -8 8 -10
leaf_value=-32.485113788834795 18.806636147252547 19.487427350607554 -0.57670266201156317 -27.189604064112874 4.7541779949782654 4.0755701266760118 -4.0332151188930725 -3.9655194863999914 1.5347009578050101
leaf_weight=71 79 94 86 66 95 78 65 80 97
leaf_count=71 79 94 86 66 95 78 65 80 97
internal_value=-0.616138 -2.71917 -15.0411 0.65133 -4.48919 7.97898 0.388969 1.04285 -0.953727
internal_weight=811 732 157 575 338 237 143 272 177
internal_count=811 732 157 575 338 237 143 272 177
is_linear=0
shrinkage=0.03


Tree=146
num_leaves=12
num_cat=0
split_feature=1 0 27 27 1 26 29 25 28 0 26
split_gain=3.46695e+07 3.18061e+07 4.14978e+07 2.26717e+07 4.44356e+07 1.7123e+07 1.42646e+07 5.48252e+06 2.35092e+06 1.3368e+06 1.06863e+06
threshold=0.90000000000000013 379.75000000000006 0.36571913681022045 -0.34964421742355262 0.65000000000000013 5.450000000000002 0.6078576107927941 19.368515000000006 -0.41327860778290426 2505.2500000000005 6.4000000000000004
decision_type=2 2 2 2 2 2 2 2 2 2 2
left_child=1 2 -1 5 -5 -3 7 -7 10 -10 -6
right_child=-2 3 -4 4 8 6 -8 -9 9 -11 -12
leaf_value=-31.514660782513072 18.244571340952962 22.024868486289577 -0.55946176906864176 -26.377606057559738 1.5457545114748521 3.5401650859173679 14.522864465562405 -9.4758785552721196 -4.0111422751415731 1.2928359824147229 7.7508502993811197
leaf_weight=71 79 57 86 66 50 57 64 59 78 94 50
leaf_count=71 79 57 86 66 50 57 64 59 78 94 50
internal_value=-0.597871 -2.63807 -14.5918 0.631707 -4.35518 7.74035 3.18775 -3.08735 1.01164 -1.1152 4.6623
internal_weight=811 732 157 575 338 237 180 116 272 172 100
internal_count=811 732 157 575 338 237 180 116 272 172 100
is_linear=0
shrinkage=0.03


Tree=147
num_leaves=10
num_cat=0
split_feature=24 1 1 0 27 24 24 21 28
split_gain=3.41906e+07 5.43584e+07 3.09986e+07 5.18373e+07 1.93893e+07 4.48378e+07 4.06346e+07 9.35787e+06 4.43237e+06
threshold=12018.519444444446 0.36666666666666675 0.90000000000000013 487.30000000000007 -0.34964421742355262 6062.11388888889 2927.7777777777778 0.80897891810494627 0.59809228744854648
decision_type=2 2 2 2 2 2 2 2 2
left_child=2 -2 3 -1 5 -5 -6 -7 -8
right_child=1 -3 -4 4 6 7 8 -9 -10
leaf_value=-26.438641569686496 -8.6272948061448211 33.17920911309843 14.858068880177406 30.0288601720973 -26.555685499362212 -11.281553117387217 1.9519333434727602 3.4098559242486952 -6.6945047231463848
leaf_weight=89 50 63 77 50 70 64 172 99 77
leaf_count=89 50 63 77 50 70 64 172 99 77
internal_value=-0.579967 14.7068 -3.06003 -5.28787 -1.73657 5.26792 -6.41413 -2.36862 -0.726667
internal_weight=811 113 698 621 532 213 319 163 249
internal_count=811 113 698 621 532 213 319 163 249
is_linear=0
shrinkage=0.03


Tree=148
num_leaves=10
num_cat=0
split_feature=24 7 0 0 24 22 24 8 19
split_gain=3.21782e+07 4.4329e+07 2.75534e+07 4.15774e+07 1.12206e+07 2.65629e+07 3.24288e+07 3.67783e+06 6.12824e+06
threshold=12018.519444444446 19.350000000000005 4.1000000000000005 93.850000000000009 6385.9138888888901 -0.6830127018922193 1702.5000000000002 22.150000000000002 1.0000000180025095e-35
decision_type=2 2 2 2 2 2 2 2 2
left_child=2 -2 -1 -4 5 -5 -7 8 -6
right_child=1 -3 3 4 7 6 -8 -9 -10
leaf_value=17.764462552526876 -2.4881815965480714 35.268890088424527 -27.570348383549767 12.353952211923399 7.9013788395272577 -25.502607045779932 -1.5084307773862116 -4.6908686544884395 -1.3917836689828245
leaf_weight=53 63 50 64 52 127 87 121 66 128
leaf_count=53 63 50 64 52 127 87 121 66 128
internal_value=-0.562525 14.2676 -2.96849 -4.67961 -2.14514 -6.77387 -11.5668 1.60678 3.24039
internal_weight=811 113 698 645 581 260 208 321 255
internal_count=811 113 698 645 581 260 208 321 255
is_linear=0
shrinkage=0.03


Tree=149
num_leaves=11
num_cat=0
split_feature=1 0 27 27 1 21 2 28 9 21
split_gain=3.16535e+07 2.84931e+07 3.76429e+07 1.91486e+07 3.68396e+07 2.16959e+07 2.45395e+06 2.10461e+06 1.70824e+06 1.39695e+06
threshold=0.90000000000000013 379.75000000000006 0.36571913681022045 -0.34964421742355262 0.65000000000000013 0.64182307975686148 21.350000000000005 -0.39748391402478145 1.0000000180025095e-35 1.3178624689312348
decision_type=2 2 2 2 2 2 2 2 2 2
left_child=1 2 -1 5 -5 -3 -7 8 -6 -9
right_child=-2 3 -4 4 7 6 -8 9 -10 -11
leaf_value=-29.92671527562937 17.458690561244048 18.303348959286161 -0.44466060687050762 -24.035230108062606 8.0718151117328478 3.3489114815065233 -4.5269010312487854 -2.9807332418641774 0.426828954743176 2.9962893574375284
leaf_weight=71 79 94 86 66 52 78 65 117 53 50
leaf_count=71 79 94 86 66 52 78 65 117 53 50
internal_value=-0.545537 -2.49499 -13.809 0.599811 -3.98326 7.13282 -0.232923 0.903372 4.22521 -1.18899
internal_weight=811 732 157 575 338 237 143 272 105 167
internal_count=811 732 157 575 338 237 143 272 105 167
is_linear=0
shrinkage=0.03


Tree=150
num_leaves=10
num_cat=0
split_feature=30 7 6 3 27 27 3 8 3
split_gain=2.4352e+07 3.7099e+07 5.16133e+07 2.28043e+07 1.90635e+07 1.79768e+07 1.68108e+07 2.63483e+07 1.23974e+07
threshold=-0.56174490092936669 21.150000000000002 3.4500000000000006 81.950000000000017 -0.94417876540878154 0.94130860066615818 76.350000000000009 17.150000000000002 75.700000000000003
decision_type=2 2 2 2 2 2 2 2 2
left_child=1 2 -1 4 -2 6 7 -6 -3
right_child=3 8 -4 -5 5 -7 -8 -9 -10
leaf_value=18.288667104383066 18.417629332495022 -8.5873098584496628 -17.461492716367637 17.444221243362986 -6.2663882274598075 13.917964485718088 -20.10979945960149 17.385166929677048 -26.354106187701717
leaf_weight=89 50 70 61 95 193 58 50 54 72
leaf_count=89 50 70 61 95 193 58 50 54 72
internal_value=0.221061 -6.65861 3.74437 4.24039 1.13255 -1.31544 -4.30138 -1.08075 -17.6325
internal_weight=792 292 150 500 405 355 297 247 142
internal_count=792 292 150 500 405 355 297 247 142
is_linear=0
shrinkage=0.03


Tree=151
num_leaves=9
num_cat=0
split_feature=24 0 0 24 26 20 26 21
split_gain=4.39382e+07 1.88508e+07 2.4481e+07 1.46192e+07 2.19833e+07 2.50845e+07 8.20646e+06 3.50709e+06
threshold=13518.519444444446 3.1500000000000004 51.800000000000004 8311.9055555555587 5.6500000000000012 17.440000000000005 7.6500000000000012 0.66359704641350226
decision_type=2 2 2 2 2 2 2 2
left_child=1 -1 -3 4 -4 -6 7 -5
right_child=-2 2 3 6 5 -7 -8 -9
leaf_value=14.754861143190103 23.592936719359315 -21.554716885599923 8.8713068528362022 -5.5467093710376361 -4.7051526771693526 -27.578023816381979 12.014590658338618 4.9075372397758912
leaf_weight=56 66 60 84 56 273 51 87 59
leaf_count=56 66 60 84 56 273 51 87 59
internal_value=0.214505 -1.91966 -3.31935 -1.51598 -4.78281 -8.32772 5.07964 -0.184335
internal_weight=792 726 670 610 408 324 202 115
internal_count=792 726 670 610 408 324 202 115
is_linear=0
shrinkage=0.03


Tree=152
num_leaves=9
num_cat=0
split_feature=1 24 0 26 0 24 3 21
split_gain=5.15077e+07 5.25044e+07 3.96642e+07 1.02898e+07 2.11006e+07 1.16343e+07 1.96741e+07 4.99519e+06
threshold=1.2500000000000002 12726.190476190479 93.850000000000009 5.6500000000000012 2176.2500000000005 6020.3694444444454 73.950000000000017 0.65135923550861319
decision_type=2 2 2 2 2 2 2 2
left_child=1 2 -1 4 -4 6 -5 -7
right_child=-2 -3 3 5 -6 7 -8 -9
leaf_value=-23.544351567689326 24.532539429751552 19.201415033182034 17.552188381063992 -3.4672110548674335 -7.1476611515981734 -5.3937142058108121 -26.111396302786485 3.035037639990092
leaf_weight=91 71 90 63 106 61 109 51 150
leaf_count=91 71 90 63 106 61 109 51 150
internal_value=0.208124 -2.1964 -5.25608 -2.16279 5.41346 -4.42338 -10.8588 -0.514299
internal_weight=792 721 631 540 124 416 157 259
internal_count=792 721 631 540 124 416 157 259
is_linear=0
shrinkage=0.03


Tree=153
num_leaves=9
num_cat=0
split_feature=24 0 0 24 27 24 3 27
split_gain=3.93105e+07 1.84923e+07 2.22929e+07 1.345e+07 2.06829e+07 3.03866e+07 7.94105e+06 3.72424e+06
threshold=13518.519444444446 3.1500000000000004 51.800000000000004 8248.455555555558 -0.7721494341254892 1702.5000000000002 53.150000000000006 -0.74409704927257525
decision_type=2 2 2 2 2 2 2 2
left_child=1 -1 -3 4 -4 -6 -5 -8
right_child=-2 2 3 6 5 -7 7 -9
leaf_value=14.698307055325957 22.314915698987864 -20.604487458366659 9.1129719775802407 15.147255273961404 -21.718350137347358 -1.8877499308860937 -5.1961079218652522 4.6933669620977367
leaf_weight=56 66 60 79 50 100 227 51 103
leaf_count=56 66 60 79 50 100 227 51 103
internal_value=0.201864 -1.81679 -3.20313 -1.48222 -4.63888 -7.96653 4.79771 1.41449
internal_weight=792 726 670 610 406 327 204 154
internal_count=792 726 670 610 406 327 204 154
is_linear=0
shrinkage=0.03


Tree=154
num_leaves=9
num_cat=0
split_feature=24 0 4 22 24 24 0 20
split_gain=3.69971e+07 1.74046e+07 2.31242e+07 1.5361e+07 4.0268e+07 1.59808e+07 3.36888e+07 5.03754e+06
threshold=13518.519444444446 3.1500000000000004 997.45000000000016 0.25000000000000011 3336.8055555555561 1490.0000000000002 464.40000000000003 5.134850000000001
decision_type=2 2 2 2 2 2 2 2
left_child=1 -1 -3 5 -5 -4 -7 -6
right_child=-2 2 3 4 7 6 -8 -9
leaf_value=14.259707465705398 21.648497733897212 -22.463257531506276 17.659269371104287 -26.458916106074835 -5.4782890248386629 21.318524397117656 -4.7123624594826605 4.4221959908521855
leaf_weight=56 66 51 53 70 81 54 254 107
leaf_count=56 66 51 53 70 81 54 254 107
internal_value=0.195996 -1.76236 -3.10731 -1.50243 -7.08844 2.49234 -0.132173 0.154582
internal_weight=792 726 670 619 258 361 308 188
internal_count=792 726 670 619 258 361 308 188
is_linear=0
shrinkage=0.03


Tree=155
num_leaves=8
num_cat=0
split_feature=24 24 6 0 0 24 27
split_gain=3.49835e+07 5.93003e+07 2.93956e+07 1.83174e+07 5.1941e+07 3.17983e+07 5.36249e+06
threshold=1.0000000180025095e-35 3390.0000000000005 2.9500000000000006 4.9500000000000011 617.80000000000007 11435.186111111112 0.30901413279605805
decision_type=2 2 2 2 2 2 2
left_child=2 -2 -1 -3 -5 6 -6
right_child=1 3 -4 4 5 -7 -8
leaf_value=32.511336683410306 -25.993199800147863 -11.422849436443602 1.5243642982496459 31.028750261591341 -4.9229266696197378 23.084125503934398 1.9799240242765981
leaf_weight=54 78 82 56 56 252 50 169
leaf_count=54 78 82 56 56 252 50 169
internal_value=1.09999 -1.41738 16.7833 1.7415 3.79519 0.539525 -2.15249
internal_weight=797 687 110 609 527 471 421
internal_count=797 687 110 609 527 471 421
is_linear=0
shrinkage=0.03


Tree=156
num_leaves=9
num_cat=0
split_feature=24 24 0 26 0 0 0 24
split_gain=3.29257e+07 5.58105e+07 2.86458e+07 1.88374e+07 3.93259e+07 2.06726e+07 1.91616e+07 1.73711e+07
threshold=1.0000000180025095e-35 3390.0000000000005 2042.8000000000004 9.8500000000000032 4.9500000000000011 747.15000000000009 1862.0500000000004 9539.6833333333361
decision_type=2 2 2 2 2 2 2 2
left_child=2 -2 -1 4 -3 -6 -5 -7
right_child=1 3 -4 6 5 7 -8 -9
leaf_value=30.46078834881067 -25.216391328541253 -22.495684458921001 -0.20172755548131396 26.077455448074048 19.973871067469382 -3.8215386181859254 1.0302560125125211 10.673598092921511
leaf_weight=59 78 65 51 52 53 280 58 101
leaf_count=59 78 65 51 52 53 280 58 101
internal_value=1.06753 -1.37467 16.2826 1.68984 -0.789693 2.47448 12.9096 0.0263551
internal_weight=797 687 110 609 499 434 110 381
internal_count=797 687 110 609 499 434 110 381
is_linear=0
shrinkage=0.03


Tree=157
num_leaves=11
num_cat=0
split_feature=1 1 6 1 14 4 7 30 7 25
split_gain=3.09884e+07 5.87685e+07 2.76095e+07 2.20512e+07 3.76297e+06 3.42113e+06 3.31086e+06 3.14849e+06 1.63139e+06 1.52057e+06
threshold=1.0000000180025095e-35 0.45000000000000007 2.9500000000000006 1.2500000000000002 201.50000000000003 1005.0500000000001 16.250000000000004 1.0000000180025095e-35 9.1500000000000004 14.848720000000002
decision_type=2 2 2 2 2 2 2 2 2 2
left_child=2 -2 -1 4 6 -6 8 -8 -3 -7
right_child=1 3 -4 -5 5 9 7 -9 -10 -11
leaf_value=31.039186266482861 -23.606608605537229 2.8349501931602656 1.0110714699997572 19.009144626819495 -7.9760825879930017 2.6048165831531915 8.2906509890116382 -0.64295354517494763 -3.932939665983108 -3.0932622531809417
leaf_weight=54 92 55 56 62 74 84 107 53 76 84
leaf_count=54 92 55 56 62 74 84 107 53 76 84
internal_value=1.03592 -1.33335 15.7966 2.12073 0.146615 -2.61576 2.44421 5.33567 -1.09141 -0.244605
internal_weight=797 687 110 595 533 242 291 160 131 168
internal_count=797 687 110 595 533 242 291 160 131 168
is_linear=0
shrinkage=0.03


Tree=158
num_leaves=8
num_cat=0
split_feature=1 1 24 0 24 0 27
split_gain=2.91665e+07 5.53066e+07 5.84935e+07 1.10204e+08 3.59159e+07 2.69038e+07 5.42961e+06
threshold=1.0000000180025095e-35 0.45000000000000007 3390.0000000000005 487.30000000000007 11672.222222222224 2042.8000000000004 0.30901413279605805
decision_type=2 2 2 2 2 2 2
left_child=5 -2 -3 -4 6 -1 -5
right_child=1 2 3 4 -6 -7 -8
leaf_value=29.065670034270262 -22.900711996878211 -24.968754035036078 45.013507500778928 -4.9791947291068261 24.594561049876582 -0.6473134822733918 1.9381129489726203
leaf_weight=59 92 64 56 255 50 51 170
leaf_count=59 92 64 56 255 50 51 170
internal_value=1.00513 -1.29344 2.05736 5.32702 0.62272 15.3253 -2.21284
internal_weight=797 687 595 531 475 110 425
internal_count=797 687 595 531 475 110 425
is_linear=0
shrinkage=0.03


Tree=159
num_leaves=9
num_cat=0
split_feature=1 1 24 24 6 22 24 24
split_gain=2.74498e+07 5.20503e+07 5.50539e+07 3.91325e+07 2.59317e+07 8.33537e+06 7.74314e+06 5.38925e+06
threshold=1.0000000180025095e-35 0.45000000000000007 3390.0000000000005 12446.297222222223 2.9500000000000006 -0.6830127018922193 8476.1111111111131 7892.8583333333345
decision_type=2 2 2 2 2 2 2 2
left_child=4 -2 -3 5 -1 7 -7 -4
right_child=1 2 3 -5 -6 6 -8 -9
leaf_value=29.63998758052594 -22.215923777946543 -24.223186271275924 -12.00508265516156 28.359732915050575 0.54106366877445744 1.5362046723114657 11.010828423565197 0.86456836787260449
leaf_weight=54 92 64 50 58 56 238 115 70
leaf_count=54 92 64 50 58 56 238 115 70
internal_value=0.975508 -1.25439 1.99627 5.16834 14.8678 2.30838 4.62959 -4.51428
internal_weight=797 687 595 531 110 473 353 120
internal_count=797 687 595 531 110 473 353 120
is_linear=0
shrinkage=0.03


Tree=160
num_leaves=9
num_cat=0
split_feature=1 4 1 1 26 22 21 28
split_gain=4.72969e+07 2.70266e+07 4.39693e+07 2.40202e+07 1.72702e+07 5.00228e+06 2.69515e+06 1.72204e+06
threshold=0.90000000000000013 997.75000000000011 1.0000000180025095e-35 0.65000000000000013 8.0500000000000025 -0.6830127018922193 0.84469876099498731 -0.90146829171281539
decision_type=2 2 2 2 2 2 2 2
left_child=1 -1 -3 4 -4 6 -5 -7
right_child=-2 2 3 5 -6 7 -8 -9
leaf_value=-23.609100574925691 21.213868231018708 17.638128967285155 -26.274304732334375 -11.352513888455766 -3.9556668994201352 5.7053228264876203 -2.2363053326043771 0.084458225905958126
leaf_weight=50 85 99 65 50 60 59 70 284
leaf_count=50 85 99 65 50 60 59 70 284
internal_value=0.0648279 -2.38197 -0.82741 -3.94383 -15.5966 -0.789764 -6.05364 1.05548
internal_weight=822 737 687 588 125 463 120 343
internal_count=822 737 687 588 125 463 120 343
is_linear=0
shrinkage=0.03


Tree=161
num_leaves=13
num_cat=0
split_feature=21 0 29 27 0 22 2 8 27 29 4 27
split_gain=2.42182e+07 7.22223e+07 2.68042e+07 4.01941e+07 2.72244e+07 2.73708e+07 2.06333e+07 1.26083e+07 1.17883e+07 7.54585e+06 5.85565e+06 1.60369e+06
threshold=0.70550527903469096 10.800000000000002 1.0000000180025095e-35 -0.2595093939220976 2397.9500000000003 -0.24999999999999994 9.8500000000000032 7.7500000000000009 0.5772435042917955 1.0000000180025095e-35 1008.7500000000001 -0.6254047815183511
decision_type=2 2 2 2 2 2 2 2 2 2 2 2
left_child=1 -1 4 -4 5 -3 -2 -8 9 -9 -5 -11
right_child=6 2 3 10 -6 -7 7 8 -10 11 -12 -13
leaf_value=37.22325393055921 -22.148992563321446 -31.353518231783202 27.144484227960543 -9.9913594852396468 9.4093746096784905 -2.2191035973847799 7.2725775395390277 4.5144808650982347 -14.978035390059343 -3.4482044425019631 4.2773028274446903 -10.918217780408805
leaf_weight=55 54 56 65 52 54 60 92 96 83 53 51 51
leaf_count=55 54 56 65 52 54 60 92 96 83 53 51 51
internal_value=0.0626331 5.44056 0.240371 8.73091 -8.15083 -16.3287 -4.86434 -2.35961 -5.49534 -1.54343 -2.9343 -7.13234
internal_weight=822 393 338 168 170 116 429 375 283 200 103 104
internal_count=822 393 338 168 170 116 429 375 283 200 103 104
is_linear=0
shrinkage=0.03


Tree=162
num_leaves=7
num_cat=0
split_feature=1 4 1 0 27 28
split_gain=4.42234e+07 2.49154e+07 4.13192e+07 5.28253e+07 7.61501e+06 3.33782e+06
threshold=0.90000000000000013 997.75000000000011 1.0000000180025095e-35 4.9500000000000011 0.96230016621822489 -0.91583036384466876
decision_type=2 2 2 2 2 2
left_child=1 -1 -3 -4 5 -5
right_child=-2 2 3 4 -6 -7
leaf_value=-22.686472194967401 20.51103356883506 17.087780439947306 -26.947073663388309 5.1091515841410464 10.284787836496342 -2.5762240552221534
leaf_weight=50 85 99 77 58 54 399
leaf_count=50 85 99 77 58 54 399
internal_value=0.0606964 -2.30526 -0.812648 -3.83369 -0.337064 -1.59811
internal_weight=822 737 687 588 511 457
internal_count=822 737 687 588 511 457
is_linear=0
shrinkage=0.03


Tree=163
num_leaves=10
num_cat=0
split_feature=1 24 0 0 25 24 1 24 27
split_gain=4.16189e+07 2.53275e+07 3.12859e+07 2.30488e+07 1.40465e+07 4.17701e+07 3.63715e+07 4.87494e+06 4.53929e+06
threshold=0.90000000000000013 13596.297222222223 487.30000000000007 4.1000000000000005 17.317589999999999 5192.5916666666681 0.65000000000000013 7190.7416666666677 -0.40147311773604372
decision_type=2 2 2 2 2 2 2 2 2
left_child=1 2 3 -1 5 -4 -6 -7 -8
right_child=-2 -3 4 -5 6 7 8 -9 -10
leaf_value=-4.4492531699465037 19.897866043770577 15.909087971691836 -29.997475509497676 -32.56473143519618 23.292754721765675 -7.2200114040457324 -6.5108840410150286 2.1639099351363331 2.411393045938778
leaf_weight=51 85 63 52 54 65 69 111 177 95
leaf_count=51 85 63 52 54 65 69 111 177 95
internal_value=0.0588841 -2.23635 -3.93877 -18.9603 -1.15824 -5.65053 3.78239 -0.473717 -2.39867
internal_weight=822 737 674 105 569 298 271 246 206
internal_count=822 737 674 105 569 298 271 246 206
is_linear=0
shrinkage=0.03


Tree=164
num_leaves=8
num_cat=0
split_feature=1 4 1 0 27 4 28
split_gain=3.91685e+07 2.38305e+07 3.87836e+07 5.06592e+07 7.2832e+06 6.41693e+06 4.00063e+06
threshold=0.90000000000000013 997.75000000000011 1.0000000180025095e-35 4.9500000000000011 0.76665171983724034 1013.6500000000002 -0.91583036384466876
decision_type=2 2 2 2 2 2 2
left_child=1 -1 -3 -4 6 -6 -5
right_child=-2 2 3 4 5 -7 -8
leaf_value=-22.102221676104108 19.303029530783469 16.632459384422646 -26.271453905488045 4.931744522762135 0.012032698947443318 13.424976103068646 -3.6080279591309918
leaf_weight=50 85 99 77 58 73 57 323
leaf_count=50 85 99 77 58 73 57 323
internal_value=0.0569304 -2.16971 -0.709988 -3.6369 -0.21278 5.91053 -2.30513
internal_weight=822 737 687 588 511 130 381
internal_count=822 737 687 588 511 130 381
is_linear=0
shrinkage=0.03


Tree=165
num_leaves=11
num_cat=0
split_feature=1 0 2 24 28 24 29 20 7 7
split_gain=5.78047e+07 3.44156e+07 4.551e+07 1.81488e+07 1.71045e+07 2.33127e+07 1.32381e+07 1.59698e+07 1.17537e+07 3.57988e+06
threshold=0.90000000000000013 379.75000000000006 4.6500000000000012 11672.222222222224 -0.39748391402478145 6269.4444444444453 0.6078576107927941 17.440000000000005 16.350000000000005 21.050000000000004
decision_type=2 2 2 2 2 2 2 2 2 2
left_child=1 2 -1 4 6 8 7 -3 -6 -7
right_child=-2 3 -4 -5 5 9 -8 -9 -10 -11
leaf_value=-37.544963020434061 22.39339907572278 10.391817689665951 -3.5290232596392004 16.226887034914839 -29.094714262490243 0.53864359879013624 14.406146806353272 -10.68656028303452 -8.6819897495948108 -8.4666919430515239
leaf_weight=59 81 57 88 50 50 176 73 74 52 51
leaf_count=59 81 57 88 50 50 176 73 74 52 51
internal_value=-1.60327 -4.27403 -17.2304 -0.999964 -2.62423 -6.85369 4.19682 -1.5122 -18.7443 -1.49305
internal_weight=811 730 147 583 533 329 204 131 102 227
internal_count=811 730 147 583 533 329 204 131 102 227
is_linear=0
shrinkage=0.03


Tree=166
num_leaves=11
num_cat=0
split_feature=1 0 26 24 28 24 24 7 14 7
split_gain=5.44018e+07 3.2391e+07 4.23235e+07 1.70826e+07 1.60992e+07 2.19428e+07 1.20732e+07 1.10632e+07 5.9376e+06 3.36948e+06
threshold=0.90000000000000013 379.75000000000006 7.4500000000000011 11672.222222222224 -0.39748391402478145 6269.4444444444453 2717.1428571428578 16.350000000000005 173.50000000000003 21.050000000000004
decision_type=2 2 2 2 2 2 2 2 2 2
left_child=1 2 -1 4 6 7 -3 -6 -8 -7
right_child=-2 3 -4 -5 5 9 8 -9 -10 -11
leaf_value=-33.776658482241942 21.724076092467538 16.832236811673901 -1.5521758927970097 15.742983548228832 -28.227078636427287 0.52251179305045214 6.6889023809735058 -8.4230246960729307 -5.1904953815631938 -8.2141766800239076
leaf_weight=69 81 50 78 50 50 176 66 52 88 51
leaf_count=69 81 50 78 50 50 176 66 52 88 51
internal_value=-1.55555 -4.14651 -16.716 -0.970202 -2.54603 -6.64933 4.07154 -18.1853 -0.0961602 -1.44857
internal_weight=811 730 147 583 533 329 204 102 154 227
internal_count=811 730 147 583 533 329 204 102 154 227
is_linear=0
shrinkage=0.03


Tree=167
num_leaves=10
num_cat=0
split_feature=1 1 27 24 24 27 21 7 16
split_gain=5.11988e+07 2.4504e+07 1.02259e+08 3.85979e+07 8.54669e+06 1.08327e+07 5.54723e+06 4.97594e+06 1.78203e+06
threshold=0.90000000000000013 0.29166666666666669 0.51225279916095534 12726.190476190479 6269.4444444444453 0.24284747324344283 0.66641489361702144 21.450000000000003 1.0000000180025095e-35
decision_type=2 2 2 2 2 2 2 2 2
left_child=1 2 -1 4 5 -3 7 -6 -8
right_child=-2 3 -4 -5 6 -7 8 -9 -10
leaf_value=5.1573613475332545 21.07475832879323 -20.228691299897839 -45.093480551041182 20.523696288303064 -1.6719160813263845 -3.6975166239843538 0.057382705160431362 -13.019738711129477 6.3573226486516932
leaf_weight=92 81 57 60 65 94 95 158 55 54
leaf_count=92 81 57 60 65 94 95 158 55 54
internal_value=-1.50915 -4.02267 -14.7282 -1.20119 -3.96426 -9.9244 -1.44854 -5.87851 1.66884
internal_weight=811 730 152 578 513 152 361 149 212
internal_count=811 730 152 578 513 152 361 149 212
is_linear=0
shrinkage=0.03


Tree=168
num_leaves=11
num_cat=0
split_feature=1 0 2 25 24 1 24 14 24 21
split_gain=4.81847e+07 3.03373e+07 4.22567e+07 1.55524e+07 4.8316e+07 3.11103e+07 7.60268e+06 6.79188e+06 6.22847e+06 3.11091e+06
threshold=0.90000000000000013 379.75000000000006 4.6500000000000012 17.317589999999999 4815.7416666666677 0.65000000000000013 9403.769444444446 173.50000000000003 9318.7500000000018 0.33849206349206357
decision_type=2 2 2 2 2 2 2 2 2 2
left_child=1 2 -1 4 -3 -5 7 -7 9 -6
right_child=-2 3 -4 5 8 6 -8 -9 -10 -11
leaf_value=-35.641860360053897 20.444848916169899 -32.316157896921595 -2.8665465441970568 24.512450104311618 -8.7747561699745216 3.9546992687625777 7.6472420287087992 -9.3707952857750723 6.3852923686341363 -0.47927927187421504
leaf_weight=59 81 50 88 55 63 54 67 94 86 114
leaf_count=59 81 50 88 55 63 54 67 94 86 114
internal_value=-1.46421 -3.90263 -16.0671 -0.828724 -5.37723 4.44425 -0.716435 -4.51057 -0.224736 -3.44181
internal_weight=811 730 147 583 313 270 215 148 263 177
internal_count=811 730 147 583 313 270 215 148 263 177
is_linear=0
shrinkage=0.03


Tree=169
num_leaves=10
num_cat=0
split_feature=1 0 1 24 20 24 1 25 24
split_gain=4.53479e+07 2.8553e+07 3.79658e+07 1.48649e+07 1.46067e+07 3.33965e+07 3.0068e+07 4.67031e+06 3.27148e+06
threshold=0.90000000000000013 379.75000000000006 0.29166666666666669 11672.222222222224 12.039650000000002 4563.6583333333338 0.65000000000000013 22.640940000000004 7114.416666666667
decision_type=2 2 2 2 2 2 2 2 2
left_child=1 2 -1 4 5 -3 -6 -8 -7
right_child=-2 3 -4 -5 6 8 7 -9 -10
leaf_value=-33.132923832753256 19.833766741312736 -28.725982472603778 -2.3571825832489122 14.78653907559738 23.864715420247073 -6.6031469288269244 2.8170838610658944 -6.674305500214027 0.56297481752878942
leaf_weight=63 81 51 84 50 50 91 87 100 154
leaf_count=63 81 51 84 50 50 91 87 100 154
internal_value=-1.42058 -3.78613 -15.5875 -0.803992 -2.27403 -6.71496 3.27389 -2.26104 -2.10351
internal_weight=811 730 147 583 533 296 237 187 245
internal_count=811 730 147 583 533 296 237 187 245
is_linear=0
shrinkage=0.03


Tree=170
num_leaves=11
num_cat=0
split_feature=0 4 0 4 2 1 1 21 14 21
split_gain=1.83443e+07 2.22343e+07 1.96739e+07 4.39627e+07 5.63549e+07 2.4612e+07 2.24087e+07 2.86831e+06 3.1996e+06 945898
threshold=1.3000000000000003 997.25000000000011 1211.4000000000003 1010.7500000000001 9.1500000000000004 0.65000000000000013 0.45000000000000007 0.65135923550861319 245.50000000000003 0.89114144641301196
decision_type=2 2 2 2 2 2 2 2 2 2
left_child=-1 -2 3 6 -5 -4 -3 8 -7 -9
right_child=1 2 5 4 -6 7 -8 9 -10 -11
leaf_value=15.261897138886756 -21.273160643229009 -34.86543437288519 19.181910336977474 28.673454880140021 -15.586987786097833 -0.40324991904151408 -9.533066838411921 4.713359594683368 -9.5515609351071316 0.67872978605147061
leaf_weight=58 51 51 69 52 51 109 82 73 50 183
leaf_count=58 51 51 69 52 51 109 82 73 50 183
internal_value=-0.964688 -2.19084 -0.830863 -7.92708 6.77638 2.63202 -19.3037 -0.131494 -3.2927 1.83344
internal_weight=829 771 720 236 103 484 133 415 159 256
internal_count=829 771 720 236 103 484 133 415 159 256
is_linear=0
shrinkage=0.03


Tree=171
num_leaves=10
num_cat=0
split_feature=0 24 26 3 24 0 22 28 24
split_gain=1.72658e+07 2.56734e+07 4.17449e+07 1.71047e+07 1.30711e+07 9.78041e+06 6.94771e+06 3.80006e+06 3.05217e+06
threshold=1.3000000000000003 3247.2222222222226 5.8500000000000005 67.850000000000009 13351.85277777778 617.80000000000007 -0.6830127018922193 0.89771014032557062 8530.5555555555566
decision_type=2 2 2 2 2 2 2 2 2
left_child=-1 2 -2 -4 5 -3 8 -8 -7
right_child=1 4 3 -5 -6 6 7 -9 -10
leaf_value=14.806396572970199 11.789884631268785 10.725598386026693 -12.077038757228371 -33.898745613321225 15.021079453947795 -13.101862166488152 1.7027026539647534 -6.3757526809431342 -3.4396810119780734
leaf_weight=58 50 62 89 51 54 58 283 64 60
leaf_count=58 50 62 89 51 54 58 283 64 60
internal_value=-0.935993 -2.12556 -11.6892 -20.0819 1.00637 -0.437382 -1.93175 0.208482 -8.21015
internal_weight=829 771 190 140 581 527 465 347 118
internal_count=829 771 190 140 581 527 465 347 118
is_linear=0
shrinkage=0.03


Tree=172
num_leaves=8
num_cat=0
split_feature=1 28 1 1 27 21 27
split_gain=1.34526e+07 1.42505e+07 4.64322e+07 3.15939e+07 3.73202e+06 2.63069e+06 1.35005e+06
threshold=1.2500000000000002 -0.96227343267549392 1.0000000180025095e-35 0.45000000000000007 0.74409704927257569 0.83051495345613013 0.90511774987322979
decision_type=2 2 2 2 2 2 2
left_child=1 -1 -3 -4 5 -5 -6
right_child=-2 2 3 4 6 -7 -8
leaf_value=-14.803916732806812 12.054634133377766 18.269594259118026 -20.128285729885754 -5.2080947044841102 6.4463894974295775 0.00778005080298683 0.69254404960988303
leaf_weight=71 66 99 91 178 60 170 94
leaf_count=71 66 99 91 178 60 170 94
internal_value=-0.908074 -2.03367 -0.717563 -3.89508 -0.942121 -2.66227 2.94254
internal_weight=829 763 692 593 502 348 154
internal_count=829 763 692 593 502 348 154
is_linear=0
shrinkage=0.03


Tree=173
num_leaves=11
num_cat=0
split_feature=0 24 28 26 28 24 24 0 15 0
split_gain=1.65301e+07 2.57619e+07 2.88896e+07 5.52288e+07 3.05838e+07 2.0294e+07 1.05108e+07 5.60059e+06 5.21584e+06 2.3973e+06
threshold=1.3000000000000003 6193.2861111111115 -0.89388548498445497 5.9000000000000004 -0.37370587188196386 1580.0000000000002 13351.85277777778 795.45000000000016 1.0000000180025095e-35 1730.0500000000002
decision_type=2 2 2 2 2 2 2 2 2 2
left_child=-1 2 -2 -4 -5 -6 7 -3 9 -9
right_child=1 6 3 4 5 -7 -8 8 -10 -11
leaf_value=14.52242901535427 -28.085169220749904 10.117484784934954 23.20422069695438 4.9305431163972333 -33.486818778122533 -10.082810057171066 14.932901677084233 -5.7307252248671654 7.861809826252939 -0.071270837893284894
leaf_weight=58 56 51 52 70 55 85 54 105 56 187
leaf_count=58 56 51 52 70 55 85 54 105 56 187
internal_value=-0.88086 -2.04481 -8.58587 -4.39069 -11.2471 -19.3293 2.54955 0.86362 -0.50007 -2.11017
internal_weight=829 771 318 262 210 140 453 399 348 292
internal_count=829 771 318 262 210 140 453 399 348 292
is_linear=0
shrinkage=0.03


Tree=174
num_leaves=11
num_cat=0
split_feature=0 24 28 1 24 24 3 0 15 2
split_gain=1.55579e+07 2.42473e+07 2.71916e+07 3.94992e+07 2.29131e+07 9.8928e+06 8.1875e+06 5.27136e+06 4.90904e+06 5.21474e+06
threshold=1.3000000000000003 6193.2861111111115 -0.89388548498445497 0.22500000000000003 2653.3333333333335 13351.85277777778 68.700000000000003 795.45000000000016 1.0000000180025095e-35 15.797000000000002
decision_type=2 2 2 2 2 2 2 2 2 2
left_child=-1 2 -2 -4 -5 7 -6 -3 9 -9
right_child=1 5 3 4 6 -7 -8 8 -10 -11
leaf_value=14.088998929607726 -27.247103670367551 9.8157354004620121 13.277534683626586 -27.688901046033926 2.8499585212463447 14.487390492476152 -12.476558438480188 -4.550726259275101 7.6272122563265574 4.3579215522640968
leaf_weight=58 56 51 80 57 63 54 62 210 56 82
leaf_count=58 56 51 80 57 63 54 62 210 56 82
internal_value=-0.854454 -1.98366 -8.32952 -4.2595 -11.9773 2.4736 -4.76359 0.837985 -0.485015 -2.04705
internal_weight=829 771 318 262 182 453 125 399 348 292
internal_count=829 771 318 262 182 453 125 399 348 292
is_linear=0
shrinkage=0.03


Tree=175
num_leaves=8
num_cat=0
split_feature=24 24 0 24 0 0 24
split_gain=3.24025e+07 2.95168e+07 6.78271e+07 3.72904e+07 9.23677e+06 3.20885e+07 4.42982e+06
threshold=13596.297222222223 1.0000000180025095e-35 2198.2000000000003 2189.2857142857151 9.5000000000000018 747.15000000000009 8530.5555555555566
decision_type=2 2 2 2 2 2 2
left_child=1 2 -1 -3 -5 -6 -7
right_child=-2 3 -4 4 5 6 -8
leaf_value=37.412274691918817 22.267286613429306 -26.526364603206712 -10.549573131887387 -10.869434452373271 24.029305287580602 -3.5976623281391298 2.4232003708809073
leaf_weight=56 65 52 50 63 50 277 182
leaf_count=56 65 52 50 63 50 277 182
internal_value=2.0208 0.209609 14.8228 -2.27867 -0.0615665 1.28174 -1.21026
internal_weight=795 730 106 624 572 509 459
internal_count=795 730 106 624 572 509 459
is_linear=0
shrinkage=0.03


Tree=176
num_leaves=8
num_cat=0
split_feature=1 0 1 0 7 28 20
split_gain=2.10296e+07 6.38401e+07 1.74792e+07 1.05637e+07 5.64803e+06 3.83211e+06 4.01096e+06
threshold=1.0000000180025095e-35 2198.2000000000003 0.45000000000000007 29.850000000000005 7.6500000000000012 0.72649987002303373 6.8062500000000012
decision_type=2 2 2 2 2 2 2
left_child=1 -1 -2 -4 -5 6 -6
right_child=2 -3 3 4 5 -7 -8
leaf_value=36.295887169846416 -12.030294459793728 -10.234973865304267 14.300047830341128 9.2181450983206172 7.7938729860388447 -6.1374342541043294 -0.50527454520008097
leaf_weight=56 93 50 56 61 62 87 330
leaf_count=56 93 50 56 61 62 87 330
internal_value=1.96056 14.3803 0.0443894 1.93365 0.64396 -0.453019 0.812279
internal_weight=795 106 689 596 540 479 392
internal_count=795 106 689 596 540 479 392
is_linear=0
shrinkage=0.03


Tree=177
num_leaves=8
num_cat=0
split_feature=24 1 0 1 24 0 24
split_gain=3.12097e+07 2.64242e+07 6.00875e+07 3.75175e+07 2.96798e+07 6.11434e+07 3.8411e+06
threshold=13596.297222222223 1.0000000180025095e-35 2198.2000000000003 0.65000000000000013 2820.0000000000005 872.10000000000014 8530.5555555555566
decision_type=2 2 2 2 2 2 2
left_child=1 2 -1 -3 -5 -6 -7
right_child=-2 3 -4 4 5 6 -8
leaf_value=35.212812321664593 21.772529720288869 -21.938870121654642 -9.9297558053776953 -20.981387222538029 34.134288704722351 -3.0030144593374315 2.6890431419855076
leaf_weight=56 65 76 50 52 50 270 176
leaf_count=56 65 76 50 52 50 270 176
internal_value=1.90218 0.124678 13.9511 -2.22961 0.514285 2.7792 -0.756503
internal_weight=795 730 106 624 548 496 446
internal_count=795 730 106 624 548 496 446
is_linear=0
shrinkage=0.03


Tree=178
num_leaves=10
num_cat=0
split_feature=9 1 1 5 3 1 0 5 23
split_gain=2.47233e+07 2.93121e+07 2.00984e+07 4.26557e+07 1.31358e+07 5.89384e+06 5.54456e+06 4.01074e+06 2.54258e+06
threshold=1.5500000000000003 0.65000000000000013 0.29166666666666669 17.700000000000006 81.550000000000011 0.65000000000000013 411.45000000000005 22.050000000000004 -0.68301270189221952
decision_type=2 2 2 2 2 2 2 2 2
left_child=2 -2 3 -1 5 -4 -7 -3 -8
right_child=1 7 4 -5 -6 6 8 -9 -10
leaf_value=-29.628473175200657 28.871210250983147 7.8838527923763051 -9.3049351410408772 7.8096199827402781 15.890048043654678 10.25081284918703 5.4229677809189383 -3.032567424505781 -1.4021267266853097
leaf_weight=60 59 70 55 50 51 52 59 53 286
leaf_count=60 59 70 55 50 51 52 59 53 286
internal_value=1.84555 11.545 -1.03846 -12.6361 1.50381 -0.12886 1.14843 3.18402 -0.231213
internal_weight=795 182 613 110 503 452 397 123 345
internal_count=795 182 613 110 503 452 397 123 345
is_linear=0
shrinkage=0.03


Tree=179
num_leaves=9
num_cat=0
split_feature=24 1 21 1 24 8 4 28
split_gain=2.98265e+07 2.49664e+07 5.67621e+07 3.50539e+07 2.82886e+07 7.27723e+06 6.1131e+06 4.07326e+06
threshold=13596.297222222223 1.0000000180025095e-35 0.6058617463617465 0.65000000000000013 2820.0000000000005 19.450000000000003 1008.35 -0.84291031405530259
decision_type=2 2 2 2 2 2 2 2
left_child=1 2 -1 -3 -5 6 -6 -7
right_child=-2 3 -4 4 5 7 -8 -9
leaf_value=34.950482908638797 21.215599855945815 -21.286623873729379 -8.8630878808803821 -20.568957974596184 11.903912181110083 2.061067126497107 2.6679062345035804 -8.7189311846133268
leaf_weight=54 65 76 52 52 83 60 287 66
leaf_count=54 65 76 52 52 83 60 287 66
internal_value=1.79055 0.0529089 13.4926 -2.23549 0.416827 2.62807 4.74776 -3.59282
internal_weight=795 730 106 624 548 496 370 126
internal_count=795 730 106 624 548 496 370 126
is_linear=0
shrinkage=0.03


Tree=180
num_leaves=9
num_cat=0
split_feature=24 24 11 26 27 6 24 26
split_gain=1.6187e+07 2.46123e+07 1.9328e+07 1.19992e+07 1.08625e+07 7.66556e+06 9.17838e+06 4.2465e+06
threshold=1.0000000180025095e-35 2510.0000000000005 2.5000000000000004 11.250000000000002 0.96900085243778578 3.1500000000000008 8476.1111111111131 9.2500000000000018
decision_type=2 2 2 2 2 2 2 2
left_child=2 -2 -1 4 5 7 -7 -3
right_child=1 3 -4 -5 -6 6 -8 -9
leaf_value=25.368823141354564 -19.846315920919345 0.26421596883276749 -0.11993677901544113 15.255084524187843 -11.168320736719933 -0.17603483226166713 12.133985086098695 -8.320483214261845
leaf_weight=51 54 238 56 50 69 113 105 66
leaf_count=51 54 238 56 50 69 113 105 66
internal_value=1.22079 -0.453344 12.0658 1.18889 -0.00826334 1.47247 5.76159 -1.6059
internal_weight=802 695 107 641 591 522 218 304
internal_count=802 695 107 641 591 522 218 304
is_linear=0
shrinkage=0.03


Tree=181
num_leaves=8
num_cat=0
split_feature=1 1 0 0 24 27 25
split_gain=6.09942e+07 2.47644e+07 5.89137e+07 4.78968e+07 1.41229e+07 4.89265e+06 3.30391e+06
threshold=0.90000000000000013 1.0000000180025095e-35 4.9500000000000011 2176.2500000000005 11905.091666666669 -0.89391031859722869 3.8891100000000001
decision_type=2 2 2 2 2 2 2
left_child=1 3 -3 -1 5 -4 -7
right_child=-2 2 4 -5 -6 6 -8
leaf_value=30.788548117818884 25.81762449370099 -28.401844967426332 -9.2007768424022256 -9.3048691616839143 14.267637820646419 -7.4233261364043077 0.33979090807775425
leaf_weight=56 81 77 72 51 53 57 355
leaf_count=56 81 77 72 51 53 57 355
internal_value=1.18432 -1.59266 -3.91477 11.7059 -0.389672 -2.00257 -0.738831
internal_weight=802 721 614 107 537 484 412
internal_count=802 721 614 107 537 484 412
is_linear=0
shrinkage=0.03


Tree=182
num_leaves=11
num_cat=0
split_feature=14 8 20 26 8 14 30 21 21 4
split_gain=9.63713e+06 3.32058e+07 9.45743e+06 1.89732e+07 1.65476e+07 1.39532e+07 1.21958e+07 1.99104e+07 8.01204e+06 6.08721e+06
threshold=75.500000000000014 1.9500000000000002 12.470500000000001 9.8500000000000032 19.150000000000002 105.00000000000001 -0.56174490092936669 0.61666249807009432 0.77120858688302929 1011.2500000000001
decision_type=2 2 2 2 2 2 2 2 2 2
left_child=1 -1 3 5 8 -2 -6 -8 -4 -7
right_child=2 -3 4 -5 6 9 7 -9 -10 -11
leaf_value=-5.8622926912272106 -21.413943757667344 21.514361483584736 20.943325550670149 7.311425266296534 -12.078790328865541 -10.526070805437779 18.289244401687181 -5.5104925739639388 5.0258024564625536 0.78495558548586919
leaf_weight=80 58 79 52 93 70 79 50 85 63 93
leaf_count=80 58 79 52 93 70 79 50 85 63 93
internal_value=1.14898 7.75479 -0.48734 -4.10686 3.16651 -8.72737 -1.94464 3.32517 12.2591 -4.41945
internal_weight=802 159 643 323 320 230 205 135 115 172
internal_count=802 159 643 323 320 230 205 135 115 172
is_linear=0
shrinkage=0.03


Tree=183
num_leaves=8
num_cat=0
split_feature=1 1 1 11 24 24 28
split_gain=5.74866e+07 2.27366e+07 3.77878e+07 1.7519e+07 1.6054e+07 7.76914e+06 4.24401e+06
threshold=0.90000000000000013 1.0000000180025095e-35 0.36666666666666675 2.5000000000000004 11905.091666666669 4563.6583333333338 -0.49749486057528974
decision_type=2 2 2 2 2 2 2
left_child=1 3 -3 -1 5 -4 -7
right_child=-2 2 4 -5 -6 6 -8
leaf_value=23.826514802453111 25.029231865801933 -24.504328116665185 -13.608952943308045 -0.43842940687921506 14.842428933082269 3.3535580726681093 -3.2730597658495717
leaf_weight=51 81 70 53 56 51 119 321
leaf_count=51 81 70 53 56 51 119 321
internal_value=1.11471 -1.58122 -3.8062 11.1613 -1.13078 -2.79123 -1.47978
internal_weight=802 721 614 107 544 493 440
internal_count=802 721 614 107 544 493 440
is_linear=0
shrinkage=0.03


Tree=184
num_leaves=9
num_cat=0
split_feature=1 1 1 30 27 25 8 27
split_gain=5.41007e+07 2.13996e+07 3.55644e+07 1.64896e+07 4.59359e+06 4.69133e+06 1.6616e+06 1.58675e+06
threshold=0.90000000000000013 1.0000000180025095e-35 0.36666666666666675 -0.22252093395631442 -0.8779519545588893 7.7279550000000015 8.1500000000000004 0.30081702196488996
decision_type=2 2 2 2 2 2 2 2
left_child=1 3 -3 -1 -4 7 -7 -6
right_child=-2 2 4 -5 5 6 -8 -9
leaf_value=-0.42534687076114636 24.281126027687886 -23.772335299061847 -7.4899234691901624 23.115898705198052 -8.8147517311293129 5.5680376609090141 0.69135889365707348 -1.8557765225867582
leaf_weight=56 81 70 85 51 54 83 257 65
leaf_count=56 81 70 85 51 54 83 257 65
internal_value=1.08155 -1.53378 -3.69236 10.8284 -1.09684 0.0911647 1.88573 -5.02793
internal_weight=802 721 614 107 544 459 340 119
internal_count=802 721 614 107 544 459 340 119
is_linear=0
shrinkage=0.03


Tree=185
num_leaves=11
num_cat=0
split_feature=7 28 24 6 11 24 24 7 14 28
split_gain=2.91451e+07 4.08639e+07 3.22651e+07 1.71051e+07 1.67817e+07 2.43394e+07 1.39497e+07 9.34882e+06 7.6541e+06 4.5792e+06
threshold=16.750000000000004 0.25951179706979971 12018.519444444446 4.7500000000000009 4.5000000000000009 3390.0000000000005 3925.155555555556 25.050000000000004 208.00000000000003 0.89771014032557062
decision_type=2 2 2 2 2 2 2 2 2 2
left_child=1 -1 3 4 5 7 -3 -2 -7 -8
right_child=2 6 -4 -5 -6 8 9 -9 -10 -11
leaf_value=-32.909485454395742 -8.8778891642609548 -18.747864411431802 24.025557895682706 15.445123623114222 10.599203400179677 4.5277645765064447 3.5950623962960884 -27.094257841166002 -6.2120699030660678 -5.9803879159031386
leaf_weight=58 51 50 51 50 67 126 96 51 113 84
leaf_count=58 51 50 51 50 67 126 96 51 113 84
internal_value=-2.85237 -10.4738 1.46355 -1.06288 -3.0958 -5.79359 -4.78055 -18.0389 -0.551449 -0.875947
internal_weight=797 288 509 458 408 341 230 102 239 180
internal_count=797 288 509 458 408 341 230 102 239 180
is_linear=0
shrinkage=0.03


Tree=186
num_leaves=10
num_cat=0
split_feature=1 27 24 0 3 24 8 23 24
split_gain=3.04013e+07 8.93527e+07 5.21386e+07 5.64341e+07 5.04148e+07 9.29644e+06 5.60993e+06 2.27482e+06 2.12352e+06
threshold=0.45000000000000007 -0.28435655403991289 2510.0000000000005 487.30000000000007 69.700000000000003 9318.7500000000018 21.750000000000004 1.0000000180025095e-35 11401.388888888891
decision_type=2 2 2 2 2 2 2 2 2
left_child=1 -1 -2 -4 -3 6 7 -5 -7
right_child=2 4 3 5 -6 8 -8 -9 -10
leaf_value=18.039597753093101 -28.372825817388758 -6.5549990598285826 29.702022973333712 1.9682853423120188 -40.810143327607442 3.6144938462560878 -12.053784933924439 -3.51807384780744 11.362429123531518
leaf_weight=62 50 74 65 119 81 88 50 158 50
leaf_count=62 50 74 65 119 81 88 50 158 50
internal_value=-2.76727 -12.3379 0.817989 3.58635 -24.5004 -0.0810059 -2.83654 -1.16151 6.44034
internal_weight=797 217 580 530 155 465 327 277 138
internal_count=797 217 580 530 155 465 327 277 138
is_linear=0
shrinkage=0.03


Tree=187
num_leaves=11
num_cat=0
split_feature=1 20 20 24 0 28 24 25 28 24
split_gain=2.86102e+07 8.62642e+07 5.92971e+07 4.9075e+07 5.31138e+07 2.40424e+07 8.74965e+06 4.04129e+06 2.76524e+06 1.9989e+06
threshold=0.45000000000000007 10.309850000000003 16.062950000000001 2510.0000000000005 487.30000000000007 0.25951179706979971 9318.7500000000018 23.403580000000002 -0.2093068927635835 11401.388888888891
decision_type=2 2 2 2 2 2 2 2 2 2
left_child=1 5 -3 -2 -5 -1 7 8 -6 -8
right_child=3 2 -4 4 6 -7 9 -9 -10 -11
leaf_value=-46.945515270422753 -27.526717856693455 29.390203933569943 -13.629725673313645 28.815055661048127 3.2676996704159027 -17.548048746209396 3.5064274036675052 -9.696362561080818 -3.2628171016412248 11.02358937189546
leaf_weight=50 50 52 64 65 86 51 88 61 180 50
leaf_count=50 50 52 64 65 86 51 88 61 180 50
internal_value=-2.68455 -11.969 5.68106 0.793491 3.47929 -32.1973 -0.078548 -2.75182 -1.15011 6.24811
internal_weight=797 217 116 580 530 101 465 327 266 138
internal_count=797 217 116 580 530 101 465 327 266 138
is_linear=0
shrinkage=0.03


Tree=188
num_leaves=10
num_cat=0
split_feature=1 27 24 0 2 24 8 23 6
split_gain=2.69285e+07 8.30862e+07 4.61915e+07 4.99886e+07 4.56894e+07 8.23483e+06 5.05688e+06 2.04761e+06 1.9645e+06
threshold=0.45000000000000007 -0.28435655403991289 2510.0000000000005 487.30000000000007 9.8500000000000032 9318.7500000000018 21.750000000000004 1.0000000180025095e-35 2.6500000000000008
decision_type=2 2 2 2 2 2 2 2 2
left_child=1 -1 -2 -4 -3 6 7 -5 -7
right_child=2 4 3 5 -6 8 -8 -9 -10
leaf_value=17.680191112536676 -26.705841781813394 -37.330494143751942 27.954575404799549 1.8901097922473022 -4.391292870292836 10.191614207224339 -11.42063626486549 -3.3150326236681473 2.9501766796641209
leaf_weight=62 50 89 65 119 66 59 50 158 79
leaf_count=62 50 89 65 119 66 59 50 158 79
internal_value=-2.6045 -11.612 0.769781 3.37548 -23.3404 -0.0760968 -2.66953 -1.07923 6.06161
internal_weight=797 217 580 530 155 465 327 277 138
internal_count=797 217 580 530 155 465 327 277 138
is_linear=0
shrinkage=0.03


Tree=189
num_leaves=10
num_cat=0
split_feature=1 27 3 24 24 15 4 28 4
split_gain=2.53414e+07 7.83935e+07 4.74924e+07 4.34773e+07 1.44514e+07 6.47149e+06 1.18916e+07 3.27525e+06 3.13856e+06
threshold=0.45000000000000007 -0.34964421742355262 69.700000000000003 2510.0000000000005 12307.869444444446 1.0000000180025095e-35 1010.4500000000002 -0.91583036384466876 1010.7500000000001
decision_type=2 2 2 2 2 2 2 2 2
left_child=1 -1 -3 -2 5 7 -7 -5 -9
right_child=3 2 -4 4 -6 6 -8 8 -10
leaf_value=18.523831438094017 -25.909444935535102 -4.7583936908615536 -37.597036942451446 5.733091907914531 18.40814763743975 17.277734854416341 -0.80458661606985094 -5.7650926765414727 0.67443039578780628
leaf_weight=58 50 75 84 62 51 59 73 112 173
leaf_count=58 50 75 84 62 51 59 73 112 173
internal_value=-2.52662 -11.2646 -22.1453 0.746712 3.2747 1.65288 7.29845 -0.49914 -1.85956
internal_weight=797 217 159 580 530 479 132 347 285
internal_count=797 217 159 580 530 479 132 347 285
is_linear=0
shrinkage=0.03


Tree=190
num_leaves=12
num_cat=0
split_feature=1 22 24 2 4 24 22 7 24 24 4
split_gain=2.05021e+07 3.96857e+07 3.41574e+07 2.52521e+07 2.34701e+07 2.08603e+07 8.61291e+06 6.61304e+06 8.79748e+06 3.22912e+06 1.19908e+06
threshold=0.65000000000000013 -0.5 2820.0000000000005 4.5500000000000007 1012.5500000000001 11143.519444444446 -0.6830127018922193 16.950000000000003 7996.030555555556 8013.8888888888896 1016.85
decision_type=2 2 2 2 2 2 2 2 2 2 2
left_child=1 -1 -2 -3 -5 6 9 10 -9 -4 -8
right_child=2 3 5 4 -6 -7 7 8 -10 -11 -12
leaf_value=12.667673768016179 -21.20027997135432 -31.671516340072401 -10.745991203910426 -18.987151955608677 7.9451860298171919 20.375349627942267 -2.1623501940572787 4.0698408070699443 19.147438302637333 -0.56815731982358197 2.8249965619202375
leaf_weight=59 52 59 51 69 50 63 88 114 50 62 85
leaf_count=59 52 59 51 69 50 63 88 114 50 62 85
internal_value=-1.20956 -8.60972 1.89748 -15.6718 -7.67944 4.24981 1.98015 4.38288 8.69329 -5.17806 0.288677
internal_weight=802 237 565 178 119 513 450 337 164 113 173
internal_count=802 237 565 178 119 513 450 337 164 113 173
is_linear=0
shrinkage=0.03


Tree=191
num_leaves=12
num_cat=0
split_feature=6 11 6 2 3 3 27 7 6 6 27
split_gain=2.60208e+07 9.90814e+06 1.32155e+07 1.74183e+07 1.77357e+07 2.4045e+07 9.77182e+06 1.64542e+07 7.02608e+06 1.14454e+07 5.73162e+06
threshold=1.8500000000000003 3.5000000000000004 5.0500000000000007 11.800000000000002 78.550000000000011 51.050000000000004 -0.081675638985454949 15.850000000000003 3.5500000000000003 2.5500000000000003 -0.71461382420154484
decision_type=2 2 2 2 2 2 2 2 2 2 2
left_child=-1 2 3 4 5 -2 10 -8 9 -5 -3
right_child=1 6 -4 8 -6 -7 7 -9 -10 -11 -12
leaf_value=18.493947610440092 -24.621754930752182 2.464584003418528 8.5922685124861644 -5.3613983843384112 -28.201114049076349 0.27472744885842687 -3.5224791365831223 18.264823638751636 -9.6349410045524522 9.7670273561801899 -11.277291938606686
leaf_weight=56 52 57 57 95 52 105 58 67 66 85 52
leaf_count=56 52 57 57 95 52 105 58 67 66 85 52
internal_value=-1.17348 -2.65671 -4.99313 -6.6996 -13.0612 -8.00242 2.45528 8.17121 -1.28547 1.78689 -4.10405
internal_weight=802 746 512 455 209 157 234 125 246 180 109
internal_count=802 746 512 455 209 157 234 125 246 180 109
is_linear=0
shrinkage=0.03


Tree=192
num_leaves=9
num_cat=0
split_feature=6 1 7 24 0 6 24 24
split_gain=2.44913e+07 4.60368e+07 5.48904e+07 3.79524e+07 2.79069e+07 1.91408e+07 1.09434e+07 4.48143e+06
threshold=1.8500000000000003 0.29166666666666669 19.350000000000005 2510.0000000000005 487.30000000000007 2.9500000000000006 11574.075000000001 6385.9138888888901
decision_type=2 2 2 2 2 2 2 2
left_child=-1 2 -2 -3 5 -5 7 -6
right_child=1 3 -4 4 6 -7 -8 -9
leaf_value=17.942085621090172 -41.678877407516566 -22.005984711295334 -3.1410758465604465 4.9836551398598692 -6.6726288134508582 30.736704344702051 13.350765103061441 0.47204804236956566
leaf_weight=56 54 58 86 54 109 50 50 285
leaf_count=56 54 58 86 54 109 50 50 285
internal_value=-1.13855 -2.57753 -18.0631 1.00714 3.45356 17.4178 0.173082 -1.50808
internal_weight=802 746 140 606 548 104 444 394
internal_count=802 746 140 606 548 104 444 394
is_linear=0
shrinkage=0.03


Tree=193
num_leaves=12
num_cat=0
split_feature=1 27 27 27 1 27 21 7 2 4 2
split_gain=1.82718e+07 3.88708e+07 2.98429e+07 3.46913e+07 1.10111e+07 2.78823e+06 4.38613e+06 1.74882e+06 1.36602e+06 1.06227e+06 702119
threshold=0.65000000000000013 -0.5416228050394748 0.26781182513105634 0.88606241628642846 1.2500000000000002 -0.081675638985454949 0.81725822795071357 18.150000000000002 6.7500000000000009 1005.7500000000001 18.350000000000005
decision_type=2 2 2 2 2 2 2 2 2 2 2
left_child=1 -1 -3 -4 5 6 9 8 -7 -2 -8
right_child=4 2 3 -5 -6 7 10 -9 -10 -11 -12
leaf_value=13.957104388300808 -9.3697784609481243 -32.471558227277328 10.204961366573031 -21.497428523249138 13.315290775806117 3.2340597016333335 4.1599952080107512 5.6263149829645531 -2.447271156519204 -3.3617686041684176 -0.1723115715035696
leaf_weight=55 56 58 59 65 66 79 55 99 73 51 86
leaf_count=55 56 58 59 65 66 79 55 99 73 51 86
internal_value=-1.10446 -8.09053 -14.7653 -6.42493 1.8287 0.302325 -1.95251 2.52992 0.506021 -6.52364 1.52278
internal_weight=802 237 182 124 565 499 248 251 152 107 141
internal_count=802 237 182 124 565 499 248 251 152 107 141
is_linear=0
shrinkage=0.03


Tree=194
num_leaves=8
num_cat=0
split_feature=0 24 0 1 0 24 24
split_gain=1.74429e+07 3.48248e+07 4.16772e+07 1.74828e+07 2.18911e+07 1.81688e+07 4.07896e+06
threshold=2.1500000000000004 1702.5000000000002 1241.5500000000004 0.45000000000000007 487.30000000000007 11672.222222222224 6385.9138888888901
decision_type=2 2 2 2 2 2 2
left_child=-1 2 -2 -3 -5 6 -6
right_child=1 3 -4 4 5 -7 -8
leaf_value=12.380143867580371 -35.122628263373798 -15.806896183879916 -1.2590955922385678 20.085142333874003 -6.4600470226978732 17.229376037618515 0.0039024209380722407
leaf_weight=78 59 53 73 55 122 50 312
leaf_count=78 59 53 73 55 122 50 312
internal_value=-1.07154 -2.52529 -16.4405 0.584152 2.2038 0.160629 -1.81634
internal_weight=802 724 132 592 539 484 434
internal_count=802 724 132 592 539 484 434
is_linear=0
shrinkage=0.03


Tree=195
num_leaves=9
num_cat=0
split_feature=1 24 3 24 0 27 24 14
split_gain=3.1568e+07 6.73057e+07 5.84663e+07 3.13794e+07 2.2641e+07 4.27093e+06 5.59567e+06 2.1413e+06
threshold=0.29166666666666669 13351.85277777778 75.700000000000003 2510.0000000000005 617.80000000000007 0.30901413279605805 6586.1111111111122 115.00000000000001
decision_type=2 2 2 2 2 2 2 2
left_child=2 3 -1 -2 -5 6 -6 -7
right_child=1 -3 -4 4 5 7 -8 -9
leaf_value=3.9435100521991018 -21.837962020074496 35.603352430582518 -33.024634797488304 15.507254189323604 -12.383503157120813 0.49185575739915804 -1.3392487500984844 7.5402543985777797
leaf_weight=85 56 50 70 89 50 136 231 54
leaf_count=85 56 50 70 89 50 136 231 54
internal_value=-0.603002 2.23621 -12.7833 -0.48816 1.65735 -0.967905 -3.31556 2.50386
internal_weight=821 666 155 616 560 471 281 190
internal_count=821 666 155 616 560 471 281 190
is_linear=0
shrinkage=0.03


Tree=196
num_leaves=10
num_cat=0
split_feature=24 4 4 24 24 0 14 0 24
split_gain=2.09157e+07 1.7192e+07 1.07947e+07 2.95509e+07 2.57798e+07 1.19544e+07 8.53165e+06 5.10734e+06 4.72248e+06
threshold=14708.333333333334 997.25000000000011 1009.4500000000002 2578.7888888888892 1.0000000180025095e-35 51.800000000000004 234.50000000000003 1598.4000000000003 6542.3277777777776
decision_type=2 2 2 2 2 2 2 2 2
left_child=1 -1 4 -4 -3 -5 8 -7 -6
right_child=-2 2 3 5 6 7 -8 -9 -10
leaf_value=-17.94758975203602 17.773209463086683 20.349908616017053 -23.799250457524003 -14.028209343790772 -3.2245108296686174 10.503622804266321 -9.0283853522479767 -0.0024329260381548254 6.9263203117648571
leaf_weight=55 52 65 57 50 68 50 78 242 104
leaf_count=55 52 65 57 50 68 50 78 242 104
internal_value=-0.584972 -1.83282 -0.584453 -3.86071 3.56517 -0.51965 -0.817984 1.80545 2.91452
internal_weight=821 769 714 399 315 342 250 292 172
internal_count=821 769 714 399 315 342 250 292 172
is_linear=0
shrinkage=0.03


Tree=197
num_leaves=10
num_cat=0
split_feature=24 4 4 24 24 0 24 23 0
split_gain=1.96866e+07 1.61812e+07 1.01597e+07 2.78134e+07 2.42633e+07 1.1252e+07 7.04833e+06 7.68318e+06 4.80727e+06
threshold=14708.333333333334 997.25000000000011 1009.4500000000002 2578.7888888888892 1.0000000180025095e-35 51.800000000000004 10030.555555555557 -0.68301270189221952 1598.4000000000003
decision_type=2 2 2 2 2 2 2 2 2
left_child=1 -1 4 -4 -3 -5 7 -6 -7
right_child=-2 2 3 5 6 8 -8 -9 -10
leaf_value=-17.412082879944261 17.243071437857576 19.742216299445488 -23.089010916867181 -13.609873516772899 3.9137462647549839 10.190393768314339 7.7713597759080715 -8.5855419107966533 -0.0023600206525671149
leaf_weight=55 52 65 57 50 72 50 64 114 242
leaf_count=55 52 65 57 50 72 50 64 114 242
internal_value=-0.56756 -1.77819 -0.567075 -3.74551 3.45864 -0.504153 -0.793636 -3.74855 1.75161
internal_weight=821 769 714 399 315 342 250 186 292
internal_count=821 769 714 399 315 342 250 186 292
is_linear=0
shrinkage=0.03


Tree=198
num_leaves=9
num_cat=0
split_feature=1 3 27 1 3 4 28 5
split_gain=3.07805e+07 5.52075e+07 2.03818e+07 6.0941e+06 5.05798e+06 2.51505e+06 4.81998e+06 2.43594e+06
threshold=0.29166666666666669 75.700000000000003 0.94970904815366264 0.65000000000000013 85.050000000000011 1010.6500000000002 -0.87792756428346708 14.550000000000002
decision_type=2 2 2 2 2 2 2 2
left_child=1 -1 3 -2 5 6 -5 -7
right_child=2 -3 -4 4 -6 7 -8 -9
leaf_value=3.6764353209447473 -8.791435096018855 -32.247072457738142 15.337663418872125 5.2404723823134054 9.016684359481836 4.006449977135019 -4.9987804915442799 -2.9434995378366691
leaf_weight=85 61 70 92 56 65 175 156 61
leaf_count=85 61 70 92 56 65 175 156 61
internal_value=-0.550575 -12.578 2.25299 0.148858 1.21647 0.0794431 -2.29045 2.20857
internal_weight=821 155 666 574 513 448 212 236
internal_count=821 155 666 574 513 448 212 236
is_linear=0
shrinkage=0.03


Tree=199
num_leaves=9
num_cat=0
split_feature=1 24 2 24 0 23 24 27
split_gain=2.8969e+07 6.0136e+07 3.9679e+07 2.71219e+07 2.23236e+07 3.75225e+06 4.54713e+06 982779
threshold=0.29166666666666669 13351.85277777778 12.100000000000001 2510.0000000000005 487.30000000000007 -0.68301270189221952 7475.0000000000009 0.24284747324344283
decision_type=2 2 2 2 2 2 2 2
left_child=2 3 -1 -2 -5 7 -7 -6
right_child=1 -3 -4 4 5 6 -8 -9
leaf_value=-24.236916928286316 -20.238283892101336 33.725515283239524 6.8781560194195803 15.934587560793361 1.3065118474047803 -6.4914441629780475 0.3106787817580226 7.1701933811199128
leaf_weight=95 56 50 60 83 53 143 231 50
leaf_count=95 56 50 60 83 53 143 231 50
internal_value=-0.534185 2.18562 -12.2023 -0.389588 1.60504 -0.896793 -2.29323 4.1656
internal_weight=821 666 155 616 560 477 374 103
internal_count=821 666 155 616 560 477 374 103
is_linear=0
shrinkage=0.03


Tree=200
num_leaves=10
num_cat=0
split_feature=1 24 2 1 24 24 27 2 27
split_gain=4.76963e+07 1.68104e+07 1.29678e+07 2.68518e+07 2.39083e+07 1.1657e+07 4.29984e+06 3.98367e+06 2.6635e+06
threshold=1.2500000000000002 14708.333333333334 4.6500000000000012 0.29166666666666669 2040.0000000000002 6020.3694444444454 0.39753913293121995 15.797000000000002 0.47491148900577046
decision_type=2 2 2 2 2 2 2 2 2
left_child=1 2 3 -1 -4 8 -5 -7 -6
right_child=-2 -3 4 6 5 7 -8 -9 -10
leaf_value=-27.335937470458116 23.63411029278469 13.689286389204305 16.840081693391038 -7.6865124656020791 -16.823755626901548 -2.8443534698539228 1.8742583681809011 4.4349601476824176 -7.1169255445564232
leaf_weight=56 70 55 61 95 51 189 76 105 52
leaf_count=56 70 55 61 95 51 189 76 105 52
internal_value=0.0191816 -2.22332 -3.50642 -9.36442 -0.59876 -3.28899 -3.44139 -0.242697 -11.9582
internal_weight=810 740 685 227 458 397 171 294 103
internal_count=810 740 685 227 458 397 171 294 103
is_linear=0
shrinkage=0.03


Tree=201
num_leaves=10
num_cat=0
split_feature=1 24 0 2 25 24 1 14 4
split_gain=4.48894e+07 1.58221e+07 2.55089e+07 7.97697e+07 1.11674e+07 2.71083e+07 1.89068e+07 3.4449e+06 366149
threshold=1.2500000000000002 14708.333333333334 487.30000000000007 4.6500000000000012 10.20302 7260.5833333333339 0.65000000000000013 187.50000000000003 1017.2000000000002
decision_type=2 2 2 2 2 2 2 2 2
left_child=1 2 3 -1 5 -4 -6 -8 -7
right_child=-2 -3 4 -5 6 8 7 -9 -10
leaf_value=-44.848937004953918 22.928112679233251 13.280836058025118 -25.617224774180539 4.0999609914602537 16.367617513787867 -0.59563968195279982 2.650686207084628 -3.5246925150853694 2.8855782323886099
leaf_weight=50 70 55 50 74 68 59 139 195 50
leaf_count=50 70 55 50 74 68 59 139 195 50
internal_value=0.018591 -2.15693 -3.40174 -15.698 -0.676889 -7.39939 1.98552 -0.9546 1.0047
internal_weight=810 740 685 124 561 159 402 334 109
internal_count=810 740 685 124 561 159 402 334 109
is_linear=0
shrinkage=0.03


Tree=202
num_leaves=10
num_cat=0
split_feature=24 3 24 26 24 24 4 15 21
split_gain=1.97337e+07 4.21914e+07 5.56716e+07 2.02549e+07 1.19552e+07 9.25041e+06 4.80903e+06 3.87246e+06 3.64428e+06
threshold=4815.7416666666677 75.350000000000009 1.0000000180025095e-35 9.8500000000000032 10078.705555555556 13296.297222222223 999.45000000000016 1.0000000180025095e-35 0.69711621129326062
decision_type=2 2 2 2 2 2 2 2 2
left_child=1 2 -1 5 -5 6 -2 8 -8
right_child=3 -3 -4 4 -6 -7 7 -9 -10
leaf_value=24.302413009718229 10.406945369787383 -23.548183452012424 -13.766832216943497 5.402380846177949 25.344988124811387 -11.150504295118749 -5.5675498634696803 6.1090358053122191 1.5225272050946181
leaf_weight=61 51 89 79 59 50 56 104 87 174
leaf_count=61 51 89 79 59 50 56 104 87 174
internal_value=0.0178961 -7.43491 2.83691 2.95774 14.5949 0.262763 1.80611 0.596769 -1.13299
internal_weight=810 229 140 581 109 472 416 365 278
internal_count=810 229 140 581 109 472 416 365 278
is_linear=0
shrinkage=0.03


Tree=203
num_leaves=10
num_cat=0
split_feature=0 0 2 3 9 0 0 11 23
split_gain=2.48396e+07 1.90018e+07 9.20868e+06 3.88061e+07 1.82767e+07 1.68732e+07 1.27669e+07 3.54346e+06 3.4488e+06
threshold=1.3000000000000003 4.9500000000000011 9.1500000000000004 78.950000000000017 0.15000000000000005 251.45000000000002 2375.1000000000004 1.0000000180025095e-35 -0.24999999999999994
decision_type=2 2 2 2 2 2 2 2 2
left_child=-1 -2 3 4 6 -4 -3 -7 -9
right_child=1 2 5 -5 -6 7 -8 8 -10
leaf_value=19.058909720375897 -19.243467763517771 -9.3635528621835213 18.600564169218163 -23.305726723730317 17.745745678505703 -6.4653995003126052 8.1974055271888471 5.0090183708721527 -1.3069040955711542
leaf_weight=57 50 100 52 72 51 57 59 146 166
leaf_count=57 50 100 52 72 51 57 59 146 166
internal_value=0.0175712 -1.43081 -0.156225 -4.34891 2.17451 2.65325 -2.844 0.392623 1.65057
internal_weight=810 753 703 282 210 421 159 369 312
internal_count=810 753 703 282 210 421 159 369 312
is_linear=0
shrinkage=0.03


Tree=204
num_leaves=11
num_cat=0
split_feature=1 0 21 21 4 25 21 11 6 2
split_gain=4.31735e+07 1.33561e+07 7.80508e+07 3.81795e+07 1.19372e+07 1.72521e+07 2.46212e+07 5.78116e+06 4.20762e+06 5.5957e+06
threshold=1.2500000000000002 487.30000000000007 0.45059921962095878 0.90900537634408607 997.85000000000002 17.724960000000006 0.58889513108614244 3.5000000000000004 4.1500000000000012 9.1500000000000004
decision_type=2 2 2 2 2 2 2 2 2 2
left_child=1 2 -1 -4 -3 8 -7 -8 9 -6
right_child=-2 4 3 -5 5 6 7 -9 -10 -11
leaf_value=-37.654649828326846 22.484538194919548 -13.86000720579629 22.606572348288065 -12.182432929233732 -9.8350658743604935 26.306569608229527 -1.4952602660540237 10.487430227424595 2.7739862837196148 -0.35062623075501081
leaf_weight=58 70 50 56 57 116 50 113 53 79 108
leaf_count=58 70 50 56 57 116 50 113 53 79 108
internal_value=0.0171428 -2.11639 -9.46042 5.07226 0.0944972 1.44611 7.91857 2.3425 -3.17116 -5.26884
internal_weight=810 740 171 113 569 519 216 166 303 224
internal_count=810 740 171 113 569 519 216 166 303 224
is_linear=0
shrinkage=0.03


Tree=205
num_leaves=11
num_cat=0
split_feature=1 4 7 21 5 10 11 1 1 24
split_gain=3.17473e+07 1.26868e+07 3.23119e+07 2.17833e+07 1.99261e+07 4.96687e+07 1.18622e+07 1.8189e+07 1.31259e+07 6.87814e+06
threshold=1.2500000000000002 1015.2500000000001 16.350000000000005 0.54519255050505067 3.4500000000000006 3.5000000000000004 1.5000000000000002 0.14583333333333334 0.45000000000000007 9883.3333333333339
decision_type=2 2 2 2 2 2 2 2 2 2
left_child=1 2 3 -1 -3 -6 8 -8 -4 -9
right_child=-2 4 6 -5 5 -7 7 9 -10 -11
leaf_value=-4.736610651964333 18.980350072299093 -10.442294387767454 18.651594745491892 -31.614992693517465 33.957571372762757 -3.4120248747151458 -20.078709396161909 -4.0648284209596426 -0.55845122125113678 7.4516040994153867
leaf_weight=51 70 57 50 58 51 85 53 152 88 67
leaf_count=51 70 57 50 58 51 85 53 152 88 67
internal_value=-0.253252 -2.15141 -4.59286 -19.0865 4.41084 10.6454 -0.72852 -4.36201 6.42701 -0.536121
internal_weight=782 712 519 109 193 136 410 272 138 219
internal_count=782 712 519 109 193 136 410 272 138 219
is_linear=0
shrinkage=0.03


Tree=206
num_leaves=11
num_cat=0
split_feature=1 4 7 27 27 20 11 1 1 24
split_gain=2.98787e+07 1.19412e+07 3.04126e+07 2.70533e+07 2.08381e+07 2.29102e+07 1.11649e+07 1.71545e+07 1.23547e+07 6.92083e+06
threshold=1.2500000000000002 1015.2500000000001 16.350000000000005 0.64534213713577271 0.13301347478292308 4.3739000000000017 1.5000000000000002 0.22500000000000003 0.45000000000000007 9883.3333333333339
decision_type=2 2 2 2 2 2 2 2 2 2
left_child=1 2 3 -1 -3 -6 8 -8 -4 -9
right_child=-2 4 6 -5 5 -7 7 9 -10 -11
leaf_value=-4.7098991913859809 18.41336977425544 -6.5893740742927562 18.095383992887161 -34.683659683136533 -0.25558626493967895 27.61447217796281 -18.817474510632259 -3.8474565171974824 -0.54175461286056625 7.9015370656098041
leaf_weight=59 70 87 50 50 55 51 57 151 88 64
leaf_count=59 70 87 50 50 55 51 57 151 88 64
internal_value=-0.245608 -2.08705 -4.45568 -18.5169 4.27945 13.1936 -0.706634 -4.2317 6.23537 -0.343903
internal_weight=782 712 519 109 193 106 410 272 138 215
internal_count=782 712 519 109 193 106 410 272 138 215
is_linear=0
shrinkage=0.03


Tree=207
num_leaves=11
num_cat=0
split_feature=1 4 7 21 5 10 11 0 1 7
split_gain=2.81201e+07 1.12398e+07 2.86262e+07 2.00218e+07 1.82351e+07 4.55389e+07 1.05084e+07 2.35529e+07 1.16288e+07 5.3795e+06
threshold=1.2500000000000002 1015.2500000000001 16.350000000000005 0.54519255050505067 3.4500000000000006 3.5000000000000004 1.5000000000000002 1191.4500000000003 0.45000000000000007 26.950000000000003
decision_type=2 2 2 2 2 2 2 2 2 2
left_child=1 2 3 -1 -3 -6 8 -8 -4 -9
right_child=-2 4 6 -5 5 -7 7 9 -10 -11
leaf_value=-4.2094734014544573 17.863325892892025 -10.056715675274116 17.555759680124211 -29.975593263796224 32.438287248778757 -3.3438259850945524 -16.033602954947686 -0.89163552079093134 -0.52555717513083333 10.711586814960002
leaf_weight=51 70 57 50 58 51 85 96 126 88 50
leaf_count=51 70 57 50 58 51 85 96 126 88 50
internal_value=-0.23821 -2.02464 -4.32265 -17.9646 4.15203 10.1163 -0.685373 -4.10524 6.04945 2.4173
internal_weight=782 712 519 109 193 136 410 272 138 176
internal_count=782 712 519 109 193 136 410 272 138 176
is_linear=0
shrinkage=0.03


Tree=208
num_leaves=12
num_cat=0
split_feature=7 27 27 27 11 3 26 24 11 7 3
split_gain=8.97311e+06 2.72687e+07 1.88731e+07 1.81156e+07 1.54452e+07 1.22235e+07 9.43639e+06 7.76048e+06 4.17975e+06 3.35577e+06 868434
threshold=15.350000000000003 0.97692944606901266 0.61866567420209762 0.26781182513105634 1.5000000000000002 68.450000000000017 8.1500000000000039 1782.8571428571431 3.5000000000000004 26.250000000000004 77.850000000000009
decision_type=2 2 2 2 2 2 2 2 2 2 2
left_child=2 4 3 6 5 -2 -1 -6 9 -9 -10
right_child=1 -3 -4 -5 7 -7 -8 8 10 -11 -12
leaf_value=2.6252892229101983 18.892725878453813 23.021901851259692 -15.326627960442753 16.399408496227228 -13.555826558895641 1.2798666065409103 -14.915700242742156 -1.531403366245855 4.7396741596904945 -11.001174783812044 -0.47724749508245329
leaf_weight=61 55 50 96 50 61 99 50 89 67 54 50
leaf_count=61 55 50 96 50 61 99 50 89 67 54 50
internal_value=-0.230909 2.01739 -4.82077 1.46039 -0.206727 7.59473 -5.29488 -3.95311 -1.6871 -5.12301 2.51463
internal_weight=782 525 257 161 475 154 111 321 260 143 117
internal_count=782 525 257 161 475 154 111 321 260 143 117
is_linear=0
shrinkage=0.03


Tree=209
num_leaves=11
num_cat=0
split_feature=1 4 7 27 27 20 24 3 4 2
split_gain=2.6506e+07 1.06815e+07 2.63249e+07 2.43606e+07 1.86621e+07 2.08813e+07 9.34258e+06 8.54744e+06 1.32412e+07 1.0971e+07
threshold=1.2500000000000002 1015.2500000000001 16.350000000000005 0.64534213713577271 0.13301347478292308 4.3739000000000017 12168.980555555558 74.850000000000009 1009.0500000000001 14.150000000000002
decision_type=2 2 2 2 2 2 2 2 2 2
left_child=1 2 3 -1 -3 -6 7 8 -4 -9
right_child=-2 4 6 -5 5 -7 -8 9 -10 -11
leaf_value=-4.1804510195138693 17.350465511678802 -6.2227018779331873 7.8968542738660537 -32.621482194934636 -0.34043093057049556 26.266474050778395 11.401540288946501 -18.442095075825588 -9.4018014025889212 -2.2182680363816161
leaf_weight=59 70 87 121 50 55 51 50 53 59 127
leaf_count=59 70 87 121 50 55 51 50 53 59 127
internal_value=-0.223865 -1.95827 -4.19848 -17.2806 4.06303 12.4989 -0.710432 -2.40077 2.22048 -7.01807
internal_weight=782 712 519 109 193 106 410 360 180 180
internal_count=782 712 519 109 193 106 410 360 180 180
is_linear=0
shrinkage=0.03


Tree=210
num_leaves=13
num_cat=0
split_feature=0 24 0 24 2 27 3 29 0 29 24 21
split_gain=2.01412e+07 1.41093e+07 1.34865e+07 3.83257e+07 1.35269e+07 2.52762e+07 1.13778e+07 1.14898e+07 1.1393e+07 5.37986e+06 1.46364e+07 903094
threshold=1.3000000000000003 8476.1111111111131 756.05000000000007 1580.0000000000002 5.0500000000000007 0.28433548840379819 83.200000000000003 0.6078576107927941 1211.4000000000003 -1.0000000180025095e-35 4762.8972222222228 0.6240183709606022
decision_type=2 2 2 2 2 2 2 2 2 2 2 2
left_child=-1 2 3 -2 5 -4 7 8 -3 -6 -11 -10
right_child=1 6 4 -5 9 -7 -8 -9 11 10 -12 -13
leaf_value=19.135458571249849 -31.887744902351031 -12.85395391315169 23.918546922137164 2.1372320646933938 2.7961352511787156 -4.9681678417984463 17.51152333300972 13.269212500710667 1.1469122887795298 -19.037102895579089 -0.91369680607213377 6.8488052314318439
leaf_weight=52 50 56 51 73 74 58 55 61 50 59 124 50
leaf_count=52 50 56 51 73 74 58 55 61 50 59 124 50
internal_value=1.12684 -0.110749 -3.15683 -11.7379 -0.265746 8.5761 5.36289 2.26378 -2.05678 -4.02145 -6.77841 4.00991
internal_weight=813 761 489 123 366 109 272 217 156 257 183 100
internal_count=813 761 489 123 366 109 272 217 156 257 183 100
is_linear=0
shrinkage=0.03


Tree=211
num_leaves=10
num_cat=0
split_feature=1 14 20 1 3 1 4 2 10
split_gain=1.88416e+07 1.62142e+07 1.94145e+07 6.49226e+07 1.17762e+07 2.77145e+07 9.91687e+06 6.84129e+06 1.08588e+06
threshold=0.90000000000000013 34.000000000000007 7.6419750000000013 0.36666666666666675 84.200000000000003 0.097222222222222224 1003.85 13.450000000000001 3.5000000000000004
decision_type=2 2 2 2 2 2 2 2 2
left_child=1 -1 3 -3 5 -4 -6 -7 -5
right_child=-2 2 4 8 6 7 -8 -9 -10
leaf_value=13.754691214669345 15.083253911336262 -38.669476088139042 21.257078210605496 -2.9280540379353881 -15.459175330656363 7.5075813546394503 2.6218893684985303 -2.9023145863203674 2.0068224028325643
leaf_weight=66 78 51 70 68 57 80 52 194 97
leaf_count=66 78 51 70 68 57 80 52 194 97
internal_value=1.09323 -0.396963 -1.79864 -9.19309 1.73092 4.45342 -6.84974 0.141925 -0.0285134
internal_weight=813 735 669 216 453 344 109 274 165
internal_count=813 735 669 216 453 344 109 274 165
is_linear=0
shrinkage=0.03


Tree=212
num_leaves=10
num_cat=0
split_feature=0 7 0 2 21 29 27 29 21
split_gain=1.93573e+07 1.10397e+07 1.27564e+07 2.29617e+07 1.40732e+07 1.92025e+07 1.26111e+07 7.971e+06 8.31166e+06
threshold=1.3000000000000003 9.5500000000000025 680.05000000000007 9.2500000000000018 0.55359574468085126 -1.0000000180025095e-35 0.26781182513105634 -1.0000000180025095e-35 0.70356536525829327
decision_type=2 2 2 2 2 2 2 2 2
left_child=-1 6 3 -3 5 -4 -2 -6 -9
right_child=1 2 4 -5 7 -7 -8 8 -10
leaf_value=18.715134287263421 -1.0033536711606112 -20.640515808748557 -4.8913028118139987 1.2977551361796489 4.5928655490331272 17.000862988940039 19.3067424029921 -16.432462239829498 -2.6320110326122723
leaf_weight=52 58 78 59 95 97 92 52 50 180
leaf_count=52 58 78 59 95 97 92 52 50 180
internal_value=1.06046 -0.152794 -1.63914 -8.61204 0.888331 8.45417 8.6241 -2.60989 -5.64965
internal_weight=813 761 651 173 478 151 110 327 230
internal_count=813 761 651 173 478 151 110 327 230
is_linear=0
shrinkage=0.03


Tree=213
num_leaves=10
num_cat=0
split_feature=1 22 1 1 24 3 24 21 2
split_gain=1.80181e+07 1.81806e+07 4.72828e+07 3.76228e+07 9.12945e+06 9.00845e+06 4.70216e+06 6.23331e+06 3.00907e+06
threshold=0.90000000000000013 0.68301270189221941 0.29166666666666669 1.0000000180025095e-35 12168.980555555558 79.700000000000003 4815.7416666666677 0.65135923550861319 6.3500000000000005
decision_type=2 2 2 2 2 2 2 2 2
left_child=1 3 -3 -1 6 8 -5 -8 -4
right_child=-2 2 5 4 -6 -7 7 -9 -10
leaf_value=19.545641187626252 14.709694334446697 -32.568360189288342 0.99236447872271838 -11.354085585499368 10.250108883762886 10.610183971918117 -6.9070954556005217 1.7437282598619854 -8.8143466377156336
leaf_weight=96 78 52 50 51 54 51 121 196 64
leaf_count=96 78 52 50 51 54 51 121 196 64
internal_value=1.02881 -0.428433 -7.7122 2.62555 -1.23469 0.166097 -2.92697 -1.5617 -4.52176
internal_weight=813 735 217 518 422 165 368 317 114
internal_count=813 735 217 518 422 165 368 317 114
is_linear=0
shrinkage=0.03


Tree=214
num_leaves=12
num_cat=0
split_feature=0 24 26 24 21 1 29 0 28 21 14
split_gain=1.84158e+07 1.40787e+07 1.32581e+07 3.2783e+07 1.62873e+07 7.83582e+06 7.24484e+06 5.22761e+06 3.20796e+06 3.20539e+06 617230
threshold=1.3000000000000003 8476.1111111111131 7.9000000000000004 1580.0000000000002 0.59447822655857674 0.65000000000000013 1.0000000180025095e-35 1253.4000000000003 -0.04732138832243208 0.62171717171717178 284.00000000000006
decision_type=2 2 2 2 2 2 2 2 2 2 2
left_child=-1 2 4 -4 -2 -3 -6 -7 -5 -9 -10
right_child=1 5 3 8 6 7 -8 9 10 -11 -12
leaf_value=18.217900883691033 11.348855815041102 -4.1722199639682866 -27.996869650197887 4.071183244220741 2.3090210776142377 16.467683925988897 -9.7689615044088463 0.88352458962606717 -7.0809589066782772 9.3597276416333592 -2.4184167028848029
leaf_weight=52 93 61 58 56 84 50 95 76 53 85 50
leaf_count=52 93 61 58 56 84 50 95 76 53 85 50
internal_value=0.997929 -0.185435 -3.22819 -8.75325 1.18442 5.28231 -4.10665 8.0177 -1.694 5.36768 -4.83127
internal_weight=813 761 489 217 272 272 179 211 159 161 103
internal_count=813 761 489 217 272 272 179 211 159 161 103
is_linear=0
shrinkage=0.03


Tree=215
num_leaves=9
num_cat=0
split_feature=0 24 0 0 0 24 27 24
split_gain=1.87297e+07 4.06108e+07 8.80079e+07 1.20039e+07 3.06626e+07 7.8558e+06 4.06916e+06 2.16869e+06
threshold=2.1500000000000004 1610.0000000000002 1241.5500000000004 7.9000000000000012 487.30000000000007 9376.3888888888905 0.14153898451656996 11401.388888888891
decision_type=2 2 2 2 2 2 2 2
left_child=-1 2 -2 -3 -5 6 -6 -7
right_child=1 3 -4 4 5 7 -8 -9
leaf_value=14.085081334081547 -47.130471850189153 -12.713816013222424 3.4206365989795056 20.285008639851839 -6.0300329627348432 3.011206506229692 0.47823589489979662 10.589395763073005
leaf_weight=73 52 50 76 76 166 106 180 50
leaf_count=73 52 50 76 76 166 106 180 50
internal_value=-0.394364 -1.79756 -17.1779 1.34398 2.56603 -0.127023 -2.64672 5.45583
internal_weight=829 756 128 628 578 502 346 156
internal_count=829 756 128 628 578 502 346 156
is_linear=0
shrinkage=0.03


Tree=216
num_leaves=12
num_cat=0
split_feature=1 4 8 27 1 30 24 28 8 14 3
split_gain=1.87379e+07 1.58324e+07 3.80743e+07 3.32445e+07 1.60706e+07 4.20992e+07 1.03856e+07 5.54292e+06 3.08774e+06 2.53299e+06 2.0614e+06
threshold=1.2500000000000002 1015.2500000000001 4.5500000000000007 -0.42885619348140602 0.36666666666666675 -0.56174490092936669 4604.166666666667 -0.43663505800854857 8.3000000000000025 175.50000000000003 63.050000000000004
decision_type=2 2 2 2 2 2 2 2 2 2 2
left_child=1 4 10 -4 5 -1 -6 9 -9 -8 -3
right_child=-2 2 3 -5 6 -7 7 8 -10 -11 -12
leaf_value=-32.976845556129334 14.43499345380585 -3.2586179804564943 1.2164295574969375 35.767403951762446 -13.93134351006085 -0.66425703434785677 10.371196000171684 1.3894423940303138 -6.0811031397557986 2.1895979862968242 -11.887609984263275
leaf_weight=57 70 50 50 50 50 99 51 92 108 102 50
leaf_count=57 70 50 50 50 50 99 51 92 108 102 50
internal_value=-0.382684 -1.75444 5.48389 18.5473 -4.34575 -12.5115 -1.17785 0.63886 -2.64767 4.93181 -7.59586
internal_weight=829 759 200 100 559 156 403 353 200 153 100
internal_count=829 759 200 100 559 156 403 353 200 153 100
is_linear=0
shrinkage=0.03


Tree=217
num_leaves=9
num_cat=0
split_feature=0 24 0 0 0 24 8 21
split_gain=1.77941e+07 3.74401e+07 8.37609e+07 1.10105e+07 2.84059e+07 7.46079e+06 3.50227e+06 2.05937e+06
threshold=2.1500000000000004 1610.0000000000002 1241.5500000000004 7.9000000000000012 487.30000000000007 9376.3888888888905 21.350000000000005 0.71518782570317951
decision_type=2 2 2 2 2 2 2 2
left_child=-1 2 -2 -3 -5 6 -6 -7
right_child=1 3 -4 4 5 7 -8 -9
leaf_value=13.741926047401895 -45.727684705453434 -12.186110593518965 3.5877885080540013 19.502356719920709 -1.2689414853060856 2.5208452339912886 -9.4474748282153058 9.5856532147580218
leaf_weight=73 52 50 76 76 290 95 56 61
leaf_count=73 52 50 76 76 290 95 56 61
internal_value=-0.37124 -1.73894 -16.5066 1.27746 2.44787 -0.144178 -2.5997 5.29652
internal_weight=829 756 128 628 578 502 346 156
internal_count=829 756 128 628 578 502 346 156
is_linear=0
shrinkage=0.03


Tree=218
num_leaves=10
num_cat=0
split_feature=1 21 21 1 7 22 5 9 6
split_gain=1.79619e+07 1.42511e+07 3.98602e+07 3.45239e+07 2.34137e+07 1.66272e+07 1.54354e+07 3.30429e+06 2.0525e+06
threshold=1.2500000000000002 1.0000000180025095e-35 0.62902056224899605 0.22500000000000003 24.850000000000005 0.93301270189221952 14.350000000000003 6.4500000000000002 3.8500000000000001
decision_type=2 2 2 2 2 2 2 2 2
left_child=1 4 -3 -4 6 7 8 -5 -1
right_child=-2 2 3 5 -6 -7 -8 -9 -10
leaf_value=-5.2333200094297334 14.147313358040995 24.442400755088897 -21.918874455016123 0.15482042861647757 -24.319224142267608 16.26380954019406 10.104898951725051 -8.1721803513317415 -13.242643995379833
leaf_weight=69 70 58 66 291 58 58 59 50 50
leaf_count=69 70 58 66 291 58 58 59 50 50
internal_value=-0.360316 -1.70338 1.05865 -1.8719 -7.81792 1.4581 -2.40916 -1.07223 -8.6235
internal_weight=829 759 523 465 236 399 178 341 119
internal_count=829 759 523 465 236 399 178 341 119
is_linear=0
shrinkage=0.03


Tree=219
num_leaves=10
num_cat=0
split_feature=1 4 5 2 27 14 14 1 26
split_gain=1.69049e+07 1.42234e+07 2.19491e+07 2.10446e+07 1.41533e+07 1.19529e+07 1.73746e+07 2.31424e+07 2.59087e+06
threshold=1.2500000000000002 1015.2500000000001 7.4500000000000011 13.250000000000002 0.91920935518921365 253.50000000000003 215.00000000000003 0.14583333333333334 8.1500000000000039
decision_type=2 2 2 2 2 2 2 2 2
left_child=1 4 -3 -4 5 6 7 -1 -7
right_child=-2 2 3 -5 -6 8 -8 -9 -10
leaf_value=-17.222889761390526 13.724704832861129 -6.1069518123541497 26.922517231827729 1.057369932803808 -14.639412131774838 -5.4694772955803224 13.794570673785463 2.5146525492786607 -14.575619830991862
leaf_weight=72 70 87 56 57 95 53 73 205 61
leaf_count=72 70 87 56 57 95 53 73 205 61
internal_value=-0.349591 -1.65254 5.20813 13.9129 -4.10865 -1.94448 0.805553 -2.62873 -10.3676
internal_weight=829 759 200 113 559 464 350 277 114
internal_count=829 759 200 113 559 464 350 277 114
is_linear=0
shrinkage=0.03


Tree=220
num_leaves=9
num_cat=0
split_feature=4 1 24 1 24 6 20 24
split_gain=2.25305e+07 4.94439e+07 3.01164e+07 3.04167e+07 1.35164e+07 7.69298e+06 6.98577e+06 5.53566e+06
threshold=997.25000000000011 1.0000000180025095e-35 4563.6583333333338 0.65000000000000013 10212.963888888889 3.1500000000000008 18.048600000000004 2510.0000000000005
decision_type=2 2 2 2 2 2 2 2
left_child=-1 -2 7 5 6 -4 -5 -3
right_child=1 2 3 4 -6 -7 -8 -9
leaf_value=-19.711902457661296 20.547084369600004 -22.867069522242602 -22.483529658178139 3.155963622657592 13.721134384782001 -5.8993200763983005 -7.8156831059040588 -9.6891937376254624
leaf_weight=53 96 58 51 278 98 50 64 58
leaf_count=53 96 58 51 278 98 50 64 58
internal_value=-0.862713 0.4713 -2.47017 0.5069 3.91675 -14.3154 1.09771 -16.3202
internal_weight=806 753 657 541 440 101 342 116
internal_count=806 753 657 541 440 101 342 116
is_linear=0
shrinkage=0.03


Tree=221
num_leaves=10
num_cat=0
split_feature=7 24 24 0 0 0 7 24 24
split_gain=1.77221e+07 2.75913e+07 3.13065e+07 2.69819e+07 1.40576e+07 2.23979e+07 1.01485e+07 4.49283e+06 4.17917e+06
threshold=24.950000000000003 1.0000000180025095e-35 2820.0000000000005 487.30000000000007 2.8500000000000005 1087.8500000000001 28.850000000000005 6269.4444444444453 7754.6277777777786
decision_type=2 2 2 2 2 2 2 2 2
left_child=1 -1 -3 -2 -4 -6 8 -7 -5
right_child=3 2 4 6 5 7 -8 -9 -10
leaf_value=19.004640935227815 -25.967730924054106 -22.321412147250005 -12.343732316032959 10.226202018995647 18.912037860303098 -5.2660172985837228 -10.809720785979069 2.6804466038250299 -2.0111029580691699
leaf_weight=74 56 53 54 50 73 87 69 240 50
leaf_count=74 56 53 54 50 73 87 69 240 50
internal_value=-0.837402 1.93133 -0.570383 -7.97997 1.98188 3.92366 -1.98402 0.563333 4.11975
internal_weight=806 581 507 225 454 400 169 327 100
internal_count=806 581 507 225 454 400 169 327 100
is_linear=0
shrinkage=0.03


Tree=222
num_leaves=9
num_cat=0
split_feature=4 1 1 0 0 27 21 0
split_gain=2.09406e+07 4.46732e+07 2.41841e+07 1.33197e+07 8.38989e+06 5.35958e+06 5.02843e+06 1.72348e+06
threshold=997.25000000000011 1.0000000180025095e-35 0.65000000000000013 2.8500000000000005 251.45000000000002 0.10738035228456499 0.80442529068085855 2052.6000000000004
decision_type=2 2 2 2 2 2 2 2
left_child=-1 -2 3 -3 -4 6 -6 -7
right_child=1 2 4 -5 5 7 -8 -9
leaf_value=-18.984553290415434 19.556157358472593 -25.602470705093182 11.506538149262855 -5.666063826603029 -8.3032828425796765 6.9130035640909471 0.044187158125601783 0.97356137969901135
leaf_weight=53 96 53 55 70 118 61 144 156
leaf_count=53 96 53 55 70 118 61 144 156
internal_value=-0.812592 0.473484 -2.32249 -14.298 0.442377 -0.834426 -3.72052 2.65045
internal_weight=806 753 657 123 534 479 262 217
internal_count=806 753 657 123 534 479 262 217
is_linear=0
shrinkage=0.03


Tree=223
num_leaves=9
num_cat=0
split_feature=4 1 1 6 4 1 21 8
split_gain=1.97097e+07 4.20413e+07 2.27627e+07 8.8168e+06 6.93314e+06 8.13148e+06 3.07029e+06 1.43691e+06
threshold=997.25000000000011 1.0000000180025095e-35 0.65000000000000013 3.0500000000000003 1005.0500000000001 0.90000000000000013 0.6130562294956895 -0.74999999999999989
decision_type=2 2 2 2 2 2 2 2
left_child=-1 -2 3 -3 6 7 -4 -6
right_child=1 2 4 -5 5 -7 -8 -9
leaf_value=-18.418222950475524 18.97130014211589 -21.944577930506444 -11.520981708437379 -5.8607812746149008 -4.2205873423570779 11.876040856201724 -1.7270557241526123 1.2123036574710768
leaf_weight=53 96 61 51 62 51 66 66 300
leaf_count=53 96 61 51 62 51 66 66 300
internal_value=-0.788432 0.459272 -2.25309 -13.8714 0.429294 2.2404 -6.01483 0.419953
internal_weight=806 753 657 123 534 417 117 351
internal_count=806 753 657 123 534 417 117 351
is_linear=0
shrinkage=0.03


Tree=224
num_leaves=9
num_cat=0
split_feature=4 1 24 1 0 6 24 24
split_gain=1.85508e+07 3.95652e+07 2.76509e+07 2.57985e+07 3.99223e+07 6.75844e+06 4.88272e+06 3.78331e+06
threshold=997.25000000000011 1.0000000180025095e-35 4563.6583333333338 0.65000000000000013 1025.6000000000001 3.1500000000000008 2510.0000000000005 10923.611111111111
decision_type=2 2 2 2 2 2 2 2
left_child=-1 -2 6 5 -5 -4 -3 -6
right_child=1 2 3 4 7 -7 -8 -9
leaf_value=-17.868785427408415 18.403933801740127 -21.60610224159463 -20.639390824803133 28.148282439507419 -0.70397191663893277 -5.0994294831293008 -9.2281016125032878 8.0424501135753612
leaf_weight=53 96 58 51 53 336 50 58 51
leaf_count=53 96 58 51 53 336 50 58 51
internal_value=-0.765132 0.445335 -2.18594 0.666572 3.8068 -12.9843 -15.4569 0.453971
internal_weight=806 753 657 541 440 101 116 387
internal_count=806 753 657 541 440 101 116 387
is_linear=0
shrinkage=0.03


Tree=225
num_leaves=10
num_cat=0
split_feature=0 20 21 1 1 24 27 24 10
split_gain=2.97423e+07 1.49404e+07 1.87168e+07 6.02897e+07 2.75547e+07 1.60004e+07 1.16144e+07 6.76416e+06 2.03571e+06
threshold=2.1500000000000004 20.861800000000006 0.67357463896257019 0.36666666666666675 0.45000000000000007 8476.1111111111131 0.26781182513105634 4928.9694444444458 3.5000000000000004
decision_type=2 2 2 2 2 2 2 2 2
left_child=-1 2 3 -2 -4 6 -5 -6 -9
right_child=1 -3 4 5 7 -7 -8 8 -10
leaf_value=21.855076837248824 33.29114253473508 -11.621002593842265 -21.373628388210317 -17.058634546497199 -8.6597780639035751 9.5533030130280281 0.95933175159148365 -1.2604736244276669 5.1469972451219466
leaf_weight=62 63 84 60 55 52 95 77 62 158
leaf_count=62 63 84 60 55 52 95 77 62 158
internal_value=1.98489 0.231361 1.83685 7.40125 -3.02589 0.18145 -6.56974 1.04046 3.34196
internal_weight=768 706 622 290 332 227 132 272 220
internal_count=768 706 622 290 332 227 132 272 220
is_linear=0
shrinkage=0.03


Tree=226
num_leaves=8
num_cat=0
split_feature=0 28 1 24 24 0 27
split_gain=2.79934e+07 1.80559e+07 3.64608e+07 2.49851e+07 2.27881e+07 1.3365e+07 6.01848e+06
threshold=2.1500000000000004 -0.89388548498445497 1.0000000180025095e-35 4563.6583333333338 2370.4750000000008 259.10000000000008 -0.89391031859722869
decision_type=2 2 2 2 2 2 2
left_child=-1 3 -3 -2 -4 -6 -7
right_child=1 2 4 -5 5 6 -8
leaf_value=21.202581802891689 -26.219031905681767 22.343921610408795 -19.178357602186914 1.4197319642599526 13.659575646869932 -8.1487433227411348 1.3367274672602616
leaf_weight=62 51 72 52 69 71 74 317
leaf_count=62 51 72 52 69 71 74 317
internal_value=1.92547 0.224279 2.39648 -10.3628 -0.409099 1.71451 -0.463325
internal_weight=768 706 586 120 514 462 391
internal_count=768 706 586 120 514 462 391
is_linear=0
shrinkage=0.03


Tree=227
num_leaves=8
num_cat=0
split_feature=0 28 1 24 24 0 27
split_gain=2.63474e+07 1.69943e+07 3.43153e+07 2.35169e+07 2.14486e+07 1.25786e+07 5.66405e+06
threshold=2.1500000000000004 -0.89388548498445497 1.0000000180025095e-35 4563.6583333333338 2370.4750000000008 259.10000000000008 -0.89391031859722869
decision_type=2 2 2 2 2 2 2
left_child=-1 3 -3 -2 -4 -6 -7
right_child=1 2 4 -5 5 6 -8
leaf_value=20.569567211573617 -25.437060227421988 21.676386116629317 -18.606307388874587 1.3773243435327107 13.251513058754705 -7.9052681480859528 1.2966635412903864
leaf_weight=62 51 72 52 69 71 74 317
leaf_count=62 51 72 52 69 71 74 317
internal_value=1.86778 0.217362 2.32474 -10.0537 -0.397041 1.66321 -0.449581
internal_weight=768 706 586 120 514 462 391
internal_count=768 706 586 120 514 462 391
is_linear=0
shrinkage=0.03


Tree=228
num_leaves=8
num_cat=0
split_feature=0 28 24 24 24 0 27
split_gain=2.47982e+07 1.59951e+07 3.2296e+07 2.21349e+07 2.01878e+07 1.18384e+07 5.33049e+06
threshold=2.1500000000000004 -0.89388548498445497 1.0000000180025095e-35 4563.6583333333338 2370.4750000000008 259.10000000000008 -0.89391031859722869
decision_type=2 2 2 2 2 2 2
left_child=-1 3 -3 -2 -4 -6 -7
right_child=1 2 4 -5 5 6 -8
leaf_value=19.95545155624708 -24.678411376239264 21.028792282041174 -18.051319919826877 1.3361833281898909 12.855640117329601 -7.6690676541026797 1.257800376082947
leaf_weight=62 51 72 52 69 71 74 317
leaf_count=62 51 72 52 69 71 74 317
internal_value=1.81182 0.210659 2.25515 -9.75392 -0.385338 1.61344 -0.436245
internal_weight=768 706 586 120 514 462 391
internal_count=768 706 586 120 514 462 391
is_linear=0
shrinkage=0.03


Tree=229
num_leaves=11
num_cat=0
split_feature=0 27 24 21 0 0 27 24 27 3
split_gain=2.33401e+07 1.38911e+07 5.15336e+07 2.13866e+07 2.07603e+07 5.32532e+06 2.24877e+06 1.95987e+06 1.38754e+06 1.248e+06
threshold=2.1500000000000004 -0.71461382420154484 1610.0000000000002 0.62902056224899605 1675.4500000000003 411.45000000000005 -0.94417876540878154 9376.3888888888905 0.24284747324344283 69.200000000000003
decision_type=2 2 2 2 2 2 2 2 2 2
left_child=-1 3 4 -2 -3 -4 -5 8 -7 -9
right_child=1 2 5 6 -6 7 -8 9 -10 -11
leaf_value=19.359670873893776 21.504892804475755 -34.237657116220738 9.0784970891678185 -5.092194426798681 -7.8968788488465993 -3.5573118317979646 3.7071000490313848 0.86107043909031167 1.1280328945766327 7.465381467024784
leaf_weight=62 63 52 88 51 56 92 53 50 148 53
leaf_count=62 63 52 88 51 56 92 53 50 148 53
internal_value=1.75754 0.204161 -2.13872 7.75624 -20.6393 2.50826 -0.610088 0.816117 -0.670177 4.2713
internal_weight=768 706 539 167 108 431 104 343 240 103
internal_count=768 706 539 167 108 431 104 343 240 103
is_linear=0
shrinkage=0.03


Tree=230
num_leaves=9
num_cat=0
split_feature=0 24 7 26 21 24 20 0
split_gain=2.88905e+07 2.63573e+07 1.74483e+07 1.49407e+07 2.83411e+07 1.5281e+07 1.77588e+07 8.07767e+06
threshold=2.1500000000000004 13216.66666666667 28.550000000000004 5.4000000000000004 0.65803224218557732 4815.7416666666677 12.619200000000001 1139.4500000000003
decision_type=2 2 2 2 2 2 2 2
left_child=-1 2 3 4 -2 6 -5 -7
right_child=1 -3 -4 5 -6 7 -8 -9
leaf_value=19.778548793573488 26.668723119016438 21.121039176051063 -13.338964654253951 -16.370615010942728 -2.0977186088640072 13.265727238740409 5.205823813098216 0.11950681062602736
leaf_weight=78 53 52 89 104 73 50 51 257
leaf_count=78 53 52 89 104 73 50 51 257
internal_value=2.46183 0.60163 -0.983098 0.892925 10.037 -1.60578 -9.27487 2.27147
internal_weight=807 729 677 588 126 462 155 307
internal_count=807 729 677 588 126 462 155 307
is_linear=0
shrinkage=0.03


Tree=231
num_leaves=8
num_cat=0
split_feature=0 24 7 3 22 24 24
split_gain=2.71885e+07 2.48076e+07 1.64212e+07 1.39718e+07 9.22838e+06 1.86426e+07 1.05995e+07
threshold=2.1500000000000004 13216.66666666667 28.550000000000004 86.550000000000011 0.68301270189221941 1.0000000180025095e-35 5990.7416666666677
decision_type=2 2 2 2 2 2 2
left_child=-1 2 3 4 5 -2 -6
right_child=1 -3 -4 -5 6 -7 -8
leaf_value=19.187466333908137 18.082698265061097 20.491042425910557 -12.940139741490428 12.84290246674149 -18.088244807402592 -1.1987481880752719 -0.72770412240448579
leaf_weight=78 52 52 89 76 53 329 78
leaf_count=78 52 52 89 76 53 329 78
internal_value=2.38859 0.584008 -0.953426 0.866548 -0.917654 1.44497 -7.77678
internal_weight=807 729 677 588 512 381 131
internal_count=807 729 677 588 512 381 131
is_linear=0
shrinkage=0.03


Tree=232
num_leaves=9
num_cat=0
split_feature=0 24 7 26 24 24 27 0
split_gain=2.55873e+07 2.33494e+07 1.54541e+07 1.36749e+07 2.2604e+07 1.45989e+07 1.66344e+07 7.55319e+06
threshold=2.1500000000000004 13216.66666666667 28.550000000000004 5.4000000000000004 5908.7305555555567 4815.7416666666677 0.56314550935064711 1139.4500000000003
decision_type=2 2 2 2 2 2 2 2
left_child=-1 2 3 4 -2 6 -5 -7
right_child=1 -3 -4 5 -6 7 -8 -9
leaf_value=18.614047743698645 25.189293081310112 19.879837447799186 -12.553239844184439 -2.0430746053195299 -0.73315484215672644 12.871266737107492 -22.825043259359909 0.15894262915217269
leaf_weight=78 50 52 89 103 76 50 52 257
leaf_count=78 50 52 89 103 76 50 52 257
internal_value=2.31735 0.566715 -0.924851 0.840717 9.58886 -1.54979 -9.04577 2.23993
internal_weight=807 729 677 588 126 462 155 307
internal_count=807 729 677 588 126 462 155 307
is_linear=0
shrinkage=0.03


Tree=233
num_leaves=7
num_cat=0
split_feature=0 24 7 24 24 0
split_gain=2.40803e+07 2.19769e+07 1.45441e+07 1.32971e+07 1.54905e+07 2.36278e+07
threshold=2.1500000000000004 13216.66666666667 28.550000000000004 1.0000000180025095e-35 3390.0000000000005 715.55000000000007
decision_type=2 2 2 2 2 2
left_child=-1 2 3 -2 -5 -6
right_child=1 -3 -4 4 5 -7
leaf_value=18.05776557600818 11.693777054027498 19.286863236144669 -12.177907639852695 -13.407085578481716 20.285002270748741 -1.4254536399311346
leaf_weight=78 86 52 89 77 51 374
leaf_count=78 86 52 89 77 51 374
internal_value=2.24826 0.549959 -0.897104 0.815689 -1.05374 1.19225
internal_weight=807 729 677 588 502 425
internal_count=807 729 677 588 502 425
is_linear=0
shrinkage=0.03


Tree=234
num_leaves=10
num_cat=0
split_feature=0 24 25 26 24 27 24 14 14
split_gain=2.26619e+07 2.0685e+07 1.09034e+07 1.65201e+07 1.40512e+07 1.5172e+07 1.27582e+07 9.37094e+06 6.85024e+06
threshold=2.1500000000000004 13216.66666666667 24.437525000000004 5.4000000000000004 4815.7416666666677 0.56314550935064711 6756.2500000000009 177.50000000000003 108.50000000000001
decision_type=2 2 2 2 2 2 2 2 2
left_child=-1 2 3 7 5 -5 -4 -2 -6
right_child=1 -3 6 4 8 -7 -8 -9 -10
leaf_value=17.51810830112618 2.6613967470051518 18.711576243085112 -20.629187595223339 -2.1827090804597251 -3.3058754980690837 -21.842923152665929 -0.36554763744227692 21.019711610972287 5.8528300225624736
leaf_weight=78 50 52 50 105 122 53 63 50 184
leaf_count=78 50 52 50 105 122 53 63 50 184
internal_value=2.18128 0.53376 -0.870125 0.835463 -1.55009 -8.80654 -9.36272 11.8761 2.20163
internal_weight=807 729 677 564 464 158 113 100 306
internal_count=807 729 677 564 464 158 113 100 306
is_linear=0
shrinkage=0.03


Tree=235
num_leaves=8
num_cat=0
split_feature=20 24 0 24 0 21 23
split_gain=1.26861e+07 1.34496e+07 2.91078e+07 9.77724e+06 2.28568e+07 2.8077e+06 2.73839e+06
threshold=20.971350000000005 1.0000000180025095e-35 4.9500000000000011 4563.6583333333338 747.15000000000009 0.69711621129326062 1.0000000180025095e-35
decision_type=2 2 2 2 2 2 2
left_child=1 -1 -3 6 -5 -6 -4
right_child=-2 2 3 4 5 -7 -8
leaf_value=10.909194275885982 -12.576650382056735 -17.129664676197343 -1.9855851966456364 21.609606747797237 -2.4309399723839924 2.7290443632366563 -11.680361230439244
leaf_weight=92 77 90 51 53 157 239 54
leaf_count=92 77 90 51 53 157 239 54
internal_value=-1.01526 0.198904 -1.33549 1.23822 3.16596 0.682979 -6.99063
internal_weight=813 736 644 554 449 396 105
internal_count=813 736 644 554 449 396 105
is_linear=0
shrinkage=0.03


Tree=236
num_leaves=10
num_cat=0
split_feature=1 28 24 1 24 24 24 21 27
split_gain=1.74706e+07 1.44791e+07 3.29528e+07 2.03022e+07 2.39101e+07 1.60168e+07 6.40892e+06 4.4064e+06 3.29856e+06
threshold=1.2500000000000002 -0.89388548498445497 2040.0000000000002 0.65000000000000013 12726.190476190479 5465.2777777777783 6159.7222222222226 0.69711621129326062 0.73243302457225423
decision_type=2 2 2 2 2 2 2 2 2
left_child=1 5 -3 4 -4 -1 8 -8 -5
right_child=-2 2 3 6 -6 -7 7 -9 -10
leaf_value=-24.751902514963927 13.537504241351328 16.738364112429657 -26.990281864475477 -12.11534839105885 0.41945279205494035 -2.6119234972682275 -2.247112490322003 4.8590307109876552 -1.2786552067021013
leaf_weight=50 68 86 62 51 53 71 135 187 50
leaf_count=50 68 86 62 51 53 71 135 187 50
internal_value=-0.984922 -2.31539 -0.47155 -3.23039 -14.3897 -11.7993 -0.188473 1.8804 -6.77041
internal_weight=813 745 624 538 115 121 423 322 101
internal_count=813 745 624 538 115 121 423 322 101
is_linear=0
shrinkage=0.03


Tree=237
num_leaves=9
num_cat=0
split_feature=28 24 0 24 24 0 24 21
split_gain=1.62245e+07 2.49774e+07 2.52833e+07 1.44398e+07 1.21103e+07 2.38784e+07 2.79504e+06 2.63206e+06
threshold=-0.89388548498445497 1.0000000180025095e-35 2.8500000000000005 5192.5916666666681 4604.166666666667 510.20000000000005 11019.675000000003 0.72224123767798465
decision_type=2 2 2 2 2 2 2 2
left_child=3 -2 -3 -1 7 -6 -7 -4
right_child=1 2 4 -5 5 6 -8 -9
leaf_value=-23.334914762523489 16.460771451999339 -19.190448881754943 -3.7296825004282574 -2.490858452746878 21.077661533855018 -0.68717348258630528 6.8350382708387771 -13.296560927859357
leaf_weight=50 81 63 54 74 57 333 51 50
leaf_count=50 81 63 54 74 57 333 51 50
internal_value=-0.955755 0.843611 -1.24404 -10.9318 0.839897 3.01236 0.316403 -8.35425
internal_weight=813 689 608 124 545 441 384 104
internal_count=813 689 608 124 545 441 384 104
is_linear=0
shrinkage=0.03


Tree=238
num_leaves=11
num_cat=0
split_feature=1 0 7 21 9 27 1 26 20 8
split_gain=1.68367e+07 1.98606e+07 4.81305e+07 2.90579e+07 9.38969e+06 7.44018e+06 1.94565e+07 1.07798e+07 4.58259e+06 1.54437e+06
threshold=1.2500000000000002 487.30000000000007 24.450000000000003 0.84390006905396076 17.100000000000005 -0.5123666674339783 0.65000000000000013 6.3000000000000034 10.98 9.0500000000000025
decision_type=2 2 2 2 2 2 2 2 2 2
left_child=1 2 3 -1 5 7 -7 -3 -9 -8
right_child=-2 4 -4 -5 -6 6 9 8 -10 -11
leaf_value=13.500550532088425 13.329204702530912 15.674138090776012 -35.835713252224927 -15.139979382875683 12.744323349668269 -18.214213230801985 -1.8303431637538337 5.7035814704671948 -6.6406800583145387 2.5457281024130989
leaf_weight=62 68 53 50 65 51 63 162 51 57 131
leaf_count=62 68 53 50 65 51 63 162 51 57 131
internal_value=-0.927287 -2.2334 -10.9988 -1.15905 0.502424 -0.711863 -3.13155 4.63431 -0.81171 0.126766
internal_weight=813 745 177 127 568 517 356 161 108 293
internal_count=813 745 177 127 568 517 356 161 108 293
is_linear=0
shrinkage=0.03


Tree=239
num_leaves=11
num_cat=0
split_feature=1 0 7 21 9 27 24 26 8 11
split_gain=1.5846e+07 1.86938e+07 4.53029e+07 2.73485e+07 8.83785e+06 7.00281e+06 1.90081e+07 1.01462e+07 2.59229e+06 2.11048e+06
threshold=1.2500000000000002 487.30000000000007 24.450000000000003 0.84390006905396076 17.100000000000005 -0.5123666674339783 3805.416666666667 6.3000000000000034 9.0500000000000025 2.5000000000000004
decision_type=2 2 2 2 2 2 2 2 2 2
left_child=1 2 3 -1 5 7 -7 -3 -8 -9
right_child=-2 4 -4 -5 -6 6 8 9 -10 -11
leaf_value=13.097484371803738 12.931084899232118 15.206560792010453 -34.767053562717926 -14.68786649157771 12.3642297695673 -15.988580655823135 -1.7755342658500355 3.7172968695414945 4.1076236719559924 -4.6701230521226629
leaf_weight=62 68 53 50 65 51 79 162 50 115 58
leaf_count=62 68 53 50 65 51 79 162 50 115 58
internal_value=-0.899624 -2.16673 -10.6708 -1.12439 0.48751 -0.690555 -3.03804 4.4961 0.668701 -0.787434
internal_weight=813 745 177 127 568 517 356 161 277 108
internal_count=813 745 177 127 568 517 356 161 277 108
is_linear=0
shrinkage=0.03


Tree=240
num_leaves=11
num_cat=0
split_feature=5 20 2 20 24 7 0 27 7 0
split_gain=2.05273e+07 2.94922e+07 2.4296e+07 1.67201e+07 1.61504e+07 1.22267e+07 1.73928e+07 1.15893e+07 7.96321e+06 7.24305e+06
threshold=21.250000000000004 13.411200000000003 15.597000000000003 19.165950000000002 5308.2027777777794 16.750000000000004 1274.4000000000003 0.39753913293121995 9.1500000000000004 1626.9000000000003
decision_type=2 2 2 2 2 2 2 2 2 2
left_child=1 4 -2 -4 7 8 -7 -1 -6 -10
right_child=2 -3 3 -5 5 6 -8 -9 9 -11
leaf_value=-17.95815934688666 -24.230078498735949 20.544862341731175 -12.441871391259957 6.9924405591840184 6.5325577633754595 24.73390222583566 2.5150877915942655 -1.0441866616133519 -13.760665667623448 0.54487974382773097
leaf_weight=62 60 73 73 87 82 50 86 88 54 77
leaf_count=62 60 73 73 87 82 50 86 88 54 77
internal_value=-0.21955 2.77593 -8.00101 -1.8811 0.165666 3.70378 10.7203 -8.05725 -0.784986 -5.36996
internal_weight=792 572 220 160 499 349 136 150 213 131
internal_count=792 572 220 160 499 349 136 150 213 131
is_linear=0
shrinkage=0.03


Tree=241
num_leaves=13
num_cat=0
split_feature=5 2 5 14 25 26 3 26 2 21 25 6
split_gain=1.93199e+07 2.28671e+07 2.12463e+07 2.89124e+07 2.42239e+07 1.43183e+07 1.28546e+07 1.5353e+07 1.12741e+07 7.43566e+06 5.18736e+06 8.10558e+06
threshold=21.250000000000004 15.597000000000003 10.050000000000002 98.500000000000014 17.317589999999999 7.4500000000000011 77.350000000000009 9.4500000000000046 7.7000000000000002 0.78490852636987074 25.757635000000004 2.5500000000000003
decision_type=2 2 2 2 2 2 2 2 2 2 2 2
left_child=2 -2 6 -4 9 -6 7 8 -1 -5 11 -3
right_child=1 10 3 4 5 -7 -8 -9 -10 -11 -12 -13
leaf_value=15.658625369322021 -23.506793260906466 3.2018933687712017 25.883402519103608 3.1495836742601355 24.907696723265413 3.7240827182691487 -17.481660355409293 -12.795642186492238 -3.1059692654206383 -9.5447317978584874 6.0491692231830809 -13.158493865595469
leaf_weight=55 60 51 62 74 55 60 52 60 60 94 51 58
leaf_count=55 60 51 62 74 55 60 52 60 60 94 51 58
internal_value=-0.213049 -7.76219 2.693 7.38042 3.30361 13.8939 -4.43135 -0.530206 5.88572 -3.95749 -1.82497 -5.51577
internal_weight=792 220 572 345 283 115 227 175 115 168 160 109
internal_count=792 220 572 345 283 115 227 175 115 168 160 109
is_linear=0
shrinkage=0.03


Tree=242
num_leaves=10
num_cat=0
split_feature=1 24 3 1 1 28 24 24 25
split_gain=2.98578e+07 2.10185e+07 2.01935e+07 3.05439e+07 2.44728e+07 3.84662e+06 4.94906e+06 2.11582e+06 1.91188e+06
threshold=1.2500000000000002 14477.777777777779 75.350000000000009 0.65000000000000013 0.18333333333333332 -0.74979862697202038 5990.7416666666677 9295.8333333333339 20.776037500000005
decision_type=2 2 2 2 2 2 2 2 2
left_child=1 2 4 -4 -1 -6 -7 8 -5
right_child=-2 -3 3 7 5 6 -8 -9 -10
leaf_value=17.97746633611019 19.904774035380676 15.891369215290974 -24.977586610592439 -1.9973018964558069 5.3775010549951032 -10.363439647185364 -1.3852972041052605 2.2138061167622172 -9.36046772282298
leaf_weight=63 61 55 82 79 50 73 225 51 53
leaf_count=63 61 55 82 79 50 73 225 51 53
internal_value=-0.206623 -1.89235 -3.34568 -9.79795 0.818637 -2.30049 -3.59288 -2.96634 -4.96831
internal_weight=792 731 676 265 411 348 298 183 132
internal_count=792 731 676 265 411 348 298 183 132
is_linear=0
shrinkage=0.03


Tree=243
num_leaves=10
num_cat=0
split_feature=5 20 2 20 27 27 14 0 6
split_gain=1.75429e+07 2.687e+07 2.10872e+07 1.60036e+07 1.44362e+07 1.23774e+07 8.91556e+06 1.19869e+07 5.43058e+06
threshold=21.250000000000004 13.411200000000003 15.597000000000003 20.763300000000005 0.9927395293426734 0.96230016621822489 27.000000000000004 251.45000000000002 2.5500000000000003
decision_type=2 2 2 2 2 2 2 2 2
left_child=1 4 -2 8 5 6 -1 -8 -4
right_child=2 -3 3 -5 -6 -7 7 -9 -10
leaf_value=-11.032694401077077 -22.513288258414956 19.529520909568298 -1.5038941202486011 11.200766424107934 15.152576008846886 -15.514884342059753 12.090449400452867 -1.1570416416314737 -15.216646542575479
leaf_weight=55 60 73 50 56 51 51 80 262 54
leaf_count=55 60 73 50 56 51 51 80 262 54
internal_value=-0.200273 2.5689 -7.39386 -1.69249 0.0774257 -1.64769 0.144085 1.94964 -8.64735
internal_weight=792 572 220 160 499 448 397 342 104
internal_count=792 572 220 160 499 448 397 342 104
is_linear=0
shrinkage=0.03


Tree=244
num_leaves=9
num_cat=0
split_feature=7 2 20 0 14 0 0 2
split_gain=1.6264e+07 2.46815e+07 1.63925e+07 1.57928e+07 1.83125e+07 1.15843e+07 9.4513e+06 1.46527e+07
threshold=26.150000000000002 15.597000000000003 20.590300000000003 3.1500000000000004 42.000000000000007 251.45000000000002 1675.4500000000003 5.2500000000000009
decision_type=2 2 2 2 2 2 2 2
left_child=3 -2 -3 -1 -5 -6 -7 -8
right_child=1 2 -4 4 5 6 7 -9
leaf_value=14.586695596925347 -24.531742829006053 -9.1051722250125504 12.684218378943905 -13.500157278941424 13.668983566590478 -8.2401333276780697 13.192598005061987 -1.3660477635170041
leaf_weight=80 56 81 50 74 71 86 89 205
leaf_count=80 56 81 50 74 71 86 89 205
internal_value=-0.194367 -7.91976 -0.778563 2.19621 0.300866 2.57282 0.490423 3.05009
internal_weight=792 187 131 605 525 451 380 294
internal_count=792 187 131 605 525 451 380 294
is_linear=0
shrinkage=0.03


Tree=245
num_leaves=8
num_cat=0
split_feature=1 2 1 1 24 24 2
split_gain=2.67826e+07 4.64372e+07 3.14556e+07 2.40675e+07 1.53782e+07 8.33622e+06 3.80143e+06
threshold=1.0000000180025095e-35 5.5500000000000007 0.36666666666666675 1.2500000000000002 12307.869444444446 4815.7416666666677 16.000000000000004
decision_type=2 2 2 2 2 2 2
left_child=1 -1 -2 4 5 -4 -7
right_child=2 -3 3 -5 -6 6 -8
leaf_value=30.772390306567711 -19.700323727009025 -5.7911885281799211 -12.926359757690664 17.374100771899862 14.469885982168361 -3.122281578916839 3.112118038857667
leaf_weight=66 76 59 65 69 50 328 120
leaf_count=66 76 59 65 69 50 328 120
internal_value=0.756943 13.5418 -1.50503 0.691305 -1.36145 -2.91204 -1.45137
internal_weight=833 125 708 632 563 513 448
internal_count=833 125 708 632 563 513 448
is_linear=0
shrinkage=0.03


Tree=246
num_leaves=13
num_cat=0
split_feature=21 1 1 26 7 9 28 0 21 7 9 6
split_gain=3.24358e+07 4.66568e+07 3.65641e+07 2.10263e+07 1.38188e+07 1.17457e+07 8.1138e+06 7.61459e+06 1.85221e+06 2.53909e+06 1.10305e+06 985900
threshold=0.70550527903469096 1.0000000180025095e-35 0.65000000000000013 10.050000000000002 19.050000000000004 2.1500000000000008 -0.52705818521824699 1191.4500000000003 1.2189514998598265 19.150000000000002 1.0000000180025095e-35 2.4500000000000006
decision_type=2 2 2 2 2 2 2 2 2 2 2 2
left_child=1 -1 4 5 -2 6 -3 -8 9 -4 11 -11
right_child=2 3 8 -5 -6 -7 7 -9 -10 10 -12 -13
leaf_value=27.115255521493864 -29.821956342083947 3.5555286796016596 -6.7664922144533772 19.207648168641921 -9.3031378574054973 8.9336095051248208 -18.287462638489373 -3.5955697086987746 4.0057284199765286 -0.26850400118709294 -2.086747744814808 5.5359894408249284
leaf_weight=82 56 59 53 51 63 67 55 75 92 52 75 53
leaf_count=82 56 59 53 51 63 67 55 75 92 52 75 53
internal_value=0.734495 7.0562 -4.80512 1.67714 -19.0098 -1.83363 -5.65874 -9.83923 0.4087 -1.01487 0.687051 2.66872
internal_weight=833 389 444 307 119 256 189 130 325 233 180 105
internal_count=833 389 444 307 119 256 189 130 325 233 180 105
is_linear=0
shrinkage=0.03


Tree=247
num_leaves=13
num_cat=0
split_feature=21 29 15 6 2 0 6 6 26 6 14 26
split_gain=3.05275e+07 2.69314e+07 3.72717e+07 2.67992e+07 2.28274e+07 1.95828e+07 1.4397e+07 8.71001e+06 5.64082e+06 4.42631e+06 3.24863e+06 3.04076e+06
threshold=0.70550527903469096 1.0000000180025095e-35 1.0000000180025095e-35 2.6500000000000008 4.6500000000000012 51.800000000000004 3.1500000000000008 2.9500000000000006 9.8500000000000032 3.1500000000000008 139.00000000000003 8.1500000000000039
decision_type=2 2 2 2 2 2 2 2 2 2 2 2
left_child=1 4 3 -3 6 7 -1 -2 9 11 -11 -7
right_child=5 2 -4 -5 -6 8 -8 -9 -10 10 -12 -13
leaf_value=-16.607803695211764 -24.914970881032666 40.189658892286893 -6.2956849886552488 12.697619423013345 15.230438906085428 0.52237498763961199 2.3355750314229753 -7.3457379052234684 -9.3804480339282978 -9.4359748611523671 0.31655202446789643 9.1659535383297968
leaf_weight=72 51 52 53 83 57 89 72 51 62 50 79 62
leaf_count=72 51 52 53 83 57 89 72 51 62 50 79 62
internal_value=0.71244 6.84537 14.9977 23.3528 -0.790661 -4.66175 -7.15089 -16.1777 -1.21596 0.599961 -3.47655 4.08259
internal_weight=833 389 188 135 201 444 144 102 342 280 129 151
internal_count=833 389 188 135 201 444 144 102 342 280 129 151
is_linear=0
shrinkage=0.03


Tree=248
num_leaves=8
num_cat=0
split_feature=24 27 0 24 0 24 0
split_gain=2.35185e+07 4.08089e+07 2.74316e+07 1.2435e+07 9.33217e+06 4.43851e+06 3.08397e+06
threshold=1.0000000180025095e-35 0.45972848220565493 4.9500000000000011 12726.190476190479 379.75000000000006 4815.7416666666677 1734.0500000000002
decision_type=2 2 2 2 2 2 2
left_child=1 -1 -2 4 -4 -6 -7
right_child=2 -3 3 -5 5 6 -8
leaf_value=26.626724055924736 -16.223153786262284 -8.2949195478071509 8.8481762844727125 15.216488626197604 -10.315997340776766 -4.7992098075128737 0.7272092810465931
leaf_weight=75 97 50 84 50 51 131 295
leaf_count=75 97 50 84 50 51 131 295
internal_value=0.691137 12.6716 -1.42851 0.927022 -0.353985 -1.97905 -0.97439
internal_weight=833 125 708 611 561 477 426
internal_count=833 125 708 611 561 477 426
is_linear=0
shrinkage=0.03


Tree=249
num_leaves=12
num_cat=0
split_feature=21 1 1 26 24 4 0 24 24 14 2
split_gain=2.78783e+07 4.18518e+07 3.33875e+07 2.01019e+07 1.55133e+07 7.1588e+06 1.01477e+07 7.11842e+06 3.74989e+06 3.40241e+06 1.28084e+06
threshold=0.70550527903469096 1.0000000180025095e-35 0.45000000000000007 10.050000000000002 4815.7416666666677 1000.1500000000002 215.05000000000004 9729.1666666666697 10078.705555555556 118.50000000000001 20.850000000000005
decision_type=2 2 2 2 2 2 2 2 2 2 2
left_child=1 -1 -2 5 -4 -3 -7 -8 9 -6 -11
right_child=2 3 4 -5 8 6 7 -9 -10 10 -12
leaf_value=25.529370788537136 -20.098508692589878 7.4590173492804306 -14.558961935974988 18.577859561038995 -3.9573770990054986 -16.009317399821818 -5.5439685956228448 8.1464306129255171 9.8343561608348509 6.1542084021127526 0.74616713208506313
leaf_weight=82 96 56 56 51 81 52 95 53 53 83 75
leaf_count=82 96 56 56 51 81 52 95 53 53 83 75
internal_value=0.67053 6.53131 -4.46518 1.43692 -0.138912 -1.9956 -4.65014 -0.634703 2.63865 1.03258 3.59344
internal_weight=833 389 444 307 348 256 200 148 292 239 158
internal_count=833 389 444 307 348 256 200 148 292 239 158
is_linear=0
shrinkage=0.03


Tree=250
num_leaves=8
num_cat=0
split_feature=27 27 24 28 24 21 26
split_gain=1.31858e+07 1.76373e+07 2.0309e+07 6.01235e+07 2.02286e+07 7.53264e+06 4.20207e+06
threshold=0.9927395293426734 0.95992380042979863 1.0000000180025095e-35 -0.70250145193066593 2151.428571428572 1.2189514998598265 8.8500000000000032
decision_type=2 2 2 2 2 2 2
left_child=1 2 3 -1 -4 6 -6
right_child=-2 -3 4 -5 5 -7 -8
leaf_value=-10.961983896329258 14.763621734700449 -16.758139962886581 -19.495922818591534 31.928575971019029 0.85671233517847178 8.6348192843508471 -5.3561308798348826
leaf_weight=54 56 54 50 64 305 84 144
leaf_count=54 56 54 50 64 305 84 144
internal_value=0.757947 -0.286324 0.98916 12.3226 -1.30989 0.406113 -1.13805
internal_weight=811 755 701 118 583 533 449
internal_count=811 755 701 118 583 533 449
is_linear=0
shrinkage=0.03


Tree=251
num_leaves=8
num_cat=0
split_feature=27 27 1 5 24 1 24
split_gain=1.24108e+07 1.66005e+07 1.9114e+07 4.19998e+07 1.90401e+07 1.14608e+07 1.49456e+07
threshold=0.9927395293426734 0.95992380042979863 1.0000000180025095e-35 20.850000000000005 2151.428571428572 0.65000000000000013 11143.519444444446
decision_type=2 2 2 2 2 2 2
left_child=1 2 3 -1 -4 -6 -7
right_child=-2 -3 4 -5 5 6 -8
leaf_value=28.339351129843322 14.323073145864701 -16.258173928972106 -18.914533438995392 -7.5136838308091987 -10.986524100200439 0.032758301638568618 16.158664579914152
leaf_weight=64 56 54 50 54 69 405 59
leaf_count=64 56 54 50 54 69 405 59
internal_value=0.735248 -0.277867 0.959556 11.9545 -1.27083 0.393999 2.09239
internal_weight=811 755 701 118 583 533 464
internal_count=811 755 701 118 583 533 464
is_linear=0
shrinkage=0.03


Tree=252
num_leaves=12
num_cat=0
split_feature=0 14 0 25 1 4 4 14 27 21 3
split_gain=3.02212e+07 8.28335e+07 3.61973e+07 9.30325e+06 3.08297e+07 4.24416e+06 4.94942e+06 5.13996e+06 2.77573e+06 2.00828e+06 1.55365e+06
threshold=15.750000000000002 98.500000000000014 316.75000000000006 17.598980000000001 0.65000000000000013 1015.2500000000001 1012.35 106.50000000000001 0.30081702196488996 0.65135923550861319 80.050000000000011
decision_type=2 2 2 2 2 2 2 2 2 2 2
left_child=1 -1 -2 5 -5 6 7 -4 -7 -6 -11
right_child=2 -3 3 4 9 8 -8 -9 -10 10 -12
leaf_value=44.244326052959579 -22.199288100527511 -3.2719126092904829 2.813393002261817 23.656176768362421 -5.036480662605979 5.0264764739546584 -13.546819741791785 -8.9260750683952086 -3.4451831112943623 3.7363725279979105 -2.7564158148265014
leaf_weight=50 71 96 70 59 69 73 54 64 66 85 54
leaf_count=50 71 96 70 59 69 73 54 64 66 85 54
internal_value=0.713248 13.0581 -2.0017 0.422467 4.57469 -2.96893 -5.90418 -2.80086 1.00514 -0.864085 1.21343
internal_weight=811 146 665 594 267 327 188 134 139 208 139
internal_count=811 146 665 594 267 327 188 134 139 208 139
is_linear=0
shrinkage=0.03


Tree=253
num_leaves=12
num_cat=0
split_feature=0 14 0 5 1 4 4 6 22 26 14
split_gain=2.8446e+07 7.79658e+07 3.40668e+07 8.56004e+06 2.91365e+07 4.07105e+06 4.48286e+06 5.02143e+06 2.52545e+06 2.16928e+06 1.27328e+06
threshold=15.750000000000002 98.500000000000014 316.75000000000006 17.550000000000004 0.65000000000000013 1015.2500000000001 1012.35 3.3500000000000001 0.68301270189221941 4.7500000000000018 208.00000000000003
decision_type=2 2 2 2 2 2 2 2 2 2 2
left_child=1 -1 -2 5 -5 6 7 -4 -7 -6 -11
right_child=2 -3 3 4 9 8 -8 -9 -10 10 -12
leaf_value=42.924912010481059 -21.536111737840809 -3.1740610252139723 2.5100666027338634 22.950082335319326 -6.3308135842897784 4.0541626031058176 -12.878429807780233 -9.1448278487381049 -4.3343524001180294 3.7520973665387802 -1.6745689172167795
leaf_weight=50 71 96 74 59 50 90 55 60 50 72 84
leaf_count=50 71 96 74 59 50 90 55 60 50 72 84
internal_value=0.692075 12.6688 -1.94193 0.409815 4.41991 -2.82126 -5.68998 -2.71725 1.05534 -0.912891 0.832383
internal_weight=811 146 665 594 265 329 189 134 140 206 156
internal_count=811 146 665 594 265 329 189 134 140 206 156
is_linear=0
shrinkage=0.03


Tree=254
num_leaves=11
num_cat=0
split_feature=0 21 0 25 1 24 24 8 26 24
split_gain=2.67752e+07 7.71061e+07 3.20616e+07 8.25209e+06 2.73029e+07 2.29729e+07 2.92609e+06 4.24431e+06 1.82479e+06 1.47877e+06
threshold=15.750000000000002 0.84390006905396076 316.75000000000006 17.598980000000001 0.65000000000000013 1610.0000000000002 9652.7777777777792 21.250000000000004 6.6500000000000021 7754.6277777777786
decision_type=2 2 2 2 2 2 2 2 2 2
left_child=1 -1 -2 5 -5 -4 7 -6 -7 -10
right_child=2 -3 3 4 6 8 -8 -9 9 -11
leaf_value=33.444212123079602 -20.892746714502362 -10.100059373596107 -21.448042761800775 22.265062965405932 1.4099221207268049 4.2723193563006525 5.1070432679519522 -8.6617361548583442 -3.7913963971341689 1.4614935676583096
leaf_weight=75 71 71 50 59 87 84 55 66 91 102
leaf_count=75 71 71 50 59 87 84 55 66 91 102
internal_value=0.671502 12.2912 -1.88397 0.397503 4.30812 -2.79656 -0.810127 -2.9431 0.58966 -1.01725
internal_weight=811 146 665 594 267 327 208 153 277 193
internal_count=811 146 665 594 267 327 208 153 277 193
is_linear=0
shrinkage=0.03


Tree=255
num_leaves=9
num_cat=0
split_feature=1 6 0 1 21 4 24 21
split_gain=1.99841e+07 1.62794e+07 3.35652e+07 3.80265e+07 2.42561e+07 1.21818e+07 7.44751e+06 3.42674e+06
threshold=1.2500000000000002 2.0500000000000003 153.30000000000004 0.29166666666666669 0.77120858688302929 998.6500000000002 2578.7888888888892 0.80897891810494627
decision_type=2 2 2 2 2 2 2 2
left_child=1 4 3 -3 -1 -4 -7 -8
right_child=-2 2 5 -5 -6 6 7 -9
leaf_value=23.942537138542644 15.408822089847101 -35.288922975255531 -14.063207743532853 -3.8143764429438995 -4.7389871759228344 11.411262301144271 -3.0412626556709692 2.7109927302974342
leaf_weight=50 64 58 50 85 56 59 178 195
leaf_count=50 64 58 50 85 56 59 178 195
internal_value=-0.626066 -2.0357 -3.88008 -16.6275 8.81934 -0.0901571 1.53571 -0.0342653
internal_weight=795 731 625 143 106 482 432 373
internal_count=795 731 625 143 106 482 432 373
is_linear=0
shrinkage=0.03


Tree=256
num_leaves=10
num_cat=0
split_feature=4 24 8 21 4 8 0 6 26
split_gain=1.20348e+07 2.17434e+07 3.19096e+07 2.00965e+07 9.41155e+06 1.09685e+07 1.97583e+07 8.10052e+06 4.7865e+06
threshold=1015.2500000000001 1580.0000000000002 15.450000000000001 0.92875467307073378 998.6500000000002 7.3500000000000005 5.9500000000000011 2.7500000000000004 7.5000000000000018
decision_type=2 2 2 2 2 2 2 2 2
left_child=1 2 -1 -2 -3 -6 -7 -5 -8
right_child=3 4 -4 7 5 6 8 -9 -10
leaf_value=-31.774593345539973 15.934025103164254 12.027743847437247 -0.79709573024028058 -11.391233203666072 8.0892807395023993 -19.550547359460118 -3.5202242809098458 4.7274600972373406 4.7334233804704642
leaf_weight=52 93 53 70 53 87 59 168 59 101
leaf_count=52 93 53 70 53 87 59 168 59 101
internal_value=-0.607369 -2.78313 -14.0462 5.64944 0.160084 -1.36312 -3.87544 -2.91011 -0.419417
internal_weight=795 590 122 205 468 415 328 112 269
internal_count=795 590 122 205 468 415 328 112 269
is_linear=0
shrinkage=0.03


Tree=257
num_leaves=11
num_cat=0
split_feature=1 4 1 5 7 21 24 14 21 4
split_gain=1.90659e+07 1.43971e+07 2.77676e+07 5.55094e+07 1.85468e+07 4.7561e+07 1.09198e+07 5.24833e+06 5.69796e+06 1.99526e+06
threshold=1.2500000000000002 1015.2500000000001 0.29166666666666669 17.550000000000004 9.0500000000000025 0.92875467307073378 12446.297222222223 234.50000000000003 0.77120858688302929 1008.5500000000001
decision_type=2 2 2 2 2 2 2 2 2 2
left_child=1 2 3 -1 -3 -6 7 9 -9 -4
right_child=-2 4 6 -5 5 -7 -8 8 -10 -11
leaf_value=-39.720171969608707 15.072760731932906 -8.0099442230212929 1.9149311020049389 -0.31794354354598636 33.336237600301487 -3.6148193460117009 11.940064592624898 -15.290636960079796 -1.1910345503477018 -3.6669737499723825
leaf_weight=54 64 65 156 79 53 76 54 51 52 91
leaf_count=54 64 65 156 79 53 76 54 51 52 91
internal_value=-0.589391 -1.96627 -4.49634 -16.3693 5.03316 11.6087 -0.578398 -2.51841 -8.19661 -0.143477
internal_weight=795 731 537 133 194 129 404 350 103 247
internal_count=795 731 537 133 194 129 404 350 103 247
is_linear=0
shrinkage=0.03


Tree=258
num_leaves=10
num_cat=0
split_feature=1 6 1 3 21 24 24 21 28
split_gain=1.79443e+07 1.50528e+07 2.713e+07 3.2203e+07 2.21589e+07 1.32168e+07 4.10298e+06 4.50184e+06 3.61593e+06
threshold=1.2500000000000002 2.0500000000000003 0.29166666666666669 76.450000000000017 0.77120858688302929 12979.16666666667 6020.3694444444454 0.71518782570317951 -0.44437817810461328
decision_type=2 2 2 2 2 2 2 2 2
left_child=1 4 3 -3 -1 6 8 -8 -4
right_child=-2 2 5 -5 -6 -7 7 -9 -10
leaf_value=22.985013736901177 14.62268795938922 -2.4392804465730826 -2.1592724360815541 -31.896271240509563 -4.4288909404951138 14.171363460775874 -4.3451186453947743 2.8035921859322701 -12.732462619796083
leaf_weight=50 64 75 66 60 56 50 140 182 52
leaf_count=50 64 75 66 60 56 50 140 182 52
internal_value=-0.571818 -1.90758 -3.68114 -15.573 8.53049 -0.397253 -2.06133 -0.305666 -6.83919
internal_weight=795 731 625 135 106 490 440 322 118
internal_count=795 731 625 135 106 490 440 322 118
is_linear=0
shrinkage=0.03


Tree=259
num_leaves=10
num_cat=0
split_feature=6 21 0 24 0 0 2 11 24
split_gain=1.0993e+07 2.26798e+07 1.47491e+07 4.14229e+07 1.79411e+07 1.17841e+07 4.54723e+06 4.79746e+06 2.10153e+06
threshold=2.0500000000000003 0.77120858688302929 2455.5500000000006 1306.6666666666667 5.9500000000000011 360.90000000000003 10.050000000000002 3.5000000000000004 9295.8333333333339
decision_type=2 2 2 2 2 2 2 2 2
left_child=1 -1 3 -2 -5 -6 -4 -8 -7
right_child=2 -3 6 4 5 8 7 -9 -10
leaf_value=22.330856712647272 -26.526398915755802 -4.6483008043118712 10.199268947826541 -13.23723556637359 11.902533106504773 -3.4813438462544815 -4.3236558352312615 7.2880544410771995 2.3717330890463799
leaf_weight=53 68 59 81 88 81 150 68 60 87
leaf_count=53 68 59 81 88 81 150 68 60 87
internal_value=-0.554702 8.14409 -1.98411 -4.91064 -1.27334 2.04676 4.65057 1.12358 -1.33243
internal_weight=795 112 683 474 406 318 209 128 237
internal_count=795 112 683 474 406 318 209 128 237
is_linear=0
shrinkage=0.03


Tree=260
num_leaves=10
num_cat=0
split_feature=27 24 24 0 24 0 2 5 24
split_gain=2.76931e+07 5.12793e+07 3.53963e+07 3.36353e+07 1.59704e+07 7.22207e+06 3.01021e+06 3.00827e+06 1.39805e+06
threshold=0.56314550935064711 1.0000000180025095e-35 2040.0000000000002 4.9500000000000011 4903.7694444444451 510.20000000000005 6.2500000000000009 12.775000000000002 7260.5833333333339
decision_type=2 2 2 2 2 2 2 2 2
left_child=1 -1 -2 -4 -3 -6 -7 -5 -8
right_child=2 4 3 7 5 6 8 -9 -10
leaf_value=26.217923387799946 -31.007741045639008 -12.918350613645298 -23.81233107803935 -0.71643099680798972 12.742551311223693 -4.0889666624267687 -1.2427441778226795 7.1636995696366039 4.0289634009012074
leaf_weight=76 50 76 54 87 50 91 65 87 148
leaf_count=76 50 76 54 87 50 91 65 87 148
internal_value=-0.626205 3.55268 -8.22803 -3.19826 -0.468739 2.21271 0.469942 3.22913 2.4207
internal_weight=784 506 278 228 430 354 304 174 213
internal_count=784 506 278 228 430 354 304 174 213
is_linear=0
shrinkage=0.03


Tree=261
num_leaves=12
num_cat=0
split_feature=21 24 24 3 7 7 6 21 29 14 30
split_gain=1.54336e+07 5.45503e+07 2.83014e+07 8.00927e+06 5.23662e+06 1.69735e+07 4.78829e+06 7.21102e+06 6.26806e+06 4.55975e+06 1.25513e+06
threshold=0.53244148506860378 1.0000000180025095e-35 1533.3340000000003 47.050000000000004 15.350000000000003 10.750000000000002 2.8500000000000001 0.84045454545454557 1.0000000180025095e-35 230.50000000000003 -0.22252093395631442
decision_type=2 2 2 2 2 2 2 2 2 2 2
left_child=1 -1 -2 -3 5 -4 8 -8 -6 10 -5
right_child=2 3 4 9 6 -7 7 -9 -10 -11 -12
leaf_value=31.755264115566369 -20.163153205765749 8.1710512777162485 5.9420580594456611 1.9296130379145409 3.7275951845972615 -15.831111553406819 -2.5099115130008882 11.689483625318225 -7.781317035610158 -11.957347115142436 -4.5233073794345966
leaf_weight=55 79 56 60 53 88 69 55 77 82 55 55
leaf_count=55 79 56 60 53 88 69 55 77 82 55 55
internal_value=-0.60769 5.13148 -3.69231 -1.58911 -0.661344 -5.7137 1.50028 5.78073 -1.82764 -4.95121 -1.35994
internal_weight=784 274 510 219 431 129 302 132 170 163 108
internal_count=784 274 510 219 431 129 302 132 170 163 108
is_linear=0
shrinkage=0.03


Tree=262
num_leaves=11
num_cat=0
split_feature=27 1 1 24 4 0 0 2 11 11
split_gain=2.53304e+07 7.15977e+07 4.65237e+07 1.47329e+07 8.13505e+06 1.246e+07 6.83236e+06 2.76005e+06 1.3712e+06 709979
threshold=0.56314550935064711 0.22500000000000003 1.0000000180025095e-35 4903.7694444444451 1017.4500000000002 25.450000000000003 510.20000000000005 6.2500000000000009 1.5000000000000002 2.5000000000000004
decision_type=2 2 2 2 2 2 2 2 2 2
left_child=2 -2 -1 -4 5 -3 -5 -8 -9 -7
right_child=1 4 3 6 -6 9 7 8 -10 -11
leaf_value=24.99590315232583 -38.76545610122259 -16.172086490001643 -12.380816461886834 12.39400489450686 9.5046307988276908 -0.63166611049898824 -3.9082694892005878 5.9464732233780637 0.7256783043204813 4.0141500888884991
leaf_weight=76 54 50 76 50 56 60 91 65 148 58
leaf_count=76 54 50 76 50 56 60 91 65 148 58
internal_value=-0.589454 -7.85977 3.40718 -0.423244 -0.367368 -3.66916 2.1522 0.457107 2.32504 1.65618
internal_weight=784 278 506 430 224 168 354 304 213 118
internal_count=784 278 506 430 224 168 354 304 213 118
is_linear=0
shrinkage=0.03


Tree=263
num_leaves=11
num_cat=0
split_feature=2 1 1 24 24 29 29 28 10 21
split_gain=1.41124e+07 5.34485e+07 4.58764e+07 1.26601e+07 4.57022e+06 4.1171e+06 4.04194e+06 3.71127e+06 2.53795e+06 2.12918e+06
threshold=5.5500000000000007 0.14583333333333334 1.0000000180025095e-35 4604.166666666667 13296.297222222223 -1.0000000180025095e-35 0.6078576107927941 -0.39748391402478145 6.5000000000000009 1.187690035952748
decision_type=2 2 2 2 2 2 2 2 2 2
left_child=2 -2 -1 -3 7 -4 -7 8 -5 -9
right_child=1 3 5 4 -6 6 -8 9 -10 -11
leaf_value=27.057083038757227 -29.368686852839321 -12.281196340768824 4.4414812591561237 9.7360751900071563 10.5438045318782 -9.4185146191965536 0.32428810411942871 -4.0868426778575957 0.96562366991811444 2.1434130007021421
leaf_weight=64 63 63 67 56 51 75 78 121 63 83
leaf_count=64 63 63 67 56 51 75 78 121 63 83
internal_value=-0.571933 -3.60473 4.76563 0.127107 2.22547 -1.74713 -4.46062 0.903453 5.10707 -1.55251
internal_weight=784 500 284 437 374 220 153 323 119 204
internal_count=784 500 284 437 374 220 153 323 119 204
is_linear=0
shrinkage=0.03


Tree=264
num_leaves=11
num_cat=0
split_feature=27 24 24 0 24 0 21 24 5 24
split_gain=2.33856e+07 4.24463e+07 2.89782e+07 3.03063e+07 1.33409e+07 6.42057e+06 5.23921e+06 3.47916e+06 2.89184e+06 2.02726e+06
threshold=0.56314550935064711 1.0000000180025095e-35 2040.0000000000002 4.9500000000000011 4903.7694444444451 510.20000000000005 0.64850320604842582 9792.591666666669 12.775000000000002 7260.5833333333339
decision_type=2 2 2 2 2 2 2 2 2 2
left_child=1 -1 -2 -4 -3 -6 7 -7 -5 -8
right_child=2 4 3 8 5 6 9 -9 -10 -11
leaf_value=23.906355048363359 -28.151793946869091 -11.752043349539781 -22.55668534505433 -0.75662055800460859 12.005727946089941 -9.7728881559036598 -0.76292909289916711 0.693660574332012 6.9693555359824009 5.7394137410588169
leaf_weight=76 50 76 54 87 50 58 66 56 87 124
leaf_count=76 50 76 54 87 50 58 66 56 87 124
internal_value=-0.554773 3.28537 -7.54043 -2.9893 -0.373375 2.07736 0.434149 -4.64302 3.11166 3.48302
internal_weight=784 506 278 228 430 354 304 114 174 190
internal_count=784 506 278 228 430 354 304 114 174 190
is_linear=0
shrinkage=0.03


Tree=265
num_leaves=9
num_cat=0
split_feature=1 24 0 21 24 21 14 24
split_gain=1.92915e+07 1.88328e+07 4.22571e+07 3.85785e+07 1.01477e+07 4.00405e+06 4.48518e+06 3.08506e+06
threshold=1.2500000000000002 2040.0000000000002 5.9500000000000011 0.54519255050505067 11905.091666666669 0.70145753816793899 230.50000000000003 7048.8083333333334
decision_type=2 2 2 2 2 2 2 2
left_child=1 3 -3 -1 5 6 -4 -7
right_child=-2 2 4 -5 -6 7 -8 -9
leaf_value=26.170735732690609 14.988370388751497 -22.847624432826755 -1.8827194846507627 -6.8810899677248276 12.100321762854593 -3.4992439100796968 -11.813932160990049 3.0274981229212812
leaf_weight=60 68 90 113 67 51 111 64 157
leaf_count=60 68 90 113 67 51 111 64 157
internal_value=-0.243029 -1.70138 -3.97167 8.75875 -0.534842 -1.99011 -5.48763 0.323334
internal_weight=781 713 586 127 496 445 177 268
internal_count=781 713 586 127 496 445 177 268
is_linear=0
shrinkage=0.03


Tree=266
num_leaves=10
num_cat=0
split_feature=1 1 21 1 21 27 7 21 4
split_gain=1.81559e+07 1.7651e+07 3.68549e+07 3.0242e+07 3.36944e+06 3.23995e+06 1.7846e+06 1.15661e+06 1.51445e+06
threshold=1.2500000000000002 1.0000000180025095e-35 0.54519255050505067 0.36666666666666675 0.8385507999393822 -0.73538978246754161 12.750000000000002 0.9068921622113113 1011.2500000000001
decision_type=2 2 2 2 2 2 2 2 2
left_child=1 2 -1 -3 5 -5 -7 -6 -9
right_child=-2 3 -4 4 7 6 -8 8 -10
leaf_value=26.268913276632418 14.540694176518898 -22.416269056807344 -6.7093665354613332 -10.467280395240115 5.2046031850540864 -6.3442206456381856 -0.31458110186901828 -3.2640384689792699 2.0654544499077225
leaf_weight=57 68 69 65 51 50 62 152 75 132
leaf_count=57 68 69 65 51 50 62 152 75 132
internal_value=-0.23563 -1.65041 8.72509 -3.79558 -1.32274 -3.69448 -2.06796 1.12425 0.132506
internal_weight=781 713 122 591 522 265 214 257 207
internal_count=781 713 122 591 522 265 214 257 207
is_linear=0
shrinkage=0.03


Tree=267
num_leaves=8
num_cat=0
split_feature=1 1 0 21 0 27 21
split_gain=1.70875e+07 1.66133e+07 3.94583e+07 3.46877e+07 5.36066e+06 3.86298e+06 1.89631e+06
threshold=1.2500000000000002 1.0000000180025095e-35 4.9500000000000011 0.54519255050505067 549.15000000000009 -0.89001933454452076 0.81197628458498039
decision_type=2 2 2 2 2 2 2
left_child=1 3 -3 -1 -4 -6 -7
right_child=-2 2 4 -5 5 6 -8
leaf_value=25.484971033066351 14.106389055782669 -22.55729312081689 8.6939527406748276 -6.5090100061437077 -7.9485786685819884 -2.4840563855836204 1.729588715191444
leaf_weight=57 68 85 51 65 71 189 195
leaf_count=57 68 85 51 65 71 189 195
internal_value=-0.228578 -1.6011 -3.68225 8.46477 -0.500036 -1.53564 -0.344611
internal_weight=781 713 591 122 506 455 384
internal_count=781 713 591 122 506 455 384
is_linear=0
shrinkage=0.03


Tree=268
num_leaves=9
num_cat=0
split_feature=1 24 21 1 24 24 21 27
split_gain=1.60817e+07 1.57496e+07 3.22456e+07 2.8934e+07 9.96268e+06 4.72036e+06 4.83861e+06 1.59015e+06
threshold=1.2500000000000002 2040.0000000000002 0.54519255050505067 0.36666666666666675 11905.091666666669 6062.11388888889 0.65135923550861319 0.38165740977356993
decision_type=2 2 2 2 2 2 2 2
left_child=1 2 -1 -3 5 7 -7 -5
right_child=-2 3 -4 4 -6 6 -8 -9
leaf_value=23.931357640508391 13.685056417138476 -22.136663405870436 -6.2861184064346469 -11.802994032948915 10.688918480796882 -5.3513545658673749 2.0022149863909258 -4.8527160956240278
leaf_weight=60 68 67 67 50 56 131 208 74
leaf_count=60 68 67 67 50 56 131 208 74
internal_value=-0.2216 -1.55311 8.01254 -3.62927 -1.22864 -2.67608 -0.841622 -7.67704
internal_weight=781 713 127 586 519 463 339 124
internal_count=781 713 127 586 519 463 339 124
is_linear=0
shrinkage=0.03


Tree=269
num_leaves=9
num_cat=0
split_feature=1 24 0 21 24 21 14 24
split_gain=1.51353e+07 1.48234e+07 3.5348e+07 3.0349e+07 7.1206e+06 3.3581e+06 4.05131e+06 2.72941e+06
threshold=1.2500000000000002 2040.0000000000002 4.9500000000000011 0.54519255050505067 11905.091666666669 0.70145753816793899 230.50000000000003 7048.8083333333334
decision_type=2 2 2 2 2 2 2 2
left_child=1 3 -3 -1 5 6 -4 -7
right_child=-2 2 4 -5 -6 7 -8 -9
leaf_value=23.216988313589521 13.276308233196879 -21.496433470919463 -1.549944102698896 -6.0983752790000434 9.5521257865661848 -3.2305154607302358 -10.987652024470073 2.8924846014458132
leaf_weight=60 68 84 113 67 56 112 64 157
leaf_count=60 68 84 113 67 56 112 64 157
internal_value=-0.214953 -1.50669 -3.52087 7.77341 -0.501949 -1.76994 -4.97532 0.342339
internal_weight=781 713 586 127 502 446 177 269
internal_count=781 713 586 127 502 446 177 269
is_linear=0
shrinkage=0.03


Tree=270
num_leaves=12
num_cat=0
split_feature=22 20 1 28 1 8 20 26 14 22 28
split_gain=1.22238e+07 1.63806e+07 4.00604e+07 3.45498e+07 6.96184e+07 6.92008e+06 1.00291e+07 3.89893e+06 7.2302e+06 3.40722e+06 2.28315e+06
threshold=-0.93301270189221908 10.226250000000002 0.29166666666666669 -0.9523422988233432 0.36666666666666675 8.1500000000000004 5.6454000000000004 5.700000000000002 215.00000000000003 0.68301270189221941 0.32534208471197984
decision_type=2 2 2 2 2 2 2 2 2 2 2
left_child=-1 2 -2 -3 -5 6 9 -6 -9 -4 -7
right_child=1 3 5 4 7 10 -8 8 -10 -11 -12
leaf_value=-13.639933459190669 -26.030237082386517 -10.455765097701253 -3.0620055514300071 38.671038764016252 -4.5759406129937421 -1.3283632482736596 13.550564933011684 11.536011977325845 -2.3132825567598028 5.4327301604928451 -9.8607470215133759
leaf_weight=53 57 84 115 64 51 63 68 73 63 67 51
leaf_count=53 57 84 115 64 51 63 68 73 63 67 51
internal_value=0.246002 1.22452 -2.714 6.17215 11.7427 0.955579 3.74781 2.47942 5.12949 0.0689221 -5.16142
internal_weight=809 756 421 335 251 364 250 187 136 182 114
internal_count=809 756 421 335 251 364 250 187 136 182 114
is_linear=0
shrinkage=0.03


Tree=271
num_leaves=10
num_cat=0
split_feature=30 0 1 5 1 2 0 0 27
split_gain=1.31581e+07 3.71375e+07 2.78836e+07 1.44926e+07 1.86288e+07 5.65786e+06 8.32375e+06 4.3676e+06 2.7118e+06
threshold=-0.56174490092936669 6.1000000000000005 0.29166666666666669 25.550000000000004 0.18333333333333332 9.5500000000000025 1025.6000000000001 487.30000000000007 0.10738035228456499
decision_type=2 2 2 2 2 2 2 2 2
left_child=2 -2 -1 4 -3 -4 -7 -6 -9
right_child=1 3 5 -5 7 6 -8 8 -10
leaf_value=-24.375299360580865 21.63591077713069 -18.621920602598241 5.6877681068183383 14.655685893108972 7.1944527100437909 -13.829444296288917 1.6666057820858962 -4.2881927689367503 1.5489310584197171
leaf_weight=54 81 54 85 51 66 50 82 142 144
leaf_count=54 81 54 85 51 66 50 82 142 144
internal_value=0.238597 2.95368 -5.14877 -0.36961 -2.26647 -0.337206 -4.22109 0.256296 -1.35065
internal_weight=809 538 271 457 406 217 132 352 286
internal_count=809 538 271 457 406 217 132 352 286
is_linear=0
shrinkage=0.03


Tree=272
num_leaves=12
num_cat=0
split_feature=24 28 24 28 24 6 0 0 24 0 9
split_gain=1.62644e+07 1.63024e+07 3.13965e+07 2.89706e+07 5.57038e+07 6.3228e+06 9.36361e+06 4.8601e+06 2.07166e+06 1.34124e+06 809724
threshold=14708.333333333334 -0.41327860778290426 1580.0000000000002 -0.9523422988233432 2470.0000000000005 3.1500000000000008 1087.8500000000001 1675.4500000000003 7342.5916666666672 1310.8000000000002 1.0000000180025095e-35
decision_type=2 2 2 2 2 2 2 2 2 2 2
left_child=1 3 -3 -1 -5 7 -7 -4 -9 -6 -8
right_child=-2 2 5 4 9 6 10 8 -10 -11 -12
leaf_value=-10.030734843164863 16.411610992023185 -22.90907739053041 -11.09626275699663 38.036280465377004 -2.1596113851056984 12.000486392828808 0.15713487118724323 -6.1610175389845381 1.6045716678636013 3.8313482698292227 -4.4219708839534286
leaf_weight=82 52 69 72 51 53 65 86 50 80 91 58
leaf_count=82 52 69 72 51 53 65 86 50 80 91 58
internal_value=0.231342 -0.886165 -4.22969 4.90594 11.1928 -1.07929 2.57712 -4.86066 -1.38943 1.62637 -1.69252
internal_weight=809 757 480 277 195 411 209 202 130 144 144
internal_count=809 757 480 277 195 411 209 202 130 144 144
is_linear=0
shrinkage=0.03


Tree=273
num_leaves=11
num_cat=0
split_feature=24 28 1 28 24 26 24 0 24 26
split_gain=1.53083e+07 1.53442e+07 3.78543e+07 2.72662e+07 5.24312e+07 2.34396e+07 2.34026e+07 5.18097e+07 3.31912e+06 1.71246e+06
threshold=14708.333333333334 -0.41327860778290426 0.65000000000000013 -0.9523422988233432 2470.0000000000005 8.3500000000000032 4604.166666666667 1388.2 7260.5833333333339 6.0499999999999998
decision_type=2 2 2 2 2 2 2 2 2 2
left_child=1 3 5 -1 -5 -3 -4 -8 -9 -6
right_child=-2 2 6 4 9 -7 7 8 -10 -11
leaf_value=-9.7309096961641384 15.922086652533274 -6.4341158458450076 -17.961923143000362 36.90186537759346 -2.7636147439092338 -34.428569690637424 31.458296675350272 -6.2488998074647863 0.73193207822659312 4.0325683479681045
leaf_weight=82 52 57 53 51 52 51 50 94 175 92
leaf_count=82 52 57 53 51 52 51 50 94 175 92
internal_value=0.224572 -0.859594 -4.10338 4.75973 10.8589 -19.7126 0.44053 3.51202 -1.71168 1.57769
internal_weight=809 757 480 277 195 108 372 319 269 144
internal_count=809 757 480 277 195 108 372 319 269 144
is_linear=0
shrinkage=0.03


Tree=274
num_leaves=10
num_cat=0
split_feature=24 1 23 0 3 24 20 24 21
split_gain=1.44085e+07 1.46024e+07 1.74813e+07 3.30832e+07 1.97159e+07 2.64219e+07 7.75334e+06 1.37405e+07 890343
threshold=14708.333333333334 1.2500000000000002 -0.5 756.05000000000007 83.700000000000003 2717.1428571428578 10.34775 5990.7416666666677 0.77430682617874746
decision_type=2 2 2 2 2 2 2 2 2
left_child=1 2 4 -4 5 -1 7 -5 -7
right_child=-2 -3 3 6 -6 8 -8 -9 -10
leaf_value=27.579478806446431 15.447163836331486 12.088447315943693 -21.575527147986115 -17.241197470974967 -9.1604914455496385 4.4696230828723795 6.0439775875964799 -0.51659438000913382 -0.7154567989129671
leaf_weight=52 52 71 93 56 69 62 91 206 57
leaf_count=52 52 71 93 56 69 62 91 206 57
internal_value=0.217961 -0.833859 -2.17601 -5.68775 4.34889 9.80659 -1.48723 -4.10698 1.99038
internal_weight=809 757 686 446 240 171 353 262 119
internal_count=809 757 686 446 240 171 353 262 119
is_linear=0
shrinkage=0.03


Tree=275
num_leaves=9
num_cat=0
split_feature=1 24 2 2 1 0 12 28
split_gain=2.05252e+07 1.83037e+07 1.23754e+07 2.71567e+07 2.20181e+07 1.36046e+07 4.34372e+06 3.69903e+06
threshold=1.2500000000000002 14477.777777777779 1.0000000180025095e-35 8.2500000000000018 0.36666666666666675 115.7 1.0000000180025095e-35 -0.04732138832243208
decision_type=2 2 2 2 2 2 2 2
left_child=1 2 4 -4 -1 -5 -7 -6
right_child=-2 -3 3 5 7 6 -8 -9
leaf_value=-24.628097138758378 17.139831857887408 15.488777589645522 20.986215985839127 -15.863195698739791 3.5225102956132739 -1.3971712066009121 7.8207592780814004 -6.1446796753095549
leaf_weight=55 61 56 51 56 57 301 54 94
leaf_count=55 61 56 51 56 57 301 54 94
internal_value=0.4716 -0.939273 -2.32282 0.404901 -8.43208 -2.16241 0.0103871 -2.49567
internal_weight=785 724 668 462 206 411 355 151
internal_count=785 724 668 462 206 411 355 151
is_linear=0
shrinkage=0.03


Tree=276
num_leaves=9
num_cat=0
split_feature=1 2 1 14 2 2 4 28
split_gain=1.93177e+07 1.17062e+07 2.96404e+07 2.82037e+07 1.65824e+07 7.26727e+06 8.36414e+06 4.79613e+06
threshold=1.2500000000000002 1.0000000180025095e-35 0.29166666666666669 56.000000000000007 9.8500000000000032 13.950000000000001 999.45000000000016 0.03011918916419835
decision_type=2 2 2 2 2 2 2 2
left_child=1 2 -1 -3 -5 -6 -7 -4
right_child=-2 3 7 4 5 6 -8 -9
leaf_value=-26.402479366221343 16.62815361483451 20.16851586488691 5.4449873701912246 -17.133966347320737 11.085128324820809 10.49141343613117 -2.6734470134811521 -4.8173183116495677
leaf_weight=52 61 64 70 51 55 51 283 98
leaf_count=52 61 64 70 51 55 51 283 98
internal_value=0.457646 -0.911097 -6.68002 1.60954 -1.10183 1.01164 -0.655606 -0.53922
internal_weight=785 724 220 504 440 389 334 168
internal_count=785 724 220 504 440 389 334 168
is_linear=0
shrinkage=0.03


Tree=277
num_leaves=9
num_cat=0
split_feature=1 24 2 2 1 0 29 23
split_gain=1.81814e+07 1.72294e+07 1.0992e+07 2.52622e+07 1.94878e+07 1.26193e+07 4.07221e+06 3.16756e+06
threshold=1.2500000000000002 14477.777777777779 1.0000000180025095e-35 8.2500000000000018 0.36666666666666675 115.7 -0.70440582564969068 1.0000000180025095e-35
decision_type=2 2 2 2 2 2 2 2
left_child=1 2 4 -4 -1 -5 -7 -6
right_child=-2 -3 3 5 7 6 -8 -9
leaf_value=-23.220857644658839 16.131750321967761 15.054837106531934 20.195079621766745 -15.32678951778378 2.9433896184323438 7.5235494825457998 -1.4016499740864563 -5.9193321556251126
leaf_weight=55 61 56 51 56 60 54 301 91
leaf_count=55 61 56 51 56 60 54 301 91
internal_value=0.444063 -0.883812 -2.22616 0.344607 -7.98382 -2.1315 -0.0387824 -2.39881
internal_weight=785 724 668 462 206 411 355 151
internal_count=785 724 668 462 206 411 355 151
is_linear=0
shrinkage=0.03


Tree=278
num_leaves=9
num_cat=0
split_feature=0 20 11 0 8 4 4 21
split_gain=1.74954e+07 1.97353e+07 2.64595e+07 1.42791e+07 7.12378e+06 1.55163e+07 7.12094e+06 4.19089e+06
threshold=175.50000000000003 6.4430000000000014 2.5000000000000004 1191.4500000000003 23.050000000000004 1004.2500000000001 1009.0500000000001 0.77430682617874746
decision_type=2 2 2 2 2 2 2 2
left_child=1 -1 -3 -2 5 -5 -7 -8
right_child=3 2 -4 4 -6 6 7 -9
leaf_value=-4.6068196687390737 -13.455727142210216 28.498492340888216 1.3482568584519263 -13.203372570915953 9.6166853131969852 8.8558691296800713 -5.8229693020365758 1.7775054064630686
leaf_weight=71 86 65 64 83 58 83 106 169
leaf_count=71 86 65 64 83 58 83 106 169
internal_value=0.430924 8.08377 15.0631 -2.18822 -0.239388 -1.54133 1.17121 -1.15525
internal_weight=785 200 129 585 499 441 358 275
internal_count=785 200 129 585 499 441 358 275
is_linear=0
shrinkage=0.03


Tree=279
num_leaves=10
num_cat=0
split_feature=1 21 1 21 1 18 26 0 5
split_gain=1.72239e+07 1.02085e+07 2.67053e+07 1.5366e+07 9.10524e+06 4.46921e+06 4.33646e+06 3.51529e+06 2.19717e+06
threshold=1.2500000000000002 1.0000000180025095e-35 0.29166666666666669 0.61666249807009432 0.22500000000000003 1.0000000180025095e-35 9.8500000000000032 1211.4000000000003 15.850000000000003
decision_type=2 2 2 2 2 2 2 2 2
left_child=1 2 -1 -3 -5 8 7 -6 -4
right_child=-2 3 5 4 6 -7 -8 -9 -10
leaf_value=-25.210722082930001 15.687185773818374 17.224103040221195 7.2223974762256073 -10.905479368941551 -5.6600727344823847 -7.2788568587654865 7.9125973010728092 1.7023114338838599 -1.1302544846706488
leaf_weight=51 61 50 55 62 77 58 75 238 58
leaf_count=51 61 50 55 62 77 58 75 238 58
internal_value=0.418145 -0.874287 -6.22659 1.49496 -0.255243 -0.530371 1.44493 -0.101027 2.94348
internal_weight=785 724 222 502 452 171 390 315 113
internal_count=785 724 222 502 452 171 390 315 113
is_linear=0
shrinkage=0.03


Tree=280
num_leaves=13
num_cat=0
split_feature=28 7 25 3 3 0 30 28 3 14 8 3
split_gain=1.23005e+07 1.07676e+07 9.94013e+06 1.68033e+07 1.49356e+07 1.30856e+07 7.89184e+06 5.37549e+06 4.84025e+06 9.10771e+06 9.51055e+06 3.62866e+06
threshold=-0.37370587188196386 24.650000000000002 10.096485000000003 60.45000000000001 73.550000000000011 1841.7000000000003 -0.22252093395631442 -0.5702211704133231 69.550000000000011 177.50000000000003 24.050000000000004 52.650000000000006
decision_type=2 2 2 2 2 2 2 2 2 2 2 2
left_child=7 2 3 6 11 -5 -2 8 -1 -10 -11 -4
right_child=1 -3 4 5 -6 -7 -8 -9 9 10 -12 -13
leaf_value=10.855469510500216 9.6634800395698601 -15.205034274659765 -8.0785491413823962 -24.833030934473225 15.361606110945498 -4.324705742881731 -5.2601368398801984 13.339301621701706 -7.6454721453614525 15.020285472657539 -1.9576035218661529 1.8530954589717015
leaf_weight=56 64 54 52 51 67 62 63 57 71 55 64 90
leaf_count=56 64 54 52 51 67 62 63 57 71 55 64 90
internal_value=0.289189 -2.58682 -1.06011 -5.22254 3.72032 -13.622 2.26541 5.06143 3.12943 0.838716 5.90728 -1.79315
internal_weight=806 503 449 240 209 113 127 303 246 190 119 142
internal_count=806 503 449 240 209 113 127 303 246 190 119 142
is_linear=0
shrinkage=0.03


Tree=281
num_leaves=13
num_cat=0
split_feature=20 1 1 7 24 24 23 21 20 4 29 14
split_gain=1.08976e+07 3.06621e+07 1.67968e+07 2.33269e+07 7.80706e+06 6.56257e+06 4.66409e+06 4.30122e+06 3.31816e+06 2.72437e+06 1.662e+06 1.07614e+06
threshold=7.6419750000000013 0.36666666666666675 0.36666666666666675 25.050000000000004 3805.416666666667 8476.1111111111131 -0.68301270189221952 0.70145753816793899 3.1545000000000001 1014.1500000000002 1.0000000180025095e-35 173.50000000000003
decision_type=2 2 2 2 2 2 2 2 2 2 2 2
left_child=1 -1 3 -2 -4 9 11 -8 -7 -3 -9 -6
right_child=2 5 4 -5 6 8 7 10 -10 -11 -12 -13
leaf_value=-24.384728555800038 24.005539493587921 -8.5706573194780713 -10.741442115109271 -1.569434689526614 9.7995769379152886 0.71899154295001122 -7.0214812635338832 -0.91888634019163962 11.529671115317539 -0.38731699810884607 5.7371485417429815 3.7513956182761046
leaf_weight=55 70 61 54 59 51 51 71 75 51 91 61 56
leaf_count=55 70 61 54 59 51 51 71 75 51 91 61 56
internal_value=0.280499 -4.14117 3.03044 12.3319 -0.237486 0.265844 1.57743 -1.05227 6.14238 -3.68189 2.07253 6.6536
internal_weight=806 309 497 129 368 254 314 207 102 152 136 107
internal_count=806 309 497 129 368 254 314 207 102 152 136 107
is_linear=0
shrinkage=0.03


Tree=282
num_leaves=11
num_cat=0
split_feature=28 24 4 3 4 4 30 8 4 3
split_gain=1.11603e+07 1.2803e+07 1.14659e+07 7.76797e+06 1.44184e+07 1.29592e+07 1.28579e+07 4.48732e+06 2.77409e+06 2.85603e+06
threshold=-0.37370587188196386 1.0000000180025095e-35 1004.9500000000002 39.900000000000006 1011.9500000000002 1015.9500000000002 -0.22252093395631442 3.1500000000000008 999.95000000000016 78.700000000000003
decision_type=2 2 2 2 2 2 2 2 2 2
left_child=1 -1 -2 -4 6 -6 -5 -7 -3 -10
right_child=2 8 3 4 5 7 -8 -9 9 -11
leaf_value=16.819971001973084 -15.355592145850011 6.8181395408267615 9.3391879015639567 -2.6405737370182303 -16.308420568079221 -6.8362769478835252 15.989545064446899 2.8419697262125676 3.3795989368263579 -4.3195206409501861
leaf_weight=63 55 67 58 76 83 84 59 88 89 84
leaf_count=63 55 67 58 76 83 84 59 88 89 84
internal_value=0.272105 4.81779 -2.46737 -0.875877 -2.40107 -6.59555 5.51881 -1.88824 1.65012 -0.359656
internal_weight=806 303 503 448 390 255 135 172 240 173
internal_count=806 303 503 448 390 255 135 172 240 173
is_linear=0
shrinkage=0.03


Tree=283
num_leaves=11
num_cat=0
split_feature=20 24 3 0 24 24 24 3 23 24
split_gain=9.94408e+06 1.40253e+07 1.36078e+07 1.48448e+07 1.66901e+07 1.34096e+07 4.86579e+06 4.00484e+06 4.34867e+06 1.66343e+06
threshold=7.6419750000000013 1.0000000180025095e-35 39.900000000000006 48.650000000000006 5648.6111111111122 11905.091666666669 3805.416666666667 68.450000000000017 -0.68301270189221952 8476.1111111111131
decision_type=2 2 2 2 2 2 2 2 2 2
left_child=2 -2 -1 -4 -5 6 -3 -8 -9 -6
right_child=1 5 3 4 9 -7 7 8 -10 -11
leaf_value=8.9681312948776952 14.042377269208643 -9.4785819039909143 -21.065361649117818 -18.129108825895944 -1.072411401767899 14.083956028503898 5.9285554472897033 3.2359486386065965 -5.3715281877794077 5.3171374633197033
leaf_weight=59 84 58 53 50 79 57 76 86 136 68
leaf_count=59 84 58 53 50 79 57 76 86 136 68
internal_value=0.264051 2.89094 -3.95975 -7.01785 -3.21224 0.614278 -1.5524 -0.00171017 -2.03719 1.88805
internal_weight=806 497 309 250 197 413 356 298 222 147
internal_count=806 497 309 250 197 413 356 298 222 147
is_linear=0
shrinkage=0.03


Tree=284
num_leaves=13
num_cat=0
split_feature=28 3 0 10 8 11 6 26 2 2 26 26
split_gain=1.00923e+07 9.11402e+06 7.98013e+06 7.40418e+06 5.54981e+06 1.04668e+07 4.87053e+06 4.59344e+06 1.0361e+07 2.40334e+06 2.1537e+06 1.42534e+06
threshold=-0.37370587188196386 39.900000000000006 5.9500000000000011 9.5000000000000018 16.950000000000003 1.5000000000000002 2.4500000000000006 6.5000000000000018 5.4500000000000011 9.2500000000000018 6.0499999999999998 8.5500000000000025
decision_type=2 2 2 2 2 2 2 2 2 2 2 2
left_child=4 -2 -3 7 -1 -6 -7 -4 -9 -5 -8 -11
right_child=1 2 3 9 5 6 10 8 -10 11 -12 -13
leaf_value=-2.7515444832597171 8.7004484743694022 -13.509316480557734 0.69871701170355727 8.2023161365971653 15.929171485775887 -5.3328222501538622 10.25908397350705 -18.02236486676799 -2.0626351591394037 3.725753310082367 1.706838403964803 -3.116920887945358
leaf_weight=71 59 65 69 50 76 50 53 62 89 54 53 55
leaf_count=71 59 65 69 50 76 50 53 62 89 54 53 55
internal_value=0.25609 -2.34901 -3.8222 -2.15143 4.57881 6.82285 2.36432 -5.71296 -8.63844 2.7779 5.99993 0.273867
internal_weight=806 503 444 379 303 232 156 220 151 159 106 109
internal_count=806 503 444 379 303 232 156 220 151 159 106 109
is_linear=0
shrinkage=0.03


Tree=285
num_leaves=8
num_cat=0
split_feature=24 20 4 24 1 0 25
split_gain=1.8114e+07 8.85552e+06 2.06059e+07 1.14564e+07 1.97952e+07 2.22289e+07 1.25297e+07
threshold=13966.66666666667 21.650300000000005 999.05000000000007 3805.416666666667 0.65000000000000013 1139.4500000000003 12.342740000000001
decision_type=2 2 2 2 2 2 2
left_child=1 2 -1 6 -5 -6 -4
right_child=-2 -3 3 4 5 -7 -8
leaf_value=13.792459142589953 15.646529833182136 -14.161929753495022 0.87802468835337477 -18.394902328582216 20.016537820916426 -1.1018932223179878 -17.358430742499241
leaf_weight=74 56 50 55 50 51 357 88
leaf_count=74 56 50 55 50 51 357 88
internal_value=-0.746158 -2.01831 -1.11288 -2.95413 -0.637403 1.55066 -10.3572
internal_weight=781 725 675 601 458 408 143
internal_count=781 725 675 601 458 408 143
is_linear=0
shrinkage=0.03


Tree=286
num_leaves=10
num_cat=0
split_feature=24 24 4 1 23 15 4 26 21
split_gain=1.70488e+07 8.36454e+06 2.4059e+07 1.45393e+07 1.28282e+07 6.18679e+06 5.99531e+06 3.80981e+06 3.48254e+06
threshold=13966.66666666667 4563.6583333333338 1006.2500000000001 0.65000000000000013 0.25000000000000017 1.0000000180025095e-35 1011.6500000000002 9.2500000000000018 0.65135923550861319
decision_type=2 2 2 2 2 2 2 2 2
left_child=1 2 -1 -3 -4 7 -7 8 -5
right_child=-2 3 4 5 -6 6 -8 -9 -10
leaf_value=4.5384154537236574 15.179635101372565 -14.321196107640189 -25.873254675865173 -6.517999496658426 -6.6909551502427203 14.869702691282903 0.99746144634474476 5.7848999504099226 0.76760971954320611
leaf_weight=96 56 55 57 91 70 57 55 77 167
leaf_count=96 56 55 57 91 70 57 55 77 167
internal_value=-0.723781 -1.95797 -6.78846 0.190605 -15.3411 1.9846 8.07838 -0.0581016 -1.80667
internal_weight=781 725 223 502 127 447 112 335 258
internal_count=781 725 223 502 127 447 112 335 258
is_linear=0
shrinkage=0.03


Tree=287
num_leaves=9
num_cat=0
split_feature=20 4 1 27 27 8 5 8
split_gain=1.01633e+07 1.58519e+07 1.17989e+07 3.71741e+07 1.32048e+07 5.44556e+06 6.49918e+06 4.89251e+06
threshold=21.650300000000005 999.05000000000007 0.29166666666666669 0.54162280503947546 0.94970904815366264 10.15 10.350000000000003 13.350000000000003
decision_type=2 2 2 2 2 2 2 2
left_child=1 -1 3 -3 5 6 -4 -7
right_child=-2 2 4 -5 -6 7 -8 -9
leaf_value=13.329640372008045 -13.746024312006078 7.9912468576710127 -1.004005986598649 -27.482685664696028 10.829799396229719 -11.781966169592433 11.230237849256392 -2.1078448966122632
leaf_weight=74 50 51 175 55 92 65 50 169
leaf_count=74 50 51 175 55 92 65 50 169
internal_value=-0.702196 0.195256 -1.28951 -10.4406 0.475659 -1.60538 1.72601 -4.80678
internal_weight=781 731 657 106 551 459 225 234
internal_count=781 731 657 106 551 459 225 234
is_linear=0
shrinkage=0.03


Tree=288
num_leaves=9
num_cat=0
split_feature=0 1 0 27 14 0 27 21
split_gain=9.40084e+06 2.07958e+07 1.7363e+07 1.72547e+07 1.6081e+07 6.78034e+06 3.26329e+06 1.02914e+06
threshold=8.1000000000000014 0.18333333333333332 251.45000000000002 0.74409704927257569 163.50000000000003 1003.85 -0.89391031859722869 0.47914747005328323
decision_type=2 2 2 2 2 2 2 2
left_child=3 4 -3 -1 -2 -4 -7 -8
right_child=1 2 5 -5 -6 6 7 -9
leaf_value=18.977888746573662 -26.419613533243101 15.362113433667083 -11.489290296984821 -3.3566017102846115 -2.4951092629096143 -6.30480142777966 -1.5025127873816493 1.8442179715016032
leaf_weight=57 51 60 56 68 50 71 125 243
leaf_count=57 51 60 56 68 50 71 125 243
internal_value=-0.681277 -2.11863 0.162743 6.84891 -14.6184 -1.68778 -0.430455 0.707099
internal_weight=781 656 555 125 101 495 439 368
internal_count=781 656 555 125 101 495 439 368
is_linear=0
shrinkage=0.03


Tree=289
num_leaves=8
num_cat=0
split_feature=24 0 24 0 0 27 28
split_gain=1.60903e+07 8.31007e+06 3.30093e+07 4.33684e+07 1.57168e+07 4.36836e+06 1.30822e+06
threshold=13966.66666666667 4.1000000000000005 1610.0000000000002 795.45000000000016 259.10000000000008 -0.85206963063867713 0.94968266440323634
decision_type=2 2 2 2 2 2 2
left_child=1 -1 3 -3 -4 -6 -7
right_child=-2 2 4 -5 5 6 -8
leaf_value=8.9031992479038085 14.788845450094707 -38.222377549886232 13.990918570089129 -2.3948245736143106 -7.8798906088291041 0.4647632051161984 -4.7166885896610689
leaf_weight=59 56 50 67 77 80 342 50
leaf_count=59 56 50 67 77 80 342 50
internal_value=-0.661017 -1.86002 -2.81711 -16.5571 0.427709 -1.50522 -0.199215
internal_weight=781 725 666 127 539 472 392
internal_count=781 725 666 127 539 472 392
is_linear=0
shrinkage=0.03


Tree=290
num_leaves=11
num_cat=0
split_feature=24 1 6 24 0 4 20 4 23 0
split_gain=1.41488e+07 1.57213e+07 1.46705e+07 4.07227e+07 2.04983e+07 6.95197e+06 1.67342e+07 1.36031e+07 2.55108e+06 1.21135e+06
threshold=14708.333333333334 1.2500000000000002 2.4500000000000006 4073.9083333333333 487.30000000000007 1004.2500000000001 18.345700000000004 1009.0500000000001 -0.5 1841.7000000000003
decision_type=2 2 2 2 2 2 2 2 2 2
left_child=1 2 3 -1 -4 6 -6 -7 -5 -10
right_child=-2 -3 4 8 5 7 -8 -9 9 -11
leaf_value=29.026090664721387 16.357290575308284 14.529605403195061 -16.824562622563338 3.737395498738918 -19.868297513158694 12.303972870584866 3.7331560917300077 -2.6026588387658847 -7.7492133054486807 -1.539301449540563
leaf_weight=50 52 63 91 52 51 76 57 198 50 65
leaf_count=50 52 63 91 52 51 76 57 198 50 65
internal_value=1.26867 0.220577 -1.09163 5.36202 -4.05394 -1.00089 -7.43606 1.54093 -1.76232 -4.25248
internal_weight=805 753 690 217 473 382 108 274 167 115
internal_count=805 753 690 217 473 382 108 274 167 115
is_linear=0
shrinkage=0.03


Tree=291
num_leaves=12
num_cat=0
split_feature=14 5 26 14 0 29 21 0 0 9 0
split_gain=1.03726e+07 3.8188e+07 9.76315e+06 1.3002e+07 1.2596e+07 9.66584e+06 2.50234e+07 9.38383e+06 1.09505e+07 7.98485e+06 7.12527e+06
threshold=56.000000000000007 3.1500000000000008 11.050000000000002 175.50000000000003 3.8500000000000005 0.6078576107927941 0.64182307975686148 286.85000000000008 2470.2500000000005 1.4500000000000002 2848.7500000000005
decision_type=2 2 2 2 2 2 2 2 2 2 2
left_child=1 -1 3 4 -2 7 -7 -5 -9 10 -6
right_child=2 -3 -4 5 9 6 -8 8 -10 -11 -12
leaf_value=-8.4772007584528737 -19.07116716089828 26.05417431798147 12.049817345129194 10.273046729550726 -4.1975462128899315 25.64326517484297 -1.5579265828397881 -9.130852243688663 6.6663064736096649 -12.234990032727445 8.9433693157215668
leaf_weight=55 54 60 54 51 102 50 77 127 57 60 58
leaf_count=55 54 60 54 51 102 50 77 127 57 60 58
internal_value=1.23095 9.56 -0.160761 -1.20271 -6.12962 2.52845 9.18633 -1.07672 -4.23423 -2.93137 0.573802
internal_weight=805 115 690 636 274 362 127 235 184 220 160
internal_count=805 115 690 636 274 362 127 235 184 220 160
is_linear=0
shrinkage=0.03


Tree=292
num_leaves=8
num_cat=0
split_feature=24 24 28 0 0 0 28
split_gain=1.3652e+07 9.06499e+06 3.02339e+07 1.37846e+07 8.87679e+06 2.74808e+06 2.07526e+06
threshold=14708.333333333334 1.0000000180025095e-35 -0.67758968959607091 5.9500000000000011 411.45000000000005 1211.4000000000003 -0.34155811708470757
decision_type=2 2 2 2 2 2 2
left_child=1 2 -1 -3 -5 -6 -7
right_child=-2 3 -4 4 5 6 -8
leaf_value=-9.3710659768031199 16.0157575985852 -13.806261442002667 20.691208815141156 9.0769706330184672 -7.2598712094417408 2.771356343241187 -1.8530559408627487
leaf_weight=53 52 70 69 87 61 125 288
leaf_count=53 52 70 69 87 61 125 288
internal_value=1.19441 0.164913 7.64034 -1.28335 0.285757 -1.33252 -0.452398
internal_weight=805 753 122 631 561 474 413
internal_count=805 753 122 631 561 474 413
is_linear=0
shrinkage=0.03


Tree=293
num_leaves=12
num_cat=0
split_feature=24 1 6 24 1 8 28 27 21 9 21
split_gain=1.28498e+07 1.42002e+07 1.36122e+07 3.72951e+07 8.60554e+06 1.96658e+07 2.67854e+06 2.6475e+06 3.79428e+06 1.618e+06 1.08548e+06
threshold=14708.333333333334 1.2500000000000002 2.4500000000000006 4073.9083333333333 0.65000000000000013 16.950000000000003 -0.55599684127981919 0.24284747324344283 0.80442529068085855 1.0000000180025095e-35 0.93917808219178089
decision_type=2 2 2 2 2 2 2 2 2 2 2
left_child=1 2 3 -1 5 -4 -5 8 -6 -9 -8
right_child=-2 -3 4 6 7 -7 10 9 -10 -11 -12
leaf_value=27.775703171489251 15.538041465569636 13.759167149259016 -18.157842832769592 4.107036164285649 -8.355632608284731 4.7984156293303748 -7.3330187829931957 3.7330117697089427 0.67810754462307388 -2.5792696760729825 -1.5275667001596691
leaf_weight=50 52 63 94 50 84 52 53 104 83 56 64
leaf_count=50 52 63 94 50 84 52 53 104 83 56 64
internal_value=1.15876 0.159968 -1.08712 5.12941 -3.94057 -9.98851 -1.68851 -1.23356 -3.87259 1.52296 -4.16949
internal_weight=805 753 690 217 473 146 167 327 167 160 117
internal_count=805 753 690 217 473 146 167 327 167 160 117
is_linear=0
shrinkage=0.03


Tree=294
num_leaves=10
num_cat=0
split_feature=1 1 28 0 21 0 21 27 23
split_gain=1.14062e+07 8.46821e+06 2.90016e+07 1.13003e+07 7.78219e+06 3.72407e+06 1.88046e+06 2.79502e+06 942376
threshold=1.2500000000000002 1.0000000180025095e-35 -0.67758968959607091 5.9500000000000011 0.89769754055468354 680.05000000000007 0.72311525064364701 0.30901413279605805 -0.68301270189221952
decision_type=2 2 2 2 2 2 2 2 2
left_child=1 2 -1 4 -3 -5 7 -7 -8
right_child=-2 3 -4 5 -6 6 8 -9 -10
leaf_value=-9.3640689756096407 13.348348293575631 -18.703588500887328 20.078697296737076 8.1307453262596798 -2.1403518404598127 -5.5933663015291799 4.8688645202571079 1.6085972566822138 0.38002550125122064
leaf_weight=53 63 51 69 51 51 116 52 83 216
leaf_count=53 63 51 69 51 51 116 52 83 216
internal_value=1.12436 0.0814909 7.29632 -1.34103 -10.4526 0.45814 -0.38443 -2.59159 1.2555
internal_weight=805 742 122 620 102 518 467 199 268
internal_count=805 742 122 620 102 518 467 199 268
is_linear=0
shrinkage=0.03


Tree=295
num_leaves=8
num_cat=0
split_feature=24 0 27 0 24 0 27
split_gain=1.3728e+07 3.58651e+07 3.04535e+07 2.23813e+07 1.16528e+07 1.05798e+07 2.72881e+06
threshold=1.0000000180025095e-35 2176.2500000000005 0.98370018436603734 2.8500000000000005 2578.7888888888892 487.30000000000007 -0.8779519545588893
decision_type=2 2 2 2 2 2 2
left_child=1 -1 3 -2 -5 -6 -7
right_child=2 -3 -4 4 5 6 -8
leaf_value=26.789586236748608 -20.617424106709443 -7.2879193326066556 21.993393865016344 -13.531307133010955 12.363407840646191 -5.4504765845674923 0.82749600440420468
leaf_weight=62 51 50 53 51 69 75 361
leaf_count=62 51 50 53 51 69 75 361
internal_value=1.90102 11.5975 0.251017 -1.65732 0.0919873 1.47504 -0.255415
internal_weight=772 112 660 607 556 505 436
internal_count=772 112 660 607 556 505 436
is_linear=0
shrinkage=0.03


Tree=296
num_leaves=10
num_cat=0
split_feature=0 24 25 0 24 22 0 28 3
split_gain=1.32435e+07 8.71332e+06 4.08892e+07 1.61799e+07 1.72918e+06 3.62198e+06 2.11276e+06 1.50058e+06 1.12085e+06
threshold=4.1000000000000005 1610.0000000000002 18.136780000000005 487.30000000000007 8476.1111111111131 -0.6830127018922193 1344.5500000000002 -0.34155811708470757 62.350000000000001
decision_type=2 2 2 2 2 2 2 2 2
left_child=-1 2 -2 -3 5 -5 -6 -7 -8
right_child=1 3 -4 4 6 7 8 -9 -10
leaf_value=12.071499061930215 -26.42886339113857 13.734359156866709 8.0262328101193763 -8.4573790323836526 -3.3932358009156367 3.1564619244926613 0.46788112064449661 -2.0335348961117297 5.9333291190841697
leaf_weight=99 54 88 72 58 50 82 56 128 85
leaf_count=99 54 88 72 58 50 82 56 128 85
internal_value=1.84416 0.334973 -6.76787 1.97392 -0.28828 -1.84193 1.89114 -0.00531008 3.76832
internal_weight=772 673 126 547 459 268 191 210 141
internal_count=772 673 126 547 459 268 191 210 141
is_linear=0
shrinkage=0.03


Tree=297
num_leaves=8
num_cat=0
split_feature=24 0 27 0 24 0 27
split_gain=1.33126e+07 3.29132e+07 2.8349e+07 2.17375e+07 1.08598e+07 9.30601e+06 2.47684e+06
threshold=1.0000000180025095e-35 2176.2500000000005 0.98370018436603734 2.8500000000000005 2578.7888888888892 487.30000000000007 -0.8779519545588893
decision_type=2 2 2 2 2 2 2
left_child=1 -1 3 -2 -5 -6 -7
right_child=2 -3 -4 4 5 6 -8
leaf_value=25.890732192625777 -20.362545764766939 -6.7550929662200145 21.141762580943151 -13.104698718333106 11.593942138209488 -5.1902823143081367 0.79082793070542134
leaf_weight=62 51 50 53 51 69 75 361
leaf_count=62 51 50 53 51 69 75 361
internal_value=1.78887 11.3375 0.16407 -1.67711 0.0468776 1.38207 -0.240874
internal_weight=772 112 660 607 556 505 436
internal_count=772 112 660 607 556 505 436
is_linear=0
shrinkage=0.03


Tree=298
num_leaves=8
num_cat=0
split_feature=0 6 6 24 0 0 27
split_gain=1.26713e+07 1.08652e+07 8.24109e+06 1.23878e+07 2.42312e+07 1.39855e+07 1.56393e+06
threshold=4.1000000000000005 1.9500000000000002 2.1500000000000008 1610.0000000000002 1675.4500000000003 487.30000000000007 -0.8779519545588893
decision_type=2 2 2 2 2 2 2
left_child=-1 -2 -3 4 -4 -5 -7
right_child=1 2 3 5 -6 6 -8
leaf_value=11.73933656214227 -11.675931823173267 12.306328675984089 -23.674393970199493 14.416249556509353 5.0940558624267576 -4.2574873855220741 1.0156907695979871
leaf_weight=99 62 57 51 74 54 60 315
leaf_count=99 62 57 51 74 54 60 315
internal_value=1.73537 0.259173 1.47541 0.354968 -8.90674 2.52537 0.169229
internal_weight=772 673 611 554 105 449 375
internal_count=772 673 611 554 105 449 375
is_linear=0
shrinkage=0.03


Tree=299
num_leaves=10
num_cat=0
split_feature=24 6 27 24 3 24 6 23 24
split_gain=1.28732e+07 3.4292e+07 2.6311e+07 1.07154e+07 4.74798e+06 8.97972e+06 5.6699e+06 4.90348e+06 3.96096e+06
threshold=1.0000000180025095e-35 2.9500000000000006 0.98370018436603734 2510.0000000000005 71.850000000000009 10616.66666666667 2.3500000000000001 -0.68301270189221952 9981.4805555555577
decision_type=2 2 2 2 2 2 2 2 2
left_child=1 -1 3 -2 6 7 -5 -6 -8
right_child=2 -3 -4 4 5 -7 8 -9 -10
leaf_value=27.609222663079866 -14.535566262149901 -5.5218135084352111 20.295264693469534 -4.5423564606825328 5.9479405679940198 -13.341330804350287 2.2164556442869912 -3.8632856782474048 11.395868863061608
leaf_weight=56 53 56 53 82 72 62 155 125 58
leaf_count=56 53 56 53 82 72 62 155 125 58
internal_value=1.68337 11.0731 0.0856326 -1.6881 -0.451796 -3.4138 2.14954 -0.27382 4.72857
internal_weight=772 112 660 607 554 259 295 197 213
internal_count=772 112 660 607 554 259 295 197 213
is_linear=0
shrinkage=0.03


Tree=300
num_leaves=9
num_cat=0
split_feature=0 24 26 24 0 0 24 24
split_gain=3.46168e+07 1.23877e+07 2.83044e+07 7.97797e+06 8.4093e+06 2.83382e+06 2.85009e+06 952599
threshold=3.1500000000000004 1580.0000000000002 7.1499999999999995 12548.611111111113 411.45000000000005 1675.4500000000003 6269.4444444444453 8570.4365079365107
decision_type=2 2 2 2 2 2 2 2
left_child=-1 2 -2 4 -3 7 -7 -6
right_child=1 3 -4 -5 5 6 -8 -9
leaf_value=18.136489999836478 4.9678691632474834 9.1036281121346345 -23.881102854267933 11.619920301454624 -8.9881518505392215 -4.3868923132207049 1.3967024575985789 -3.497764566980003
leaf_weight=96 60 73 62 55 50 113 237 67
leaf_count=96 60 73 62 55 50 113 237 67
internal_value=1.24811 -1.01972 -9.71563 0.76729 -0.343892 -1.82562 -0.472705 -5.86115
internal_weight=813 717 122 595 540 467 350 117
internal_count=813 717 122 595 540 467 350 117
is_linear=0
shrinkage=0.03


Tree=301
num_leaves=9
num_cat=0
split_feature=0 24 0 24 0 0 24 21
split_gain=3.25775e+07 1.16589e+07 2.75683e+07 7.50905e+06 7.91442e+06 2.66724e+06 2.68204e+06 934108
threshold=3.1500000000000004 1580.0000000000002 1482.6000000000001 12548.611111111113 411.45000000000005 1675.4500000000003 6269.4444444444453 0.74298633702016936
decision_type=2 2 2 2 2 2 2 2
left_child=-1 2 -2 4 -3 7 -7 -6
right_child=1 3 -4 -5 5 6 -8 -9
leaf_value=17.594090096066672 -26.467216272069727 8.8316371796205946 2.469536330670242 11.273213828899115 -8.0783872225164099 -4.2556339416352396 1.354854326145688 -2.6667720659011636
leaf_weight=96 50 73 72 55 65 113 237 52
leaf_count=96 50 73 72 55 65 113 237 52
internal_value=1.21072 -0.989299 -9.42555 0.74435 -0.333682 -1.77115 -0.458599 -5.68627
internal_weight=813 717 122 595 540 467 350 117
internal_count=813 717 122 595 540 467 350 117
is_linear=0
shrinkage=0.03


Tree=302
num_leaves=9
num_cat=0
split_feature=0 24 26 24 0 0 24 24
split_gain=3.06585e+07 1.0974e+07 2.65555e+07 7.06767e+06 7.44863e+06 2.51035e+06 2.52389e+06 908543
threshold=3.1500000000000004 1580.0000000000002 7.1499999999999995 12548.611111111113 411.45000000000005 1675.4500000000003 6269.4444444444453 8570.4365079365107
decision_type=2 2 2 2 2 2 2 2
left_child=-1 2 -2 4 -3 7 -7 -6
right_child=1 3 -4 -5 5 6 -8 -9
leaf_value=17.067911920001574 5.07697350193612 8.5677721160951119 -22.865625172304302 10.936852253470672 -8.569582309229947 -4.1283030370987186 1.3142600798215034 -3.2099235828847443
leaf_weight=96 60 73 62 55 50 113 237 67
leaf_count=96 60 73 62 55 50 113 237 67
internal_value=1.1744 -0.95984 -9.14455 0.722117 -0.323752 -1.71827 -0.444915 -5.51651
internal_weight=813 717 122 595 540 467 350 117
internal_count=813 717 122 595 540 467 350 117
is_linear=0
shrinkage=0.03


Tree=303
num_leaves=11
num_cat=0
split_feature=0 24 0 14 6 20 24 14 0 14
split_gain=2.88524e+07 1.0505e+07 1.4552e+07 8.1852e+06 8.88543e+06 1.062e+07 4.34466e+06 4.15793e+06 3.08276e+06 886356
threshold=3.1500000000000004 7372.686111111112 617.80000000000007 259.50000000000006 2.7500000000000004 9.798700000000002 12726.190476190479 282.00000000000006 1474.3000000000002 61.500000000000007
decision_type=2 2 2 2 2 2 2 2 2 2
left_child=-1 2 -2 4 -4 -6 7 8 -3 -10
right_child=1 6 3 -5 5 -7 -8 -9 9 -11
leaf_value=16.557470268534722 -14.492628056965493 -5.7719515656839455 -10.578490989267632 9.9035916206850647 -8.097212771467051 8.3974436042781004 10.705554821583448 7.2110384369371543 -0.99841335291361943 4.0333944479117836
leaf_weight=96 95 73 92 51 61 82 54 80 54 75
leaf_count=96 95 73 92 51 61 82 54 80 54 75
internal_value=1.13921 -0.931206 -4.33973 -0.955575 -3.32191 1.35898 2.93421 1.43625 -0.858049 1.92956
internal_weight=813 717 381 286 235 143 336 282 202 129
internal_count=813 717 381 286 235 143 336 282 202 129
is_linear=0
shrinkage=0.03


Tree=304
num_leaves=9
num_cat=0
split_feature=0 24 0 0 24 0 24 24
split_gain=2.71521e+07 1.00183e+07 2.53716e+07 6.54884e+06 4.54164e+06 2.02791e+06 2.22063e+06 957194
threshold=3.1500000000000004 1580.0000000000002 1482.6000000000001 411.45000000000005 11711.111111111113 1675.4500000000003 6269.4444444444453 8570.4365079365107
decision_type=2 2 2 2 2 2 2 2
left_child=-1 2 -2 -3 5 7 -7 -5
right_child=1 3 -4 4 -6 6 -8 -9
leaf_value=16.062293145426338 -25.07220109397327 7.8664955568313601 2.6866735653066041 -8.2625064807383737 7.8711196578236278 -3.9503701857813462 1.1797979674158643 -2.5403756027492705
leaf_weight=96 50 96 72 50 50 113 230 56
leaf_count=96 50 96 72 50 50 113 230 56
internal_value=1.10522 -0.903265 -8.72344 0.703771 -0.678108 -1.63478 -0.512265 -5.25528
internal_weight=813 717 122 595 499 449 343 106
internal_count=813 717 122 595 499 449 343 106
is_linear=0
shrinkage=0.03


Tree=305
num_leaves=12
num_cat=0
split_feature=11 1 1 24 0 24 24 25 2 24 14
split_gain=1.45188e+07 3.74364e+07 2.25626e+07 8.19542e+06 8.0647e+06 5.87163e+06 3.17424e+06 2.54108e+06 2.11412e+06 1.56588e+06 1.41153e+06
threshold=2.5000000000000004 1.0000000180025095e-35 0.36666666666666675 9729.1666666666697 215.05000000000004 6813.8888888888896 11986.111111111113 12.342740000000001 15.797000000000002 4604.166666666667 191.50000000000003
decision_type=2 2 2 2 2 2 2 2 2 2 2
left_child=1 -1 -2 4 -3 9 -5 -7 10 -4 -6
right_child=2 3 5 6 8 7 -8 -9 -10 -11 -12
leaf_value=25.350408917887517 -19.138100037853331 -14.900726584857313 -10.728013326634164 11.310156695667366 -1.123136626313576 -2.3144986266275578 0.63205112310811495 4.973203023864456 3.6091784848429223 -3.7628244338101307 -7.3902003702254708
leaf_weight=55 87 50 53 50 91 77 50 97 54 65 50
leaf_count=55 87 50 53 50 91 77 50 97 54 65 50
internal_value=-1.55078 2.43511 -5.75615 -1.23688 -4.19 -1.75348 5.98905 1.7497 -1.42494 -6.9106 -3.35654
internal_weight=779 400 379 345 245 292 100 174 195 118 141
internal_count=779 400 379 345 245 292 100 174 195 118 141
is_linear=0
shrinkage=0.03


Tree=306
num_leaves=10
num_cat=0
split_feature=30 1 1 1 24 24 24 2 7
split_gain=1.36853e+07 4.05238e+07 3.74801e+07 9.97666e+06 1.31271e+07 5.46144e+06 4.82575e+06 2.59334e+06 1.4979e+06
threshold=-0.56174490092936669 1.0000000180025095e-35 0.36666666666666675 0.36666666666666675 10258.333333333334 3020.0000000000005 6269.4444444444453 15.797000000000002 18.050000000000004
decision_type=2 2 2 2 2 2 2 2 2
left_child=2 -2 -1 -3 5 -5 -4 -7 -8
right_child=1 3 6 4 -6 7 8 -9 -10
leaf_value=-27.376259070162213 21.863268423093277 -14.671835987250326 -7.1573204173747484 -11.891369155108581 12.026828255704229 -2.9911567774886048 -0.96330658139616099 3.608900987220494 5.3482641555868282
leaf_weight=62 74 50 71 51 63 199 62 73 74
leaf_count=62 74 50 71 51 63 199 62 73 74
internal_value=-1.50442 1.3837 -6.97551 -2.10481 -0.466801 -2.91257 -0.834322 -1.21776 2.47508
internal_weight=779 510 269 436 386 323 207 272 136
internal_count=779 510 269 436 386 323 207 272 136
is_linear=0
shrinkage=0.03


Tree=307
num_leaves=9
num_cat=0
split_feature=4 27 1 24 0 1 2 27
split_gain=9.61835e+06 1.69999e+07 1.58266e+07 1.65425e+07 7.39344e+06 1.92177e+07 1.6683e+06 2.31943e+06
threshold=1002.1500000000002 -0.36971084796686599 0.22500000000000003 2820.0000000000005 1025.6000000000001 0.45000000000000007 15.797000000000002 -0.6254047815183511
decision_type=2 2 2 2 2 2 2 2
left_child=1 -1 -2 -4 5 -5 7 -6
right_child=2 -3 3 4 6 -7 -8 -9
leaf_value=18.595293112146056 -14.995429102664474 -2.5321126678694919 -17.052769371197328 -6.0517080077015484 -8.4278099467786269 17.711064824817083 1.9031650950134376 -1.4170172495344793
leaf_weight=55 86 90 53 56 52 67 93 227
leaf_count=55 86 90 53 56 52 67 93 227
internal_value=-1.45954 5.50352 -3.0539 -1.17267 0.536904 6.90377 -1.57211 -2.73137
internal_weight=779 145 634 548 495 123 372 279
internal_count=779 145 634 548 495 123 372 279
is_linear=0
shrinkage=0.03


Tree=308
num_leaves=11
num_cat=0
split_feature=11 1 1 27 0 24 4 28 25 24
split_gain=1.30868e+07 3.38556e+07 1.95808e+07 7.74502e+06 1.41279e+07 5.10846e+06 2.38218e+06 2.34861e+06 2.2285e+06 1.32942e+06
threshold=2.5000000000000004 1.0000000180025095e-35 0.36666666666666675 0.94970904815366264 215.05000000000004 6813.8888888888896 1013.5500000000001 -0.46734190575957718 12.342740000000001 4604.166666666667
decision_type=2 2 2 2 2 2 2 2 2 2
left_child=1 -1 -2 4 -3 9 7 -6 -7 -4
right_child=2 3 5 -5 6 8 -8 -9 -10 -11
leaf_value=24.160125334672429 -17.874862934781103 -14.805269663174492 -10.0077137169829 9.0579136844384305 1.8593220559744814 -2.2178837851565065 4.5337867967333745 -6.1159274504626744 4.6067998268719448 -3.5886523221353293
leaf_weight=55 87 70 53 56 71 77 86 62 97 65
leaf_count=55 87 70 53 56 71 77 86 62 97 65
internal_value=-1.4159 2.36829 -5.4085 -1.12371 -3.104 -1.67964 0.651223 -1.86379 1.58801 -6.48993
internal_weight=779 400 379 345 289 292 219 133 174 118
internal_count=779 400 379 345 289 292 219 133 174 118
is_linear=0
shrinkage=0.03


Tree=309
num_leaves=11
num_cat=0
split_feature=30 1 1 1 0 10 7 21 10 7
split_gain=1.23518e+07 3.73156e+07 3.32722e+07 8.83133e+06 9.95608e+06 1.27545e+06 1.61264e+06 1.26039e+06 2.5332e+06 618412
threshold=-0.56174490092936669 1.0000000180025095e-35 0.36666666666666675 0.90000000000000013 7.9000000000000012 4.5000000000000009 22.550000000000004 0.85255434782608719 8.5000000000000018 17.350000000000005
decision_type=2 2 2 2 2 2 2 2 2 2
left_child=2 -2 -1 4 -3 -4 -7 8 -6 -9
right_child=1 3 5 -5 7 6 -8 9 -10 -11
leaf_value=-25.792720545099787 21.0223882006572 -15.328492967491771 -3.9010976360898568 9.5906310607051299 -1.0458794336398864 5.1532881604021759 -1.6402903646494629 -1.5048375826950389 -8.9691336697375572 2.3674033740057387
leaf_weight=62 74 55 75 52 131 51 81 72 50 76
leaf_count=62 74 55 75 52 131 51 81 72 50 76
internal_value=-1.37354 1.37024 -6.57126 -1.97736 -3.55015 -0.785068 0.990167 -1.56893 -3.24589 0.484316
internal_weight=779 510 269 436 384 207 132 329 181 148
internal_count=779 510 269 436 384 207 132 329 181 148
is_linear=0
shrinkage=0.03


Tree=310
num_leaves=8
num_cat=0
split_feature=0 24 0 22 0 0 4
split_gain=3.89223e+07 2.41509e+07 2.64474e+07 4.2116e+06 1.19164e+07 9.22317e+06 1.85446e+06
threshold=2.1500000000000004 1702.5000000000002 747.15000000000009 0.93301270189221952 23.850000000000005 776.45000000000016 1022.9500000000002
decision_type=2 2 2 2 2 2 2
left_child=-1 2 -2 4 -3 -6 -7
right_child=1 3 -4 -5 5 6 -8
leaf_value=19.155679367105211 -29.574075953671557 -12.860023378621891 -2.3690033943008482 7.9471619907065998 13.209369359211616 -1.0358909228479181 4.9060045662242411
leaf_weight=86 55 61 77 60 51 365 54
leaf_count=86 55 61 77 60 51 365 54
internal_value=0.112537 -2.15962 -13.7459 0.433824 -0.419132 1.20269 -0.267126
internal_weight=809 723 132 591 531 470 419
internal_count=809 723 132 591 531 470 419
is_linear=0
shrinkage=0.03


Tree=311
num_leaves=8
num_cat=0
split_feature=0 24 0 22 0 0 21
split_gain=3.663e+07 2.27314e+07 2.48929e+07 3.96378e+06 1.12158e+07 8.68105e+06 2.06642e+06
threshold=2.1500000000000004 1702.5000000000002 747.15000000000009 0.93301270189221952 23.850000000000005 776.45000000000016 0.80897891810494627
decision_type=2 2 2 2 2 2 2
left_child=-1 2 -2 4 -3 -6 -7
right_child=1 3 -4 -5 5 6 -8
leaf_value=18.583006636331145 -28.691666490234045 -12.476110953351219 -2.2982096102814471 7.7099333618173551 12.815405548776104 -2.3995880209226601 1.8116051405894604
leaf_weight=86 55 61 77 60 51 206 213
leaf_count=86 55 61 77 60 51 206 213
internal_value=0.109153 -2.09507 -13.3357 0.420995 -0.406486 1.16694 -0.259028
internal_weight=809 723 132 591 531 470 419
internal_count=809 723 132 591 531 470 419
is_linear=0
shrinkage=0.03


Tree=312
num_leaves=10
num_cat=0
split_feature=0 1 3 21 3 0 14 21 3
split_gain=3.44728e+07 1.58917e+07 2.44466e+07 3.13005e+06 3.81278e+06 8.58613e+06 3.1842e+06 1.13702e+06 1.11824e+06
threshold=2.1500000000000004 0.29166666666666669 75.700000000000003 0.63920845893852207 51.70000000000001 680.05000000000007 220.50000000000003 0.80897891810494627 70.050000000000011
decision_type=2 2 2 2 2 2 2 2 2
left_child=-1 2 -2 6 -5 -6 8 -7 -3
right_child=1 3 -4 4 5 7 -8 -9 -10
leaf_value=18.027454423031415 0.25936368013414091 2.6027189914201161 -27.148904976048566 -4.8244372796658075 14.392815084741793 -3.1648926602190697 -7.161554936495695 1.8312428633914644 -2.7126183378541624
leaf_weight=86 65 73 53 67 50 51 91 204 69
leaf_count=86 65 73 53 67 50 51 91 204 69
internal_value=0.105823 -2.03251 -12.0887 -0.0661114 1.64123 3.06493 -2.79063 0.829436 0.0195773
internal_weight=809 723 118 605 372 305 233 255 142
internal_count=809 723 118 605 372 305 233 255 142
is_linear=0
shrinkage=0.03


Tree=313
num_leaves=8
num_cat=0
split_feature=0 24 0 22 0 0 21
split_gain=3.24428e+07 2.07731e+07 2.67958e+07 3.76391e+06 1.03682e+07 7.89574e+06 1.90992e+06
threshold=2.1500000000000004 1580.0000000000002 756.05000000000007 0.93301270189221952 23.850000000000005 756.05000000000007 0.70145753816793899
decision_type=2 2 2 2 2 2 2
left_child=-1 2 -2 4 -3 -6 -7
right_child=1 3 -4 -5 5 6 -8
leaf_value=17.488510485745248 -30.011085929946443 -12.044413564037928 -1.7763118470918147 7.4732383546307322 11.831461188911733 -2.6709773041971951 1.4097292658631515
leaf_weight=86 50 61 76 60 54 179 243
leaf_count=86 50 61 76 60 54 179 243
internal_value=0.10256 -1.97186 -13.0253 0.366387 -0.431387 1.06347 -0.321833
internal_weight=809 723 126 597 537 476 422
internal_count=809 723 126 597 537 476 422
is_linear=0
shrinkage=0.03


Tree=314
num_leaves=8
num_cat=0
split_feature=0 24 0 22 0 0 14
split_gain=3.05324e+07 1.9618e+07 2.25062e+07 3.47606e+06 9.89078e+06 7.64716e+06 1.80512e+06
threshold=2.1500000000000004 1702.5000000000002 747.15000000000009 0.93301270189221952 23.850000000000005 776.45000000000016 187.50000000000003
decision_type=2 2 2 2 2 2 2
left_child=-1 2 -2 4 -3 -6 -7
right_child=1 3 -4 -5 5 6 -8
leaf_value=16.965679446139728 -26.956645761234633 -11.684849509306094 -1.8618850460768053 7.2501566809564091 12.059838973820558 1.8575225327209914 -2.0828092644326097
leaf_weight=86 55 61 77 60 51 199 220
leaf_count=86 55 61 77 60 51 199 220
internal_value=0.0993911 -1.91303 -12.3555 0.424377 -0.350539 1.12701 -0.211375
internal_weight=809 723 132 591 531 470 419
internal_count=809 723 132 591 531 470 419
is_linear=0
shrinkage=0.03


Tree=315
num_leaves=11
num_cat=0
split_feature=28 29 2 0 4 7 21 26 4 21
split_gain=1.27015e+07 1.9189e+07 2.04968e+07 9.78023e+06 2.17717e+07 8.02003e+06 7.13473e+06 5.29939e+06 6.39936e+06 6.64098e+06
threshold=-0.9523422988233432 0.6078576107927941 4.6500000000000012 1482.6000000000001 1005.85 16.650000000000002 1.1293471889155346 9.9500000000000028 1004.0500000000001 0.93024593064401995
decision_type=2 2 2 2 2 2 2 2 2 2
left_child=-1 3 -3 4 -2 -6 -4 8 -5 -10
right_child=1 2 6 7 5 -7 -8 -9 9 -11
leaf_value=-11.763706890949949 4.9413068024251476 18.214619377329527 -5.2411570552813256 -7.309631404127801 -22.81563763903296 -8.305622719594842 8.6002349709323838 -8.3716679379998187 9.9031472744249687 -1.8044476756118093
leaf_weight=96 72 89 90 50 67 71 53 53 100 77
leaf_count=96 72 89 90 50 67 71 53 53 100 77
internal_value=-1.52962 -0.164526 6.93793 -3.52953 -8.41858 -15.3846 -0.103803 0.142314 2.13862 4.81553
internal_weight=818 722 232 490 210 138 143 280 227 177
internal_count=818 722 232 490 210 138 143 280 227 177
is_linear=0
shrinkage=0.03


Tree=316
num_leaves=9
num_cat=0
split_feature=1 27 23 27 0 0 0 27
split_gain=1.59249e+07 3.20439e+07 3.38737e+07 1.5966e+07 2.73099e+07 8.78493e+06 2.94634e+06 2.5869e+06
threshold=0.29166666666666669 0.59125596962661842 -0.68301270189221952 0.94970904815366264 6.7500000000000009 259.10000000000008 1003.85 -0.8840347633015142
decision_type=2 2 2 2 2 2 2 2
left_child=1 2 -1 4 -2 -6 -7 -8
right_child=3 -3 -4 -5 5 6 7 -9
leaf_value=-16.803721267967894 -21.927645225433729 -27.008097539578138 17.671659319693582 12.244251742013052 11.389107886416955 -6.9857473678988322 -4.8752902543695242 1.4395929218107892
leaf_weight=51 52 61 51 91 62 57 71 322
leaf_count=51 52 61 51 91 62 57 71 322
internal_value=-1.484 -9.86571 0.435154 0.605381 -1.27802 0.830806 -0.630492 0.295865
internal_weight=818 163 102 655 564 512 450 393
internal_count=818 163 102 655 564 512 450 393
is_linear=0
shrinkage=0.03


Tree=317
num_leaves=11
num_cat=0
split_feature=28 20 0 11 27 0 0 2 24 24
split_gain=1.16655e+07 1.29865e+07 2.50434e+07 1.14231e+07 1.42413e+07 1.59841e+07 1.13577e+07 9.12444e+06 3.82443e+06 2.61688e+06
threshold=-0.9523422988233432 10.764350000000002 15.750000000000002 1.0000000180025095e-35 0.96900085243778578 286.85000000000008 1211.4000000000003 13.450000000000001 5308.2027777777794 7421.2972222222224
decision_type=2 2 2 2 2 2 2 2 2 2
left_child=-1 3 -3 -2 5 -5 -4 -8 -7 -9
right_child=1 2 6 4 -6 8 7 9 -10 -11
leaf_value=-11.247670916144349 -13.803431706266384 24.016232674183474 -9.9462220633887952 14.955456443240816 -13.55334833615602 -9.3050250055491333 14.664380631031829 -4.1790611699633127 0.099048716945836376 4.6702128205374285
leaf_weight=96 78 50 65 64 67 50 56 63 172 57
leaf_count=96 78 50 65 64 67 50 56 63 172 57
internal_value=-1.43986 -0.131634 4.76211 -3.4368 -1.13635 1.78365 0.742544 4.70036 -2.02864 0.0254333
internal_weight=818 722 291 431 353 286 241 176 222 120
internal_count=818 722 291 431 353 286 241 176 222 120
is_linear=0
shrinkage=0.03


Tree=318
num_leaves=11
num_cat=0
split_feature=1 0 24 0 24 23 3 25 3 4
split_gain=1.49934e+07 2.12148e+07 1.87337e+07 1.72653e+07 6.61686e+06 2.42904e+06 2.89412e+06 1.8155e+06 1.23412e+06 729001
threshold=0.29166666666666669 756.05000000000007 10078.705555555556 487.30000000000007 3805.416666666667 -0.68301270189221952 73.950000000000017 13.343220000000001 70.550000000000011 1009.0500000000001
decision_type=2 2 2 2 2 2 2 2 2 2
left_child=1 -1 4 -4 -2 -6 7 -7 -5 -8
right_child=2 -3 3 8 5 6 9 -9 -10 -11
leaf_value=-21.511249470626183 -9.2027352729479155 0.22795333322100467 23.928574330737018 -0.50337418035539405 3.7554593545359887 -2.0421280613444988 -8.4439936917724001 3.7402829487848108 5.9290404842439939 -3.4143132881876785
leaf_weight=73 98 90 51 53 92 120 50 82 54 55
leaf_count=73 98 90 51 53 92 120 50 82 54 55
internal_value=-1.39671 -9.52959 0.630624 9.61878 -2.23084 -0.512793 -1.79433 0.307209 2.75031 -5.82672
internal_weight=818 163 655 158 497 399 307 202 107 105
internal_count=818 163 655 158 497 399 307 202 107 105
is_linear=0
shrinkage=0.03


Tree=319
num_leaves=9
num_cat=0
split_feature=1 22 5 27 1 27 7 21
split_gain=1.41112e+07 3.13018e+07 5.11716e+07 1.5019e+07 5.59793e+06 2.47561e+06 2.22065e+06 2.2743e+06
threshold=0.29166666666666669 0.68301270189221941 21.850000000000005 0.94970904815366264 0.65000000000000013 0.7554303502435491 7.4500000000000011 0.65803224218557732
decision_type=2 2 2 2 2 2 2 2
left_child=1 2 -1 4 -2 6 -6 -8
right_child=3 -3 -4 -5 5 -7 7 -9
leaf_value=20.93695279949825 -9.6966188552636012 -28.93138331980165 -19.409258055781841 11.900332027364271 4.6032631227178227 5.3846484719915981 -4.5778235062912671 0.1291617137311166
leaf_weight=53 62 50 60 91 56 63 155 228
leaf_count=53 62 50 60 91 56 63 155 228
internal_value=-1.35489 -9.24487 -0.480403 0.611893 -1.21481 -0.162073 -0.961226 -1.77782
internal_weight=818 163 113 655 564 502 439 383
internal_count=818 163 113 655 564 502 439 383
is_linear=0
shrinkage=0.03


Tree=320
num_leaves=8
num_cat=0
split_feature=10 1 0 24 1 0 23
split_gain=1.56808e+07 2.99478e+07 5.40586e+07 8.76408e+06 9.83783e+06 1.14659e+07 3.17788e+06
threshold=1.5000000000000002 0.29166666666666669 756.05000000000007 13216.66666666667 1.2500000000000002 10.800000000000002 -0.24999999999999994
decision_type=2 2 2 2 2 2 2
left_child=-1 2 -2 4 5 -3 -7
right_child=1 3 -4 -5 -6 6 -8
leaf_value=13.161186382759057 -34.984292124767215 -15.664832220039596 1.7954246129787723 12.431077302966868 10.384156002204859 2.4596929914512775 -2.7096623345575659
leaf_weight=62 65 50 80 50 64 184 255
leaf_count=62 65 50 80 50 64 184 255
internal_value=-1.30044 -2.50394 -14.7302 0.441883 -0.648267 -2.09768 -0.542787
internal_weight=810 748 145 603 553 489 439
internal_count=810 748 145 603 553 489 439
is_linear=0
shrinkage=0.03


Tree=321
num_leaves=9
num_cat=0
split_feature=14 1 0 0 0 28 21 14
split_gain=2.07983e+07 3.12463e+07 5.83053e+07 6.61484e+06 1.72656e+07 2.37486e+06 2.52626e+06 695800
threshold=34.000000000000007 0.29166666666666669 756.05000000000007 4.9500000000000011 251.45000000000002 -0.46734190575957718 0.95458337589811704 175.50000000000003
decision_type=2 2 2 2 2 2 2 2
left_child=-1 2 -2 -3 -5 7 -7 -6
right_child=1 3 -4 4 5 6 -8 -9
leaf_value=14.97367245462368 -36.786585637494852 -8.4062867561769696 1.7417632312703399 15.413697178828251 4.9916282728751638 -4.5641913970597452 0.83861834530250656 0.81181136364221307
leaf_weight=65 63 69 80 69 59 172 142 91
leaf_count=65 63 69 80 69 59 172 142 91
internal_value=-1.26157 -2.68354 -15.2737 0.313249 1.44615 -0.639513 -2.12239 2.46261
internal_weight=810 745 143 602 533 464 314 150
internal_count=810 745 143 602 533 464 314 150
is_linear=0
shrinkage=0.03


Tree=322
num_leaves=11
num_cat=0
split_feature=14 1 0 24 0 27 0 21 24 24
split_gain=1.95746e+07 2.94088e+07 5.48754e+07 9.64079e+06 1.73713e+07 4.5834e+06 1.58659e+06 1.44652e+06 2.17873e+06 1.31235e+06
threshold=34.000000000000007 0.29166666666666669 756.05000000000007 5825.7583333333341 487.30000000000007 -0.183996647784403 1747.3500000000001 0.6697025729797782 9295.8333333333339 7225.3083333333334
decision_type=2 2 2 2 2 2 2 2 2 2
left_child=-1 2 -2 5 -5 -3 -7 8 -6 -9
right_child=1 3 -4 4 7 6 -8 9 -10 -11
leaf_value=14.526526003862415 -35.688218739224837 -11.766305207228413 1.6897050186052713 15.605393478768608 -6.5846740610565631 -5.6858954294254014 1.588395098527545 -2.1104661124351467 0.86146155740968311 3.0720733590433356
leaf_weight=65 63 67 80 77 63 50 58 63 80 144
leaf_count=65 63 67 80 77 63 50 58 63 80 144
internal_value=-1.22384 -2.60334 -14.8177 0.303987 2.73431 -5.62048 -1.78567 -0.108244 -2.42586 1.49396
internal_weight=810 745 143 602 427 175 108 350 143 207
internal_count=810 745 143 602 427 175 108 350 143 207
is_linear=0
shrinkage=0.03


Tree=323
num_leaves=10
num_cat=0
split_feature=14 0 20 24 28 0 28 24 28
split_gain=1.84232e+07 1.80788e+07 2.48682e+07 1.96152e+07 2.83832e+07 1.66412e+07 2.12342e+06 2.65605e+06 1.0359e+06
threshold=34.000000000000007 4.9500000000000011 7.6419750000000013 1533.3340000000003 -0.67758968959607091 360.90000000000003 -0.317191288589106 7190.7416666666677 -0.65187484896379932
decision_type=2 2 2 2 2 2 2 2 2
left_child=-1 2 -2 4 -3 -5 8 -8 -7
right_child=1 3 -4 5 -6 6 7 -9 -10
leaf_value=14.092732861593342 -29.273876181388232 -27.662836437436098 0.45227961913884035 14.495812774167536 1.6129534463321462 0.64993306212888979 -6.3459869294690394 -0.021885179867309552 5.7112104240111146
leaf_weight=65 50 54 51 79 66 120 88 185 52
leaf_count=65 50 54 51 79 66 120 88 185 52
internal_value=-1.1874 -2.52571 -14.3067 -0.672264 -11.5972 1.83482 -0.421095 -2.06518 2.18742
internal_weight=810 745 101 644 120 524 445 273 172
internal_count=810 745 101 644 120 524 445 273 172
is_linear=0
shrinkage=0.03


Tree=324
num_leaves=10
num_cat=0
split_feature=14 0 20 24 28 0 28 24 28
split_gain=1.73396e+07 1.70483e+07 2.62775e+07 1.86374e+07 2.67147e+07 1.74479e+07 1.99846e+06 2.4996e+06 975051
threshold=34.000000000000007 5.9500000000000011 7.6419750000000013 1533.3340000000003 -0.67758968959607091 360.90000000000003 -0.317191288589106 7190.7416666666677 -0.65187484896379932
decision_type=2 2 2 2 2 2 2 2 2
left_child=-1 2 -2 4 -3 -5 8 -8 -7
right_child=1 3 -4 5 -6 6 7 -9 -10
leaf_value=13.671893182772044 -29.012298585769027 -26.83753565329873 0.9651428234247873 15.206259750920937 1.5647832961967088 0.63048371742788401 -6.1562542510707683 -0.02122971155806869 5.5408569951540665
leaf_weight=65 51 54 54 75 66 120 88 185 52
leaf_count=65 51 54 54 75 66 120 88 185 52
internal_value=-1.15207 -2.45043 -13.6364 -0.609684 -11.2512 1.85111 -0.408462 -2.00344 2.12213
internal_weight=810 745 105 640 120 520 445 273 172
internal_count=810 745 105 640 120 520 445 273 172
is_linear=0
shrinkage=0.03


Tree=325
num_leaves=13
num_cat=0
split_feature=7 28 0 0 0 24 14 6 0 21 14 24
split_gain=1.02674e+07 1.32714e+07 1.62941e+07 1.16948e+07 1.90086e+07 2.11084e+07 6.21518e+06 6.73595e+06 4.80281e+06 2.47279e+06 2.57162e+06 1.3822e+06
threshold=19.150000000000002 0.3975280889453926 1603.3500000000001 6.1000000000000005 756.05000000000007 2578.7888888888892 29.000000000000004 3.1500000000000008 1991.5000000000002 0.81197628458498039 187.50000000000003 7283.3333333333339
decision_type=2 2 2 2 2 2 2 2 2 2 2 2
left_child=1 2 -1 -2 -5 -6 -3 -8 -9 10 -7 -11
right_child=3 6 -4 4 5 9 7 8 -10 11 -12 -13
leaf_value=-25.766646064918767 14.398419154102266 -9.3519182161074976 -3.5461961173185537 -13.243304803855482 17.298332994156613 0.90655485763209087 -5.1634851612702795 13.309145674240993 0.68789056611503363 -1.4200445047949499 -8.0199514041294151 4.8095617319960118
leaf_weight=52 57 60 69 79 73 51 75 50 59 61 67 67
leaf_count=52 57 60 69 79 73 51 75 50 59 61 67 67
internal_value=-1.27957 -5.02558 -13.1357 1.72678 -0.0974616 3.16745 -0.992551 1.74407 6.49818 -1.04179 -4.16929 1.84432
internal_weight=820 365 121 455 398 319 244 184 109 246 118 128
internal_count=820 365 121 455 398 319 244 184 109 246 118 128
is_linear=0
shrinkage=0.03


Tree=326
num_leaves=10
num_cat=0
split_feature=8 11 1 6 2 0 22 28 4
split_gain=8.5006e+06 1.34663e+07 1.08662e+07 1.67627e+07 2.3958e+07 1.00043e+07 2.03878e+06 1.38905e+06 861362
threshold=22.550000000000004 2.5000000000000004 0.65000000000000013 2.8500000000000001 9.8500000000000032 251.45000000000002 -0.6830127018922193 -0.39748391402478145 1020.0500000000001
decision_type=2 2 2 2 2 2 2 2 2
left_child=2 -2 3 -1 -5 -4 -7 -8 -9
right_child=1 -3 5 4 -6 6 7 8 -10
leaf_value=-17.674941420731436 15.320524512987589 -5.0110996245622195 12.266889824625698 -12.398785844174762 14.130752551463429 -5.889031350748521 2.7723390695159154 -2.6136085495754018 1.253048214139165
leaf_weight=93 65 53 53 70 54 78 86 198 70
leaf_count=93 65 53 53 70 54 78 86 198 70
internal_value=-1.24135 6.1989 -2.49412 -8.06906 -0.839306 0.00366299 -1.5083 -0.538861 -1.60336
internal_weight=820 118 702 217 124 485 432 354 268
internal_count=820 118 702 217 124 485 432 354 268
is_linear=0
shrinkage=0.03


Tree=327
num_leaves=9
num_cat=0
split_feature=8 29 1 3 1 0 14 27
split_gain=7.9999e+06 1.88026e+07 1.02574e+07 4.04715e+07 6.73583e+06 4.44074e+06 2.39665e+06 1.34172e+06
threshold=22.550000000000004 1.0000000180025095e-35 0.29166666666666669 75.700000000000003 1.2500000000000002 4.9500000000000011 38.000000000000007 -0.8779519545588893
decision_type=2 2 2 2 2 2 2 2
left_child=2 -2 3 -1 5 -4 -7 -8
right_child=1 -3 4 -5 -6 6 7 -9
leaf_value=4.3040050987157068 -6.1534881980464151 17.747589440582995 -9.1395915865861053 -28.473947308493706 8.6810121567788894 -6.8573699520146167 -3.6162153493271303 0.93811309375157692
leaf_weight=79 58 60 64 59 62 50 71 317
leaf_count=79 58 60 64 59 62 50 71 317
internal_value=-1.20409 6.01371 -2.4194 -9.74106 -0.623688 -1.77739 -0.696095 0.102545
internal_weight=820 118 702 138 564 502 438 388
internal_count=820 118 702 138 564 502 438 388
is_linear=0
shrinkage=0.03


Tree=328
num_leaves=12
num_cat=0
split_feature=7 4 24 24 7 28 7 14 2 6 24
split_gain=9.441e+06 1.35722e+07 4.22107e+07 1.29355e+07 9.63575e+06 5.18943e+06 7.48164e+06 6.25662e+06 4.38718e+06 4.27861e+06 3.14477e+06
threshold=19.150000000000002 997.25000000000011 1.0000000180025095e-35 2189.2857142857151 21.150000000000002 0.47493347945961001 15.350000000000003 29.000000000000004 22.450000000000003 3.1500000000000008 10258.333333333334
decision_type=2 2 2 2 2 2 2 2 2 2 2
left_child=3 -2 -3 -1 -4 6 -5 -7 10 -9 -6
right_child=1 2 4 5 8 7 -8 9 -10 -11 -12
leaf_value=-18.728129533968474 -12.36333281833164 25.101992180909452 10.067853899476541 -14.838517966768636 -3.2838343845348206 -8.5458648632562646 0.38779789086133509 -2.3675225518258771 3.1629209044365463 7.9794794063187986 -11.956407678122551
leaf_weight=51 54 68 60 60 151 51 56 62 72 85 50
leaf_count=51 54 68 60 60 151 51 56 62 72 85 50
internal_value=-1.16821 1.71458 3.6182 -4.76031 -0.787494 -2.47591 -7.50577 0.477721 -3.18175 3.61944 -5.45584
internal_weight=820 455 401 365 333 314 116 198 273 147 201
internal_count=820 455 401 365 333 314 116 198 273 147 201
is_linear=0
shrinkage=0.03


Tree=329
num_leaves=12
num_cat=0
split_feature=7 1 4 1 7 24 24 14 24 21 26
split_gain=8.88616e+06 2.0822e+07 1.27743e+07 3.97267e+07 9.06896e+06 5.20337e+06 4.3557e+06 4.05478e+06 3.31389e+06 2.9059e+06 1.45756e+06
threshold=19.150000000000002 0.29166666666666669 997.25000000000011 1.0000000180025095e-35 21.150000000000002 6193.2861111111115 4481.4805555555567 83.500000000000014 10446.297222222223 0.99980891719745235 8.6500000000000039
decision_type=2 2 2 2 2 2 2 2 2 2 2
left_child=1 -1 -2 -4 -5 -3 -6 10 -8 -9 -7
right_child=2 5 3 4 6 7 8 9 -10 -11 -12
leaf_value=-21.947714283068226 -11.994482313704095 -7.5892874951377944 24.35224035349632 9.7673211241005671 -10.965785179751659 -6.1586522846849547 0.9433734493670255 10.311288843211788 -7.3373000398413932 0.37443918891317257 0.67702382193671329
leaf_weight=53 54 93 68 60 51 62 163 50 59 56 51
leaf_count=53 54 93 68 60 51 62 163 50 59 56 51
internal_value=-1.13345 -4.61839 1.66335 3.51018 -0.763922 -1.65634 -3.0867 0.870018 -1.26424 5.07759 -3.07982
internal_weight=820 365 455 401 333 312 273 219 222 106 113
internal_count=820 365 455 401 333 312 273 219 222 106 113
is_linear=0
shrinkage=0.03


Tree=330
num_leaves=12
num_cat=0
split_feature=26 6 3 1 1 6 28 0 0 3 21
split_gain=1.75074e+07 1.76456e+07 1.66191e+07 9.1572e+07 1.97164e+07 7.72586e+06 7.7557e+06 1.17685e+07 5.89186e+06 5.75345e+06 793053
threshold=4.8500000000000005 4.2500000000000009 75.350000000000009 0.29166666666666669 0.14583333333333334 2.3500000000000001 0.86527520261780289 205.50000000000003 1642.4000000000003 82.850000000000009 0.84390006905396076
decision_type=2 2 2 2 2 2 2 2 2 2 2
left_child=1 -1 4 -4 -2 8 7 -7 -6 10 -5
right_child=2 -3 3 9 5 6 -8 -9 -10 -11 -12
leaf_value=20.585656200208163 17.077227835271032 -1.8666140447486756 -43.88259388023058 -4.0796416454428943 -15.398950910681997 15.57972097378356 -7.5311277016984057 0.13757403674666246 -0.85117769944738919 10.849244439688514 1.2236879706801029
leaf_weight=70 63 57 50 50 50 59 67 177 50 52 51
leaf_count=70 63 57 50 50 50 59 67 177 50 52 51
internal_value=0.330186 10.5279 -1.60955 -8.76685 1.51195 -0.932202 1.45541 4.01303 -8.14946 2.77224 -1.40594
internal_weight=796 127 669 203 466 403 303 236 100 153 101
internal_count=796 127 669 203 466 403 303 236 100 153 101
is_linear=0
shrinkage=0.03


Tree=331
num_leaves=10
num_cat=0
split_feature=26 6 0 24 4 0 23 24 27
split_gain=1.64775e+07 1.66072e+07 8.86051e+06 3.32064e+07 2.65642e+07 4.10572e+06 2.95731e+06 2.2391e+06 665839
threshold=4.8500000000000005 4.2500000000000009 29.850000000000005 1306.6666666666667 1010.2500000000001 680.05000000000007 -0.5 6062.11388888889 0.14153898451656996
decision_type=2 2 2 2 2 2 2 2 2
left_child=1 -1 4 -4 -2 -5 8 -8 -7
right_child=2 -3 3 5 -6 6 7 -9 -10
leaf_value=19.970721897678725 21.573356993132531 -1.8109088334487993 -19.795953946108362 8.157380323163558 -5.2139086823999401 1.0308462808220191 -8.3531555038512817 -1.3489146237303509 5.6575455663915273
leaf_weight=70 54 57 91 50 86 62 50 225 51
leaf_count=70 54 57 91 50 86 62 50 225 51
internal_value=0.320188 10.2134 -1.56162 -3.33774 5.14229 0.0928493 -0.951871 -2.63016 3.12853
internal_weight=796 127 669 529 140 438 388 275 113
internal_count=796 127 669 529 140 438 388 275 113
is_linear=0
shrinkage=0.03


Tree=332
num_leaves=12
num_cat=0
split_feature=26 20 6 20 26 0 7 0 7 20 0
split_gain=1.55071e+07 1.59286e+07 1.56299e+07 9.9316e+06 1.12881e+07 2.16345e+07 1.32086e+07 1.73136e+07 1.7241e+07 1.11739e+07 1.06183e+07
threshold=4.8500000000000005 20.861800000000006 4.2500000000000009 12.19805 9.9500000000000028 1502.9000000000003 15.15 961.00000000000011 11.950000000000001 15.375050000000003 1211.4000000000003
decision_type=2 2 2 2 2 2 2 2 2 2 2
left_child=2 3 -1 4 6 -6 8 -8 -2 -5 -11
right_child=1 -3 -4 9 5 -7 7 -9 -10 10 -12
leaf_value=19.374156962295682 -6.8048374112416328 -17.090103219596063 -1.7568660157887721 14.393198504466685 20.002784717741829 -5.9287068572400434 -24.826446264083632 -3.7400949342336469 14.471613078201027 -10.827252354555529 7.1217840306293914
leaf_weight=70 103 54 57 76 50 68 59 86 51 50 72
leaf_count=70 103 54 57 76 50 68 59 86 51 50 72
internal_value=0.310807 -1.51475 9.90829 -0.139476 -2.76617 5.082 -5.86546 -12.3537 0.255639 5.38828 -0.242819
internal_weight=796 669 127 615 417 118 299 145 154 198 122
internal_count=796 669 127 615 417 118 299 145 154 198 122
is_linear=0
shrinkage=0.03


Tree=333
num_leaves=12
num_cat=0
split_feature=1 26 3 1 20 29 0 25 1 1 21
split_gain=1.47911e+07 1.56516e+07 1.98061e+07 7.30868e+07 2.3847e+07 1.32543e+07 1.2089e+07 1.10135e+07 3.29926e+07 1.38995e+07 2.868e+06
threshold=1.2500000000000002 4.8500000000000005 75.350000000000009 0.29166666666666669 12.619200000000001 1.0000000180025095e-35 1642.4000000000003 12.342740000000001 0.65000000000000013 0.65000000000000013 0.89769754055468354
decision_type=2 2 2 2 2 2 2 2 2 2 2
left_child=1 5 4 -4 7 -1 -6 9 -9 -3 -5
right_child=-2 2 3 10 6 -7 -8 8 -10 -11 -12
leaf_value=-1.9103218005902201 13.650363360889486 14.902901527449401 -41.934448633061251 -3.0021029610650238 23.883356645633402 18.239810922779895 3.0318549972120858 -28.72803980130201 1.2941059228632588 -3.5734472597360796 5.9356569971675768
leaf_weight=54 68 51 50 87 50 64 50 51 92 128 51
leaf_count=54 68 51 50 87 50 64 50 51 92 128 51
internal_value=0.301531 -0.950435 -2.88594 -10.9766 0.723626 9.03703 13.4979 -3.2524 -9.45076 1.70684 0.306628
internal_weight=796 728 610 188 422 118 100 322 143 179 138
internal_count=796 728 610 188 422 118 100 322 143 179 138
is_linear=0
shrinkage=0.03


Tree=334
num_leaves=9
num_cat=0
split_feature=26 26 20 4 3 2 20 8
split_gain=1.3758e+07 1.4893e+07 1.43224e+07 2.2362e+07 9.12032e+06 1.39527e+07 9.08115e+06 1.26306e+07
threshold=4.8500000000000005 3.9500000000000015 20.861800000000006 999.55000000000007 75.350000000000009 11.65 12.619200000000001 10.250000000000002
decision_type=2 2 2 2 2 2 2 2
left_child=1 -1 3 -2 6 -6 7 -5
right_child=2 -3 -4 4 5 -7 -8 -9
leaf_value=0.62130140917779297 18.077266768796964 21.423288750711123 -16.196209821490292 1.8591913252781884 -20.844097875518507 -1.0096425123782522 9.9189794942847929 -10.638285311179512
leaf_weight=74 55 53 54 252 52 82 72 102
leaf_count=74 55 53 54 252 52 82 72 102
internal_value=0.292506 9.33255 -1.42702 -0.122929 -1.91919 -8.73603 0.229696 -1.74771
internal_weight=796 127 669 615 560 134 426 354
internal_count=796 127 669 615 560 134 426 354
is_linear=0
shrinkage=0.03


Tree=335
num_leaves=9
num_cat=0
split_feature=10 1 0 1 0 25 5 24
split_gain=1.01398e+07 1.25713e+07 1.23455e+07 2.43041e+07 1.00825e+07 6.21087e+06 2.36634e+07 3.8243e+06
threshold=1.5000000000000002 1.2500000000000002 756.05000000000007 0.22500000000000003 4.9500000000000011 24.311670000000003 21.750000000000004 3805.416666666667
decision_type=2 2 2 2 2 2 2 2
left_child=-1 2 3 -2 -5 6 7 -4
right_child=1 -3 5 4 -6 -7 -8 -9
leaf_value=10.995776615494901 -27.210781448091236 11.495045898779114 -9.4654897144384549 -9.9579899236267053 6.7918496772007177 -7.5333860130899959 17.957794973931822 -0.54992608482851379
leaf_weight=62 50 60 51 74 57 87 64 278
leaf_count=62 50 60 51 74 57 87 64 278
internal_value=-0.616395 -1.61912 -2.8142 -9.48377 -2.67096 -0.29484 1.31209 -1.93937
internal_weight=783 721 661 181 131 480 393 329
internal_count=783 721 661 181 131 480 393 329
is_linear=0
shrinkage=0.03


Tree=336
num_leaves=9
num_cat=0
split_feature=14 6 21 24 0 20 0 24
split_gain=1.38091e+07 6.94308e+06 1.3483e+07 1.06284e+07 1.74784e+07 5.8103e+06 4.16362e+06 1.32645e+06
threshold=34.000000000000007 3.7500000000000004 0.69711621129326062 1306.6666666666667 4.9500000000000011 8.5826000000000011 487.30000000000007 7260.5833333333339
decision_type=2 2 2 2 2 2 2 2
left_child=-1 3 -3 -2 -5 -4 -6 -8
right_child=1 2 5 4 6 -7 7 -9
leaf_value=12.39490208811427 -13.947620579076769 10.869768232789918 2.8021219643033026 -17.145746560628378 6.9260823674741907 -11.0348051696298 -3.5395249475481565 0.54203991410529162
leaf_weight=67 77 98 52 58 73 57 117 184
leaf_count=67 77 98 52 58 73 57 117 184
internal_value=-0.597989 -1.8185 2.81117 -3.70185 -1.86721 -4.44405 0.514009 -1.0464
internal_weight=783 716 207 509 432 109 374 301
internal_count=783 716 207 509 432 109 374 301
is_linear=0
shrinkage=0.03


Tree=337
num_leaves=10
num_cat=0
split_feature=14 4 14 0 7 0 5 4 3
split_gain=1.29967e+07 6.5832e+06 1.75752e+07 1.03911e+07 9.19358e+06 3.09939e+07 1.38716e+07 1.33427e+07 8.04578e+06
threshold=34.000000000000007 1022.5000000000001 94.500000000000014 2340.7000000000003 25.550000000000004 487.30000000000007 24.625000000000004 1004.85 47.350000000000001
decision_type=2 2 2 2 2 2 2 2 2
left_child=-1 2 3 -2 7 -6 -7 -4 -9
right_child=1 -3 4 -5 5 6 -8 8 -10
leaf_value=12.024712793625127 -22.228269386553233 7.8994797484298118 13.329190195553922 -3.8479698774470177 -23.497264101113842 11.820584284361308 -6.5002484489763965 8.6223632897019957 -3.6851478664849391
leaf_weight=67 58 58 80 53 60 69 80 63 195
leaf_count=67 58 58 80 53 60 69 80 63 195
internal_value=-0.580188 -1.76425 -2.6193 -13.4862 -0.407929 -5.34968 1.99054 2.64978 -0.673267
internal_weight=783 716 658 111 547 209 149 338 258
internal_count=783 716 658 111 547 209 149 338 258
is_linear=0
shrinkage=0.03


Tree=338
num_leaves=9
num_cat=0
split_feature=14 1 4 14 14 9 1 4
split_gain=1.22319e+07 1.01808e+07 6.89626e+06 1.32631e+07 1.01277e+07 7.09636e+06 1.72529e+07 1.22743e+07
threshold=34.000000000000007 1.2500000000000002 1022.5000000000001 94.500000000000014 75.500000000000014 1.5500000000000003 0.36666666666666675 1004.7500000000001
decision_type=2 2 2 2 2 2 2 2
left_child=-1 2 3 4 -2 6 -5 -7
right_child=1 -3 -4 5 -6 7 -8 -9
leaf_value=11.66557925786873 -4.65227601844696 10.194668563678736 7.357082664509579 -14.665203065431129 -23.077896493870032 11.035170851933588 0.19111577916417213 -6.9340111165190681
leaf_weight=67 58 59 55 97 50 87 254 56
leaf_count=67 58 59 55 97 50 87 254 56
internal_value=-0.562852 -1.71155 -2.78493 -3.71475 -13.223 -1.62923 -3.92347 3.99844
internal_weight=783 716 657 602 108 494 351 143
internal_count=783 716 657 602 108 494 351 143
is_linear=0
shrinkage=0.03


Tree=339
num_leaves=10
num_cat=0
split_feature=14 6 21 24 4 7 27 8 4
split_gain=1.15123e+07 6.27674e+06 1.22397e+07 9.44827e+06 6.97912e+06 4.36128e+06 5.26292e+06 4.56785e+06 2.55339e+06
threshold=34.000000000000007 3.7500000000000004 0.69711621129326062 1306.6666666666667 1010.1500000000002 15.350000000000003 0.59125596962661842 10.15 1008.6500000000002
decision_type=2 2 2 2 2 2 2 2 2
left_child=-1 3 -3 -2 -4 6 -5 -7 -9
right_child=1 2 4 5 -6 7 -8 8 -10
leaf_value=11.317172076351397 -13.111384032472754 10.419385969509063 -11.943674247412476 -0.24028458165838038 3.2089033173583119 7.4141915320519791 -13.919091046874287 0.74885459860291415 -5.1513876024096392
leaf_weight=67 77 98 53 50 56 60 51 158 113
leaf_count=67 77 98 53 50 56 60 51 158 113
internal_value=-0.546068 -1.66046 2.74138 -3.45118 -4.17134 -1.72142 -7.16826 -0.054376 -1.71434
internal_weight=783 716 207 509 109 432 101 331 271
internal_count=783 716 207 509 109 432 101 331 271
is_linear=0
shrinkage=0.03


Tree=340
num_leaves=11
num_cat=0
split_feature=24 28 24 7 5 7 24 8 7 3
split_gain=2.86593e+07 3.65737e+07 7.7831e+06 6.44813e+06 1.61419e+07 9.39743e+06 1.02355e+07 4.69376e+06 3.99326e+06 3.3244e+06
threshold=1.0000000180025095e-35 -0.67758968959607091 4481.4805555555567 16.750000000000004 14.050000000000002 9.1500000000000004 10379.630555555557 11.750000000000002 25.550000000000004 64.550000000000011
decision_type=2 2 2 2 2 2 2 2 2 2
left_child=1 -1 9 5 -5 -4 -7 -6 -9 -2
right_child=2 -3 3 4 7 6 -8 8 -10 -11
leaf_value=-3.7727427169011083 -3.0708005173825428 30.779818992179134 3.9778289290722397 17.94103294082699 -7.7827210865859247 -2.2021127330369938 -19.525164508411947 6.8815591260246842 -1.0718233545453442 -13.467171290620616
leaf_weight=50 54 61 83 53 56 79 50 89 156 57
leaf_count=50 54 61 83 53 56 79 50 89 156 57
internal_value=1.13952 15.2473 -1.17929 0.246652 2.7239 -3.88785 -8.94627 0.0292467 1.82221 -8.43147
internal_weight=788 111 677 566 354 212 129 301 245 111
internal_count=788 111 677 566 354 212 129 301 245 111
is_linear=0
shrinkage=0.03


Tree=341
num_leaves=8
num_cat=0
split_feature=0 20 4 3 3 27 9
split_gain=1.09674e+07 7.79291e+06 1.24381e+07 6.65551e+06 1.18055e+07 1.05194e+07 3.25812e+06
threshold=2.1500000000000004 20.861800000000006 999.05000000000007 83.050000000000011 75.350000000000009 -0.9157879589054253 1.0000000180025095e-35
decision_type=2 2 2 2 2 2 2
left_child=-1 2 -2 4 5 -4 -6
right_child=1 -3 3 -5 6 -7 -8
leaf_value=12.074815777538603 14.598918216156495 -8.3261020536091674 13.568993082757663 8.9078378553672302 -15.36974966286296 -0.86319929422372499 -4.8222495281627946
leaf_weight=74 56 89 52 64 54 347 52
leaf_count=74 56 89 52 64 54 347 52
internal_value=1.10543 -0.0360348 1.14788 -0.182923 -1.33964 1.02645 -10.2238
internal_weight=788 714 625 569 505 399 106
internal_count=788 714 625 569 505 399 106
is_linear=0
shrinkage=0.03


Tree=342
num_leaves=10
num_cat=0
split_feature=1 28 1 20 24 24 27 4 28
split_gain=2.69167e+07 3.41964e+07 1.63862e+07 5.79312e+06 2.18282e+07 7.03672e+06 3.86823e+06 2.59427e+06 1.4229e+06
threshold=1.0000000180025095e-35 -0.67758968959607091 1.2500000000000002 6.486600000000001 13216.66666666667 10968.055555555557 0.88606241628642846 999.45000000000016 0.87377473702374975
decision_type=2 2 2 2 2 2 2 2 2
left_child=1 -1 3 5 6 8 7 -5 -2
right_child=2 -3 -4 4 -6 -7 -8 -9 -10
leaf_value=-3.6468761257528075 -1.2404945062591968 29.763870721166711 13.234051072853349 4.4240987915357586 17.81977033095616 -16.666557273163239 -9.8033584403020768 -3.0244085109829206 -7.5321658096536561
leaf_weight=50 88 61 64 50 50 50 66 258 51
leaf_count=50 88 61 64 50 50 50 66 258 51
internal_value=1.07249 14.7446 -1.1747 -2.68479 -0.736016 -7.0485 -3.22905 -1.81208 -3.56026
internal_weight=788 111 677 613 424 189 374 308 139
internal_count=788 111 677 613 424 189 374 308 139
is_linear=0
shrinkage=0.03


Tree=343
num_leaves=11
num_cat=0
split_feature=24 28 24 7 5 7 27 26 3 5
split_gain=2.53329e+07 3.21854e+07 7.67913e+06 5.7533e+06 1.49389e+07 8.93964e+06 9.97936e+06 3.63415e+06 3.04553e+06 2.8021e+06
threshold=1.0000000180025095e-35 -0.67758968959607091 4481.4805555555567 16.750000000000004 14.050000000000002 9.1500000000000004 0.88203985695844977 9.5500000000000025 65.550000000000011 23.250000000000004
decision_type=2 2 2 2 2 2 2 2 2 2
left_child=1 -1 8 5 -5 -4 -7 9 -2 -6
right_child=2 -3 3 4 7 6 -8 -9 -10 -11
leaf_value=-3.5381221387495341 -3.300984488447579 28.875323538850221 4.0427529851042214 17.255943109143743 4.5729786984186767 -1.1223105196933034 -17.905022189355019 -7.1652642205198003 -13.250989042861423 -1.7913283159906686
leaf_weight=50 55 61 83 53 130 72 57 52 56 119
leaf_count=50 55 61 83 53 130 72 57 52 56 119
internal_value=1.04058 14.3044 -1.1395 0.276876 2.61683 -3.62854 -8.56233 0.0245348 -8.34307 1.53287
internal_weight=788 111 677 566 354 212 129 301 111 249
internal_count=788 111 677 566 354 212 129 301 111 249
is_linear=0
shrinkage=0.03


Tree=344
num_leaves=11
num_cat=0
split_feature=1 28 1 0 21 28 27 21 27 0
split_gain=2.38431e+07 3.02927e+07 1.56435e+07 1.64407e+07 2.99487e+06 3.70769e+06 2.25666e+06 1.16927e+06 1.00703e+06 961946
threshold=1.0000000180025095e-35 -0.67758968959607091 1.2500000000000002 4.9500000000000011 0.63920845893852207 -0.46734190575957718 0.39753913293121995 0.9068921622113113 0.26781182513105634 2135.3000000000006
decision_type=2 2 2 2 2 2 2 2 2 2
left_child=1 -1 3 -2 5 -5 -7 9 -9 -6
right_child=2 -3 -4 4 7 6 -8 8 -10 -11
leaf_value=-3.4326117304352595 -14.402015147161642 28.013304190939049 12.972815503391841 2.2930179581162218 6.0554075633365931 -9.2659510192328067 -1.3104593527886881 1.546663447066646 -2.8988924517384564 0.8112838761608131
leaf_weight=50 90 61 64 69 65 84 52 117 75 61
leaf_count=50 90 61 64 69 65 84 52 117 75 61
internal_value=1.00944 13.8773 -1.10556 -2.58105 -0.53974 -3.36459 -6.23379 1.28274 -0.191648 3.52461
internal_weight=788 111 677 613 523 205 136 318 192 126
internal_count=788 111 677 613 523 205 136 318 192 126
is_linear=0
shrinkage=0.03


Tree=345
num_leaves=8
num_cat=0
split_feature=1 28 6 0 6 20 28
split_gain=1.37437e+07 1.01699e+07 1.37545e+07 2.03209e+07 2.71391e+07 1.32111e+07 4.46797e+06
threshold=0.90000000000000013 0.95989713290459389 2.0500000000000003 756.05000000000007 2.8500000000000001 20.665550000000003 -0.62538740722492581
decision_type=2 2 2 2 2 2 2
left_child=1 2 -1 4 -4 6 -5
right_child=-2 -3 3 5 -6 -7 -8
leaf_value=10.090787964262466 11.557981113208616 -14.326501601035135 -27.584140892993741 -7.2945532950290257 -0.65495827652942185 13.853782264186743 0.56996000317918905
leaf_weight=95 81 51 59 83 78 61 296
leaf_count=95 81 51 59 83 78 61 296
internal_value=-0.136973 -1.45146 -0.468365 -2.21123 -12.2872 0.932273 -1.15673
internal_weight=804 723 672 577 137 440 379
internal_count=804 723 672 577 137 440 379
is_linear=0
shrinkage=0.03


Tree=346
num_leaves=8
num_cat=0
split_feature=1 28 24 7 0 24 26
split_gain=1.29347e+07 9.57225e+06 1.13372e+07 2.63872e+07 1.527e+07 3.15515e+06 1.1492e+06
threshold=0.90000000000000013 0.95989713290459389 2510.0000000000005 24.850000000000005 2.8500000000000005 12726.190476190479 4.5499999999999998
decision_type=2 2 2 2 2 2 2
left_child=1 2 3 -1 -4 6 -6
right_child=-2 -3 4 -5 5 -7 -8
leaf_value=21.679022238515131 11.212520908813415 -13.899220448042218 -17.860991572329873 -6.4013563663682094 -5.0413671041247179 6.0166513505837429 -0.86040370823191603
leaf_weight=61 81 51 51 59 70 56 375
leaf_count=61 81 51 51 59 70 56 375
internal_value=-0.133018 -1.40823 -0.454461 7.89123 -2.27206 -0.675404 -1.52106
internal_weight=804 723 672 120 552 501 445
internal_count=804 723 672 120 552 501 445
is_linear=0
shrinkage=0.03


Tree=347
num_leaves=11
num_cat=0
split_feature=1 9 1 1 11 24 24 23 24 14
split_gain=1.21731e+07 8.7356e+06 1.8053e+07 1.08809e+07 2.20086e+07 2.54459e+06 2.35909e+06 1.21641e+06 2.74746e+06 595535
threshold=0.90000000000000013 1.5500000000000003 0.45000000000000007 0.29166666666666669 2.5000000000000004 8950.0000000000018 12168.980555555558 -0.24999999999999994 7068.0555555555557 173.50000000000003
decision_type=2 2 2 2 2 2 2 2 2 2
left_child=1 3 -3 4 -1 -4 7 9 -9 -5
right_child=-2 2 5 6 -6 -7 -8 8 -10 -11
leaf_value=-25.499366550839191 10.877386786559411 19.440794329726906 -5.3676072592359363 1.774782152809574 1.3106026141181666 3.4207589855914562 4.9458795278114192 -8.7521782107376946 -1.3653247883901267 -2.1566479628039508
leaf_weight=53 81 51 72 90 57 50 51 60 183 56
leaf_count=53 81 51 72 90 57 50 51 60 183 56
internal_value=-0.129085 -1.36619 4.50836 -3.21547 -11.6411 -1.76619 -1.10255 -1.89876 -3.19782 0.265445
internal_weight=804 723 173 550 110 122 440 389 243 146
internal_count=804 723 173 550 110 122 440 389 243 146
is_linear=0
shrinkage=0.03


Tree=348
num_leaves=12
num_cat=0
split_feature=0 21 24 26 0 24 27 28 21 27 28
split_gain=1.22617e+07 3.63496e+07 1.89468e+07 2.72998e+07 1.39759e+07 1.91e+06 2.76051e+06 2.00503e+06 1.96539e+06 836690 550720
threshold=15.750000000000002 0.78490852636987074 1610.0000000000002 8.1500000000000039 487.30000000000007 7475.0000000000009 0.14153898451656996 -0.2093068927635835 0.71518782570317951 0.098819223632317002 0.41326329957804331
decision_type=2 2 2 2 2 2 2 2 2 2 2
left_child=1 -1 3 -2 -4 6 -6 -8 9 -7 -10
right_child=2 -3 4 -5 5 8 7 -9 10 -11 -12
leaf_value=24.763087790023658 -0.66778414401520314 -5.9960918138536528 15.05354223545085 -29.148195764865093 -7.2416366714730707 -3.7380703576078123 3.4315430172020793 -4.4655271497229032 4.6615712954496846 1.0637289310914837 0.91210445054270106
leaf_weight=63 74 76 54 51 87 87 63 53 82 52 62
leaf_count=63 74 76 54 51 87 87 63 53 82 52 62
internal_value=-0.125228 7.96836 -1.81981 -12.3298 0.618539 -0.993629 -3.21196 -0.178735 0.599294 -1.94323 3.05253
internal_weight=804 139 665 125 540 486 203 116 283 139 144
internal_count=804 139 665 125 540 486 203 116 283 139 144
is_linear=0
shrinkage=0.03


Tree=349
num_leaves=12
num_cat=0
split_feature=0 21 24 0 0 24 27 21 5 6 27
split_gain=1.15406e+07 3.4211e+07 1.78336e+07 2.69658e+07 1.31543e+07 1.79757e+06 2.59787e+06 1.84963e+06 1.06693e+06 1.03219e+06 787435
threshold=15.750000000000002 0.78490852636987074 1610.0000000000002 1675.4500000000003 487.30000000000007 7475.0000000000009 0.14153898451656996 0.71518782570317951 13.550000000000002 2.7500000000000004 0.098819223632317002
decision_type=2 2 2 2 2 2 2 2 2 2 2
left_child=1 -1 3 -2 -4 6 -6 10 -8 -9 -7
right_child=2 -3 4 -5 5 7 8 9 -10 -11 -12
leaf_value=24.023715948131976 -27.123201210061914 -5.816916384215749 14.604431111878453 0.80969081582646074 -7.0251341575855246 -3.6263135587984756 -3.4677669202072723 5.6754450390420379 2.3265056369315444 0.58667527017432997 1.0320001283248115
leaf_weight=63 57 76 54 68 87 87 50 67 66 77 52
leaf_count=63 57 76 54 68 87 87 50 67 66 77 52
internal_value=-0.121486 7.73052 -1.76549 -11.9621 0.600144 -0.963919 -3.11596 0.581408 -0.173451 2.96131 -1.8851
internal_weight=804 139 665 125 540 486 203 283 116 144 139
internal_count=804 139 665 125 540 486 203 283 116 144 139
is_linear=0
shrinkage=0.03


Tree=350
num_leaves=7
num_cat=0
split_feature=0 6 1 8 0 20
split_gain=2.44708e+07 9.19236e+06 2.26086e+07 2.49467e+06 2.49732e+06 2.40284e+06
threshold=3.1500000000000004 5.0500000000000007 0.097222222222222224 -0.74999999999999989 115.7 8.8527000000000005
decision_type=2 2 2 2 2 2
left_child=-1 2 -2 -4 -5 -6
right_child=1 -3 3 4 5 -7
leaf_value=14.705861363205004 -16.585230864305384 8.5341541629026096 -6.8390566700229689 5.4645336423848008 1.9938778518739828 -2.7185340546830479
leaf_weight=90 94 68 52 66 163 241
leaf_count=90 94 68 52 66 163 241
internal_value=0.0272099 -1.90978 -3.06629 -0.623697 0.0678643 -0.817148
internal_weight=774 684 616 522 470 404
internal_count=774 684 616 522 470 404
is_linear=0
shrinkage=0.03


Tree=351
num_leaves=8
num_cat=0
split_feature=0 9 24 0 8 24 3
split_gain=2.30292e+07 1.19318e+07 3.01094e+07 4.28189e+07 4.80453e+06 2.22175e+06 3.16986e+06
threshold=3.1500000000000004 14.150000000000002 1434.2857142857144 1906.3500000000001 -0.74999999999999989 11853.175000000001 65.550000000000011
decision_type=2 2 2 2 2 2 2
left_child=-1 2 3 -2 -4 6 -6
right_child=1 -3 4 -5 5 -7 -8
leaf_value=14.266150776555767 -37.761645212344099 10.24353328817031 -7.9064636021202777 0.70244839241491508 3.279608901268023 6.8624781863779489 -2.1135504063867252
leaf_weight=90 50 66 63 54 170 50 231
leaf_count=90 50 66 63 54 170 50 231
internal_value=0.0264465 -1.85262 -3.1488 -17.8452 -0.166507 0.919202 0.173546
internal_weight=774 684 618 104 514 451 401
internal_count=774 684 618 104 514 451 401
is_linear=0
shrinkage=0.03


Tree=352
num_leaves=9
num_cat=0
split_feature=0 9 24 0 28 0 23 0
split_gain=2.1673e+07 1.123e+07 2.83599e+07 5.06208e+07 2.90544e+06 6.08943e+06 1.27636e+06 1.23302e+06
threshold=3.1500000000000004 14.150000000000002 1533.3340000000003 1880.8500000000001 0.7497153063319405 487.30000000000007 -0.24999999999999994 1764.3000000000002
decision_type=2 2 2 2 2 2 2 2
left_child=-1 2 3 -2 5 -4 -7 -6
right_child=1 -3 4 -5 7 6 -8 -9
leaf_value=13.839588094692292 -36.444102875075416 9.9376184191423302 10.095170374153859 3.645835998020206 -7.1471761524846675 1.7028996630132156 -2.1610323551534063 -1.3602967523384797
leaf_weight=90 57 66 60 56 56 146 162 81
leaf_count=90 57 66 60 56 56 146 162 81
internal_value=0.0255091 -1.79739 -3.05487 -16.6194 -0.0115589 1.37697 -0.329524 -3.73625
internal_weight=774 684 618 113 505 368 308 137
internal_count=774 684 618 113 505 368 308 137
is_linear=0
shrinkage=0.03


Tree=353
num_leaves=11
num_cat=0
split_feature=24 26 24 26 28 3 3 3 14 24
split_gain=8.43089e+06 3.92878e+07 7.51864e+06 6.73683e+06 5.98969e+06 4.50032e+06 4.01118e+06 6.22676e+06 6.15846e+06 5.15198e+06
threshold=1.0000000180025095e-35 7.1499999999999995 4563.6583333333338 9.8500000000000032 0.41326329957804331 63.20000000000001 55.350000000000001 73.950000000000017 115.00000000000001 9539.6833333333361
decision_type=2 2 2 2 2 2 2 2 2 2
left_child=1 -1 5 6 -5 -2 -4 9 -9 -8
right_child=2 -3 3 4 -6 -7 7 8 -10 -11
leaf_value=26.603103414794454 -2.0594955161022162 -9.0757525461077897 -7.2994307110597498 14.467534653017109 0.079441530638636793 -14.376572325657358 0.57708975594723844 -10.281207495338984 0.30341892263170678 12.399198725739419
leaf_weight=52 51 59 85 50 54 56 94 74 148 51
leaf_count=52 51 59 85 50 54 56 94 74 148 51
internal_value=0.024652 7.66524 -1.25742 0.145621 7.0186 -8.52807 -1.43936 -0.0772427 -3.23386 4.75229
internal_weight=774 111 663 556 104 107 452 367 222 145
internal_count=774 111 663 556 104 107 452 367 222 145
is_linear=0
shrinkage=0.03


Tree=354
num_leaves=8
num_cat=0
split_feature=0 9 24 0 8 0 27
split_gain=2.03727e+07 1.05143e+07 2.74268e+07 3.79201e+07 4.27615e+06 2.09606e+06 2.00866e+06
threshold=3.1500000000000004 14.150000000000002 1434.2857142857144 1906.3500000000001 -0.74999999999999989 487.30000000000007 -0.8779519545588893
decision_type=2 2 2 2 2 2 2
left_child=-1 2 3 -2 -4 -6 -7
right_child=1 -3 4 -5 5 6 -8
leaf_value=13.417296589949597 -35.729028466226566 9.6115938619035397 -7.4157444152560847 0.46895907238702089 5.145510707270498 -4.7594067925825874 0.97659942643681452
leaf_weight=90 50 66 63 54 85 67 299
leaf_count=90 50 66 63 54 85 67 299
internal_value=0.0240443 -1.74332 -2.96007 -16.9865 -0.113761 0.910481 -0.0764479
internal_weight=774 684 618 104 514 451 366
internal_count=774 684 618 104 514 451 366
is_linear=0
shrinkage=0.03


Tree=355
num_leaves=7
num_cat=0
split_feature=22 27 0 0 27 26
split_gain=1.28735e+07 1.19492e+07 3.77707e+07 1.19812e+07 1.27485e+07 6.06346e+06
threshold=-0.93301270189221908 0.96900085243778578 4.1000000000000005 51.800000000000004 -0.85206963063867713 4.2000000000000011
decision_type=2 2 2 2 2 2
left_child=-1 2 -2 -4 -5 -6
right_child=1 -3 3 4 5 -7
leaf_value=-12.795492057001406 23.965913783497427 -8.4088461339784253 -11.707753590246204 15.797551488723892 9.8448472420957085 -0.56423025232967261
leaf_weight=57 71 88 61 56 57 416
leaf_count=57 71 88 61 56 57 416
internal_value=0.910339 1.95809 3.34146 0.8486 2.30233 0.695567
internal_weight=806 749 661 590 529 473
internal_count=806 749 661 590 529 473
is_linear=0
shrinkage=0.03


Tree=356
num_leaves=8
num_cat=0
split_feature=1 14 8 14 3 1 1
split_gain=1.93881e+07 1.46264e+07 2.30487e+07 1.53012e+07 8.33929e+06 1.71286e+07 8.25953e+06
threshold=1.2500000000000002 75.500000000000014 1.6500000000000001 94.500000000000014 87.15000000000002 1.0000000180025095e-35 0.65000000000000013
decision_type=2 2 2 2 2 2 2
left_child=1 2 -1 -3 5 -5 -7
right_child=-2 3 -4 4 -6 6 -8
leaf_value=-3.862127606023356 16.175055396553365 -17.986467424897274 19.699764598985059 13.424043436050413 -10.763057793336438 -10.914688331487078 -0.020304659764453923
leaf_weight=75 68 53 74 75 70 78 313
leaf_count=75 68 53 74 75 70 78 313
internal_value=0.883208 -0.531784 7.85576 -2.65653 -1.13146 0.321319 -2.20033
internal_weight=806 738 149 589 536 466 391
internal_count=806 738 149 589 536 466 391
is_linear=0
shrinkage=0.03


Tree=357
num_leaves=11
num_cat=0
split_feature=1 14 0 0 1 1 4 21 24 14
split_gain=1.82474e+07 1.37656e+07 4.5913e+07 3.32672e+07 3.41247e+07 8.75158e+06 5.28381e+06 951786 1.57841e+06 1.32081e+06
threshold=1.2500000000000002 75.500000000000014 2166.7500000000005 1221.6500000000003 0.29166666666666669 0.65000000000000013 1010.85 0.7308171621862205 6159.7222222222226 253.50000000000003
decision_type=2 2 2 2 2 2 2 2 2 2
left_child=1 2 -1 4 -3 -5 -6 9 -9 -7
right_child=-2 3 -4 5 6 7 -8 8 -10 -11
leaf_value=28.408303868602928 15.691935209662464 -29.156358539478198 -5.6776945559218577 12.773830339569045 -7.9041293015691849 1.1925387497327067 4.1098994066561874 -2.0128268428248259 4.0159431481767456 -4.9502268010024588
leaf_weight=58 68 70 91 65 92 79 51 57 123 52
leaf_count=58 68 70 91 65 92 79 51 57 123 52
internal_value=0.856775 -0.515959 7.62104 -2.57723 -12.0413 2.78935 -3.61971 0.692237 2.10661 -1.25148
internal_weight=806 738 149 589 213 376 143 311 180 131
internal_count=806 738 149 589 213 376 143 311 180 131
is_linear=0
shrinkage=0.03


Tree=358
num_leaves=8
num_cat=0
split_feature=1 14 5 14 3 1 1
split_gain=1.71735e+07 1.29565e+07 1.49619e+07 1.43353e+07 7.72145e+06 1.59698e+07 7.34708e+06
threshold=1.2500000000000002 75.500000000000014 6.7500000000000009 94.500000000000014 87.15000000000002 1.0000000180025095e-35 0.65000000000000013
decision_type=2 2 2 2 2 2 2
left_child=1 2 -1 -3 5 -5 -7
right_child=-2 3 -4 4 -6 6 -8
leaf_value=-0.10073517961078449 15.223244636837244 -17.338428949321191 19.427541389365469 13.025459352318508 -10.292097382140193 -10.280083406821065 -0.0050844971105537201
leaf_weight=92 68 53 57 75 70 78 313
leaf_count=92 68 53 57 75 70 78 313
internal_value=0.831256 -0.50047 7.39378 -2.50025 -1.02415 0.373741 -2.06116
internal_weight=806 738 149 589 536 466 391
internal_count=806 738 149 589 536 466 391
is_linear=0
shrinkage=0.03


Tree=359
num_leaves=9
num_cat=0
split_feature=1 1 26 1 9 27 21 6
split_gain=1.61629e+07 1.17249e+07 3.20872e+07 1.2342e+07 1.41534e+06 1.23271e+06 1.66279e+06 943485
threshold=1.2500000000000002 1.0000000180025095e-35 7.9000000000000004 0.36666666666666675 14.650000000000002 0.10738035228456499 0.7308171621862205 3.4500000000000006
decision_type=2 2 2 2 2 2 2 2
left_child=1 2 -1 -3 5 6 -5 -7
right_child=-2 3 -4 4 -6 7 -8 -9
leaf_value=20.085394048578305 14.768553081976021 -13.751894054126607 -10.788754462456373 -4.3068599125241347 -5.3710864804362695 0.11414668980837621 0.5771975002134675 4.1768480163851702
leaf_weight=76 68 73 50 112 51 158 142 76
leaf_count=76 68 73 50 112 51 158 142 76
internal_value=0.806425 -0.485524 7.83715 -2.20203 -0.630968 -0.132573 -1.57891 1.43735
internal_weight=806 738 126 612 539 488 254 234
internal_count=806 738 126 612 539 488 254 234
is_linear=0
shrinkage=0.03


Tree=360
num_leaves=11
num_cat=0
split_feature=21 1 1 24 24 24 3 24 14 4
split_gain=1.27564e+07 2.26778e+07 9.81176e+06 1.36186e+07 5.88016e+06 5.34389e+06 2.73906e+06 2.39038e+06 2.96603e+06 2.32321e+06
threshold=0.54024256428486794 1.0000000180025095e-35 0.22500000000000003 12446.297222222223 4168.8694444444454 4563.6583333333338 47.95000000000001 10446.297222222223 115.00000000000001 1007.6500000000002
decision_type=2 2 2 2 2 2 2 2 2 2
left_child=1 -1 -2 5 -3 -4 -6 8 -7 -8
right_child=2 4 3 -5 6 7 9 -9 -10 -11
leaf_value=22.050460452129489 -11.839515231914442 -7.2986508044476066 -9.5342399579415602 13.800313910218369 10.011154786771057 -3.7945476950990393 6.3354880046026585 -6.3875700842149223 2.8328658925898123 -1.7663614398351264
leaf_weight=63 73 50 69 56 53 89 58 50 190 70
leaf_count=63 73 50 69 56 53 89 58 50 190 70
internal_value=1.13817 6.14152 -1.65497 -0.0106068 1.77971 -1.96281 4.29552 -0.367609 0.716908 1.91095
internal_weight=821 294 527 454 231 398 181 329 279 128
internal_count=821 294 527 454 231 398 181 329 279 128
is_linear=0
shrinkage=0.03


Tree=361
num_leaves=10
num_cat=0
split_feature=0 27 21 4 8 4 7 6 6
split_gain=1.50942e+07 8.02783e+06 7.37734e+06 7.07308e+06 5.18145e+06 9.5468e+06 5.38707e+06 4.55112e+06 900714
threshold=2.1500000000000004 -0.5416228050394748 0.6058617463617465 998.45000000000016 16.950000000000003 1006.4500000000002 27.250000000000004 2.2500000000000004 2.4500000000000006
decision_type=2 2 2 2 2 2 2 2 2
left_child=-1 2 -2 -3 5 -5 -6 -7 -4
right_child=1 3 8 4 6 7 -8 -9 -10
leaf_value=13.544776593433202 11.041738333352162 -12.894862204518235 -2.8067029519605384 -14.828737432468705 11.670906229420016 -8.3066967044431497 -2.0872188374034146 0.94747215743591262 2.0680824280463925
leaf_weight=79 91 51 57 51 51 59 51 247 84
leaf_count=79 91 51 57 51 51 59 51 247 84
internal_value=1.10418 -0.225285 4.39787 -2.32973 -1.14816 -2.85192 4.80581 -0.843187 0.0955858
internal_weight=821 742 232 510 459 357 102 306 141
internal_count=821 742 232 510 459 357 102 306 141
is_linear=0
shrinkage=0.03


Tree=362
num_leaves=10
num_cat=0
split_feature=0 14 21 11 3 14 1 0 0
split_gain=1.42058e+07 8.69947e+06 5.89318e+06 1.62549e+07 1.19706e+07 1.08669e+07 7.15563e+06 2.02688e+06 2.44605e+06
threshold=2.1500000000000004 42.000000000000007 0.54024256428486794 2.5000000000000004 72.550000000000011 197.50000000000003 0.29166666666666669 360.90000000000003 1403.0500000000004
decision_type=2 2 2 2 2 2 2 2 2
left_child=-1 -2 3 5 -5 -3 -4 -8 -9
right_child=1 2 6 4 -6 -7 7 8 -10
leaf_value=13.139970065257588 -9.5438756006098782 3.086595025864475 -11.445700545892484 5.4472495044334499 -13.986358448050874 21.545833707069281 5.1937958953278898 -5.7144939970097468 0.696474360285677
leaf_weight=79 80 55 53 64 51 60 63 68 248
leaf_count=79 80 55 53 64 51 60 63 68 248
internal_value=1.07104 -0.21871 0.911997 4.78797 -3.18502 12.7486 -1.15347 0.293704 -0.687184
internal_weight=821 742 662 230 115 115 432 379 316
internal_count=821 742 662 230 115 115 432 379 316
is_linear=0
shrinkage=0.03


Tree=363
num_leaves=10
num_cat=0
split_feature=0 22 11 8 9 11 14 8 14
split_gain=1.33694e+07 8.24465e+06 6.01519e+06 9.58802e+06 5.78246e+06 7.43615e+06 1.19941e+07 8.63603e+06 4.18141e+06
threshold=2.1500000000000004 -0.6830127018922193 3.5000000000000004 21.450000000000003 14.150000000000002 3.5000000000000004 42.000000000000007 7.9500000000000011 171.50000000000003
decision_type=2 2 2 2 2 2 2 2 2
left_child=-1 2 3 -2 5 6 -3 -8 -7
right_child=1 4 -4 -5 -6 8 7 -9 -10
leaf_value=12.747262350710161 17.939746453926894 -18.766280271965162 -1.5502294875636244 0.1980868719892892 7.2192891624650741 6.4699694521818403 2.8596987729581742 -7.3248946155684553 -3.923175792038764
leaf_weight=79 59 51 69 51 55 94 128 180 55
leaf_count=79 59 51 69 51 55 94 128 180 55
internal_value=1.039 -0.212206 5.39073 9.73706 -1.99554 -2.9969 -5.33395 -3.09364 2.63334
internal_weight=821 742 179 110 563 508 359 308 149
internal_count=821 742 179 110 563 508 359 308 149
is_linear=0
shrinkage=0.03


Tree=364
num_leaves=12
num_cat=0
split_feature=0 2 10 1 21 29 26 0 3 0 27
split_gain=1.26099e+07 5.4755e+07 8.17617e+06 2.48039e+07 5.47039e+06 7.40636e+06 1.64457e+06 1.26955e+06 1.99937e+06 869622 635240
threshold=15.750000000000002 7.8500000000000005 7.5000000000000009 0.14583333333333334 0.6058617463617465 1.0000000180025095e-35 9.2500000000000018 1241.5500000000004 81.850000000000009 1403.0500000000004 -0.90880922144842613
decision_type=2 2 2 2 2 2 2 2 2 2 2
left_child=1 -1 3 -2 5 -4 7 -5 -9 -6 -11
right_child=2 -3 4 6 9 -7 -8 8 -10 10 -12
leaf_value=31.311935247916594 -18.199120751864129 -5.6416717210647738 0.68929700895482238 5.7515641620191058 -3.4017580607773885 16.242867467736016 -3.34422391198492 2.7968341963625756 -3.8939396010317728 -1.3489054212939904 3.0953318198777922
leaf_weight=59 82 92 56 52 53 54 80 113 62 50 68
leaf_count=59 82 92 56 52 53 54 80 113 62 50 68
internal_value=1.008 8.83055 -0.75814 -3.57368 3.13915 8.34818 0.346715 1.65022 0.42373 -0.220388 1.21346
internal_weight=821 151 670 389 281 110 307 227 175 171 118
internal_count=821 151 670 389 281 110 307 227 175 171 118
is_linear=0
shrinkage=0.03


Tree=365
num_leaves=12
num_cat=0
split_feature=11 1 1 28 24 24 28 7 21 24 14
split_gain=1.1904e+07 2.25942e+07 1.71483e+07 1.9156e+07 8.43202e+06 3.53998e+06 3.36735e+06 4.24658e+06 2.8178e+06 2.23478e+06 704322
threshold=1.5000000000000002 0.36666666666666675 0.36666666666666675 -0.41327860778290426 3805.416666666667 7225.3083333333334 0.12447926388678894 21.150000000000002 0.84045454545454557 8789.019444444446 77.500000000000014
decision_type=2 2 2 2 2 2 2 2 2 2 2
left_child=1 -1 3 -2 -4 -3 7 -6 -7 -9 -8
right_child=2 5 4 -5 6 8 10 9 -10 -11 -12
leaf_value=19.19976803053833 0.0097767987167626091 -4.9301288907947729 -10.701991720744097 -24.875611303424368 11.564967528413352 -0.96529662406461259 -3.6225428003606424 -1.8825890362455715 8.2589100592735925 5.7606153152386357 0.16122864474196347
leaf_weight=70 51 90 61 61 50 71 85 80 51 60 92
leaf_count=70 51 90 61 61 50 71 85 80 51 60 92
internal_value=-0.531676 4.46121 -3.14012 -13.574 -0.402133 -0.425503 1.31715 4.08781 2.90145 1.39832 -1.65884
internal_weight=822 282 540 112 428 212 367 190 122 140 177
internal_count=822 282 540 112 428 212 367 190 122 140 177
is_linear=0
shrinkage=0.03


Tree=366
num_leaves=10
num_cat=0
split_feature=4 11 1 1 24 3 11 0 10
split_gain=1.22714e+07 8.80834e+06 2.03448e+07 9.36831e+06 8.15883e+06 3.68349e+06 3.55636e+06 2.56422e+06 1.73385e+06
threshold=999.05000000000007 1.5000000000000002 0.36666666666666675 0.36666666666666675 3805.416666666667 71.850000000000009 1.0000000180025095e-35 1087.8500000000001 2.5000000000000004
decision_type=2 2 2 2 2 2 2 2 2
left_child=-1 3 -3 -2 -4 6 -5 -6 -9
right_child=1 2 4 5 7 -7 -8 8 -10
leaf_value=9.8546333605436232 13.265756084514114 -16.858256287600597 -11.9593041726634 -2.0842084390733384 5.9643770772005507 -5.0245665500909604 8.7806491642642417 -5.2833077955573131 0.563848627882235
leaf_weight=91 58 92 54 55 64 87 53 58 210
leaf_count=91 58 92 54 55 64 87 53 58 210
internal_value=-0.515748 -1.81025 -4.20518 2.71414 -1.17865 -0.439799 3.25709 0.58402 -0.70604
internal_weight=822 731 478 253 386 195 108 332 268
internal_count=822 731 478 253 386 195 108 332 268
is_linear=0
shrinkage=0.03


Tree=367
num_leaves=10
num_cat=0
split_feature=4 11 1 1 27 0 3 11 28
split_gain=1.15484e+07 8.29036e+06 1.9146e+07 8.81726e+06 3.62398e+06 4.23201e+06 3.46672e+06 3.34734e+06 1.05128e+06
threshold=999.05000000000007 1.5000000000000002 0.36666666666666675 0.36666666666666675 0.96230016621822489 251.45000000000002 71.850000000000009 1.0000000180025095e-35 -0.27608674622158907
decision_type=2 2 2 2 2 2 2 2 2
left_child=-1 3 -3 -2 5 -4 7 -5 -7
right_child=1 2 4 6 -6 8 -8 -9 -10
leaf_value=9.5599658666121865 12.869831673702286 -16.354152700170019 -10.291033909875404 -2.0220215044832144 6.3681532263708407 1.5494891946267761 -4.8743475761036699 8.5187121596345321 -2.2273608747433644
leaf_weight=91 58 92 50 55 50 104 87 53 182
leaf_count=91 58 92 50 55 50 104 87 53 182
internal_value=-0.500306 -1.7561 -4.07954 2.63325 -1.14354 -2.26606 -0.426528 3.15993 -0.853745
internal_weight=822 731 478 253 386 336 195 108 286
internal_count=822 731 478 253 386 336 195 108 286
is_linear=0
shrinkage=0.03


Tree=368
num_leaves=11
num_cat=0
split_feature=28 8 1 1 27 21 11 0 11 27
split_gain=1.09824e+07 2.09579e+07 4.77763e+07 1.82527e+07 4.15809e+06 3.89607e+06 3.57321e+06 3.17674e+06 2.06846e+06 786004
threshold=-0.41327860778290426 24.250000000000004 1.0000000180025095e-35 0.29166666666666669 0.98038744674281963 1.015265436318068 1.5000000000000002 680.05000000000007 2.5000000000000004 0.49002412863433359
decision_type=2 2 2 2 2 2 2 2 2 2
left_child=1 2 -1 -2 5 7 -7 -5 -4 -9
right_child=3 -3 8 4 -6 6 -8 9 -10 -11
leaf_value=33.570571379026369 -16.426562195701159 -9.5641236784809536 -2.3697840124725036 -9.8803979992830016 6.6676997199790273 8.0739680777333724 -1.4988821011511579 -3.6766150412003991 4.3611282919394263 0.46041263873760518
leaf_weight=53 78 74 85 65 59 54 99 110 79 66
leaf_count=53 78 74 85 65 59 54 99 110 79 66
internal_value=-0.485262 4.1963 8.89557 -3.0518 -0.739497 -1.85295 1.8889 -4.22791 0.874534 -2.12704
internal_weight=822 291 217 531 453 394 153 241 164 176
internal_count=822 291 217 531 453 394 153 241 164 176
is_linear=0
shrinkage=0.03


Tree=369
num_leaves=10
num_cat=0
split_feature=4 11 0 11 7 24 26 10 26
split_gain=1.04487e+07 7.70302e+06 1.44905e+07 7.24217e+06 7.88804e+06 6.59167e+06 5.36634e+06 1.30847e+06 1.07484e+06
threshold=999.05000000000007 1.5000000000000002 3.8500000000000005 1.0000000180025095e-35 20.050000000000004 1306.6666666666667 8.6500000000000039 2.5000000000000004 7.4500000000000011
decision_type=2 2 2 2 2 2 2 2 2
left_child=-1 3 -3 6 -5 -4 -2 -7 -9
right_child=1 2 5 4 -6 7 -8 8 -10
leaf_value=9.098666779088818 -8.2690830541529738 -17.920703466490654 -11.319622520983323 0.20851801086874569 14.973497952732663 -4.2946880561250271 4.3053672055180634 -1.4262851760149484 2.1798199851022746
leaf_weight=91 68 58 58 66 64 65 55 147 150
leaf_count=91 68 58 58 66 64 65 55 147 150
internal_value=-0.470598 -1.6651 -3.90474 2.56588 7.49524 -1.95777 -2.64949 -0.449649 0.395312
internal_weight=822 731 478 253 130 420 123 362 297
internal_count=822 731 478 253 130 420 123 362 297
is_linear=0
shrinkage=0.03


Tree=370
num_leaves=9
num_cat=0
split_feature=14 0 4 0 6 26 7 26
split_gain=5.04699e+06 1.13853e+07 5.40399e+06 9.54257e+06 1.89102e+07 1.83679e+07 1.61595e+07 6.26431e+06
threshold=34.000000000000007 2.8500000000000005 997.25000000000011 1211.4000000000003 2.8500000000000001 7.3500000000000014 27.150000000000002 8.3500000000000032
decision_type=2 2 2 2 2 2 2 2
left_child=-1 -2 -3 4 -4 -6 7 -5
right_child=1 2 3 6 5 -7 -8 -9
leaf_value=6.3448721076534058 -13.340351319835332 -9.99426661998905 -15.924657931204836 3.7007296752802392 -9.4565494336042537 15.688501365709033 15.457067118750587 -4.3514882322953055
leaf_weight=74 70 51 85 187 52 52 73 162
leaf_count=74 70 51 85 187 52 52 73 162
internal_value=-1.10585 -1.86137 -0.642073 0.143059 -5.454 3.12485 2.65191 -0.0374774
internal_weight=806 732 662 611 189 104 422 349
internal_count=806 732 662 611 189 104 422 349
is_linear=0
shrinkage=0.03


Tree=371
num_leaves=9
num_cat=0
split_feature=14 0 1 26 0 21 27 26
split_gain=4.7499e+06 1.07153e+07 6.01781e+06 2.71426e+07 7.25657e+06 7.45545e+06 2.19305e+06 1.07024e+06
threshold=34.000000000000007 2.8500000000000005 0.18333333333333332 7.1499999999999995 251.45000000000002 0.70665995783017077 -0.8779519545588893 4.9000000000000004
decision_type=2 2 2 2 2 2 2 2
left_child=-1 -2 3 -3 5 -4 -6 -8
right_child=1 2 4 -5 6 -7 7 -9
leaf_value=6.1552946321543907 -12.94184849246637 8.2865449321156035 15.916807515551472 -22.004189331860829 -5.5399828365937465 -0.20124380567561601 -3.4432512913371598 0.70975247541674202
leaf_weight=74 70 52 51 54 79 52 68 306
leaf_count=74 70 52 51 54 79 52 68 306
internal_value=-1.07281 -1.80575 -0.622877 -7.16305 0.627165 7.8025 -1.00838 -0.0474696
internal_weight=806 732 662 106 556 103 453 374
internal_count=806 732 662 106 556 103 453 374
is_linear=0
shrinkage=0.03


Tree=372
num_leaves=10
num_cat=0
split_feature=24 27 0 9 24 24 0 0 22
split_gain=5.40268e+06 6.70954e+06 6.92252e+06 6.46958e+06 1.43193e+07 8.35175e+06 8.75913e+06 4.00757e+06 2.82976e+06
threshold=14981.480555555558 0.91920935518921365 2222.0500000000006 1.0500000000000003 3247.2222222222226 1782.8571428571431 25.450000000000003 1087.8500000000001 -0.24999999999999994
decision_type=2 2 2 2 2 2 2 2 2
left_child=1 3 -3 5 -5 -1 -7 -8 -6
right_child=-2 2 -4 4 8 6 7 -9 -10
leaf_value=-10.481482190827506 8.2842387025442914 -15.368907795237071 -0.42852000435269361 17.88829109571089 -4.5127383306197837 -11.74509927804338 9.185237579220221 0.01595293187022527 4.2826106087733748
leaf_weight=92 52 60 52 50 79 52 51 262 56
leaf_count=92 52 60 52 50 79 52 51 262 56
internal_value=-1.04077 -1.68692 -8.45205 -0.503305 4.22575 -2.41923 -0.380136 1.51738 -0.862825
internal_weight=806 754 112 642 185 457 365 313 135
internal_count=806 754 112 642 185 457 365 313 135
is_linear=0
shrinkage=0.03


Tree=373
num_leaves=9
num_cat=0
split_feature=24 26 1 0 0 6 26 0
split_gain=5.08502e+06 6.50922e+06 1.33706e+07 2.37e+07 6.69432e+06 3.84507e+06 2.78521e+06 2.41167e+06
threshold=14981.480555555558 9.5500000000000025 1.0000000180025095e-35 7.0500000000000007 1310.8000000000002 2.5500000000000003 4.6500000000000021 487.30000000000007
decision_type=2 2 2 2 2 2 2 2
left_child=1 2 -1 -4 -3 -6 -5 -8
right_child=-2 4 3 6 5 -7 7 -9
leaf_value=10.263675677186042 8.0371372247699568 -16.019294924499029 -21.422735682258828 -4.4936419064055686 3.251240967979208 -7.7277574280465728 6.3517048597129397 0.10517250410428589
leaf_weight=93 52 50 51 93 51 65 69 282
leaf_count=93 52 50 51 93 51 65 69 282
internal_value=-1.00958 -1.63645 -0.154276 -2.11664 -6.87676 -2.90477 0.113902 1.33752
internal_weight=806 754 588 495 166 116 444 351
internal_count=806 754 588 495 166 116 444 351
is_linear=0
shrinkage=0.03


Tree=374
num_leaves=9
num_cat=0
split_feature=24 24 0 24 0 0 0 26
split_gain=4.78627e+06 6.22542e+06 1.01775e+07 1.50017e+07 3.43532e+07 1.65985e+07 8.70396e+06 1.54676e+06
threshold=14981.480555555558 10616.66666666667 6.1000000000000005 1910.0000000000002 756.05000000000007 510.20000000000005 1003.85 4.7500000000000018
decision_type=2 2 2 2 2 2 2 2
left_child=1 2 -1 4 -4 -5 -3 -7
right_child=-2 6 3 5 -6 7 -8 -9
leaf_value=12.395785882431166 7.7974059346711435 -16.893793788788244 -29.055815366526705 16.046980944154196 1.7302754070241255 -5.0076851130622879 -0.47881146884075781 -0.19834001596590861
leaf_weight=51 52 53 53 58 84 74 64 317
leaf_count=51 52 53 53 58 84 74 64 317
internal_value=-0.979532 -1.58771 -0.417959 -1.53894 -10.2171 1.11399 -7.93892 -1.11171
internal_weight=806 754 637 586 137 449 117 391
internal_count=806 754 637 586 137 449 117 391
is_linear=0
shrinkage=0.03


Tree=375
num_leaves=9
num_cat=0
split_feature=25 1 27 21 1 0 8 0
split_gain=1.72332e+07 3.62722e+07 3.35571e+07 1.442e+07 1.00062e+07 8.201e+06 2.48784e+06 4.11534e+06
threshold=24.437525000000004 1.0000000180025095e-35 0.51225279916095534 0.53244148506860378 1.2500000000000002 4.9500000000000011 -0.74999999999999989 487.30000000000007
decision_type=2 2 2 2 2 2 2 2
left_child=1 2 -1 -2 5 -3 -7 -8
right_child=3 4 -4 -5 -6 6 7 -9
leaf_value=36.531977061884071 -21.962098980442903 -10.36033556019688 1.985250667772795 -1.2497912589531894 10.941119431129327 -6.1217824105876479 8.5426814773695554 -0.39699288787755899
leaf_weight=50 50 81 51 76 64 53 53 355
leaf_count=50 50 81 51 76 64 53 53 355
internal_value=0.706267 2.52878 19.1452 -9.50168 -0.24872 -1.57537 -0.0260517 0.76969
internal_weight=833 707 101 126 606 542 461 408
internal_count=833 707 101 126 606 542 461 408
is_linear=0
shrinkage=0.03


Tree=376
num_leaves=9
num_cat=0
split_feature=25 24 26 24 24 24 24 0
split_gain=1.62208e+07 3.41408e+07 4.69403e+07 1.35299e+07 1.1077e+07 8.45625e+06 5.13902e+06 1.47009e+07
threshold=24.437525000000004 1.0000000180025095e-35 7.8500000000000005 5648.6111111111122 14981.480555555558 2820.0000000000005 11711.111111111113 259.10000000000008
decision_type=2 2 2 2 2 2 2 2
left_child=1 2 -1 -2 5 -3 7 -7
right_child=3 4 -4 -5 -6 6 -8 -9
leaf_value=38.735793484693382 -21.288027353381541 -11.551015680062825 -2.0986444480092104 -1.2250616379334136 12.820527622731051 15.319102829023533 -8.2526620115930456 -1.1351083758094329
leaf_weight=51 50 66 50 76 53 56 61 370
leaf_count=51 50 66 50 76 53 56 61 370
internal_value=0.685272 2.45344 18.5743 -9.21828 -0.24122 -1.49936 -0.13083 1.03712
internal_weight=833 707 101 126 606 553 487 426
internal_count=833 707 101 126 606 553 487 426
is_linear=0
shrinkage=0.03


Tree=377
num_leaves=9
num_cat=0
split_feature=25 24 27 21 24 24 24 0
split_gain=1.5268e+07 3.21342e+07 3.12509e+07 1.33569e+07 1.04257e+07 7.95889e+06 4.84897e+06 1.39732e+07
threshold=24.437525000000004 1.0000000180025095e-35 0.51225279916095534 0.53244148506860378 14981.480555555558 2820.0000000000005 11986.111111111113 487.30000000000007
decision_type=2 2 2 2 2 2 2 2
left_child=1 2 -1 -2 5 -3 7 -7
right_child=3 4 -4 -5 -6 6 -8 -9
leaf_value=34.798857264319658 -20.935585046307462 -11.206053221689629 1.4632770154629533 -1.0022916229930492 12.438076475476235 14.331522671239293 -8.5777511434397002 -1.2328054176518848
leaf_weight=50 50 66 51 76 53 60 54 373
leaf_count=50 50 66 51 76 53 60 54 373
internal_value=0.664943 2.38039 18.0203 -8.94334 -0.233876 -1.45447 -0.126795 0.932323
internal_weight=833 707 101 126 606 553 487 433
internal_count=833 707 101 126 606 553 487 433
is_linear=0
shrinkage=0.03


Tree=378
num_leaves=9
num_cat=0
split_feature=25 24 26 21 24 24 24 24
split_gain=1.43711e+07 3.02457e+07 4.38586e+07 1.25722e+07 9.81278e+06 7.49076e+06 4.56407e+06 4.30272e+06
threshold=24.437525000000004 1.0000000180025095e-35 7.8500000000000005 0.53244148506860378 14981.480555555558 2820.0000000000005 11986.111111111113 10078.705555555556
decision_type=2 2 2 2 2 2 2 2
left_child=1 2 -1 -2 5 -3 7 -7
right_child=3 4 -4 -5 -6 6 -8 -9
leaf_value=36.971534109505996 -20.31126361037343 -10.871392763178813 -2.4972195592315249 -0.97234099778091598 12.06703450050855 -0.33160362532194837 -8.3218402217501435 8.132317715549922
leaf_weight=51 50 66 50 76 53 370 54 63
leaf_count=51 50 66 50 76 53 370 54 63
internal_value=0.645211 2.30951 17.4829 -8.6766 -0.226775 -1.41094 -0.122908 0.904625
internal_weight=833 707 101 126 606 553 487 433
internal_count=833 707 101 126 606 553 487 433
is_linear=0
shrinkage=0.03


Tree=379
num_leaves=9
num_cat=0
split_feature=28 0 21 14 0 0 27 10
split_gain=1.37924e+07 1.26498e+07 1.14892e+07 9.28445e+06 5.03319e+06 9.03173e+06 4.03572e+06 2.13703e+06
threshold=-0.89388548498445497 3.1500000000000004 0.65135923550861319 42.000000000000007 251.45000000000002 1211.4000000000003 -0.81403855522663837 7.5000000000000009
decision_type=2 2 2 2 2 2 2 2
left_child=2 -2 -1 -3 7 -6 -7 -5
right_child=1 3 -4 4 5 6 -8 -9
leaf_value=-19.420774420562541 13.103466910645103 -8.349666022657658 -1.0897272794212745 3.8913779277877349 -9.8181254153695043 7.5505892552055505 0.63795517201509266 12.683533482257699
leaf_weight=51 85 86 77 50 61 106 267 50
leaf_count=51 85 86 77 50 61 106 267 50
internal_value=0.626003 2.27164 -8.42191 0.780998 2.25536 0.854944 2.60692 8.31233
internal_weight=833 705 128 620 534 434 373 100
internal_count=833 705 128 620 534 434 373 100
is_linear=0
shrinkage=0.03


Tree=380
num_leaves=12
num_cat=0
split_feature=2 11 6 6 2 8 4 6 8 8 25
split_gain=1.43574e+07 2.27942e+07 1.72969e+07 1.07144e+07 1.05533e+07 8.19657e+06 3.86794e+06 4.34581e+06 2.79462e+06 6.25788e+06 2.92318e+06
threshold=7.7000000000000002 1.0000000180025095e-35 2.4500000000000006 3.7500000000000004 11.800000000000002 10.750000000000002 1002.9500000000002 3.0500000000000003 8.1500000000000004 13.700000000000001 22.206435000000003
decision_type=2 2 2 2 2 2 2 2 2 2 2
left_child=1 -1 -3 5 -2 -4 7 -6 -8 -10 -11
right_child=4 2 3 -5 6 -7 8 -9 9 10 -12
leaf_value=-9.0020109135144732 -13.653958946531684 25.434114488422541 7.3561445146448472 14.582925354388619 11.006587235523247 -8.7039174321821147 2.6573955813908756 -1.3528040198275917 -9.8212762937940923 5.5341116282702743 -2.991006875896745
leaf_weight=69 60 54 66 82 51 50 91 51 89 57 98
leaf_count=69 60 54 66 82 51 50 91 51 89 57 98
internal_value=1.305 6.24747 10.4287 6.30398 -1.88905 0.429031 -0.265454 4.84096 -1.82321 -3.4955 0.148613
internal_weight=818 321 252 198 497 116 437 102 335 244 155
internal_count=818 321 252 198 497 116 437 102 335 244 155
is_linear=0
shrinkage=0.03


Tree=381
num_leaves=11
num_cat=0
split_feature=1 2 24 1 0 24 0 23 24 0
split_gain=1.50811e+07 4.90348e+07 1.14633e+07 9.16454e+06 5.04153e+07 8.22197e+06 2.44718e+06 1.22379e+06 1.96506e+06 1.03377e+06
threshold=1.0000000180025095e-35 6.5500000000000007 4563.6583333333338 0.65000000000000013 940.50000000000011 14477.777777777779 215.05000000000004 -0.24999999999999994 7225.3083333333334 2141.5000000000005
decision_type=2 2 2 2 2 2 2 2 2 2
left_child=1 -1 6 5 -5 -4 -2 9 -9 -6
right_child=2 -3 3 4 7 -7 -8 8 -10 -11
leaf_value=29.93397229854147 -13.347845851004024 -9.5782364910762716 -14.397431835054729 30.873290558226021 -0.60619410678210017 2.2381161474754983 -4.439298707611341 -5.5440473405509838 0.061425434285950035 4.3676344648110437
leaf_weight=60 59 53 57 52 75 50 53 77 207 75
leaf_count=60 59 53 57 52 75 50 53 77 207 75
internal_value=1.26608 11.4253 -0.366439 1.29731 3.04768 -6.6392 -9.1554 -0.305263 -1.46258 1.88441
internal_weight=818 113 705 593 486 107 112 434 284 150
internal_count=818 113 705 593 486 107 112 434 284 150
is_linear=0
shrinkage=0.03


Tree=382
num_leaves=11
num_cat=0
split_feature=24 27 24 0 24 0 27 24 23 8
split_gain=1.41938e+07 2.61293e+07 1.07894e+07 6.54988e+06 1.83659e+07 2.30322e+06 1.06898e+06 940824 1.17502e+06 478153
threshold=1.0000000180025095e-35 0.33346569090932193 4563.6583333333338 487.30000000000007 11986.111111111113 215.05000000000004 -0.89391031859722869 9539.6833333333361 -0.68301270189221952 9.0500000000000025
decision_type=2 2 2 2 2 2 2 2 2 2
left_child=1 -1 5 4 -4 -2 -5 8 -8 -9
right_child=2 -3 3 6 -6 -7 7 9 -10 -11
leaf_value=24.833624902117311 -12.949436303149991 -3.9923984792087617 19.931427671653438 -3.6994280884928439 -2.6173710044327958 -4.3068693960987829 2.815658833522932 0.75119808154303302 -1.8545802787761438 4.6298041838372654
leaf_weight=59 59 54 57 75 75 53 63 65 207 51
leaf_count=59 59 54 57 75 75 53 63 65 207 51
internal_value=1.22831 11.0842 -0.355456 1.25865 7.14266 -8.88216 -0.429677 0.207994 -0.762909 2.46407
internal_weight=818 113 705 593 132 112 461 386 270 116
internal_count=818 113 705 593 132 112 461 386 270 116
is_linear=0
shrinkage=0.03


Tree=383
num_leaves=8
num_cat=0
split_feature=1 2 1 0 24 14 14
split_gain=1.33589e+07 4.56631e+07 1.12507e+07 9.97828e+06 2.60446e+06 1.8918e+06 1.35043e+06
threshold=1.0000000180025095e-35 6.5500000000000007 1.2500000000000002 5.9500000000000011 12018.519444444446 50.000000000000007 173.50000000000003
decision_type=2 2 2 2 2 2 2
left_child=1 -1 3 -2 5 -5 -7
right_child=2 -3 -4 4 -6 6 -8
leaf_value=28.614626915395554 -10.825353552357651 -9.5141294014342073 10.615315512053044 -5.8471539059654525 6.329924779928219 1.9589024387806466 -1.4669992478638367
leaf_weight=60 91 53 75 58 51 173 257
leaf_count=60 91 53 75 58 51 173 257
internal_value=1.19172 10.7533 -0.344758 -1.65397 -0.100382 -0.775896 -0.0882457
internal_weight=818 113 705 630 539 488 430
internal_count=818 113 705 630 539 488 430
is_linear=0
shrinkage=0.03


Tree=384
num_leaves=9
num_cat=0
split_feature=1 2 1 24 1 24 2 28
split_gain=1.25729e+07 4.29781e+07 1.05883e+07 1.00084e+07 8.92317e+06 2.0494e+06 1.9376e+06 1.80848e+06
threshold=1.0000000180025095e-35 6.5500000000000007 1.2500000000000002 14708.333333333334 0.65000000000000013 5990.7416666666677 16.350000000000005 -0.41327860778290426
decision_type=2 2 2 2 2 2 2 2
left_child=1 -1 3 4 -2 7 -7 -6
right_child=2 -3 -4 -5 5 6 -8 -9
leaf_value=27.760458425360532 -11.814210349640495 -9.2303116502457669 10.298124954595984 11.097230549416349 -1.0130137134646822 -1.4193508450654244 3.4599773909401184 -8.9588736278690089
leaf_weight=60 83 53 75 51 52 296 97 51
leaf_count=60 83 53 75 51 52 296 97 51
internal_value=1.15619 10.4322 -0.334405 -1.6045 -2.72848 -1.20185 -0.213295 -4.96205
internal_weight=818 113 705 630 579 496 393 103
internal_count=818 113 705 630 579 496 393 103
is_linear=0
shrinkage=0.03


Tree=385
num_leaves=10
num_cat=0
split_feature=1 30 25 24 24 26 6 24 26
split_gain=1.41226e+07 2.50113e+07 3.68727e+07 1.43425e+07 5.25007e+06 2.81215e+06 2.85588e+06 4.64039e+06 2.81263e+06
threshold=0.29166666666666669 -0.56174490092936669 17.598980000000001 3805.416666666667 13351.85277777778 3.8500000000000001 3.4500000000000006 8338.8888888888905 10.250000000000004
decision_type=2 2 2 2 2 2 2 2 2
left_child=1 -1 -3 -2 5 -5 8 -8 -7
right_child=3 2 -4 4 -6 6 7 -9 -10
leaf_value=-27.232148527027835 -10.903805034942884 -18.209407448089756 16.314010031379858 -5.4663965326604611 11.196426777923316 1.6865257849171311 -0.036782342407094458 10.953454371556575 -5.5310423984812269
leaf_weight=50 89 58 53 52 51 250 69 69 60
leaf_count=50 89 58 53 52 51 250 69 69 60
internal_value=-1.74959 -9.68288 -1.72563 0.249722 2.05626 1.11779 1.88519 5.47011 0.285551
internal_weight=801 161 111 640 551 500 448 138 310
internal_count=801 161 111 640 551 500 448 138 310
is_linear=0
shrinkage=0.03


Tree=386
num_leaves=9
num_cat=0
split_feature=1 27 27 0 0 21 27 21
split_gain=1.32925e+07 2.3196e+07 7.30242e+06 1.02482e+07 2.64085e+06 1.6447e+06 3.21212e+06 677475
threshold=0.29166666666666669 0.60500564346204555 0.98370018436603734 8.1000000000000014 259.10000000000008 0.78283158779435624 -0.09025077427732299 0.89114144641301196
decision_type=2 2 2 2 2 2 2 2
left_child=1 -1 3 -2 -5 6 -6 -7
right_child=2 -3 -4 4 5 7 -8 -9
leaf_value=-0.24992654957582117 -11.375135673827911 -23.549426313689533 10.984776680437601 6.8304017707065769 -5.9835750957367209 4.4339718908275714 1.3297605494687157 0.78045780388170383
leaf_weight=98 71 63 52 57 96 61 123 180
leaf_count=98 71 63 52 57 96 61 123 180
internal_value=-1.6974 -9.39402 0.242257 -0.712864 0.757124 0.000584864 -1.87984 1.70961
internal_weight=801 161 640 588 517 460 219 241
internal_count=801 161 640 588 517 460 219 241
is_linear=0
shrinkage=0.03


Tree=387
num_leaves=11
num_cat=0
split_feature=24 0 6 21 0 0 4 28 24 26
split_gain=9.66786e+06 2.25519e+07 2.62156e+07 2.38116e+07 1.07886e+07 1.65608e+07 1.48333e+06 1.40472e+06 1.61451e+06 1.54677e+06
threshold=4563.6583333333338 26.500000000000004 3.5500000000000003 0.6240183709606022 5.9500000000000011 715.55000000000007 1023.1500000000002 0.03011918916419835 7706.0194444444451 7.3500000000000014
decision_type=2 2 2 2 2 2 2 2 2 2
left_child=1 -1 3 -3 -2 -6 7 9 -9 -7
right_child=4 2 -4 -5 5 6 -8 8 -10 -11
leaf_value=10.290246097786566 -8.8862222560195665 -31.961622046216039 4.7637986144220648 -5.0936150630929857 18.371190960755822 -0.42623437904248723 4.9635134164536199 -6.3877353559364201 -0.32052134514978714 5.343974811743772
leaf_weight=53 93 66 57 54 51 127 54 57 127 62
leaf_count=53 93 66 57 54 51 127 54 57 127 62
internal_value=-1.64667 -6.83541 -11.9722 -19.9139 0.445841 2.26595 0.330801 -0.343313 -2.20743 1.47206
internal_weight=801 230 177 120 571 478 427 373 184 189
internal_count=801 230 177 120 571 478 427 373 184 189
is_linear=0
shrinkage=0.03


Tree=388
num_leaves=11
num_cat=0
split_feature=24 6 6 27 24 10 6 24 2 11
split_gain=9.09921e+06 1.5308e+07 2.36608e+07 5.03325e+06 8.96071e+06 6.48194e+06 2.21751e+06 4.46291e+06 1.53234e+06 1.20863e+06
threshold=4563.6583333333338 2.4500000000000006 3.5500000000000003 0.98657570349221646 11236.111111111113 6.5000000000000009 3.1500000000000008 8338.8888888888905 15.797000000000002 1.5000000000000002
decision_type=2 2 2 2 2 2 2 2 2 2
left_child=1 -1 -3 4 6 -6 8 -8 9 -2
right_child=3 2 -4 -5 5 -7 7 -9 -10 -11
leaf_value=4.9363745275553619 1.6159153026002071 -22.163878910333626 1.0928896709511691 8.9492747614438741 -16.125475495871211 -1.0138533509438628 -0.34620941776769898 9.5506061042020054 3.4275904444644327 -3.584241882678493
leaf_weight=71 61 88 71 56 50 52 90 75 70 117
leaf_count=71 61 88 71 56 50 52 90 75 70 117
internal_value=-1.59737 -6.6312 -11.7962 0.432664 -0.498068 -8.44716 1.46983 4.16146 -0.323795 -1.80239
internal_weight=801 230 159 571 515 102 413 165 248 178
internal_count=801 230 159 571 515 102 413 165 248 178
is_linear=0
shrinkage=0.03


Tree=389
num_leaves=12
num_cat=0
split_feature=1 30 5 1 3 26 3 22 23 26 28
split_gain=1.15236e+07 2.34252e+07 3.4412e+07 4.79417e+06 4.23465e+06 3.01368e+06 5.50085e+06 3.37461e+06 1.39671e+06 968852 314860
threshold=0.29166666666666669 -0.56174490092936669 17.550000000000004 1.2500000000000002 50.20000000000001 7.4500000000000011 74.500000000000014 0.68301270189221941 0.25000000000000017 4.7500000000000018 0.67751439310362949
decision_type=2 2 2 2 2 2 2 2 2 2 2
left_child=1 -1 -3 4 10 7 8 9 -7 -6 -2
right_child=3 2 -4 -5 5 6 -8 -9 -10 -11 -12
leaf_value=-25.699337722596304 -4.3248893189424313 -16.942785850250086 16.408509597921462 7.5897705880120965 -2.361448464074857 3.2367812958192288 11.273421359286882 -7.2924165201456841 -3.090590065779844 1.8790485414506999 -7.6691108429852282
leaf_weight=50 50 58 53 71 73 62 57 66 63 143 55
leaf_count=50 50 58 53 71 73 62 57 66 63 143 55
internal_value=-1.54961 -8.71586 -1.01691 0.256379 -0.662186 0.570022 3.57644 -1.37199 0.0479499 0.444588 -6.09357
internal_weight=801 161 111 640 569 464 182 282 125 216 105
internal_count=801 161 111 640 569 464 182 282 125 216 105
is_linear=0
shrinkage=0.03


Tree=390
num_leaves=10
num_cat=0
split_feature=0 3 24 1 24 20 0 5 5
split_gain=1.68227e+07 4.7697e+06 1.59809e+07 9.22272e+06 2.23714e+06 1.45527e+06 1.62473e+06 1.51953e+06 915538
threshold=3.1500000000000004 77.350000000000009 3538.1944444444448 0.097222222222222224 4604.166666666667 5.3006000000000002 2375.1000000000004 14.050000000000002 21.250000000000004
decision_type=2 2 2 2 2 2 2 2 2
left_child=-1 3 -3 -2 -5 6 -6 -7 -4
right_child=1 2 8 4 5 7 -8 -9 -10
leaf_value=12.57236215824034 12.076103675402896 -19.417000995734579 1.7426033041634814 -4.96550570047983 -6.142256832051233 5.8023017888724526 0.70581242338119743 0.23070866149946972 -2.563014949910781
leaf_weight=94 57 50 95 89 53 63 75 145 83
leaf_count=94 57 50 95 89 53 63 75 145 83
internal_value=0.667155 -0.913659 -4.48578 0.77778 -0.744953 0.376396 -2.13738 1.92423 -0.265957
internal_weight=804 710 228 482 425 336 128 208 178
internal_count=804 710 228 482 425 336 128 208 178
is_linear=0
shrinkage=0.03


Tree=391
num_leaves=9
num_cat=0
split_feature=0 4 0 1 30 4 27 21
split_gain=1.58317e+07 6.88517e+06 6.56707e+06 2.32683e+07 7.84882e+06 7.03317e+06 1.80084e+06 788451
threshold=3.1500000000000004 997.85000000000002 1241.5500000000004 0.65000000000000013 -0.56174490092936669 1008.7500000000001 -0.8840347633015142 0.77863330406789588
decision_type=2 2 2 2 2 2 2 2
left_child=-1 -2 4 -4 -3 -6 -5 -8
right_child=1 2 3 6 5 -7 7 -9
leaf_value=12.196391241279917 -10.496993209016653 4.5526155931251493 20.145469149818901 -5.1361331284100942 -16.687848862342115 -2.2169341515788537 -1.2988456812302016 1.5486034630266954
leaf_weight=94 61 54 55 65 58 63 157 197
leaf_count=94 61 54 55 65 58 63 157 197
internal_value=0.647141 -0.886407 0.0213176 1.85511 -4.94025 -9.1776 -0.558451 0.285696
internal_weight=804 710 649 474 175 121 419 354
internal_count=804 710 649 474 175 121 419 354
is_linear=0
shrinkage=0.03


Tree=392
num_leaves=12
num_cat=0
split_feature=24 28 24 30 29 24 14 23 24 23 28
split_gain=1.36004e+07 1.89674e+07 4.60084e+06 4.43779e+06 1.01021e+07 2.99121e+06 3.44419e+06 2.35207e+06 1.56891e+06 1.39882e+06 1.24823e+06
threshold=1.0000000180025095e-35 -0.58427653070765284 4563.6583333333338 1.0000000180025095e-35 0.6078576107927941 10446.297222222223 169.50000000000003 -0.24999999999999994 7421.2972222222224 -0.24999999999999994 -0.11593459959550052
decision_type=2 2 2 2 2 2 2 2 2 2 2
left_child=1 -1 7 5 -5 8 -7 -2 9 -4 -10
right_child=2 -3 3 4 -6 6 -8 -9 10 -11 -12
leaf_value=-2.2943730956573201 -2.2340539820640521 22.80900973439001 0.73925932236048053 -3.2383546932133669 10.551413090697226 -11.520089147634675 -1.0064076120225804 -10.860241836423684 -1.5691679911111029 -5.3140607080347895 4.3200943248228532
leaf_weight=53 59 55 69 92 99 51 62 55 50 68 91
leaf_count=53 59 55 69 92 99 51 62 55 50 68 91
internal_value=0.627755 10.5174 -0.910709 0.169885 3.91451 -1.66091 -5.76954 -6.41347 0.013535 -2.27029 2.23274
internal_weight=804 108 696 582 191 391 113 114 278 137 141
internal_count=804 108 696 582 191 391 113 114 278 137 141
is_linear=0
shrinkage=0.03


Tree=393
num_leaves=9
num_cat=0
split_feature=0 3 24 1 24 6 0 5
split_gain=1.49712e+07 4.40895e+06 1.52229e+07 7.56734e+06 1.86572e+06 1.87904e+06 1.44828e+06 828020
threshold=3.1500000000000004 77.350000000000009 3538.1944444444448 0.097222222222222224 4604.166666666667 2.1500000000000008 1328.1500000000003 21.250000000000004
decision_type=2 2 2 2 2 2 2 2
left_child=-1 3 -3 -2 -5 -6 -7 -4
right_child=1 2 7 4 5 6 -8 -9
leaf_value=11.839896719842548 10.978105376877711 -18.889524276991253 1.7117380638162587 -4.48979986630789 -4.7794887114376339 5.97708415389772 0.36330749496261905 -2.3829030237821827
leaf_weight=94 57 50 95 89 53 50 233 83
leaf_count=94 57 50 95 89 53 50 233 83
internal_value=0.608925 -0.882352 -4.31673 0.743866 -0.635481 0.388523 1.36045 -0.198307
internal_weight=804 710 228 482 425 336 283 178
internal_count=804 710 228 482 425 336 283 178
is_linear=0
shrinkage=0.03


Tree=394
num_leaves=9
num_cat=0
split_feature=24 4 27 24 24 24 26 26
split_gain=1.28041e+07 3.03441e+07 4.3861e+06 3.99089e+06 1.68907e+06 5.54185e+06 1.30873e+06 1.44642e+06
threshold=1.0000000180025095e-35 1004.5500000000001 0.94970904815366264 2510.0000000000005 10446.297222222223 12548.611111111113 4.5499999999999998 10.250000000000004
decision_type=2 2 2 2 2 2 2 2
left_child=1 -1 3 -2 6 -6 -5 -8
right_child=2 -3 -4 4 5 -7 7 -9
leaf_value=-6.0032855167353132 -9.5498494397623848 25.735631229752439 4.9368202931787319 -4.2081566830535442 -9.9981337956648222 2.1836291452123029 1.3993623400004969 -3.970357251766699
leaf_weight=53 55 55 99 60 68 66 295 53
leaf_count=53 55 55 99 60 68 66 295 53
internal_value=0.590661 10.1865 -0.90208 -1.87235 -1.0884 -4.00662 -0.127701 0.578819
internal_weight=804 108 696 597 542 134 408 348
internal_count=804 108 696 597 542 134 408 348
is_linear=0
shrinkage=0.03


Tree=395
num_leaves=13
num_cat=0
split_feature=0 24 4 0 24 21 27 24 27 24 28 27
split_gain=1.61511e+07 1.47257e+07 2.5942e+07 5.35415e+06 7.02788e+06 2.2843e+06 2.51595e+06 1.96449e+06 1.86402e+06 1.1576e+06 677224 617551
threshold=4.1000000000000005 1306.6666666666667 1004.35 487.30000000000007 5281.7460317460327 0.7308171621862205 -0.081675638985454949 7225.3083333333334 0.14153898451656996 10030.555555555557 -0.1670268750011662 0.1670500785599974
decision_type=2 2 2 2 2 2 2 2 2 2 2 2
left_child=-1 2 -2 4 -3 6 9 8 -7 -5 -8 -9
right_child=1 3 -4 5 -6 7 10 11 -10 -11 -12 -13
leaf_value=11.744830751908868 -25.117042035320406 -0.37612192387293059 2.7466284373177761 -9.532533656616657 14.533667123167868 -5.4590526670421715 2.4456883372210272 4.4216364920469067 1.7742041010523621 -3.1222528285868685 -1.9983911106003502 0.50072691415053716
leaf_weight=99 58 61 62 51 53 61 56 119 67 51 68 52
leaf_count=99 58 61 62 51 53 61 56 119 67 51 68 52
internal_value=0.367128 -1.12096 -10.7498 0.69145 6.5755 -0.589237 -2.86344 1.13085 -1.67753 -6.34604 0.00959888 3.23233
internal_weight=858 759 120 639 114 525 226 299 128 102 124 171
internal_count=858 759 120 639 114 525 226 299 128 102 124 171
is_linear=0
shrinkage=0.03


Tree=396
num_leaves=10
num_cat=0
split_feature=3 1 24 21 28 24 10 21 4
split_gain=9.88898e+06 1.63669e+07 2.44889e+07 2.30749e+07 1.41345e+07 5.8614e+06 2.85365e+06 4.43127e+06 3.98531e+06
threshold=47.350000000000001 0.29166666666666669 12894.444444444447 0.54519255050505067 0.79345403275494197 3805.416666666667 6.5000000000000009 0.77863330406789588 1012.5500000000001
decision_type=2 2 2 2 2 2 2 2 2
left_child=4 3 5 -2 -1 -3 8 -8 -7
right_child=1 2 -4 -5 -6 6 7 -9 -10
leaf_value=18.936805213188837 2.5319549523684501 -8.2038877418488827 21.268556720286192 -21.642823023427063 -1.6320131742896848 6.7962929637276828 -6.7359181731235429 1.5069229402293791 -1.429403660188677
leaf_weight=58 68 78 50 74 62 121 92 161 94
leaf_count=58 68 78 50 74 62 121 92 161 94
internal_value=0.356036 -0.943705 1.23826 -10.0852 8.33194 -0.606673 0.663955 -1.49487 3.20292
internal_weight=858 738 596 142 120 546 468 253 215
internal_count=858 738 596 142 120 546 468 253 215
is_linear=0
shrinkage=0.03


Tree=397
num_leaves=9
num_cat=0
split_feature=3 28 24 28 28 26 24 24
split_gain=9.30737e+06 1.33034e+07 6.99819e+06 5.32731e+06 1.07966e+07 5.1462e+06 2.02666e+07 4.76376e+06
threshold=47.350000000000001 0.79345403275494197 13966.66666666667 -0.9523422988233432 -0.82389248692129191 5.450000000000002 1173.3340000000003 7114.416666666667
decision_type=2 2 2 2 2 2 2 2
left_child=1 -1 3 -2 -5 7 -7 -6
right_child=2 -3 -4 4 5 6 -8 -9
leaf_value=18.371624133339466 -8.1476629194392185 -1.5832881753134689 9.6633848043700699 10.309416281605168 10.435615093731739 -21.311880178172682 -1.1487108832153567 -2.2218217261549067
leaf_weight=58 99 62 52 71 50 51 358 57
leaf_count=58 99 62 52 71 50 51 358 57
internal_value=0.345475 8.08327 -0.915465 -1.72125 -0.633782 -2.14466 -3.67674 3.70542
internal_weight=858 120 738 686 587 516 409 107
internal_count=858 120 738 686 587 516 409 107
is_linear=0
shrinkage=0.03


Tree=398
num_leaves=11
num_cat=0
split_feature=24 3 25 10 1 21 24 21 27 2
split_gain=8.83169e+06 8.02527e+06 1.13219e+07 1.06607e+07 4.79914e+06 1.62889e+07 5.45428e+06 1.47797e+06 2.99676e+06 1.11344e+06
threshold=13966.66666666667 58.050000000000004 4.1852800000000006 4.5000000000000009 0.65000000000000013 0.55875577462920811 4481.4805555555567 0.65135923550861319 -0.11593352601052358 13.750000000000002
decision_type=2 2 2 2 2 2 2 2 2 2
left_child=1 2 -1 -4 5 -3 -6 8 -8 -9
right_child=-2 4 3 -5 6 -7 7 9 -10 -11
leaf_value=-7.1742383237164571 11.405798065697969 2.4038007771360177 17.121311092724468 1.5854893235114722 -8.8461421314347977 -17.235549656958995 -6.5901815493416835 -1.7306382998437695 3.0537987109442444 3.0634199699224172
leaf_weight=56 60 80 71 90 63 72 62 56 54 194
leaf_count=56 60 80 71 90 63 72 62 56 54 194
internal_value=0.33526 -0.501073 4.4179 8.45585 -2.33963 -6.91462 -0.714932 0.690777 -2.10437 1.98873
internal_weight=858 798 217 161 581 152 429 366 116 250
internal_count=858 798 217 161 581 152 429 366 116 250
is_linear=0
shrinkage=0.03


Tree=399
num_leaves=12
num_cat=0
split_feature=0 24 0 0 24 21 27 24 24 27 3
split_gain=1.47457e+07 1.26837e+07 2.26372e+07 5.22695e+06 6.20112e+06 2.02727e+06 2.10203e+06 2.14758e+06 1.86016e+06 1.69644e+06 651206
threshold=4.1000000000000005 1306.6666666666667 1906.3500000000001 487.30000000000007 5281.7460317460327 0.7308171621862205 0.30901413279605805 9318.7500000000018 7225.3083333333334 0.14153898451656996 70.550000000000011
decision_type=2 2 2 2 2 2 2 2 2 2 2
left_child=-1 2 -2 4 -3 6 7 -5 9 -7 -10
right_child=1 3 -4 5 -6 8 -8 -9 10 -11 -12
leaf_value=11.196613082194256 -22.801179239543771 -0.13185148186240267 3.2164244186375637 -9.3817862435715718 13.874550525350376 -5.3992928023595015 0.79970387749331717 -1.8338042723995516 1.3032120776302867 1.5015903190340718 5.0262725806297963
leaf_weight=99 61 61 59 60 53 61 88 78 94 67 77
leaf_count=99 61 61 59 60 53 61 88 78 94 67 77
internal_value=0.325172 -1.09669 -10.033 0.585391 6.39914 -0.67994 -2.82234 -5.12883 0.940572 -1.79198 2.9856
internal_weight=858 759 120 639 114 525 226 138 299 128 171
internal_count=858 759 120 639 114 525 226 138 299 128 171
is_linear=0
shrinkage=0.03


Tree=400
num_leaves=9
num_cat=0
split_feature=24 3 2 25 29 27 1 0
split_gain=1.25714e+07 1.07868e+07 1.11371e+07 1.10107e+07 9.79619e+06 6.00036e+06 1.23582e+07 6.42691e+06
threshold=14981.480555555558 84.200000000000003 13.950000000000001 25.6812 0.87837969732492682 0.064507852084056461 1.0000000180025095e-35 2358.3000000000006
decision_type=2 2 2 2 2 2 2 2
left_child=1 3 -3 4 5 7 -7 -1
right_child=-2 2 -4 -5 -6 6 -8 -9
leaf_value=-7.6910276845901713 13.803843751456109 -20.415337835279068 -0.60936383757392165 11.140329276988307 -10.669221123096555 15.818488279732552 -0.16933058382629856 3.5908785603830826
leaf_weight=132 50 52 50 68 90 54 219 69
leaf_count=132 50 52 50 68 90 54 219 69
internal_value=-0.705663 -1.6993 -10.7369 -0.236284 -1.61314 0.112009 3.00695 -3.81851
internal_weight=784 734 102 632 564 474 273 201
internal_count=784 734 102 632 564 474 273 201
is_linear=0
shrinkage=0.03


Tree=401
num_leaves=11
num_cat=0
split_feature=24 0 1 0 24 24 0 23 21 24
split_gain=1.18325e+07 8.05693e+06 1.54614e+07 3.0571e+07 1.01657e+07 7.35035e+06 5.6769e+06 1.51175e+06 1.39459e+06 457095
threshold=14981.480555555558 2487.1500000000005 0.36666666666666675 23.850000000000005 4073.9083333333333 3247.2222222222226 487.30000000000007 -0.24999999999999994 0.78283158779435624 7557.6388888888896
decision_type=2 2 2 2 2 2 2 2 2 2
left_child=1 2 3 -1 -3 -4 -7 -6 -8 -9
right_child=-2 4 5 -5 7 6 8 9 -10 -11
leaf_value=2.5732375135296501 13.392198479502623 14.910043797881656 -10.839123700307123 -29.159576402735325 4.0413196938497977 8.6402367871315153 -3.2150532834774368 -4.2077586906316409 1.1048324535945273 -0.58919950555450984
leaf_weight=53 50 50 58 56 51 65 145 52 125 79
leaf_count=53 50 50 58 56 51 65 145 52 125 79
internal_value=-0.684438 -1.64843 -3.78448 -13.7651 2.97243 -1.00792 0.702343 -0.326218 -1.21607 -2.03197
internal_weight=784 734 502 109 232 393 335 182 270 131
internal_count=784 734 502 109 232 393 335 182 270 131
is_linear=0
shrinkage=0.03


Tree=402
num_leaves=9
num_cat=0
split_feature=24 3 25 0 3 21 24 24
split_gain=1.11372e+07 9.95284e+06 1.03541e+07 8.12434e+06 7.73025e+06 1.28914e+07 8.19238e+06 3.64349e+06
threshold=14981.480555555558 84.200000000000003 25.6812 1598.4000000000003 75.350000000000009 0.65135923550861319 1.0000000180025095e-35 3336.8055555555561
decision_type=2 2 2 2 2 2 2 2
left_child=1 2 4 -3 6 -6 -1 -8
right_child=-2 3 -4 -5 5 -7 7 -9
leaf_value=10.470941554845624 12.99282883433651 -18.877041111712902 10.838300479537049 -1.9532982995086146 -19.099444547516207 -0.011390267997633131 -8.7925675325033446 -0.10870784259922142
leaf_weight=62 50 50 68 52 54 77 50 321
leaf_count=62 50 50 68 52 54 77 50 321
internal_value=-0.663942 -1.59918 -0.193876 -10.2804 -1.52907 -7.90548 0.404172 -1.28522
internal_weight=784 734 632 102 564 131 433 371
internal_count=784 734 632 102 564 131 433 371
is_linear=0
shrinkage=0.03


Tree=403
num_leaves=8
num_cat=0
split_feature=24 27 29 1 1 24 14
split_gain=1.04829e+07 5.34219e+06 4.84433e+06 8.47738e+06 6.69312e+06 7.31521e+06 2.87663e+06
threshold=14981.480555555558 -0.95747632178960107 0.87837969732492682 1.0000000180025095e-35 0.65000000000000013 4563.6583333333338 169.50000000000003
decision_type=2 2 2 2 2 2 2
left_child=1 -1 3 -3 -5 -6 -4
right_child=-2 2 6 4 5 -7 -8
leaf_value=-10.518112502236049 12.605368538471625 9.080199339109809 -11.398359501443762 -9.6470129584177897 -9.13457404276771 1.9494771443200321 -1.7409475990502266
leaf_weight=55 50 84 55 72 63 349 56
leaf_count=55 50 84 55 72 63 349 56
internal_value=-0.644192 -1.55154 -0.820901 0.300381 -1.22805 0.249151 -6.54406
internal_weight=784 734 679 568 484 412 111
internal_count=784 734 679 568 484 412 111
is_linear=0
shrinkage=0.03


Tree=404
num_leaves=9
num_cat=0
split_feature=24 3 2 25 29 6 28 28
split_gain=9.86718e+06 9.4003e+06 1.02771e+07 9.64095e+06 8.71087e+06 1.04501e+07 2.04065e+07 9.68419e+06
threshold=14981.480555555558 84.200000000000003 13.950000000000001 25.6812 0.87837969732492682 3.5500000000000003 0.59809228744854648 0.86527520261780289
decision_type=2 2 2 2 2 2 2 2
left_child=1 3 -3 4 5 7 -7 -1
right_child=-2 2 -4 -5 -6 6 -8 -9
leaf_value=-5.2234623455653413 12.229463295310914 -19.239367617357299 -0.21579466929729604 10.505767049496205 -9.9677800286489475 16.280460571424982 -5.859483685730809 8.5703019275975691
leaf_weight=267 50 52 50 68 90 86 66 55
leaf_count=267 50 52 50 68 90 86 66 55
internal_value=-0.625082 -1.50538 -9.94215 -0.139667 -1.42808 0.198645 6.6744 -2.86157
internal_weight=784 734 102 632 564 474 152 322
internal_count=784 734 102 632 564 474 152 322
is_linear=0
shrinkage=0.03


Tree=405
num_leaves=10
num_cat=0
split_feature=14 7 24 8 11 2 7 9 24
split_gain=5.17663e+06 1.18459e+07 4.50566e+06 1.64402e+07 3.96953e+06 7.03787e+06 4.50498e+06 3.5626e+06 2.2562e+06
threshold=56.000000000000007 8.2500000000000018 1306.6666666666667 18.550000000000004 1.0000000180025095e-35 7.8500000000000005 15.350000000000003 1.0000000180025095e-35 10968.055555555557
decision_type=2 2 2 2 2 2 2 2 2
left_child=1 -1 3 -2 -4 7 -7 -6 -8
right_child=2 -3 4 -5 5 6 8 -9 -10
leaf_value=-4.1447318506464503 -17.549377081506538 15.433097467727153 -5.3793272569368211 5.7225819650799554 2.1679604929203111 -7.4645314576628108 -0.60801841221559483 11.301501390667655 6.4430336492625671
leaf_weight=53 57 58 97 52 80 78 217 74 50
leaf_count=53 57 58 97 52 80 78 217 74 50
internal_value=0.0862523 6.09907 -0.862625 -6.46184 0.164113 1.2443 -1.13672 6.5703 0.718119
internal_weight=816 111 705 109 596 499 345 154 267
internal_count=816 111 705 109 596 499 345 154 267
is_linear=0
shrinkage=0.03


Tree=406
num_leaves=12
num_cat=0
split_feature=4 4 21 8 30 24 24 6 11 24 24
split_gain=8.35606e+06 1.53284e+07 1.31035e+07 6.66595e+06 6.56391e+06 1.55728e+07 1.4255e+07 4.3958e+06 2.75751e+06 3.09145e+06 1.48832e+06
threshold=1014.4500000000002 1012.35 0.93818634665459089 1.9500000000000002 -0.56174490092936669 1.0000000180025095e-35 3538.1944444444448 3.2500000000000004 1.0000000180025095e-35 10115.277777777779 8578.7027777777785
decision_type=2 2 2 2 2 2 2 2 2 2 2
left_child=1 4 3 -2 6 -6 -1 -4 -7 -10 -8
right_child=2 -3 7 -5 5 8 10 -9 9 -11 -12
leaf_value=-18.279705663722744 4.8925093699338147 -15.33553027378326 -5.9509956424323489 20.034300093466403 15.771265900281932 -6.1870267328596782 4.01967772956956 4.9554049577762953 -1.1899914648636392 7.3114234590809248 -2.4934127704913798
leaf_weight=50 51 67 79 54 63 64 60 57 154 51 66
leaf_count=50 51 67 79 54 63 64 60 57 154 51 66
internal_value=0.0837297 -1.88168 4.76953 12.7147 -0.0992332 2.38323 -4.7782 -1.37902 -0.766303 0.932544 0.610169
internal_weight=816 575 241 105 508 332 176 136 269 205 126
internal_count=816 575 241 105 508 332 176 136 269 205 126
is_linear=0
shrinkage=0.03


Tree=407
num_leaves=9
num_cat=0
split_feature=0 1 2 0 0 10 14 4
split_gain=1.37947e+07 9.75089e+06 1.77188e+07 2.91455e+06 1.78379e+06 1.18811e+06 994791 293383
threshold=3.1500000000000004 0.29166666666666669 4.8000000000000016 411.45000000000005 1211.4000000000003 3.5000000000000004 161.50000000000003 1016.4500000000002
decision_type=2 2 2 2 2 2 2 2
left_child=-1 2 -2 -3 -5 7 -7 -6
right_child=1 3 -4 4 5 6 -8 -9
leaf_value=11.279465730176776 -20.95392314747308 4.9691159423960665 2.074685521393679 -5.2788664361565258 -1.1469898375907501 3.7726825247448188 -0.0095780682411793702 -4.0872551777004986
leaf_weight=88 58 99 62 65 69 85 235 55
leaf_count=88 58 99 62 65 69 85 235 55
internal_value=0.0813007 -1.2764 -9.08023 0.267534 -0.64929 0.0315496 0.997649 -2.45793
internal_weight=816 728 120 608 509 444 320 124
internal_count=816 728 120 608 509 444 320 124
is_linear=0
shrinkage=0.03


Tree=408
num_leaves=11
num_cat=0
split_feature=0 24 2 1 28 3 4 3 0 2
split_gain=1.29824e+07 1.27388e+07 1.99049e+07 6.76542e+06 2.28903e+06 1.38016e+06 1.64114e+06 1.27093e+06 1.07799e+06 630592
threshold=3.1500000000000004 1306.6666666666667 4.8000000000000016 0.90000000000000013 -0.28435918728100346 49.650000000000006 1009.1500000000002 83.500000000000014 2427.1500000000005 19.550000000000004
decision_type=2 2 2 2 2 2 2 2 2 2
left_child=-1 2 -2 4 7 8 -7 9 -6 -3
right_child=1 3 -4 -5 5 6 -8 -9 -10 -11
leaf_value=10.942231501388118 -22.508588160196002 4.7892922378347027 2.3073754022009085 10.49914650884287 -8.072373554692355 -5.3443906453548244 0.52369803476134202 -1.8160958546267161 -1.8375097335641 0.73875181860145445
leaf_weight=88 59 100 57 55 50 55 191 58 50 53
leaf_count=88 59 100 57 55 50 55 191 58 50 53
internal_value=0.0787575 -1.23836 -10.34 0.490982 -0.50236 -2.00357 -0.793148 1.95865 -4.96985 3.39041
internal_weight=816 728 116 612 557 346 246 211 100 153
internal_count=816 728 116 612 557 346 246 211 100 153
is_linear=0
shrinkage=0.03


Tree=409
num_leaves=8
num_cat=0
split_feature=0 24 2 1 3 3 23
split_gain=1.2218e+07 1.19895e+07 1.87344e+07 6.36783e+06 2.05771e+06 1.43292e+06 1.18634e+06
threshold=3.1500000000000004 1306.6666666666667 4.8000000000000016 0.90000000000000013 49.050000000000004 83.950000000000017 0.25000000000000017
decision_type=2 2 2 2 2 2 2
left_child=-1 2 -2 4 -3 6 -6
right_child=1 3 -4 -5 5 -7 -8
leaf_value=10.61507965096531 -21.836745873848461 -4.4024692560286685 2.2385164296814284 10.185881008610371 2.584812496680239 -2.9798256017379101 -0.90483489492558133
leaf_weight=88 59 99 57 55 221 92 145
leaf_count=88 59 99 57 55 221 92 145
internal_value=0.076287 -1.20147 -10.0313 0.476245 -0.487467 0.361097 1.20267
internal_weight=816 728 116 612 557 458 366
internal_count=816 728 116 612 557 458 366
is_linear=0
shrinkage=0.03


Tree=410
num_leaves=10
num_cat=0
split_feature=1 6 1 24 27 24 21 23 24
split_gain=3.06899e+07 2.24895e+07 1.45908e+07 8.24951e+06 7.40455e+06 3.58866e+06 2.23875e+06 1.33824e+06 2.10655e+06
threshold=1.0000000180025095e-35 2.9500000000000006 0.36666666666666675 9729.1666666666697 0.13301347478292308 3538.1944444444448 0.54519255050505067 -0.68301270189221952 7225.3083333333334
decision_type=2 2 2 2 2 2 2 2 2
left_child=1 -1 -2 5 6 -4 -5 -7 -9
right_child=2 -3 3 4 -6 7 -8 8 -10
leaf_value=27.615822562990594 -13.875901195003777 1.9710957319345046 -7.3154567811640803 5.8830508455083104 15.017951252295324 3.039034960531497 -3.0688772406492744 -4.1380154943956455 1.0970822436167453
leaf_weight=63 72 60 83 50 56 79 50 131 146
leaf_count=63 72 60 83 50 56 79 50 131 146
internal_value=1.39135 15.1415 -1.14994 0.396209 6.31519 -1.70997 1.41121 -0.397993 -1.38049
internal_weight=790 123 667 595 156 439 100 356 277
internal_count=790 123 667 595 156 439 100 356 277
is_linear=0
shrinkage=0.03


Tree=411
num_leaves=12
num_cat=0
split_feature=24 0 0 29 0 23 0 0 26 7 2
split_gain=2.88842e+07 8.07416e+07 9.81608e+06 3.05889e+06 4.0875e+06 2.23466e+06 2.89214e+06 1.18079e+06 1.17806e+06 997809 498475
threshold=1.0000000180025095e-35 1789.9000000000003 2.8500000000000005 0.6078576107927941 747.15000000000009 -0.5 1003.85 2527.2500000000005 6.3000000000000034 19.050000000000004 12.550000000000002
decision_type=2 2 2 2 2 2 2 2 2 2 2
left_child=1 -1 -2 5 -5 8 -7 10 -4 -8 -6
right_child=2 -3 3 4 7 6 9 -9 -10 -11 -12
leaf_value=41.175831550069638 -11.24204090233399 -7.5332025603907962 -0.81219598999154308 10.586954508074236 -3.2366084869718454 -8.2948422322769506 0.35220068865474935 4.5094258574984414 5.3039611928674244 -4.070071149060877 0.90993645125989753
leaf_weight=56 76 67 58 50 50 66 140 50 55 68 54
leaf_count=56 76 67 58 50 50 66 140 50 55 68 54
internal_value=1.34991 14.6894 -1.11549 0.191771 3.16185 -1.37506 -2.83821 0.735141 2.17078 -1.09728 -1.08708
internal_weight=790 123 667 591 204 387 274 154 113 208 104
internal_count=790 123 667 591 204 387 274 154 113 208 104
is_linear=0
shrinkage=0.03


Tree=412
num_leaves=8
num_cat=0
split_feature=1 6 1 1 9 24 26
split_gain=2.71861e+07 2.1145e+07 1.33799e+07 8.24079e+06 2.32187e+06 2.48328e+06 2.70389e+06
threshold=1.0000000180025095e-35 2.9500000000000006 0.36666666666666675 1.2500000000000002 12.800000000000002 11796.297222222223 10.150000000000004
decision_type=2 2 2 2 2 2 2
left_child=1 -1 -2 4 5 6 -4
right_child=2 -3 3 -5 -6 -7 -8
leaf_value=26.346739476642338 -13.268553788859816 1.4828283505416036 0.16693342940112973 10.541947143904714 -6.5898658792417812 6.0879938483656497 -6.2742019296675968
leaf_weight=63 72 60 354 64 56 51 70
leaf_count=63 72 60 354 64 56 51 70
internal_value=1.30973 14.2512 -1.0821 0.398488 -0.829321 -0.146433 -0.900125
internal_weight=790 123 667 595 531 475 424
internal_count=790 123 667 595 531 475 424
is_linear=0
shrinkage=0.03


Tree=413
num_leaves=8
num_cat=0
split_feature=24 0 0 22 0 24 0
split_gain=2.55868e+07 7.59745e+07 8.96335e+06 3.17307e+06 2.54009e+06 2.53122e+06 2.47231e+06
threshold=1.0000000180025095e-35 1789.9000000000003 2.8500000000000005 0.93301270189221952 15.750000000000002 3805.416666666667 1069.5000000000002
decision_type=2 2 2 2 2 2 2
left_child=1 -1 -2 4 -4 -6 -7
right_child=2 -3 3 -5 5 6 -8
leaf_value=39.518671390404705 -10.726478787843396 -7.7293381054156969 -6.8608384088884327 6.9740565953161537 -5.2395878915942626 7.1979372519219833 0.1654502919675091
leaf_weight=56 76 67 51 56 67 51 366
leaf_count=56 76 67 51 56 67 51 366
internal_value=1.27064 13.8257 -1.04977 0.199413 -0.513203 0.159476 1.03012
internal_weight=790 123 667 591 535 484 417
internal_count=790 123 667 591 535 484 417
is_linear=0
shrinkage=0.03


Tree=414
num_leaves=8
num_cat=0
split_feature=1 0 1 1 0 26 3
split_gain=2.40828e+07 7.15074e+07 1.21852e+07 7.9464e+06 4.00132e+06 1.30296e+06 947618
threshold=1.0000000180025095e-35 1789.9000000000003 0.36666666666666675 1.2500000000000002 8.8000000000000025 10.150000000000004 82.700000000000003
decision_type=2 2 2 2 2 2 2
left_child=1 -1 -2 4 -4 6 -6
right_child=2 -3 3 -5 5 -7 -8
leaf_value=38.33942919228047 -12.648034208622217 -7.4984916135212645 -8.7748312125847345 10.355176160139022 1.3874210514888541 -3.7026407332239781 -2.3006252268276732
leaf_weight=56 72 67 51 64 332 71 77
leaf_count=56 72 67 51 64 332 71 77
internal_value=1.23279 13.4132 -1.01839 0.394548 -0.811132 0.0399446 0.691895
internal_weight=790 123 667 595 531 480 409
internal_count=790 123 667 595 531 480 409
is_linear=0
shrinkage=0.03


Tree=415
num_leaves=12
num_cat=0
split_feature=0 2 2 4 4 7 16 4 4 2 8
split_gain=9.42762e+06 2.98269e+07 6.9227e+06 1.11223e+07 9.59124e+06 5.36471e+06 3.87453e+06 7.58821e+06 5.4243e+06 4.46411e+06 785789
threshold=4.1000000000000005 13.250000000000002 9.5500000000000025 1003.9500000000002 1011.2500000000001 8.8500000000000032 1.0000000180025095e-35 1008.7500000000001 1001.9500000000002 14.550000000000002 6.8500000000000005
decision_type=2 2 2 2 2 2 2 2 2 2 2
left_child=1 -1 3 -2 -5 -6 7 -4 -8 -9 -11
right_child=2 -3 6 4 5 -7 8 9 -10 10 -12
leaf_value=24.360582020374952 -13.420520668162393 -6.9539031640271816 -7.9828743046901387 7.0192240036885769 1.5122872597999995 -10.739644812948315 11.940401175205524 10.433462224341277 0.1243414003836194 -2.908975948083472 1.7517080314084483
leaf_weight=54 86 55 83 87 54 79 66 51 74 50 92
leaf_count=54 86 55 83 87 54 79 66 51 74 50 92
internal_value=0.372669 8.5839 -0.870014 -4.29298 -0.711486 -5.7729 1.6491 -0.413922 5.70845 2.84841 0.107886
internal_weight=831 109 722 306 220 133 416 276 140 193 142
internal_count=831 109 722 306 220 133 416 276 140 193 142
is_linear=0
shrinkage=0.03


Tree=416
num_leaves=11
num_cat=0
split_feature=0 24 24 20 0 24 27 0 14 24
split_gain=8.87326e+06 2.50521e+07 1.77858e+07 4.47853e+07 1.00224e+07 7.04756e+06 1.43633e+06 1.19556e+06 1.15479e+06 834165
threshold=4.1000000000000005 11986.111111111113 1490.0000000000002 10.34775 487.30000000000007 3990.7416666666672 -0.89391031859722869 1734.0500000000002 103.00000000000001 9194.4444444444471
decision_type=2 2 2 2 2 2 2 2 2 2
left_child=1 -1 3 -2 5 -4 -6 9 -9 -8
right_child=2 -3 4 -5 6 -7 7 8 -10 -11
leaf_value=22.524242304824359 -32.992304001954153 -6.175913048817967 2.0761676611635926 3.8871606938373997 -4.3854550855090517 17.840419609985105 -4.5145977303106752 -1.025418587508135 2.815764382529792 0.21305422835240215
leaf_weight=55 50 54 52 72 72 50 67 118 174 67
leaf_count=55 50 54 52 72 72 50 67 118 174 67
internal_value=0.361653 8.32781 -0.84394 -11.2712 1.28082 9.83349 -0.475781 0.187609 1.26402 -2.15551
internal_weight=831 109 722 122 600 102 498 426 292 134
internal_count=831 109 722 122 600 102 498 426 292 134
is_linear=0
shrinkage=0.03


Tree=417
num_leaves=9
num_cat=0
split_feature=1 24 0 0 24 28 27 0
split_gain=9.02962e+06 9.9161e+06 5.84735e+07 2.0595e+07 4.49641e+06 1.33195e+06 2.56268e+06 1.34826e+06
threshold=1.2500000000000002 2470.0000000000005 1789.9000000000003 3.8500000000000005 12726.190476190479 -0.49749486057528974 0.10738035228456499 1675.4500000000003
decision_type=2 2 2 2 2 2 2 2
left_child=1 2 -1 -3 5 6 -5 -7
right_child=-2 3 -4 4 -6 7 -8 -9
leaf_value=26.577376126142646 10.405365686377595 -16.260378381405371 -13.906304031482287 -1.8251763428752155 8.3754604915150423 -5.5494103025608892 5.7582356832321482 -1.0040915375536323
leaf_weight=66 73 81 62 99 51 76 67 256
leaf_count=66 73 81 62 99 51 76 67 256
internal_value=0.350807 -0.62123 6.98136 -2.16848 -0.0815916 -0.952214 1.24041 -2.04868
internal_weight=831 758 128 630 549 498 166 332
internal_count=831 758 128 630 549 498 166 332
is_linear=0
shrinkage=0.03


Tree=418
num_leaves=11
num_cat=0
split_feature=0 2 14 4 8 8 0 0 4 0
split_gain=8.84256e+06 2.78502e+07 9.20916e+06 5.01807e+06 1.04405e+07 8.32448e+06 1.19009e+07 5.13107e+06 5.87856e+06 2.26186e+06
threshold=4.1000000000000005 13.250000000000002 42.000000000000007 1006.9500000000002 18.450000000000003 21.350000000000005 1211.4000000000003 251.45000000000002 1009.0500000000001 1675.4500000000003
decision_type=2 2 2 2 2 2 2 2 2 2
left_child=1 -1 -2 4 -4 -6 -7 -5 -9 -10
right_child=2 -3 3 7 5 6 -8 8 9 -11
leaf_value=23.537723121432307 -10.374759945552727 -6.7213038607661169 -10.881599886532381 11.143956196084208 11.3031732228316 -14.06680281936767 4.7318427896562136 10.132736257268579 -5.9832946803307658 0.76525821649318715
leaf_weight=54 81 55 93 54 54 50 76 54 57 203
leaf_count=54 81 55 93 54 54 50 76 54 57 203
internal_value=0.340418 8.29278 -0.86308 0.343141 -2.73693 1.48221 -2.74356 2.62848 1.15476 -0.719388
internal_weight=831 109 722 641 273 180 126 368 314 260
internal_count=831 109 722 641 273 180 126 368 314 260
is_linear=0
shrinkage=0.03


Tree=419
num_leaves=9
num_cat=0
split_feature=1 24 0 0 24 23 14 21
split_gain=8.54093e+06 9.30101e+06 5.47573e+07 1.99283e+07 4.19108e+06 1.56207e+06 2.03534e+06 1.16752e+06
threshold=1.2500000000000002 2470.0000000000005 1789.9000000000003 3.8500000000000005 12726.190476190479 -0.68301270189221952 175.50000000000003 0.77863330406789588
decision_type=2 2 2 2 2 2 2 2
left_child=1 2 -1 -3 5 6 -5 -7
right_child=-2 3 -4 4 -6 7 -8 -9
leaf_value=25.711132034543414 10.109050215165579 -15.975437065314543 -13.464980217671894 5.5374020313756072 8.1041801994725269 -3.6636851732757156 -2.3980143375285188 -0.32391081934414734
leaf_weight=66 73 81 62 67 51 172 51 208
leaf_count=66 73 81 62 67 51 172 51 208
internal_value=0.330352 -0.61501 6.74802 -2.1135 -0.0606774 -0.901231 2.11023 -1.83732
internal_weight=831 758 128 630 549 498 118 380
internal_count=831 758 128 630 549 498 118 380
is_linear=0
shrinkage=0.03


Tree=420
num_leaves=9
num_cat=0
split_feature=1 20 1 20 24 24 8 14
split_gain=9.05689e+06 3.41034e+07 9.32488e+06 1.23441e+07 7.95471e+06 3.83513e+06 2.00222e+06 3.01702e+06
threshold=1.0000000180025095e-35 15.3256 0.65000000000000013 7.9114000000000013 4563.6583333333338 11435.186111111112 21.750000000000004 96.500000000000014
decision_type=2 2 2 2 2 2 2 2
left_child=1 -1 3 -2 -4 6 7 -6
right_child=2 -3 4 -5 5 -7 -8 -9
leaf_value=22.156834824797205 -18.366961128614463 -10.192467719502119 -7.9048140161412759 -0.10652488791763701 -1.9551976415512509 9.1094221409311835 -3.7245682171033767 3.91243722862882
leaf_weight=65 61 53 88 73 122 58 70 222
leaf_count=65 61 53 88 73 122 58 70 222
internal_value=-0.034811 7.63799 -1.34216 -8.44164 0.360241 1.90525 0.890077 1.83156
internal_weight=812 118 694 134 560 472 414 344
internal_count=812 118 694 134 560 472 414 344
is_linear=0
shrinkage=0.03


Tree=421
num_leaves=9
num_cat=0
split_feature=1 28 1 20 24 24 5 14
split_gain=8.52389e+06 3.41296e+07 8.77631e+06 1.16181e+07 7.52458e+06 3.90964e+06 2.01031e+06 2.79273e+06
threshold=1.0000000180025095e-35 -0.67758968959607091 0.65000000000000013 7.9114000000000013 3247.2222222222226 11435.186111111112 23.500000000000004 96.500000000000014
decision_type=2 2 2 2 2 2 2 2
left_child=1 -1 3 -2 -4 6 7 -6
right_child=2 -3 4 -5 5 -7 -8 -9
leaf_value=-9.8315247067663609 -17.818648684020921 22.437064885505567 -9.85271929722912 -0.10334239488734392 -2.0560388591405641 8.8375457279637182 -3.6909857065519285 3.4566053285812655
leaf_weight=55 61 63 58 73 127 58 81 236
leaf_count=55 61 63 58 73 127 58 81 236
internal_value=-0.0338458 7.40975 -1.30214 -8.18963 0.349424 1.53336 0.573862 1.52781
internal_weight=812 118 694 134 560 502 444 363
internal_count=812 118 694 134 560 502 444 363
is_linear=0
shrinkage=0.03


Tree=422
num_leaves=11
num_cat=0
split_feature=24 28 0 21 0 24 23 0 4 11
split_gain=8.02247e+06 3.21224e+07 1.34797e+07 8.71738e+06 7.75469e+06 1.97643e+06 2.61631e+06 1.66107e+06 1.25016e+06 1.28487e+06
threshold=1.0000000180025095e-35 -0.67758968959607091 4.9500000000000011 0.89769754055468354 115.7 7225.3083333333334 -0.68301270189221952 2527.2500000000005 1005.2500000000001 1.5000000000000002
decision_type=2 2 2 2 2 2 2 2 2 2
left_child=1 -1 3 -2 -4 6 -6 -8 -7 -10
right_child=2 -3 4 -5 5 8 7 -9 9 -11
leaf_value=-9.5381788501429092 -20.037154975801879 21.767143537886614 9.6889328264893333 -2.5894707618844666 2.5682853330866826 -2.0925581918115399 -7.2847332225934585 -1.063106043621262 5.3857440424304599 0.38950013687395468
leaf_weight=55 51 63 72 52 57 93 100 63 70 136
leaf_count=55 51 63 72 52 57 93 100 63 70 136
internal_value=-0.0329266 7.18842 -1.26335 -11.2618 0.484002 -0.797825 -2.95411 -4.88648 0.79008 2.09266
internal_weight=812 118 694 103 591 519 220 163 299 206
internal_count=812 118 694 103 591 519 220 163 299 206
is_linear=0
shrinkage=0.03


Tree=423
num_leaves=9
num_cat=0
split_feature=1 28 0 0 27 24 4 24
split_gain=7.55041e+06 3.02332e+07 1.26877e+07 7.29817e+06 6.32982e+06 1.88062e+06 1.34931e+06 879742
threshold=1.0000000180025095e-35 -0.67758968959607091 4.9500000000000011 115.7 0.88606241628642846 4168.8694444444454 1023.2500000000001 7706.0194444444451
decision_type=2 2 2 2 2 2 2 2
left_child=1 -1 4 -4 -2 -5 7 -7
right_child=2 -3 3 5 -6 6 -8 -9
leaf_value=-9.2535850479374311 -18.261512133195342 21.117224617004396 9.3994710395216217 -5.9511807549867921 -3.3832723713478847 -2.4065350821099449 4.2993168041587531 0.42221628621743323
leaf_weight=55 52 63 72 56 51 167 54 242
leaf_count=55 52 63 72 56 51 167 54 242
internal_value=-0.0319697 6.97369 -1.22565 0.469597 -10.9259 -0.773926 -0.144268 -0.733695
internal_weight=812 118 694 591 103 519 463 409
internal_count=812 118 694 591 103 519 463 409
is_linear=0
shrinkage=0.03


Tree=424
num_leaves=9
num_cat=0
split_feature=1 20 0 21 0 24 4 24
split_gain=7.10616e+06 2.87897e+07 1.19421e+07 8.16976e+06 6.86857e+06 1.7701e+06 1.26995e+06 827837
threshold=1.0000000180025095e-35 15.3256 4.9500000000000011 0.89769754055468354 115.7 4168.8694444444454 1023.2500000000001 7706.0194444444451
decision_type=2 2 2 2 2 2 2 2
left_child=1 -1 3 -2 -4 -6 7 -7
right_child=2 -3 4 -5 5 6 -8 -9
leaf_value=20.105622459166263 -19.095030783045363 -9.616195931640398 9.1186567060977097 -2.2064913262099197 -5.7735966780003602 -2.3344684697116698 4.1710499037431745 0.4095654423198471
leaf_weight=65 51 53 72 52 56 167 54 242
leaf_count=65 51 53 72 52 56 167 54 242
internal_value=-0.0310552 6.76538 -1.18908 -10.6 0.455597 -0.750771 -0.139894 -0.711727
internal_weight=812 118 694 103 591 519 463 409
internal_count=812 118 694 103 591 519 463 409
is_linear=0
shrinkage=0.03


Tree=425
num_leaves=10
num_cat=0
split_feature=4 7 7 27 5 11 6 26 7
split_gain=9.3572e+06 2.00156e+07 1.69308e+07 1.44848e+07 1.50679e+07 5.83641e+06 4.74172e+06 4.10605e+06 6.03574e+06
threshold=1015.1000000000001 16.250000000000004 12.050000000000002 0.1670500785599974 6.7500000000000009 1.0000000180025095e-35 4.3500000000000005 9.7500000000000018 29.650000000000002
decision_type=2 2 2 2 2 2 2 2 2
left_child=1 2 -1 -2 -5 -3 7 8 -7
right_child=3 5 -4 4 -6 6 -8 -9 -10
leaf_value=-1.3454080455982664 -3.8573182105941535 -8.077067880309345 -23.009749070717586 0.49181345544210292 22.782562137005808 -3.350890810318639 9.9294219673446751 7.7839407146267776 7.9256635092594889
leaf_weight=59 99 68 72 53 56 233 51 53 52
leaf_count=59 99 68 72 53 56 233 51 53 52
internal_value=-1.01995 -2.95434 -13.278 4.44474 11.9751 0.011697 1.43083 0.140802 -1.28721
internal_weight=796 588 131 208 109 457 389 338 285
internal_count=796 588 131 208 109 457 389 338 285
is_linear=0
shrinkage=0.03


Tree=426
num_leaves=10
num_cat=0
split_feature=4 0 14 24 0 1 3 3 28
split_gain=8.80664e+06 2.1647e+07 1.89039e+07 2.27535e+07 9.98607e+06 7.76948e+06 3.72634e+06 3.56321e+06 2.04765e+06
threshold=1015.1000000000001 549.15000000000009 96.500000000000014 7475.0000000000009 2848.7500000000005 0.36666666666666675 52.650000000000006 63.400000000000006 -0.27608674622158907
decision_type=2 2 2 2 2 2 2 2 2
left_child=2 -2 3 -1 5 -4 -7 -3 -8
right_child=1 7 4 -5 -6 6 8 -9 -10
leaf_value=-28.923178166489951 21.45278444149859 3.8996579035128849 -9.4150680675634018 -1.8548513785131735 10.376472205976093 7.1372603775665659 0.36789988467115065 -5.1526752695059859 -5.7141125089218123
leaf_weight=50 50 70 97 63 68 58 184 88 68
leaf_count=50 50 70 97 63 68 58 184 88 68
internal_value=-0.98925 4.31224 -2.86587 -13.8769 -0.239265 -2.01926 0.301748 -1.1423 -1.27809
internal_weight=796 208 588 113 475 407 310 158 252
internal_count=796 208 588 113 475 407 310 158 252
is_linear=0
shrinkage=0.03


Tree=427
num_leaves=13
num_cat=0
split_feature=4 0 7 21 0 29 21 2 4 24 7 7
split_gain=8.28926e+06 2.03749e+07 1.82084e+07 1.59216e+07 5.96051e+06 5.00122e+06 1.21384e+07 9.94791e+06 3.8098e+06 2.64622e+06 1.29341e+06 1.95031e+06
threshold=1015.1000000000001 549.15000000000009 16.250000000000004 0.54519255050505067 2912.9000000000005 1.0000000180025095e-35 0.58889513108614244 15.597000000000003 1005.6500000000002 6586.1111111111122 9.3500000000000032 16.450000000000003
decision_type=2 2 2 2 2 2 2 2 2 2 2 2
left_child=2 -2 3 -1 5 6 -4 -7 -8 -9 -3 -12
right_child=1 10 4 -5 -6 7 8 9 -10 -11 11 -13
leaf_value=-1.404676133166713 20.813039330241693 -4.6600742742250549 -15.618650603271771 -22.358332680787672 8.5165270677028158 9.0295024136192339 6.1408708640437188 -9.0840934921844667 -5.1280968952558155 -0.28765196122913439 5.1343536460980275 -3.2204404219670986
leaf_weight=61 50 58 63 70 64 94 58 51 50 77 50 50
leaf_count=61 50 58 63 70 64 94 58 51 50 77 50 50
internal_value=-0.959661 4.18375 -2.78032 -12.6269 0.048625 -1.33579 -5.18734 1.63389 0.92392 -3.8056 -1.1081 0.959729
internal_weight=796 208 588 131 457 393 171 222 108 128 158 100
internal_count=796 208 588 131 457 393 171 222 108 128 158 100
is_linear=0
shrinkage=0.03


Tree=428
num_leaves=12
num_cat=0
split_feature=26 22 26 1 0 2 21 28 24 24 5
split_gain=4.25413e+06 7.91769e+06 6.7302e+06 2.16268e+07 7.79533e+06 2.23534e+07 7.04738e+06 6.39973e+06 4.14755e+06 1.26084e+06 1.07115e+06
threshold=9.8500000000000032 0.68301270189221941 7.1499999999999995 0.36666666666666675 2141.5000000000005 7.7000000000000002 0.92708778325216701 -0.46734190575957718 4481.4805555555567 9479.1666666666697 12.850000000000003
decision_type=2 2 2 2 2 2 2 2 2 2 2
left_child=2 -2 4 -4 5 -1 -6 -7 -5 10 -10
right_child=1 -3 3 8 6 7 -8 -9 9 -11 -12
leaf_value=16.740360967967781 -2.6978618488068764 11.25680234975659 -19.97772754289371 -8.4317693594862408 -11.187989900525238 1.6918540285743642 3.3184205377032181 -11.405547643516496 -3.3188509443339878 5.2936819272849993 2.2251610409955438
leaf_weight=81 80 67 69 50 73 97 51 51 57 51 69
leaf_count=81 80 67 69 50 73 97 51 51 57 51 69
internal_value=-0.931009 3.67234 -1.97491 -5.30872 0.822699 4.10163 -5.22796 -2.83532 -0.829343 1.32882 -0.284699
internal_weight=796 147 649 296 353 229 124 148 227 177 126
internal_count=796 147 649 296 353 229 124 148 227 177 126
is_linear=0
shrinkage=0.03


Tree=429
num_leaves=11
num_cat=0
split_feature=4 0 1 5 1 3 0 3 15 21
split_gain=7.72271e+06 1.93483e+07 1.32115e+07 6.26328e+07 3.46766e+06 3.33355e+06 2.40362e+06 1.96785e+06 1.0185e+06 1.03541e+06
threshold=1015.1000000000001 549.15000000000009 0.36666666666666675 18.000000000000004 1.2500000000000002 63.400000000000006 1403.0500000000004 79.350000000000009 1.0000000180025095e-35 0.68225016118633153
decision_type=2 2 2 2 2 2 2 2 2 2
left_child=2 -2 3 -1 6 -3 7 -4 9 -8
right_child=1 5 4 -5 -6 -7 8 -9 -10 -11
leaf_value=-31.427547526548061 20.26619819231583 3.781211806985088 -1.4841742382795182 8.0117665101578126 6.8011992405596828 -4.9745288652147872 -3.6312320848241071 -9.0827432520773499 3.3730445106596609 1.0908532561309101
leaf_weight=68 50 70 79 77 57 88 67 50 80 110
leaf_count=68 50 70 79 77 57 88 67 50 80 110
internal_value=-0.903264 4.06125 -2.66061 -10.5106 -0.0858214 -1.09553 -1.10733 -4.44367 0.57052 -0.699672
internal_weight=796 208 588 145 443 158 386 129 257 177
internal_count=796 208 588 145 443 158 386 129 257 177
is_linear=0
shrinkage=0.03


Tree=430
num_leaves=11
num_cat=0
split_feature=26 24 24 25 8 24 24 9 14 26
split_gain=5.67286e+06 8.66281e+06 7.166e+06 3.67846e+06 1.29806e+07 7.68719e+06 3.73627e+06 2.33708e+06 1.85013e+06 1.06203e+06
threshold=5.4000000000000004 1173.3340000000003 5908.7305555555567 10.20302 7.9500000000000011 10616.66666666667 10798.611111111111 1.6500000000000001 50.000000000000007 7.0500000000000016
decision_type=2 2 2 2 2 2 2 2 2 2
left_child=2 -2 -1 5 -5 8 9 -4 -3 -6
right_child=1 3 7 4 6 -7 -8 -9 -10 -11
leaf_value=13.717589656894297 -10.199198748675794 -4.3136098455520475 -4.5493492176792589 15.251560148133173 3.2610539593483576 -13.932975164175508 -7.6740148607086009 3.9611559291126901 2.8929089326971011 -0.8425589486234949
leaf_weight=50 97 55 52 51 87 50 61 65 76 162
leaf_count=50 97 55 52 51 87 50 61 65 76 162
internal_value=-0.67018 -1.95699 4.24822 -0.477064 1.27296 -3.96383 -1.03923 0.176671 -0.135603 0.593396
internal_weight=806 639 167 542 361 181 310 117 131 249
internal_count=806 639 167 542 361 181 310 117 131 249
is_linear=0
shrinkage=0.03


Tree=431
num_leaves=11
num_cat=0
split_feature=1 26 1 24 24 0 0 23 4 14
split_gain=1.17349e+07 7.83311e+06 2.36974e+07 1.9339e+07 5.50835e+06 4.24672e+06 3.63372e+06 1.94844e+06 1.20574e+06 851456
threshold=1.2500000000000002 7.1499999999999995 0.22500000000000003 2040.0000000000002 12018.519444444446 617.80000000000007 1160.1000000000001 1.0000000180025095e-35 1010.1500000000002 197.50000000000003
decision_type=2 2 2 2 2 2 2 2 2 2
left_child=1 3 -3 -1 6 -5 -4 -8 9 -7
right_child=-2 2 4 5 -6 8 7 -9 -10 -11
leaf_value=17.840180259000974 10.882054363746366 -19.759850190151258 -10.070505615370886 -9.3007319963867321 7.9266796481260782 1.2930649783349162 2.9991645823976563 -2.9918199893079245 3.0566020092729476 -3.4838519987573924
leaf_weight=55 72 75 50 52 51 57 70 160 83 81
leaf_count=55 72 75 50 52 51 57 70 160 83 81
internal_value=-0.650102 -1.78532 -4.56946 1.66191 -1.11273 -1.61342 -2.76594 -1.16691 0.20547 -1.51219
internal_weight=806 734 406 328 331 273 280 230 221 138
internal_count=806 734 406 328 331 273 280 230 221 138
is_linear=0
shrinkage=0.03


Tree=432
num_leaves=8
num_cat=0
split_feature=1 10 1 26 24 0 21
split_gain=1.10441e+07 7.66776e+06 1.46914e+07 4.4191e+07 3.29795e+06 1.74457e+06 1.2754e+06
threshold=1.2500000000000002 1.5000000000000002 0.22500000000000003 7.1499999999999995 13296.297222222223 83.050000000000026 0.80104207436399222
decision_type=2 2 2 2 2 2 2
left_child=1 -1 3 -3 5 -4 -7
right_child=-2 2 4 -5 -6 6 -8
leaf_value=8.3379821387913982 10.556947327926446 7.9437901466327485 -6.5916540337520626 -28.577470615956578 5.9679335848697832 -2.481285393588383 0.75379608877766768
leaf_weight=62 72 54 52 66 61 210 229
leaf_count=62 72 54 52 66 61 210 229
internal_value=-0.630616 -1.73191 -2.6643 -12.164 -0.593643 -1.41199 -0.794354
internal_weight=806 734 672 120 552 491 439
internal_count=806 734 672 120 552 491 439
is_linear=0
shrinkage=0.03


Tree=433
num_leaves=12
num_cat=0
split_feature=1 22 1 27 2 26 29 7 2 11 14
split_gain=1.0394e+07 7.37702e+06 1.57908e+07 1.12493e+07 1.57636e+07 1.49022e+07 1.10172e+07 1.89579e+07 7.91282e+06 1.79225e+06 732101
threshold=1.2500000000000002 0.68301270189221941 0.36666666666666675 0.26781182513105634 6.0500000000000007 8.3500000000000032 0.6078576107927941 28.850000000000005 10.950000000000001 1.5000000000000002 82.000000000000014
decision_type=2 2 2 2 2 2 2 2 2 2 2
left_child=1 3 -3 5 -5 6 7 -1 -7 -4 -11
right_child=-2 2 9 4 -6 8 -8 -9 -10 10 -12
leaf_value=4.0078496352654644 10.241552932707602 -19.071110096957479 -5.6680559987825037 21.126608642214094 -0.95249651838690674 -19.500775971797349 10.635407193756876 -16.698483753678687 -4.1829328866325959 -1.3953031015851984 3.6500456353795458
leaf_weight=130 72 62 53 50 69 53 86 57 71 52 51
leaf_count=130 72 62 53 50 69 53 86 57 71 52 51
internal_value=-0.611743 -1.68013 -6.30313 0.275505 8.35416 -2.15051 1.76815 -2.3203 -10.7614 -1.20176 1.10614
internal_weight=806 734 218 516 119 397 273 187 124 156 103
internal_count=806 734 218 516 119 397 273 187 124 156 103
is_linear=0
shrinkage=0.03


Tree=434
num_leaves=10
num_cat=0
split_feature=1 22 0 0 1 26 0 11 28
split_gain=9.78243e+06 6.94284e+06 2.04172e+07 1.66014e+07 1.4862e+07 3.82742e+06 5.31848e+06 1.68692e+06 689082
threshold=1.2500000000000002 0.68301270189221941 15.750000000000002 835.95000000000016 0.36666666666666675 4.3500000000000005 3226.4500000000003 1.5000000000000002 0.16704543776228151
decision_type=2 2 2 2 2 2 2 2 2
left_child=1 2 -1 -4 -3 -5 -7 -6 -9
right_child=-2 4 3 5 7 6 -8 8 -10
leaf_value=15.810082871536322 9.9355812081459653 -18.501732054966027 -17.911851471669358 7.0983825580024398 -5.4989712097139343 -2.835154013834023 7.2605988186015544 3.5411847695690848 -1.3536839757959427
leaf_weight=66 72 62 52 59 53 283 56 51 52
leaf_count=66 72 62 52 59 53 283 56 51 52
internal_value=-0.593589 -1.63007 0.267142 -2.02148 -6.11497 0.0665495 -1.16245 -1.1659 1.07315
internal_weight=806 734 516 450 218 398 339 156 103
internal_count=806 734 516 450 218 398 339 156 103
is_linear=0
shrinkage=0.03


Tree=435
num_leaves=11
num_cat=0
split_feature=14 0 7 0 0 21 3 11 28 27
split_gain=1.09098e+07 2.40157e+07 8.50873e+06 2.1174e+07 1.62397e+07 9.04895e+06 2.82963e+07 6.15987e+06 4.65793e+06 2.98047e+06
threshold=75.500000000000014 2198.2000000000003 16.450000000000003 510.20000000000005 15.750000000000002 0.50812500000000027 75.700000000000003 3.5000000000000004 -0.52705818521824699 -0.36971084796686599
decision_type=2 2 2 2 2 2 2 2 2 2
left_child=1 -1 3 -2 -4 6 -6 9 -9 -7
right_child=2 -3 4 -5 5 7 -8 8 -10 -11
leaf_value=22.039057815399872 -22.770656677856596 -1.9675396472222402 12.176061084125905 1.6759950595868822 4.6758561447120854 2.0104939167093328 -23.96785761468999 13.930250805694589 0.99360300723885464 -5.2146444067088042
leaf_weight=65 50 88 97 87 69 103 56 50 50 102
leaf_count=65 50 88 97 87 69 103 56 50 50 102
internal_value=1.04081 8.25445 -0.624327 -7.27633 1.10808 -1.39538 -8.18312 1.39176 7.48434 -1.58678
internal_weight=817 153 664 137 527 430 125 305 100 205
internal_count=817 153 664 137 527 430 125 305 100 205
is_linear=0
shrinkage=0.03


Tree=436
num_leaves=10
num_cat=0
split_feature=0 10 20 6 28 1 24 24 28
split_gain=1.04215e+07 2.01453e+07 1.92858e+07 8.0173e+06 9.81686e+06 2.1838e+07 1.26872e+07 3.97984e+06 893398
threshold=17.500000000000004 3.5000000000000004 13.388700000000002 1.9500000000000002 -0.87792756428346708 0.45000000000000007 5504.6305555555564 3805.416666666667 -0.24284072672761489
decision_type=2 2 2 2 2 2 2 2 2
left_child=1 -1 -3 -2 6 -6 -5 -7 -9
right_child=3 2 -4 4 5 7 -8 8 -10
leaf_value=23.607409395252024 -11.266480807227499 -11.76711840803757 13.644614332282977 -18.820326300710146 18.490902891440857 -7.847738893361381 1.6788493023714768 3.2329271003857389 -0.05409121771937013
leaf_weight=50 58 55 52 50 64 54 59 102 273
leaf_count=50 58 55 52 50 64 54 59 102 273
internal_value=1.00963 7.94879 0.586045 -0.643896 0.38463 2.18684 -7.75021 -0.256666 0.841823
internal_weight=817 157 107 660 602 493 109 429 375
internal_count=817 157 107 660 602 493 109 429 375
is_linear=0
shrinkage=0.03


Tree=437
num_leaves=11
num_cat=0
split_feature=14 0 7 0 0 21 24 11 14 27
split_gain=9.96677e+06 2.21859e+07 7.98229e+06 1.99515e+07 1.47956e+07 8.47591e+06 2.10937e+07 5.8114e+06 3.05548e+06 2.75166e+06
threshold=75.500000000000014 2233.2500000000005 16.450000000000003 510.20000000000005 15.750000000000002 0.50812500000000027 2151.428571428572 3.5000000000000004 209.50000000000003 -0.36971084796686599
decision_type=2 2 2 2 2 2 2 2 2 2
left_child=1 -1 3 -2 -4 6 -6 9 -9 -7
right_child=2 -3 4 -5 5 7 -8 8 -10 -11
leaf_value=20.775999654044366 -22.095432467508029 -2.214215713425832 11.630288244014164 1.6350213479176421 -22.923909619854644 1.9370748839160248 2.1789066828389565 12.513168862818723 2.0260941063386073 -5.0051826794336272
leaf_weight=67 50 86 97 87 50 103 75 50 50 102
leaf_count=67 50 86 97 87 50 103 75 50 50 102
internal_value=0.979461 7.87429 -0.612082 -7.05502 1.06588 -1.32368 -7.89299 1.37374 7.29146 -1.51934
internal_weight=817 153 664 137 527 430 125 305 100 205
internal_count=817 153 664 137 527 430 125 305 100 205
is_linear=0
shrinkage=0.03


Tree=438
num_leaves=11
num_cat=0
split_feature=1 14 1 20 4 3 20 21 4 6
split_gain=9.89518e+06 2.75629e+07 6.35627e+06 3.51637e+06 6.43325e+06 2.74499e+06 2.46156e+06 2.00377e+06 1.14942e+06 1.02403e+06
threshold=1.0000000180025095e-35 154.00000000000003 1.2500000000000002 6.486600000000001 1017.4500000000002 81.550000000000011 4.686300000000001 0.80442529068085855 1001.85 3.8500000000000001
decision_type=2 2 2 2 2 2 2 2 2 2
left_child=1 -1 3 6 5 8 9 -7 -5 -2
right_child=2 -3 -4 4 -6 7 -8 -9 -10 -11
leaf_value=25.122720520282108 -4.4616687469553682 -4.7696789555927559 8.2000585031848559 4.5223802492860177 9.9669777491929157 -9.497525786708886 -9.4411490444966457 -1.5909744795175107 -0.4383379250990137 0.84779391583654817
leaf_weight=52 80 59 70 52 53 50 64 68 214 55
leaf_count=52 80 59 70 52 53 50 64 68 214 55
internal_value=0.950083 9.26386 -0.360407 -1.30603 0.199903 -1.15486 -4.6084 -4.95687 0.535395 -2.3014
internal_weight=817 111 706 636 437 384 199 118 266 135
internal_count=817 111 706 636 437 384 199 118 266 135
is_linear=0
shrinkage=0.03


Tree=439
num_leaves=10
num_cat=0
split_feature=0 24 27 6 28 1 24 24 28
split_gain=9.45088e+06 1.92622e+07 2.28764e+07 7.59435e+06 8.86416e+06 2.00518e+07 1.16296e+07 3.6674e+06 853598
threshold=17.500000000000004 5990.7416666666677 0.94970904815366264 1.9500000000000002 -0.87792756428346708 0.45000000000000007 5504.6305555555564 3805.416666666667 -0.24284072672761489
decision_type=2 2 2 2 2 2 2 2 2
left_child=1 -1 -3 -2 6 -6 -5 -7 -9
right_child=3 2 -4 4 5 7 -8 8 -10
leaf_value=22.84142281693445 -10.991428389001262 -12.874031387654334 14.821401301155314 -17.980550237128561 17.683793306662171 -7.5676738477115482 1.6455231439966778 3.1110739930144504 -0.10184667362797797
leaf_weight=50 58 56 51 50 64 54 59 102 273
leaf_count=50 58 56 51 50 64 54 59 102 273
internal_value=0.921783 7.5299 0.331043 -0.652841 0.348199 2.06074 -7.38182 -0.280681 0.773832
internal_weight=817 157 107 660 602 493 109 429 375
internal_count=817 157 107 660 602 493 109 429 375
is_linear=0
shrinkage=0.03


Tree=440
num_leaves=10
num_cat=0
split_feature=1 6 1 24 21 15 7 21 3
split_gain=1.11299e+07 1.19601e+07 7.06879e+06 6.20329e+06 4.17193e+06 3.02673e+06 1.6015e+06 1.54864e+06 1.13731e+06
threshold=1.0000000180025095e-35 2.9500000000000006 0.65000000000000013 3622.916666666667 0.89769754055468354 1.0000000180025095e-35 7.7500000000000009 0.65436950084602385 63.400000000000006
decision_type=2 2 2 2 2 2 2 2 2
left_child=1 -1 4 -4 -2 6 -5 -8 -7
right_child=2 -3 3 5 -6 8 7 -9 -10
leaf_value=20.089788795832622 -11.46484464787201 0.55843773988942014 -7.8414353256315987 5.5279960799344279 -0.22411715352274553 9.644251485076051 -2.7564742425867297 1.5381564837245705 3.672240559225973
leaf_weight=53 73 60 63 56 50 52 115 219 65
leaf_count=53 73 60 63 56 50 52 115 219 65
internal_value=1.0311 9.74818 -0.393893 1.01448 -6.90718 2.11893 0.847354 0.0582927 6.34442
internal_weight=806 113 693 570 123 507 390 334 117
internal_count=806 113 693 570 123 507 390 334 117
is_linear=0
shrinkage=0.03


Tree=441
num_leaves=10
num_cat=0
split_feature=1 6 1 24 0 26 21 15 21
split_gain=1.04757e+07 1.12572e+07 6.65277e+06 5.8384e+06 1.74971e+07 4.71332e+06 1.49234e+06 1.59713e+06 527397
threshold=1.0000000180025095e-35 2.9500000000000006 0.65000000000000013 3622.916666666667 872.10000000000014 7.4500000000000011 0.77863330406789588 1.0000000180025095e-35 0.89114144641301196
decision_type=2 2 2 2 2 2 2 2 2
left_child=1 -1 5 -4 -5 -2 7 -6 -8
right_child=2 -3 3 4 6 -7 8 -9 -10
leaf_value=19.490487049417691 -12.996201842342996 0.54176715793894303 -7.6073071543978292 18.849367178429667 -3.2692795207684826 -1.2295573475188257 4.3017858823027533 2.8139932637187308 1.0084806285286814
leaf_weight=53 57 60 63 50 151 66 56 52 198
leaf_count=53 57 60 63 50 151 66 56 52 198
internal_value=1.00037 9.45737 -0.382101 0.984204 2.05567 -6.70082 0.207109 -1.70911 1.73882
internal_weight=806 113 693 570 507 123 457 203 254
internal_count=806 113 693 570 507 123 457 203 254
is_linear=0
shrinkage=0.03


Tree=442
num_leaves=10
num_cat=0
split_feature=24 4 0 6 0 15 24 4 27
split_gain=9.85979e+06 1.465e+07 5.37208e+06 4.58514e+06 3.27196e+06 1.29493e+06 2.16316e+06 1.2689e+06 962232
threshold=1.0000000180025095e-35 1004.35 7.0500000000000007 2.8500000000000001 487.30000000000007 1.0000000180025095e-35 6269.4444444444453 1004.9500000000002 0.94970904815366264
decision_type=2 2 2 2 2 2 2 2 2
left_child=1 -1 3 -2 -4 6 -6 -8 -7
right_child=2 -3 4 -5 5 8 7 -9 -10
leaf_value=-1.3513722875474041 -12.870296675497897 20.223318463785954 6.1440364614630889 -0.71396137503249135 -6.2062045553193164 5.1172773579059623 -3.0292977404990467 1.1640513869977029 -0.44794894726565537
leaf_weight=58 52 55 87 60 60 63 90 231 50
leaf_count=58 52 55 87 60 60 63 90 231 50
internal_value=0.970607 9.17525 -0.370613 -6.37736 0.789992 -0.156065 -0.992748 -0.0133567 2.66004
internal_weight=806 113 693 112 581 494 381 321 113
internal_count=806 113 693 112 581 494 381 321 113
is_linear=0
shrinkage=0.03


Tree=443
num_leaves=10
num_cat=0
split_feature=1 4 1 24 0 20 23 24 9
split_gain=9.28036e+06 1.37888e+07 6.08762e+06 5.6096e+06 1.64973e+07 3.71496e+06 990102 1.41879e+06 898229
threshold=1.0000000180025095e-35 1004.35 0.65000000000000013 3622.916666666667 872.10000000000014 10.98 -0.24999999999999994 7225.3083333333334 1.2500000000000002
decision_type=2 2 2 2 2 2 2 2 2
left_child=1 -1 5 -4 -5 -2 8 -8 -6
right_child=2 -3 3 4 6 -7 7 -9 -10
leaf_value=-1.3110396726421794 -10.704823819169569 19.619909643411205 -7.4741230703417161 18.304436488862542 3.5612202080476636 -0.098253790303679631 -4.4769866258483306 0.36147353618289174 -1.0248232748005444
leaf_weight=58 73 55 63 50 113 50 73 213 58
leaf_count=58 73 55 63 50 113 50 73 213 58
internal_value=0.941578 8.90149 -0.359636 0.947344 1.99762 -6.40401 0.202644 -0.876884 2.0066
internal_weight=806 113 693 570 507 123 457 286 171
internal_count=806 113 693 570 507 123 457 286 171
is_linear=0
shrinkage=0.03


Tree=444
num_leaves=11
num_cat=0
split_feature=1 6 1 0 21 27 21 27 24 28
split_gain=8.73475e+06 1.0433e+07 5.7465e+06 7.00315e+06 6.70866e+06 1.25881e+06 1.52885e+06 1.4155e+06 988290 939102
threshold=1.0000000180025095e-35 2.9500000000000006 1.2500000000000002 7.0500000000000007 0.9120032431577284 0.63205073083871566 0.85255434782608719 -0.74409704927257525 7048.8083333333334 -0.2511900638848194
decision_type=2 2 2 2 2 2 2 2 2 2
left_child=1 -1 3 4 -2 6 7 -5 -8 -7
right_child=2 -3 -4 5 -6 9 8 -9 -10 -11
leaf_value=18.294679267697219 -15.610114867489642 0.055246654529476642 8.3437481884168019 -6.6929913775961136 -0.37772775570393563 5.76712264291643 -1.9386289563695658 -0.99860696094478663 2.8915556455484817 0.78559762089444074
leaf_weight=53 54 60 62 53 50 52 56 150 118 98
leaf_count=53 54 60 62 53 50 52 56 150 118 98
internal_value=0.913516 8.63589 -0.348867 -1.20655 -8.30909 0.199004 -0.725974 -2.49305 1.3363 2.52065
internal_weight=806 113 693 631 104 527 377 203 174 150
internal_count=806 113 693 631 104 527 377 203 174 150
is_linear=0
shrinkage=0.03


Tree=445
num_leaves=8
num_cat=0
split_feature=4 3 0 0 14 24 25
split_gain=1.29265e+07 6.66812e+06 5.62425e+06 1.62476e+07 5.27155e+06 1.26579e+07 5.10368e+06
threshold=997.25000000000011 89.450000000000017 3.1500000000000004 215.05000000000004 94.500000000000014 850.00000000000011 6.9468000000000005
decision_type=2 2 2 2 2 2 2
left_child=-1 2 -2 -4 6 -6 -5
right_child=1 -3 3 4 5 -7 -8
leaf_value=-15.012560138308755 6.4889824702836334 10.603190981425474 -12.697217578790921 1.2013934740115302 16.084065444081968 0.26362394344491086 -10.001444837789812
leaf_weight=53 91 52 98 74 52 351 72
leaf_count=53 91 52 98 74 52 351 72
internal_value=-0.713057 0.2516 -0.481781 -1.46478 0.546106 2.31544 -4.33241
internal_weight=843 790 738 647 549 403 146
internal_count=843 790 738 647 549 403 146
is_linear=0
shrinkage=0.03


Tree=446
num_leaves=9
num_cat=0
split_feature=0 0 24 6 6 21 11 24
split_gain=9.74426e+06 1.61504e+07 1.65575e+07 1.00806e+07 9.11782e+06 5.14062e+06 1.23185e+07 7.97396e+06
threshold=3.1500000000000004 215.05000000000004 2510.0000000000005 1.9500000000000002 2.2500000000000004 0.54024256428486794 3.5000000000000004 3390.0000000000005
decision_type=2 2 2 2 2 2 2 2
left_child=-1 2 -2 -3 -5 6 -6 -7
right_child=1 3 -4 4 5 7 -8 -9
leaf_value=8.2381174892805831 -25.094202449184287 -12.073973068056056 -2.2345166863143713 10.470378808607308 9.8621406096846584 -13.438578479164525 -6.4758892576942619 -0.5120147259579072
leaf_weight=97 50 56 66 82 111 51 66 264
leaf_count=97 50 56 66 82 111 51 66 264
internal_value=-0.691697 -1.85567 -12.1272 0.0404581 1.22806 -0.317751 3.76929 -2.61571
internal_weight=843 746 116 630 574 492 177 315
internal_count=843 746 116 630 574 492 177 315
is_linear=0
shrinkage=0.03


Tree=447
num_leaves=9
num_cat=0
split_feature=1 14 1 27 7 24 0 23
split_gain=9.44376e+06 6.8269e+06 2.04698e+07 3.46845e+07 1.84009e+07 7.06781e+06 8.88604e+06 1.1142e+06
threshold=1.2500000000000002 56.000000000000007 0.22500000000000003 0.24284747324344283 8.4500000000000011 13296.297222222223 8.1000000000000014 -0.5
decision_type=2 2 2 2 2 2 2 2
left_child=1 4 3 -3 -1 6 -4 -8
right_child=-2 2 5 -5 -6 -7 7 -9
leaf_value=-7.3223481800229653 9.9389766248325255 2.5974208553045934 -13.442224315544721 -29.754252395132042 17.277819912658067 9.3861942856821852 1.8449902541007219 -1.2909938455966541
leaf_weight=53 69 58 50 61 56 60 162 274
leaf_count=53 69 58 50 61 56 60 162 274
internal_value=-0.671281 -1.62065 -2.76166 -14.0193 5.32892 -0.301712 -1.50282 -0.125301
internal_weight=843 774 665 119 109 546 486 436
internal_count=843 774 665 119 109 546 486 436
is_linear=0
shrinkage=0.03


Tree=448
num_leaves=8
num_cat=0
split_feature=0 0 24 6 6 3 24
split_gain=9.34093e+06 1.51874e+07 1.56033e+07 9.50869e+06 8.39417e+06 4.80814e+06 6.19791e+06
threshold=3.1500000000000004 215.05000000000004 2510.0000000000005 1.9500000000000002 2.2500000000000004 87.15000000000002 1434.2857142857144
decision_type=2 2 2 2 2 2 2
left_child=-1 2 -2 -3 -5 6 -6
right_child=1 3 -4 4 5 -7 -8
leaf_value=8.0917807236580312 -24.339323132668525 -11.717930301019186 -2.1482011439897355 10.069221851585269 -9.4096993021811226 8.2272319531753855 0.2540659412302273
leaf_weight=97 50 56 66 82 71 53 368
leaf_count=97 50 56 66 82 71 53 368
internal_value=-0.651256 -1.79089 -11.7515 0.0478342 1.20125 -0.281961 -1.3142
internal_weight=843 746 116 630 574 492 439
internal_count=843 746 116 630 574 492 439
is_linear=0
shrinkage=0.03


Tree=449
num_leaves=10
num_cat=0
split_feature=1 0 8 1 8 8 7 21 6
split_gain=9.21581e+06 6.09646e+06 2.59012e+07 2.46579e+07 8.68517e+06 1.1519e+07 8.37767e+06 3.79867e+06 3.20471e+06
threshold=1.2500000000000002 1211.4000000000003 7.9500000000000011 0.29166666666666669 22.550000000000004 19.950000000000003 24.750000000000004 0.72553695385871797 2.6500000000000008
decision_type=2 2 2 2 2 2 2 2 2
left_child=1 2 -1 -4 5 6 7 -3 -5
right_child=-2 4 3 8 -6 -7 -8 -9 -10
leaf_value=8.9244606841892846 9.8494590714689974 -4.6782900143094075 -29.563606045371607 1.0609184990148015 10.82031818884621 -14.46095729641887 11.582899188834329 1.4490358095224456 -9.2194371783670963
leaf_weight=75 69 157 51 52 61 52 53 216 57
leaf_count=75 69 157 51 52 61 52 53 216 57
internal_value=-0.631942 -1.5698 -5.59872 -12.4105 0.188907 -1.17374 0.45719 -1.13169 -4.32551
internal_weight=843 774 235 160 539 478 426 373 109
internal_count=843 774 235 160 539 478 426 373 109
is_linear=0
shrinkage=0.03


Tree=450
num_leaves=10
num_cat=0
split_feature=25 1 1 25 20 24 24 24 28
split_gain=9.35601e+06 1.84308e+07 9.92369e+06 8.57908e+06 4.81289e+06 1.74982e+07 5.90188e+06 4.05524e+06 1.87595e+06
threshold=24.437525000000004 1.0000000180025095e-35 1.2500000000000002 27.397930000000002 6.4430000000000014 13020.369444444446 10548.519444444446 9981.4805555555577 0.86527520261780289
decision_type=2 2 2 2 2 2 2 2 2
left_child=1 -1 4 -2 6 7 8 -6 -3
right_child=3 2 -4 -5 5 -7 -8 -9 -10
leaf_value=14.563854769173428 -14.420905342225904 0.9857429804633917 11.198739740599448 1.873426659604901 -0.56679534449579361 16.87494838196999 -13.167518712845608 -9.6044279215898491 -6.050319072533636
leaf_weight=85 69 82 60 50 233 50 60 55 58
leaf_count=85 69 82 60 50 233 50 60 55 58
internal_value=0.164876 1.51824 -0.342425 -7.58698 -1.63508 0.548134 -5.32006 -2.30096 -1.93584
internal_weight=802 683 598 119 538 338 200 288 140
internal_count=802 683 598 119 538 338 200 288 140
is_linear=0
shrinkage=0.03


Tree=451
num_leaves=7
num_cat=0
split_feature=7 1 1 0 24 24
split_gain=8.66127e+06 1.60778e+07 8.65056e+06 8.69287e+06 3.86365e+06 2.25959e+06
threshold=28.550000000000004 1.0000000180025095e-35 1.2500000000000002 2.8500000000000005 13020.369444444446 10446.297222222223
decision_type=2 2 2 2 2 2
left_child=1 -1 3 -3 5 -5
right_child=-2 2 -4 4 -6 -7
leaf_value=13.431372516937079 -8.3812292157377435 -12.139522226373419 10.125207194875202 -0.22438334854429082 7.5457875654432511 -6.0843542295838491
leaf_weight=86 94 62 63 376 51 70
leaf_count=86 94 62 63 376 51 70
internal_value=0.159948 1.29703 -0.386362 -1.57584 -0.251491 -1.1476
internal_weight=802 708 622 559 497 446
internal_count=802 708 622 559 497 446
is_linear=0
shrinkage=0.03


Tree=452
num_leaves=8
num_cat=0
split_feature=20 24 27 0 24 0 27
split_gain=8.61437e+06 1.5742e+07 4.80714e+06 1.76404e+07 1.16322e+07 2.6616e+06 1.64412e+06
threshold=20.861800000000006 1.0000000180025095e-35 0.94970904815366264 6.7500000000000009 10393.519444444446 259.10000000000008 -0.70252096857941215
decision_type=2 2 2 2 2 2 2
left_child=1 -1 3 -3 -4 -5 -7
right_child=-2 2 4 5 -6 6 -8
leaf_value=13.012649518348869 -8.8576461926965617 -16.641614808867867 -3.8203838499980183 6.0371670450949191 15.520501771274079 -3.6922173285946625 0.65585519487242128
leaf_weight=89 85 62 60 64 52 108 282
leaf_count=89 85 62 60 64 52 108 282
internal_value=0.155197 1.22694 -0.448734 -1.67208 5.17671 0.381842 -0.550116
internal_weight=802 717 628 516 112 454 390
internal_count=802 717 628 516 112 454 390
is_linear=0
shrinkage=0.03


Tree=453
num_leaves=8
num_cat=0
split_feature=28 1 21 1 24 1 24
split_gain=8.15433e+06 2.47768e+07 1.17783e+07 6.56189e+06 7.59648e+06 6.17783e+06 1.79874e+06
threshold=-0.89388548498445497 1.0000000180025095e-35 0.65436950084602385 1.2500000000000002 14708.333333333334 0.65000000000000013 5990.7416666666677
decision_type=2 2 2 2 2 2 2
left_child=2 -2 -1 4 5 -3 -7
right_child=1 3 -4 -5 -6 6 -8
leaf_value=-18.111341188555922 17.207968566168148 -10.396224760456963 0.64994474756765175 9.1107696609175246 9.4567645077866551 -4.8883542890712111 -0.20477663370123153
leaf_weight=50 79 80 75 56 50 96 316
leaf_count=50 79 80 75 56 50 96 316
internal_value=0.150565 1.45114 -6.87989 -0.638015 -1.64977 -2.78358 -1.29888
internal_weight=802 677 125 598 542 492 412
internal_count=802 677 125 598 542 492 412
is_linear=0
shrinkage=0.03


Tree=454
num_leaves=11
num_cat=0
split_feature=0 21 1 28 0 0 28 7 22 6
split_gain=8.54684e+06 1.67536e+07 9.41441e+06 9.62934e+06 3.22062e+06 1.77378e+06 952744 913684 852148 421833
threshold=6.1000000000000005 0.84390006905396076 0.14583333333333334 -0.62538740722492581 259.10000000000008 1747.3500000000001 -0.34155811708470757 19.150000000000002 -0.6830127018922193 3.0500000000000003
decision_type=2 2 2 2 2 2 2 2 2 2
left_child=1 -1 3 -2 -4 8 -7 -8 -6 -10
right_child=2 -3 4 -5 5 6 7 -9 9 -11
leaf_value=19.878997857109617 -18.737689119305525 -2.3875558375073713 5.848713595999123 -0.32724827504297449 -6.1372007916382003 3.2518767921872058 0.82689371218752727 -3.4873094456172109 0.040926203881069496 -3.4895351171243876
leaf_weight=54 51 69 81 51 54 95 165 60 65 57
leaf_count=54 51 69 81 51 54 95 165 60 65 57
internal_value=0.14608 7.41251 -1.1729 -9.56051 0.314009 -0.592815 0.73776 -0.326632 -3.00923 -1.61299
internal_weight=802 123 679 102 577 496 320 225 176 122
internal_count=802 123 679 102 577 496 320 225 176 122
is_linear=0
shrinkage=0.03


Tree=455
num_leaves=9
num_cat=0
split_feature=3 1 4 24 1 24 0 0
split_gain=1.67924e+07 2.39375e+07 1.02219e+07 1.81732e+07 9.09657e+06 4.1714e+06 6.8543e+06 1.75677e+06
threshold=81.950000000000017 0.65000000000000013 999.55000000000007 1173.3340000000003 0.65000000000000013 4563.6583333333338 1221.6500000000003 1939.9000000000003
decision_type=2 2 2 2 2 2 2 2
left_child=2 -2 -1 -4 -5 -6 -7 -3
right_child=1 7 3 4 5 6 -8 -9
leaf_value=11.005501669763849 26.152531651279379 5.0891484648112293 -16.486533637331775 -9.1665943700561847 -5.6252431742293822 12.685638531937041 0.75099624373512575 -2.5787991350922135
leaf_weight=53 51 53 75 94 69 50 312 54
leaf_count=53 51 53 75 94 69 50 312 54
internal_value=0.537889 9.30415 -1.58648 -2.70373 -0.726454 1.11939 2.40859 1.22287
internal_weight=811 158 653 600 525 431 362 107
internal_count=811 158 653 600 525 431 362 107
is_linear=0
shrinkage=0.03


Tree=456
num_leaves=11
num_cat=0
split_feature=3 14 4 0 3 0 4 28 21 4
split_gain=1.58051e+07 1.39683e+07 9.6209e+06 1.74506e+07 2.26983e+07 9.9818e+06 4.65195e+06 4.46461e+06 6.53953e+06 3.69859e+06
threshold=81.950000000000017 183.50000000000003 999.55000000000007 1003.85 69.700000000000003 6.7500000000000009 1004.2500000000001 -0.04732138832243208 0.8385507999393822 1015.2500000000001
decision_type=2 2 2 2 2 2 2 2 2 2
left_child=2 -2 -1 4 5 -4 -5 8 -8 -9
right_child=1 -3 3 6 -6 -7 7 9 -10 -11
leaf_value=10.677195011446669 16.177507299262786 -2.070059970806728 7.8040886536503375 -7.3176021408350937 -22.987403561895658 -9.1633877574495113 14.41758072441467 -3.821866528856785 -0.26371024676603849 3.664665566792809
leaf_weight=53 96 62 53 52 74 75 56 117 53 120
leaf_count=53 96 62 53 52 74 75 56 117 53 120
internal_value=0.521995 9.02666 -1.53898 -2.62289 -9.79738 -2.1359 1.02305 2.28183 7.29776 -0.0313387
internal_weight=811 158 653 600 202 128 398 346 109 237
internal_count=811 158 653 600 202 128 398 346 109 237
is_linear=0
shrinkage=0.03


Tree=457
num_leaves=11
num_cat=0
split_feature=0 0 24 8 1 0 24 26 28 10
split_gain=1.08222e+07 1.91691e+07 6.31993e+07 1.64199e+07 1.3312e+07 2.36664e+06 1.01969e+06 765996 856514 396874
threshold=4.1000000000000005 756.05000000000007 1580.0000000000002 8.5500000000000025 0.65000000000000013 26.500000000000004 9539.6833333333361 4.8500000000000005 -0.2511900638848194 8.5000000000000018
decision_type=2 2 2 2 2 2 2 2 2 2
left_child=3 2 -2 -1 -3 -4 7 -6 -9 -8
right_child=1 4 5 -5 6 -7 9 8 -10 -11
leaf_value=21.849210603687446 -37.7871591483812 13.376906765028544 -1.7736665291814078 -2.1805577256437925 -3.9488253003971416 7.1023995630154442 3.5995445587813153 1.8161376871545531 -1.5695605643170556 0.25487573532256252
leaf_weight=50 50 77 51 52 61 57 76 110 172 55
leaf_count=50 50 77 51 52 61 57 76 110 172 55
internal_value=0.506413 -0.809391 -10.0108 9.62818 1.83313 2.91754 -0.0493789 -0.909345 -0.24834 2.19915
internal_weight=811 709 158 102 551 108 474 343 282 131
internal_count=811 709 158 102 551 108 474 343 282 131
is_linear=0
shrinkage=0.03


Tree=458
num_leaves=10
num_cat=0
split_feature=3 1 3 1 7 21 14 14 8
split_gain=1.48818e+07 2.23614e+07 6.43379e+06 1.32775e+07 1.94141e+07 2.05854e+06 2.10335e+06 1.1144e+06 657662
threshold=81.950000000000017 0.65000000000000013 39.900000000000006 0.36666666666666675 21.150000000000002 1.1955914500850138 112.50000000000001 208.00000000000003 18.850000000000005
decision_type=2 2 2 2 2 2 2 2 2
left_child=2 -2 -1 4 -4 6 -5 -8 -3
right_child=1 8 3 5 -6 -7 7 -9 -10
leaf_value=7.7446474432517425 25.027935431407904 3.1291561102742302 -22.461538629342002 -5.0507473593186445 1.0707778329522535 4.0264971802570564 2.6525943704076607 -1.2278971102195011 -1.572565255790771
leaf_weight=61 51 57 65 91 61 87 104 184 50
leaf_count=61 51 57 65 91 61 87 104 184 50
internal_value=0.491229 8.74374 -1.50863 -2.46555 -11.0934 -0.127057 -1.08297 0.174662 0.933752
internal_weight=811 158 653 592 126 466 379 288 107
internal_count=811 158 653 592 126 466 379 288 107
is_linear=0
shrinkage=0.03


Tree=459
num_leaves=11
num_cat=0
split_feature=3 5 0 0 3 26 27 24 24 24
split_gain=1.40071e+07 1.32335e+07 1.24342e+07 6.62345e+06 2.26676e+07 1.41841e+07 6.09969e+06 6.39976e+06 713069 747748
threshold=81.950000000000017 13.950000000000001 1708.4500000000003 756.05000000000007 69.700000000000003 8.5500000000000025 -0.90880922144842613 2040.0000000000002 9539.6833333333361 5465.2777777777783
decision_type=2 2 2 2 2 2 2 2 2 2
left_child=3 -2 -3 4 5 -1 -5 -8 9 -9
right_child=1 2 -4 6 -6 -7 7 8 -10 -11
leaf_value=13.654151314347144 21.194027596885121 -6.8810872250682911 13.478265413003225 9.5552196394291542 -18.759522486362233 -6.4624731163281517 -10.646380414014672 2.7090862055421829 2.9587452439096582 -1.1006555644236606
leaf_weight=53 50 58 50 59 77 77 51 62 93 181
leaf_count=53 50 58 50 59 77 77 51 62 93 181
internal_value=0.47664 8.48294 2.55568 -1.46356 -5.89433 1.75141 0.595437 -0.776845 0.729343 -0.126444
internal_weight=811 158 108 653 207 130 446 387 336 243
internal_count=811 158 108 653 207 130 446 387 336 243
is_linear=0
shrinkage=0.03


Tree=460
num_leaves=11
num_cat=0
split_feature=4 0 26 0 14 0 7 21 14 21
split_gain=9.1196e+06 2.33389e+07 1.28813e+07 2.38913e+07 9.02069e+06 7.14663e+06 4.19267e+06 7.13425e+06 3.42276e+06 1.03132e+06
threshold=1005.85 48.650000000000006 9.7500000000000018 51.800000000000004 209.50000000000003 2031.3500000000001 7.5500000000000007 0.7308171621862205 98.500000000000014 1.0759272918861962
decision_type=2 2 2 2 2 2 2 2 2 2
left_child=1 -1 3 -2 5 -3 -5 -8 -4 -9
right_child=2 4 8 6 -6 -7 7 9 -10 -11
leaf_value=21.684813117087458 -19.011330527955881 -12.241301034029314 9.5056058314765171 6.0123417714996057 6.52558220293594 2.4976541693168772 -10.376393693200589 2.3642427068032239 0.099813330763603839 -2.3982658489907922
leaf_weight=52 94 70 69 52 89 51 85 94 70 72
leaf_count=52 94 70 69 52 89 51 85 94 70 72
internal_value=-0.831352 3.75305 -3.0731 -5.824 -0.711751 -6.03813 -1.7181 -3.32492 4.77936 0.297922
internal_weight=798 262 536 397 210 121 303 251 139 166
internal_count=798 262 536 397 210 121 303 251 139 166
is_linear=0
shrinkage=0.03


Tree=461
num_leaves=9
num_cat=0
split_feature=0 24 0 0 0 24 27 9
split_gain=9.08864e+06 1.65744e+07 2.10888e+07 7.24729e+06 8.61758e+06 4.38463e+06 1.06472e+06 423623
threshold=1.3000000000000003 1306.6666666666667 1906.3500000000001 4.9500000000000011 487.30000000000007 4762.8972222222228 -0.89391031859722869 1.0000000180025095e-35
decision_type=2 2 2 2 2 2 2 2
left_child=-1 2 -2 -3 5 -5 -6 -8
right_child=1 3 -4 4 6 -7 7 -9
leaf_value=10.927509094638378 -24.382659537851513 -10.040604809816948 1.421282333669083 3.1152334550038678 -3.6779136829447481 15.225789757890311 0.95385827894817654 -1.0655810768680607
leaf_weight=55 60 56 54 57 80 51 226 159
leaf_count=55 60 56 54 57 80 51 226 159
internal_value=-0.806357 -1.67902 -12.188 0.230519 1.23907 8.86053 -0.535623 0.119652
internal_weight=798 743 114 629 573 108 465 385
internal_count=798 743 114 629 573 108 465 385
is_linear=0
shrinkage=0.03


Tree=462
num_leaves=10
num_cat=0
split_feature=4 24 0 0 14 24 0 6 24
split_gain=8.77523e+06 3.07289e+07 2.15769e+07 8.63841e+06 8.4943e+06 1.06912e+07 5.7536e+06 1.34063e+06 704722
threshold=1005.85 1173.3340000000003 48.650000000000006 5.9500000000000011 209.50000000000003 3390.0000000000005 549.15000000000009 4.1500000000000012 7475.0000000000009
decision_type=2 2 2 2 2 2 2 2 2
left_child=2 -2 -1 -3 5 -4 -5 8 -8
right_child=1 3 4 6 -6 -7 7 -9 -10
leaf_value=20.956306590559834 -24.826848067216162 -9.2248854368172282 -16.329187428377733 9.170175831921803 6.4444614814991112 1.7422414799860113 -3.0800179971391954 3.5306772924486496 0.026941563316472534
leaf_weight=52 52 86 50 68 89 71 116 63 151
leaf_count=52 52 86 50 68 89 71 116 63 151
internal_value=-0.782251 -2.98127 3.71475 -0.620286 -0.578354 -5.74713 1.24452 -0.395459 -1.32481
internal_weight=798 536 262 484 210 121 398 330 267
internal_count=798 536 262 484 210 121 398 330 267
is_linear=0
shrinkage=0.03


Tree=463
num_leaves=9
num_cat=0
split_feature=0 24 0 0 0 24 4 28
split_gain=8.55359e+06 1.43908e+07 2.01952e+07 6.53341e+06 7.68274e+06 4.1446e+06 735739 723980
threshold=1.3000000000000003 1306.6666666666667 1906.3500000000001 4.9500000000000011 487.30000000000007 4762.8972222222228 1022.1500000000002 -0.46734190575957718
decision_type=2 2 2 2 2 2 2 2
left_child=-1 2 -2 -3 5 -5 7 -6
right_child=1 3 -4 4 6 -7 -8 -9
leaf_value=10.624310744149344 -23.331444589036021 -9.5782961051968023 1.9173164696843255 2.7436957305388927 0.72052400635604685 14.515807473422493 2.808737874186062 -1.9011319731240248
leaf_weight=55 60 56 54 57 147 51 52 266
leaf_count=55 60 56 54 57 147 51 52 266
internal_value=-0.758913 -1.60551 -11.3978 0.173819 1.13143 8.32764 -0.544215 -0.968133
internal_weight=798 743 114 629 573 108 465 413
internal_count=798 743 114 629 573 108 465 413
is_linear=0
shrinkage=0.03


Tree=464
num_leaves=10
num_cat=0
split_feature=4 24 0 22 24 0 0 6 24
split_gain=8.38894e+06 2.8376e+07 1.99829e+07 8.49277e+06 9.46022e+06 8.06077e+06 5.11548e+06 1.25426e+06 673141
threshold=1005.85 1173.3340000000003 48.650000000000006 -0.6830127018922193 2578.7888888888892 5.9500000000000011 549.15000000000009 4.1500000000000012 7475.0000000000009
decision_type=2 2 2 2 2 2 2 2 2
left_child=2 -2 -1 -4 -5 -3 -7 8 -8
right_child=1 5 3 4 -6 6 7 -9 -10
leaf_value=20.25321450900849 -23.878815948092456 -8.9293629795043525 7.2817593851546478 -15.371179371723835 1.189217714260425 8.6571876028236847 -2.9767820868816033 3.4351255530768658 0.059699729940234147
leaf_weight=52 52 86 79 50 81 68 116 63 151
leaf_count=52 52 86 79 50 81 68 116 63 151
internal_value=-0.736161 -2.88625 3.66073 -0.470877 -5.15215 -0.617435 1.18396 -0.362415 -1.26135
internal_weight=798 536 262 210 131 484 398 330 267
internal_count=798 536 262 210 131 484 398 330 267
is_linear=0
shrinkage=0.03


Tree=465
num_leaves=9
num_cat=0
split_feature=1 3 25 8 3 2 24 0
split_gain=9.53336e+06 7.81744e+06 8.76502e+06 7.86598e+06 6.43847e+06 2.20274e+07 1.2078e+07 1.46504e+07
threshold=1.2500000000000002 84.700000000000003 25.6812 16.600000000000005 75.350000000000009 9.2500000000000018 2510.0000000000005 10.800000000000002
decision_type=2 2 2 2 2 2 2 2
left_child=1 2 4 -3 6 -6 -1 -8
right_child=-2 3 -4 -5 5 -7 7 -9
leaf_value=11.038026141523469 9.4286782521499717 -0.47929493550581703 8.5660388706104964 -15.582028424636178 -22.87057599200093 1.7802802718767492 -17.56484612519888 0.0010182725171408852
leaf_weight=70 69 55 78 71 53 84 50 284
leaf_count=70 69 55 78 71 53 84 50 284
internal_value=-1.21519 -2.20441 -0.816123 -9.00643 -2.17283 -7.78525 -0.265226 -2.64198
internal_weight=814 745 619 126 541 137 404 334
internal_count=814 745 619 126 541 137 404 334
is_linear=0
shrinkage=0.03


Tree=466
num_leaves=9
num_cat=0
split_feature=0 24 0 26 3 0 6 0
split_gain=8.40735e+06 1.58984e+07 3.69254e+07 4.17591e+06 4.04546e+06 4.96651e+06 1.42267e+07 1.59755e+06
threshold=1.3000000000000003 1173.3340000000003 1906.3500000000001 3.4000000000000017 44.95000000000001 510.20000000000005 2.8500000000000001 1211.4000000000003
decision_type=2 2 2 2 2 2 2 2
left_child=-1 2 -2 -3 -5 6 -6 -7
right_child=1 3 -4 4 5 7 -8 -9
leaf_value=10.701988796514737 -29.606996400335117 -8.3510115454489728 4.3377102269450889 -5.9341729519661675 -2.6112374870875481 -4.8099013953683265 17.260028130830225 0.60930769979049859
leaf_weight=50 56 51 59 75 70 57 60 336
leaf_count=50 56 51 59 75 70 57 60 336
internal_value=-1.17902 -1.96048 -12.2258 -0.13668 0.567694 1.50297 6.57867 -0.179731
internal_weight=814 764 115 649 598 523 130 393
internal_count=814 764 115 649 598 523 130 393
is_linear=0
shrinkage=0.03


Tree=467
num_leaves=10
num_cat=0
split_feature=1 3 4 25 29 1 24 1 3
split_gain=8.96574e+06 7.26561e+06 9.10832e+06 8.28906e+06 7.0263e+06 2.51818e+07 2.43724e+07 7.92231e+06 650570
threshold=1.2500000000000002 84.700000000000003 1005.0500000000001 25.6812 0.6078576107927941 0.65000000000000013 2040.0000000000002 0.65000000000000013 60.900000000000006
decision_type=2 2 2 2 2 2 2 2 2
left_child=1 3 -3 4 6 -6 -1 -8 -7
right_child=-2 2 -4 -5 5 8 7 -9 -10
leaf_value=17.022093597222266 9.178252426659391 -16.447331651626282 -0.32349804258268777 8.359042614337584 -24.946855886503904 -2.1834006246488693 -12.297647857819609 -0.7163306729564356 2.287319698878298
leaf_weight=64 69 65 61 78 50 51 68 240 68
leaf_count=64 69 65 61 78 50 51 68 240 68
internal_value=-1.14385 -2.10318 -8.66073 -0.764801 -2.08417 -7.15069 0.221432 -3.28275 0.370549
internal_weight=814 745 126 619 541 169 372 308 119
internal_count=814 745 126 619 541 169 372 308 119
is_linear=0
shrinkage=0.03


Tree=468
num_leaves=7
num_cat=0
split_feature=1 8 4 7 25 24
split_gain=8.43824e+06 4.83446e+06 1.00369e+07 5.27446e+06 9.45127e+06 7.7105e+06
threshold=1.2500000000000002 -0.34999999999999992 1021.9500000000002 29.650000000000002 24.437525000000004 10616.66666666667
decision_type=2 2 2 2 2 2
left_child=1 -1 3 4 5 -3
right_child=-2 2 -4 -5 -6 -7
leaf_value=-10.258926197827163 8.9040967574676912 -0.066789907275823082 10.926822675735998 5.3466627552499135 -15.031547998086175 -8.9246591733697187
leaf_weight=59 69 391 55 70 56 114
leaf_count=59 69 391 55 70 56 114
internal_value=-1.10976 -2.04044 -1.32941 -2.4024 -3.37167 -2.07052
internal_weight=814 745 686 631 561 505
internal_count=814 745 686 631 561 505
is_linear=0
shrinkage=0.03


Tree=469
num_leaves=8
num_cat=0
split_feature=0 1 0 22 0 0 0
split_gain=8.16504e+06 1.71314e+07 3.34298e+07 4.45781e+06 7.38429e+06 2.77259e+06 1.71732e+06
threshold=1.3000000000000003 0.22500000000000003 1906.3500000000001 0.93301270189221952 8.8000000000000025 411.45000000000005 1211.4000000000003
decision_type=2 2 2 2 2 2 2
left_child=-1 2 -2 4 -3 -6 -7
right_child=1 3 -4 -5 5 6 -8
leaf_value=10.631904120397852 -27.281134220073572 -11.14496916303583 4.0892939332524607 7.6069880596178692 5.6277860027821536 -4.8301222447955601 0.27812428749973012
leaf_weight=50 63 55 59 64 77 70 376
leaf_count=50 63 55 59 64 77 70 376
internal_value=-1.07657 -1.84671 -12.1373 0.113562 -0.71966 0.382435 -0.526306
internal_weight=814 764 122 642 578 523 446
internal_count=814 764 122 642 578 523 446
is_linear=0
shrinkage=0.03


Tree=470
num_leaves=10
num_cat=0
split_feature=1 21 1 0 0 0 21 28 22
split_gain=1.36172e+07 3.13418e+07 7.30709e+06 9.51714e+06 5.43019e+06 1.30004e+06 938134 815774 389208
threshold=1.0000000180025095e-35 0.6058617463617465 0.65000000000000013 3.8500000000000005 286.85000000000008 1211.4000000000003 0.7308171621862205 -0.2511900638848194 0.68301270189221941
decision_type=2 2 2 2 2 2 2 2 2
left_child=1 -1 3 -2 -4 -6 7 -7 -8
right_child=2 -3 4 -5 5 6 8 -9 -10
leaf_value=26.719574773978113 -15.070117742860472 -5.8330077968730718 8.4241090578416493 1.1034954075981678 -4.3738721482288794 0.90782786485216793 1.892578618248079 -3.2593468661449672 -0.78041373916047829
leaf_weight=53 69 53 67 62 72 68 181 111 67
leaf_count=53 69 53 67 62 72 68 181 111 67
internal_value=0.470792 10.4727 -1.05414 -7.43033 0.424765 -0.653693 -0.0237515 -1.67737 1.17033
internal_weight=803 106 697 131 566 499 427 179 248
internal_count=803 106 697 131 566 499 427 179 248
is_linear=0
shrinkage=0.03


Tree=471
num_leaves=9
num_cat=0
split_feature=1 21 1 24 20 24 14 3
split_gain=1.28168e+07 2.94998e+07 6.87705e+06 1.27378e+07 8.47233e+06 6.87777e+06 2.50851e+06 3.13452e+06
threshold=1.0000000180025095e-35 0.6058617463617465 0.65000000000000013 3538.1944444444448 7.5656000000000008 11122.686111111112 60.000000000000007 52.650000000000006
decision_type=2 2 2 2 2 2 2 2
left_child=1 -1 4 -4 -2 6 -5 -8
right_child=2 -3 3 5 -6 -7 7 -9
leaf_value=25.922500074576259 -16.4273258077897 -5.6590024980505689 -11.443632674999691 -4.20122070662054 -0.9051636228890253 11.438535883578787 8.6870107947455519 0.67481871319646802
leaf_weight=53 53 53 71 75 78 62 51 307
leaf_count=53 53 53 71 75 78 62 51 307
internal_value=0.456777 10.1603 -1.02266 0.412067 -7.20838 2.1185 0.776976 1.82256
internal_weight=803 106 697 566 131 495 433 358
internal_count=803 106 697 566 131 495 433 358
is_linear=0
shrinkage=0.03


Tree=472
num_leaves=10
num_cat=0
split_feature=1 21 1 24 0 0 21 24 24
split_gain=1.20635e+07 2.7766e+07 6.47284e+06 1.19881e+07 2.16116e+07 8.92419e+06 809450 1.17642e+06 441625
threshold=1.0000000180025095e-35 0.6058617463617465 0.65000000000000013 3538.1944444444448 961.00000000000011 3.8500000000000005 0.7308171621862205 8659.7222222222244 7225.3083333333334
decision_type=2 2 2 2 2 2 2 2 2
left_child=1 -1 5 -4 -5 -2 7 -6 -8
right_child=2 -3 3 4 6 -7 8 -9 -10
leaf_value=25.149201846811607 -14.391347488469375 -5.4901879669532994 -11.101768206760893 20.293440909887131 -4.0335154858500841 1.2694890871246973 -0.34555040380229118 0.69753551229455579 2.1619992299819635
leaf_weight=53 69 53 71 52 91 62 117 98 137
leaf_count=53 69 53 71 52 91 62 117 98 137
internal_value=0.443164 9.85716 -0.992133 0.399787 2.05525 -6.99331 -0.097843 -1.58311 1.00787
internal_weight=803 106 697 566 495 131 443 189 254
internal_count=803 106 697 566 495 131 443 189 254
is_linear=0
shrinkage=0.03


Tree=473
num_leaves=10
num_cat=0
split_feature=1 21 1 0 0 0 21 23 14
split_gain=1.13542e+07 2.61341e+07 6.09203e+06 8.39904e+06 5.34552e+06 1.26801e+06 850184 769587 362662
threshold=1.0000000180025095e-35 0.6058617463617465 0.65000000000000013 3.8500000000000005 286.85000000000008 1211.4000000000003 0.7308171621862205 -0.24999999999999994 103.00000000000001
decision_type=2 2 2 2 2 2 2 2 2
left_child=1 -1 3 -2 -4 -6 7 -7 -8
right_child=2 -3 4 -5 5 6 8 -9 -10
leaf_value=24.398972667601051 -13.961476075473803 -5.3264093072687269 8.3246633316538841 1.2315876438146993 -4.3561532478906306 0.84748895826793857 -0.73222543636177562 -3.1888759771348778 1.8025643899426647
leaf_weight=53 69 53 67 62 72 69 71 110 177
leaf_count=53 69 53 67 62 72 69 71 110 177
internal_value=0.430028 9.56311 -0.962439 -6.78441 0.387914 -0.682085 -0.0599252 -1.63409 1.07683
internal_weight=803 106 697 131 566 499 427 179 248
internal_count=803 106 697 131 566 499 427 179 248
is_linear=0
shrinkage=0.03


Tree=474
num_leaves=9
num_cat=0
split_feature=1 20 1 24 20 24 14 24
split_gain=1.06868e+07 2.03244e+07 5.73349e+06 1.14845e+07 7.91266e+06 6.38337e+06 2.29203e+06 2.65781e+06
threshold=1.0000000180025095e-35 13.983450000000003 0.65000000000000013 3538.1944444444448 7.5656000000000008 11122.686111111112 60.000000000000007 7509.2583333333341
decision_type=2 2 2 2 2 2 2 2
left_child=1 -1 4 -4 -2 6 -5 -8
right_child=2 -3 3 5 -6 -7 7 -9
leaf_value=-4.3582056286460471 -15.490904620100812 21.877363608775905 -10.881008524660643 -4.0542337558468979 -0.4918222848300276 10.975432791618054 -0.75427441180923549 4.4186010451353228
leaf_weight=51 53 55 71 75 78 62 188 170
leaf_count=51 53 55 71 75 78 62 188 170
internal_value=0.417228 9.27783 -0.933695 0.376319 -6.58175 1.99664 0.704261 1.70374
internal_weight=803 106 697 566 131 495 433 358
internal_count=803 106 697 566 131 495 433 358
is_linear=0
shrinkage=0.03


Tree=475
num_leaves=13
num_cat=0
split_feature=26 26 1 3 23 0 4 3 0 5 4 11
split_gain=1.16734e+07 2.2813e+07 1.56388e+07 2.80933e+07 3.15968e+06 6.95606e+06 4.66455e+06 1.56718e+06 1.51843e+06 742768 493636 457315
threshold=4.7500000000000018 3.600000000000001 0.14583333333333334 70.050000000000011 0.6830127018922193 259.10000000000008 1010.85 45.550000000000004 1841.7000000000003 23.250000000000004 1015.85 2.5000000000000004
decision_type=2 2 2 2 2 2 2 2 2 2 2 2
left_child=1 -1 3 -2 5 6 -4 -6 9 -7 -10 -9
right_child=2 -3 4 -5 7 8 -8 11 10 -11 -12 -13
leaf_value=-3.6917084513530471 2.2007938640654396 22.681494888463117 1.9758749877398285 -28.086068313627258 -7.9981753006322727 -6.5759511865091609 14.244831183599469 -3.3637787920187971 1.565180011413646 -1.5006146267431091 -1.8297881868562473 0.4786571720608494
leaf_weight=66 57 53 60 53 50 51 52 61 127 53 55 51
leaf_count=66 57 53 60 53 50 51 52 61 127 53 55 51
internal_value=-0.564792 8.08176 -2.10347 -12.4286 -0.0697336 1.36799 7.69509 -3.59798 -1.11519 -4.00132 0.537856 -1.61741
internal_weight=789 119 670 110 560 398 112 162 286 104 182 112
internal_count=789 119 670 110 560 398 112 162 286 104 182 112
is_linear=0
shrinkage=0.03


Tree=476
num_leaves=7
num_cat=0
split_feature=4 1 24 1 24 0
split_gain=9.82957e+06 1.47407e+07 7.27945e+06 5.69783e+06 7.49876e+06 9.59962e+06
threshold=997.75000000000011 1.0000000180025095e-35 14981.480555555558 0.65000000000000013 4563.6583333333338 1003.85
decision_type=2 2 2 2 2 2
left_child=-1 -2 3 -3 -5 -6
right_child=1 2 -4 4 5 -7
leaf_value=-12.513906574848436 11.392954708231457 -9.5938397477297777 9.3570626406642781 -9.1393553254584781 12.643392666639835 -1.0964293378440209
leaf_weight=57 95 81 53 85 52 366
leaf_count=57 95 81 53 85 52 366
internal_value=-0.547961 0.388546 -1.25719 -2.2248 -1.0331 0.620651
internal_weight=789 732 637 584 503 418
internal_count=789 732 637 584 503 418
is_linear=0
shrinkage=0.03


Tree=477
num_leaves=13
num_cat=0
split_feature=26 26 1 3 28 0 8 6 3 0 0 14
split_gain=1.09588e+07 2.15248e+07 1.53679e+07 2.61512e+07 3.49651e+06 6.40239e+06 4.62277e+06 1.82953e+06 1.96707e+06 1.44704e+06 1.23759e+06 755856
threshold=4.7500000000000018 3.600000000000001 0.14583333333333334 70.050000000000011 0.31717953954346351 411.45000000000005 12.050000000000002 3.5500000000000003 46.850000000000001 1696.45 1757.1500000000003 163.50000000000003
decision_type=2 2 2 2 2 2 2 2 2 2 2 2
left_child=1 -1 3 -2 5 6 -4 8 -6 -10 -7 -12
right_child=2 -3 4 -5 7 10 -8 -9 9 -11 11 -13
leaf_value=-3.5900257292700029 1.8583030005150438 22.02774121989005 14.742189951606584 -27.364121816502728 3.8685080577675293 -3.8026296472015004 1.9113798594335367 -6.5673045509733345 -6.9637169975599287 -0.16275963740252408 2.967384281275542 -1.4898182321076816
leaf_weight=66 57 53 50 53 52 80 51 76 50 64 73 64
leaf_count=66 57 53 50 53 52 80 51 76 50 64 73 64
internal_value=-0.53151 7.84619 -2.02235 -12.2576 -0.0063431 2.06079 8.2882 -2.72188 -0.9526 -3.15616 -0.845086 0.886416
internal_weight=789 119 670 110 560 318 101 242 166 114 217 137
internal_count=789 119 670 110 560 318 101 242 166 114 217 137
is_linear=0
shrinkage=0.03


Tree=478
num_leaves=13
num_cat=0
split_feature=26 26 1 3 24 14 2 14 24 14 4 3
split_gain=1.03147e+07 2.02596e+07 1.44649e+07 2.46142e+07 3.6871e+06 3.24243e+06 5.27819e+06 2.80024e+06 2.32415e+06 1.8857e+06 788279 699516
threshold=4.7500000000000018 3.600000000000001 0.14583333333333334 70.050000000000011 7190.7416666666677 98.500000000000014 7.8500000000000005 94.500000000000014 11236.111111111113 218.50000000000003 1010.85 70.050000000000011
decision_type=2 2 2 2 2 2 2 2 2 2 2 2
left_child=1 -1 3 -2 7 6 -6 -4 10 11 -7 -9
right_child=2 -3 4 -5 5 8 -8 9 -10 -11 -12 -13
leaf_value=-3.4828121934864855 1.8028463516934379 21.370628228751176 -9.0248430543196836 -26.547818337524586 -0.063519306512168749 0.4176427445460284 13.441914996588919 4.1907697843699525 -4.4278470668683632 -4.3003442953682161 4.9650402646039353 -0.79124285307544018
leaf_weight=66 57 53 51 53 54 88 50 50 71 89 56 51
leaf_count=66 57 53 51 53 54 88 50 50 71 89 56 51
internal_value=-0.515594 7.6122 -1.96196 -11.892 -0.00608046 2.10894 6.44938 -2.8048 0.00327044 -1.12357 2.19278 1.68012
internal_weight=789 119 670 110 560 319 104 241 215 190 144 101
internal_count=789 119 670 110 560 319 104 241 215 190 144 101
is_linear=0
shrinkage=0.03


Tree=479
num_leaves=11
num_cat=0
split_feature=26 26 1 7 24 27 26 23 8 24
split_gain=9.70852e+06 1.90687e+07 1.36149e+07 6.82308e+06 3.47032e+06 3.75142e+06 2.85925e+06 2.51439e+06 2.2329e+06 1.6154e+06
threshold=4.7500000000000018 3.600000000000001 0.14583333333333334 24.650000000000002 7190.7416666666677 0.90511774987322979 9.8500000000000032 -0.68301270189221952 11.15 5127.3138888888898
decision_type=2 2 2 2 2 2 2 2 2 2
left_child=1 -1 3 -2 7 6 8 -4 -6 -9
right_child=2 -3 4 -5 5 -7 -8 9 -10 -11
leaf_value=-3.3788005977518418 -4.1642727976539842 20.73311785928751 2.1596870432975175 -19.117880676306413 -4.7594246590889968 8.5855320545508409 6.3341691202268553 -7.6867522277461218 1.6163387005065193 -1.8781136534926923
leaf_weight=66 56 53 68 54 90 63 57 82 109 91
leaf_count=66 56 53 68 54 90 63 57 82 109 91
internal_value=-0.500154 7.38518 -1.90338 -11.5372 -0.00582727 2.04607 0.428551 -2.72103 -1.26995 -4.63993
internal_weight=789 119 670 110 560 319 256 241 199 173
internal_count=789 119 670 110 560 319 256 241 199 173
is_linear=0
shrinkage=0.03


Tree=480
num_leaves=8
num_cat=0
split_feature=4 6 1 24 1 20 4
split_gain=6.47514e+06 6.72593e+06 1.06983e+07 2.97388e+06 6.86814e+06 7.33652e+06 2.56619e+06
threshold=998.10000000000014 1.9500000000000002 1.0000000180025095e-35 4563.6583333333338 0.65000000000000013 8.5307000000000013 1003.4500000000002
decision_type=2 2 2 2 2 2 2
left_child=-1 -2 -3 -4 5 -5 -6
right_child=1 2 3 4 6 -7 -8
leaf_value=8.7372257700788332 -10.253321748196523 10.557461752720563 -6.3328764596349965 -15.30759147177235 -4.8590553640827236 0.75983697170765696 2.2168950682631947
leaf_weight=67 64 75 94 52 53 50 343
leaf_count=67 64 75 94 52 53 50 343
internal_value=-0.167572 -0.987005 -0.0936598 -1.44772 -0.522348 -7.45218 1.26688
internal_weight=798 731 667 592 498 102 396
internal_count=798 731 667 592 498 102 396
is_linear=0
shrinkage=0.03


Tree=481
num_leaves=13
num_cat=0
split_feature=7 25 7 1 2 2 11 0 0 24 10 4
split_gain=6.60537e+06 1.28132e+07 9.55388e+06 8.81769e+06 1.29991e+07 3.99232e+06 3.01403e+06 2.29649e+06 1.10027e+06 624456 1.43191e+06 84013.3
threshold=19.150000000000002 12.342740000000001 12.850000000000003 0.36666666666666675 9.2500000000000018 4.8000000000000016 2.5000000000000004 487.30000000000007 1211.4000000000003 7421.2972222222224 6.5000000000000009 1005.6500000000002
decision_type=2 2 2 2 2 2 2 2 2 2 2 2
left_child=1 2 5 4 -2 -1 -7 -5 -9 10 -10 -11
right_child=3 -3 -4 7 -6 6 -8 8 9 11 -12 -13
leaf_value=-9.548367180193269 -1.4716201656262824 -14.643420514615688 8.1782519282692121 4.4254150801730816 18.80814317865045 -5.2767379151363931 4.5460850210874781 -5.5011030503532767 0.79328733710209409 0.27252717475444954 -5.842354321730765 1.9940670786963566
leaf_weight=73 53 71 82 75 61 58 54 50 68 51 51 51
leaf_count=73 53 71 82 75 61 58 54 50 68 51 51 51
internal_value=-0.162707 -3.3452 -0.327713 2.17637 9.40064 -4.10511 -0.541161 -0.209933 -1.49629 -0.583949 -2.05802 1.13671
internal_weight=798 338 267 460 114 185 112 346 271 221 119 102
internal_count=798 338 267 460 114 185 112 346 271 221 119 102
is_linear=0
shrinkage=0.03


Tree=482
num_leaves=12
num_cat=0
split_feature=7 27 1 21 27 11 2 7 21 23 21
split_gain=6.21664e+06 8.32153e+06 8.29917e+06 1.5546e+07 4.58677e+06 4.0612e+06 3.59249e+06 1.77327e+06 898322 1.20873e+06 871987
threshold=19.150000000000002 0.96900085243778578 0.36666666666666675 0.53244148506860378 0.65834671262425759 2.5000000000000004 5.7500000000000009 21.050000000000004 0.8385507999393822 -0.68301270189221952 0.92008265152780111
decision_type=2 2 2 2 2 2 2 2 2 2 2
left_child=1 4 3 -2 5 6 -1 -4 9 -9 -10
right_child=2 -3 7 -5 -6 -7 -8 8 10 -11 -12
leaf_value=-13.017695668659977 -2.5579412466649853 -12.958221237893053 4.7750553344231292 19.590697225978719 5.014891352671099 1.3238869226101746 -1.9729207969238745 -0.0060581952610210274 3.8401822632237486 -4.9884709092595738 -1.3696988434597377
leaf_weight=52 54 64 54 60 81 87 54 88 51 87 66
leaf_count=52 54 64 54 60 81 87 54 88 51 87 66
internal_value=-0.157862 -3.24529 2.11135 9.11998 -0.964856 -3.47843 -7.41264 -0.203733 -1.12845 -2.48738 0.905212
internal_weight=798 338 460 114 274 193 106 346 292 175 117
internal_count=798 338 460 114 274 193 106 346 292 175 117
is_linear=0
shrinkage=0.03


Tree=483
num_leaves=8
num_cat=0
split_feature=4 11 1 4 5 8 14
split_gain=5.8852e+06 4.28375e+06 7.09137e+06 2.25844e+06 3.82047e+06 3.72243e+06 805407
threshold=998.10000000000014 4.5000000000000009 0.22500000000000003 1022.85 8.8500000000000032 8.8500000000000032 61.500000000000007
decision_type=2 2 2 2 2 2 2
left_child=-1 2 -2 4 6 -6 -4
right_child=1 -3 3 -5 5 -7 -8
leaf_value=8.336302351788639 -9.4281184799825404 4.8929120379061812 -3.6736749028306357 5.0136135289490129 7.0201871517048557 -1.1049801704655056 -9.0878616006971598
leaf_weight=67 94 98 50 59 60 320 50
leaf_count=67 94 98 50 59 60 320 50
internal_value=-0.153153 -0.934369 -1.83844 -0.510302 -1.19201 0.182443 -6.39994
internal_weight=798 731 633 539 480 380 100
internal_count=798 731 633 539 480 380 100
is_linear=0
shrinkage=0.03


Tree=484
num_leaves=12
num_cat=0
split_feature=28 24 28 6 24 6 24 6 9 29 6
split_gain=4.86346e+06 1.10619e+07 9.87565e+06 7.03432e+06 1.17356e+07 1.70288e+06 3.26401e+06 1.64021e+06 1.52042e+06 2.14618e+06 957883
threshold=-0.030120304846908235 1.0000000180025095e-35 0.1500498401600889 2.1500000000000008 2717.1428571428578 2.2500000000000004 11122.686111111112 3.9500000000000006 0.25000000000000006 0.6078576107927941 3.1500000000000008
decision_type=2 2 2 2 2 2 2 2 2 2 2
left_child=1 -1 -2 -4 -5 -3 7 10 9 -6 -7
right_child=2 5 3 4 8 6 -8 -9 -10 -11 -12
leaf_value=12.696927352634654 -13.706643050914973 -4.0754260760969832 -10.713015675238003 14.494868453046674 -5.9406798977569633 -0.79540495017734425 7.7744298372770624 -5.3927246090147651 2.2088379257994815 1.1424814661183216 4.1966403438055027
leaf_weight=73 60 77 51 50 96 106 51 50 69 64 51
leaf_count=73 60 77 51 50 96 106 51 50 69 64 51
internal_value=-0.148536 2.14047 -2.54302 -0.502638 1.37325 -0.169162 1.00001 -0.677848 -1.50691 -3.11052 0.831069
internal_weight=798 408 390 330 279 335 258 207 229 160 157
internal_count=798 408 390 330 279 335 258 207 229 160 157
is_linear=0
shrinkage=0.03


Tree=485
num_leaves=12
num_cat=0
split_feature=20 24 8 25 0 7 24 0 23 30 24
split_gain=6.41934e+06 7.53403e+06 3.18649e+06 1.02312e+07 6.14338e+06 5.55608e+06 6.21981e+06 3.55999e+06 1.42716e+06 1.19967e+06 684432
threshold=20.861800000000006 1.0000000180025095e-35 8.1500000000000004 10.20302 4.9500000000000011 9.1500000000000004 8950.0000000000018 1747.3500000000001 -0.24999999999999994 -0.56174490092936669 7342.5916666666672
decision_type=2 2 2 2 2 2 2 2 2 2 2
left_child=1 -1 3 5 -4 6 -3 -7 9 -6 -10
right_child=-2 2 4 -5 8 7 -8 -9 10 -11 -12
leaf_value=9.7000009432821184 -7.1551280222583928 -2.0043945269989925 -10.90565293160725 14.550702942906165 5.2953282856602248 -10.256198815708984 12.582969340955762 0.39596844298329525 -4.6677907767132005 0.13620200004392458 -0.35802876395910155
leaf_weight=90 84 55 52 54 63 53 50 60 55 113 83
leaf_count=90 84 55 52 54 63 53 50 60 55 113 83
internal_value=0.682551 1.58949 0.441334 2.89903 -1.386 -0.00315694 4.95794 -4.61403 0.199377 1.98885 -2.08215
internal_weight=812 728 638 272 366 218 105 113 314 176 138
internal_count=812 728 638 272 366 218 105 113 314 176 138
is_linear=0
shrinkage=0.03


Tree=486
num_leaves=9
num_cat=0
split_feature=1 27 1 1 24 26 24 24
split_gain=1.3215e+07 5.619e+06 7.29877e+06 6.26879e+06 5.52056e+06 1.34254e+06 1.44846e+06 310079
threshold=1.2500000000000002 0.82876241254485883 1.0000000180025095e-35 0.65000000000000013 12168.980555555558 4.7500000000000018 10446.297222222223 6813.8888888888896
decision_type=2 2 2 2 2 2 2 2
left_child=1 2 -1 -3 5 -4 -7 -5
right_child=-2 3 4 7 -6 6 -8 -9
leaf_value=8.8479792399105435 13.938674000117025 -11.366639413761462 -5.1655037269485877 -1.7697616072844342 8.6528419376493169 0.051905987162741224 -5.2019637611958318 1.5287302002641887
leaf_weight=90 62 79 77 51 53 293 56 51
leaf_count=90 62 79 77 51 53 293 56 51
internal_value=0.662156 -0.440492 1.02447 -5.03993 -0.450103 -1.58794 -0.79484 -0.120781
internal_weight=812 750 569 181 479 426 349 102
internal_count=812 750 569 181 479 426 349 102
is_linear=0
shrinkage=0.03


Tree=487
num_leaves=10
num_cat=0
split_feature=1 27 0 0 0 29 24 8 27
split_gain=1.24377e+07 5.28816e+06 1.16062e+07 8.83951e+06 7.77899e+06 5.82994e+06 1.26339e+07 6.27201e+06 3.14783e+06
threshold=1.2500000000000002 0.82876241254485883 15.750000000000002 1211.4000000000003 4.1000000000000005 1.0000000180025095e-35 5143.6507936507942 21.150000000000002 0.98038744674281963
decision_type=2 2 2 2 2 2 2 2 2
left_child=1 2 -1 -4 -3 7 -7 -5 -6
right_child=-2 4 3 5 8 6 -8 -9 -10
leaf_value=11.965336129275926 13.522527141417967 -14.918045868617639 -9.463033793020081 0.57289633414498475 -4.8020687563959541 17.178386204124156 0.19664811250960876 -11.562148500503175 4.6797326564971158
leaf_weight=75 62 50 85 161 79 54 144 50 52
leaf_count=75 62 50 85 161 79 54 144 50 52
internal_value=0.642396 -0.42733 0.993847 -0.678098 -4.88931 1.1532 4.84706 -2.315 -1.03614
internal_weight=812 750 569 494 181 409 198 211 131
internal_count=812 750 569 494 181 409 198 211 131
is_linear=0
shrinkage=0.03


Tree=488
num_leaves=9
num_cat=0
split_feature=1 5 0 5 26 24 24 0
split_gain=1.17061e+07 4.88547e+06 1.07144e+07 8.9498e+06 4.78602e+06 1.05217e+07 9.47597e+06 1.60543e+06
threshold=1.2500000000000002 7.0250000000000012 3.8500000000000005 3.1500000000000008 5.4000000000000004 1306.6666666666667 6672.2222222222235 259.10000000000008
decision_type=2 2 2 2 2 2 2 2
left_child=1 3 -3 -1 6 -6 -4 -7
right_child=-2 2 4 -5 5 7 -8 -9
leaf_value=-2.2713995951034156 13.11880475110074 -12.001083108968599 14.488583043767603 13.105599660916466 -11.709739845093504 5.5663848677295 -2.6016025806264289 -0.18640441239672717
leaf_weight=75 62 77 54 62 75 51 63 293
leaf_count=75 62 77 54 62 75 51 63 293
internal_value=0.623206 -0.414583 -1.5596 4.7009 -0.053723 -1.55225 5.30298 0.670561
internal_weight=812 750 613 137 536 419 117 344
internal_count=812 750 613 137 536 419 117 344
is_linear=0
shrinkage=0.03


Tree=489
num_leaves=8
num_cat=0
split_feature=20 4 5 4 7 26 24
split_gain=5.83138e+06 7.20321e+06 5.67176e+06 9.42072e+06 7.46174e+06 1.13751e+07 1.45202e+07
threshold=20.861800000000006 999.05000000000007 7.0250000000000012 1015.7500000000001 13.15 5.4000000000000004 1306.6666666666667
decision_type=2 2 2 2 2 2 2
left_child=1 -1 3 -3 -4 -6 -7
right_child=-2 2 4 -5 5 6 -8
leaf_value=10.525816291391765 -6.8653940091184031 15.729449746237464 -11.888949738441156 0.085665644029115973 13.635427805747 -16.574985618780907 0.65009959327074351
leaf_weight=71 84 53 51 99 50 50 354
leaf_count=71 84 53 51 99 50 50 354
internal_value=0.604704 1.46912 0.486023 5.5607 -1.04378 0.181533 -1.49241
internal_weight=812 728 657 152 505 454 404
internal_count=812 728 657 152 505 454 404
is_linear=0
shrinkage=0.03


Tree=490
num_leaves=9
num_cat=0
split_feature=14 8 14 5 25 5 29 24
split_gain=1.07315e+07 1.13184e+07 8.84323e+06 6.15995e+06 1.13212e+07 1.17761e+07 9.15862e+06 5.29433e+06
threshold=75.500000000000014 4.1500000000000012 120.50000000000001 25.900000000000002 22.844600000000003 21.550000000000004 0.6078576107927941 5871.6062222222236
decision_type=2 2 2 2 2 2 2 2
left_child=1 -1 7 4 5 6 -4 -2
right_child=2 -3 3 -5 -6 -7 -8 -9
leaf_value=0.75947665453677449 -16.35105819657532 18.015067191807763 5.2521048676059934 -7.5962042512248846 10.891881039609615 -14.170279967377827 -6.4013048101323919 -4.4550310185884783
leaf_weight=99 51 52 177 84 87 53 92 99
leaf_count=99 51 52 177 84 87 53 92 99
internal_value=-0.46331 6.7258 -2.15394 -0.21167 1.30939 -1.28737 1.26383 -8.5243
internal_weight=794 151 643 493 409 322 269 150
internal_count=794 151 643 493 409 322 269 150
is_linear=0
shrinkage=0.03


Tree=491
num_leaves=11
num_cat=0
split_feature=0 24 28 24 0 24 24 14 0 11
split_gain=1.34271e+07 2.00003e+07 1.81737e+07 9.81696e+06 2.69609e+06 3.00371e+06 1.03186e+06 1.53143e+06 1.21581e+06 762804
threshold=4.1000000000000005 1306.6666666666667 -0.37370587188196386 11986.111111111113 487.30000000000007 3247.2222222222226 6586.1111111111122 163.50000000000003 1221.6500000000003 1.5000000000000002
decision_type=2 2 2 2 2 2 2 2 2 2
left_child=3 2 -2 -1 5 -3 7 -6 -8 -10
right_child=1 4 -4 -5 6 -7 8 -9 9 -11
leaf_value=18.90139591147328 -2.9215575755726206 -0.31465915836088842 -26.383865662578412 0.73123794772485229 -0.31225219209082561 10.015415366004049 -3.8916150527930395 -6.9473686107536912 3.3797961046394018 0.020817034092487863
leaf_weight=51 69 51 52 56 83 50 52 50 89 191
leaf_count=51 69 51 52 56 83 50 52 50 89 191
internal_value=-0.44957 -1.99028 -13.0449 9.4205 0.378631 4.81367 -0.587141 -2.81675 0.307754 1.091
internal_weight=794 687 121 107 566 101 465 133 332 280
internal_count=794 687 121 107 566 101 465 133 332 280
is_linear=0
shrinkage=0.03


Tree=492
num_leaves=9
num_cat=0
split_feature=0 27 6 26 0 9 4 21
split_gain=1.26382e+07 4.3003e+07 6.62775e+06 6.37058e+06 7.02065e+06 1.05096e+07 8.03176e+06 6.3466e+06
threshold=4.1000000000000005 0.88606241628642846 1.9500000000000002 10.550000000000002 2581.3000000000006 11.600000000000001 1010.6500000000002 0.92875467307073378
decision_type=2 2 2 2 2 2 2 2
left_child=1 -1 -2 4 5 6 -4 -6
right_child=2 -3 3 -5 7 -7 -8 -9
leaf_value=29.362836371662599 -11.430814476013184 -8.6609079187203459 -7.713584198272561 -10.837691445745817 10.547339055343279 9.6950750272061832 1.6654185221470941 -1.1614808638707887
leaf_weight=50 60 57 217 54 89 57 132 78
leaf_count=50 60 57 217 54 89 57 132 78
internal_value=-0.43617 9.13953 -1.93093 -1.01681 -0.0860767 -2.2158 -4.16782 5.08622
internal_weight=794 107 687 627 573 406 349 167
internal_count=794 107 687 627 573 406 349 167
is_linear=0
shrinkage=0.03


Tree=493
num_leaves=11
num_cat=0
split_feature=0 24 0 26 0 24 26 4 0 24
split_gain=1.18954e+07 1.88167e+07 1.78509e+07 1.42511e+07 2.61903e+06 2.80121e+06 1.30536e+06 1.17538e+06 800122 648345
threshold=4.1000000000000005 1306.6666666666667 1708.4500000000003 7.8500000000000005 487.30000000000007 3247.2222222222226 10.050000000000002 1010.1500000000002 1274.4000000000003 9376.3888888888905
decision_type=2 2 2 2 2 2 2 2 2 2
left_child=3 2 -2 -1 5 -3 7 8 -6 -9
right_child=1 4 -4 -5 6 -7 -8 9 -10 -11
leaf_value=19.872333453716973 -26.269870326078198 -0.1575026769805373 -2.8958417715364217 -1.9843238299459383 -4.6765847413581714 9.819106967141094 -4.2938375449418009 0.78975477520941995 -0.34983106605742398 4.7631611404267264
leaf_weight=53 50 51 71 54 51 50 70 140 154 50
leaf_count=53 50 51 71 54 51 50 70 140 154 50
internal_value=-0.422955 -1.87313 -12.5957 8.86708 0.424595 4.79578 -0.527305 0.142911 -1.43155 1.8413
internal_weight=794 687 121 107 566 101 465 395 205 190
internal_count=794 687 121 107 566 101 465 395 205 190
is_linear=0
shrinkage=0.03


Tree=494
num_leaves=11
num_cat=0
split_feature=0 27 24 28 0 24 24 27 0 11
split_gain=1.11962e+07 4.0573e+07 1.7711e+07 1.7127e+07 2.46514e+06 2.63664e+06 977487 1.73451e+06 1.07857e+06 748456
threshold=4.1000000000000005 0.88606241628642846 1306.6666666666667 -0.37370587188196386 487.30000000000007 3247.2222222222226 6586.1111111111122 0.43664718845046319 1221.6500000000003 3.5000000000000004
decision_type=2 2 2 2 2 2 2 2 2 2
left_child=1 -1 3 -2 5 -4 7 -6 -8 -10
right_child=2 -3 4 -5 6 -7 8 -9 9 -11
leaf_value=28.246556769611818 -2.3946224539620538 -8.6865210663960255 -0.15280513161107112 -25.16879025446525 -6.6228367991222772 9.5262905604986265 -3.5959589605532001 0.28856376859182453 2.3431495009263821 -0.82979825113296291
leaf_weight=50 69 57 51 52 57 50 52 76 170 110
leaf_count=50 69 57 51 52 57 50 52 76 170 110
internal_value=-0.410328 8.60256 -1.81724 -12.22 0.41195 4.65276 -0.511559 -2.68164 0.359389 1.09705
internal_weight=794 107 687 121 566 101 465 133 332 280
internal_count=794 107 687 121 566 101 465 133 332 280
is_linear=0
shrinkage=0.03


Tree=495
num_leaves=8
num_cat=0
split_feature=25 1 25 24 1 24 2
split_gain=1.12261e+07 1.65253e+07 1.49436e+07 4.73027e+06 4.42296e+06 8.78817e+06 2.15946e+06
threshold=24.437525000000004 1.0000000180025095e-35 27.397930000000002 14981.480555555558 0.65000000000000013 4563.6583333333338 1.4000000000000001
decision_type=2 2 2 2 2 2 2
left_child=1 -1 -2 4 -3 -6 -7
right_child=2 3 -4 -5 5 6 -8
leaf_value=13.428238178510757 -17.438351776516104 -8.1350349929776051 4.1256049581194967 8.3676962608423278 -8.6779508420171663 5.2974622348775888 0.45022973655845544
leaf_weight=93 68 68 50 53 85 120 265
leaf_count=93 68 68 50 53 85 120 265
internal_value=0.219642 1.69478 -8.31372 -0.157459 -1.00151 0.0350871 1.96403
internal_weight=802 684 118 591 538 470 385
internal_count=802 684 118 591 538 470 385
is_linear=0
shrinkage=0.03


Tree=496
num_leaves=11
num_cat=0
split_feature=14 5 5 21 1 20 5 20 0 0
split_gain=1.0057e+07 6.98603e+06 1.35315e+07 9.48579e+06 2.14546e+07 6.93737e+06 7.21631e+06 3.65008e+06 6.93163e+06 2.20826e+06
threshold=34.000000000000007 24.625000000000004 27.150000000000002 0.45059921962095878 0.14583333333333334 12.19805 13.950000000000001 6.5230000000000006 379.75000000000006 2198.2000000000003
decision_type=2 2 2 2 2 2 2 2 2 2
left_child=-1 3 -3 5 -5 6 -2 9 -9 -6
right_child=1 2 -4 4 7 -7 -8 8 -10 -11
leaf_value=10.726952888519575 7.3623134287657042 -17.776220355941746 2.9538531987603491 -19.56370376628303 -8.813711261104638 15.315048014322917 -6.5949712459525172 10.33745290247956 -0.61555709975743989 0.088422211638501808
leaf_weight=74 95 58 55 55 50 51 51 71 192 50
leaf_count=74 95 58 55 55 50 51 51 71 192 50
internal_value=0.213024 -0.859665 -7.70518 0.401257 -2.15651 5.82346 2.48324 0.494902 2.34971 -4.3756
internal_weight=802 728 113 615 418 197 146 363 263 100
internal_count=802 728 113 615 418 197 146 363 263 100
is_linear=0
shrinkage=0.03


Tree=497
num_leaves=8
num_cat=0
split_feature=5 1 5 24 1 24 0
split_gain=8.64951e+06 1.463e+07 1.27359e+07 4.47166e+06 4.15005e+06 8.12891e+06 1.77791e+07
threshold=24.625000000000004 1.0000000180025095e-35 27.150000000000002 14981.480555555558 0.65000000000000013 4563.6583333333338 1241.5500000000004
decision_type=2 2 2 2 2 2 2
left_child=1 -1 -2 4 -3 -6 -7
right_child=2 3 -4 -5 5 6 -8
leaf_value=12.447626163810332 -17.245677642875428 -7.9991305539199589 2.8657183168766514 8.0209950408792405 -8.4173790926839356 18.032750849167655 -0.77015151906928025
leaf_weight=94 58 68 55 53 86 52 336
leaf_count=94 58 68 55 53 86 52 336
internal_value=0.20656 1.46913 -7.4752 -0.270671 -1.08549 -0.0892028 1.76179
internal_weight=802 689 113 595 542 474 388
internal_count=802 689 113 595 542 474 388
is_linear=0
shrinkage=0.03


end of trees

feature_importances:
avg_weight_price_ratio=1203
trade_quantity=702
avg_weight_kg=512
day_of_year_sin=257
water_temp_ratio=240
day_of_year=179
pressure=172
day_of_year_cos=157
humidity=151
temp_range=145
water_temperature=118
max_temperature=112
wind_speed=109
temp_humidity=93
min_temperature=75
day_of_week=68
month_cos=67
avg_temperature=59
temp_pressure=48
month_sin=45
day_of_week_sin=44
rainfall=33
month=33
spring=21
day_of_week_cos=19
summer=2
is_weekend=1
winter=1
peak_season=1

parameters:
[boosting: gbdt]
[objective: regression]
[metric: l1]
[tree_learner: serial]
[device_type: cpu]
[data_sample_strategy: bagging]
[data: ]
[valid: ]
[num_iterations: 500]
[learning_rate: 0.03]
[num_leaves: 31]
[num_threads: 0]
[seed: 42]
[deterministic: 0]
[force_col_wise: 0]
[force_row_wise: 0]
[histogram_pool_size: -1]
[max_depth: 6]
[min_data_in_leaf: 50]
[min_sum_hessian_in_leaf: 0.001]
[bagging_fraction: 0.7]
[pos_bagging_fraction: 1]
[neg_bagging_fraction: 1]
[bagging_freq: 5]
[bagging_seed: 400]
[bagging_by_query: 0]
[feature_fraction: 0.7]
[feature_fraction_bynode: 1]
[feature_fraction_seed: 30056]
[extra_trees: 0]
[extra_seed: 12879]
[early_stopping_round: 0]
[early_stopping_min_delta: 0]
[first_metric_only: 0]
[max_delta_step: 0]
[lambda_l1: 0.3]
[lambda_l2: 0.3]
[linear_lambda: 0]
[min_gain_to_split: 0.1]
[drop_rate: 0.1]
[max_drop: 50]
[skip_drop: 0.5]
[xgboost_dart_mode: 0]
[uniform_drop: 0]
[drop_seed: 17869]
[top_rate: 0.2]
[other_rate: 0.1]
[min_data_per_group: 100]
[max_cat_threshold: 32]
[cat_l2: 10]
[cat_smooth: 10]
[max_cat_to_onehot: 4]
[top_k: 20]
[monotone_constraints: ]
[monotone_constraints_method: basic]
[monotone_penalty: 0]
[feature_contri: ]
[forcedsplits_filename: ]
[refit_decay_rate: 0.9]
[cegb_tradeoff: 1]
[cegb_penalty_split: 0]
[cegb_penalty_feature_lazy: ]
[cegb_penalty_feature_coupled: ]
[path_smooth: 0]
[interaction_constraints: ]
[verbosity: -1]
[saved_feature_importance_type: 0]
[use_quantized_grad: 0]
[num_grad_quant_bins: 4]
[quant_train_renew_leaf: 0]
[stochastic_rounding: 1]
[linear_tree: 0]
[max_bin: 255]
[max_bin_by_feature: ]
[min_data_in_bin: 3]
[bin_construct_sample_cnt: 200000]
[data_random_seed: 175]
[is_enable_sparse: 1]
[enable_bundle: 1]
[use_missing: 1]
[zero_as_missing: 0]
[feature_pre_filter: 1]
[pre_partition: 0]
[two_round: 0]
[header: 0]
[label_column: ]
[weight_column: ]
[group_column: ]
[ignore_column: ]
[categorical_feature: ]
[forcedbins_filename: ]
[precise_float_parser: 0]
[parser_config_file: ]
[objective_seed: 16083]
[num_class: 1]
[is_unbalance: 0]
[scale_pos_weight: 1]
[sigmoid: 1]
[boost_from_average: 1]
[reg_sqrt: 0]
[alpha: 0.9]
[fair_c: 1]
[poisson_max_delta_step: 0.7]
[tweedie_variance_power: 1.5]
[lambdarank_truncation_level: 30]
[lambdarank_norm: 1]
[label_gain: ]
[lambdarank_position_bias_regularization: 0]
[eval_at: ]
[multi_error_top_k: 1]
[auc_mu_weights: ]
[num_machines: 1]
[local_listen_port: 12400]
[time_out: 120]
[machine_list_filename: ]
[machines: ]
[gpu_platform_id: -1]
[gpu_device_id: -1]
[gpu_use_dp: 0]
[num_gpu: 1]

end of parameters

pandas_categorical:[]
