tree
version=v4
num_class=1
num_tree_per_iteration=1
label_index=0
max_feature_idx=30
objective=regression
feature_names=trade_quantity avg_weight_kg water_temperature humidity pressure avg_temperature wind_speed max_temperature min_temperature rainfall month day_of_week is_weekend quarter day_of_year spring summer fall winter peak_season temp_humidity water_temp_ratio month_sin month_cos avg_weight_price_ratio temp_pressure temp_range day_of_year_sin day_of_year_cos day_of_week_sin day_of_week_cos
feature_infos=[1:2969.8000000000002] [0:1.5] [-0.69999999999999996:28.199999999999999] [20:99.900000000000006] [984:1034.7] [-7.9000000000000004:31.5] [0.90000000000000002:11.699999999999999] [-5.2999999999999998:36.700000000000003] [-11.300000000000001:27.600000000000001] [0:207.80000000000001] [1:12] [0:5] [0:1] [1:4] [2:364] [0:1] [0:1] [0:1] [0:1] [0:1] [-6.3121:25.311400000000003] [-52.313333333333325:31.500000000000007] [-1:1] [-1:1] [0:23437.5] [-8.1243600000000011:31.666949999999996] [1.2000000000000028:16.699999999999999] [-0.99999073973619013:0.99991665865473789] [-0.99996295911626554:0.99985183920911624] [-0.97492791218182362:0.97492791218182362] [-0.90096886790241903:1]
tree_sizes=969 985 898 981 809 899 900 906 897 900 905 903 903 898 902 987 992 988 987 988 902 885 820 817 813 905 993 895 824 901 905 820 911 987 989 899 822 900 901 899 820 903 904 826 900 985 902 985 985 981 818 900 978 890 1069 989 990 987 737 992 904 904 822 907 825 985 985 986 900 899 989 908 991 899 994 905 738 902 988 981 898 905 901 899 980 991 972 980 986 1073 904 989 990 990 999 980 978 984 982 982 905 985 898 824 905 902 901 830 986 993 823 817 898 1072 1067 818 894 979 897 900 902 741 737 821 904 895 898 826 903 888 734 738 737 815 743 977 980 980 822 901 986 1066 1068 1064 979 984 897 815 827 890 880 994 901 987 987 905 740 814 982 900 979 899 903 902 821 903 899 893 821 819 895 821 1059 822 967 906 900 986 819 828 894 735 803 810 891 971 991 899 981 984 901 977 987 883 1069 992 990 906 818 906 900 901 900 801 985 899 972 899 993 901 802 749 820 906 743 821 901 823 907 823 970 980 896 896 895 982 972 988 824 900 990 826 815 823 892 816 903 827 898 818 904 913 905 907 905 911 885 907 889 884 830 821 896 900 828 904 738 905 740 740 816 917 979 984 982 905 822 812 980 905 747 898 821 897 894 886 739 811 987 884 896 899 901 901

Tree=0
num_leaves=10
num_cat=0
split_feature=24 24 1 24 10 24 24 24 24
split_gain=9.32098e+09 1.27986e+09 1.07706e+09 3.02861e+09 1.30534e+09 3.02261e+08 2.55839e+08 1.74961e+08 4.2308e+07
threshold=7935.186111111112 10625.000000000002 0.11250000000000002 4825.9250000000002 5.5000000000000009 6375.186111111112 2711.1111111111118 9189.8138888888916 7162.0361111111115
decision_type=2 2 2 2 2 2 2 2 2
left_child=2 7 4 6 -1 -5 -4 -2 -7
right_child=1 -3 3 5 -6 8 -8 -9 -10
leaf_value=12814.920547298445 12996.87044689926 13187.242913707792 12636.149043941561 12841.642390838953 13029.99399183206 12899.558995560898 12731.575542944573 13070.307873337561 12938.280130217141
leaf_weight=50 66 77 53 82 51 50 55 54 51
leaf_count=50 66 77 53 82 51 50 55 54 51
internal_value=12923.7 13091.9 12839.1 12809.8 12923.5 12884.3 12684.1 13030.2 12919.1
internal_weight=589 197 392 291 101 183 108 120 101
internal_count=589 197 392 291 101 183 108 120 101
is_linear=0
shrinkage=1


Tree=1
num_leaves=10
num_cat=0
split_feature=24 24 1 24 10 24 24 24 24
split_gain=8.77297e+09 1.19332e+09 1.00516e+09 2.86899e+09 1.22864e+09 2.91302e+08 2.40809e+08 1.80466e+08 6.70407e+07
threshold=8033.3333333333339 10736.111111111113 0.11250000000000002 4825.9250000000002 5.5000000000000009 6675.9250000000011 2711.1111111111118 9189.8138888888916 6009.2583333333341
decision_type=2 2 2 2 2 2 2 2 2
left_child=2 7 4 6 -1 8 -4 -2 -5
right_child=1 -3 3 5 -6 -7 -8 -9 -10
leaf_value=-103.58819338789044 73.404787197609593 261.71994044700716 -277.02567606340875 -92.504608490963591 105.07115327667772 7.2081633276363384 -184.44468124858724 146.8022800389285 -43.899190473946916
leaf_weight=50 65 73 53 53 51 80 55 58 51
leaf_count=50 65 73 53 53 51 80 55 58 51
internal_value=1.94581 165.746 -79.8101 -108.002 1.77349 -35.8313 -230.52 108.288 -68.8642
internal_weight=589 196 393 292 101 184 108 123 104
internal_count=589 196 393 292 101 184 108 123 104
is_linear=0
shrinkage=0.03


Tree=2
num_leaves=9
num_cat=0
split_feature=24 24 1 24 10 24 24 24
split_gain=8.25718e+09 1.13553e+09 9.54208e+08 2.68755e+09 1.15645e+09 3.45625e+08 1.96721e+08 5.55464e+07
threshold=7935.186111111112 10916.666666666668 0.11250000000000002 4407.4083333333338 5.5000000000000009 6229.166666666667 9189.8138888888916 7018.5194444444451
decision_type=2 2 2 2 2 2 2 2
left_child=2 6 4 -4 -1 -5 -2 -7
right_child=1 -3 3 5 -6 7 -8 -9
leaf_value=-100.49907884116202 70.770300259827494 259.27158852260249 -233.96567276424395 -87.357807070615081 101.93745489466261 -29.799859963752638 145.43116035063687 12.588119645463138
leaf_weight=50 66 68 97 82 51 50 63 62
leaf_count=50 66 68 97 82 51 50 63 62
internal_value=1.8858 160.193 -77.7334 -105.284 1.72042 -40.6806 107.485 -6.36406
internal_weight=589 197 392 291 101 194 129 112
internal_count=589 197 392 291 101 194 129 112
is_linear=0
shrinkage=0.03


Tree=3
num_leaves=10
num_cat=0
split_feature=24 24 1 24 10 24 24 24 24
split_gain=7.7714e+09 1.0598e+09 8.90403e+08 2.54707e+09 1.0885e+09 2.58111e+08 2.22914e+08 1.41783e+08 6.01818e+07
threshold=8033.3333333333339 10625.000000000002 0.11250000000000002 4825.9250000000002 5.5000000000000009 6675.9250000000011 2711.1111111111118 9189.8138888888916 6009.2583333333341
decision_type=2 2 2 2 2 2 2 2 2
left_child=2 7 4 6 -1 8 -4 -2 -5
right_child=1 -3 3 5 -6 -7 -8 -9 -10
leaf_value=-97.502090161666715 69.099402289164203 242.62146667559426 -261.7822008933806 -87.139108721820776 98.897213505973596 6.8639708462687841 -172.83533507748928 135.46268738130181 -41.095276549936038
leaf_weight=50 65 77 53 53 51 80 55 54 51
leaf_count=50 65 77 53 53 51 80 55 54 51
internal_value=1.83134 155.998 -75.1163 -101.65 1.66893 -33.6491 -217.09 99.4788 -64.7432
internal_weight=589 196 393 292 101 184 108 119 104
internal_count=589 196 393 292 101 184 108 119 104
is_linear=0
shrinkage=0.03


Tree=4
num_leaves=8
num_cat=0
split_feature=14 0 0 0 7 0 2
split_gain=1.49061e+09 8.17868e+08 3.52108e+08 2.17357e+08 1.50295e+08 1.29303e+08 1.49434e+08
threshold=150.50000000000003 17.250000000000004 34.750000000000007 200.55000000000004 15.750000000000002 46.050000000000004 13.250000000000002
decision_type=2 2 2 2 2 2 2
left_child=2 -2 -1 5 -4 -3 -7
right_child=1 3 4 -5 -6 6 -8
leaf_value=-6.0916386689654152 -67.016315618146919 40.7857685143086 -106.40501129150391 25.455669787980352 -48.157924601642257 138.15505787176357 72.835466150965175
leaf_weight=92 51 52 87 93 75 50 89
leaf_count=92 51 52 87 93 75 50 89
internal_value=1.77475 43.3152 -52.9993 63.1781 -79.5777 81.4768 96.5787
internal_weight=589 335 254 284 162 191 139
internal_count=589 335 254 284 162 191 139
is_linear=0
shrinkage=0.03


Tree=5
num_leaves=9
num_cat=0
split_feature=24 24 1 14 24 24 24 24
split_gain=6.91449e+09 8.2745e+08 1.89439e+09 9.70036e+08 7.95963e+08 7.21477e+08 1.03536e+08 9.16947e+07
threshold=8118.0555555555566 5944.4444444444453 0.11250000000000002 146.50000000000003 10430.555555555557 3763.8888888888891 9189.8138888888916 7074.0750000000007
decision_type=2 2 2 2 2 2 2 2
left_child=1 2 3 -1 6 -4 -2 -3
right_child=4 7 5 -5 -6 -7 -8 -9
leaf_value=-90.25050933322585 68.762856576742209 -31.347972647011815 -231.28092870719587 93.423424643332638 217.93699115712923 -100.82098628172868 127.6833719654728 17.791168131307131
leaf_weight=53 61 77 78 50 85 76 50 61
leaf_count=53 61 77 78 50 85 76 50 61
internal_value=3.35189 -68.9241 -100.712 -1.07594 148.893 -167.219 95.5763 -9.63551
internal_weight=591 395 257 103 196 154 111 138
internal_count=591 395 257 103 196 154 111 138
is_linear=0
shrinkage=0.03


Tree=6
num_leaves=9
num_cat=0
split_feature=10 0 0 0 27 30 8 28
split_gain=1.45125e+09 4.51488e+08 3.87041e+08 2.79739e+08 1.52198e+08 9.7165e+07 8.81947e+07 8.19038e+07
threshold=5.5000000000000009 20.800000000000004 34.750000000000007 233.20000000000002 -0.13727368718622751 -0.56174490092936669 13.250000000000002 0.20088311396693925
decision_type=2 2 2 2 2 2 2 2
left_child=2 -2 -1 4 6 -4 -3 -7
right_child=1 3 5 -5 -6 7 -8 -9
leaf_value=-2.8446557348613797 -38.638715648006489 61.221994823649055 -45.877617550001617 10.011643216230583 35.453822849070839 -67.654206519768252 110.00850520448597 -121.2542141122111
leaf_weight=96 50 53 54 77 58 51 97 55
leaf_count=96 50 53 54 77 58 51 97 55
internal_value=3.25242 44.3314 -50.4922 58.9129 76.9752 -79.0218 92.9273 -95.7293
internal_weight=591 335 256 285 208 160 150 106
internal_count=591 335 256 285 208 160 150 106
is_linear=0
shrinkage=0.03


Tree=7
num_leaves=9
num_cat=0
split_feature=24 24 24 14 24 24 24 24
split_gain=6.41843e+09 7.69612e+08 1.76923e+09 8.85441e+08 7.44245e+08 6.72901e+08 8.53194e+07 8.45008e+07
threshold=8118.0555555555566 5944.4444444444453 1.0000000180025095e-35 146.50000000000003 10291.666666666668 3763.8888888888891 9101.8527777777799 7120.3694444444454
decision_type=2 2 2 2 2 2 2 2
left_child=1 2 3 -1 6 -4 -2 -3
right_child=4 7 5 -5 -6 -7 -8 -9
leaf_value=-86.048343565692164 63.996381375777155 -29.842013685438367 -223.2777977206058 89.434026148892784 207.43445938571702 -97.287014065763742 118.37043008550262 17.415098079852203
leaf_weight=53 57 78 78 50 89 76 50 60
leaf_count=53 57 78 78 50 89 76 50 60
internal_value=3.15394 -66.4812 -97.1376 -0.850302 143.377 -161.411 89.6648 -9.30217
internal_weight=591 395 257 103 196 154 107 138
internal_count=591 395 257 103 196 154 107 138
is_linear=0
shrinkage=0.03


Tree=8
num_leaves=9
num_cat=0
split_feature=24 24 1 14 24 24 24 24
split_gain=6.04132e+09 7.70055e+08 1.66507e+09 8.33411e+08 6.75356e+08 6.3328e+08 1.44139e+08 8.9379e+07
threshold=8196.758333333335 5944.4444444444453 0.11250000000000002 146.50000000000003 11083.333333333334 3763.8888888888891 9189.8138888888916 7162.0361111111115
decision_type=2 2 2 2 2 2 2 2
left_child=1 2 3 -1 6 -4 -2 -3
right_child=4 7 5 -5 -6 -7 -8 -9
leaf_value=-83.48142193649322 66.168441771376834 -27.797640417569465 -216.60512949742576 86.767004344780929 225.037626953125 -94.379878752022236 130.40143198689617 20.057629793674288
leaf_weight=53 56 82 78 50 60 76 75 61
leaf_count=53 56 82 78 50 60 76 75 61
internal_value=3.06024 -63.2145 -94.2346 -0.824496 141.737 -156.587 103.157 -7.38454
internal_weight=591 400 257 103 191 154 131 143
internal_count=591 400 257 103 191 154 131 143
is_linear=0
shrinkage=0.03


Tree=9
num_leaves=9
num_cat=0
split_feature=24 24 1 24 20 24 24 24
split_gain=5.68725e+09 8.32425e+08 7.10947e+08 1.72883e+09 7.47429e+08 2.19985e+08 1.2104e+08 5.37426e+07
threshold=7736.1111111111122 10291.666666666668 0.11250000000000002 4319.4444444444453 12.157150000000003 5736.1111111111122 8800.9250000000011 6811.1111111111122
decision_type=2 2 2 2 2 2 2 2
left_child=2 6 4 -4 -1 -5 -2 -7
right_child=1 -3 3 5 -6 7 -8 -9
leaf_value=-83.745253585603081 42.350452477572013 195.42586888910273 -202.41996301946929 -91.369802866561642 77.482023857073756 -35.70498349132766 101.47714227826764 3.4949477080877314
leaf_weight=50 56 89 88 54 53 75 72 54
leaf_count=50 56 89 88 54 53 75 72 54
internal_value=2.97005 125.047 -67.904 -93.3796 -0.799471 -40.6993 75.7688 -19.3256
internal_weight=591 217 374 271 103 183 128 129
internal_count=591 217 374 271 103 183 128 129
is_linear=0
shrinkage=0.03


Tree=10
num_leaves=9
num_cat=0
split_feature=14 1 2 2 22 6 29 11
split_gain=8.72449e+08 3.79094e+08 1.8907e+08 1.50079e+08 1.40263e+08 1.12106e+08 7.28866e+07 4.20227e+07
threshold=159.50000000000003 0.65000000000000013 6.6000000000000005 22.550000000000004 0.68301270189221941 3.8500000000000001 1.0000000180025095e-35 3.5000000000000004
decision_type=2 2 2 2 2 2 2 2
left_child=2 -2 6 5 -4 7 -1 -3
right_child=1 3 4 -5 -6 -7 -8 -9
leaf_value=-91.040778830469506 -30.672076006998452 38.264571417038304 -50.459307218870968 95.489197310062892 8.3576830153799602 -0.53809163679156391 -45.033966875844655 72.497488276211456
leaf_weight=63 67 86 66 51 81 51 63 53
leaf_count=63 67 86 66 51 81 51 63 53
internal_value=-2.24737 32.3487 -41.2715 49.8854 -18.0989 37.5131 -68.1991 51.4455
internal_weight=581 308 273 241 147 190 126 139
internal_count=581 308 273 241 147 190 126 139
is_linear=0
shrinkage=0.03


Tree=11
num_leaves=9
num_cat=0
split_feature=24 24 24 1 20 24 24 24
split_gain=5.64088e+09 8.12747e+08 5.92511e+08 1.3934e+09 5.91302e+08 4.06849e+08 1.14624e+08 5.99032e+07
threshold=7587.9638888888894 10430.555555555557 5583.3333333333348 0.11250000000000002 12.738000000000003 3601.8527777777781 8736.1111111111131 6898.1472222222228
decision_type=2 2 2 2 2 2 2 2
left_child=2 6 3 4 -1 -5 -2 -4
right_child=1 -3 7 5 -6 -7 -8 -9
leaf_value=-88.038110332147738 38.976340232090642 195.24965317792183 -38.081224014457611 -213.21747857952525 57.435930234935604 -109.68953891242221 97.129540753711694 3.2026122164055284
leaf_weight=50 51 82 78 70 50 69 78 53
leaf_count=50 51 82 78 70 50 69 78 53
internal_value=-2.17999 121.504 -72.7546 -100.836 -15.3468 -162.173 74.2826 -21.4094
internal_weight=581 211 370 239 100 139 129 131
internal_count=581 211 370 239 100 139 129 131
is_linear=0
shrinkage=0.03


Tree=12
num_leaves=9
num_cat=0
split_feature=24 24 24 24 14 24 24 24
split_gain=5.30889e+09 7.1392e+08 6.19626e+08 1.31138e+09 5.57797e+08 3.83372e+08 1.40704e+08 7.02412e+07
threshold=7736.1111111111122 11083.333333333334 5583.3333333333348 1.0000000180025095e-35 145.00000000000003 3535.7142857142862 9189.8138888888916 6898.1472222222228
decision_type=2 2 2 2 2 2 2 2
left_child=2 6 3 4 -1 -5 -2 -4
right_child=1 -3 7 5 -6 -7 -8 -9
leaf_value=-85.491027679140018 53.89656564039808 205.26872028658175 -36.943164338444383 -208.3283680539669 55.801438264789923 -107.8125110633711 114.4361429856218 5.9695161762828741
leaf_weight=50 72 63 78 68 50 71 68 61
leaf_count=50 72 63 78 68 50 71 68 61
internal_value=-2.11548 121.526 -68.5593 -97.8239 -14.8891 -157.329 83.4834 -18.1386
internal_weight=581 203 378 239 100 139 140 139
internal_count=581 203 378 239 100 139 140 139
is_linear=0
shrinkage=0.03


Tree=13
num_leaves=9
num_cat=0
split_feature=10 0 0 1 0 9 25 11
split_gain=6.83154e+08 5.97775e+08 2.51883e+08 2.46742e+08 1.56848e+08 1.51533e+08 1.15325e+08 5.16597e+07
threshold=5.5000000000000009 19.350000000000005 12.450000000000001 0.65000000000000013 109.55000000000001 2.2500000000000004 22.804530000000003 2.5000000000000004
decision_type=2 2 2 2 2 2 2 2
left_child=2 -2 -1 -4 -5 6 7 -3
right_child=1 5 3 4 -6 -7 -8 -9
leaf_value=21.347888874700892 -67.948321974888941 -0.87860788350271835 -107.96367432989469 -4.300918853873779 -64.853015227029005 82.619531715913325 63.116704455106195 36.737412211632851
leaf_weight=51 50 77 54 80 74 70 68 57
leaf_count=51 50 77 54 80 74 70 68 57
internal_value=-2.05206 27.1125 -38.3002 -52.9351 -33.467 44.6426 31.3792 15.1685
internal_weight=581 322 259 208 154 272 202 134
internal_count=581 322 259 208 154 272 202 134
is_linear=0
shrinkage=0.03


Tree=14
num_leaves=9
num_cat=0
split_feature=24 24 24 1 20 24 24 24
split_gain=4.93193e+09 7.19209e+08 5.12531e+08 1.23858e+09 5.09808e+08 3.56357e+08 1.01216e+08 5.30261e+07
threshold=7587.9638888888894 10430.555555555557 5583.3333333333348 0.11250000000000002 12.738000000000003 3601.8527777777781 8736.1111111111131 6898.1472222222228
decision_type=2 2 2 2 2 2 2 2
left_child=2 6 3 4 -1 -5 -2 -4
right_child=1 -3 7 5 -6 -7 -8 -9
leaf_value=-81.000752654483264 36.069318547834428 183.03054316691032 -35.912508039803342 -199.70145406405584 54.076237541847156 -102.80836178469968 90.708630530112558 2.9297297299869962
leaf_weight=50 51 82 78 70 50 69 78 53
leaf_count=50 51 82 78 70 50 69 78 53
internal_value=-1.99115 113.66 -67.982 -94.0992 -13.5024 -151.929 69.2409 -20.2269
internal_weight=581 211 370 239 100 139 129 131
internal_count=581 211 370 239 100 139 129 131
is_linear=0
shrinkage=0.03


Tree=15
num_leaves=10
num_cat=0
split_feature=24 24 1 24 24 20 24 24 24
split_gain=4.13059e+09 6.35638e+08 9.44476e+08 6.19465e+08 5.08649e+08 4.88815e+08 7.98467e+07 4.37347e+07 4.00547e+07
threshold=8351.8527777777799 6450.0000000000009 0.15476190476190474 4138.8888888888896 11180.555555555557 13.343400000000001 9729.1666666666697 7509.2583333333341 5437.5000000000009
decision_type=2 2 2 2 2 2 2 2 2
left_child=1 2 5 -4 6 -1 -2 -3 -5
right_child=4 7 3 8 -6 -7 -8 -9 -10
leaf_value=-65.803711804841697 68.218812141827385 -9.3503350290322214 -174.24716715590196 -83.928531429893098 204.79038702713817 65.80893561088304 118.81346860809035 26.281628596690474 -46.149542034786144
leaf_weight=51 65 72 85 51 51 50 52 54 53
leaf_count=51 65 72 85 51 51 50 52 54 53
internal_value=0.395867 -50.3077 -74.7301 -114.256 125.813 -0.64691 90.9518 5.94659 -64.864
internal_weight=584 416 290 189 168 101 117 126 104
internal_count=584 416 290 189 168 101 117 126 104
is_linear=0
shrinkage=0.03


Tree=16
num_leaves=10
num_cat=0
split_feature=24 24 24 24 24 20 24 24 24
split_gain=3.88771e+09 5.98234e+08 8.88891e+08 5.82933e+08 4.78775e+08 4.60094e+08 7.51619e+07 4.11631e+07 3.77017e+07
threshold=8351.8527777777799 6450.0000000000009 1.0000000180025095e-35 4138.8888888888896 11180.555555555557 13.343400000000001 9729.1666666666697 7509.2583333333341 5437.5000000000009
decision_type=2 2 2 2 2 2 2 2 2
left_child=1 2 5 -4 6 -1 -2 -3 -5
right_child=4 7 3 8 -6 -7 -8 -9 -10
leaf_value=-63.841145272952076 66.181650013010866 -9.0709889015023641 -169.03813755191925 -81.425400362070562 198.68260222496346 63.846443085566193 115.26951064509143 25.497535901148673 -44.772848143157098
leaf_weight=51 65 72 85 51 51 50 52 54 53
leaf_count=51 65 72 85 51 51 50 52 54 53
internal_value=0.385599 -48.8047 -72.4976 -110.843 122.06 -0.627499 88.2376 5.7694 -62.9293
internal_weight=584 416 290 189 168 101 117 126 104
internal_count=584 416 290 189 168 101 117 126 104
is_linear=0
shrinkage=0.03


Tree=17
num_leaves=10
num_cat=0
split_feature=24 24 1 24 24 21 24 24 24
split_gain=3.65911e+09 5.63032e+08 8.36577e+08 5.48555e+08 4.50656e+08 4.19765e+08 7.07519e+07 3.87427e+07 3.5487e+07
threshold=8351.8527777777799 6450.0000000000009 0.15476190476190474 4138.8888888888896 11180.555555555557 0.66842193587054255 9729.1666666666697 7509.2583333333341 5437.5000000000009
decision_type=2 2 2 2 2 2 2 2 2
left_child=1 2 5 -4 6 -1 -2 -3 -5
right_child=4 7 3 8 -6 -7 -8 -9 -10
leaf_value=59.774398055941042 64.20532191418215 -8.7999884757560309 -163.98482747157323 -78.996923142817991 192.75698116547881 -62.188747013463647 111.83126104467915 24.73683604203535 -43.437222867182001
leaf_weight=51 65 72 85 51 51 50 52 54 53
leaf_count=51 65 72 85 51 51 50 52 54 53
internal_value=0.375592 -47.3465 -70.3319 -107.531 118.419 -0.608671 85.6044 5.59748 -61.0523
internal_weight=584 416 290 189 168 101 117 126 104
internal_count=584 416 290 189 168 101 117 126 104
is_linear=0
shrinkage=0.03


Tree=18
num_leaves=10
num_cat=0
split_feature=24 24 1 24 24 20 24 24 24
split_gain=3.44395e+09 5.29902e+08 7.87339e+08 5.23227e+08 4.24304e+08 4.21304e+08 1.27071e+08 6.43623e+07 3.64647e+07
threshold=8351.8527777777799 6450.0000000000009 0.15476190476190474 3111.1111111111118 11143.519444444446 13.343400000000001 4950.0000000000009 9729.1666666666697 7509.2583333333341
decision_type=2 2 2 2 2 2 2 2 2
left_child=1 2 5 -4 7 -1 -5 -2 -3
right_child=4 8 3 6 -6 -7 -8 -9 -10
leaf_value=-61.080886726602479 62.288011371793658 -8.5370843468662123 -184.12444665733466 -105.01264860915515 186.01691799302404 61.105576381645434 -46.433624092497197 107.97560067160089 23.9988309423963
leaf_weight=51 65 72 53 61 52 50 75 51 54
leaf_count=51 65 72 53 61 52 50 75 51 54
internal_value=0.365801 -45.932 -68.2309 -104.319 114.886 -0.590622 -72.8814 82.6016 5.43069
internal_weight=584 416 290 189 168 101 136 116 126
internal_count=584 416 290 189 168 101 136 116 126
is_linear=0
shrinkage=0.03


Tree=19
num_leaves=10
num_cat=0
split_feature=24 24 1 24 20 24 24 24 24
split_gain=3.24183e+09 4.46568e+08 8.78485e+08 4.41922e+08 3.96549e+08 3.73767e+08 7.82042e+07 6.91179e+07 5.77369e+07
threshold=8196.758333333335 5944.4444444444453 0.15476190476190474 11143.519444444446 13.343400000000001 3111.1111111111118 9527.7777777777792 4868.5194444444451 6811.1111111111122
decision_type=2 2 2 2 2 2 2 2 2
left_child=1 2 4 6 -1 -4 -2 -7 -3
right_child=3 8 5 -5 -6 7 -8 -9 -10
leaf_value=-59.259176940917968 52.271273204930019 -29.06696741444085 -178.63180257314144 180.46842246877986 59.283342314354229 -103.53732765717034 100.00952544153586 -54.594068558618986 10.15108766949448
leaf_weight=51 63 53 53 52 50 57 63 50 92
leaf_count=51 63 53 53 52 50 57 63 50 92
internal_value=0.355384 -46.4441 -69.8734 106.999 -0.572899 -113.536 76.3213 -80.8833 -4.21414
internal_weight=584 406 261 178 101 160 126 107 145
internal_count=584 406 261 178 101 160 126 107 145
is_linear=0
shrinkage=0.03


Tree=20
num_leaves=9
num_cat=0
split_feature=10 2 21 21 3 21 27 21
split_gain=4.47702e+08 1.38423e+08 8.42716e+07 1.3278e+08 6.44848e+07 1.25983e+08 9.44041e+07 6.38578e+07
threshold=5.5000000000000009 22.050000000000004 0.7018276515151517 0.92658507373306409 66.700000000000003 0.80993908153701988 -0.71461382420154484 0.6130562294956895
decision_type=2 2 2 2 2 2 2 2
left_child=2 4 -1 -4 5 -2 -6 -8
right_child=1 -3 3 -5 6 -7 7 -9
leaf_value=-6.1096539870416029 -26.064884636867568 62.209396182684387 -71.691172665164672 -16.743437972625006 59.845714607489263 35.253570758675487 32.783079467421103 -13.743496580029104
leaf_weight=97 75 68 72 88 53 50 56 50
leaf_count=97 75 68 72 88 53 50 56 50
internal_value=1.8832 23.8537 -28.2013 -41.5579 14.6139 -1.51175 27.2703 10.8596
internal_weight=609 352 257 160 284 125 159 106
internal_count=609 352 257 160 284 125 159 106
is_linear=0
shrinkage=0.03


Tree=21
num_leaves=9
num_cat=0
split_feature=14 0 0 30 3 14 0 27
split_gain=4.35407e+08 3.09845e+08 2.34974e+08 9.68222e+07 8.10147e+07 6.37719e+07 6.25451e+07 3.55908e+07
threshold=148.50000000000003 16.100000000000005 17.250000000000004 -0.56174490092936669 76.950000000000017 66.000000000000014 127.45 -0.5416228050394748
decision_type=2 2 2 2 2 2 2 2
left_child=1 -1 -2 -3 7 -5 -6 -4
right_child=2 3 4 5 6 -7 -8 -9
leaf_value=38.350150648234617 -34.382770211235595 -12.850829134509338 34.090569326573075 -81.889751940675055 78.027421518069275 -40.919790844274175 33.1202682437264 8.0364020010896056
leaf_weight=50 54 60 96 60 51 82 63 93
leaf_count=50 54 60 96 60 51 82 63 93
internal_value=1.82752 -28.3454 23.132 -44.8867 33.4061 -58.3673 53.3625 21.3034
internal_weight=609 252 357 202 303 142 114 189
internal_count=609 252 357 202 303 142 114 189
is_linear=0
shrinkage=0.03


Tree=22
num_leaves=8
num_cat=0
split_feature=24 24 24 24 24 24 24
split_gain=3.4606e+09 5.43116e+08 5.34424e+08 9.3523e+08 1.75605e+08 1.22067e+08 1.54255e+07
threshold=7587.9638888888894 11216.66666666667 1.0000000180025095e-35 4319.4444444444453 9168.9805555555577 6101.852777777779 10087.963888888889
decision_type=2 2 2 2 2 2 2
left_child=2 4 -1 -4 -2 -5 -6
right_child=1 -3 3 5 6 -7 -8
leaf_value=4.9485375843877373 36.652237510640695 177.14206723040664 -150.78494778360232 -63.242513026623641 80.817079194753362 -12.301019109329514 106.44840039839092
leaf_weight=94 94 50 100 77 50 94 50
leaf_count=94 94 50 100 77 50 94 50
internal_value=1.77302 89.1774 -56.6814 -78.0405 66.2675 -35.3102 93.9129
internal_weight=609 244 365 271 194 171 100
internal_count=609 244 365 271 194 171 100
is_linear=0
shrinkage=0.03


Tree=23
num_leaves=8
num_cat=0
split_feature=24 24 24 24 24 24 24
split_gain=3.25701e+09 5.12375e+08 5.0294e+08 8.83174e+08 1.40349e+08 1.37579e+08 5.63218e+07
threshold=7587.9638888888894 9958.3333333333339 1.0000000180025095e-35 3959.7222222222226 11216.66666666667 6101.852777777779 8655.5555555555566
decision_type=2 2 2 2 2 2 2
left_child=2 6 -1 -4 -3 -5 -2
right_child=1 4 3 5 -6 -7 -8
leaf_value=4.8005536838503176 26.437871558870164 102.55403320312502 -151.72773368242144 -64.4402018658228 171.85950212300415 -11.933162578327909 65.541092135129588
leaf_weight=94 64 60 91 86 50 94 70
leaf_count=94 64 60 91 86 50 94 70
internal_value=1.72248 86.5168 -54.9864 -75.7068 134.438 -37.0854 46.9658
internal_weight=609 244 365 271 110 180 134
internal_count=609 244 365 271 110 180 134
is_linear=0
shrinkage=0.03


Tree=24
num_leaves=8
num_cat=0
split_feature=24 24 1 24 24 24 24
split_gain=3.06536e+09 4.82278e+08 4.73313e+08 8.31145e+08 1.32116e+08 1.29477e+08 5.30954e+07
threshold=7587.9638888888894 9958.3333333333339 0.11250000000000002 3959.7222222222226 11216.66666666667 6101.852777777779 8689.8138888888898
decision_type=2 2 2 2 2 2 2
left_child=2 6 -1 -4 -3 -5 -2
right_child=1 4 3 5 -6 -7 -8
leaf_value=4.6569953653086786 26.497055517596262 99.492718924906725 -147.19085804599791 -62.513716013390116 166.73446625423242 -11.5763067210694 64.425632592664613
leaf_weight=94 67 60 91 86 50 94 67
leaf_count=94 67 60 91 86 50 94 67
internal_value=1.67292 83.9348 -53.3423 -73.4431 130.428 -35.9766 45.563
internal_weight=609 244 365 271 110 180 134
internal_count=609 244 365 271 110 180 134
is_linear=0
shrinkage=0.03


Tree=25
num_leaves=9
num_cat=0
split_feature=24 24 24 1 20 24 24 24
split_gain=2.83483e+09 3.85144e+08 2.64269e+08 7.02733e+08 2.65756e+08 2.10167e+08 1.22619e+08 3.17503e+07
threshold=7587.9638888888894 11472.222222222224 5509.2583333333341 0.11250000000000002 12.012000000000002 3111.1111111111118 9101.8527777777799 6675.9250000000011
decision_type=2 2 2 2 2 2 2 2
left_child=2 6 3 4 -1 -5 -2 -4
right_child=1 -3 7 5 -6 -7 -8 -9
leaf_value=-57.710338183302525 34.784430911607473 158.43900819205859 -29.220757829754021 -155.67279692844372 39.814498807630294 -80.402779784220854 86.528309102441725 0.20803823752259276
leaf_weight=50 75 50 80 60 50 78 93 56
leaf_count=50 75 50 80 60 50 78 93 56
internal_value=-0.431577 85.4872 -50.541 -69.5878 -8.97459 -113.396 63.5316 -17.1292
internal_weight=592 218 374 238 100 138 168 136
internal_count=592 218 374 238 100 138 168 136
is_linear=0
shrinkage=0.03


Tree=26
num_leaves=10
num_cat=0
split_feature=24 24 24 24 20 24 24 24 24
split_gain=2.66803e+09 3.63702e+08 2.50015e+08 7.25029e+08 2.50142e+08 1.46628e+08 1.03575e+08 3.60952e+07 3.38725e+07
threshold=7587.9638888888894 9958.3333333333339 5204.166666666667 1.0000000180025095e-35 12.012000000000002 3111.1111111111118 11472.222222222224 6675.9250000000011 8689.8138888888898
decision_type=2 2 2 2 2 2 2 2 2
left_child=2 8 3 4 -1 -5 -3 -4 -2
right_child=1 6 7 5 -6 -7 -8 -9 -10
leaf_value=-55.989354734174299 26.891710930081363 93.814962263187709 -30.264747262445677 -151.02584844333023 38.627186687916932 -85.145349009164818 153.71418612834711 0.20183042549959931 60.564624977042833
leaf_weight=50 54 59 93 60 50 65 50 56 55
leaf_count=50 54 59 93 60 50 65 50 56 55
internal_value=-0.418679 82.9341 -49.0316 -68.9755 -8.70696 -117.054 121.638 -18.8368 44.0023
internal_weight=592 218 374 225 100 125 109 149 109
internal_count=592 218 374 225 100 125 109 149 109
is_linear=0
shrinkage=0.03


Tree=27
num_leaves=9
num_cat=0
split_feature=24 24 24 1 24 4 24 24
split_gain=2.51144e+09 3.28813e+08 2.51645e+08 6.02561e+08 2.0309e+08 1.60251e+08 1.00509e+08 2.97559e+07
threshold=7736.1111111111122 11472.222222222224 5641.2027777777785 0.11250000000000002 3111.1111111111118 1005.2500000000001 9189.8138888888916 6811.1111111111122
decision_type=2 2 2 2 2 2 2 2
left_child=2 6 3 5 -5 -1 -2 -4
right_child=1 -3 7 4 -6 -7 -8 -9
leaf_value=29.444202814348646 34.736112835768303 149.13026397765748 -26.064420566047286 -146.51761361648789 -73.587278754610978 -46.288611481744297 82.31238893629309 2.275021248060066
leaf_weight=50 73 50 78 60 83 50 90 58
leaf_count=50 73 50 78 60 83 50 90 58
internal_value=-0.405336 81.9514 -46.7185 -64.9902 -104.43 -8.44731 61.1082 -14
internal_weight=592 213 379 243 143 100 163 136
internal_count=592 213 379 243 143 100 163 136
is_linear=0
shrinkage=0.03


Tree=28
num_leaves=8
num_cat=0
split_feature=24 24 3 24 24 24 24
split_gain=2.36401e+09 3.24736e+08 2.33848e+08 4.87057e+08 5.35398e+08 5.14195e+07 5.09685e+07
threshold=7587.9638888888894 10291.666666666668 52.050000000000004 1.0000000180025095e-35 4562.5000000000009 6479.166666666667 8800.9250000000011
decision_type=2 2 2 2 2 2 2
left_child=2 6 -1 -4 -5 -6 -2
right_child=1 -3 3 4 5 -7 -8
leaf_value=-94.244890481075856 26.733583188756523 122.09546043609585 32.936356854874631 -120.83778931074031 -39.038375651946694 -3.9545396734435951 64.773900485086244
leaf_weight=73 59 89 73 76 84 68 70
leaf_count=73 59 89 73 76 84 68 70
internal_value=-0.393092 78.0671 -46.1525 -34.4067 -55.9832 -23.3817 47.4781
internal_weight=592 218 374 301 228 152 129
internal_count=592 218 374 301 228 152 129
is_linear=0
shrinkage=0.03


Tree=29
num_leaves=9
num_cat=0
split_feature=24 24 24 1 21 24 24 24
split_gain=2.22491e+09 2.97596e+08 2.30105e+08 6.069e+08 2.04403e+08 1.28041e+08 8.8198e+07 3.43983e+07
threshold=7736.1111111111122 11472.222222222224 5204.166666666667 0.11250000000000002 0.72294813055037055 2794.4444444444448 9189.8138888888916 6675.9250000000011
decision_type=2 2 2 2 2 2 2 2
left_child=2 6 3 4 -1 -5 -2 -4
right_child=1 -3 7 5 -6 -7 -8 -9
leaf_value=34.635810071971733 32.603757987028906 141.04202277060296 -27.127910487429507 -143.41761883533252 -50.894246142635758 -81.060457124176651 77.171755500869494 1.8346251737585269
leaf_weight=50 73 50 93 52 50 73 90 61
leaf_count=50 73 50 93 52 50 73 90 61
internal_value=-0.381474 77.135 -43.9727 -63.2946 -8.15344 -107.282 57.3085 -15.6744
internal_weight=592 213 379 225 100 125 163 154
internal_count=592 213 379 225 100 125 163 154
is_linear=0
shrinkage=0.03


Tree=30
num_leaves=9
num_cat=0
split_feature=10 15 0 27 4 27 28 7
split_gain=2.46417e+08 1.47405e+08 1.22151e+08 9.7733e+07 7.49928e+07 6.73037e+07 2.81555e+07 2.14938e+07
threshold=1.5000000000000002 1.0000000180025095e-35 12.450000000000001 -0.55597109741588446 1009.2500000000001 0.95236875646279973 -0.96227343267549392 12.550000000000002
decision_type=2 2 2 2 2 2 2 2
left_child=-1 2 -2 4 -4 -3 -5 -8
right_child=1 5 3 6 -6 -7 7 -9
leaf_value=-59.304196053347276 -29.004943957356147 -36.702478054923247 63.10526998374548 23.396569726332178 19.234604702763175 5.9664200783891292 13.623203740508609 -11.447645761458601
leaf_weight=62 52 95 64 58 78 51 50 79
leaf_count=62 52 95 64 58 78 51 50 79
internal_value=-2.88148 3.78644 13.6068 20.3621 39.0987 -21.8159 6.09433 -1.72113
internal_weight=589 527 381 329 142 146 187 129
internal_count=589 527 381 329 142 146 187 129
is_linear=0
shrinkage=0.03


Tree=31
num_leaves=8
num_cat=0
split_feature=10 15 0 27 28 27 3
split_gain=2.31925e+08 1.38723e+08 1.1497e+08 9.19798e+07 7.03312e+07 6.33399e+07 5.33784e+07
threshold=1.5000000000000002 1.0000000180025095e-35 12.450000000000001 -0.55597109741588446 0.1500498401600889 0.95236875646279973 73.050000000000011
decision_type=2 2 2 2 2 2 2
left_child=-1 2 -2 4 -4 -3 -5
right_child=1 5 3 6 -6 -7 -8
leaf_value=-57.533637663962182 -28.139786722391101 -35.604869390169448 57.557389624759388 -10.015803027997467 15.172526303114394 5.7884739096122884 21.993077968462487
leaf_weight=62 52 95 76 94 66 51 93
leaf_count=62 52 95 76 94 66 51 93
internal_value=-2.7952 3.67367 13.2004 19.7541 37.931 -21.1633 5.91273
internal_weight=589 527 381 329 142 146 187
internal_count=589 527 381 329 142 146 187
is_linear=0
shrinkage=0.03


Tree=32
num_leaves=9
num_cat=0
split_feature=10 15 1 21 27 29 25 28
split_gain=2.18283e+08 1.3055e+08 9.66156e+07 9.37293e+07 5.96095e+07 4.31935e+07 3.51332e+07 4.59402e+07
threshold=1.5000000000000002 1.0000000180025095e-35 0.15476190476190474 0.64452017135532624 0.95236875646279973 1.0000000180025095e-35 22.230745000000002 0.51229549877477665
decision_type=2 2 2 2 2 2 2 2
left_child=-1 2 -2 5 -3 -4 7 -5
right_child=1 4 3 6 -6 -7 -8 -9
leaf_value=-55.815938922888201 51.109845766658665 -34.540085982035485 4.2231935815292276 -9.1128453497217787 5.6158352607593214 -33.024954765216897 33.330182714182769 26.081523465840991
leaf_weight=62 51 95 53 66 51 59 85 67
leaf_count=62 51 95 53 66 51 59 85 67
internal_value=-2.71181 3.56391 12.8057 6.84495 -20.5302 -15.4343 18.2967 8.63538
internal_weight=589 527 381 330 146 112 218 133
internal_count=589 527 381 330 146 112 218 133
is_linear=0
shrinkage=0.03


Tree=33
num_leaves=10
num_cat=0
split_feature=24 24 1 24 24 27 24 24 24
split_gain=1.88203e+09 3.35311e+08 4.36023e+08 2.44466e+08 2.0469e+08 9.31447e+07 4.55648e+07 3.77163e+07 3.07308e+07
threshold=8287.0361111111124 6009.2583333333341 0.11250000000000002 3111.1111111111118 11287.036111111114 0.33346569090932193 9627.7777777777792 4902.7777777777783 6811.1111111111122
decision_type=2 2 2 2 2 2 2 2 2
left_child=1 2 5 -4 6 -1 -2 -5 -3
right_child=4 8 3 7 -6 -7 -8 -9 -10
leaf_value=20.716906042383396 41.774173850109229 -19.138147889459521 -135.83752692834653 -78.171383089403037 132.13880747982807 -37.023903682094442 79.01004465302718 -41.394206392671109 8.4060666185341777
leaf_weight=50 63 58 60 50 50 50 58 53 97
leaf_count=50 63 58 60 50 50 50 58 53 97
internal_value=-2.63064 -36.9291 -57.5374 -87.7486 81.1278 -8.1778 59.7741 -59.4225 -1.9178
internal_weight=589 418 263 163 171 100 121 103 155
internal_count=589 418 263 163 171 100 121 103 155
is_linear=0
shrinkage=0.03


Tree=34
num_leaves=10
num_cat=0
split_feature=24 24 1 24 24 8 24 24 24
split_gain=1.77153e+09 3.03458e+08 4.10388e+08 2.30079e+08 2.01371e+08 1.34579e+08 4.59936e+07 3.55012e+07 2.72944e+07
threshold=8231.4805555555577 6009.2583333333341 0.11250000000000002 3111.1111111111118 11268.519444444444 16.450000000000003 9627.7777777777792 4902.7777777777783 6811.1111111111122
decision_type=2 2 2 2 2 2 2 2 2
left_child=1 2 5 -4 6 -1 -2 -5 -3
right_child=4 8 3 7 -6 -7 -8 -9 -10
leaf_value=-42.611519565468519 39.372173626971986 -18.566957867918457 -131.78267460305892 -75.840228415881668 127.51491412960299 26.790813370509365 76.364167531597673 -40.159369473627315 7.5997145261641874
leaf_weight=50 67 58 60 50 51 50 57 53 93
leaf_count=50 67 58 60 50 51 50 57 53 93
internal_value=-2.55218 -36.3769 -55.8206 -85.1303 77.3927 -7.93392 56.5199 -57.6502 -2.46789
internal_weight=589 414 263 163 175 100 124 103 151
internal_count=589 414 263 163 175 100 124 103 151
is_linear=0
shrinkage=0.03


Tree=35
num_leaves=9
num_cat=0
split_feature=27 0 14 14 0 25 20 6
split_gain=2.33888e+08 8.23899e+07 1.35179e+08 5.75732e+07 4.39177e+07 4.00058e+07 6.23682e+07 3.16477e+07
threshold=-0.63869618781540805 8.3500000000000014 153.50000000000003 282.00000000000006 41.250000000000007 6.8013250000000012 9.798700000000002 3.0500000000000003
decision_type=2 2 2 2 2 2 2 2
left_child=3 -2 5 -1 -4 -3 -7 -6
right_child=1 2 4 -5 7 6 -8 -9
leaf_value=45.789962718888255 22.464372710289314 -15.756634758558185 -21.060735921992457 8.2846632152990463 -1.049297143672586 -61.568367138402877 -22.086079999508591 30.432242516276851
leaf_weight=87 51 77 50 64 67 75 70 50
leaf_count=87 51 77 50 64 67 75 70 50
internal_value=-2.23808 -13.2945 -17.9964 29.9417 2.3954 -33.3187 -42.593 12.4477
internal_weight=591 440 389 151 167 222 145 117
internal_count=591 440 389 151 167 222 145 117
is_linear=0
shrinkage=0.03


Tree=36
num_leaves=8
num_cat=0
split_feature=27 1 4 27 14 11 8
split_gain=2.20114e+08 1.09093e+08 2.72926e+08 7.03192e+07 5.41812e+07 3.31543e+07 1.23807e+07
threshold=-0.63869618781540805 0.65000000000000013 1006.1500000000002 0.54162280503947546 282.00000000000006 2.5000000000000004 6.7500000000000009
decision_type=2 2 2 2 2 2 2
left_child=4 2 -2 5 -1 -3 -5
right_child=1 3 -4 6 -6 -7 -8
leaf_value=44.420983894321928 5.7269491796800223 -3.2942843591904221 -83.249355295834206 -7.9065332865575595 8.0372828597191894 22.543412845652295 -26.613074270803157
leaf_weight=87 65 95 59 51 64 84 86
leaf_count=87 65 95 59 51 64 84 86
internal_value=-2.17116 -12.8971 -36.7072 -3.52785 29.0467 8.84805 -19.6819
internal_weight=591 440 124 316 151 179 137
internal_count=591 440 124 316 151 179 137
is_linear=0
shrinkage=0.03


Tree=37
num_leaves=9
num_cat=0
split_feature=24 24 1 24 24 24 24 24
split_gain=1.6409e+09 2.80386e+08 5.64677e+08 2.19518e+08 1.92886e+08 4.30522e+07 2.94041e+07 2.80681e+07
threshold=8287.0361111111124 5868.0555555555566 0.11250000000000002 11048.611111111111 2794.4444444444448 4481.4805555555567 9627.7777777777792 7189.155555555556
decision_type=2 2 2 2 2 2 2 2
left_child=1 2 -1 6 -4 -6 -2 -3
right_child=3 7 4 -5 5 -7 -8 -9
leaf_value=3.9203925948273977 40.713640424135448 -13.531717824537271 -132.91755537091717 129.72817749751493 -83.13185185448846 -44.577446476693176 71.245077547857051 11.570967195600398
leaf_weight=98 65 93 55 50 52 55 53 70
leaf_count=98 65 93 55 50 52 55 53 70
internal_value=-2.10664 -33.6097 -52.9309 77.132 -87.2661 -63.4943 54.5729 -2.74992
internal_weight=591 423 260 168 162 107 118 163
internal_count=591 423 260 168 162 107 118 163
is_linear=0
shrinkage=0.03


Tree=38
num_leaves=9
num_cat=0
split_feature=24 24 1 24 24 24 24 24
split_gain=1.54506e+09 2.8461e+08 5.31483e+08 1.89591e+08 1.81545e+08 4.05231e+07 3.05798e+07 2.17507e+07
threshold=8435.186111111112 5868.0555555555566 0.11250000000000002 11048.611111111111 2794.4444444444448 4481.4805555555567 7268.5194444444451 9673.6111111111113
decision_type=2 2 2 2 2 2 2 2
left_child=1 2 -1 7 -4 -6 -3 -2
right_child=3 6 4 -5 5 -7 -8 -9
leaf_value=3.8031396667542561 42.400949095650432 -12.333110505706234 -128.95166005029387 125.85954379193589 -80.652202113426895 -43.247377689078739 13.315217018602301 69.693716905381947
leaf_weight=98 59 99 55 50 52 55 72 51
leaf_count=98 59 99 55 50 52 55 72 51
internal_value=-2.0437 -31.5995 -51.3518 77.4823 -84.6626 -61.6002 -1.52936 55.2101
internal_weight=591 431 260 160 162 107 171 110
internal_count=591 431 260 160 162 107 171 110
is_linear=0
shrinkage=0.03


Tree=39
num_leaves=9
num_cat=0
split_feature=24 24 1 24 24 24 24 24
split_gain=1.45426e+09 2.67885e+08 5.0024e+08 1.78456e+08 1.70871e+08 3.81426e+07 2.88936e+07 2.04743e+07
threshold=8435.186111111112 5868.0555555555566 0.11250000000000002 11048.611111111111 2794.4444444444448 4481.4805555555567 7189.155555555556 9673.6111111111113
decision_type=2 2 2 2 2 2 2 2
left_child=1 2 -1 7 -4 -6 -3 -2
right_child=3 6 4 -5 5 -7 -8 -9
leaf_value=3.6893936577891044 41.13535551383162 -12.75826780508952 -125.10409701963015 122.10627687002983 -78.246515043123736 -41.956994909248564 11.956924379721455 67.615132249977165
leaf_weight=98 59 93 55 50 52 55 78 51
leaf_count=98 59 93 55 50 52 55 78 51
internal_value=-1.98254 -30.6567 -49.8199 75.1712 -82.1367 -59.7626 -1.48342 53.5629
internal_weight=591 431 260 160 162 107 171 110
internal_count=591 431 260 160 162 107 171 110
is_linear=0
shrinkage=0.03


Tree=40
num_leaves=8
num_cat=0
split_feature=24 24 1 24 24 24 24
split_gain=1.50048e+09 2.44446e+08 3.13095e+08 2.10206e+08 2.00696e+08 3.54585e+07 2.51213e+07
threshold=8287.0361111111124 6101.852777777779 0.11250000000000002 3763.8888888888891 11472.222222222224 9958.3333333333339 7268.5194444444451
decision_type=2 2 2 2 2 2 2
left_child=1 2 -1 -4 5 -2 -3
right_child=4 6 3 -5 -6 -7 -8
leaf_value=-6.8363780857789198 39.145825335661769 -11.349157823731039 -110.89177112224374 -42.608952920120949 123.27059816879971 71.539370247893757 13.306007637770946
leaf_weight=99 77 92 76 88 50 52 62
leaf_count=99 77 92 76 88 50 52 62
internal_value=-0.256291 -31.4422 -49.0022 -74.397 72.3258 52.3394 -1.41642
internal_weight=596 417 263 164 179 129 154
internal_count=596 417 263 164 179 129 154
is_linear=0
shrinkage=0.03


Tree=41
num_leaves=9
num_cat=0
split_feature=24 24 4 24 24 24 24 24
split_gain=1.41313e+09 2.48515e+08 2.98224e+08 4.56361e+08 1.81186e+08 1.74523e+08 2.76416e+07 2.71436e+07
threshold=8435.186111111112 6101.852777777779 1006.5500000000001 836.66666666666674 3535.7142857142862 11472.222222222224 9958.3333333333339 7268.5194444444451
decision_type=2 2 2 2 2 2 2 2
left_child=1 2 3 -1 -4 6 -2 -3
right_child=5 7 4 -5 -6 -7 -8 -9
leaf_value=42.946020209145203 40.034290232472607 -11.009789733907382 -103.62415493466763 -78.112891753786357 -36.754109195691427 119.59453637549703 69.405499517320436 13.732350191466331
leaf_weight=63 69 92 86 50 64 50 52 70
leaf_count=63 69 92 86 50 64 50 52 70
internal_value=-0.247462 -29.5497 -47.5376 -10.6848 -75.2233 72.5038 52.7971 -0.313065
internal_weight=596 425 263 113 150 171 121 162
internal_count=596 425 263 113 150 171 121 162
is_linear=0
shrinkage=0.03


Tree=42
num_leaves=9
num_cat=0
split_feature=24 24 4 24 24 0 24 24
split_gain=1.33025e+09 2.38295e+08 2.80962e+08 1.60829e+08 1.56992e+08 6.49524e+07 2.63879e+07 2.46608e+07
threshold=8458.3333333333339 6101.852777777779 1006.0000000000001 11472.222222222224 3652.7777777777778 52.000000000000007 7268.5194444444451 9958.3333333333339
decision_type=2 2 2 2 2 2 2 2
left_child=1 2 5 7 -4 -1 -3 -2
right_child=3 6 4 -5 -6 -7 -8 -9
leaf_value=-33.429837644002589 39.381591696207799 -10.680569567581232 -96.251893645819521 116.02809978993228 -34.243382279612305 13.052251320084975 13.522413284333416 67.335278278299782
leaf_weight=51 67 92 94 50 61 57 72 52
leaf_count=51 67 92 94 50 61 57 72 52
internal_value=-0.239188 -28.4364 -46.1175 70.9288 -71.9619 -8.92934 -0.0495258 51.7353
internal_weight=596 427 263 169 155 108 164 119
internal_count=596 427 263 169 155 108 164 119
is_linear=0
shrinkage=0.03


Tree=43
num_leaves=8
num_cat=0
split_feature=24 24 24 24 24 24 24
split_gain=1.25202e+09 2.24265e+08 2.7752e+08 1.81491e+08 1.51385e+08 2.48342e+07 2.32143e+07
threshold=8458.3333333333339 6101.852777777779 1.0000000180025095e-35 3763.8888888888891 11472.222222222224 7268.5194444444451 9958.3333333333339
decision_type=2 2 2 2 2 2 2
left_child=1 2 -1 -4 6 -3 -2
right_child=4 5 3 -5 -6 -7 -8
leaf_value=-5.0456293144110829 38.205410371188066 -10.361193878121133 -102.55695295016388 -39.112910062416226 112.56801683065669 13.118424349187322 65.326807415526417
leaf_weight=99 67 92 76 88 50 72 52
leaf_count=99 67 92 76 88 50 72 52
internal_value=-0.230884 -27.5865 -44.7391 -68.6474 68.8128 -0.0478826 50.1913
internal_weight=596 427 263 164 169 164 119
internal_count=596 427 263 164 169 164 119
is_linear=0
shrinkage=0.03


Tree=44
num_leaves=9
num_cat=0
split_feature=24 24 4 24 0 24 24 24
split_gain=1.17849e+09 1.94814e+08 3.78266e+08 1.57349e+08 9.0315e+07 5.47681e+07 3.34872e+07 2.87366e+07
threshold=8287.0361111111124 5204.166666666667 1006.5500000000001 11472.222222222224 52.000000000000007 2361.1111111111118 6675.9250000000011 9627.7777777777792
decision_type=2 2 2 2 2 2 2 2
left_child=1 2 4 7 -1 -4 -3 -2
right_child=3 6 5 -5 -6 -7 -8 -9
leaf_value=-32.713605793825913 32.105424320840179 -18.182424712454804 -101.33105107786429 109.21111813494036 23.860666948285019 -60.065482863138207 6.6508240616432976 60.709713630260985
leaf_weight=50 65 99 66 50 51 55 96 64
leaf_count=50 65 99 66 50 51 55 96 64
internal_value=-0.222868 -27.8609 -47.0595 64.1018 -4.16025 -82.769 -5.96534 46.4047
internal_weight=596 417 222 179 101 121 195 129
internal_count=596 417 222 179 101 121 195 129
is_linear=0
shrinkage=0.03


Tree=45
num_leaves=10
num_cat=0
split_feature=24 24 1 14 24 24 24 24 24
split_gain=1.16807e+09 1.87199e+08 3.14931e+08 3.86398e+08 1.52739e+08 1.36853e+08 2.86211e+07 2.81798e+07 1.27359e+07
threshold=8458.3333333333339 5868.0555555555566 0.11250000000000002 153.50000000000003 2711.1111111111118 11472.222222222224 4481.4805555555567 7268.5194444444451 9861.1111111111131
decision_type=2 2 2 2 2 2 2 2 2
left_child=1 2 3 -1 -4 8 -6 -3 -2
right_child=5 7 4 -5 6 -7 -8 -9 -10
leaf_value=-55.26248305976285 38.86459733128752 -12.2324224760908 -108.39489950169707 59.151553385224545 -62.784357064400702 108.29155997293037 -30.985032798809236 12.175449298332477 59.144240795534046
leaf_weight=56 58 93 55 50 50 51 54 78 60
leaf_count=56 58 93 55 50 50 51 54 78 60
internal_value=0.378112 -25.5757 -41.3522 -1.27889 -68.015 67.2627 -46.4099 -1.09713 49.3002
internal_weight=605 436 265 106 159 169 104 171 118
internal_count=605 436 265 106 159 169 104 171 118
is_linear=0
shrinkage=0.03


Tree=46
num_leaves=9
num_cat=0
split_feature=24 24 1 14 24 24 24 24
split_gain=1.09941e+09 1.76196e+08 2.96426e+08 3.63689e+08 1.44198e+08 1.28817e+08 2.65201e+07 1.19866e+07
threshold=8458.3333333333339 5868.0555555555566 0.11250000000000002 153.50000000000003 3689.3527777777781 11472.222222222224 7268.5194444444451 9861.1111111111131
decision_type=2 2 2 2 2 2 2 2
left_child=1 2 3 -1 -4 7 -3 -2
right_child=5 6 4 -5 -6 -7 -8 -9
leaf_value=-53.613442477129709 37.70465897051384 -11.866629799600583 -95.433002795852332 57.387588713249677 -38.087392661186207 105.06181197317024 11.811585220664853 57.378741145347483
leaf_weight=56 58 93 77 50 82 51 78 60
leaf_count=56 58 93 77 50 82 51 78 60
internal_value=0.366887 -24.8126 -40.1184 -1.24019 -65.986 65.2558 -1.06422 47.8286
internal_weight=605 436 265 106 159 169 171 118
internal_count=605 436 265 106 159 169 171 118
is_linear=0
shrinkage=0.03


Tree=47
num_leaves=10
num_cat=0
split_feature=24 24 1 10 24 24 24 24 24
split_gain=1.03475e+09 1.65822e+08 2.78977e+08 2.80455e+08 1.37419e+08 1.21253e+08 2.56548e+07 2.49582e+07 1.12814e+07
threshold=8458.3333333333339 5868.0555555555566 0.11250000000000002 5.5000000000000009 2711.1111111111118 11472.222222222224 4481.4805555555567 7268.5194444444451 9861.1111111111131
decision_type=2 2 2 2 2 2 2 2 2
left_child=1 2 3 -1 -4 8 -6 -3 -2
right_child=5 7 4 -5 6 -7 -8 -9 -10
leaf_value=-48.06675991617103 36.579339745130589 -11.511775825475954 -102.31323442124545 49.322416126630458 -59.023806003092766 101.92838983546922 -28.9243087279599 11.458595295683178 55.665943135883083
leaf_weight=55 58 93 55 51 50 51 54 78 60
leaf_count=55 58 93 55 51 50 51 54 78 60
internal_value=0.356926 -24.0709 -38.9193 -1.20266 -64.014 63.3088 -43.5235 -1.03229 46.401
internal_weight=605 436 265 106 159 169 104 171 118
internal_count=605 436 265 106 159 169 104 171 118
is_linear=0
shrinkage=0.03


Tree=48
num_leaves=10
num_cat=0
split_feature=14 0 21 3 26 0 7 2 14
split_gain=1.60639e+08 7.62881e+07 1.02475e+08 4.7452e+07 5.60491e+07 6.70094e+07 2.46642e+07 1.25758e+07 6.18421e+06
threshold=159.50000000000003 28.050000000000004 0.59111320754717001 52.050000000000004 6.1500000000000021 36.100000000000009 17.750000000000004 22.250000000000004 294.00000000000006
decision_type=2 2 2 2 2 2 2 2 2
left_child=3 -2 -3 -1 -5 -6 -7 8 -4
right_child=1 2 7 4 5 6 -8 -9 -10
leaf_value=-37.411364904063369 -12.049710163253236 49.152432471182536 -2.4519526074745994 -36.241492637946592 27.97572259021781 -28.440760971273562 1.0215521510220902 21.374531198894054 11.335950485140259
leaf_weight=72 75 85 68 51 51 52 50 50 51
leaf_count=72 75 85 68 51 51 52 50 50 51
internal_value=0.346294 14.4991 22.3434 -16.5217 -9.10471 -0.00583925 -14.0377 8.79625 3.47072
internal_weight=605 329 254 276 204 153 102 169 119
internal_count=605 329 254 276 204 153 102 169 119
is_linear=0
shrinkage=0.03


Tree=49
num_leaves=10
num_cat=0
split_feature=24 24 0 25 1 24 24 24 24
split_gain=9.636e+08 1.38112e+08 1.26302e+08 1.91271e+08 3.5471e+08 2.68261e+08 1.00483e+08 2.48125e+07 1.45583e+07
threshold=8196.758333333335 11472.222222222224 11.050000000000002 12.342740000000001 0.15476190476190474 3907.4083333333338 5412.0361111111115 9189.8138888888916 6898.1472222222228
decision_type=2 2 2 2 2 2 2 2 2
left_child=2 7 -1 5 -5 -4 -6 -2 -8
right_child=1 -3 3 4 6 -7 8 -9 -10
leaf_value=-65.745050840329569 24.386898896322911 98.566564434564611 -90.89602689129012 58.224074430094909 -59.903019127204402 -6.8288216378288737 -19.664312734407062 50.767125537510076 2.6334943559110506
leaf_weight=59 53 51 64 64 51 73 53 85 52
leaf_count=59 53 51 64 64 51 73 53 85 52
internal_value=0.33582 56.454 -25.1825 -18.4292 -1.08754 -46.214 -25.4856 40.7105 -8.64546
internal_weight=605 189 416 357 220 137 156 138 105
internal_count=605 189 416 357 220 137 156 138 105
is_linear=0
shrinkage=0.03


Tree=50
num_leaves=8
num_cat=0
split_feature=24 3 1 24 24 24 24
split_gain=8.5402e+08 1.69938e+08 3.11669e+08 2.23799e+08 1.28874e+08 3.42475e+07 2.30723e+07
threshold=7509.2583333333341 51.45000000000001 0.11250000000000002 4319.4444444444453 10291.666666666668 6287.0361111111115 9101.8527777777799
decision_type=2 2 2 2 2 2 2
left_child=1 -1 -3 -4 6 -5 -2
right_child=4 2 3 5 -6 -7 -8
leaf_value=-69.336281440609795 18.091421212939874 31.183919470499621 -81.484274755454166 -30.789620865694761 75.332391790260843 -2.2847106040068184 42.309282961540823
leaf_weight=79 95 79 72 80 75 72 57
leaf_count=79 95 79 72 80 75 72 57
internal_value=-2.84493 -30.2234 -19.9671 -38.0246 43.2071 -17.3185 27.2386
internal_weight=609 382 303 224 227 152 152
internal_count=609 382 303 224 227 152 152
is_linear=0
shrinkage=0.03


Tree=51
num_leaves=9
num_cat=0
split_feature=24 0 8 1 24 24 24 24
split_gain=8.0375e+08 1.32691e+08 1.4007e+08 3.13279e+08 2.15023e+08 1.21286e+08 7.29032e+07 2.19224e+07
threshold=7509.2583333333341 11.050000000000002 8.5500000000000025 0.15476190476190474 4902.7777777777783 10291.666666666668 5204.166666666667 8828.7027777777785
decision_type=2 2 2 2 2 2 2 2
left_child=1 -1 4 -4 -3 7 -5 -2
right_child=5 2 3 6 -6 -7 -8 -9
leaf_value=-74.756320481954461 14.483452571541029 -81.049660401403656 45.899678199620695 -58.824016081325674 -0.60236527150137387 73.081423349570471 -14.965039797891345 37.363024693762064
leaf_weight=50 73 72 67 57 51 75 85 79
leaf_count=50 73 72 67 57 51 75 85 79
internal_value=-2.75983 -29.3203 -22.4162 -7.44427 -47.7762 41.9163 -32.6574 26.425
internal_weight=609 382 332 209 123 227 142 152
internal_count=609 382 332 209 123 227 142 152
is_linear=0
shrinkage=0.03


Tree=52
num_leaves=10
num_cat=0
split_feature=1 8 0 0 27 27 10 6 0
split_gain=1.00883e+08 2.38284e+08 1.12485e+08 4.6255e+07 3.81711e+07 2.57429e+07 6.75433e+06 4.99626e+06 5.65383e+06
threshold=0.65000000000000013 7.9500000000000011 46.95000000000001 81.90000000000002 0.28433548840379819 0.86958133671945947 9.5000000000000018 2.3500000000000001 233.20000000000002
decision_type=2 2 2 2 2 2 2 2 2
left_child=1 -1 -3 5 7 6 -2 -5 -9
right_child=3 2 -4 4 -6 -7 -8 8 -10
leaf_value=-77.198521546502235 28.45443474576042 -27.563335260521054 32.985618166467255 12.276437744284577 -18.507906993141056 -2.0307112529682136 14.535003431939275 7.7140302586676093 -5.8881464278907112
leaf_weight=50 81 57 53 58 96 51 53 59 51
leaf_count=50 81 57 53 58 96 51 53 59 51
internal_value=-2.67791 -23.1087 1.62054 4.61311 -3.44762 16.103 22.9938 5.17586 1.40862
internal_weight=609 160 110 449 264 185 134 168 110
internal_count=609 160 110 449 264 185 134 168 110
is_linear=0
shrinkage=0.03


Tree=53
num_leaves=9
num_cat=0
split_feature=3 1 8 5 0 28 22 15
split_gain=9.96142e+07 5.52394e+07 2.16643e+07 2.04112e+07 2.91712e+07 2.51255e+07 1.09835e+07 4.27514e+06
threshold=47.350000000000001 0.11250000000000002 1.9500000000000002 24.250000000000004 81.90000000000002 0.047319635496388741 -0.5 1.0000000180025095e-35
decision_type=2 2 2 2 2 2 2 2
left_child=2 -2 -1 4 5 -3 -6 -8
right_child=1 3 -4 -5 6 -7 7 -9
leaf_value=-15.863986239070783 24.686618520442742 26.273366035074737 -43.75951878632987 -15.265737545220075 4.0714232232202932 1.5585125846506278 -6.9000331857099955 -18.187367451093351
leaf_weight=51 86 60 50 80 60 96 75 51
leaf_count=51 86 60 50 80 60 96 75 51
internal_value=-2.59809 2.81705 -29.7624 -1.65413 1.54044 11.0965 -6.47921 -11.5011
internal_weight=609 508 101 422 342 156 186 126
internal_count=609 508 101 422 342 156 186 126
is_linear=0
shrinkage=0.03


Tree=54
num_leaves=11
num_cat=0
split_feature=1 8 21 27 8 2 27 9 21 20
split_gain=9.69901e+07 2.20221e+08 1.07006e+08 3.43768e+07 1.1774e+07 1.4036e+07 1.29469e+07 1.05584e+07 6.03243e+06 3.69044e+06
threshold=0.65000000000000013 7.9500000000000011 0.66220588235294131 0.28433548840379819 3.1500000000000008 22.550000000000004 -0.44437406304545285 0.25000000000000006 0.75525846702317301 7.6016000000000004
decision_type=2 2 2 2 2 2 2 2 2 2
left_child=1 -1 -3 4 -2 6 8 9 -6 -5
right_child=3 2 -4 7 5 -7 -8 -9 -10 -11
leaf_value=-74.552774714020558 24.489572272594597 29.677600267020818 -29.378321465068193 -5.5003346100523745 17.492440070436711 21.456421869288302 -7.7155079649523781 5.6504100863258122 3.3482134470946789 -15.825620691420488
leaf_weight=50 50 57 53 68 51 55 56 53 58 58
leaf_count=50 50 57 53 68 51 55 56 53 58 58
internal_value=-2.52079 -22.5536 1.22079 4.62812 11.382 8.37371 3.98173 -5.56129 9.99608 -10.2796
internal_weight=609 160 110 449 270 220 165 179 109 126
internal_count=609 160 110 449 270 220 165 179 109 126
is_linear=0
shrinkage=0.03


Tree=55
num_leaves=10
num_cat=0
split_feature=24 1 24 24 24 24 27 27 27
split_gain=7.02842e+08 1.51033e+08 3.15806e+08 8.99284e+07 4.93716e+07 3.74729e+07 1.3714e+07 1.32811e+07 9.29174e+06
threshold=8736.1111111111131 0.11250000000000002 5258.8888888888896 11361.111111111111 2711.1111111111118 6811.1111111111122 0.37371625404731906 -0.30490993010465833 0.064507852084056461
decision_type=2 2 2 2 2 2 2 2 2
left_child=1 -1 4 7 -3 6 -4 -2 -7
right_child=3 2 5 -5 -6 8 -8 -9 -10
leaf_value=15.097580653072484 31.106665568419544 -87.709013181726519 -29.483748698869711 89.020600619913338 -48.66412964268735 -1.138497250589092 -7.2394827686484247 52.17889011633325 16.025323504854569
leaf_weight=99 63 52 50 50 70 62 50 50 52
leaf_count=99 63 52 50 50 70 62 50 50 52
internal_value=2.47754 -17.4341 -27.0243 55.5505 -65.4806 -5.03962 -18.4166 40.5442 6.71205
internal_weight=598 435 336 163 122 214 100 113 114
internal_count=598 435 336 163 122 214 100 113 114
is_linear=0
shrinkage=0.03


Tree=56
num_leaves=10
num_cat=0
split_feature=24 1 24 24 24 24 14 27 13
split_gain=6.61674e+08 1.49774e+08 2.82644e+08 9.26614e+07 4.64757e+07 3.12512e+07 1.53719e+07 1.24475e+07 8.35288e+06
threshold=8458.3333333333339 0.11250000000000002 5258.8888888888896 11361.111111111111 2711.1111111111118 6811.1111111111122 153.50000000000003 -0.28435655403991289 2.5000000000000004
decision_type=2 2 2 2 2 2 2 2 2
left_child=1 -1 4 7 -3 6 -4 -2 -7
right_child=3 2 5 -5 -6 8 -8 -9 -10
leaf_value=14.646021794898271 29.265971916274697 -85.092835889418765 -6.0465518333518489 86.365910632397032 -47.210435853011241 14.206262596559803 -29.581553651722476 48.958837101719347 -2.6854873480454331
leaf_weight=99 70 52 50 50 70 51 50 52 54
leaf_count=99 70 52 50 50 70 51 50 52 54
internal_value=2.40366 -17.6497 -27.4317 52.0149 -63.5262 -5.88964 -17.8674 37.7592 5.53609
internal_weight=598 426 327 172 122 205 100 122 105
internal_count=598 426 327 172 122 205 100 122 105
is_linear=0
shrinkage=0.03


Tree=57
num_leaves=10
num_cat=0
split_feature=24 24 24 24 24 24 14 27 14
split_gain=6.23486e+08 1.33891e+08 2.79504e+08 7.95066e+07 4.37496e+07 3.3065e+07 1.44687e+07 1.18246e+07 8.61983e+06
threshold=8736.1111111111131 1.0000000180025095e-35 5258.8888888888896 11361.111111111111 2711.1111111111118 6811.1111111111122 153.50000000000003 -0.30490993010465833 175.50000000000003
decision_type=2 2 2 2 2 2 2 2 2
left_child=1 -1 4 7 -3 6 -4 -2 -7
right_child=3 2 5 -5 -6 8 -8 -9 -10
leaf_value=14.207969599605686 29.304069986930955 -82.554694681842292 -5.8662372331922628 83.790386785730931 -45.800166959423429 15.399952648229768 -28.699399864242281 49.1863452391122 -1.1588228165877374
leaf_weight=99 63 52 50 50 70 51 50 50 63
leaf_count=99 63 52 50 50 70 51 50 50 63
internal_value=2.33189 -16.422 -25.4516 52.319 -61.6302 -4.769 -17.3346 38.2086 6.26995
internal_weight=598 435 336 163 122 214 100 113 114
internal_count=598 435 336 163 122 214 100 113 114
is_linear=0
shrinkage=0.03


Tree=58
num_leaves=7
num_cat=0
split_feature=14 1 5 7 6 14
split_gain=4.54657e+07 9.61539e+07 4.88124e+07 2.15651e+07 1.3458e+07 8.0279e+06
threshold=40.000000000000007 0.15476190476190474 7.4500000000000011 15.050000000000002 4.0500000000000007 195.50000000000003
decision_type=2 2 2 2 2 2
left_child=-1 -2 -3 -4 5 -5
right_child=1 2 3 4 -6 -7
leaf_value=-20.404271036883333 33.654601082967353 23.22637560645919 -22.375509366506037 -4.5122923985256032 -15.844588032772666 5.8535571328039628
leaf_weight=70 89 66 53 128 51 141
leaf_count=70 89 66 53 128 51 141
internal_value=2.26235 5.27729 -0.494771 -4.70739 -1.76287 0.921543
internal_weight=598 528 439 373 320 269
internal_count=598 528 439 373 320 269
is_linear=0
shrinkage=0.03


Tree=59
num_leaves=10
num_cat=0
split_feature=24 24 24 24 24 24 22 13 7
split_gain=5.86596e+08 1.20023e+08 2.61336e+08 7.43544e+07 4.06521e+07 3.12084e+07 9.85818e+06 7.56175e+06 5.89899e+06
threshold=8736.1111111111131 1.0000000180025095e-35 5258.8888888888896 11361.111111111111 2711.1111111111118 6811.1111111111122 -0.24999999999999994 2.5000000000000004 21.350000000000005
decision_type=2 2 2 2 2 2 2 2 2
left_child=1 -1 4 6 -3 8 -2 -7 -4
right_child=3 2 5 -5 -6 7 -8 -9 -10
leaf_value=13.005077634966986 28.878004699273131 -79.69922823962473 -9.3818550548970592 81.115259898130745 -44.267677671994122 14.289726897603241 47.077393747864377 -1.1566504249288074 -24.025868376794438
leaf_weight=99 63 52 50 50 70 54 50 60 50
leaf_count=99 63 52 50 50 70 54 50 60 50
internal_value=2.19447 -15.9961 -24.5452 50.6803 -59.5282 -4.54611 37.0342 6.17828 -16.7539
internal_weight=598 435 336 163 122 214 113 114 100
internal_count=598 435 336 163 122 214 113 114 100
is_linear=0
shrinkage=0.03


Tree=60
num_leaves=9
num_cat=0
split_feature=24 24 14 1 24 24 24 14
split_gain=6.16963e+08 1.26451e+08 8.70861e+07 1.86558e+08 1.23435e+08 2.95308e+07 1.75015e+07 1.49009e+07
threshold=7509.2583333333341 11472.222222222224 43.000000000000007 0.11250000000000002 5204.166666666667 9168.9805555555577 3535.7142857142862 159.50000000000003
decision_type=2 2 2 2 2 2 2 2
left_child=2 5 -1 -4 6 -2 -5 -6
right_child=1 -3 3 4 7 -7 -8 -9
leaf_value=-60.402574000652457 14.995019045744014 80.432985300878343 19.362171848940822 -67.57966586744584 -0.87503810484017897 39.732113883028795 -43.018915555464659 -21.167769055627339
leaf_weight=50 92 51 88 53 60 83 57 71
leaf_count=50 92 51 88 53 60 83 57 71
internal_value=-0.22739 38.9746 -23.6161 -17.9755 -31.6164 26.7754 -55.0044 -11.8967
internal_weight=605 226 379 329 241 175 110 131
internal_count=605 226 379 329 241 175 110 131
is_linear=0
shrinkage=0.03


Tree=61
num_leaves=9
num_cat=0
split_feature=24 24 14 24 24 24 24 14
split_gain=5.80683e+08 1.1903e+08 8.197e+07 1.75582e+08 1.16182e+08 2.77921e+07 1.64736e+07 1.40239e+07
threshold=7509.2583333333341 11472.222222222224 43.000000000000007 1.0000000180025095e-35 5204.166666666667 9168.9805555555577 3535.7142857142862 159.50000000000003
decision_type=2 2 2 2 2 2 2 2
left_child=2 5 -1 -4 6 -2 -5 -6
right_child=1 -3 3 4 7 -7 -8 -9
leaf_value=-58.601303207063772 14.546630533193586 78.034106665717246 18.783279913775917 -65.5636870324455 -0.84891759397971689 38.544443283172647 -41.735105018815446 -20.535407870160242
leaf_weight=50 92 51 88 53 60 83 57 71
leaf_count=50 92 51 88 53 60 83 57 71
internal_value=-0.221141 37.8108 -22.9118 -17.4394 -30.6728 25.975 -53.3633 -11.5413
internal_weight=605 226 379 329 241 175 110 131
internal_count=605 226 379 329 241 175 110 131
is_linear=0
shrinkage=0.03


Tree=62
num_leaves=8
num_cat=0
split_feature=24 28 1 24 24 24 5
split_gain=5.46535e+08 1.13179e+08 1.66722e+08 1.16782e+08 1.12044e+08 2.61557e+07 1.50957e+07
threshold=7509.2583333333341 0.78298010367706283 0.11250000000000002 4562.5000000000009 11472.222222222224 9168.9805555555577 18.550000000000004
decision_type=2 2 2 2 2 2 2
left_child=1 2 -1 -4 5 -2 -5
right_child=4 -3 3 6 -6 -7 -8
leaf_value=20.514497333368553 14.111650012668266 -54.628813207115577 -57.471480150770873 -3.2926346237836173 75.706773879625644 37.392274509168899 -23.815423879140315
leaf_weight=89 92 77 78 82 51 83 53
leaf_count=89 92 77 78 82 51 83 53
internal_value=-0.215062 -22.2284 -13.9214 -28.3187 36.6816 25.1985 -11.3847
internal_weight=605 379 302 213 226 175 135
internal_count=605 379 302 213 226 175 135
is_linear=0
shrinkage=0.03


Tree=63
num_leaves=9
num_cat=0
split_feature=24 24 28 24 24 24 22 24
split_gain=5.14844e+08 1.02708e+08 1.66485e+08 2.19994e+08 6.82553e+07 5.20267e+07 1.5208e+07 8.36662e+06
threshold=8655.5555555555566 6101.852777777779 0.78298010367706283 1.0000000180025095e-35 11472.222222222224 4138.8888888888896 0.25000000000000011 9750.0000000000018
decision_type=2 2 2 2 2 2 2 2
left_child=1 2 3 -1 7 -5 -3 -2
right_child=4 6 -4 5 -6 -7 -8 -9
leaf_value=19.901129433833738 23.429869956643053 -6.1232087027891575 -75.349282358074717 -60.290990667743593 73.448852987010582 -23.241124243960886 12.653069896697998 39.82062512353599
leaf_weight=89 58 88 54 64 51 74 69 58
leaf_count=89 58 88 54 64 51 74 69 58
internal_value=-0.208483 -17.2979 -28.1473 -16.8339 44.5633 -40.5172 2.13712 31.7069
internal_weight=605 438 281 227 167 138 157 116
internal_count=605 438 281 227 167 138 157 116
is_linear=0
shrinkage=0.03


Tree=64
num_leaves=8
num_cat=0
split_feature=14 5 6 1 14 28 20
split_gain=7.59399e+07 5.18449e+07 5.03039e+07 5.22827e+07 1.33685e+07 1.39345e+07 3.57978e+06
threshold=40.000000000000007 7.4500000000000011 4.3500000000000005 0.11250000000000002 252.00000000000003 -0.38168922026665864 9.798700000000002
decision_type=2 2 2 2 2 2 2
left_child=-1 -2 3 -3 5 -5 -6
right_child=1 2 -4 4 6 -7 -8
leaf_value=-31.025216804373876 27.892274544856907 27.125176586333151 -23.486779069642765 -0.31089815812289356 2.0021791359205228 -16.708308655737412 12.727642450891635
leaf_weight=64 68 72 70 152 56 67 56
leaf_count=64 68 72 70 152 56 67 56
internal_value=-0.202165 3.45934 -0.0686484 4.01344 -1.03387 -5.34349 7.38467
internal_weight=605 541 473 403 331 219 112
internal_count=605 541 473 403 331 219 112
is_linear=0
shrinkage=0.03


Tree=65
num_leaves=10
num_cat=0
split_feature=24 4 24 0 24 14 14 24 24
split_gain=4.20278e+08 8.09194e+07 1.33218e+08 7.78986e+07 6.18794e+07 5.15612e+07 1.74155e+07 1.09714e+07 8.1853e+06
threshold=8196.758333333335 999.50000000000011 4868.5194444444451 102.15000000000002 10870.369444444446 142.50000000000003 98.500000000000014 6986.1111111111122 9101.8527777777799
decision_type=2 2 2 2 2 2 2 2 2
left_child=1 -1 3 5 8 -3 -4 -8 -2
right_child=4 2 6 -5 -6 -7 7 -9 -10
leaf_value=14.049217520862772 16.007210697627198 -36.955492975794854 10.79838272128854 -14.272197178845158 61.585936269499904 -78.285451823898242 -17.427109522724528 0.19729986201143179 31.482048707635276
leaf_weight=65 54 60 50 63 62 51 75 55 75
leaf_count=65 54 60 50 63 62 51 75 55 75
internal_value=0.144084 -16.6675 -22.3147 -41.0092 36.9922 -56.1048 -4.20507 -9.98727 25.0564
internal_weight=610 419 354 174 191 111 180 130 129
internal_count=610 419 354 174 191 111 180 130 129
is_linear=0
shrinkage=0.03


Tree=66
num_leaves=10
num_cat=0
split_feature=24 4 24 24 4 8 14 24 24
split_gain=3.95557e+08 7.61603e+07 1.2539e+08 5.82407e+07 5.72226e+07 5.30714e+07 1.63913e+07 1.03255e+07 7.70265e+06
threshold=8196.758333333335 999.50000000000011 4868.5194444444451 10870.369444444446 1006.0000000000001 8.5500000000000025 98.500000000000014 6986.1111111111122 9101.8527777777799
decision_type=2 2 2 2 2 2 2 2 2
left_child=1 -1 4 8 -3 -6 -4 -8 -2
right_child=3 2 6 -5 5 -7 7 -9 -10
leaf_value=13.629677173313649 15.529647422600847 -12.968791445905005 10.476363284753759 59.747254989403594 -67.415292527448102 -27.196767610248767 -16.906379107316411 0.19141289922255506 30.541349852968498
leaf_weight=65 54 51 50 62 72 51 75 55 75
leaf_count=65 54 51 50 62 72 51 75 55 75
internal_value=0.139573 -16.1701 -21.6487 35.8876 -39.7856 -50.8461 -4.07924 -9.68884 24.3081
internal_weight=610 419 354 191 174 123 180 130 129
internal_count=610 419 354 191 174 123 180 130 129
is_linear=0
shrinkage=0.03


Tree=67
num_leaves=10
num_cat=0
split_feature=14 1 0 21 0 11 0 0 20
split_gain=4.79622e+07 6.19982e+07 5.66923e+07 4.28529e+07 2.19882e+07 1.29548e+07 1.32589e+07 5.28972e+06 2.57628e+06
threshold=161.50000000000003 1.0000000180025095e-35 16.850000000000005 0.74703481288076612 183.05000000000004 3.5000000000000004 86.200000000000017 88.200000000000003 16.782500000000002
decision_type=2 2 2 2 2 2 2 2 2
left_child=1 -1 -2 4 -4 6 -3 -5 -9
right_child=2 5 3 7 -6 -7 -8 8 -10
leaf_value=-34.723226289851375 -21.383163984867561 13.863236255504047 34.731862916477013 9.9761577525811926 9.6452101418567686 -10.823291275218073 -5.3474242485507153 2.7137564828382423 -6.7539940922397754
leaf_weight=65 51 67 83 50 51 78 62 53 50
leaf_count=65 51 67 83 50 51 78 62 53 50
internal_value=0.13547 -9.23631 7.67879 12.8601 25.2269 -1.19446 4.63915 2.00077 -1.88842
internal_weight=610 272 338 287 134 207 129 153 103
internal_count=610 272 338 287 134 207 129 153 103
is_linear=0
shrinkage=0.03


Tree=68
num_leaves=9
num_cat=0
split_feature=24 3 1 24 0 24 27 24
split_gain=3.6714e+08 6.85413e+07 1.25296e+08 1.52257e+08 5.15928e+07 3.60559e+07 9.2894e+06 8.89941e+06
threshold=8458.3333333333339 47.350000000000001 0.11250000000000002 3959.7222222222226 42.600000000000009 6308.3333333333348 0.098819223632317002 10087.963888888889
decision_type=2 2 2 2 2 2 2 2
left_child=1 -1 -3 -4 -2 -5 -7 -6
right_child=4 2 3 5 7 6 -8 -9
leaf_value=-42.261063395439244 60.965411486989865 21.880844795944196 -61.802672434351699 -22.159815651634272 17.635587198200508 -4.6210938281312997 11.364055728388083 34.50477967522675
leaf_weight=67 56 88 59 92 60 76 57 55
leaf_count=67 56 88 59 92 60 76 57 55
internal_value=0.131285 -14.3951 -9.34623 -19.0351 37.3842 -7.75313 2.23977 25.7723
internal_weight=610 439 372 284 171 225 133 115
internal_count=610 439 372 284 171 225 133 115
is_linear=0
shrinkage=0.03


Tree=69
num_leaves=9
num_cat=0
split_feature=24 3 1 24 24 24 14 7
split_gain=3.45607e+08 6.72071e+07 1.44679e+08 1.29184e+08 5.27084e+07 3.05337e+07 8.88463e+06 7.06698e+06
threshold=8196.758333333335 52.050000000000004 0.11250000000000002 3959.7222222222226 10870.369444444446 6101.852777777779 163.50000000000003 19.050000000000004
decision_type=2 2 2 2 2 2 2 2
left_child=1 -1 -3 -4 7 -5 -7 -2
right_child=4 2 3 5 -6 6 -8 -9
leaf_value=-39.42684156070213 30.565167755614802 25.152904207062463 -60.056586342057635 -25.078585451776775 56.238561964203413 8.979308539964876 -6.9408134297830655 16.263937830254942
leaf_weight=82 56 83 57 68 62 54 75 73
leaf_count=82 56 83 57 68 62 54 75 73
internal_value=0.127575 -15.1175 -9.17266 -20.4058 33.5423 -8.85927 -0.271135 22.5288
internal_weight=610 419 337 254 191 197 129 129
internal_count=610 419 337 254 191 197 129 129
is_linear=0
shrinkage=0.03


Tree=70
num_leaves=10
num_cat=0
split_feature=3 21 21 28 28 0 5 28 0
split_gain=3.76466e+07 4.9106e+07 9.66194e+07 2.78934e+07 3.65188e+07 3.76158e+07 3.82332e+07 2.41675e+07 1.76415e+07
threshold=61.350000000000001 0.92875467307073378 0.5721011470281544 -0.84291031405530259 -0.66483077113278999 36.900000000000013 17.175000000000001 -0.97502841500522164 139.00000000000003
decision_type=2 2 2 2 2 2 2 2 2
left_child=1 2 -1 7 -5 -6 8 -2 -7
right_child=3 -3 -4 4 5 6 -8 -9 -10
leaf_value=-0.57910657539221511 3.1807056809149246 9.7189100586130142 -53.907034348702098 -21.513595318509701 23.777139134774867 -26.382996217792126 15.801619388170966 30.156757089839566 -1.335102593191186
leaf_weight=78 56 70 50 55 71 50 64 64 51
leaf_count=78 56 70 50 55 71 50 64 64 51
internal_value=0.280014 -10.457 -21.4877 5.45648 0.432814 5.5683 -2.29589 17.6073 -13.7765
internal_weight=609 198 128 411 291 236 165 120 101
internal_count=609 198 128 411 291 236 165 120 101
is_linear=0
shrinkage=0.03


Tree=71
num_leaves=9
num_cat=0
split_feature=24 21 24 24 24 24 14 24
split_gain=3.34037e+08 7.01802e+07 1.74685e+08 1.11289e+08 6.06719e+07 5.22082e+07 1.06226e+07 1.0083e+07
threshold=7324.0750000000007 0.72636700158646239 1.0000000180025095e-35 3959.7222222222226 10231.480555555558 4625.0000000000009 194.00000000000003 9069.4444444444471
decision_type=2 2 2 2 2 2 2 2
left_child=1 2 -1 -3 7 -4 -5 -2
right_child=4 3 5 6 -6 -7 -8 -9
leaf_value=37.875684735149299 9.5743290610837306 -55.173703887358492 -48.439615441037901 0.72559347021887843 46.215663686899042 -7.3326830689864302 -18.796298282160674 25.218959751034259
leaf_weight=58 98 89 51 50 92 61 50 60
leaf_count=58 98 89 51 50 92 61 50 60
internal_value=0.271302 -18.264 -4.26479 -30.8292 26.8781 -26.1305 -9.06229 15.5519
internal_weight=609 359 170 189 250 112 100 158
internal_count=609 359 170 189 250 112 100 158
is_linear=0
shrinkage=0.03


Tree=72
num_leaves=10
num_cat=0
split_feature=24 21 24 24 24 24 0 10 24
split_gain=3.14796e+08 7.74481e+07 1.76261e+08 8.23763e+07 7.08714e+07 3.84868e+07 2.17624e+07 1.56493e+07 5.90613e+06
threshold=6811.1111111111122 0.72636700158646239 1.0000000180025095e-35 3013.8888888888891 9861.1111111111131 4625.0000000000009 49.800000000000004 5.5000000000000009 8493.0555555555566
decision_type=2 2 2 2 2 2 2 2 2
left_child=1 2 -1 -3 7 -4 -6 -2 -9
right_child=4 3 5 -5 6 -7 -8 8 -10
leaf_value=36.745262642233904 23.680705670261883 -57.073753942087158 -46.994925240856865 -14.740717235537895 56.172737201445287 -9.9330678052989914 29.630243623772081 -1.9068139484772673 11.970954589692072
leaf_weight=58 57 76 51 91 51 50 64 61 50
leaf_count=58 57 76 51 91 51 50 64 61 50
internal_value=0.263013 -19.8247 -4.8225 -34.0739 23.3994 -28.7313 41.5169 10.9457 4.35977
internal_weight=609 326 159 167 283 101 115 168 111
internal_count=609 326 159 167 283 101 115 168 111
is_linear=0
shrinkage=0.03


Tree=73
num_leaves=9
num_cat=0
split_feature=3 1 1 0 8 22 26 6
split_gain=3.21611e+07 1.1559e+08 3.28048e+07 1.91691e+07 8.48176e+06 7.35081e+06 5.36931e+06 2.63621e+06
threshold=61.350000000000001 0.65000000000000013 0.11250000000000002 13.850000000000003 4.7500000000000009 0.68301270189221941 5.6500000000000012 2.6500000000000008
decision_type=2 2 2 2 2 2 2 2
left_child=1 -1 -2 -4 -3 6 -5 -8
right_child=2 4 3 5 -6 -7 7 -9
leaf_value=-46.501649101491864 24.367145270869742 12.322618893400875 18.442969027115385 -5.2825609471927795 -2.2939909183893104 -11.34478742226826 7.4933194232806306 -0.44978917236241822
leaf_weight=55 66 67 50 86 76 56 87 66
leaf_count=55 66 67 50 86 76 56 87 66
internal_value=0.255529 -9.66848 5.04003 1.32468 4.56575 -1.59248 0.703898 4.07265
internal_weight=609 198 411 345 143 295 239 153
internal_count=609 198 411 345 143 295 239 153
is_linear=0
shrinkage=0.03


Tree=74
num_leaves=10
num_cat=0
split_feature=3 1 27 21 29 27 0 21 21
split_gain=3.10938e+07 8.36304e+07 5.60661e+07 4.59148e+07 1.48875e+07 1.08651e+07 6.21418e+06 4.00802e+06 2.50275e+06
threshold=77.350000000000009 0.65000000000000013 0.49002412863433359 0.87878342638848084 1.0000000180025095e-35 0.28433548840379819 80.300000000000011 0.77356471115091818 0.85604485609308034
decision_type=2 2 2 2 2 2 2 2 2
left_child=1 2 -1 4 -2 6 -3 -7 -8
right_child=3 5 -4 -5 -6 7 8 -9 -10
leaf_value=-49.652512949256092 10.138636792946796 14.98446144715016 -5.187868266475367 -9.6857336181986913 30.824230819530726 -10.015109071229634 8.0766001679000734 0.92351158261787014 -0.57570009139778178
leaf_weight=52 61 69 50 68 65 51 59 73 61
leaf_count=52 61 69 50 68 65 51 59 73 61
internal_value=0.247814 -4.38667 -27.9353 10.1533 20.8577 3.30671 7.82924 -3.58868 3.68781
internal_weight=609 415 102 194 126 313 189 124 120
internal_count=609 415 102 194 126 313 189 124 120
is_linear=0
shrinkage=0.03


Tree=75
num_leaves=9
num_cat=0
split_feature=24 1 21 24 24 24 20 27
split_gain=2.552e+08 6.45631e+07 1.36243e+08 1.01948e+08 5.94497e+07 2.24149e+07 1.18608e+07 5.92617e+06
threshold=7416.666666666667 0.11250000000000002 0.68170440464120774 3535.7142857142862 9958.3333333333339 6030.5555555555557 10.309850000000003 0.064507852084056461
decision_type=2 2 2 2 2 2 2 2
left_child=1 2 -1 -3 7 6 -5 -2
right_child=4 3 -4 5 -6 -7 -8 -9
leaf_value=39.563946598727945 6.9078606856870488 -55.912952866360072 -29.921267759423507 -12.090505770158105 42.358045185085111 -2.5900470857237989 -32.546794934988469 19.672808746279539
leaf_weight=50 89 66 51 50 95 97 53 52
leaf_count=50 89 66 51 50 95 97 53 52
internal_value=-0.272418 -15.9185 4.49256 -23.6649 24.0478 -12.9552 -22.6806 11.6473
internal_weight=603 367 101 266 236 200 103 141
internal_count=603 367 101 266 236 200 103 141
is_linear=0
shrinkage=0.03


Tree=76
num_leaves=7
num_cat=0
split_feature=14 1 21 2 5 27
split_gain=2.47978e+07 4.09376e+07 3.76764e+07 1.41048e+07 2.31964e+07 6.8365e+06
threshold=29.000000000000004 0.15476190476190474 1.3040295332248781 22.150000000000002 23.500000000000004 -0.5416228050394748
decision_type=2 2 2 2 2 2
left_child=-1 -2 3 4 5 -3
right_child=1 2 -4 -5 -6 -7
leaf_value=-18.51667421976725 20.084574426941387 3.2479886941409206 18.773548276512972 7.6513539384823259 -26.346194575730973 -7.4267878855902376
leaf_weight=60 91 74 67 61 52 198
leaf_count=60 91 74 67 61 52 198
internal_value=-0.264612 1.76128 -1.93855 -5.55483 -8.04598 -4.52221
internal_weight=603 543 452 385 324 272
internal_count=603 543 452 385 324 272
is_linear=0
shrinkage=0.03


Tree=77
num_leaves=9
num_cat=0
split_feature=24 0 21 24 24 24 3 22
split_gain=2.40675e+08 6.64551e+07 1.03594e+08 1.72459e+08 9.32981e+07 4.895e+07 6.05514e+06 4.11713e+06
threshold=7675.9250000000002 12.450000000000001 0.66641489361702144 1836.6666666666667 4407.4083333333338 9958.3333333333339 63.850000000000001 -0.24999999999999994
decision_type=2 2 2 2 2 2 2 2
left_child=1 -1 3 -3 -4 7 -6 -2
right_child=5 2 4 -5 6 -7 -8 -9
leaf_value=-46.67643182682469 7.2176054161382481 54.766170680992168 -47.223114834205113 -15.916656836530819 1.9445848276506124 41.058059985149818 -11.701987583654196 18.265342465345771
leaf_weight=50 66 50 84 81 50 95 70 57
leaf_count=50 66 50 84 81 50 95 70 57
internal_value=-0.256711 -14.5156 -9.67799 11.1249 -23.0335 24.9106 -6.02517 12.3693
internal_weight=603 385 335 131 204 218 120 123
internal_count=603 385 335 131 204 218 120 123
is_linear=0
shrinkage=0.03


Tree=78
num_leaves=10
num_cat=0
split_feature=9 3 21 23 27 3 3 9 8
split_gain=2.43036e+07 3.60869e+07 7.79893e+07 4.77524e+07 3.4966e+07 2.77267e+07 1.89636e+07 6.67585e+06 2.8293e+06
threshold=9.5000000000000018 72.550000000000011 0.51795943708609282 1.0000000180025095e-35 0.49002412863433359 60.850000000000001 46.95000000000001 0.25000000000000006 5.9500000000000011
decision_type=2 2 2 2 2 2 2 2 2
left_child=1 3 -3 5 6 -1 -5 -4 -8
right_child=-2 2 7 4 -6 -7 8 -9 -10
leaf_value=-36.349145849796763 -18.153766252862297 42.200503331817295 -4.9986945171731927 -17.490128851286403 22.536161215323865 -6.6022651813380531 8.7914846856151243 8.075758648658482 -0.94680631105412449
leaf_weight=51 61 55 86 57 64 63 53 59 54
leaf_count=51 61 55 86 57 64 63 53 59 54
internal_value=-0.248982 1.77504 11.8881 -4.14425 3.78474 -19.9706 -3.56062 0.326883 3.88784
internal_weight=603 542 200 342 228 114 164 145 107
internal_count=603 542 200 342 228 114 164 145 107
is_linear=0
shrinkage=0.03


Tree=79
num_leaves=10
num_cat=0
split_feature=24 1 2 24 24 14 24 24 14
split_gain=2.25999e+08 5.62468e+07 1.36479e+08 9.38444e+07 5.18563e+07 2.48046e+07 1.72615e+07 1.2235e+07 5.6664e+06
threshold=7416.666666666667 0.11250000000000002 9.8500000000000032 3111.1111111111118 9958.3333333333339 153.50000000000003 6199.0750000000007 5641.2027777777785 175.50000000000003
decision_type=2 2 2 2 2 2 2 2 2
left_child=1 2 -1 -3 8 7 -7 -5 -2
right_child=4 3 -4 5 -6 6 -8 -9 -10
leaf_value=39.189033164295473 19.15389595521847 -56.600927432282148 -30.356215259038912 -12.937139326512922 39.746156924228728 -35.88176081428751 -11.01636862327754 7.1130782671132806 6.5689906981636375
leaf_weight=50 50 56 51 55 95 51 50 54 91
leaf_count=50 50 56 51 55 95 51 50 54 91
internal_value=-0.241557 -14.9653 4.08614 -22.1956 22.645 -12.9532 -23.6413 -3.01166 11.063
internal_weight=603 367 101 266 236 210 101 109 141
internal_count=603 367 101 266 236 210 101 109 141
is_linear=0
shrinkage=0.03


Tree=80
num_leaves=9
num_cat=0
split_feature=24 24 1 24 10 8 10 24
split_gain=2.50751e+08 4.84898e+07 7.23904e+07 6.3283e+07 3.90733e+07 1.95477e+07 1.11578e+07 1.05814e+07
threshold=8458.3333333333339 6375.186111111112 0.11250000000000002 2794.4444444444448 6.5000000000000009 16.350000000000005 5.5000000000000009 10125.000000000002
decision_type=2 2 2 2 2 2 2 2
left_child=1 2 -1 -4 -2 -5 -3 -6
right_child=4 6 3 5 7 -7 -8 -9
leaf_value=2.7553408559931731 52.017315209856086 13.543068175390752 -56.27024500051256 -9.8594677332702343 11.817807183951722 -33.170328733622434 -3.7893984489512178 29.632086193378154
leaf_weight=99 55 57 54 92 56 50 80 66
leaf_count=99 55 57 54 92 56 50 80 66
internal_value=1.01407 -11.3085 -18.1523 -28.7009 31.0577 -18.1202 3.43569 21.5042
internal_weight=609 432 295 196 177 142 137 122
internal_count=609 432 295 196 177 142 137 122
is_linear=0
shrinkage=0.03


Tree=81
num_leaves=9
num_cat=0
split_feature=24 24 24 24 14 8 14 24
split_gain=2.36191e+08 5.16502e+07 6.81336e+07 5.95643e+07 3.83813e+07 1.84006e+07 1.05449e+07 7.80535e+06
threshold=8828.7027777777785 6375.186111111112 1.0000000180025095e-35 2794.4444444444448 185.50000000000003 16.350000000000005 148.50000000000003 10625.000000000002
decision_type=2 2 2 2 2 2 2 2
left_child=1 2 -1 -4 -2 -5 -3 -6
right_child=4 6 3 5 7 -7 -8 -9
leaf_value=2.6729300724271563 53.389491265391747 13.682899721439798 -54.591463822001252 -9.5646449749906299 14.441954038249913 -32.181154179355019 -2.4868852111465434 30.440945406780642
leaf_weight=99 51 60 54 92 60 50 91 52
leaf_count=99 51 60 54 92 60 50 91 52
internal_value=0.983744 -10.3124 -17.6107 -27.8444 31.8543 -17.5793 3.95253 21.9316
internal_weight=609 446 295 196 163 142 151 112
internal_count=609 446 295 196 163 142 151 112
is_linear=0
shrinkage=0.03


Tree=82
num_leaves=9
num_cat=0
split_feature=24 24 1 24 27 7 14 24
split_gain=2.22428e+08 4.28553e+07 6.41271e+07 5.6064e+07 3.95209e+07 1.75344e+07 9.9177e+06 8.73257e+06
threshold=8458.3333333333339 6375.186111111112 0.11250000000000002 2794.4444444444448 0.064507852084056461 23.850000000000005 153.50000000000003 10125.000000000002
decision_type=2 2 2 2 2 2 2 2
left_child=1 2 -1 -4 7 -5 -3 -2
right_child=4 6 3 5 -6 -7 -8 -9
leaf_value=2.5929853350590366 11.464533097431922 12.739031359387944 -52.962768362477341 -9.2312994924526688 51.795642994146938 -31.308343832459652 -3.6018134072708761 27.366281472988859
leaf_weight=99 57 57 54 92 50 50 80 70
leaf_count=99 57 57 54 92 50 50 80 70
internal_value=0.954465 -10.6513 -17.0852 -27.0135 29.2505 -17.0546 3.20985 20.2732
internal_weight=609 432 295 196 177 142 137 127
internal_count=609 432 295 196 177 142 137 127
is_linear=0
shrinkage=0.03


Tree=83
num_leaves=9
num_cat=0
split_feature=24 24 1 24 0 8 10 24
split_gain=2.10119e+08 4.66419e+07 6.03562e+07 5.27694e+07 3.14511e+07 1.66128e+07 9.48077e+06 5.37257e+06
threshold=8851.8527777777799 6375.186111111112 0.11250000000000002 2794.4444444444448 38.550000000000004 16.350000000000005 5.5000000000000009 10430.555555555557
decision_type=2 2 2 2 2 2 2 2
left_child=1 2 -1 -4 -2 -5 -3 -6
right_child=4 6 3 5 7 -7 -8 -9
leaf_value=2.5154299811510161 49.284534420278234 12.70037505129361 -51.382663741138096 -8.9308430010525921 14.528978030818919 -30.419501446558989 -2.4114848572061462 28.146348914114192
leaf_weight=99 53 63 54 92 57 50 91 50
leaf_count=99 53 63 54 92 57 50 91 50
internal_value=0.925962 -9.59483 -16.5754 -26.2074 30.4127 -16.5455 3.78325 20.9532
internal_weight=609 449 295 196 160 142 154 107
internal_count=609 449 295 196 160 142 154 107
is_linear=0
shrinkage=0.03


Tree=84
num_leaves=10
num_cat=0
split_feature=6 1 1 6 3 9 26 21 21
split_gain=2.9052e+07 8.25328e+07 6.71302e+07 1.81001e+07 1.02098e+07 7.55075e+06 5.00214e+06 3.59557e+06 776952
threshold=2.7500000000000004 0.45000000000000007 0.11250000000000002 5.0500000000000007 51.45000000000001 0.15000000000000005 9.4500000000000046 0.87481579722959057 0.76513342898134873
decision_type=2 2 2 2 2 2 2 2 2
left_child=1 -1 -2 4 -4 8 7 -3 -6
right_child=2 6 3 -5 5 -7 -8 -9 -10
leaf_value=-39.677997616088192 36.447112472290257 9.2174150372607233 15.058988325688329 -14.922413256524017 -6.8101945309871796 7.7956610537228528 -5.538170788232069 -0.46201789080207034 -1.7612134663752579
leaf_weight=54 56 81 59 54 55 80 55 60 55
leaf_count=54 56 81 59 54 55 80 55 60 55
internal_value=0.89839 -6.94874 6.36423 0.773774 4.19166 0.798606 2.11532 5.10621 -4.29744
internal_weight=609 250 359 303 249 190 196 141 110
internal_count=609 250 359 303 249 190 196 141 110
is_linear=0
shrinkage=0.03


Tree=85
num_leaves=10
num_cat=0
split_feature=24 3 24 24 24 14 27 14 24
split_gain=1.70904e+08 9.42766e+07 1.50555e+08 5.74136e+07 3.75408e+07 1.7123e+07 1.21482e+07 9.27885e+06 1.42972e+06
threshold=6811.1111111111122 51.45000000000001 1.0000000180025095e-35 4138.8888888888896 9699.0750000000007 150.50000000000003 -0.45206801762443477 153.50000000000003 8157.4083333333338
decision_type=2 2 2 2 2 2 2 2 2
left_child=1 -1 -3 -4 7 -5 -6 -2 -9
right_child=4 2 3 5 6 -7 -8 8 -10
leaf_value=-46.972797890559704 17.490514276949458 27.404692221180937 -44.378174663215738 0.8757342085319858 20.865907662545236 -22.059739273815619 41.998069640627918 -0.88970592464651788 6.1362642968952334
leaf_weight=67 61 79 66 65 50 53 50 50 54
leaf_count=67 61 79 66 65 50 53 50 50 54
internal_value=-0.884005 -15.2859 -7.16928 -22.034 17.0475 -9.45553 31.5261 8.23119 2.76546
internal_weight=595 330 263 184 265 118 100 165 104
internal_count=595 330 263 184 265 118 100 165 104
is_linear=0
shrinkage=0.03


Tree=86
num_leaves=10
num_cat=0
split_feature=24 0 8 24 24 27 10 5 24
split_gain=1.60857e+08 8.49867e+07 1.29606e+08 8.4918e+07 3.53359e+07 1.14344e+07 8.73305e+06 3.14685e+06 1.34569e+06
threshold=6811.1111111111122 11.050000000000002 16.450000000000003 3601.8527777777781 9699.0750000000007 -0.45206801762443477 5.5000000000000009 11.15 8157.4083333333338
decision_type=2 2 2 2 2 2 2 2 2
left_child=1 -1 3 -3 6 -6 -2 -5 -8
right_child=4 2 -4 7 5 -7 8 -9 -10
leaf_value=-49.525390601310228 16.96836680177374 -44.187266309946111 22.386072571401936 1.4039367805168643 20.243663649359942 40.745642140200786 -0.86317391442494174 -8.9206058346298249 5.9531934436250129
leaf_weight=53 61 85 86 51 50 50 50 55 54
leaf_count=53 61 85 86 51 50 50 50 55 54
internal_value=-0.857477 -14.8297 -8.14473 -21.9052 16.5389 30.586 7.98549 -3.96311 2.68295
internal_weight=595 330 277 191 265 100 165 106 104
internal_count=595 330 277 191 265 100 165 106 104
is_linear=0
shrinkage=0.03


Tree=87
num_leaves=10
num_cat=0
split_feature=24 3 1 24 24 10 10 0 24
split_gain=1.514e+08 8.57242e+07 1.42161e+08 5.16865e+07 3.32605e+07 1.67055e+07 8.21936e+06 8.01609e+06 1.2666e+06
threshold=6811.1111111111122 51.45000000000001 0.15476190476190474 4138.8888888888896 9699.0750000000007 5.5000000000000009 5.5000000000000009 53.150000000000013 8157.4083333333338
decision_type=2 2 2 2 2 2 2 2 2
left_child=1 -1 -3 -4 6 -5 -2 -6 -8
right_child=4 2 3 5 7 -7 8 -9 -10
leaf_value=-44.602226139652423 16.461807124276337 26.948268117050805 -42.292791229626715 1.0468892348086485 38.207208772511414 -21.60650024585831 -0.83743324151925491 20.963329973770659 5.775584363911034
leaf_weight=67 61 79 66 65 50 53 50 50 54
leaf_count=67 61 79 66 65 50 53 50 50 54
internal_value=-0.831688 -14.3869 -6.64744 -21.0921 16.0456 -9.15685 7.74713 29.6738 2.6029
internal_weight=595 330 263 184 265 118 165 100 104
internal_count=595 330 263 184 265 118 165 100 104
is_linear=0
shrinkage=0.03


Tree=88
num_leaves=10
num_cat=0
split_feature=24 3 1 24 24 22 14 14 24
split_gain=1.42739e+08 8.4145e+07 1.47045e+08 3.78913e+07 3.67742e+07 2.3431e+07 1.14315e+07 6.86306e+06 2.53742e+06
threshold=6375.186111111112 52.050000000000004 0.15476190476190474 9101.8527777777799 3535.7142857142862 -0.24999999999999994 138.50000000000003 106.50000000000001 7703.7027777777785
decision_type=2 2 2 2 2 2 2 2 2
left_child=1 -1 -3 7 -4 -5 -6 -2 -9
right_child=3 2 4 5 6 -7 -8 8 -10
leaf_value=-45.866818232795872 13.749074134607843 26.142878704095097 -45.180386588701431 15.600192017791219 -3.8846792730911281 42.01908530698185 -23.682425341078311 -3.4841764504473245 5.2631341509544418
leaf_weight=64 52 79 50 75 52 51 53 62 57
leaf_count=64 52 79 50 75 52 51 53 62 57
internal_value=-0.806735 -15.4681 -7.10582 13.9047 -24.0698 26.368 -13.9169 4.69113 0.708335
internal_weight=595 298 234 297 155 126 105 171 119
internal_count=595 298 234 297 155 126 105 171 119
is_linear=0
shrinkage=0.03


Tree=89
num_leaves=11
num_cat=0
split_feature=14 1 1 8 0 26 29 0 21 26
split_gain=4.74202e+07 1.45135e+08 1.25671e+08 1.1176e+07 5.40512e+06 4.744e+06 2.46118e+06 2.19337e+06 1.47135e+06 1.13662e+06
threshold=148.50000000000003 1.0000000180025095e-35 0.18333333333333332 21.750000000000004 32.45000000000001 8.3500000000000032 1.0000000180025095e-35 84.250000000000014 0.7190276859807595 7.6500000000000012
decision_type=2 2 2 2 2 2 2 2 2 2
left_child=1 -1 -2 4 -4 7 -7 -3 -6 -10
right_child=2 5 3 -5 8 6 -8 -9 9 -11
leaf_value=-54.579483695253863 50.338256942415327 10.003249954312867 11.081553238400408 -10.893977863585496 3.4602879279746674 -8.1545504158421576 1.1459204485263044 1.1655615654143376 -5.5362939810613447 0.81537842600767463
leaf_weight=53 50 51 50 76 62 51 51 50 51 50
leaf_count=53 50 51 50 76 62 51 51 50 51 50
internal_value=-0.782824 -10.5221 6.57469 -1.04118 2.48471 1.04408 -3.5145 5.64465 -0.167816 -2.39871
internal_weight=595 256 339 289 213 203 102 101 163 101
internal_count=595 256 339 289 213 203 102 101 163 101
is_linear=0
shrinkage=0.03


Tree=90
num_leaves=9
num_cat=0
split_feature=8 14 21 1 2 25 0 0
split_gain=3.44819e+07 3.64933e+07 6.66025e+07 5.77421e+07 8.73548e+06 7.22481e+06 7.73409e+06 4.01604e+06
threshold=24.150000000000002 161.50000000000003 0.59111320754717001 1.0000000180025095e-35 15.150000000000002 23.121180000000003 70.700000000000017 47.550000000000004
decision_type=2 2 2 2 2 2 2 2
left_child=1 3 -3 -1 7 6 -4 -5
right_child=-2 2 5 4 -6 -7 -8 -9
leaf_value=-32.280219705791374 -22.628882961997501 32.94855879702277 12.461222612133669 -9.9501483237719679 9.0043540337519463 -9.3952041420453121 -1.9031678023966181 0.91842601142167124
leaf_weight=57 55 80 56 50 86 50 84 78
leaf_count=57 55 80 56 50 86 50 84 78
internal_value=-0.064091 2.24118 10.0418 -5.53318 1.62621 0.360131 3.85688 -3.34038
internal_weight=596 541 270 271 214 190 140 128
internal_count=596 541 270 271 214 190 140 128
is_linear=0
shrinkage=0.03


Tree=91
num_leaves=10
num_cat=0
split_feature=24 0 21 24 24 24 14 24 14
split_gain=1.49548e+08 6.95166e+07 7.74053e+07 1.11756e+08 4.68173e+07 4.08014e+07 8.03572e+06 6.16141e+06 5.49168e+06
threshold=7268.5194444444451 11.050000000000002 0.66641489361702144 1836.6666666666667 2535.7142857142862 11268.519444444444 163.50000000000003 9561.1111111111113 163.50000000000003
decision_type=2 2 2 2 2 2 2 2 2
left_child=1 -1 3 -3 -4 6 -2 -8 -6
right_child=5 2 4 -5 8 -7 7 -9 -10
leaf_value=-43.855338528116022 22.237809413204609 45.847035662004529 -42.585416768575875 -11.055194236853906 -3.2750152232234364 42.470248618154351 2.7221992659358327 15.65696852679028 -16.094040325496803
leaf_weight=53 50 50 55 81 65 50 79 57 56
leaf_count=53 50 50 55 81 65 50 79 57 56
internal_value=-0.0624827 -12.2263 -6.72836 10.7183 -19.7104 18.4844 11.9785 8.16598 -9.23299
internal_weight=596 360 307 131 176 236 186 136 121
internal_count=596 360 307 131 176 236 186 136 121
is_linear=0
shrinkage=0.03


Tree=92
num_leaves=10
num_cat=0
split_feature=24 0 21 24 24 24 24 24 27
split_gain=1.41203e+08 6.42949e+07 5.80843e+07 1.00271e+08 6.00035e+07 2.48385e+07 1.62369e+07 8.88855e+06 3.5881e+06
threshold=8458.3333333333339 11.050000000000002 0.66641489361702144 1836.6666666666667 2535.7142857142862 11268.519444444444 5641.2027777777785 6375.186111111112 -0.38168568572378597
decision_type=2 2 2 2 2 2 2 2 2
left_child=1 -1 3 -3 -4 8 -5 -6 -2
right_child=5 2 4 6 7 -7 -8 -9 -10
leaf_value=-38.362998168971487 11.020095798735671 44.479828352880759 -41.314785398514317 -19.205720152603952 -12.157234270445391 41.203740284713078 4.7944974373349138 1.6263267947091751 21.840590929103417
leaf_weight=58 64 50 55 51 84 50 50 84 50
leaf_count=58 64 50 55 51 84 50 50 84 50
internal_value=-0.0604256 -9.05802 -4.48626 9.86943 -14.2072 23.6138 -7.34532 -5.27479 15.8109
internal_weight=596 432 374 151 223 164 101 168 114
internal_count=596 432 374 151 223 164 101 168 114
is_linear=0
shrinkage=0.03


Tree=93
num_leaves=10
num_cat=0
split_feature=24 0 21 24 24 24 14 24 27
split_gain=1.33205e+08 6.19757e+07 6.86394e+07 9.90496e+07 4.13964e+07 3.59956e+07 7.58832e+06 5.58765e+06 5.39287e+06
threshold=7268.5194444444451 11.050000000000002 0.66641489361702144 1836.6666666666667 2535.7142857142862 11268.519444444444 163.50000000000003 9561.1111111111113 0.30081702196488996
decision_type=2 2 2 2 2 2 2 2 2
left_child=1 -1 3 -3 -4 6 -2 -8 -6
right_child=5 2 4 -5 8 -7 7 -9 -10
leaf_value=-41.402670917475199 21.303407715632474 43.15339222477634 -40.082065527365828 -10.416401553840215 -15.296815371897781 39.975000579712642 2.4475467865760958 14.764538641724911 -2.6207481676707336
leaf_weight=53 50 50 55 81 58 50 79 57 63
leaf_count=53 50 50 55 81 58 50 79 57 63
internal_value=-0.0584012 -11.5383 -6.34719 10.0819 -18.5721 17.4457 11.3348 7.63102 -8.71976
internal_weight=596 360 307 131 176 236 186 136 121
internal_count=596 360 307 131 176 236 186 136 121
is_linear=0
shrinkage=0.03


Tree=94
num_leaves=10
num_cat=0
split_feature=24 0 24 24 27 14 24 24 24
split_gain=1.25765e+08 5.69331e+07 4.87193e+07 5.39478e+07 2.37303e+07 1.10733e+07 1.02488e+07 6.64018e+06 4.72792e+06
threshold=8458.3333333333339 11.050000000000002 1.0000000180025095e-35 5036.1111111111122 -0.16703770319492153 148.50000000000003 3535.7142857142862 10143.519444444446 7018.5194444444451
decision_type=2 2 2 2 2 2 2 2 2
left_child=1 -1 -3 6 7 -5 -4 -2 -7
right_child=4 2 3 5 -6 8 -8 -9 -10
leaf_value=-36.124272500033236 7.4895153997651924 16.804928058025023 -35.748358526385069 8.3535830507361588 39.476354907966751 -12.955133157696642 -17.101327799247755 22.012287637497138 -0.39901668398792212
leaf_weight=58 58 78 55 80 50 51 53 56 57
leaf_count=58 58 78 55 80 50 51 53 56 57
internal_value=-0.0564704 -8.54798 -4.24589 -9.8045 22.2861 -0.0885251 -26.6703 14.6626 -6.34784
internal_weight=596 432 374 296 164 188 108 114 108
internal_count=596 432 374 296 164 188 108 114 108
is_linear=0
shrinkage=0.03


Tree=95
num_leaves=10
num_cat=0
split_feature=24 0 8 1 24 14 14 24 8
split_gain=1.47603e+08 9.08735e+07 9.96791e+07 1.6616e+08 3.84108e+07 2.10234e+07 6.61155e+06 5.59728e+06 1.33513e+06
threshold=6375.186111111112 11.050000000000002 8.5500000000000025 0.15476190476190474 10736.111111111113 159.50000000000003 87.500000000000014 7453.7027777777785 18.150000000000002
decision_type=2 2 2 2 2 2 2 2 2
left_child=1 -1 -3 -4 6 -5 -2 -8 -9
right_child=4 2 3 5 -6 -7 7 8 -10
leaf_value=-53.816602650712547 16.090156916901897 -35.415311591903325 41.339180927597909 -6.4172650338334645 31.777808045819295 -33.798582421638379 -4.3310509768498795 9.8160066216729138 3.7335284433814242
leaf_weight=50 52 88 65 51 71 50 52 77 57
leaf_count=50 52 88 65 51 71 50 52 77 57
internal_value=-2.1368 -16.9701 -9.66184 4.0298 12.4587 -20.0324 6.66269 4.00534 7.24287
internal_weight=613 304 254 166 309 101 238 186 134
internal_count=613 304 254 166 309 101 238 186 134
is_linear=0
shrinkage=0.03


Tree=96
num_leaves=10
num_cat=0
split_feature=24 0 8 1 24 14 24 14 24
split_gain=1.38921e+08 8.55365e+07 9.3806e+07 1.56388e+08 3.6271e+07 1.97882e+07 6.88598e+06 6.25035e+06 2.8652e+06
threshold=6375.186111111112 11.050000000000002 8.5500000000000025 0.15476190476190474 11287.036111111114 159.50000000000003 9527.7777777777792 106.50000000000001 7476.852777777779
decision_type=2 2 2 2 2 2 2 2 2
left_child=1 -1 -3 -4 6 -5 7 -2 -9
right_child=4 2 3 5 -6 -7 -8 8 -10
leaf_value=-52.211732887914827 13.190608605855402 -34.356462205965677 40.104702494681149 -6.2258728970979389 35.131549075165687 -32.790672386351446 15.509858696233497 -4.4512996160459783 4.5081536777995499
leaf_weight=50 53 88 65 51 51 50 70 52 83
leaf_count=50 53 88 65 51 51 50 70 52 83
internal_value=-2.07315 -16.4636 -9.3732 3.90897 12.0866 -19.435 7.49569 4.49169 1.05482
internal_weight=613 304 254 166 309 101 258 188 135
internal_count=613 304 254 166 309 101 258 188 135
is_linear=0
shrinkage=0.03


Tree=97
num_leaves=10
num_cat=0
split_feature=24 0 8 24 24 14 14 24 8
split_gain=1.30752e+08 8.05129e+07 8.8279e+07 1.47192e+08 3.4158e+07 1.86257e+07 5.9536e+06 4.93546e+06 1.26032e+06
threshold=6375.186111111112 11.050000000000002 8.5500000000000025 1.0000000180025095e-35 10736.111111111113 159.50000000000003 87.500000000000014 7453.7027777777785 18.150000000000002
decision_type=2 2 2 2 2 2 2 2 2
left_child=1 -1 -3 -4 6 -5 -2 -8 -9
right_child=4 2 3 5 -6 -7 7 8 -10
leaf_value=-50.654724059967585 15.206129987581738 -33.329270345962193 38.907089148195737 -6.0401889958298005 29.944092428614013 -31.812819632213582 -4.0893310624554777 9.2781746021186873 3.3713021816133826
leaf_weight=50 52 88 65 51 71 50 52 77 57
leaf_count=50 52 88 65 51 71 50 52 77 57
internal_value=-2.01127 -15.9722 -9.09319 3.79175 11.7259 -18.8554 6.26016 3.73863 6.77876
internal_weight=613 304 254 166 309 101 238 186 134
internal_count=613 304 254 166 309 101 238 186 134
is_linear=0
shrinkage=0.03


Tree=98
num_leaves=10
num_cat=0
split_feature=24 0 8 1 24 14 14 24 24
split_gain=1.23062e+08 7.57843e+07 8.30776e+07 1.38536e+08 3.2503e+07 1.75314e+07 6.22092e+06 6.20672e+06 2.28851e+06
threshold=6375.186111111112 11.050000000000002 8.5500000000000025 0.15476190476190474 11287.036111111114 159.50000000000003 75.500000000000014 7874.0750000000007 9750.0000000000018
decision_type=2 2 2 2 2 2 2 2 2
left_child=1 -1 -3 -4 6 -5 -2 -8 -9
right_child=4 2 3 5 -6 -7 7 8 -10
leaf_value=-49.144145303047438 16.503064835398618 -32.332789004791358 37.745238828673656 -5.8600430096520322 33.190696514339471 -30.86412676126772 -2.1638985169646272 5.4808277427650456 13.597715031584801
leaf_weight=50 50 88 65 51 51 50 75 82 51
leaf_count=50 50 88 65 51 51 50 75 82 51
internal_value=-1.95136 -15.4955 -8.82153 3.67805 11.3757 -18.2931 7.02984 4.73209 8.61698
internal_weight=613 304 254 166 309 101 258 208 133
internal_count=613 304 254 166 309 101 258 208 133
is_linear=0
shrinkage=0.03


Tree=99
num_leaves=10
num_cat=0
split_feature=24 0 21 1 21 24 24 14 24
split_gain=1.15827e+08 7.13335e+07 7.83618e+07 1.88286e+08 4.44511e+07 3.05933e+07 5.90022e+06 5.24899e+06 2.39537e+06
threshold=6375.186111111112 11.050000000000002 0.74898373983739841 0.18333333333333332 0.93244053107136271 11287.036111111114 9527.7777777777792 106.50000000000001 7476.852777777779
decision_type=2 2 2 2 2 2 2 2 2
left_child=1 -1 3 -3 -4 6 7 -2 -9
right_child=5 2 4 -5 -6 -7 -8 8 -10
leaf_value=-47.678614484358498 12.011346238075458 50.251862712038154 -48.028171963549518 -21.216749959992633 -10.403673621757473 32.20079834095916 14.238293253761606 -4.1439531611849203 4.0479750884080135
leaf_weight=50 53 54 50 85 65 51 70 52 83
leaf_count=50 53 54 50 85 65 51 70 52 83
internal_value=-1.89302 -15.033 -8.558 6.5964 -26.8446 11.0364 6.82011 4.03968 0.890307
internal_weight=613 304 254 139 115 309 258 188 135
internal_count=613 304 254 139 115 309 258 188 135
is_linear=0
shrinkage=0.03


Tree=100
num_leaves=9
num_cat=0
split_feature=24 28 24 26 27 14 24 27
split_gain=1.30943e+08 7.92404e+07 3.33909e+07 3.10599e+07 3.82928e+07 1.19678e+07 1.00174e+07 2.68423e+06
threshold=5641.2027777777785 0.76110425866077458 11287.036111111114 6.5000000000000018 0.74981945761428193 155.50000000000003 8655.5555555555566 0.74409704927257569
decision_type=2 2 2 2 2 2 2 2
left_child=1 3 5 -1 -5 7 -7 -2
right_child=2 -3 -4 4 -6 6 -8 -9
leaf_value=-24.09611528917241 19.357835662265419 -51.165804924901089 32.837965607401387 17.246218676768105 -17.623008290285565 -4.7711255377008834 9.0366234966924424 9.9251936064256334
leaf_weight=77 50 52 50 59 54 99 90 62
leaf_count=77 50 52 50 59 54 99 90 62
internal_value=-1.49467 -18.4599 10.2079 -9.44224 0.580427 6.41979 1.80785 14.1767
internal_weight=593 242 351 190 113 301 189 112
internal_count=593 242 351 190 113 301 189 112
is_linear=0
shrinkage=0.03


Tree=101
num_leaves=10
num_cat=0
split_feature=0 1 5 23 4 9 4 14 14
split_gain=1.0231e+08 1.51707e+08 1.27894e+08 9.86786e+06 5.20538e+06 3.55711e+06 3.3724e+06 1.22154e+06 1.15631e+06
threshold=5.7500000000000009 0.65000000000000013 17.550000000000004 0.6830127018922193 1019.2500000000001 0.55000000000000016 1013.6500000000002 194.00000000000003 185.50000000000003
decision_type=2 2 2 2 2 2 2 2 2
left_child=-1 2 -2 5 -5 6 7 -3 -7
right_child=1 3 -4 4 -6 8 -8 -9 -10
leaf_value=39.483506538777888 -69.272288885801544 2.7611466939752969 -5.9410924518827901 14.770605472248633 2.4373626272301925 -1.2763777612644447 -3.1738720720493956 8.6887944897274227 -7.6663817707211299
leaf_weight=50 54 79 61 78 51 50 66 52 52
leaf_count=50 54 79 61 78 51 50 66 52 52
internal_value=-1.44997 -5.23891 -35.7822 2.9871 9.91171 -0.00734514 2.34645 5.12865 -4.54704
internal_weight=593 543 115 428 129 299 197 131 102
internal_count=593 543 115 428 129 299 197 131 102
is_linear=0
shrinkage=0.03


Tree=102
num_leaves=9
num_cat=0
split_feature=24 28 7 4 24 14 24 26
split_gain=1.19056e+08 7.0438e+07 3.9296e+07 3.72304e+07 2.99476e+07 1.03187e+07 7.97569e+06 2.47157e+06
threshold=5868.0555555555566 0.76110425866077458 24.950000000000003 1006.0000000000001 11287.036111111114 155.50000000000003 8655.5555555555566 8.4500000000000028
decision_type=2 2 2 2 2 2 2 2
left_child=1 2 3 -1 5 7 -7 -2
right_child=4 -3 -4 -5 -6 6 -8 -9
leaf_value=21.20441239465065 18.602225621589966 -47.666962132015549 -26.859299451575676 -11.791020597347247 31.525068907728254 -3.8189039616340144 8.5932289258823857 9.3027717956414158
leaf_weight=50 52 53 70 79 50 96 90 53
leaf_count=50 52 53 70 79 50 96 90 53
internal_value=-1.40676 -17.0326 -8.81412 1.01736 10.1455 6.44336 2.19108 13.9482
internal_weight=593 252 199 129 341 291 186 105
internal_count=593 252 199 129 341 291 186 105
is_linear=0
shrinkage=0.03


Tree=103
num_leaves=8
num_cat=0
split_feature=24 28 28 0 24 24 27
split_gain=1.12054e+08 6.63006e+07 3.30536e+07 5.46264e+07 2.81884e+07 9.65275e+06 6.19217e+06
threshold=5868.0555555555566 0.76110425866077458 0.081673369964559248 34.45000000000001 11287.036111111114 8978.8361111111135 0.064507852084056461
decision_type=2 2 2 2 2 2 2
left_child=1 2 3 -1 5 6 -2
right_child=4 -3 -4 -5 -6 -7 -8
leaf_value=-38.620155599703963 -3.0478157728854742 -46.245002078401662 12.502755822547625 -1.3008205849429511 30.584957209562447 13.903880082324585 7.6843817345750551
leaf_weight=57 96 53 50 92 50 98 97
leaf_count=57 96 53 50 92 50 98 97
internal_value=-1.36457 -16.5239 -8.55049 -15.6263 9.84286 6.25107 2.34959
internal_weight=593 252 199 149 341 291 193
internal_count=593 252 199 149 341 291 193
is_linear=0
shrinkage=0.03


Tree=104
num_leaves=9
num_cat=0
split_feature=24 28 7 27 24 0 10 24
split_gain=1.05495e+08 6.47031e+07 3.20569e+07 4.67124e+07 2.75242e+07 2.64108e+07 9.04124e+06 2.21832e+06
threshold=5641.2027777777785 0.76110425866077458 24.950000000000003 0.74981945761428193 8978.8361111111135 46.050000000000004 5.5000000000000009 7162.0361111111115
decision_type=2 2 2 2 2 2 2 2
left_child=1 2 3 -1 6 -6 -2 -8
right_child=4 -3 -4 -5 5 -7 7 -9
leaf_value=20.574005314292705 9.1493932068921957 -46.105486848495659 -24.859712981284098 -16.541024262923376 36.687336400033942 9.8987478094789765 -8.3059812249246239 0.11278518425917737
leaf_weight=57 89 52 68 65 50 98 50 64
leaf_count=57 89 52 68 65 50 98 50 64
internal_value=-1.32401 -16.5517 -8.40335 0.807462 9.18002 19.0049 1.99952 -3.59169
internal_weight=593 242 190 122 351 148 203 114
internal_count=593 242 190 122 351 148 203 114
is_linear=0
shrinkage=0.03


Tree=105
num_leaves=9
num_cat=0
split_feature=24 0 24 1 20 24 10 24
split_gain=6.87154e+07 2.57918e+07 1.73487e+07 3.77806e+07 6.91317e+07 1.23048e+07 9.47169e+06 2.30543e+06
threshold=9069.4444444444471 44.100000000000009 5868.0555555555566 0.11250000000000002 13.711000000000002 3535.7142857142862 5.5000000000000009 7703.7027777777785
decision_type=2 2 2 2 2 2 2 2
left_child=2 -2 3 4 -1 -5 -4 -8
right_child=1 -3 6 5 -6 -7 7 -9
leaf_value=-19.483814810231245 36.466684348938713 9.5968306516333683 9.9144753422562744 -29.440224101065105 29.33175300340292 -12.099610589784511 -6.7653170708386989 1.5815021067632593
leaf_weight=54 50 90 79 64 50 88 73 50
leaf_count=54 50 90 79 64 50 88 73 50
internal_value=0.880414 19.2507 -4.74387 -9.92585 4.00198 -19.4446 1.82832 -3.37664
internal_weight=598 140 458 256 104 152 202 123
internal_count=598 140 458 256 104 152 202 123
is_linear=0
shrinkage=0.03


Tree=106
num_leaves=9
num_cat=0
split_feature=24 0 24 1 8 24 10 24
split_gain=6.46736e+07 2.42779e+07 1.63272e+07 3.55581e+07 3.53131e+07 1.15815e+07 8.91399e+06 2.16978e+06
threshold=9069.4444444444471 44.100000000000009 5868.0555555555566 0.11250000000000002 16.450000000000003 3535.7142857142862 5.5000000000000009 7703.7027777777785
decision_type=2 2 2 2 2 2 2 2
left_child=2 -2 3 4 -1 -5 -4 -8
right_child=1 -3 6 5 -6 -7 7 -9
leaf_value=-13.897108068633498 35.379208660808281 9.3098821978077932 9.6181664874063628 -28.561138123650199 20.973807492283001 -11.73785554243241 -6.5631882788669857 1.5343400011195341
leaf_weight=51 50 90 79 64 53 88 73 50
leaf_count=51 50 90 79 64 53 88 73 50
internal_value=0.854289 18.6762 -4.60208 -9.62919 3.88277 -18.8637 1.77368 -3.27571
internal_weight=598 140 458 256 104 152 202 123
internal_count=598 140 458 256 104 152 202 123
is_linear=0
shrinkage=0.03


Tree=107
num_leaves=8
num_cat=0
split_feature=24 27 28 28 4 24 14
split_gain=6.08907e+07 2.49701e+07 1.57937e+07 2.89466e+07 2.63766e+07 4.02405e+07 1.03273e+07
threshold=8978.8361111111135 -0.098811902929570553 -0.92910699518418138 -0.77212798313689279 1004.0500000000001 2291.6666666666674 62.000000000000007
decision_type=2 2 2 2 2 2 2
left_child=2 -2 -1 -4 -5 -6 -7
right_child=1 -3 3 4 5 6 -8
leaf_value=9.6330757924929191 8.5182380437948968 34.436932226761044 -27.412461261863331 16.430644928823646 -25.626357694875065 11.39879834704929 -4.0778958804100016
leaf_weight=60 97 51 53 50 77 51 159
leaf_count=60 97 51 53 50 77 51 159
internal_value=0.828902 17.5013 -4.66246 -6.86751 -3.61488 -7.12067 -0.308328
internal_weight=598 148 450 390 337 287 210
internal_count=598 148 450 390 337 287 210
is_linear=0
shrinkage=0.03


Tree=108
num_leaves=10
num_cat=0
split_feature=24 0 26 0 28 28 0 24 21
split_gain=5.74621e+07 2.23307e+07 1.67122e+07 7.41122e+07 4.64195e+07 2.69236e+07 4.55739e+07 3.35e+07 1.54932e+07
threshold=9069.4444444444471 44.100000000000009 6.6500000000000021 38.550000000000004 -0.62538740722492581 -0.04732138832243208 32.45000000000001 5778.7694444444451 0.74703481288076612
decision_type=2 2 2 2 2 2 2 2 2
left_child=2 -2 3 -1 -4 -6 -7 -8 -5
right_child=1 -3 4 8 5 6 7 -9 -10
leaf_value=-41.944592077244096 33.621844438738663 8.6218199672334617 24.289996915937092 11.00547978598345 -23.503427765827439 24.077319583854901 -28.576196434692172 3.7017592319248362 -10.17669445404516
leaf_weight=51 50 90 57 65 58 50 50 68 59
leaf_count=51 50 90 57 65 58 50 50 68 59
internal_value=0.804386 17.6033 -4.33878 -11.6177 0.169798 -5.93771 0.157675 -10.013 0.926556
internal_weight=598 140 458 175 283 226 168 118 124
internal_count=598 140 458 175 283 226 168 118 124
is_linear=0
shrinkage=0.03


Tree=109
num_leaves=10
num_cat=0
split_feature=24 27 26 20 5 27 14 24 26
split_gain=5.40839e+07 2.11428e+07 1.57303e+07 4.37239e+07 3.04803e+07 2.25879e+07 3.82548e+07 3.27395e+07 1.60507e+07
threshold=9069.4444444444471 -0.16703770319492153 6.6500000000000021 14.041400000000001 24.050000000000004 0.56314550935064711 85.500000000000014 5148.1472222222228 4.8500000000000005
decision_type=2 2 2 2 2 2 2 2 2
left_child=2 -2 4 5 8 7 -7 -4 -1
right_child=1 -3 3 -5 -6 6 -8 -9 -10
leaf_value=8.4612591882401116 8.3387957507035271 32.664496340874891 -32.993291347799435 24.936774487085138 -30.721130486092374 23.636187732878547 -11.17605787052495 -0.86057295786309562 -13.145417379603167
leaf_weight=57 90 50 50 52 51 50 65 66 67
leaf_count=57 90 50 50 52 51 50 65 66 67
internal_value=0.780271 17.0779 -4.20943 0.164703 -11.2713 -5.43677 3.98174 -14.7603 -3.21679
internal_weight=598 140 458 283 175 231 115 116 124
internal_count=598 140 458 283 175 231 115 116 124
is_linear=0
shrinkage=0.03


Tree=110
num_leaves=8
num_cat=0
split_feature=24 0 24 24 0 13 24
split_gain=4.32999e+07 2.9062e+07 5.99017e+07 3.25808e+07 2.34957e+07 7.73609e+06 4.40343e+06
threshold=9069.4444444444471 23.700000000000006 1.0000000180025095e-35 4138.8888888888896 42.600000000000009 1.5000000000000002 6141.2027777777785
decision_type=2 2 2 2 2 2 2
left_child=1 -1 -3 -4 -2 -5 -7
right_child=4 2 3 5 -6 6 -8
leaf_value=-16.577468606193982 32.449020552071573 25.189195919851127 -25.476290055770239 10.727763454928313 7.3329540418024779 -9.9138798841053397 0.32824597969880803
leaf_weight=99 53 77 54 50 91 52 136
leaf_count=99 53 77 54 50 91 52 136
internal_value=2.2579 -2.17066 1.70488 -4.50737 16.6254 0.276334 -2.51592
internal_weight=612 468 369 292 144 238 188
internal_count=612 468 369 292 144 238 188
is_linear=0
shrinkage=0.03


Tree=111
num_leaves=8
num_cat=0
split_feature=24 0 1 24 0 10 24
split_gain=4.07533e+07 2.73491e+07 5.6376e+07 3.06657e+07 2.21157e+07 7.28158e+06 4.15116e+06
threshold=9069.4444444444471 23.700000000000006 0.11250000000000002 4138.8888888888896 42.600000000000009 3.5000000000000004 6199.0750000000007
decision_type=2 2 2 2 2 2 2
left_child=1 -1 -3 -4 -2 -5 -7
right_child=4 2 3 5 -6 6 -8
leaf_value=-16.081647653579711 31.48102943778262 24.436453080467231 -24.716224133612702 10.40785017707476 7.1136883412734049 -9.2614240438180122 0.46703398421237791
leaf_weight=99 53 77 54 50 91 56 132
leaf_count=99 53 77 54 50 91 56 132
internal_value=2.19051 -2.10584 1.65376 -4.37289 16.1291 0.268088 -2.4409
internal_weight=612 468 369 292 144 238 188
internal_count=612 468 369 292 144 238 188
is_linear=0
shrinkage=0.03


Tree=112
num_leaves=9
num_cat=0
split_feature=8 26 21 26 28 0 21 8
split_gain=2.24719e+07 2.54829e+07 4.18245e+07 2.4674e+07 1.41342e+07 2.81727e+07 1.88711e+07 7.41674e+06
threshold=24.250000000000004 7.9500000000000011 0.81723611037080479 6.6000000000000005 0.2843486543654084 42.600000000000009 0.80179945054945068 16.350000000000005
decision_type=2 2 2 2 2 2 2 2
left_child=1 2 3 -1 6 -6 -3 -4
right_child=-2 4 7 -5 5 -7 -8 -9
leaf_value=11.022204377426196 -15.763545155625069 -22.719218486144651 3.4288726310385873 35.54199191004767 21.502897319755778 -6.1035698312078344 1.7690562225121054 -10.858339416657079
leaf_weight=94 57 58 87 61 50 98 55 52
leaf_count=94 57 58 87 61 50 98 55 52
internal_value=2.12515 3.96991 10.0223 20.722 -2.85143 3.24751 -10.8269 -1.92779
internal_weight=612 555 294 155 261 148 113 139
internal_count=612 555 294 155 261 148 113 139
is_linear=0
shrinkage=0.03


Tree=113
num_leaves=11
num_cat=0
split_feature=24 24 24 21 14 27 24 8 27 24
split_gain=3.82508e+07 2.2767e+07 4.2188e+07 3.99693e+07 1.85775e+07 1.32214e+07 1.1556e+07 7.77796e+06 2.1466e+06 1.52531e+06
threshold=8978.8361111111135 1.0000000180025095e-35 2711.1111111111118 0.7018276515151517 192.00000000000003 -0.16703770319492153 6394.4444444444453 4.5500000000000007 -0.71461382420154484 5509.2583333333341
decision_type=2 2 2 2 2 2 2 2 2 2
left_child=1 3 -3 -1 -2 6 -4 -7 -6 -9
right_child=4 2 5 -5 8 7 -8 9 -10 -11
leaf_value=28.227524970593194 29.989027818730523 -31.051874521712811 -20.422669994589349 -8.8840381037840377 12.069988884953728 13.10759276423582 -1.3280396025428944 -4.655900233137916 3.3929264494565885 1.9168444674758203
leaf_weight=53 50 51 50 51 51 52 66 50 52 86
leaf_count=53 50 51 50 51 51 52 66 50 52 86
internal_value=2.06166 -2.27029 -5.88663 10.0553 15.0366 -1.63835 -9.59001 3.27541 7.712 -0.504469
internal_weight=612 459 355 104 153 304 116 188 103 136
internal_count=612 459 355 104 153 304 116 188 103 136
is_linear=0
shrinkage=0.03


Tree=114
num_leaves=11
num_cat=0
split_feature=0 21 27 7 14 27 6 26 20 0
split_gain=1.7952e+07 3.04171e+07 3.57713e+07 1.76452e+07 1.40563e+07 1.25124e+07 1.46326e+07 1.5021e+07 7.68691e+06 213828
threshold=5.3000000000000016 0.68170440464120774 -0.67125374152323936 14.950000000000001 180.00000000000003 0.064507852084056461 3.3500000000000001 9.0500000000000025 8.7561000000000018 147.10000000000002
decision_type=2 2 2 2 2 2 2 2 2 2
left_child=-1 2 -2 -4 -5 8 7 -7 -3 -10
right_child=1 5 3 4 -6 6 -8 -9 9 -11
leaf_value=19.170529335317745 31.209008083305584 10.640253804853375 -9.8781910359731686 18.969660518343677 -2.1090928101121333 -25.845359251979108 1.0660644027068149 -4.2409498827310497 -5.1176971606611028 -2.3212568020678419
leaf_weight=50 50 50 65 64 51 69 63 50 50 50
leaf_count=50 50 50 65 64 51 69 63 50 50 50
internal_value=2.00014 0.463093 8.84199 2.58729 9.64045 -5.34428 -10.6249 -16.8014 1.07124 -3.73069
internal_weight=612 562 230 180 115 332 182 119 150 100
internal_count=612 562 230 180 115 332 182 119 150 100
is_linear=0
shrinkage=0.03


Tree=115
num_leaves=8
num_cat=0
split_feature=1 4 0 11 5 9 27
split_gain=2.88354e+07 8.76592e+07 1.19729e+07 3.79592e+06 2.4739e+06 2.63604e+06 1.3685e+06
threshold=0.65000000000000013 1004.5500000000001 28.650000000000002 1.0000000180025095e-35 5.4500000000000011 3.0500000000000003 -0.36971084796686599
decision_type=2 2 2 2 2 2 2
left_child=1 -1 -2 -4 -5 6 -6
right_child=2 -3 3 4 5 -7 -8
leaf_value=12.07802448487385 11.693872181201947 -33.360319324238503 5.8949882069501012 4.1843453738324454 1.4133370967038399 -8.6354442490453867 -3.6729153010470625
leaf_weight=69 91 85 69 50 86 59 106
leaf_count=69 91 85 69 50 86 59 106
internal_value=-1.7918 -13.0176 1.96426 -0.43621 -1.892 -3.10602 -1.396
internal_weight=615 154 461 370 301 251 192
internal_count=615 154 461 370 301 251 192
is_linear=0
shrinkage=0.03


Tree=116
num_leaves=9
num_cat=0
split_feature=24 14 24 24 24 14 24 5
split_gain=6.91556e+07 5.65041e+07 9.58437e+07 7.67305e+07 2.06395e+07 5.59918e+06 2.31486e+06 383931
threshold=6375.186111111112 163.50000000000003 1981.4805555555556 1981.4805555555556 10736.111111111113 155.50000000000003 7874.0750000000007 19.350000000000005
decision_type=2 2 2 2 2 2 2 2
left_child=1 2 -1 -3 5 -2 -7 -8
right_child=4 3 -4 -5 -6 6 7 -9
leaf_value=-44.056075335499493 11.132848716454882 32.677362843128606 -1.3318939598967316 -15.574490023332018 22.822416794021407 -4.0362378828252679 5.5149627897137448 1.9453829587158278
leaf_weight=91 72 50 98 72 69 53 50 60
leaf_count=91 72 50 98 72 69 53 50 60
internal_value=-1.7382 -11.6788 -21.9401 4.23243 8.43278 4.18399 1.09968 3.57859
internal_weight=615 311 189 122 304 235 163 110
internal_count=615 311 189 122 304 235 163 110
is_linear=0
shrinkage=0.03


Tree=117
num_leaves=10
num_cat=0
split_feature=24 8 24 8 0 20 10 24 0
split_gain=6.50813e+07 3.98082e+07 7.05732e+07 2.95802e+07 1.95935e+07 6.61058e+06 4.04201e+06 3.82179e+06 854228
threshold=6375.186111111112 20.250000000000004 1836.6666666666667 9.1500000000000004 21.450000000000003 7.1641000000000012 5.5000000000000009 9768.5194444444442 203.75000000000003
decision_type=2 2 2 2 2 2 2 2 2
left_child=1 2 3 -1 -2 -4 -6 8 -8
right_child=4 -3 5 -5 6 -7 7 -9 -10
leaf_value=-51.722452832495264 25.290712774553544 10.583307756215186 4.2617873267760054 -19.584757822691611 11.882143346852564 -8.5962238490204186 -2.1818254027180233 8.5758373070046598 2.7573172863947502
leaf_weight=51 50 60 62 53 56 85 79 67 52
leaf_count=51 50 60 62 53 56 85 79 67 52
internal_value=-1.68592 -11.3293 -16.5738 -35.4481 8.1809 -3.17542 4.78693 2.76522 -0.219361
internal_weight=615 311 251 104 304 147 254 198 131
internal_count=615 311 251 104 304 147 254 198 131
is_linear=0
shrinkage=0.03


Tree=118
num_leaves=9
num_cat=0
split_feature=24 14 24 24 14 20 24 14
split_gain=6.15528e+07 3.78611e+07 1.01083e+08 7.57487e+07 1.64671e+07 4.05247e+06 3.35731e+06 914107
threshold=7018.5194444444451 163.50000000000003 1981.4805555555556 1981.4805555555556 163.50000000000003 7.2712000000000012 10175.925000000001 282.00000000000006
decision_type=2 2 2 2 2 2 2 2
left_child=1 2 -1 -3 -2 -4 7 -6
right_child=4 3 5 -5 6 -7 -8 -9
leaf_value=-41.662729449402725 21.652622769102976 31.742807613850587 6.6710261847958936 -14.017383340750845 -0.44646957806178506 -4.4867867976261264 10.22337568861327 4.678156154293041
leaf_weight=91 71 50 51 92 69 68 66 57
leaf_count=91 71 50 51 92 69 68 66 57
internal_value=-1.63562 -9.83586 -17.9174 2.12825 9.33828 0.299808 4.75781 1.87735
internal_weight=615 352 210 142 263 119 192 126
internal_count=615 352 210 142 263 119 192 126
is_linear=0
shrinkage=0.03


Tree=119
num_leaves=9
num_cat=0
split_feature=24 3 0 24 0 24 14 0
split_gain=5.79262e+07 3.65273e+07 3.75147e+07 6.01514e+07 2.22528e+07 1.68569e+07 2.12767e+06 2.2962e+06
threshold=7018.5194444444451 46.850000000000001 23.700000000000006 1.0000000180025095e-35 28.950000000000003 5204.166666666667 177.50000000000003 122.50000000000001
decision_type=2 2 2 2 2 2 2 2
left_child=1 -1 -3 -4 -2 -5 -6 -8
right_child=4 2 3 5 6 -7 7 -9
leaf_value=-32.423931354469921 24.893441987879708 -23.4561105557401 25.012550081133295 -21.20728520090546 9.5988148534937832 -1.1764618025958726 -2.2148291911703644 5.3622284013013957
leaf_weight=53 61 77 65 63 50 94 58 94
leaf_count=53 61 77 65 63 50 94 58 94
internal_value=-1.58634 -9.54134 -5.45676 0.809447 9.05937 -9.23948 4.24792 2.47226
internal_weight=615 352 299 222 263 157 202 152
internal_count=615 352 299 222 263 157 202 152
is_linear=0
shrinkage=0.03


Tree=120
num_leaves=9
num_cat=0
split_feature=8 24 24 24 6 14 26 24
split_gain=3.77129e+07 3.57475e+07 4.29876e+07 2.11075e+07 7.94406e+06 4.3152e+06 2.19964e+06 2.05287e+06
threshold=24.250000000000004 1.0000000180025095e-35 10736.111111111113 5258.8888888888896 3.4500000000000006 155.50000000000003 7.8500000000000005 7874.0750000000007
decision_type=2 2 2 2 2 2 2 2
left_child=1 -1 3 4 -3 6 -5 -7
right_child=-2 2 -4 5 -6 7 -8 -9
leaf_value=21.813031311179216 -20.484827983331936 -19.635961215168376 24.731135625913389 11.774412711294074 -3.8656863594770874 -3.8122000290282982 3.4962599972700823 2.8890306552461071
leaf_weight=99 55 63 64 51 53 81 67 83
leaf_count=99 55 63 64 51 53 81 67 83
internal_value=3.1551 5.48247 1.97115 -1.70459 -12.4592 2.7278 7.09497 -0.421586
internal_weight=616 561 462 398 116 282 118 164
internal_count=616 561 462 398 116 282 118 164
is_linear=0
shrinkage=0.03


Tree=121
num_leaves=7
num_cat=0
split_feature=0 3 24 24 24 20
split_gain=5.9054e+07 4.22471e+07 9.71969e+07 2.83261e+07 5.55162e+06 5.17256e+06
threshold=6.4500000000000011 47.350000000000001 1.0000000180025095e-35 5258.8888888888896 9527.7777777777792 18.166100000000004
decision_type=2 2 2 2 2 2
left_child=-1 -2 -3 -4 5 -5
right_child=1 2 3 4 -6 -7
leaf_value=32.936388375719609 -19.272537178685766 34.209869719903587 -17.233939769183934 2.0801291526691528 8.6195805421113096 -8.4577422563852931
leaf_weight=54 85 78 89 173 82 55
leaf_count=54 85 78 89 173 82 55
internal_value=3.06069 0.174018 3.64929 -2.34615 1.94059 -0.469635
internal_weight=616 562 477 399 310 228
internal_count=616 562 477 399 310 228
is_linear=0
shrinkage=0.03


Tree=122
num_leaves=7
num_cat=0
split_feature=0 3 24 24 20 24
split_gain=5.5583e+07 3.97588e+07 9.14746e+07 2.66572e+07 5.23429e+06 5.2391e+06
threshold=6.4500000000000011 47.350000000000001 1.0000000180025095e-35 5258.8888888888896 20.027100000000001 10011.111111111113
decision_type=2 2 2 2 2 2
left_child=-1 -2 -3 -4 5 -5
right_child=1 2 3 4 -6 -7
leaf_value=31.953756233447159 -18.696394332894684 33.187505168914797 -16.718658690393838 1.5358077912664974 -6.4880834309748678 12.264043328870111
leaf_weight=54 85 78 89 204 55 51
leaf_count=54 85 78 89 204 55 51
internal_value=2.96935 0.168796 3.54017 -2.2761 1.88244 3.69338
internal_weight=616 562 477 399 310 255
internal_count=616 562 477 399 310 255
is_linear=0
shrinkage=0.03


Tree=123
num_leaves=8
num_cat=0
split_feature=0 3 1 25 27 21 8
split_gain=5.23157e+07 3.74175e+07 8.60886e+07 8.18179e+06 2.36593e+06 2.79465e+06 2.24584e+06
threshold=6.4500000000000011 47.350000000000001 0.11250000000000002 23.279250000000001 0.28433548840379819 0.8668692449355434 7.6500000000000012
decision_type=2 2 2 2 2 2 2
left_child=-1 -2 -3 4 5 -4 -6
right_child=1 2 3 -5 6 -7 -8
leaf_value=31.000439935336452 -18.137475437754624 32.195694742604687 8.6143316910001975 -9.6722155675283012 -6.5205135139189165 -0.02806768500792774 0.84336070146258801
leaf_weight=54 85 78 51 99 66 98 85
leaf_count=54 85 78 51 99 66 98 85
internal_value=2.88081 0.163813 3.43442 -2.20803 0.262324 2.94137 -2.38177
internal_weight=616 562 477 399 300 149 151
internal_count=616 562 477 399 300 149 151
is_linear=0
shrinkage=0.03


Tree=124
num_leaves=9
num_cat=0
split_feature=24 1 27 24 5 14 24 26
split_gain=3.25956e+07 2.32262e+07 7.97699e+07 2.88168e+07 7.80507e+06 4.02756e+06 5.00548e+06 2.72844e+06
threshold=11287.036111111114 0.11250000000000002 0.33346569090932193 3535.7142857142862 22.350000000000005 54.000000000000007 7874.0750000000007 5.8500000000000005
decision_type=2 2 2 2 2 2 2 2
left_child=1 2 -1 -3 5 -5 -7 -6
right_child=-2 3 -4 4 7 6 -8 -9
leaf_value=39.792117025400898 25.938506036079662 -21.701026193705616 -12.139257738313622 10.686013667505968 -11.478764874816653 -1.758958560024708 7.0227376604233527 -1.5715888449330453
leaf_weight=52 50 59 54 52 50 156 93 50
leaf_count=52 50 59 54 52 50 156 93 50
internal_value=2.79495 0.737789 13.3768 -2.18149 0.70452 3.11708 1.52542 -6.54478
internal_weight=616 566 106 460 401 301 249 100
internal_count=616 566 106 460 401 301 249 100
is_linear=0
shrinkage=0.03


Tree=125
num_leaves=9
num_cat=0
split_feature=0 21 24 24 24 24 3 14
split_gain=3.69687e+07 4.26678e+07 8.05882e+07 4.34214e+07 1.5321e+07 4.25154e+06 1.825e+06 668050
threshold=11.050000000000002 0.68170440464120774 2027.7777777777781 1633.3333333333337 6340.2777777777783 5460.3166666666675 66.700000000000003 209.50000000000003
decision_type=2 2 2 2 2 2 2 2
left_child=-1 2 -2 -3 -4 -5 -7 -8
right_child=1 3 4 5 -6 6 7 -9
leaf_value=-19.585089341941725 46.083858186937938 -30.034948110409807 -10.708556794064577 -6.6484551468654649 9.231521591592772 5.5739438880808647 2.2341374542276982 -2.3285822319300942
leaf_weight=79 50 50 53 60 99 91 56 59
leaf_count=79 50 50 53 60 99 91 56 59
internal_value=-0.509321 2.40955 13.1683 -4.4738 2.27127 0.359321 2.40716 -0.106626
internal_weight=597 518 202 316 152 266 206 115
internal_count=597 518 202 316 152 266 206 115
is_linear=0
shrinkage=0.03


Tree=126
num_leaves=9
num_cat=0
split_feature=0 21 24 24 24 24 3 27
split_gain=3.47919e+07 4.01596e+07 7.58552e+07 4.08699e+07 1.44194e+07 4.01423e+06 2.22378e+06 427472
threshold=11.050000000000002 0.68170440464120774 2027.7777777777781 1633.3333333333337 6340.2777777777783 6375.186111111112 66.700000000000003 -0.47494667389482609
decision_type=2 2 2 2 2 2 2 2
left_child=-1 2 -2 -3 -4 -5 -7 -8
right_child=1 3 4 5 -6 6 7 -9
leaf_value=-18.999758999356704 44.709587732243016 -29.139274495847182 -10.38910821519247 -4.6689523031033122 8.9554127337205092 7.0185403082380518 -1.8167321968457808 2.0944477038829037
leaf_weight=79 50 50 53 93 99 73 50 50
leaf_count=79 50 50 53 93 99 73 50 50
internal_value=-0.494134 2.3375 12.7752 -4.34047 2.20305 0.348501 3.04921 0.139183
internal_weight=597 518 202 316 152 266 173 100
internal_count=597 518 202 316 152 266 173 100
is_linear=0
shrinkage=0.03


Tree=127
num_leaves=8
num_cat=0
split_feature=8 21 26 14 28 4 23
split_gain=3.32128e+07 3.22508e+07 3.70339e+07 2.6125e+07 1.11896e+07 3.36416e+07 1.03715e+07
threshold=24.250000000000004 0.41484613577636836 7.9500000000000011 52.000000000000007 -0.77212798313689279 1006.6500000000002 -0.24999999999999994
decision_type=2 2 2 2 2 2 2
left_child=1 2 -1 -3 -5 -6 -7
right_child=-2 3 -4 4 5 6 -8
leaf_value=28.581480866010445 -21.210274256649598 -21.549334202117649 -1.1970908120143935 -8.3650954599161143 24.020811827245179 -13.774972738968698 2.151012464210059
leaf_weight=75 62 56 75 91 57 51 130
leaf_count=75 62 56 75 91 57 51 130
internal_value=-0.479344 1.93364 13.7195 -2.66532 0.565658 3.98663 -2.35174
internal_weight=597 535 150 385 329 238 181
internal_count=597 535 150 385 329 238 181
is_linear=0
shrinkage=0.03


Tree=128
num_leaves=9
num_cat=0
split_feature=0 21 30 28 14 0 3 9
split_gain=3.26428e+07 3.62978e+07 2.85985e+07 3.4579e+07 1.86636e+07 1.78853e+07 1.60242e+07 5.11201e+06
threshold=11.050000000000002 0.68170440464120774 -0.56174490092936669 0.16704543776228151 132.50000000000003 55.800000000000004 62.050000000000004 0.25000000000000006
decision_type=2 2 2 2 2 2 2 2
left_child=-1 2 -2 -4 6 -6 -3 -7
right_child=1 4 3 -5 5 7 -8 -9
leaf_value=-18.390110691931628 -4.1750632830965939 -25.87521511628972 31.536293526911376 0.37568704103168693 16.203070473017881 0.24137473748435953 -2.8769673473839226 -11.059329369530005
leaf_weight=79 65 53 86 51 53 97 56 57
leaf_count=79 65 53 86 51 53 97 56 57
internal_value=-0.465135 2.27764 12.2008 19.9626 -4.07117 1.22243 -14.1 -3.95467
internal_weight=597 518 202 137 316 207 109 154
internal_count=597 518 202 137 316 207 109 154
is_linear=0
shrinkage=0.03


Tree=129
num_leaves=9
num_cat=0
split_feature=8 21 26 24 4 24 10 24
split_gain=3.17233e+07 2.95358e+07 3.42386e+07 2.37259e+07 2.80822e+07 6.40291e+06 1.76006e+06 816577
threshold=24.250000000000004 0.41484613577636836 7.9500000000000011 5460.3166666666675 1006.35 10087.963888888889 5.5000000000000009 7736.1111111111122
decision_type=2 2 2 2 2 2 2 2
left_child=1 2 -1 4 -3 6 -5 -8
right_child=-2 3 -4 5 -6 -7 7 -9
leaf_value=27.475792964882107 -20.712135692551659 4.6173245951160151 -1.1568499239127474 5.1502875491459097 -21.944910932338505 12.973272644710351 -3.3016896451500073 1.5634962682359808
leaf_weight=75 62 58 75 59 93 50 69 56
leaf_count=75 62 58 75 59 93 50 69 56
internal_value=-0.451392 1.90686 13.1857 -2.49431 -11.7532 3.48781 0.893271 -1.12349
internal_weight=597 535 150 385 151 234 184 125
internal_count=597 535 150 385 151 234 184 125
is_linear=0
shrinkage=0.03


Tree=130
num_leaves=7
num_cat=0
split_feature=0 0 4 1 5 26
split_gain=1.62518e+07 2.63094e+07 2.56579e+07 3.69703e+07 7.71057e+06 2.75032e+06
threshold=11.050000000000002 21.900000000000002 998.85000000000002 0.15476190476190474 5.4500000000000011 8.1500000000000039
decision_type=2 2 2 2 2 2
left_child=-1 -2 -3 -4 -5 -6
right_child=1 2 3 4 5 -7
leaf_value=-11.037347385904377 24.162513349468615 -18.693207757347508 25.943988661594293 9.9505308573281592 -4.321940802875103 1.515732361710362
leaf_weight=79 50 51 58 60 169 127
leaf_count=79 50 51 58 60 169 127
internal_value=1.60685 3.55176 1.32138 3.79872 0.171948 -1.81823
internal_weight=594 515 465 414 356 296
internal_count=594 515 465 414 356 296
is_linear=0
shrinkage=0.03


Tree=131
num_leaves=7
num_cat=0
split_feature=24 0 1 24 20 24
split_gain=3.79901e+07 4.46246e+07 2.84078e+07 1.91801e+07 5.68866e+06 2.09747e+06
threshold=11361.111111111111 11.050000000000002 0.15476190476190474 5036.1111111111122 7.0697500000000009 7376.3888888888896
decision_type=2 2 2 2 2 2
left_child=1 -1 -3 -4 -5 -6
right_child=-2 2 3 4 5 -7
leaf_value=-23.446251216234955 26.236279508356461 18.397191825273659 -12.444520531269163 9.137628300855873 -3.4287394603848598 2.7219642212384856
leaf_weight=68 51 83 97 91 86 118
leaf_count=68 51 83 97 91 86 118
internal_value=1.55906 -0.771879 2.48687 -0.89337 2.91356 0.127749
internal_weight=594 543 475 392 295 204
internal_count=594 543 475 392 295 204
is_linear=0
shrinkage=0.03


Tree=132
num_leaves=7
num_cat=0
split_feature=24 0 24 24 14 3
split_gain=3.57579e+07 4.19985e+07 2.67349e+07 1.805e+07 4.39857e+06 1.60033e+06
threshold=11361.111111111111 11.050000000000002 1.0000000180025095e-35 5036.1111111111122 77.500000000000014 62.050000000000004
decision_type=2 2 2 2 2 2
left_child=1 -1 -3 -4 -5 -6
right_child=-2 2 3 4 5 -7
leaf_value=-22.74595333375833 25.453793642367536 17.847263118382116 -12.07233598606927 10.907455844310359 5.188960065388935 -0.2930994732328342
leaf_weight=68 51 83 97 50 65 180
leaf_count=68 51 83 97 50 65 180
internal_value=1.51255 -0.748873 2.41253 -0.866661 2.82641 1.16586
internal_weight=594 543 475 392 295 245
internal_count=594 543 475 392 295 245
is_linear=0
shrinkage=0.03


Tree=133
num_leaves=8
num_cat=0
split_feature=3 1 3 2 5 11 3
split_gain=1.47404e+07 2.20909e+07 9.23848e+06 4.22151e+06 4.77357e+06 4.56257e+06 3.20098e+06
threshold=87.15000000000002 0.15476190476190474 44.750000000000007 15.797000000000002 23.350000000000005 2.5000000000000004 71.550000000000011
decision_type=2 2 2 2 2 2 2
left_child=1 -1 -3 4 6 -5 -4
right_child=-2 2 3 5 -6 -7 -8
leaf_value=16.604065569754056 -12.34047331704374 11.559286642424098 -4.0909662273169696 10.030203634438962 -11.702327875702329 -2.1310667200253341 3.4254620795779762
leaf_weight=90 62 57 146 52 50 59 78
leaf_count=90 62 57 146 52 50 59 78
internal_value=1.46754 3.08281 0.320198 -1.35145 -3.35006 3.5777 -1.47252
internal_weight=594 532 442 385 274 111 224
internal_count=594 532 442 385 274 111 224
is_linear=0
shrinkage=0.03


Tree=134
num_leaves=7
num_cat=0
split_feature=24 0 24 24 20 24
split_gain=3.36621e+07 3.93943e+07 2.40549e+07 1.68395e+07 4.97968e+06 1.99782e+06
threshold=11361.111111111111 11.050000000000002 1.0000000180025095e-35 5036.1111111111122 7.0697500000000009 7376.3888888888896
decision_type=2 2 2 2 2 2
left_child=1 -1 -3 -4 -5 -6
right_child=-2 2 3 4 5 -7
leaf_value=-22.074606457510594 24.652742673193501 16.932112109400641 -11.642516593364626 8.5712932518878606 -3.3294889010918931 2.6733238357340796
leaf_weight=68 51 83 97 91 86 118
leaf_count=68 51 83 97 91 86 118
internal_value=1.42369 -0.77044 2.29141 -0.819091 2.74798 0.141509
internal_weight=594 543 475 392 295 204
internal_count=594 543 475 392 295 204
is_linear=0
shrinkage=0.03


Tree=135
num_leaves=10
num_cat=0
split_feature=24 14 7 24 24 14 24 0 0
split_gain=2.65136e+07 4.8821e+07 8.33002e+07 3.44967e+07 8.7858e+06 2.63695e+06 2.23268e+06 1.94208e+06 295158
threshold=5346.666666666667 79.500000000000014 24.950000000000003 1932.2222222222224 10625.000000000002 155.50000000000003 7703.7027777777785 73.90000000000002 135.75000000000003
decision_type=2 2 2 2 2 2 2 2 2
left_child=1 -1 3 -3 5 7 -7 -2 -8
right_child=4 2 -4 -5 -6 6 8 -9 -10
leaf_value=-31.456358565770056 1.3308391599760527 32.982576452333326 -29.097231754862641 -0.92259390476486447 13.417239391867275 -4.2206164146085507 0.88017503755342474 9.3381294918922588 4.0527299444149314
leaf_weight=63 54 51 59 57 71 81 56 55 50
leaf_count=63 54 51 59 57 71 81 56 55 50
internal_value=-1.04119 -9.02093 -0.515985 15.1351 3.963 1.68394 -0.478975 5.38584 2.38396
internal_weight=597 230 167 108 367 296 187 109 106
internal_count=597 230 167 108 367 296 187 109 106
is_linear=0
shrinkage=0.03


Tree=136
num_leaves=10
num_cat=0
split_feature=24 8 14 24 7 2 24 2 8
split_gain=2.57924e+07 8.82921e+07 1.27848e+07 8.41194e+06 8.47928e+06 4.03844e+06 5.97463e+06 3.21103e+06 749749
threshold=2180.0000000000005 10.400000000000002 62.000000000000007 6898.1472222222228 24.250000000000004 9.3500000000000014 9958.3333333333339 13.600000000000001 17.550000000000004
decision_type=2 2 2 2 2 2 2 2 2
left_child=1 -1 -2 4 7 -5 8 -4 -7
right_child=2 -3 3 5 -6 6 -8 -9 -10
leaf_value=-41.620491137099307 14.513079087205604 8.0424938218683053 -5.2772857355122973 -1.7912625759056364 -14.610414201620534 4.9154258768182055 14.504824782620526 4.9006298988115304 -0.19507652279067905
leaf_weight=55 66 77 55 75 54 51 56 56 52
leaf_count=55 66 77 55 75 54 51 56 56 52
internal_value=-1.01001 -12.6978 2.31385 0.286518 -4.89579 3.94234 6.6452 -0.143032 2.34221
internal_weight=597 132 465 399 165 234 159 111 103
internal_count=597 132 465 399 165 234 159 111 103
is_linear=0
shrinkage=0.03


Tree=137
num_leaves=10
num_cat=0
split_feature=24 8 14 24 7 2 24 2 8
split_gain=2.42767e+07 8.31006e+07 1.20326e+07 7.91754e+06 7.98087e+06 3.80098e+06 5.62335e+06 3.02226e+06 705696
threshold=2180.0000000000005 10.400000000000002 62.000000000000007 6898.1472222222228 24.250000000000004 9.3500000000000014 9958.3333333333339 13.600000000000001 17.550000000000004
decision_type=2 2 2 2 2 2 2 2 2
left_child=1 -1 -2 4 7 -5 8 -4 -7
right_child=2 -3 3 5 -6 6 -8 -9 -10
leaf_value=-40.378650820940791 14.079656883580654 7.8021553692934891 -5.1198258753667911 -1.7377388005997556 -14.174523490673929 4.768825448019463 14.071998466962608 4.7543944143867831 -0.1892578156181321
leaf_weight=55 66 77 55 75 54 51 56 56 52
leaf_count=55 66 77 55 75 54 51 56 56 52
internal_value=-0.979958 -12.3192 2.24476 0.277976 -4.74973 3.82473 6.44693 -0.138769 2.27235
internal_weight=597 132 465 399 165 234 159 111 103
internal_count=597 132 465 399 165 234 159 111 103
is_linear=0
shrinkage=0.03


Tree=138
num_leaves=8
num_cat=0
split_feature=1 25 20 24 29 11 24
split_gain=2.76703e+07 6.51582e+07 5.20415e+06 5.19613e+06 3.04341e+06 1.78229e+06 1.45759e+06
threshold=0.65000000000000013 13.895910000000002 6.4490000000000007 7874.0750000000007 0.6078576107927941 2.5000000000000004 5641.2027777777785
decision_type=2 2 2 2 2 2 2
left_child=1 -1 4 6 -2 -5 -4
right_child=2 -3 3 5 -6 -7 -8
leaf_value=-38.733363522928606 3.9078369944117899 3.0266015805498272 -6.2930041605306348 8.3718648708218932 12.664531662426693 1.4692288744633528 -0.62738526573578079
leaf_weight=53 96 91 74 64 57 71 91
leaf_count=53 96 91 74 64 57 71 91
internal_value=-0.950802 -12.3919 2.69188 0.393631 7.18859 4.75296 -3.17519
internal_weight=597 144 453 300 153 135 165
internal_count=597 144 453 300 153 135 165
is_linear=0
shrinkage=0.03


Tree=139
num_leaves=9
num_cat=0
split_feature=1 8 0 24 11 14 24 14
split_gain=2.60443e+07 7.39595e+07 8.13247e+06 4.54546e+06 3.25708e+06 1.75986e+06 1.75748e+06 1.56247e+06
threshold=0.65000000000000013 10.400000000000002 17.600000000000005 6375.186111111112 2.5000000000000004 136.50000000000003 8916.6666666666679 229.00000000000003
decision_type=2 2 2 2 2 2 2 2
left_child=1 -1 -2 5 6 -4 -5 -6
right_child=2 -3 3 4 7 -7 -8 -9
leaf_value=-40.087130849240644 13.391793853352773 4.4009635851756634 -0.014650398684429751 3.591690443269445 3.3183840152688697 -6.8351325981002056 10.589863218883238 -3.2195599569487534
leaf_weight=53 55 91 70 72 66 66 59 65
leaf_count=53 55 91 70 72 66 66 59 65
internal_value=-0.92252 -12.0224 2.61151 1.11278 3.42142 -3.33242 6.7606 0.0743534
internal_weight=597 144 453 398 262 136 131 131
internal_count=597 144 453 398 262 136 131 131
is_linear=0
shrinkage=0.03


Tree=140
num_leaves=10
num_cat=0
split_feature=0 27 1 1 20 11 10 27 7
split_gain=8.40297e+07 2.98699e+07 6.53182e+07 2.73383e+07 5.49125e+06 3.41501e+06 1.89056e+06 1.10657e+06 672686
threshold=4.9500000000000011 0.2093127076542077 0.45000000000000007 0.36666666666666675 4.4069000000000011 2.5000000000000004 2.5000000000000004 0.86958133671945947 25.050000000000004
decision_type=2 2 2 2 2 2 2 2 2
left_child=-1 3 -3 -2 -5 8 -4 -8 -6
right_child=1 2 6 4 5 -7 7 -9 -10
leaf_value=39.105487747761174 24.700086167095698 -35.239541727254405 -4.5998618182292965 8.3099116257197174 -0.21088569860807888 -5.7350840361170308 5.0235625842969815 -0.65900145218835626 4.5231933232357626
leaf_weight=50 51 64 54 66 57 96 60 63 51
leaf_count=50 51 64 54 66 57 96 60 63 51
internal_value=1.95698 -1.36713 -9.34305 4.62412 0.808752 -1.62669 0.0643854 2.11839 2.03091
internal_weight=612 562 241 321 270 204 177 123 108
internal_count=612 562 241 321 270 204 177 123 108
is_linear=0
shrinkage=0.03


Tree=141
num_leaves=11
num_cat=0
split_feature=0 14 24 24 3 24 0 24 20 24
split_gain=7.9092e+07 2.37159e+07 6.38946e+07 4.47256e+07 6.31901e+06 3.00886e+06 2.77153e+06 1.87402e+06 1.05461e+06 296667
threshold=4.9500000000000011 189.50000000000003 2027.7777777777781 5148.1472222222228 79.050000000000011 8157.4083333333338 78.250000000000014 10037.500000000002 8.7321500000000025 7874.0750000000007
decision_type=2 2 2 2 2 2 2 2 2 2
left_child=-1 2 -2 -3 7 6 -4 9 -8 -5
right_child=1 3 5 4 -6 -7 8 -9 -10 -11
leaf_value=37.939320439059976 -27.368403682888868 30.721444062371376 -5.5794635407919921 -1.7244591312617004 -9.6988749737319093 8.5360132362555365 6.0611164441303904 6.893161148158816 0.054088296784880412 1.4593087959634459
leaf_weight=50 95 50 50 50 53 52 51 52 54 55
leaf_count=50 95 50 50 50 53 52 51 52 54 55
internal_value=1.89879 -1.32618 -7.04113 5.31237 -0.772559 2.31388 0.213942 2.25348 2.98083 -0.0572794
internal_weight=612 562 302 260 210 207 155 157 105 105
internal_count=612 562 302 260 210 207 155 157 105 105
is_linear=0
shrinkage=0.03


Tree=142
num_leaves=11
num_cat=0
split_feature=0 27 24 24 24 11 24 24 0 8
split_gain=7.44436e+07 2.69011e+07 7.60442e+07 6.44648e+07 1.53392e+07 2.50618e+06 1.87252e+06 1.85837e+06 1.44626e+06 266513
threshold=4.9500000000000011 0.2093127076542077 2027.7777777777781 3290.0000000000005 6287.0361111111115 2.5000000000000004 8916.6666666666679 7268.5194444444451 104.15000000000002 15.250000000000002
decision_type=2 2 2 2 2 2 2 2 2 2
left_child=-1 3 -3 -2 -5 6 -6 8 -4 -7
right_child=1 2 7 4 5 9 -8 -9 -10 -11
leaf_value=36.807928128858684 33.243500533378558 -34.352096327798584 -3.8173084390992909 -16.410259835163902 0.77506512130821614 -0.16885181442169736 8.5334087066912137 6.4838160598811827 3.1255869791151936 -3.2629918332791945
leaf_weight=50 57 73 50 52 54 50 58 60 58 50
leaf_count=50 57 73 50 52 54 50 58 60 58 50
internal_value=1.84252 -1.28625 -8.85543 4.39947 -1.85885 1.72846 4.80492 2.26492 -0.0903037 -1.72114
internal_weight=612 562 241 321 264 212 112 168 108 100
internal_count=612 562 241 321 264 212 112 168 108 100
is_linear=0
shrinkage=0.03


Tree=143
num_leaves=11
num_cat=0
split_feature=0 27 24 24 24 11 24 24 0 5
split_gain=7.00693e+07 2.53179e+07 7.15683e+07 6.06748e+07 1.44376e+07 2.35885e+06 1.76241e+06 1.7491e+06 1.36125e+06 243639
threshold=4.9500000000000011 0.2093127076542077 2027.7777777777781 3290.0000000000005 6287.0361111111115 2.5000000000000004 8916.6666666666679 7268.5194444444451 104.15000000000002 19.350000000000005
decision_type=2 2 2 2 2 2 2 2 2 2
left_child=-1 3 -3 -2 -5 6 -6 8 -4 -7
right_child=1 2 7 4 5 9 -8 -9 -10 -11
leaf_value=35.710276261589399 32.25141793156169 -33.325751106293431 -3.7034721275162745 -15.920776062230535 0.75194170946574346 -0.18547396870304053 8.2787238283958899 6.290269314685272 3.0323018462702915 -3.1440281590410541
leaf_weight=50 57 73 50 52 54 50 58 60 58 50
leaf_count=50 57 73 50 52 54 50 58 60 58 50
internal_value=1.7877 -1.24775 -8.59083 4.26812 -1.80344 1.67686 4.66152 2.19728 -0.0876496 -1.66982
internal_weight=612 562 241 321 264 212 112 168 108 100
internal_count=612 562 241 321 264 212 112 168 108 100
is_linear=0
shrinkage=0.03


Tree=144
num_leaves=10
num_cat=0
split_feature=0 14 24 24 24 24 0 11 20
split_gain=6.5952e+07 2.06579e+07 5.52607e+07 3.9434e+07 4.75727e+06 2.63671e+06 2.4365e+06 2.01174e+06 967268
threshold=4.9500000000000011 189.50000000000003 2027.7777777777781 5148.1472222222228 7146.2972222222224 8157.4083333333338 78.250000000000014 2.5000000000000004 8.7321500000000025
decision_type=2 2 2 2 2 2 2 2 2
left_child=-1 2 -2 -3 -5 6 -4 -6 -8
right_child=1 3 5 4 7 -7 8 -9 -10
leaf_value=34.645357610425705 -25.448279548476901 28.844042591375572 -5.2419066788140638 -8.7766382036531425 5.0710678705583954 7.9804592956046987 5.7343125269148096 -1.6480361170056221 -0.017879206936662371
leaf_weight=50 95 50 50 50 82 52 51 78 54
leaf_count=50 95 50 50 50 82 52 51 78 54
internal_value=1.73451 -1.21041 -6.5442 4.98536 -0.72828 2.15582 0.190042 1.79849 2.78433
internal_weight=612 562 302 260 210 207 155 160 105
internal_count=612 562 302 260 210 207 155 160 105
is_linear=0
shrinkage=0.03


Tree=145
num_leaves=10
num_cat=0
split_feature=0 1 21 3 11 3 27 20 7
split_gain=3.22159e+07 4.49791e+07 1.04326e+08 9.05819e+06 1.79549e+06 1.26042e+06 1.06098e+06 1.43195e+06 421775
threshold=6.8000000000000016 0.65000000000000013 0.7018276515151517 51.45000000000001 2.5000000000000004 80.450000000000017 0.28433548840379819 16.880200000000006 24.550000000000004
decision_type=2 2 2 2 2 2 2 2 2
left_child=-1 2 -2 -3 6 8 7 -5 -6
right_child=1 3 -4 4 5 -7 -8 -9 -10
leaf_value=20.957046885253419 8.0752832246783459 9.512438956222443 -46.226083172130728 5.8381960402931306 -3.5487756094951757 -7.5667153788954868 -2.5753837293416111 -1.0246757258299679 0.056400714743207077
leaf_weight=50 62 82 65 54 68 53 60 55 51
leaf_count=50 62 82 65 54 68 53 60 55 51
internal_value=-2.02597 -4.12564 -19.7601 0.579059 -1.57559 -3.73067 0.620413 2.38189 -2.00737
internal_weight=600 550 127 423 341 172 169 109 119
internal_count=600 550 127 423 341 172 169 109 119
is_linear=0
shrinkage=0.03


Tree=146
num_leaves=9
num_cat=0
split_feature=0 1 20 3 6 11 0 28
split_gain=3.03228e+07 4.23325e+07 9.08572e+07 8.52487e+06 2.48484e+06 1.49417e+06 1.29103e+06 496152
threshold=6.8000000000000016 0.65000000000000013 10.872700000000002 51.45000000000001 2.6500000000000008 3.5000000000000004 104.15000000000002 -0.17552498857989954
decision_type=2 2 2 2 2 2 2 2
left_child=-1 2 -2 -3 5 -5 -6 -8
right_child=1 3 -4 4 6 -7 7 -9
leaf_value=20.332084959420719 -45.469710860882458 9.2281060131439165 5.2328968959480395 4.0206676498918439 -6.3899957407614387 -2.2777519584083219 0.26154462048942362 -3.7471055731574299
leaf_weight=50 61 82 66 85 88 56 62 50
leaf_count=50 61 82 66 85 88 56 62 50
internal_value=-1.96544 -4.00248 -19.17 0.561701 -1.52856 1.51958 -3.67659 -1.53318
internal_weight=600 550 127 423 341 141 200 112
internal_count=600 550 127 423 341 141 200 112
is_linear=0
shrinkage=0.03


Tree=147
num_leaves=8
num_cat=0
split_feature=0 1 21 3 24 11 28
split_gain=2.8541e+07 3.98426e+07 9.62847e+07 8.02294e+06 8.31127e+06 2.0193e+06 983467
threshold=6.8000000000000016 0.65000000000000013 0.7018276515151517 51.45000000000001 5258.8888888888896 3.5000000000000004 0.38167508216062845
decision_type=2 2 2 2 2 2 2
left_child=-1 2 -2 -3 -5 6 -6
right_child=1 3 -4 4 5 -7 -8
leaf_value=19.725760649421343 8.1418535176823639 8.9522719713027978 -44.023602485890407 -10.357680500128067 1.4632342459152978 -2.5198306905610361 6.4539635367421937
leaf_weight=50 62 82 65 74 122 95 50
leaf_count=50 62 82 65 74 122 95 50
internal_value=-1.90676 -3.88305 -18.5978 0.544872 -1.48291 0.985589 2.92279
internal_weight=600 550 127 423 341 267 172
internal_count=600 550 127 423 341 267 172
is_linear=0
shrinkage=0.03


Tree=148
num_leaves=8
num_cat=0
split_feature=0 14 3 26 24 24 24
split_gain=2.68638e+07 2.89127e+07 1.41997e+07 1.65375e+07 7.41994e+07 2.25294e+07 1.10464e+07
threshold=6.8000000000000016 31.500000000000004 85.450000000000017 8.8500000000000032 1.0000000180025095e-35 5509.2583333333341 6141.2027777777785
decision_type=2 2 2 2 2 2 2
left_child=-1 -2 3 4 -3 -5 -6
right_child=1 2 -4 5 6 -7 -8
leaf_value=19.137517731440944 -24.550297628687229 36.237017120287561 -14.643958813328394 -23.989973756778785 -12.078106160195128 0.74932314495388552 1.8631112366956968
leaf_weight=50 54 54 64 50 76 97 155
leaf_count=50 54 54 64 50 76 97 155
internal_value=-1.84974 -3.76708 -1.4909 0.466494 4.68087 -7.69706 -2.73329
internal_weight=600 550 496 432 285 147 231
internal_count=600 550 496 432 285 147 231
is_linear=0
shrinkage=0.03


Tree=149
num_leaves=9
num_cat=0
split_feature=0 1 21 3 6 6 4 21
split_gain=2.52853e+07 3.87399e+07 8.9752e+07 7.57436e+06 2.28577e+06 1.30431e+06 802232 285613
threshold=6.8000000000000016 0.65000000000000013 0.7018276515151517 51.45000000000001 2.6500000000000008 3.4500000000000006 1013.9500000000002 0.83991341991342006
decision_type=2 2 2 2 2 2 2 2
left_child=-1 2 -2 -3 6 -6 -5 -7
right_child=1 3 -4 4 5 7 -8 -9
leaf_value=18.566815944239352 7.653078451141309 8.8803309457530961 -42.712340625336481 -0.068302943735880917 -5.8863037026042271 0.58344030084665754 4.6129992234501733 -2.5262797556302865
leaf_weight=50 62 82 65 89 94 51 52 55
leaf_count=50 62 82 65 89 94 51 52 55
internal_value=-1.7945 -3.65466 -18.1643 0.711437 -1.25898 -3.31928 1.6642 -1.03258
internal_weight=600 550 127 423 341 200 141 106
internal_count=600 550 127 423 341 200 141 106
is_linear=0
shrinkage=0.03


Tree=150
num_leaves=9
num_cat=0
split_feature=29 6 7 4 20 4 4 28
split_gain=2.0147e+07 2.76637e+07 2.55728e+07 5.54458e+07 1.47775e+07 2.00141e+07 1.47718e+07 1.10121e+07
threshold=1.0000000180025095e-35 2.7500000000000004 25.850000000000005 1007.5500000000001 15.5128 1011.2500000000001 1007.85 0.77204218116891865
decision_type=2 2 2 2 2 2 2 2
left_child=2 6 3 -1 5 -3 -2 -5
right_child=1 4 -4 7 -6 -7 -8 -9
leaf_value=36.360966903087323 -29.635265294998348 -18.503026718761529 -9.3241707140274102 7.9136573090009543 15.261967477855341 6.4371093030345916 -8.0717424822207899 -8.4104042064856568
leaf_weight=55 50 50 80 92 50 68 67 62
leaf_count=55 50 50 80 92 50 68 67 62
internal_value=-0.502803 -6.15932 5.07599 10.5935 1.64367 -4.15079 -17.3392 1.338
internal_weight=574 285 289 209 168 118 117 154
internal_count=574 285 289 209 168 118 117 154
is_linear=0
shrinkage=0.03


Tree=151
num_leaves=10
num_cat=0
split_feature=29 24 7 4 21 21 4 24 26
split_gain=1.8963e+07 4.22434e+07 2.40679e+07 5.21873e+07 1.25962e+07 1.65036e+07 8.63763e+06 4.75818e+06 1.21488e+06
threshold=1.0000000180025095e-35 2027.7777777777781 25.850000000000005 1007.5500000000001 0.69629880006760192 1.1380676328502417 1003.7500000000001 8916.6666666666679 8.0500000000000025
decision_type=2 2 2 2 2 2 2 2 2
left_child=2 -2 3 -1 -5 -6 -3 8 -8
right_child=1 6 -4 4 5 -7 7 -9 -10
leaf_value=35.276055693600533 -28.04264425641755 -10.355801125626538 -9.0454904488103924 13.626504097420938 -16.787278324372586 7.0549584024797918 -3.4658782918271962 10.814703178826237 2.6827172021304859
leaf_weight=55 61 54 80 50 51 53 51 53 66
leaf_count=55 61 54 80 50 51 53 51 53 66
internal_value=-0.487844 -5.97563 4.92454 10.2773 1.29783 -4.65148 0.0631265 3.38513 0.000473948
internal_weight=574 285 289 209 154 104 224 170 117
internal_count=574 285 289 209 154 104 224 170 117
is_linear=0
shrinkage=0.03


Tree=152
num_leaves=9
num_cat=0
split_feature=24 27 1 0 24 21 24 27
split_gain=1.83022e+07 1.60992e+07 4.72267e+07 2.59726e+07 6.479e+06 3.07038e+06 1.72582e+06 450811
threshold=10625.000000000002 0.64534213713577271 0.65000000000000013 30.000000000000004 4950.0000000000009 1.3272689075630255 5944.4444444444453 -0.63869618781540805
decision_type=2 2 2 2 2 2 2 2
left_child=1 2 -1 -3 -5 6 -4 -8
right_child=-2 3 5 4 -6 -7 7 -9
leaf_value=-23.841632520729135 14.352023091553564 23.401945658393693 -5.7054481917963349 -10.318962323934581 4.7647358838606539 7.3279653812430761 -1.2483846407535431 1.994920439897135
leaf_weight=96 66 50 50 52 50 51 65 94
leaf_count=96 66 50 50 52 50 51 65 94
internal_value=-0.473181 -2.40664 -5.89505 5.75904 -2.93262 0.751183 -0.861837 0.66913
internal_weight=574 508 356 152 102 260 209 159
internal_count=574 508 356 152 102 260 209 159
is_linear=0
shrinkage=0.03


Tree=153
num_leaves=10
num_cat=0
split_feature=10 7 24 24 21 24 27 2 24
split_gain=1.83569e+07 2.72591e+07 5.83294e+07 3.83479e+07 9.06984e+06 5.91031e+06 2.02768e+06 2.004e+06 1.43977e+06
threshold=1.5000000000000002 24.950000000000003 1220.0000000000002 6009.2583333333341 1.3876065969428801 6450.0000000000009 0.43664718845046319 7.1500000000000012 9037.0361111111124
decision_type=2 2 2 2 2 2 2 2 2
left_child=-1 2 -2 -3 5 7 -7 -4 -5
right_child=1 3 4 8 -6 6 -8 -9 -10
leaf_value=-16.728152083605263 35.793586119266976 -25.831190527110287 -11.119179271296053 -0.8411603929983319 12.360771571172128 -0.54501772704708462 6.9336987333641247 -2.7382985701212066 5.9533117758225824
leaf_weight=56 51 68 50 54 52 74 58 53 58
leaf_count=56 51 68 50 54 52 74 58 53 58
internal_value=-0.458816 1.30868 6.32919 -8.11352 1.06141 -1.4514 2.74929 -6.82725 2.68383
internal_weight=574 518 338 180 287 235 132 103 112
internal_count=574 518 338 180 287 235 132 103 112
is_linear=0
shrinkage=0.03


Tree=154
num_leaves=10
num_cat=0
split_feature=29 24 7 4 21 21 4 24 0
split_gain=1.77741e+07 3.87242e+07 2.1467e+07 4.886e+07 1.21613e+07 1.54853e+07 9.23509e+06 4.14553e+06 1.38709e+06
threshold=1.0000000180025095e-35 1633.3333333333337 25.850000000000005 1007.5500000000001 0.69629880006760192 1.1380676328502417 1003.7500000000001 8916.6666666666679 89.600000000000009
decision_type=2 2 2 2 2 2 2 2 2
left_child=2 -2 3 -1 -5 -6 -3 8 -8
right_child=1 6 -4 4 5 -7 7 -9 -10
leaf_value=34.038837958865315 -27.805100008180627 -10.89095819890607 -8.3989434059916217 13.275952736966417 -16.438787686779484 6.656589409352244 -3.5799646464360602 10.151640784601781 2.9121405583489168
leaf_weight=55 57 55 80 50 51 53 52 53 68
leaf_count=55 57 55 80 50 51 53 52 53 68
internal_value=-0.445001 -5.75798 4.79495 9.85009 1.16181 -4.68365 -0.21687 3.18955 0.0969081
internal_weight=574 285 289 209 154 104 228 173 120
internal_count=574 285 289 209 154 104 228 173 120
is_linear=0
shrinkage=0.03


Tree=155
num_leaves=9
num_cat=0
split_feature=24 24 0 8 24 14 28 0
split_gain=2.01922e+07 1.87879e+07 6.39455e+06 4.19833e+06 2.89567e+06 1.93991e+06 2.59469e+06 1.09084e+06
threshold=1.0000000180025095e-35 2711.1111111111118 12.450000000000001 12.350000000000003 6263.8888888888896 325.00000000000006 0.59809228744854648 165.60000000000005
decision_type=2 2 2 2 2 2 2 2
left_child=-1 -2 -3 5 -5 6 -4 -6
right_child=1 2 3 4 7 -7 -8 -9
leaf_value=14.791466774073067 -17.349187310648244 11.681186389941331 1.8441838728644959 -8.6496065589437983 -2.5726666405150054 -1.216616066621812 10.041149227209688 2.764637626849153
leaf_weight=97 51 52 79 52 84 54 62 58
leaf_count=97 51 52 79 52 84 54 62 58
internal_value=2.30408 -0.165356 1.83231 0.507743 -2.61488 3.61365 5.46225 -0.391345
internal_weight=589 492 441 389 194 195 141 142
internal_count=589 492 441 389 194 195 141 142
is_linear=0
shrinkage=0.03


Tree=156
num_leaves=7
num_cat=0
split_feature=24 24 0 3 24 0
split_gain=1.90026e+07 1.76839e+07 6.01881e+06 5.43309e+06 3.3049e+06 1.15936e+06
threshold=1.0000000180025095e-35 2711.1111111111118 12.450000000000001 47.45000000000001 5346.666666666667 42.600000000000009
decision_type=2 2 2 2 2 2
left_child=-1 -2 -3 -4 -5 -6
right_child=1 2 3 4 5 -7
leaf_value=14.34909139258766 -16.831755290784336 11.332760385363782 9.0237145352488426 -7.7484875477875148 4.1881648129468276 -0.63133902479521176
leaf_weight=97 51 52 57 54 56 222
leaf_count=97 51 52 57 54 56 222
internal_value=2.23513 -0.160458 1.77763 0.492561 -0.978922 0.342932
internal_weight=589 492 441 389 332 278
internal_count=589 492 441 389 332 278
is_linear=0
shrinkage=0.03


Tree=157
num_leaves=8
num_cat=0
split_feature=1 5 5 3 28 28 3
split_gain=1.7883e+07 7.98862e+06 4.37784e+06 4.36923e+06 4.85777e+06 2.14278e+06 604085
threshold=0.11250000000000002 22.850000000000005 25.250000000000004 45.400000000000006 -0.2093068927635835 0.67751439310362949 72.550000000000011
decision_type=2 2 2 2 2 2 2
left_child=-1 3 -3 -2 -5 6 -6
right_child=1 2 -4 4 5 -7 -8
leaf_value=13.919945138929315 8.9629077455314707 -13.796561535708237 -1.7860178713537567 6.1927935375508003 -2.7947530638014979 1.4329055971297149 -7.0172634941513783
leaf_weight=97 65 50 60 93 77 96 51
leaf_count=97 65 50 60 93 77 96 51
internal_value=2.16829 -0.155656 -7.26811 1.89651 0.440427 -1.95288 -4.4897
internal_weight=589 492 110 382 317 224 128
internal_count=589 492 110 382 317 224 128
is_linear=0
shrinkage=0.03


Tree=158
num_leaves=10
num_cat=0
split_feature=27 1 24 24 14 24 0 26 0
split_gain=1.71664e+07 1.09855e+08 3.42511e+07 9.89117e+06 3.0292e+06 2.64936e+06 2.84517e+06 1.39443e+06 683191
threshold=0.37371625404731906 0.15476190476190474 1981.4805555555556 5346.666666666667 192.00000000000003 7376.3888888888896 94.950000000000017 7.8500000000000005 165.60000000000005
decision_type=2 2 2 2 2 2 2 2 2
left_child=1 -1 -2 -3 -5 6 -4 8 -6
right_child=2 3 5 4 7 -7 -8 -9 -10
leaf_value=46.322901005061134 -25.234758723480265 -10.993015166862454 -4.9000097559982878 8.5293493749033207 -3.4582976460753638 7.9993449579128937 4.5987999151978531 3.4763395914336415 1.0972691273547073
leaf_weight=52 54 65 58 52 72 50 55 81 50
leaf_count=52 54 65 58 52 72 50 55 81 50
internal_value=2.10332 6.01322 -4.59838 -0.574327 2.09118 2.27195 -0.276681 0.431796 -1.59308
internal_weight=589 372 217 320 255 163 113 203 122
internal_count=589 372 217 320 255 163 113 203 122
is_linear=0
shrinkage=0.03


Tree=159
num_leaves=9
num_cat=0
split_feature=27 1 25 26 24 14 26 21
split_gain=1.61575e+07 1.03399e+08 3.22968e+07 1.10742e+07 9.30932e+06 2.85121e+06 1.31231e+06 680123
threshold=0.37371625404731906 0.15476190476190474 17.930165000000002 8.6500000000000021 5346.666666666667 192.00000000000003 7.8500000000000005 0.8668692449355434
decision_type=2 2 2 2 2 2 2 2
left_child=1 -1 3 -2 -3 -6 7 -7
right_child=2 4 -4 -5 5 6 -8 -9
leaf_value=44.941185658675529 9.6041353430018308 -10.664739451853823 -25.266517392208701 -5.8671359491927664 8.2749367138806083 -4.1337790878689766 3.3724342679889441 0.38660564179779966
leaf_weight=52 84 65 51 82 52 52 81 70
leaf_count=52 84 65 51 82 52 52 81 70
internal_value=2.04064 5.83391 -4.46116 1.96485 -0.557133 2.02879 0.418891 -1.54546
internal_weight=589 372 217 166 320 255 203 122
internal_count=589 372 217 166 320 255 203 122
is_linear=0
shrinkage=0.03


Tree=160
num_leaves=10
num_cat=0
split_feature=8 1 14 3 21 3 6 27 11
split_gain=2.50614e+07 3.76988e+07 4.28269e+06 5.33591e+06 3.0366e+06 2.55718e+06 2.12675e+06 1.99949e+06 738284
threshold=24.350000000000005 0.11250000000000002 177.50000000000003 79.550000000000011 0.92658507373306409 68.90000000000002 2.7500000000000004 0.45972848220565493 2.5000000000000004
decision_type=2 2 2 2 2 2 2 2 2
left_child=1 -1 3 7 6 -6 -4 -3 -9
right_child=-2 2 4 -5 5 -7 -8 8 -10
leaf_value=21.569255215136135 -17.916331342657781 4.9058680177850338 -1.4451351372313104 10.20896331512011 5.8768310151754273 -3.597977377848689 -9.3713232239957893 0.22487160158430869 -4.7981050737534856
leaf_weight=88 53 51 54 66 50 52 70 52 53
leaf_count=88 53 51 54 66 50 52 70 52 53
internal_value=1.70426 3.65331 0.122002 3.07942 -2.78327 1.05006 -5.93149 0.0492183 -2.3169
internal_weight=589 536 448 222 226 102 124 156 105
internal_count=589 536 448 222 226 102 124 156 105
is_linear=0
shrinkage=0.03


Tree=161
num_leaves=9
num_cat=0
split_feature=0 0 21 22 4 26 21 3
split_gain=2.99051e+07 2.24862e+07 2.31857e+07 2.80791e+07 1.00463e+07 6.56324e+06 2.64692e+06 3.73934e+06
threshold=6.4500000000000011 28.650000000000002 0.68170440464120774 -0.6830127018922193 1006.9500000000002 6.450000000000002 0.92658507373306409 62.550000000000004
decision_type=2 2 2 2 2 2 2 2
left_child=-1 -2 3 -3 -4 -5 -6 -8
right_child=1 2 4 5 6 -7 7 -9
leaf_value=23.775838284957004 -13.306493735010889 29.09111646750689 -13.238729245714294 -4.8675445209945769 -4.9912411722485572 8.478911875068512 8.7936085780492022 -1.8358214411178193
leaf_weight=50 99 52 69 54 59 85 52 69
leaf_count=50 99 52 69 54 59 85 52 69
internal_value=1.65321 -0.411044 2.4975 10.3524 -3.53289 3.29458 0.203465 2.74257
internal_weight=589 539 440 191 249 139 180 121
internal_count=589 539 440 191 249 139 180 121
is_linear=0
shrinkage=0.03


Tree=162
num_leaves=9
num_cat=0
split_feature=0 0 21 27 6 27 20 14
split_gain=2.81476e+07 2.11618e+07 2.18218e+07 2.47202e+07 1.17058e+07 1.53907e+07 1.0511e+07 5.89122e+06
threshold=6.4500000000000011 28.650000000000002 0.68170440464120774 -0.67125374152323936 2.7500000000000004 -0.20087381264151988 7.8225500000000006 185.50000000000003
decision_type=2 2 2 2 2 2 2 2
left_child=-1 -2 3 -3 5 -4 -6 -5
right_child=1 2 4 7 6 -7 -8 -9
leaf_value=23.066817309339761 -12.90850525120594 28.100669862659977 -0.19663120708171131 8.2709583499904191 11.773541877791656 -22.755180280849949 -4.8015031421808052 -4.4124149687385925
leaf_weight=50 99 50 58 89 60 51 80 52
leaf_count=50 99 50 58 89 60 51 80 52
internal_value=1.6041 -0.398578 2.42301 10.0433 -3.42731 -10.7851 2.31201 3.5939
internal_weight=589 539 440 191 249 109 140 141
internal_count=589 539 440 191 249 109 140 141
is_linear=0
shrinkage=0.03


Tree=163
num_leaves=9
num_cat=0
split_feature=0 0 21 24 24 14 10 24
split_gain=2.64936e+07 1.99152e+07 2.05386e+07 3.65574e+07 2.17121e+07 3.78805e+06 2.05103e+06 1.13582e+06
threshold=6.4500000000000011 28.650000000000002 0.68170440464120774 3347.2222222222226 2645.8333333333335 163.50000000000003 5.5000000000000009 7913.8888888888896
decision_type=2 2 2 2 2 2 2 2
left_child=-1 -2 3 -3 -4 -5 -6 -8
right_child=1 2 4 5 6 -7 7 -9
leaf_value=22.378940587887467 -12.522419520720973 31.701107941583892 -20.935033295329948 7.6838154871749236 6.1615088507963618 -2.2633790372324745 -3.3166648931999871 1.9654537494548623
leaf_weight=50 99 50 50 59 53 82 74 72
leaf_count=50 99 50 50 59 53 82 74 72
internal_value=1.55638 -0.38657 2.35065 9.74354 -3.32507 1.90634 1.12435 -0.713034
internal_weight=589 539 440 191 249 141 199 146
internal_count=589 539 440 191 249 141 199 146
is_linear=0
shrinkage=0.03


Tree=164
num_leaves=8
num_cat=0
split_feature=25 1 25 3 21 0 27
split_gain=2.61953e+07 5.52081e+07 7.39684e+06 4.27064e+06 3.133e+06 3.97992e+06 1.6272e+06
threshold=25.614970000000003 0.11250000000000002 23.279250000000001 79.350000000000009 0.67036726105254041 84.250000000000014 -0.74981945761428159
decision_type=2 2 2 2 2 2 2
left_child=1 -1 3 4 5 -3 -6
right_child=-2 2 -4 -5 6 -7 -8
leaf_value=26.331529475660545 -16.106809572174502 -10.465806488016035 -10.593964018593038 6.8826765493674786 -2.881336338310911 0.97870690042082265 3.382486172916241
leaf_weight=82 67 54 56 87 51 55 137
leaf_count=82 67 54 56 87 51 55 137
internal_value=1.51016 3.77931 -0.438659 1.04941 -0.664511 -4.70413 1.68133
internal_weight=589 522 440 384 297 109 188
internal_count=589 522 440 384 297 109 188
is_linear=0
shrinkage=0.03


Tree=165
num_leaves=9
num_cat=0
split_feature=0 1 11 11 24 24 2 28
split_gain=2.60261e+07 2.27039e+07 5.18471e+07 3.22294e+06 2.49218e+06 2.13246e+06 1.52649e+06 959454
threshold=5.7500000000000009 0.65000000000000013 2.5000000000000004 2.5000000000000004 9365.7416666666668 5509.2583333333341 8.9500000000000011 -0.30081980763566762
decision_type=2 2 2 2 2 2 2 2
left_child=-1 2 -2 4 6 -5 -3 -7
right_child=1 3 -4 5 -6 7 -8 -9
leaf_value=19.645837013142511 -33.324990530091824 5.7985643726883547 6.0455278973314055 -6.6085510151832016 9.2855089085562206 3.0058027587541605 -0.67474230547851355 -1.7435634034493899
leaf_weight=52 61 50 59 58 51 62 94 99
leaf_count=52 61 50 59 58 51 62 94 99
internal_value=-0.551925 -2.52869 -14.0009 0.804307 3.60669 -1.69244 1.58025 0.0875181
internal_weight=586 534 120 414 195 219 144 161
internal_count=586 534 120 414 195 219 144 161
is_linear=0
shrinkage=0.03


Tree=166
num_leaves=9
num_cat=0
split_feature=24 28 7 0 0 0 0 26
split_gain=2.5044e+07 2.59274e+07 5.5019e+07 7.79937e+07 1.80054e+07 1.4734e+07 1.55969e+07 1.17037e+07
threshold=11699.075000000001 -0.9668120007078248 25.850000000000005 92.250000000000014 12.750000000000002 107.35000000000001 59.70000000000001 7.5000000000000018
decision_type=2 2 2 2 2 2 2 2
left_child=1 -1 4 -4 -3 6 -6 -7
right_child=-2 2 3 -5 5 7 -8 -9
leaf_value=17.635610825263292 19.705501066780467 15.792955909178623 -50.781124704561933 0.68338298994101598 -1.4679467823859285 12.966986947410916 -21.633103051987522 -2.8748390590283543
leaf_weight=52 50 60 50 56 92 73 55 98
leaf_count=52 50 60 50 56 92 73 55 98
internal_value=-0.535344 -2.43347 -4.59926 -23.667 0.762301 -2.08585 -9.04149 3.89886
internal_weight=586 536 484 106 378 318 147 171
internal_count=586 536 484 106 378 318 147 171
is_linear=0
shrinkage=0.03


Tree=167
num_leaves=9
num_cat=0
split_feature=24 26 1 26 24 14 26 2
split_gain=2.35728e+07 1.99233e+07 5.99454e+07 3.66246e+07 2.14693e+07 3.04346e+06 1.24778e+06 1.21992e+06
threshold=11699.075000000001 6.5000000000000018 0.65000000000000013 7.6500000000000012 1981.4805555555556 224.50000000000003 8.9500000000000046 11.65
decision_type=2 2 2 2 2 2 2 2
left_child=1 2 -1 -3 -5 -4 -6 -8
right_child=-2 3 5 4 6 -7 7 -9
leaf_value=-35.467354029136906 19.117862078039121 18.813806389025395 4.0624174311913945 -19.349838283975323 4.3683925952341616 -5.0507737124353707 -4.1688584493335927 1.9343569161881615
leaf_weight=58 50 87 89 60 70 52 51 69
leaf_count=58 50 87 89 60 70 52 51 69
internal_value=-0.519436 -2.36096 -9.88022 2.08401 -3.75349 0.697873 1.19436 -0.663362
internal_weight=586 536 199 337 250 141 190 120
internal_count=586 536 199 337 250 141 190 120
is_linear=0
shrinkage=0.03


Tree=168
num_leaves=8
num_cat=0
split_feature=0 3 3 1 24 14 14
split_gain=2.4065e+07 2.2598e+07 2.0491e+07 4.87462e+07 7.45512e+06 4.15747e+06 1.76748e+06
threshold=5.7500000000000009 86.450000000000017 47.350000000000001 0.11250000000000002 6009.2583333333341 132.50000000000003 315.00000000000006
decision_type=2 2 2 2 2 2 2
left_child=-1 2 -2 -4 5 -5 -6
right_child=1 -3 3 4 6 -7 -8
leaf_value=18.917780409278649 -13.932786352619944 -20.563009097839135 25.783704429161673 -2.9506561843693606 2.1958799924261476 -15.128005360059188 -4.0803790368165389
leaf_weight=52 82 55 67 51 177 50 52
leaf_count=52 82 55 67 51 177 50 52
internal_value=-0.504094 -2.40494 -0.308399 2.51408 -2.22946 -9.00608 0.76719
internal_weight=586 534 479 397 330 101 229
internal_count=586 534 479 397 330 101 229
is_linear=0
shrinkage=0.03


Tree=169
num_leaves=8
num_cat=0
split_feature=0 3 3 1 24 14 14
split_gain=2.2651e+07 2.12694e+07 1.9284e+07 4.58788e+07 7.01679e+06 3.91321e+06 1.66346e+06
threshold=5.7500000000000009 86.450000000000017 47.350000000000001 0.11250000000000002 6009.2583333333341 132.50000000000003 315.00000000000006
decision_type=2 2 2 2 2 2 2
left_child=-1 2 -2 -4 5 -5 -6
right_child=1 -3 3 4 6 -7 -8
leaf_value=18.353502010542396 -13.51632618244769 -19.949465607579317 25.013641409229201 -2.8626541968395838 2.1301150690198143 -14.67687187566435 -3.9586697939659392
leaf_weight=52 82 55 67 51 177 50 52
leaf_count=52 82 55 67 51 177 50 52
internal_value=-0.489121 -2.33328 -0.2993 2.43879 -2.16312 -8.73751 0.744099
internal_weight=586 534 479 397 330 101 229
internal_count=586 534 479 397 330 101 229
is_linear=0
shrinkage=0.03


Tree=170
num_leaves=9
num_cat=0
split_feature=0 1 0 3 30 0 3 14
split_gain=2.46838e+07 3.39383e+07 4.2378e+07 8.07975e+06 2.34672e+06 1.26535e+06 2.3595e+06 525538
threshold=5.7500000000000009 0.65000000000000013 39.250000000000007 52.650000000000006 0.81174490092936691 139.00000000000003 72.550000000000011 185.50000000000003
decision_type=2 2 2 2 2 2 2 2
left_child=-1 2 -2 -3 5 6 -5 -7
right_child=1 3 -4 4 -6 7 -8 -9
leaf_value=19.57885757082262 -35.462572132605217 9.6692723599332293 0.35244462578217567 0.48211314232602498 4.6476532179830974 2.7931430576248579 -6.7077642721238089 -1.1680046491277702
leaf_weight=50 56 87 63 76 64 55 89 66
leaf_count=50 56 87 63 76 64 55 89 66
internal_value=-0.546932 -2.3664 -16.5484 1.5042 -0.531927 -1.69468 -3.40114 0.634898
internal_weight=606 556 119 437 350 286 165 121
internal_count=606 556 119 437 350 286 165 121
is_linear=0
shrinkage=0.03


Tree=171
num_leaves=8
num_cat=0
split_feature=0 1 0 3 28 24 11
split_gain=2.32335e+07 3.19429e+07 3.98866e+07 7.607e+06 2.35754e+06 2.34653e+06 1.02062e+06
threshold=5.7500000000000009 0.65000000000000013 39.250000000000007 47.550000000000004 0.81392548379518759 5509.2583333333341 3.5000000000000004
decision_type=2 2 2 2 2 2 2
left_child=-1 2 -2 -3 5 -5 -7
right_child=1 3 -4 4 -6 6 -8
leaf_value=18.994995178161986 -34.404363673804703 10.989156010228777 0.34192203015512768 -6.279656874952841 4.7238146485787462 1.4667351695684889 -2.725012630776884
leaf_weight=50 56 64 63 67 71 157 78
leaf_count=50 56 64 63 67 71 157 78
internal_value=-0.530609 -2.29582 -16.0546 1.45927 -0.183378 -1.34063 0.073693
internal_weight=606 556 119 437 373 302 235
internal_count=606 556 119 437 373 302 235
is_linear=0
shrinkage=0.03


Tree=172
num_leaves=11
num_cat=0
split_feature=27 1 6 6 6 20 14 3 6 7
split_gain=2.29849e+07 5.0223e+07 4.1642e+07 2.92457e+07 3.04366e+07 4.41434e+06 1.68612e+06 1.01123e+06 766528 547551
threshold=0.64534213713577271 0.65000000000000013 2.7500000000000004 3.5500000000000003 2.7500000000000004 5.3768000000000002 323.00000000000006 73.700000000000003 2.7500000000000004 24.550000000000004
decision_type=2 2 2 2 2 2 2 2 2 2
left_child=1 2 -1 4 -2 6 -3 9 -9 -7
right_child=3 5 -4 -5 -6 7 -8 8 -10 -11
leaf_value=-41.877132655725802 3.3686586464310184 10.663824472483139 -4.2438747713620879 -8.1678522976307697 35.276867060936226 -0.52912767979487074 2.8981238096134798 -0.27957567440276693 -4.9640390197462816 3.7628344085723695
leaf_weight=50 58 51 56 58 50 57 50 67 59 50
leaf_count=50 58 51 56 58 50 57 50 67 59 50
internal_value=-0.514791 -4.10348 -22.0636 8.98757 18.1979 1.6111 6.83948 -0.661125 -2.47975 1.48129
internal_weight=606 440 106 166 108 334 101 233 126 107
internal_count=606 440 106 166 108 334 101 233 126 107
is_linear=0
shrinkage=0.03


Tree=173
num_leaves=8
num_cat=0
split_feature=0 1 0 3 24 30 0
split_gain=2.225e+07 2.81994e+07 3.76577e+07 7.05253e+06 2.90006e+06 2.20671e+06 1.71165e+06
threshold=5.7500000000000009 0.65000000000000013 39.250000000000007 52.650000000000006 5509.2583333333341 0.81174490092936691 145.00000000000003
decision_type=2 2 2 2 2 2 2
left_child=-1 2 -2 -3 -5 6 -6
right_child=1 3 -4 4 5 -7 -8
leaf_value=18.608436875096846 -32.984028980803956 8.9298053180475012 0.77544135468830999 -5.8174805824310187 -2.6413279299152941 6.3083106709868559 2.7260137514304472
leaf_weight=50 56 87 63 75 133 53 89
leaf_count=50 56 87 63 75 133 53 89
internal_value=-0.499408 -2.22686 -15.1543 1.30138 -0.600829 0.826651 -0.48874
internal_weight=606 556 119 437 350 275 222
internal_count=606 556 119 437 350 275 222
is_linear=0
shrinkage=0.03


Tree=174
num_leaves=10
num_cat=0
split_feature=27 1 0 0 5 20 24 24 4
split_gain=2.17176e+07 4.60087e+07 3.78759e+07 3.63871e+07 4.5713e+06 4.06728e+06 2.20814e+06 902639 628160
threshold=0.64534213713577271 0.65000000000000013 34.750000000000007 19.900000000000002 12.000000000000002 5.3768000000000002 6308.3333333333348 7703.7027777777785 1006.85
decision_type=2 2 2 2 2 2 2 2 2
left_child=1 2 -1 -2 -5 7 -7 -3 -8
right_child=3 5 -4 4 -6 6 8 -9 -10
leaf_value=-38.039152346893907 30.062723005950808 9.3180821977581889 -2.1471627399603839 -7.305744130931366 4.6879427772625544 -6.251535965784881 2.6665446314482293 3.6179997631095748 -0.84616307567824589
leaf_weight=56 50 51 50 50 66 50 88 50 95
leaf_count=56 50 51 50 50 66 50 88 50 95
internal_value=-0.484486 -3.97284 -21.1629 8.75217 -0.487182 1.49676 -0.684251 6.51542 0.844558
internal_weight=606 440 106 166 116 334 233 101 183
internal_count=606 440 106 166 116 334 233 101 183
is_linear=0
shrinkage=0.03


Tree=175
num_leaves=9
num_cat=0
split_feature=27 24 28 27 21 24 21 24
split_gain=1.6548e+07 5.08072e+07 4.00992e+07 7.88308e+06 6.58588e+06 3.84187e+06 1.47246e+06 1.11368e+06
threshold=0.64534213713577271 2027.7777777777781 0.2926003356333482 0.073094453017891456 0.74113962619479101 6738.4250000000011 0.55950266903914603 9729.1666666666697
decision_type=2 2 2 2 2 2 2 2
left_child=1 -1 4 5 -2 -3 -7 -8
right_child=2 3 -4 -5 -6 6 7 -9
leaf_value=-23.643298096992599 4.3139363264995163 -6.692428471837216 29.3216467760878 9.0972218561386082 -9.7265497317960907 -2.9200137202064269 0.64081924053261696 6.4787475524507991
leaf_weight=92 63 80 51 89 57 53 71 50
leaf_count=92 63 80 51 89 57 53 71 50
internal_value=-0.777507 -3.88549 7.12167 1.42999 -2.36284 -1.26409 1.23887 3.06332
internal_weight=606 435 171 343 120 254 174 121
internal_count=606 435 171 343 120 254 174 121
is_linear=0
shrinkage=0.03


Tree=176
num_leaves=9
num_cat=0
split_feature=3 0 0 1 10 11 0 28
split_gain=2.00246e+07 1.91942e+07 1.25855e+07 2.3771e+07 1.06412e+07 2.28663e+06 1.23605e+06 872781
threshold=40.650000000000006 10.850000000000003 57.800000000000004 0.65000000000000013 6.5000000000000009 2.5000000000000004 163.05000000000004 -0.317191288589106
decision_type=2 2 2 2 2 2 2 2
left_child=-1 -2 4 -4 -3 6 -5 -7
right_child=1 2 3 5 -6 7 -8 -9
leaf_value=17.179529528422663 -17.180926955912533 14.151818820045465 -22.360200504503752 5.8017046359309212 -1.6927098390062929 -0.32949521337575582 0.20571424053375981 -5.2107551189724459
leaf_weight=51 69 82 51 58 71 60 91 73
leaf_count=51 69 82 51 58 71 60 91 73
internal_value=-0.754079 -2.41044 -0.304071 -3.57598 6.81015 -0.15865 2.39136 -3.01445
internal_weight=606 555 486 333 153 282 149 133
internal_count=606 555 486 333 153 282 149 133
is_linear=0
shrinkage=0.03


Tree=177
num_leaves=10
num_cat=0
split_feature=20 0 21 24 24 0 26 24 28
split_gain=1.72544e+07 1.62026e+07 1.84389e+07 3.81856e+07 3.80379e+07 4.32093e+06 1.24728e+06 808133 599344
threshold=1.7122500000000003 11.050000000000002 0.67357463896257019 2027.7777777777781 2645.8333333333335 75.500000000000014 8.3500000000000032 6530.5555555555557 -0.52705818521824699
decision_type=2 2 2 2 2 2 2 2 2
left_child=-1 -2 4 -4 -3 -6 7 -5 -7
right_child=1 2 3 6 5 8 -8 -9 -10
leaf_value=15.740662343296906 -15.635110598707264 28.890426731221158 -28.99286500172397 -4.8983697653757901 -7.9599403002248437 0.31903604752026782 2.6209709502375405 -0.16030580050812976 4.9368022088488646
leaf_weight=52 71 51 50 51 52 50 90 88 51
leaf_count=52 71 51 50 51 52 50 90 88 51
internal_value=-0.731597 -2.28543 -0.314547 -5.32445 6.53494 -0.958783 -0.125459 -1.9056 2.65858
internal_weight=606 554 483 279 204 153 229 139 101
internal_count=606 554 483 279 204 153 229 139 101
is_linear=0
shrinkage=0.03


Tree=178
num_leaves=8
num_cat=0
split_feature=3 0 0 0 26 0 26
split_gain=1.83145e+07 1.7082e+07 1.20337e+07 2.28353e+07 1.27056e+07 1.86482e+07 1.16189e+07
threshold=40.650000000000006 10.850000000000003 57.800000000000004 104.65000000000002 7.7500000000000009 158.60000000000002 6.3000000000000034
decision_type=2 2 2 2 2 2 2
left_child=-1 -2 6 -4 5 -5 -3
right_child=1 2 3 4 -6 -7 -8
leaf_value=16.441012343579569 -16.227873019924413 -4.2168880184166806 -18.558737804458318 20.299006216763107 -7.8733750536218503 -1.3185403730127883 12.917199477419212
leaf_weight=51 69 56 71 53 99 110 97
leaf_count=51 69 56 71 53 99 110 97
internal_value=-0.709725 -2.29379 -0.30668 -3.50606 0.589622 5.7348 6.64986
internal_weight=606 555 486 333 262 163 153
internal_count=606 555 486 333 262 163 153
is_linear=0
shrinkage=0.03


Tree=179
num_leaves=8
num_cat=0
split_feature=3 23 1 25 24 27 27
split_gain=1.7238e+07 1.62128e+07 3.29032e+07 1.88013e+07 3.91768e+06 1.52093e+06 1.26791e+06
threshold=40.650000000000006 -0.9330127018922193 0.65000000000000013 18.791630000000001 4754.6305555555564 0.78829775591774609 0.13301347478292308
decision_type=2 2 2 2 2 2 2
left_child=-1 -2 3 -3 -4 6 -6
right_child=1 2 4 -5 5 -7 -8
leaf_value=15.950666845583777 12.329089172528192 -5.7870665027105321 -6.4693089933932093 -31.194523478976926 1.2888466214923608 -2.8977482616367625 6.377438950513227
leaf_weight=51 61 51 69 54 204 60 56
leaf_count=51 61 51 69 54 204 60 56
internal_value=-0.688412 -2.22522 -4.02882 -18.9055 -0.00176511 1.39752 2.39097
internal_weight=606 555 494 105 389 320 260
internal_count=606 555 494 105 389 320 260
is_linear=0
shrinkage=0.03


Tree=180
num_leaves=9
num_cat=0
split_feature=26 24 4 7 26 24 21 2
split_gain=2.80822e+07 4.42148e+07 3.80657e+07 1.38123e+07 1.42261e+07 2.62992e+07 3.23153e+06 2.82066e+06
threshold=6.1000000000000005 3959.7222222222226 1003.85 26.450000000000003 7.7500000000000009 2408.3333333333335 0.67357463896257019 15.597000000000003
decision_type=2 2 2 2 2 2 2 2
left_child=1 -1 -2 4 -4 -6 -3 -7
right_child=2 6 3 -5 5 7 -8 -9
leaf_value=-33.780909115151282 23.096188135788868 -6.9278377394648327 12.394598975570833 -14.802937068373934 -21.132163612335386 0.37437810604448668 2.7596842605766208 8.6824265255305111
leaf_weight=52 74 51 83 52 50 86 78 64
leaf_count=52 74 51 83 52 50 86 78 64
internal_value=-0.684523 -10.5133 3.66961 -0.638427 1.97713 -2.35817 -1.07738 3.92946
internal_weight=590 181 409 335 283 200 129 150
internal_count=590 181 409 335 283 200 129 150
is_linear=0
shrinkage=0.03


Tree=181
num_leaves=7
num_cat=0
split_feature=0 3 3 1 24 3
split_gain=4.02246e+07 4.6156e+07 2.69787e+07 7.0134e+07 3.73969e+06 2.21286e+06
threshold=6.8000000000000016 87.15000000000002 51.050000000000004 0.11250000000000002 5346.666666666667 62.70000000000001
decision_type=2 2 2 2 2 2
left_child=-1 2 -2 -4 -5 -6
right_child=1 -3 3 4 5 -7
leaf_value=24.720913588763679 -14.234450296554387 -29.04333555790658 32.594278281932851 -8.2227763366699218 4.5203071971128272 -2.0213356679594705
leaf_weight=51 97 55 62 71 61 193
leaf_count=51 97 55 62 71 61 193
internal_value=-0.664434 -3.07882 -0.112124 3.43584 -2.15159 -0.446797
internal_weight=590 539 484 387 325 254
internal_count=590 539 484 387 325 254
is_linear=0
shrinkage=0.03


Tree=182
num_leaves=8
num_cat=0
split_feature=8 9 4 26 28 28 6
split_gain=2.74625e+07 1.87348e+07 4.39726e+07 9.834e+06 2.5692e+07 1.87985e+07 7.09393e+06
threshold=24.250000000000004 2.4500000000000006 1003.85 7.7500000000000009 0.34963450400049062 0.38167508216062845 2.7500000000000004
decision_type=2 2 2 2 2 2 2
left_child=1 2 -1 4 -4 -5 -7
right_child=-2 -3 3 5 -6 6 -8
leaf_value=25.006925793691458 -20.37982004485205 -10.280575625975684 16.900892153969657 -14.23762074165179 -8.1985336019766279 -3.9323928647693478 10.880540801138428
leaf_weight=75 57 99 82 95 66 56 60
leaf_count=75 57 99 82 95 66 56 60
internal_value=-0.644374 1.47643 4.1636 -0.208076 5.7139 -4.36414 3.73769
internal_weight=590 533 434 359 148 211 116
internal_count=590 533 434 359 148 211 116
is_linear=0
shrinkage=0.03


Tree=183
num_leaves=8
num_cat=0
split_feature=8 9 4 2 29 14 3
split_gain=2.58479e+07 1.76313e+07 4.13838e+07 1.57585e+07 2.18484e+07 2.1277e+07 8.86774e+06
threshold=24.250000000000004 2.4500000000000006 1003.85 5.5500000000000007 1.0000000180025095e-35 85.500000000000014 59.45000000000001
decision_type=2 2 2 2 2 2 2
left_child=1 2 -1 4 -4 -5 -7
right_child=-2 -3 3 5 -6 6 -8
leaf_value=24.259707252228875 -19.771626308426182 -9.9730902667168042 5.8136658580400793 19.66370963905581 -20.029681739796807 -11.62580727271958 3.2200169682806989
leaf_weight=75 57 99 51 60 69 50 129
leaf_count=75 57 99 51 60 69 50 129
internal_value=-0.625108 1.43241 4.03924 -0.201798 -9.05908 4.25111 -0.939325
internal_weight=590 533 434 359 120 239 179
internal_count=590 533 434 359 120 239 179
is_linear=0
shrinkage=0.03


Tree=184
num_leaves=9
num_cat=0
split_feature=26 1 4 7 26 27 6 26
split_gain=2.50445e+07 5.45658e+07 3.21305e+07 1.28284e+07 1.28151e+07 1.11514e+07 5.61942e+06 1.46983e+06
threshold=6.1000000000000005 0.65000000000000013 1003.85 26.450000000000003 7.7500000000000009 0.8140385552266387 2.7500000000000004 4.0499999999999998
decision_type=2 2 2 2 2 2 2 2
left_child=1 -1 -2 4 -4 6 -6 -3
right_child=2 7 3 -5 5 -7 -8 -9
leaf_value=-36.088120472333586 21.353309454744629 4.4695749111440977 11.955113183218462 -14.103496362574926 -3.4967747740724904 -12.833961291075939 8.5018807957717453 -2.0706684234994435
leaf_weight=51 74 50 83 52 69 60 71 80
leaf_count=51 74 50 83 52 69 60 71 80
internal_value=-0.606483 -9.88845 3.5054 -0.452676 2.06785 -2.04708 2.59336 0.44924
internal_weight=590 181 409 335 283 200 140 130
internal_count=590 181 409 335 283 200 140 130
is_linear=0
shrinkage=0.03


Tree=185
num_leaves=10
num_cat=0
split_feature=0 0 7 24 24 14 24 7 0
split_gain=1.38391e+07 2.47091e+07 2.07211e+07 4.17487e+07 2.79329e+07 3.52509e+06 1.71154e+06 1.15627e+06 607952
threshold=5.7500000000000009 20.800000000000004 24.150000000000002 5346.666666666667 1633.3333333333337 136.50000000000003 6953.7027777777785 26.550000000000004 128.70000000000002
decision_type=2 2 2 2 2 2 2 2 2
left_child=-1 -2 4 -4 -3 8 -7 -5 -6
right_child=1 2 3 7 5 6 -8 -9 -10
leaf_value=15.531025272057072 -16.377613631317896 -23.17443104303371 33.053867447703304 -2.67332505716915 3.0206037781214121 -6.596033957104086 0.43159791584293 3.1216744272462251 7.3953998282415494
leaf_weight=51 78 51 50 51 68 50 82 78 50
leaf_count=51 78 51 50 51 68 50 82 78 50
internal_value=0.619508 -0.75097 1.79698 9.87114 -3.00961 1.12683 -2.23924 0.829672 4.88846
internal_weight=609 558 480 179 301 250 132 129 118
internal_count=609 558 480 179 301 250 132 129 118
is_linear=0
shrinkage=0.03


Tree=186
num_leaves=10
num_cat=0
split_feature=26 1 24 24 27 3 26 3 30
split_gain=2.24378e+07 6.06262e+07 4.76205e+07 5.24782e+06 4.57638e+06 2.68816e+06 1.8923e+06 1.08366e+06 1.15416e+06
threshold=6.5000000000000018 0.15476190476190474 2291.6666666666674 4138.8888888888896 -0.6254047815183511 79.550000000000011 7.8500000000000005 66.450000000000017 -0.22252093395631442
decision_type=2 2 2 2 2 2 2 2 2
left_child=2 -2 -1 -3 -4 -6 -5 8 -8
right_child=1 3 4 6 5 -7 7 -9 -10
leaf_value=-32.632139563437242 31.112146931298714 -8.5651184403630509 -6.7820465874013323 -2.5759383297966472 -1.0714534158856457 7.8393767202941058 1.5601319594795513 -0.47301950271047699 7.2676769831347086
leaf_weight=50 66 58 54 76 57 65 61 55 67
leaf_count=50 66 58 54 76 57 65 61 55 67
internal_value=0.601126 5.02329 -6.88976 -0.432706 0.466443 3.68363 1.39622 3.04742 4.55775
internal_weight=609 383 226 317 176 122 259 183 128
internal_count=609 383 226 317 176 122 259 183 128
is_linear=0
shrinkage=0.03


Tree=187
num_leaves=9
num_cat=0
split_feature=6 1 24 24 0 3 2 0
split_gain=1.31069e+07 6.30056e+07 3.24936e+07 9.38292e+06 5.41384e+06 1.89924e+06 1.67176e+06 1.57454e+06
threshold=2.7500000000000004 0.11250000000000002 2180.0000000000005 9101.8527777777799 42.600000000000009 62.050000000000004 15.797000000000002 161.35000000000002
decision_type=2 2 2 2 2 2 2 2
left_child=2 -2 -1 4 -3 -6 7 -4
right_child=1 3 6 -5 5 -7 -8 -9
leaf_value=-23.12671445295144 34.479005859332055 -10.446812547264093 -2.8526038203390902 8.9719639627744403 4.1187375706848997 -3.1554782364693197 5.2729090243498247 3.598760158669883
leaf_weight=63 53 77 91 64 50 90 67 54
leaf_count=63 53 77 91 64 50 90 67 54
internal_value=0.583027 4.5747 -4.26471 -1.09634 -4.07412 -0.554228 1.36522 -0.447495
internal_weight=609 334 275 281 217 140 212 145
internal_count=609 334 275 281 217 140 212 145
is_linear=0
shrinkage=0.03


Tree=188
num_leaves=10
num_cat=0
split_feature=26 1 24 24 27 2 0 0 0
split_gain=2.09426e+07 5.5898e+07 4.46471e+07 4.6505e+06 4.34617e+06 3.78637e+06 2.46872e+06 2.33747e+06 2.08883e+06
threshold=6.5000000000000018 0.15476190476190474 2291.6666666666674 4138.8888888888896 -0.6254047815183511 13.600000000000001 73.90000000000002 90.65000000000002 57.800000000000004
decision_type=2 2 2 2 2 2 2 2 2
left_child=2 -2 -1 -3 -4 7 -7 -5 -6
right_child=1 3 4 5 8 6 -8 -9 -10
leaf_value=-31.596962488072055 29.888966610938713 -8.0564685559150089 -6.612187558550862 -7.2902656998818749 8.1993253809387934 9.8928117689875457 1.681194627010191 1.3294441526555292 0.25300105318280797
leaf_weight=50 66 58 54 54 51 50 96 59 71
leaf_count=50 66 58 54 54 51 50 96 59 71
internal_value=0.565785 4.83808 -6.67121 -0.400857 0.451631 1.32083 4.50797 -2.79803 3.58686
internal_weight=609 383 226 317 176 259 146 113 122
internal_count=609 383 226 317 176 259 146 113 122
is_linear=0
shrinkage=0.03


Tree=189
num_leaves=10
num_cat=0
split_feature=6 1 24 24 4 28 4 3 3
split_gain=1.22564e+07 5.80483e+07 3.04262e+07 8.68488e+06 8.00995e+06 1.53451e+06 1.90843e+06 1.2943e+06 832274
threshold=2.7500000000000004 0.11250000000000002 2180.0000000000005 9101.8527777777799 1004.2500000000001 -0.77212798313689279 1013.9500000000002 75.950000000000017 58.45000000000001
decision_type=2 2 2 2 2 2 2 2 2
left_child=2 -2 -1 4 -3 -4 -7 8 -6
right_child=1 3 5 -5 7 6 -8 -9 -10
leaf_value=-22.391137747380405 33.112554795943325 -14.130103461482557 5.7140855626093741 8.6519156354545252 -0.083324922859951217 -3.4272645042931309 3.1339221496870664 3.3613827645849752 -5.2036167951842796
leaf_weight=63 53 52 53 64 63 80 79 50 52
leaf_count=63 53 52 53 64 63 80 79 50 52
internal_value=0.548778 4.40879 -4.13904 -1.0346 -3.89949 1.30886 -0.167485 -0.655451 -2.40618
internal_weight=609 334 275 281 217 212 159 165 115
internal_count=609 334 275 281 217 212 159 165 115
is_linear=0
shrinkage=0.03


Tree=190
num_leaves=9
num_cat=0
split_feature=24 7 5 9 2 3 10 2
split_gain=1.28718e+07 1.60371e+07 2.46725e+07 1.80456e+07 1.53719e+07 2.14695e+07 5.43819e+06 3.23213e+06
threshold=7874.0750000000007 24.950000000000003 24.250000000000004 0.35000000000000003 15.150000000000002 59.45000000000001 6.5000000000000009 13.600000000000001
decision_type=2 2 2 2 2 2 2 2
left_child=1 3 -3 4 5 -1 -2 -8
right_child=6 2 -4 -5 -6 -7 7 -9
leaf_value=-24.337491711146459 12.039857751574669 -28.689782194634986 -0.17325269885427361 10.739583091602185 4.7363104379452308 0.11627369431888356 -4.3661291132647957 4.8500410107183312
leaf_weight=63 65 53 56 88 82 66 52 99
leaf_count=63 65 53 56 88 82 66 52 99
internal_value=-1.11195 -4.24605 -14.0799 -0.650597 -5.40955 -11.855 4.80566 1.67384
internal_weight=624 408 109 299 211 129 216 151
internal_count=624 408 109 299 211 129 216 151
is_linear=0
shrinkage=0.03


Tree=191
num_leaves=10
num_cat=0
split_feature=6 3 26 20 3 5 2 27 5
split_gain=1.37745e+07 2.05823e+07 1.63808e+07 1.30541e+07 3.59742e+07 1.7776e+07 1.05515e+07 1.21048e+07 1.20186e+07
threshold=2.7500000000000004 83.950000000000017 9.6500000000000039 14.78655 67.850000000000009 23.075000000000006 10.900000000000002 0.24284747324344283 18.000000000000004
decision_type=2 2 2 2 2 2 2 2 2
left_child=3 2 6 4 -1 -5 7 -2 -8
right_child=1 -3 -4 5 -6 -7 8 -9 -10
leaf_value=-10.958486441930457 -0.82485812129236724 19.750452859467565 14.03000736491758 -27.257399533065126 20.235114263227398 -3.4857535949855998 9.9466767309956339 -21.079541273937625 -7.4327054701699691
leaf_weight=98 54 54 58 50 50 65 75 52 68
leaf_count=98 54 54 58 50 50 65 75 52 68
internal_value=-1.07895 2.7248 -0.286266 -6.29726 -0.400431 -13.8654 -3.63389 -10.7927 1.68403
internal_weight=624 361 307 263 148 115 249 106 143
internal_count=624 361 307 263 148 115 249 106 143
is_linear=0
shrinkage=0.03


Tree=192
num_leaves=10
num_cat=0
split_feature=6 1 3 26 24 0 14 10 6
split_gain=1.29636e+07 5.24759e+07 1.93727e+07 1.54178e+07 1.18131e+07 2.30168e+07 2.13299e+06 1.50531e+06 1.46465e+06
threshold=2.7500000000000004 0.65000000000000013 83.950000000000017 9.6500000000000039 7074.0750000000007 117.50000000000001 255.50000000000003 8.5000000000000018 2.2500000000000004
decision_type=2 2 2 2 2 2 2 2 2
left_child=1 -1 3 4 5 -2 8 -6 -3
right_child=2 6 -4 -5 7 -7 -8 -9 -10
leaf_value=-29.430523563869876 -18.458039369145268 6.991458752015058 19.161213522826767 13.611273279337286 7.0057168453842849 6.9311045362461163 -2.5775480386886489 -0.033998575002014281 0.54697185824395778
leaf_weight=65 89 66 54 58 60 50 71 50 61
leaf_count=65 89 66 54 58 60 50 71 50 61
internal_value=-1.04668 -6.10908 2.64342 -0.277834 -3.52557 -9.32993 1.57985 3.81438 3.90473
internal_weight=624 263 361 307 249 139 198 110 127
internal_count=624 263 361 307 249 139 198 110 127
is_linear=0
shrinkage=0.03


Tree=193
num_leaves=9
num_cat=0
split_feature=1 21 3 4 28 28 4 27
split_gain=9.11165e+06 2.80676e+07 4.21905e+06 4.72124e+06 1.90198e+06 1.54605e+06 977465 748344
threshold=0.65000000000000013 0.7325359015272398 47.550000000000004 1000.35 -0.30081980763566762 0.81392548379518759 1006.9500000000002 -0.833548052892222
decision_type=2 2 2 2 2 2 2 2
left_child=1 -1 -2 -4 6 7 -5 -6
right_child=2 -3 3 4 5 -7 -8 -9
leaf_value=4.198615102287194 7.5176934706086733 -21.51274756113688 8.3959159751725245 -0.94186654397944136 -2.0505975368366904 0.71216280083007033 4.4939931025259447 -6.325071864858316
leaf_weight=85 76 69 50 63 60 68 56 97
leaf_count=85 76 69 50 63 60 68 56 97
internal_value=-1.01523 -7.34078 1.06074 -0.189512 -1.44365 -3.06454 1.62098 -4.6986
internal_weight=624 154 470 394 344 225 119 157
internal_count=624 154 470 394 344 225 119 157
is_linear=0
shrinkage=0.03


Tree=194
num_leaves=11
num_cat=0
split_feature=24 0 21 24 24 0 24 27 3 11
split_gain=1.13002e+07 1.95964e+07 3.63746e+07 7.38073e+07 7.30802e+07 7.13899e+06 3.04322e+06 2.09489e+06 1.51264e+06 391278
threshold=8916.6666666666679 10.850000000000003 0.72294813055037055 1040.0000000000002 1755.5555555555559 42.600000000000009 6287.0361111111115 -0.16703770319492153 65.700000000000003 2.5000000000000004
decision_type=2 2 2 2 2 2 2 2 2 2
left_child=1 -1 3 -3 -4 -2 -5 -6 -9 -7
right_child=5 2 4 6 7 9 -8 8 -10 -11
leaf_value=-19.781497687294841 14.853777889122883 39.913006960677343 -40.893401261892755 -7.5812748881706371 -4.0062535035966311 3.3391592893353987 1.6529933208774075 6.4546466039805486 -0.62327464465749205 -0.28961277804449592
leaf_weight=57 53 50 50 64 70 50 64 50 59 57
leaf_count=57 53 50 50 64 70 50 64 50 59 57
internal_value=-0.98485 -3.35542 -1.04207 9.12191 -8.94408 5.88316 -2.971 0.0337474 2.6322 1.41059
internal_weight=624 464 407 178 229 160 128 179 109 107
internal_count=624 464 407 178 229 160 128 179 109 107
is_linear=0
shrinkage=0.03


Tree=195
num_leaves=10
num_cat=0
split_feature=24 26 27 24 4 0 29 4 24
split_gain=5.08758e+07 4.89038e+07 3.73822e+06 4.7211e+06 3.89506e+06 3.3457e+06 1.64069e+06 1.50479e+06 622598
threshold=1633.3333333333337 7.9500000000000011 0.073094453017891456 8218.7500000000018 1002.7500000000001 56.850000000000001 -1.0000000180025095e-35 1011.1500000000002 7874.0750000000007
decision_type=2 2 2 2 2 2 2 2 2
left_child=1 -1 4 5 -2 -4 -6 -7 -8
right_child=2 -3 3 -5 6 7 8 -9 -10
leaf_value=-5.3829339376666079 -9.4282186430198731 -44.306311434182682 -5.2471127743246671 11.10391439590018 -3.9609260052758701 0.085620542757553791 -0.74132208369919472 7.3651381443563437 3.2619595658094038
leaf_weight=69 54 50 57 50 77 50 63 52 78
leaf_count=69 54 50 57 50 77 50 63 52 78
internal_value=-4.27108 -21.8077 0.0783621 3.09307 -2.23891 0.557714 -0.447521 3.80755 1.47542
internal_weight=600 119 481 209 272 159 218 102 141
internal_count=600 119 481 209 272 159 218 102 141
is_linear=0
shrinkage=0.03


Tree=196
num_leaves=10
num_cat=0
split_feature=24 26 14 24 4 0 11 11 4
split_gain=4.78861e+07 4.60312e+07 3.45336e+06 4.81412e+06 3.65536e+06 3.1904e+06 1.57105e+06 1.68729e+06 1.36149e+06
threshold=1633.3333333333337 7.9500000000000011 177.50000000000003 8404.7611111111128 1002.7500000000001 56.850000000000001 3.5000000000000004 1.5000000000000002 1011.1500000000002
decision_type=2 2 2 2 2 2 2 2 2
left_child=1 -1 3 5 -4 -2 7 -6 -7
right_child=2 -3 4 -5 6 8 -8 -9 -10
leaf_value=-5.222145617348807 -5.2183433086814848 -42.985050623004526 -9.1469347712479916 11.032339356903053 -1.6367181779487499 -0.020496879934567461 -3.8425593566894531 5.0445724503026224 6.7751211771870183
leaf_weight=69 58 50 54 50 72 51 77 64 55
leaf_count=69 58 50 54 50 72 51 77 64 55
internal_value=-4.14366 -21.1572 0.0760562 2.91321 -2.1986 0.422187 -0.426622 1.51154 3.51462
internal_weight=600 119 481 214 267 164 213 136 106
internal_count=600 119 481 214 267 164 213 136 106
is_linear=0
shrinkage=0.03


Tree=197
num_leaves=9
num_cat=0
split_feature=24 26 4 28 20 0 6 24
split_gain=4.50722e+07 4.33273e+07 3.25251e+06 2.30089e+06 3.03703e+06 2.74536e+06 1.67229e+06 692375
threshold=1633.3333333333337 7.9500000000000011 1000.2500000000001 -0.8038981836306559 9.798700000000002 56.850000000000001 2.3500000000000001 8978.8361111111135
decision_type=2 2 2 2 2 2 2 2
left_child=1 -1 -2 -4 6 -6 -5 -8
right_child=2 -3 3 4 5 -7 7 -9
leaf_value=-5.0661594387566371 -6.9896499996841754 -41.703190248311159 6.7060325152044138 6.7180524483899751 -9.0346111035204792 -0.22902504357685338 -0.40088723983096419 3.6813752952269341
leaf_weight=69 52 50 54 55 50 87 131 52
leaf_count=69 52 50 54 55 50 87 131 52
internal_value=-4.02003 -20.5261 0.0738288 0.934315 0.0984676 -3.45553 2.14607 0.763177
internal_weight=600 119 481 429 375 137 238 183
internal_count=600 119 481 429 375 137 238 183
is_linear=0
shrinkage=0.03


Tree=198
num_leaves=8
num_cat=0
split_feature=1 26 29 6 3 27 21
split_gain=3.72377e+07 4.68455e+07 2.89862e+06 1.59827e+06 1.5909e+06 1.27923e+06 404459
threshold=0.65000000000000013 8.1500000000000039 0.6078576107927941 2.5500000000000003 68.450000000000017 0.30081702196488996 0.86309780267126246
decision_type=2 2 2 2 2 2 2
left_child=1 -1 3 6 -5 -4 -2
right_child=2 -3 5 4 -6 -7 -8
leaf_value=-4.4354235981443875 -0.36558222224871895 -39.80648943545485 5.7375197404253155 -0.43799296931685688 -6.0190030270875656 0.20584408085264547 3.2658023392054747
leaf_weight=95 55 52 98 96 88 61 55
leaf_count=95 55 52 98 96 88 61 55
internal_value=-3.90012 -17.0033 0.36032 -1.40429 -3.11267 3.61975 1.45397
internal_weight=600 147 453 294 184 159 110
internal_count=600 147 453 294 184 159 110
is_linear=0
shrinkage=0.03


Tree=199
num_leaves=9
num_cat=0
split_feature=24 6 27 24 4 0 11 11
split_gain=4.07004e+07 2.65374e+07 3.41136e+06 4.1944e+06 3.25384e+06 2.82988e+06 1.41405e+06 1.44877e+06
threshold=1633.3333333333337 2.7500000000000004 0.073094453017891456 8218.7500000000018 1002.7500000000001 85.100000000000009 3.5000000000000004 1.5000000000000002
decision_type=2 2 2 2 2 2 2 2
left_child=1 -1 4 5 -2 -4 7 -6
right_child=2 -3 3 -5 6 -7 -8 -9
leaf_value=-35.488421477250341 -8.6781566273178186 -6.9329242198428291 -4.2679827023590704 10.537149152528221 -1.5351768245841877 3.8767752959032755 -3.7314545032555508 4.5473050308227547
leaf_weight=52 54 67 64 50 75 95 77 66
leaf_count=52 54 67 64 50 75 95 77 66
internal_value=-3.78374 -19.4689 0.106479 2.98635 -2.10719 0.596462 -0.469784 1.31549
internal_weight=600 119 481 209 272 159 218 141
internal_count=600 119 481 209 272 159 218 141
is_linear=0
shrinkage=0.03


Tree=200
num_leaves=9
num_cat=0
split_feature=1 24 4 24 2 27 24 24
split_gain=2.22392e+07 1.31515e+07 1.23202e+07 7.42995e+06 1.99195e+06 2.99395e+06 2.17851e+06 1.63293e+06
threshold=0.11250000000000002 2794.4444444444448 1004.5500000000001 10784.722222222224 13.600000000000001 -0.74981945761428159 6308.3333333333348 6738.4250000000011
decision_type=2 2 2 2 2 2 2 2
left_child=2 -2 -1 4 7 -6 -7 -3
right_child=1 3 -4 -5 5 6 -8 -9
leaf_value=24.950414827831843 -15.119524804564641 -6.1605991923762797 4.1978588412100812 10.582839101276127 -3.5253086576679999 8.7786711770945711 1.1356497671015062 -0.2447202161655137
leaf_weight=52 50 77 51 63 74 52 94 92
leaf_count=52 50 77 51 63 74 52 94 92
internal_value=2.04051 -0.567658 14.717 1.051 -0.499656 1.38123 3.8703 -2.94631
internal_weight=605 502 103 452 389 220 146 169
internal_count=605 502 103 452 389 220 146 169
is_linear=0
shrinkage=0.03


Tree=201
num_leaves=9
num_cat=0
split_feature=1 24 4 21 24 0 6 21
split_gain=2.09323e+07 1.24446e+07 1.15962e+07 7.56164e+06 5.59106e+06 1.15223e+06 1.36477e+06 1.41373e+06
threshold=0.11250000000000002 5204.166666666667 1004.5500000000001 0.67357463896257019 10784.722222222224 266.70000000000005 3.2500000000000004 0.77356471115091818
decision_type=2 2 2 2 2 2 2 2
left_child=2 3 -1 -2 5 6 7 -3
right_child=1 4 -4 -5 -6 -7 -8 -9
leaf_value=24.206197074467092 -16.564065281834207 -2.3558234463815544 4.0726586298356979 -1.6292043639359315 10.266858623016502 3.6065886736034907 -3.4543277271403827 3.6339881144023565
leaf_weight=52 59 59 51 63 63 80 90 88
leaf_count=52 59 59 51 63 63 80 90 88
internal_value=1.97966 -0.55071 14.278 -8.87479 2.12663 0.500646 -0.550969 1.22995
internal_weight=605 502 103 122 380 317 237 147
internal_count=605 502 103 122 380 317 237 147
is_linear=0
shrinkage=0.03


Tree=202
num_leaves=9
num_cat=0
split_feature=24 24 8 24 21 24 24 24
split_gain=1.58377e+07 1.25518e+07 9.50947e+06 7.82748e+06 7.11698e+06 947928 1.07029e+06 427113
threshold=1.0000000180025095e-35 5204.166666666667 16.450000000000003 10916.666666666668 0.67357463896257019 6229.166666666667 8916.6666666666679 6811.1111111111122
decision_type=2 2 2 2 2 2 2 2
left_child=2 4 -1 5 -2 -3 7 -7
right_child=1 3 -4 -5 -6 6 -8 -9
leaf_value=3.5209119651900611 -16.069657236263282 4.1514738349500666 22.021174004556642 12.350475682880155 -1.5805601093427264 -3.8351874626607114 2.5438588386861816 -0.57768572636083015
leaf_weight=50 59 55 50 60 63 50 88 130
leaf_count=50 59 55 50 60 63 50 88 130
internal_value=1.9206 -0.241895 12.8093 2.42826 -8.60989 0.575341 -0.162354 -1.48747
internal_weight=605 505 100 383 122 323 268 180
internal_count=605 505 100 383 122 323 268 180
is_linear=0
shrinkage=0.03


Tree=203
num_leaves=8
num_cat=0
split_feature=0 21 3 8 3 8 2
split_gain=1.50199e+07 2.24603e+07 9.26566e+06 8.00137e+06 9.8646e+06 8.51464e+06 1.5577e+07
threshold=21.900000000000002 0.67036726105254041 88.950000000000017 22.050000000000004 78.050000000000011 13.15 5.4500000000000011
decision_type=2 2 2 2 2 2 2
left_child=1 -1 3 4 5 6 -2
right_child=2 -3 -4 -5 -6 -7 -8
leaf_value=-5.093085703382715 -12.354711133832502 20.047898561493312 -12.850251421653491 9.8553427273603909 -12.035866639349628 9.3709270106022444 4.5980967907088468
leaf_weight=51 80 85 50 72 61 82 124
leaf_count=51 80 85 50 72 61 82 124
internal_value=1.86331 10.6295 -0.683845 0.776127 -1.1146 1.22489 -2.0584
internal_weight=605 136 469 419 347 286 204
internal_count=605 136 469 419 347 286 204
is_linear=0
shrinkage=0.03


Tree=204
num_leaves=10
num_cat=0
split_feature=1 4 21 0 0 6 4 27 4
split_gain=1.85682e+07 1.06006e+07 6.62224e+06 8.15188e+06 4.99899e+06 2.03401e+06 1.3494e+06 1.52353e+06 1.2556e+06
threshold=0.11250000000000002 1004.5500000000001 0.63920845893852207 20.800000000000004 34.45000000000001 3.3500000000000001 1006.9500000000002 -0.49747182548039715 1016.3000000000001
decision_type=2 2 2 2 2 2 2 2 2
left_child=1 -1 4 -4 -2 -6 -5 -8 -9
right_child=2 -3 3 6 5 -7 7 8 -10
leaf_value=22.882604121541885 -13.135678088149133 3.6349103510449505 11.443226571265624 -3.8305665821567043 -5.1040434405938049 2.6693223214955264 -2.7021145432027756 5.5916613008346401 -0.60686363683109401
leaf_weight=52 51 51 65 74 76 50 66 69 51
leaf_count=52 51 51 65 74 76 50 66 69 51
internal_value=1.80744 13.3905 -0.575731 1.9669 -5.23989 -2.02029 -0.412602 0.951164 2.96227
internal_weight=605 103 502 325 177 126 260 186 120
internal_count=605 103 502 325 177 126 260 186 120
is_linear=0
shrinkage=0.03


Tree=205
num_leaves=9
num_cat=0
split_feature=26 1 1 24 21 24 26 6
split_gain=1.99983e+07 4.06016e+07 2.27012e+07 6.62109e+06 3.26778e+06 3.09483e+06 842449 689323
threshold=6.1000000000000005 0.15476190476190474 0.45000000000000007 10569.444444444447 1.3272689075630255 4138.8888888888896 4.8500000000000005 3.2500000000000004
decision_type=2 2 2 2 2 2 2 2
left_child=2 -2 -1 4 5 -3 -4 -7
right_child=1 3 6 -5 -6 7 -8 -9
leaf_value=-23.508244160639393 25.460188183922984 -8.8675756950177842 1.6111899474048974 10.803637646320563 6.0007823509629636 0.62641533711670161 -2.9345805168815096 -3.1552883615683629
leaf_weight=52 72 52 79 50 50 129 68 65
leaf_count=52 72 52 79 50 50 129 68 65
internal_value=1.28798 5.01368 -6.5336 0.740524 -0.968514 -2.39066 -0.493248 -0.643519
internal_weight=617 418 199 346 296 246 147 194
internal_count=617 418 199 346 296 246 147 194
is_linear=0
shrinkage=0.03


Tree=206
num_leaves=10
num_cat=0
split_feature=26 1 1 24 20 24 24 20 28
split_gain=1.88224e+07 3.82117e+07 2.13672e+07 6.23207e+06 1.83637e+06 3.3988e+06 2.96639e+06 815235 322894
threshold=6.1000000000000005 0.15476190476190474 0.45000000000000007 10569.444444444447 6.6085000000000012 5412.0361111111115 6141.2027777777785 19.66065 -0.37370587188196375
decision_type=2 2 2 2 2 2 2 2 2
left_child=2 -2 -1 4 6 -6 -3 -4 -7
right_child=1 3 7 -5 5 8 -8 -9 -10
leaf_value=-22.807043129098574 24.699551829737743 7.0301303070837511 -2.1049747632522822 10.481461724343879 -9.4752666777881913 1.5806085952262432 -2.4479825220953435 2.577243648467705 -1.4973799655790567
leaf_weight=52 72 55 96 50 50 51 64 51 76
leaf_count=52 72 55 96 50 50 51 64 51 76
internal_value=1.24943 4.86394 -6.33871 0.718448 -0.939622 -2.87519 1.93925 -0.47853 -0.260455
internal_weight=617 418 199 346 296 177 119 147 127
internal_count=617 418 199 346 296 177 119 147 127
is_linear=0
shrinkage=0.03


Tree=207
num_leaves=9
num_cat=0
split_feature=8 0 1 1 10 3 11 4
split_gain=1.80438e+07 3.66537e+07 1.01606e+08 2.36174e+07 3.36104e+06 3.26183e+06 2.45251e+06 728887
threshold=24.050000000000004 47.550000000000004 0.29166666666666669 0.45000000000000007 4.5000000000000009 48.350000000000001 1.5000000000000002 1006.9500000000002
decision_type=2 2 2 2 2 2 2 2
left_child=1 2 -1 -3 -4 -5 -7 -8
right_child=-2 3 4 5 -6 6 7 -9
leaf_value=47.705147533451239 -14.979751843220388 -19.892975833886599 -4.9820497533099148 7.5229094266607088 4.0942928152240796 3.4136786581889291 -5.962511383913621 -1.6314903250467336
leaf_weight=55 56 61 66 50 82 81 50 116
leaf_count=55 56 61 66 50 82 81 50 116
internal_value=1.21206 2.83551 13.0091 -2.93933 0.0447835 0.559263 -0.857762 -2.94447
internal_weight=617 561 203 358 148 297 247 166
internal_count=617 561 203 358 148 297 247 166
is_linear=0
shrinkage=0.03


Tree=208
num_leaves=10
num_cat=0
split_feature=26 24 24 24 27 3 24 6 24
split_gain=1.7337e+07 3.59109e+07 2.01948e+07 5.51743e+06 2.66858e+06 1.95356e+06 1.79322e+06 1.34005e+06 804840
threshold=6.3000000000000034 1.0000000180025095e-35 2408.3333333333335 10430.555555555557 0.073094453017891456 46.000000000000007 4407.4083333333338 3.2500000000000004 7913.8888888888896
decision_type=2 2 2 2 2 2 2 2 2
left_child=2 -2 -1 5 8 -3 -7 -8 -4
right_child=1 3 4 -5 -6 6 7 -9 -10
leaf_value=-22.210470440297666 24.930779265450507 4.5299395444805537 -6.1865875811325886 9.988972805622323 4.2862458135053449 -6.9387098246568835 1.1177763359237847 -4.6858356556835519 -1.0813128144336563
leaf_weight=50 67 50 51 50 63 51 124 50 61
leaf_count=50 67 50 51 50 63 51 124 50 61
internal_value=1.17592 4.98455 -5.45731 0.853328 -0.640827 -0.816741 -2.00938 -0.555071 -3.41643
internal_weight=617 392 225 325 175 275 225 174 112
internal_count=617 392 225 325 175 275 225 174 112
is_linear=0
shrinkage=0.03


Tree=209
num_leaves=9
num_cat=0
split_feature=26 1 26 24 24 3 24 3
split_gain=1.63714e+07 3.32354e+07 2.13911e+07 3.36382e+07 5.56314e+06 1.86697e+06 2.87853e+06 517456
threshold=6.1000000000000005 0.15476190476190474 3.7000000000000015 4625.0000000000009 10569.444444444447 46.000000000000007 4253.9682539682553 62.550000000000004
decision_type=2 2 2 2 2 2 2 2
left_child=2 -2 -1 -4 5 -3 -7 -8
right_child=1 4 3 -5 -6 6 7 -9
leaf_value=10.142447239891601 23.010656981725411 4.2244608095180007 -31.770169454464614 -1.4246378042740437 9.8697483437388378 -8.4167839310230832 1.6499633731485897 -1.5516005394874004
leaf_weight=54 72 52 50 95 50 50 72 122
leaf_count=54 72 52 50 95 50 50 72 122
internal_value=1.1407 4.51168 -5.93614 -11.9327 0.645553 -0.920973 -2.02142 -0.362632
internal_weight=617 418 199 145 346 296 244 194
internal_count=617 418 199 145 346 296 244 194
is_linear=0
shrinkage=0.03


Tree=210
num_leaves=8
num_cat=0
split_feature=8 24 24 14 9 3 25
split_gain=1.40891e+07 4.44514e+07 6.54148e+06 5.95602e+06 1.58573e+06 942887 432696
threshold=20.450000000000003 1836.6666666666667 6340.2777777777783 54.000000000000007 0.45000000000000007 59.050000000000004 18.495345
decision_type=2 2 2 2 2 2 2
left_child=1 -1 -2 -3 5 -5 -7
right_child=2 3 -4 4 -6 6 -8
leaf_value=-20.512930177123959 17.107149795718033 10.658015688594617 3.1074411267588338 1.5816336423975426 4.0623133230187358 -3.7236975069826608 -0.2213697670217146
leaf_weight=98 50 62 75 88 81 84 51
leaf_count=98 50 62 75 88 81 84 51
internal_value=-0.192193 -2.60124 8.73495 2.20763 0.475358 -0.831194 -2.40409
internal_weight=589 464 125 366 304 223 135
internal_count=589 464 125 366 304 223 135
is_linear=0
shrinkage=0.03


Tree=211
num_leaves=7
num_cat=0
split_feature=6 26 25 1 28 27
split_gain=2.3104e+07 2.0275e+07 2.15762e+07 2.73376e+07 4.01216e+06 1.81428e+06
threshold=1.9500000000000002 10.050000000000002 24.341730000000002 1.0000000180025095e-35 0.90515966073569354 0.43664718845046319
decision_type=2 2 2 2 2 2
left_child=-1 2 3 -2 5 -5
right_child=1 -3 -4 4 -6 -7
leaf_value=-18.645503419622589 -22.034358696059801 16.738207054830038 13.700969772964225 -4.0032639933991918 6.7385325011257873 0.99692591295998689
leaf_weight=55 60 70 79 140 63 122
leaf_count=55 60 70 79 140 63 122
internal_value=-0.186241 1.72438 -0.549971 -3.4826 -0.0404758 -1.67642
internal_weight=589 534 464 385 325 262
internal_count=589 534 464 385 325 262
is_linear=0
shrinkage=0.03


Tree=212
num_leaves=8
num_cat=0
split_feature=6 25 7 0 21 7 2
split_gain=2.17457e+07 1.37561e+07 2.71433e+07 1.9391e+07 1.91198e+07 1.97035e+07 9.47806e+06
threshold=1.9500000000000002 24.341730000000002 24.950000000000003 12.750000000000002 0.74113962619479101 14.750000000000002 15.597000000000003
decision_type=2 2 2 2 2 2 2
left_child=-1 2 3 -2 5 -5 -6
right_child=1 -3 -4 4 6 -7 -8
leaf_value=-18.08917292368994 18.79313235051314 13.035532820779018 -16.070198936506387 -5.3240788048767911 -14.987691672947884 18.534504998035601 -0.89854073864575201
leaf_weight=55 59 81 81 52 68 77 116
leaf_count=55 59 81 81 52 68 77 116
internal_value=-0.180753 1.67285 -0.366149 3.06345 0.083247 8.92698 -6.12137
internal_weight=589 534 453 372 313 129 184
internal_count=589 534 453 372 313 129 184
is_linear=0
shrinkage=0.03


Tree=213
num_leaves=9
num_cat=0
split_feature=6 1 1 24 26 24 14 27
split_gain=2.05097e+07 5.31648e+07 2.30165e+07 9.43009e+06 3.4776e+06 2.7142e+06 1.84237e+06 2.11891e+06
threshold=2.7500000000000004 0.65000000000000013 0.11250000000000002 9069.4444444444471 7.9500000000000011 5148.1472222222228 255.50000000000003 0.30901413279605805
decision_type=2 2 2 2 2 2 2 2
left_child=1 -1 -2 4 5 -4 7 -3
right_child=2 6 3 -5 -6 -7 -8 -9
leaf_value=-32.146277064777792 20.823542098275855 7.3190443930617741 -10.700446147729105 10.386882509323815 2.7095937313326859 -1.9370218625838813 -2.9126619262943154 -0.84769587321560935
leaf_weight=57 63 58 50 70 80 87 68 56
leaf_count=57 63 58 50 70 80 87 68 56
internal_value=-0.175407 -6.94505 4.44925 0.836877 -2.25382 -5.15181 0.987505 3.31554
internal_weight=589 239 350 287 217 137 182 114
internal_count=589 239 350 287 217 137 182 114
is_linear=0
shrinkage=0.03


Tree=214
num_leaves=7
num_cat=0
split_feature=6 26 26 24 24 26
split_gain=1.97518e+07 1.87434e+07 1.97707e+07 3.11662e+07 3.9943e+06 2.61969e+06
threshold=1.9500000000000002 10.050000000000002 4.8500000000000005 1633.3333333333337 10398.147222222224 7.6500000000000012
decision_type=2 2 2 2 2 2
left_child=-1 2 -2 -4 5 -5
right_child=1 -3 3 4 -6 -7
leaf_value=-17.237903310523972 12.185550693029185 16.031943589165742 -21.291609485396705 -3.6962210476909179 8.3458945020482282 2.4131415156362803
leaf_weight=55 88 70 72 138 50 116
leaf_count=55 88 70 72 138 50 116
internal_value=-0.170257 1.59632 -0.590398 -3.58787 0.62195 -0.906528
internal_weight=589 534 464 376 304 254
internal_count=589 534 464 376 304 254
is_linear=0
shrinkage=0.03


Tree=215
num_leaves=8
num_cat=0
split_feature=6 1 24 24 27 0 11
split_gain=2.11672e+07 2.70218e+07 2.03855e+07 7.34328e+06 1.53172e+06 3.32589e+06 1.75602e+06
threshold=4.2500000000000009 0.11250000000000002 6199.0750000000007 3689.3527777777781 0.65189295912203338 32.45000000000001 3.5000000000000004
decision_type=2 2 2 2 2 2 2
left_child=1 -1 -2 -3 5 -5 -7
right_child=2 3 -4 4 -6 6 -8
leaf_value=18.05165863145713 -23.719610676931506 -10.010905275390046 1.7744057072215409 9.1569788973753319 -2.5582498066087336 2.568322163916207 -3.1826274955223885
leaf_weight=84 60 63 53 50 78 137 73
leaf_count=84 60 63 53 50 78 137 73
internal_value=-0.113679 2.61217 -11.7891 -0.633095 1.12214 2.22797 0.567451
internal_weight=598 485 113 401 338 260 210
internal_count=598 485 113 401 338 260 210
is_linear=0
shrinkage=0.03


Tree=216
num_leaves=9
num_cat=0
split_feature=11 1 24 24 28 14 4 4
split_gain=1.71795e+07 3.60923e+07 3.46547e+07 1.86188e+06 2.36512e+06 1.50352e+06 927237 1.02409e+06
threshold=3.5000000000000004 0.45000000000000007 2645.8333333333335 10062.500000000002 0.76110425866077458 230.50000000000003 1005.6500000000002 1014.3000000000001
decision_type=2 2 2 2 2 2 2 2
left_child=1 -1 -2 4 6 -4 -3 -8
right_child=2 3 5 -5 -6 -7 7 -9
leaf_value=-19.576919053916694 28.07279797395374 -4.4653666460454762 2.1881881163892372 6.4498986819567605 5.2297591219050608 -3.9865624439619105 2.2777575911801176 -3.2506978146077152
leaf_weight=97 52 60 84 54 65 61 75 50
leaf_count=97 52 60 84 54 65 61 75 50
internal_value=-0.110387 -3.67393 7.13784 1.41464 0.320566 -0.412271 -1.40991 0.0638152
internal_weight=598 401 197 304 250 145 185 125
internal_count=598 401 197 304 250 145 185 125
is_linear=0
shrinkage=0.03


Tree=217
num_leaves=8
num_cat=0
split_feature=28 28 10 1 26 0 4
split_gain=1.69681e+07 4.04053e+07 1.89042e+07 5.11801e+07 2.67932e+06 2.69691e+06 1.96737e+06
threshold=-0.92260537345622995 -0.77212798313689279 1.5000000000000002 0.18333333333333332 7.4500000000000011 82.350000000000009 1014.4500000000002
decision_type=2 2 2 2 2 2 2
left_child=-1 -2 -3 -4 5 -5 -6
right_child=1 2 3 4 6 -7 -8
leaf_value=11.799188465374151 -25.301393777493814 -15.231970538993156 31.147630070915 -8.6257275045520512 3.894493684376668 -0.33612518768261196 -2.1416619302126927
leaf_weight=91 60 57 51 65 111 77 86
leaf_count=91 60 57 51 65 111 77 86
internal_value=-0.10688 -2.2496 0.859476 3.22123 -1.00389 -4.14091 1.26013
internal_weight=598 507 447 390 339 142 197
internal_count=598 507 447 390 339 142 197
is_linear=0
shrinkage=0.03


Tree=218
num_leaves=9
num_cat=0
split_feature=6 1 27 21 20 5 20 28
split_gain=1.97094e+07 2.46769e+07 1.44779e+07 1.90066e+06 2.93022e+06 1.75662e+06 1.72758e+06 1.55227e+06
threshold=4.2500000000000009 0.11250000000000002 0.098819223632317002 0.62902056224899605 9.798700000000002 22.150000000000002 6.486600000000001 0.1159303052754759
decision_type=2 2 2 2 2 2 2 2
left_child=1 -1 -2 4 -3 6 -5 -8
right_child=2 3 -4 5 -6 -7 7 -9
leaf_value=17.280936025028975 -1.7786468741792074 0.86296546694728593 -23.372181981050709 2.9559264816980639 -7.655844141963823 4.7945237777773713 0.43577802830860418 -6.7493273492023551
leaf_weight=84 63 74 50 72 71 76 56 52
leaf_count=84 63 74 50 72 71 76 56 52
internal_value=-0.103746 2.52656 -11.37 -0.574723 -3.31545 0.979669 -0.636295 -3.03275
internal_weight=598 485 113 401 145 256 180 108
internal_count=598 485 113 401 145 256 180 108
is_linear=0
shrinkage=0.03


Tree=219
num_leaves=8
num_cat=0
split_feature=6 1 24 24 27 14 24
split_gain=1.85507e+07 2.32238e+07 1.88191e+07 6.94332e+06 1.44541e+06 3.62314e+06 1.48165e+06
threshold=4.2500000000000009 0.11250000000000002 6199.0750000000007 3689.3527777777781 0.65189295912203338 161.50000000000003 7736.1111111111122
decision_type=2 2 2 2 2 2 2
left_child=1 -1 -2 -3 5 -5 -7
right_child=2 3 -4 4 -6 6 -8
leaf_value=16.764353130788567 -22.493949192768302 -9.6764750996811131 1.9995856886464702 9.117188842099015 -2.4261750493287124 -3.0211414795910678 2.2889134056171971
leaf_weight=84 60 63 53 54 78 73 133
leaf_count=84 60 63 53 54 78 73 133
internal_value=-0.100832 2.45098 -11.0309 -0.557599 1.14912 2.2233 0.405494
internal_weight=598 485 113 401 338 260 206
internal_count=598 485 113 401 338 260 206
is_linear=0
shrinkage=0.03


Tree=220
num_leaves=10
num_cat=0
split_feature=6 1 24 24 20 2 24 27 27
split_gain=2.35783e+07 8.99558e+07 2.40284e+07 7.53712e+06 5.43252e+06 1.71909e+06 1.42952e+06 1.23079e+06 645405
threshold=2.4500000000000006 0.11250000000000002 4562.5000000000009 10398.147222222224 17.877700000000001 11.65 9270.8333333333339 0.54162280503947546 0.61866567420209762
decision_type=2 2 2 2 2 2 2 2 2
left_child=2 -2 -1 4 5 8 -4 -7 -3
right_child=1 3 6 -5 -6 7 -8 -9 -10
leaf_value=-23.072506790733694 39.056932334783063 0.023397503277376691 2.9857471251497976 10.5794961703353 -10.169512246461945 0.35262035376096046 -3.3639792049097017 6.6935056778545645 -4.4688365688469851
leaf_weight=53 65 64 87 56 52 61 50 50 52
leaf_count=53 65 64 87 56 52 61 50 50 52
internal_value=2.71379 6.84556 -5.9817 0.566217 -1.45279 0.554739 0.665976 3.2193 -1.99662
internal_weight=590 400 190 335 279 227 137 111 116
internal_count=590 400 190 335 279 227 137 111 116
is_linear=0
shrinkage=0.03


Tree=221
num_leaves=10
num_cat=0
split_feature=6 24 24 24 25 2 0 24 24
split_gain=2.21921e+07 8.17173e+07 2.26159e+07 9.41453e+06 6.78908e+06 1.94883e+06 1.6195e+06 1.34543e+06 991226
threshold=2.4500000000000006 1.0000000180025095e-35 4562.5000000000009 10625.000000000002 23.279250000000001 13.600000000000001 36.100000000000009 9270.8333333333339 6308.3333333333348
decision_type=2 2 2 2 2 2 2 2 2
left_child=2 -2 -1 4 5 6 -3 -4 -7
right_child=1 3 7 -5 -6 8 -8 -9 -10
leaf_value=-22.384227575477471 37.916275229702627 -5.6500845399415072 2.8964824765654367 12.600452273881924 -11.014552167763631 6.8951289490677015 1.2242835522803897 -3.2636616089898594 1.1097497541617347
leaf_weight=53 63 53 87 51 53 50 73 50 57
leaf_count=53 63 53 87 51 53 50 73 50 57
internal_value=2.63267 6.64114 -5.80336 0.765908 -1.35541 0.853035 -1.6738 0.64597 3.825
internal_weight=590 400 190 337 286 233 126 137 107
internal_count=590 400 190 337 286 233 126 137 107
is_linear=0
shrinkage=0.03


Tree=222
num_leaves=9
num_cat=0
split_feature=6 1 2 8 4 2 2 0
split_gain=2.08877e+07 7.98005e+07 1.24557e+07 4.91981e+06 4.33082e+06 3.72473e+06 2.01904e+06 2.59691e+06
threshold=2.4500000000000006 0.11250000000000002 6.0500000000000007 20.050000000000004 1006.7500000000001 19.250000000000004 13.600000000000001 36.900000000000013
decision_type=2 2 2 2 2 2 2 2
left_child=2 -2 -1 4 -3 -4 7 -6
right_child=1 3 5 -5 6 -7 -8 -9
leaf_value=-17.777055269157032 36.781606095213249 10.031852676433752 3.0049544636557703 -6.1680333355744894 -7.2214039185601724 -7.2661135371304892 3.9624307572472954 1.7634631858441001
leaf_weight=54 65 54 86 76 50 50 87 68
leaf_count=54 65 54 86 76 50 50 87 68
internal_value=2.554 6.44288 -5.63033 0.528592 2.49852 -0.778789 0.502329 -2.05227
internal_weight=590 400 190 335 259 136 205 118
internal_count=590 400 190 335 259 136 205 118
is_linear=0
shrinkage=0.03


Tree=223
num_leaves=9
num_cat=0
split_feature=6 1 2 26 8 4 2 11
split_gain=1.96597e+07 7.51057e+07 1.17234e+07 5.18385e+06 4.63018e+06 4.0764e+06 1.90025e+06 296475
threshold=2.4500000000000006 0.11250000000000002 6.0500000000000007 6.7000000000000028 20.050000000000004 1006.7500000000001 13.600000000000001 2.5000000000000004
decision_type=2 2 2 2 2 2 2 2
left_child=2 -2 -1 -4 5 -3 7 -7
right_child=1 4 3 -5 -6 6 -8 -9
leaf_value=-17.246689594226648 35.683226837695649 9.7325600569814608 6.2255263116982231 -5.6476793397675413 -5.9837198196169901 -0.65075954989610219 3.8439663549305236 -3.6786631375106751
leaf_weight=54 65 54 56 80 76 66 87 52
leaf_count=54 65 54 56 80 76 66 87 52
internal_value=2.47764 6.25047 -5.46246 -0.755704 0.512798 2.42386 0.487193 -1.99111
internal_weight=590 400 190 136 335 259 205 118
internal_count=590 400 190 136 335 259 205 118
is_linear=0
shrinkage=0.03


Tree=224
num_leaves=9
num_cat=0
split_feature=6 1 24 24 5 4 20 20
split_gain=1.85032e+07 7.06869e+07 2.11649e+07 6.70565e+06 6.4645e+06 1.8358e+06 1.96035e+06 1.4931e+06
threshold=2.4500000000000006 0.11250000000000002 4562.5000000000009 10398.147222222224 23.350000000000005 1014.4500000000002 7.3515000000000006 16.062950000000001
decision_type=2 2 2 2 2 2 2 2
left_child=2 -2 -1 4 5 6 -3 -4
right_child=1 3 7 -5 -6 -7 -8 -9
leaf_value=-21.339589235545546 34.617648542325313 7.5598814965409842 3.3093034453449381 9.9423517882463983 -11.028930598364935 -2.6328221508600702 0.1959417382426652 -3.1803915351996603
leaf_weight=53 65 51 87 56 51 88 89 50
leaf_count=53 65 51 87 56 51 88 89 50
internal_value=2.40365 6.06383 -5.29938 0.4975 -1.40685 0.75708 2.88901 0.938962
internal_weight=590 400 190 335 279 228 140 137
internal_count=590 400 190 335 279 228 140 137
is_linear=0
shrinkage=0.03


Tree=225
num_leaves=10
num_cat=0
split_feature=11 21 1 7 0 11 26 20 24
split_gain=1.45344e+07 2.97458e+07 1.51521e+07 2.49752e+07 2.53046e+06 2.11414e+06 1.41142e+06 1.15467e+06 628314
threshold=4.5000000000000009 0.81723611037080479 0.65000000000000013 24.950000000000003 18.650000000000002 2.5000000000000004 8.1500000000000039 5.2500000000000009 8090.2777777777783
decision_type=2 2 2 2 2 2 2 2 2
left_child=2 -2 3 -1 -4 7 -7 -6 -9
right_child=1 -3 4 -5 5 6 -8 8 -10
leaf_value=0.33812166906841007 26.710272054616471 -5.311052922790986 7.1852158489190829 -27.291113812425738 5.9115332727264942 -5.3113292601539639 1.088398887665561 -0.94605054745149764 3.0362664782348556
leaf_weight=71 51 53 52 50 51 81 50 87 60
leaf_count=71 51 53 52 50 51 81 50 87 60
internal_value=0.232579 10.4233 -1.88359 -11.1181 1.05557 0.081062 -2.87171 2.0361 0.682197
internal_weight=606 104 502 121 381 329 131 198 147
internal_count=606 104 502 121 381 329 131 198 147
is_linear=0
shrinkage=0.03


Tree=226
num_leaves=10
num_cat=0
split_feature=11 21 1 6 0 11 23 8 3
split_gain=1.36803e+07 2.79979e+07 1.42621e+07 4.76206e+07 2.3817e+06 1.98973e+06 891961 500851 450201
threshold=4.5000000000000009 0.81723611037080479 0.65000000000000013 2.9500000000000006 18.650000000000002 2.5000000000000004 0.6830127018922193 9.0500000000000025 67.000000000000014
decision_type=2 2 2 2 2 2 2 2 2
left_child=2 -2 3 -1 -4 6 8 -7 -6
right_child=1 -3 4 -5 5 7 -8 -9 -10
leaf_value=-32.020545480237892 25.913650450622825 -5.1526180318506754 6.9708959414626177 5.8312827024557583 2.9343386527808786 -5.1010245104003378 5.1318893573421462 -1.2962654489019925 -0.5855064627181652
leaf_weight=53 51 53 52 68 51 51 57 80 90
leaf_count=53 51 53 52 68 51 51 57 80 90
internal_value=0.225682 10.1124 -1.82737 -10.7866 1.02416 0.0787335 1.97538 -2.78585 0.691092
internal_weight=606 104 502 121 381 329 198 131 141
internal_count=606 104 502 121 381 329 198 131 141
is_linear=0
shrinkage=0.03


Tree=227
num_leaves=10
num_cat=0
split_feature=29 26 1 6 0 30 26 20 29
split_gain=1.28765e+07 1.61128e+07 1.34242e+07 4.48213e+07 2.24172e+06 1.87277e+06 1.32926e+06 1.04865e+06 615020
threshold=-0.70440582564969068 7.6500000000000012 0.65000000000000013 2.9500000000000006 18.650000000000002 -0.22252093395631442 8.1500000000000039 5.2500000000000009 0.6078576107927941
decision_type=2 2 2 2 2 2 2 2 2
left_child=1 -1 3 -2 -4 6 -6 -7 -9
right_child=2 -3 4 -5 5 7 -8 8 -10
leaf_value=21.126448530755646 -31.065335707387156 -2.4629359957427672 6.7629688349736581 5.6571124999240414 -5.0703097842540252 5.6096784977606173 1.1399825482861423 3.3186699542515794 -0.76744305992910566
leaf_weight=54 53 50 52 68 81 51 50 50 97
leaf_count=54 53 50 52 68 81 51 50 50 97
internal_value=0.21895 9.81085 -1.77287 -10.4649 0.993629 0.0763994 -2.70271 1.91646 0.626259
internal_weight=606 104 502 121 381 329 131 198 147
internal_count=606 104 502 121 381 329 131 198 147
is_linear=0
shrinkage=0.03


Tree=228
num_leaves=8
num_cat=0
split_feature=0 3 24 8 0 0 3
split_gain=1.21652e+07 1.44338e+07 1.44354e+07 2.3946e+06 3.65113e+06 1.53167e+06 1.79079e+06
threshold=6.8000000000000016 47.350000000000001 1.0000000180025095e-35 20.050000000000004 129.90000000000001 28.950000000000003 62.45000000000001
decision_type=2 2 2 2 2 2 2
left_child=-1 -2 -3 5 -5 -4 -7
right_child=1 2 3 4 -6 6 -8
leaf_value=14.043301003312061 -12.686153347274947 13.470349225495992 4.4282512289436431 -10.992640027630165 0.18984395847182592 -4.7863266216141298 0.80638861127521666
leaf_weight=52 82 70 59 50 55 75 163
leaf_count=52 82 70 59 50 55 75 163
internal_value=0.212445 -1.09264 0.928247 -1.26409 -5.15121 0.113919 -0.959791
internal_weight=606 554 472 402 105 297 238
internal_count=606 554 472 402 105 297 238
is_linear=0
shrinkage=0.03


Tree=229
num_leaves=9
num_cat=0
split_feature=11 21 24 6 8 11 24 7
split_gain=1.21145e+07 2.60994e+07 9.61436e+06 4.75338e+07 3.45152e+06 2.5326e+06 3.03926e+06 1.4412e+06
threshold=4.5000000000000009 0.81723611037080479 2027.7777777777781 2.9500000000000006 20.050000000000004 1.0000000180025095e-35 6394.4444444444453 18.550000000000004
decision_type=2 2 2 2 2 2 2 2
left_child=2 -2 3 -1 5 -4 -7 -8
right_child=1 -3 4 -5 -6 6 7 -9
leaf_value=-30.638303841038752 24.766242493913886 -5.2273676746289688 7.746219645783067 8.9688650650757253 -4.6496464973316014 4.9971112613533322 -4.1672694660408931 1.791912698098419
leaf_weight=51 51 53 56 58 91 92 95 59
leaf_count=51 51 53 56 58 91 92 95 59
internal_value=0.206139 9.50988 -1.72584 -9.59608 0.46263 2.0062 0.691648 -1.8851
internal_weight=606 104 502 109 393 302 246 154
internal_count=606 104 502 109 393 302 246 154
is_linear=0
shrinkage=0.03


Tree=230
num_leaves=10
num_cat=0
split_feature=0 21 1 24 6 24 26 20 27
split_gain=3.03606e+07 3.93036e+07 1.45083e+08 4.86163e+07 2.25574e+06 2.15594e+06 1.77708e+06 1.08319e+06 314314
threshold=11.050000000000002 0.72034373882997749 0.22500000000000003 1932.2222222222224 2.7500000000000004 6596.2972222222224 7.6000000000000005 7.6016000000000004 -0.33751039744763167
decision_type=2 2 2 2 2 2 2 2 2
left_child=-1 2 -2 -3 -4 -6 8 -8 -5
right_child=1 3 4 6 5 -7 7 -9 -10
leaf_value=-16.438299615997629 56.959656024424739 -31.514518218978974 3.524222597798325 0.064031491880941996 -7.9037487904262358 0.51480677505037686 6.8655718927216114 1.0285981168617333 -2.9987302851129272
leaf_weight=87 50 50 71 56 50 60 51 65 65
leaf_count=87 50 50 71 56 50 60 51 65 65
internal_value=-0.0714118 2.68537 11.8886 -4.72678 -0.635525 -3.32282 0.957304 3.60602 -1.58453
internal_weight=605 518 231 287 181 110 237 116 121
internal_count=605 518 231 287 181 110 237 116 121
is_linear=0
shrinkage=0.03


Tree=231
num_leaves=8
num_cat=0
split_feature=3 24 24 24 3 21 5
split_gain=2.94256e+07 3.05138e+07 2.91319e+07 5.72193e+06 3.2577e+06 1.3323e+06 1.22766e+06
threshold=52.050000000000004 1.0000000180025095e-35 3854.166666666667 3959.7222222222226 86.450000000000017 0.54024256428486794 9.8000000000000025
decision_type=2 2 2 2 2 2 2
left_child=2 -2 -1 -3 5 -5 -7
right_child=1 3 -4 4 -6 6 -8
leaf_value=-30.732573537200867 19.425259007512487 -8.3016693001742823 -0.97263282478597646 -3.6617960758662331 8.147243961760072 -2.8348979226051019 2.4941208497589593
leaf_weight=50 86 66 72 66 53 51 161
leaf_count=50 86 66 72 66 53 51 161
internal_value=-0.0691181 3.25746 -13.2149 -0.256879 1.35326 0.0505798 1.2099
internal_weight=605 483 122 397 331 278 212
internal_count=605 483 122 397 331 278 212
is_linear=0
shrinkage=0.03


Tree=232
num_leaves=8
num_cat=0
split_feature=0 7 1 2 24 26 7
split_gain=2.82604e+07 1.93009e+07 6.87663e+07 1.88587e+07 3.34519e+06 2.01736e+06 842201
threshold=11.050000000000002 14.750000000000002 0.15476190476190474 5.5500000000000007 5346.666666666667 8.6500000000000021 27.050000000000004
decision_type=2 2 2 2 2 2 2
left_child=-1 3 -3 -2 -4 6 -6
right_child=1 2 4 -5 5 -7 -8
leaf_value=-15.857962281949741 -17.897918038842995 31.908880525262234 -6.1553553357485686 3.0695558624005401 -2.1857581153721521 5.6803155473557174 2.4684919431843335
leaf_weight=87 69 75 67 87 95 70 55
leaf_count=87 69 75 67 87 95 70 55
internal_value=-0.0672894 2.59244 6.39253 -6.22101 -0.301829 1.48675 -0.477619
internal_weight=605 518 362 156 287 220 150
internal_count=605 518 362 156 287 220 150
is_linear=0
shrinkage=0.03


Tree=233
num_leaves=8
num_cat=0
split_feature=3 24 24 24 3 26 0
split_gain=2.70665e+07 2.7492e+07 2.65943e+07 5.18766e+06 3.19341e+06 2.23817e+06 1.6267e+06
threshold=52.050000000000004 3854.166666666667 1.0000000180025095e-35 3959.7222222222226 86.450000000000017 6.0499999999999998 46.050000000000004
decision_type=2 2 2 2 2 2 2
left_child=1 -1 -2 -4 5 -5 -7
right_child=2 -3 3 4 -6 6 -8
leaf_value=-29.690518249830241 18.21894375668478 -0.78106803427098703 -7.8158234036130603 -4.0653263143722524 8.1039216769971727 6.2448321146596202 0.1393792992884729
leaf_weight=50 86 72 66 82 53 54 142
leaf_count=50 86 72 66 82 53 54 142
internal_value=-0.0652549 -12.673 3.12519 -0.155752 1.3773 0.0875016 1.82851
internal_weight=605 122 483 397 331 278 196
internal_count=605 122 483 397 331 278 196
is_linear=0
shrinkage=0.03


Tree=234
num_leaves=9
num_cat=0
split_feature=0 4 1 24 9 14 24 26
split_gain=2.64432e+07 2.05142e+07 8.88523e+07 3.6208e+07 2.50219e+06 1.78989e+06 2.74881e+06 1.33793e+06
threshold=11.050000000000002 1006.35 0.15476190476190474 1633.3333333333337 0.55000000000000016 148.50000000000003 6394.4444444444453 7.8500000000000005
decision_type=2 2 2 2 2 2 2 2
left_child=-1 2 -2 -3 -4 6 -5 -7
right_child=1 3 4 5 -6 7 -8 -9
leaf_value=-15.337978869434894 43.609065776409196 -24.725951715473006 0.9687134285329102 9.0825960296366635 -7.6186990226889559 -2.2962737260753636 0.18754615394232785 3.0822154218244382
leaf_weight=87 52 52 64 69 58 85 57 81
leaf_count=87 52 52 64 69 58 85 57 81
internal_value=-0.0634401 2.50935 10.8943 -1.73763 -3.12243 2.37732 5.06872 0.328941
internal_weight=605 518 174 344 122 292 126 166
internal_count=605 518 174 344 122 292 126 166
is_linear=0
shrinkage=0.03


Tree=235
num_leaves=8
num_cat=0
split_feature=24 6 10 0 10 0 27
split_gain=5.0345e+07 5.7079e+07 4.70368e+06 2.4634e+06 2.51825e+06 3.69554e+06 912948
threshold=1633.3333333333337 2.7500000000000004 2.5000000000000004 20.800000000000004 5.5000000000000009 54.95000000000001 -0.2386639253557736
decision_type=2 2 2 2 2 2 2
left_child=1 -1 -2 -4 -5 -6 -7
right_child=2 -3 3 4 5 6 -8
leaf_value=-42.480112337522868 8.2902410302577074 -2.4087448121492079 5.1209950411274061 3.8306771307237919 -9.0223896611181509 0.83518153673085571 -3.7589543362431952
leaf_weight=55 79 76 78 81 56 152 52
leaf_count=55 79 76 78 81 56 152 52
internal_value=-2.76571 -19.2913 1.59036 0.32209 -0.779117 -2.21804 -0.339629
internal_weight=629 131 498 419 341 260 204
internal_count=629 131 498 419 341 260 204
is_linear=0
shrinkage=0.03


Tree=236
num_leaves=9
num_cat=0
split_feature=24 2 14 3 2 24 9 14
split_gain=4.73845e+07 3.40226e+07 5.93221e+06 3.26977e+06 2.5372e+06 3.30731e+06 1.61329e+06 1.61051e+06
threshold=1633.3333333333337 6.4500000000000011 43.000000000000007 47.350000000000001 9.8500000000000032 8916.6666666666679 0.55000000000000016 219.00000000000003
decision_type=2 2 2 2 2 2 2 2
left_child=1 -1 -2 -4 7 6 -6 -5
right_child=2 -3 3 4 5 -7 -8 -9
leaf_value=-36.903935801100339 10.535194848389406 -5.866360205370273 7.4701729449333509 -0.80513604920722459 0.90838383948595725 5.7336405066002252 -5.0242726281541508 -7.6422111938011597
leaf_weight=54 58 77 51 64 109 90 66 60
leaf_count=54 58 77 51 64 109 90 66 60
internal_value=-2.6833 -18.7156 1.54275 0.350988 -0.58739 1.0702 -1.33379 -4.12393
internal_weight=629 131 498 440 389 265 175 124
internal_count=629 131 498 440 389 265 175 124
is_linear=0
shrinkage=0.03


Tree=237
num_leaves=8
num_cat=0
split_feature=24 26 14 3 25 25 28
split_gain=4.45983e+07 3.7664e+07 5.58344e+06 3.07769e+06 2.44286e+06 5.00782e+06 3.50055e+06
threshold=1633.3333333333337 7.9500000000000011 43.000000000000007 47.350000000000001 25.731870000000004 23.279250000000001 -0.0387208465846701
decision_type=2 2 2 2 2 2 2
left_child=1 -1 -2 -4 5 6 -5
right_child=2 -3 3 4 -6 -7 -8
leaf_value=-4.8547436283740053 10.220765399315345 -37.596458869776626 7.2473783591755661 3.9882888092465478 5.4634068660136048 -9.5854677218791711 -2.7755769875449197
leaf_weight=78 58 53 51 121 52 57 159
leaf_count=78 58 53 51 121 52 57 159
internal_value=-2.60326 -18.1571 1.49667 0.340471 -0.569926 -1.50494 0.148487
internal_weight=629 131 498 440 389 337 280
internal_count=629 131 498 440 389 337 280
is_linear=0
shrinkage=0.03


Tree=238
num_leaves=9
num_cat=0
split_feature=1 6 3 9 29 0 6 4
split_gain=3.35729e+07 6.83686e+07 3.37093e+06 3.19605e+06 2.7108e+06 1.33263e+06 1.27024e+06 786869
threshold=0.45000000000000007 2.7500000000000004 43.650000000000006 13.300000000000002 0.87837969732492682 61.500000000000007 3.0500000000000003 1006.0000000000001
decision_type=2 2 2 2 2 2 2 2
left_child=1 -1 -2 4 5 6 -4 -7
right_child=2 -3 3 -5 -6 7 -8 -9
leaf_value=-43.471209499442551 8.4774153674276249 0.11120650902504728 -1.4909959502641481 7.4621067803801884 4.8976805792662574 -3.2435120413382408 -7.5947951517282934 1.0054984691947888
leaf_weight=50 51 91 71 50 67 54 54 141
leaf_count=50 51 91 71 50 67 54 54 141
internal_value=-2.52556 -15.403 1.20233 0.34804 -0.576135 -1.72576 -4.13978 -0.174279
internal_weight=629 141 488 437 387 320 125 195
internal_count=629 141 488 437 387 320 125 195
is_linear=0
shrinkage=0.03


Tree=239
num_leaves=8
num_cat=0
split_feature=24 6 14 0 26 0 14
split_gain=3.99916e+07 5.06859e+07 5.17248e+06 2.56388e+06 2.22518e+06 2.50537e+06 970272
threshold=1633.3333333333337 2.7500000000000004 43.000000000000007 12.450000000000001 9.7500000000000018 34.45000000000001 138.50000000000003
decision_type=2 2 2 2 2 2 2
left_child=1 -1 -2 -4 5 -5 -7
right_child=2 -3 3 4 -6 6 -8
leaf_value=-39.030315537409585 9.8290171388655541 -1.2740012919574701 6.1793738147774864 -7.7461537107274276 4.5162641541360884 3.2626845679506222 -1.3244920148796822
leaf_weight=55 58 76 58 50 64 51 217
leaf_count=55 58 76 58 50 64 51 217
internal_value=-2.45027 -17.1789 1.43212 0.319294 -0.574583 -1.60248 -0.448854
internal_weight=629 131 498 440 382 318 268
internal_count=629 131 498 440 382 318 268
is_linear=0
shrinkage=0.03


Tree=240
num_leaves=9
num_cat=0
split_feature=0 27 24 24 5 24 5 24
split_gain=3.26631e+07 2.07177e+07 6.33473e+07 1.79528e+07 2.20758e+06 4.23007e+06 1.98209e+06 1.25497e+06
threshold=5.7500000000000009 0.30081702196488996 1394.4444444444446 2645.8333333333335 10.925000000000002 6596.2972222222224 23.625000000000004 5583.3333333333348
decision_type=2 2 2 2 2 2 2 2
left_child=-1 3 -3 -2 -5 -6 -7 -4
right_child=1 2 7 4 5 6 -8 -9
leaf_value=23.019258825990875 17.664088824827278 -38.044057778698658 4.4087666247496946 3.7304811400629294 -9.5708729494352713 -2.4016057197366067 4.4746726377533168 -1.3751925714846285
leaf_weight=53 60 51 54 85 50 91 64 89
leaf_count=53 60 51 54 85 50 91 64 89
internal_value=0.606483 -1.58858 -9.44451 2.77018 -0.326356 -2.0115 0.440733 0.813554
internal_weight=597 544 194 350 290 205 155 143
internal_count=597 544 194 350 290 205 155 143
is_linear=0
shrinkage=0.03


Tree=241
num_leaves=9
num_cat=0
split_feature=0 27 28 21 21 4 21 21
split_gain=3.07437e+07 1.94998e+07 1.29233e+07 1.07143e+07 1.70314e+07 8.26186e+06 4.39341e+06 3.82421e+06
threshold=5.7500000000000009 0.30081702196488996 -0.9574497222574998 0.78556611927398456 1.0000000180025095e-35 1004.0500000000001 0.45607872919435483 0.92658507373306409
decision_type=2 2 2 2 2 2 2 2
left_child=-1 2 -2 4 -3 -4 -7 -8
right_child=1 3 5 -5 -6 6 7 -9
leaf_value=22.332568320297611 -9.7062383087795006 -4.3369803338844211 15.239623587261978 -1.2525855057319648 -28.21808656870726 9.2524172917534315 -6.7900570722223517 3.1635059537021371
leaf_weight=53 62 58 60 86 50 66 50 112
leaf_count=53 62 58 60 86 50 66 50 112
internal_value=0.588317 -1.54127 2.68743 -9.1628 -15.4407 5.36287 2.74707 0.0844907
internal_weight=597 544 350 194 108 288 228 162
internal_count=597 544 350 194 108 288 228 162
is_linear=0
shrinkage=0.03


Tree=242
num_leaves=9
num_cat=0
split_feature=3 27 24 1 24 10 27 6
split_gain=1.49369e+07 1.72144e+07 5.43466e+07 3.04436e+07 2.90045e+06 2.25568e+06 2.11426e+06 1.56591e+06
threshold=44.750000000000007 0.36571913681022045 1981.4805555555556 0.18333333333333332 5346.666666666667 7.5000000000000009 -0.71461382420154484 3.2500000000000004
decision_type=2 2 2 2 2 2 2 2
left_child=-1 3 -3 -2 -5 -6 -7 -4
right_child=1 2 7 4 5 6 -8 -9
leaf_value=13.665873534318173 24.314384319692198 -35.156678383980783 4.6083941591872746 -7.1106512069012338 4.5446931768419674 1.2013225930033313 -5.7824582827925504 -2.0538956643149491
leaf_weight=69 50 50 71 55 82 99 64 57
leaf_count=69 50 50 71 55 82 99 64 57
internal_value=0.570662 -1.14742 -8.73523 2.71568 -0.90477 0.495342 -1.54631 1.64366
internal_weight=597 528 178 350 300 245 163 128
internal_count=597 528 178 350 300 245 163 128
is_linear=0
shrinkage=0.03


Tree=243
num_leaves=9
num_cat=0
split_feature=0 27 28 21 21 14 7 0
split_gain=2.91226e+07 1.75856e+07 1.24839e+07 9.87419e+06 1.55889e+07 7.9021e+06 1.60427e+07 1.61436e+06
threshold=5.7500000000000009 0.30081702196488996 -0.9574497222574998 0.78556611927398456 1.0000000180025095e-35 284.00000000000006 24.650000000000002 65.65000000000002
decision_type=2 2 2 2 2 2 2 2
left_child=-1 2 -2 4 -3 6 -4 -7
right_child=1 3 5 -5 -6 7 -8 -9
leaf_value=21.716742647539608 -9.6842079456851344 -4.1604932084351161 22.152518124621277 -1.1632996583012551 -27.00800938124685 3.5176349600946715 2.2700935636483521 -3.1645881538657075
leaf_weight=53 62 58 58 86 50 57 98 75
leaf_count=53 62 58 58 86 50 57 98 75
internal_value=0.553516 -1.51916 2.49667 -8.75692 -14.7836 5.12632 9.69067 -0.277581
internal_weight=597 544 350 194 108 288 156 132
internal_count=597 544 350 194 108 288 156 132
is_linear=0
shrinkage=0.03


Tree=244
num_leaves=9
num_cat=0
split_feature=0 27 28 29 4 6 2 4
split_gain=2.74111e+07 1.6552e+07 1.17496e+07 1.11168e+07 7.62023e+06 7.0566e+06 3.91985e+06 3.66618e+06
threshold=5.7500000000000009 0.30081702196488996 -0.9574497222574998 1.0000000180025095e-35 1004.0500000000001 3.1500000000000008 4.6500000000000012 1018.6500000000002
decision_type=2 2 2 2 2 2 2 2
left_child=-1 2 -2 5 -4 -3 -6 -8
right_child=1 3 4 -5 6 -7 7 -9
leaf_value=21.068906898051218 -9.3950809906765134 -9.7415595322742803 14.458598660094228 -16.197115051453295 8.8080432978625556 5.8465983844563842 -3.2637524859747487 6.0822077281029312
leaf_weight=53 62 51 60 90 63 53 107 58
leaf_count=53 62 51 60 90 63 53 107 58
internal_value=0.536977 -1.47387 2.42216 -8.49572 4.9733 -1.80354 2.46142 0.0265158
internal_weight=597 544 350 194 288 104 228 165
internal_count=597 544 350 194 288 104 228 165
is_linear=0
shrinkage=0.03


Tree=245
num_leaves=9
num_cat=0
split_feature=12 1 30 23 24 2 14 24
split_gain=1.59138e+07 3.14852e+07 2.95301e+07 1.71659e+06 2.45436e+06 2.14455e+06 1.84554e+06 1.81208e+06
threshold=1.0000000180025095e-35 0.45000000000000007 1.0000000180025095e-35 0.6830127018922193 5204.166666666667 13.600000000000001 169.50000000000003 7587.9638888888894
decision_type=2 2 2 2 2 2 2 2
left_child=1 2 -1 4 -3 -6 -7 -5
right_child=-2 3 -4 7 5 6 -8 -9
leaf_value=-29.674215299166164 10.723458935120281 -5.8989062450704708 0.68580104716340007 8.7114370115898243 -2.8586758906064635 8.174596601850233 1.0890019480125999 0.82745096470736246
leaf_weight=66 91 50 51 50 70 50 97 55
leaf_count=66 91 50 51 50 70 50 97 55
internal_value=-0.774988 -2.92006 -16.4724 1.35217 0.0727767 1.45503 3.51087 4.59594
internal_weight=580 489 117 372 267 217 147 105
internal_count=580 489 117 372 267 217 147 105
is_linear=0
shrinkage=0.03


Tree=246
num_leaves=9
num_cat=0
split_feature=0 1 8 26 21 11 11 9
split_gain=1.62123e+07 1.97444e+07 4.73411e+07 2.51086e+06 2.22923e+06 1.63708e+06 1.17511e+06 872069
threshold=6.4500000000000011 0.45000000000000007 14.15 7.5000000000000018 1.2248481172360248 3.5000000000000004 2.5000000000000004 0.25000000000000006
decision_type=2 2 2 2 2 2 2 2
left_child=-1 2 -2 5 6 7 -5 -3
right_child=1 3 -4 4 -6 -7 -8 -9
leaf_value=15.181505016450901 -34.777737063246157 -1.7477256220935351 3.8877544672418725 3.6630283211542864 8.5563410331619902 -5.2150706633506658 -1.5230217190501105 3.1636546605294908
leaf_weight=52 51 75 64 86 50 73 72 57
leaf_count=52 51 75 64 86 50 73 72 57
internal_value=-0.751864 -2.32881 -13.3053 0.735032 3.05516 -1.62002 1.3013 0.375394
internal_weight=580 528 115 413 208 205 158 132
internal_count=580 528 115 413 208 205 158 132
is_linear=0
shrinkage=0.03


Tree=247
num_leaves=9
num_cat=0
split_feature=0 27 0 2 0 0 2 29
split_gain=1.52596e+07 1.63837e+07 1.34914e+07 2.74758e+07 1.26234e+07 1.74887e+07 7.9843e+06 5.90192e+06
threshold=6.4500000000000011 -0.71461382420154484 39.250000000000007 7.8500000000000005 65.65000000000002 104.65000000000002 15.950000000000001 1.0000000180025095e-35
decision_type=2 2 2 2 2 2 2 2
left_child=-1 6 3 -3 -4 -6 -2 -7
right_child=1 2 4 -5 5 7 -8 -9
leaf_value=14.728672649682595 14.583024162661975 -30.160099185809752 10.927535763203863 -0.58441414164140892 -20.467924838317316 4.482447357465853 -1.0037447567539322 -6.1465359526919361
leaf_weight=52 65 51 57 63 50 99 54 89
leaf_count=52 65 51 57 63 50 99 54 89
internal_value=-0.729444 -2.25935 -5.10966 -13.8602 -1.71743 -4.75583 7.52522 -0.551087
internal_weight=580 528 409 114 295 238 119 188
internal_count=580 528 409 114 295 238 119 188
is_linear=0
shrinkage=0.03


Tree=248
num_leaves=9
num_cat=0
split_feature=11 4 24 27 9 6 26 25
split_gain=1.47784e+07 2.89248e+07 4.32179e+07 7.76781e+06 8.28742e+06 5.38904e+06 4.12153e+06 2.9524e+06
threshold=4.5000000000000009 1005.35 2180.0000000000005 0.86958133671945947 0.25000000000000006 2.6500000000000008 7.9000000000000004 23.279250000000001
decision_type=2 2 2 2 2 2 2 2
left_child=1 2 -1 4 5 -3 -7 -4
right_child=-2 3 7 -5 -6 6 -8 -9
leaf_value=-35.580402012783068 10.372866473412071 -3.6775187439377461 2.2034024578588496 -7.2698963911420575 13.8618294986941 0.20085412317100654 11.96232291595712 -7.6173368734064342
leaf_weight=52 91 94 58 61 65 53 54 52
leaf_count=52 91 94 58 61 65 53 54 52
internal_value=-0.707772 -2.77493 -13.1287 2.36176 4.57625 1.55723 6.15348 -2.44714
internal_weight=580 489 162 327 266 201 107 110
internal_count=580 489 162 327 266 201 107 110
is_linear=0
shrinkage=0.03


Tree=249
num_leaves=9
num_cat=0
split_feature=0 1 8 11 0 20 11 20
split_gain=1.4421e+07 1.70345e+07 4.49162e+07 2.4993e+06 1.45282e+06 1.39456e+06 901773 1.92794e+06
threshold=6.4500000000000011 0.45000000000000007 14.15 3.5000000000000004 30.000000000000004 8.8269000000000002 2.5000000000000004 5.9720000000000004
decision_type=2 2 2 2 2 2 2 2
left_child=-1 2 -2 4 -3 -5 7 -6
right_child=1 3 -4 5 6 -7 -8 -9
leaf_value=14.340548509411786 -33.285175543891057 6.9131124004644624 4.3749613988232658 0.89182051074442448 7.1731327491508621 -5.2723269373795087 -1.9455376331597618 0.25272324415051323
leaf_weight=52 51 50 64 57 52 78 58 118
leaf_count=52 51 50 64 57 52 78 58 118
internal_value=-0.686779 -2.17406 -12.3696 0.671773 2.2974 -2.67341 1.27739 2.37851
internal_weight=580 528 115 413 278 135 228 170
internal_count=580 528 115 413 278 135 228 170
is_linear=0
shrinkage=0.03


Tree=250
num_leaves=8
num_cat=0
split_feature=27 28 27 24 20 24 7
split_gain=9.56541e+06 2.49218e+07 2.44605e+07 1.77199e+07 2.10285e+06 4.75869e+06 1.37631e+06
threshold=0.64534213713577271 0.090251610031040944 0.36571913681022045 1.0000000180025095e-35 5.2500000000000009 5460.3166666666675 25.950000000000003
decision_type=2 2 2 2 2 2 2
left_child=2 -2 3 -1 -5 -6 -7
right_child=1 -3 -4 4 5 6 -8
leaf_value=17.976553034196822 -3.3437087941273878 19.481689262032354 -17.473886708876897 3.0011486466878319 -10.708436282937143 -2.7173563494118849 2.6223514627970452
leaf_weight=51 97 77 72 83 50 93 81
leaf_count=51 97 77 72 83 50 93 81
internal_value=0.844691 6.77328 -1.55735 1.65567 -1.07049 -2.58121 -0.231344
internal_weight=604 174 430 358 307 224 174
internal_count=604 174 430 358 307 224 174
is_linear=0
shrinkage=0.03


Tree=251
num_leaves=8
num_cat=0
split_feature=9 1 26 3 3 24 4
split_gain=9.57891e+06 2.36361e+07 1.32343e+07 2.90849e+06 1.51136e+06 2.00625e+06 2.67042e+06
threshold=2.4500000000000006 0.15476190476190474 4.8500000000000005 41.900000000000006 53.600000000000001 8916.6666666666679 1008.0500000000001
decision_type=2 2 2 2 2 2 2
left_child=1 -1 -2 -3 -5 6 -6
right_child=2 3 -4 4 5 -7 -8
leaf_value=17.167745606421278 2.76631487424461 6.2578135742238556 -18.118514980704564 -6.0817389188175319 -6.7687937059175081 3.5607670165206846 0.22497912836513487
leaf_weight=83 57 52 52 51 71 80 158
leaf_count=83 57 52 52 51 71 80 158
internal_value=0.819482 2.59298 -7.21939 -0.353536 -1.31295 -0.520702 -1.94938
internal_weight=604 495 109 412 360 309 229
internal_count=604 495 109 412 360 309 229
is_linear=0
shrinkage=0.03


Tree=252
num_leaves=9
num_cat=0
split_feature=9 1 3 3 14 4 21 3
split_gain=9.01568e+06 2.22442e+07 1.05913e+07 2.73757e+06 1.79798e+06 1.36537e+06 1.17615e+06 761852
threshold=2.4500000000000006 0.15476190476190474 83.050000000000011 41.900000000000006 250.00000000000003 1003.9500000000002 0.54519255050505067 65.700000000000003
decision_type=2 2 2 2 2 2 2 2
left_child=1 -1 -2 -3 5 -5 -7 -6
right_child=2 3 -4 4 7 6 -8 -9
leaf_value=16.654568031924683 -17.1186036732941 6.0711560625715428 1.610653966922583 -3.9540554860992141 -6.0573887751681879 -2.2363692098046806 3.1090796755395909 -1.3781274826882293
leaf_weight=83 50 52 59 52 75 52 127 54
leaf_count=83 50 52 59 52 75 52 127 54
internal_value=0.794883 2.51545 -7.00407 -0.34299 -1.27379 0.311321 1.55502 -4.10644
internal_weight=604 495 109 412 360 231 179 129
internal_count=604 495 109 412 360 231 179 129
is_linear=0
shrinkage=0.03


Tree=253
num_leaves=9
num_cat=0
split_feature=9 1 26 6 17 2 0 26
split_gain=8.4856e+06 2.09344e+07 1.21522e+07 1.67924e+06 2.1228e+06 2.24735e+06 2.09979e+06 475906
threshold=2.4500000000000006 0.15476190476190474 4.8500000000000005 3.8500000000000001 1.0000000180025095e-35 13.600000000000001 86.200000000000017 8.9500000000000046
decision_type=2 2 2 2 2 2 2 2
left_child=1 -1 -2 4 5 7 -7 -3
right_child=2 3 -4 -5 -6 6 -8 -9
leaf_value=16.156730543963192 2.7729757075596857 0.81302990413955045 -17.239358536299054 -3.9483664637229769 -3.3792577242348147 9.5751441131279496 1.6464886841279585 -3.0972280789511815
leaf_weight=83 57 63 52 90 85 51 73 50
leaf_count=83 57 63 52 90 85 51 73 50
internal_value=0.770987 2.44021 -6.79522 -0.332798 0.680472 2.13896 4.92278 -0.920713
internal_weight=604 495 109 412 322 237 124 113
internal_count=604 495 109 412 322 237 124 113
is_linear=0
shrinkage=0.03


Tree=254
num_leaves=8
num_cat=0
split_feature=29 1 8 24 24 21 24
split_gain=8.37054e+06 1.44386e+07 3.71234e+06 8.18781e+06 5.12297e+06 2.33937e+06 1.91255e+06
threshold=0.87837969732492682 0.15476190476190474 4.8500000000000005 6479.166666666667 4481.4805555555567 0.95621264940239048 9472.2222222222244
decision_type=2 2 2 2 2 2 2
left_child=1 -1 3 -3 -4 6 -6
right_child=-2 2 4 -5 5 -7 -8
leaf_value=13.387457513219301 -7.3623467536210274 13.670543044433442 -10.047854256172938 -2.1889135313373198 -0.16149207062282547 -4.3079876917030369 6.6599523297726124
leaf_weight=87 96 50 55 70 116 76 54
leaf_count=87 96 50 55 70 116 76 54
internal_value=0.747906 2.28401 -0.0184031 4.43673 -1.79722 0.0573951 2.01318
internal_weight=604 508 421 120 301 246 170
internal_count=604 508 421 120 301 246 170
is_linear=0
shrinkage=0.03


Tree=255
num_leaves=9
num_cat=0
split_feature=4 1 4 24 24 25 4 4
split_gain=1.93731e+07 4.38735e+07 2.18543e+07 1.53388e+07 2.66023e+06 3.37199e+06 1.55556e+06 1.34604e+06
threshold=1003.4500000000002 0.65000000000000013 1006.0000000000001 1633.3333333333337 6394.4444444444453 11.812790000000001 1010.2500000000001 1014.7500000000001
decision_type=2 2 2 2 2 2 2 2
left_child=1 -1 -2 -4 5 -5 -6 -8
right_child=2 -3 3 4 6 -7 7 -9
leaf_value=-31.683171734387358 18.101807288893646 2.4082788638431381 -14.41746987050456 9.8762818322246435 3.7159269272423083 0.10196806865843046 -5.2807902748160815 0.31293354725905631
leaf_weight=55 64 88 62 66 65 61 61 105
leaf_count=55 64 88 62 66 65 61 61 105
internal_value=-1.05327 -10.7426 1.81436 -0.678667 1.71073 5.19291 -0.207923 -1.74836
internal_weight=627 143 484 420 358 127 231 166
internal_count=627 143 484 420 358 127 231 166
is_linear=0
shrinkage=0.03


Tree=256
num_leaves=7
num_cat=0
split_feature=8 5 4 4 24 24
split_gain=1.84963e+07 1.4514e+07 3.06763e+07 1.87171e+07 1.85191e+07 2.21391e+06
threshold=24.250000000000004 23.625000000000004 1001.5500000000001 1006.0000000000001 1040.0000000000002 6394.4444444444453
decision_type=2 2 2 2 2 2
left_child=1 2 -1 -4 -5 -6
right_child=-2 -3 3 4 5 -7
leaf_value=-22.479524426012407 -18.283477361969087 14.068772094148031 15.611135617759963 -18.19535011355967 4.3233518893192873 -0.63770379782459763
leaf_weight=54 51 63 70 50 133 206
leaf_count=54 51 63 70 50 133 206
internal_value=-1.02191 0.515161 -1.15655 1.36506 -1.20853 1.31074
internal_weight=627 576 513 459 389 339
internal_count=627 576 513 459 389 339
is_linear=0
shrinkage=0.03


Tree=257
num_leaves=9
num_cat=0
split_feature=4 1 4 24 24 20 4 4
split_gain=1.76285e+07 4.12225e+07 1.97136e+07 1.36149e+07 2.37086e+06 3.84878e+06 1.4798e+06 1.26836e+06
threshold=1003.4500000000002 0.65000000000000013 1006.0000000000001 1633.3333333333337 6394.4444444444453 7.2712000000000012 1010.2500000000001 1014.7500000000001
decision_type=2 2 2 2 2 2 2 2
left_child=1 -1 -2 -4 5 -5 -6 -8
right_child=2 -3 3 4 6 -7 7 -9
leaf_value=-30.532529154496427 17.213031940675261 2.5124108615615492 -13.567726647390792 10.15965037332327 3.6429143703102516 -0.27187645807607363 -5.1156220710063645 0.31426911383272921
leaf_weight=55 64 88 62 63 65 64 61 105
leaf_count=55 64 88 62 63 65 64 61 105
internal_value=-0.991623 -10.2344 1.74384 -0.623957 1.62716 4.91449 -0.184154 -1.68663
internal_weight=627 143 484 420 358 127 231 166
internal_count=627 143 484 420 358 127 231 166
is_linear=0
shrinkage=0.03


Tree=258
num_leaves=7
num_cat=0
split_feature=8 5 4 4 24 24
split_gain=1.72772e+07 1.39116e+07 2.79927e+07 1.69323e+07 1.66275e+07 1.98023e+06
threshold=24.250000000000004 23.625000000000004 1001.5500000000001 1006.0000000000001 1040.0000000000002 6394.4444444444453
decision_type=2 2 2 2 2 2
left_child=1 2 -1 -4 -5 -6
right_child=-2 -3 3 4 5 -7
leaf_value=-21.48216852124883 -17.645088994963128 13.792779817038802 14.845409350388419 -17.248141426708305 4.0841006110757254 -0.60782059890924578
leaf_weight=54 51 63 70 50 133 206
leaf_count=54 51 63 70 50 133 206
internal_value=-0.962098 0.523443 -1.11322 1.29558 -1.15223 1.23492
internal_weight=627 576 513 459 389 339
internal_count=627 576 513 459 389 339
is_linear=0
shrinkage=0.03


Tree=259
num_leaves=7
num_cat=0
split_feature=8 7 4 4 24 24
split_gain=1.62616e+07 1.29816e+07 2.48651e+07 2.37186e+07 1.56086e+07 2.36082e+06
threshold=24.250000000000004 27.050000000000004 1002.7500000000001 1006.0000000000001 1633.3333333333337 6394.4444444444453
decision_type=2 2 2 2 2 2
left_child=1 2 -1 -4 -5 -6
right_child=-2 -3 3 4 5 -7
leaf_value=-17.273571638338886 -17.11883158973783 13.103345097458565 20.162803164740293 -15.173963734850313 4.8760996095404971 -0.40837578916339617
leaf_weight=73 51 65 54 59 121 204
leaf_count=73 51 65 54 59 121 204
internal_value=-0.933583 0.507636 -1.10129 1.60405 -1.01945 1.56173
internal_weight=627 576 511 438 384 325
internal_count=627 576 511 438 384 325
is_linear=0
shrinkage=0.03


Tree=260
num_leaves=8
num_cat=0
split_feature=4 25 0 5 14 24 25
split_gain=2.31231e+07 9.87587e+06 2.69033e+07 2.10379e+07 1.77358e+07 4.31814e+07 720503
threshold=997.85000000000002 7.5648750000000007 11.050000000000002 3.3500000000000001 132.50000000000003 3652.7777777777778 22.597510000000003
decision_type=2 2 2 2 2 2 2
left_child=-1 3 -3 -2 -4 -6 -7
right_child=1 2 4 -5 5 6 -8
leaf_value=-19.65721786156211 -5.5724734125150039 -19.588430397729969 -8.8953138067763557 18.616433943502241 31.066139895702683 -0.98407435096475038 2.6052016214257221
leaf_weight=52 56 60 98 76 50 144 77
leaf_count=52 56 60 98 76 50 144 77
internal_value=-0.578775 1.19918 -1.00998 8.36504 2.02434 5.97865 0.268284
internal_weight=613 561 429 132 369 271 221
internal_count=613 561 429 132 369 271 221
is_linear=0
shrinkage=0.03


Tree=261
num_leaves=9
num_cat=0
split_feature=28 24 24 24 30 21 28 14
split_gain=2.23403e+07 4.27411e+07 1.96385e+07 3.28205e+06 2.35585e+06 2.30158e+06 1.79724e+06 1.65859e+06
threshold=-0.76107606668641947 3854.166666666667 1.0000000180025095e-35 10736.111111111113 1.0000000180025095e-35 0.69629880006760192 0.65180241000790706 118.50000000000001
decision_type=2 2 2 2 2 2 2 2
left_child=1 -1 -2 4 5 -4 -7 -6
right_child=2 -3 3 -5 7 6 -8 -9
leaf_value=-32.84713362041272 18.061821280756782 1.0084975530383276 -6.476469131017879 7.1350354169323129 6.4233323548775356 -2.863526703833466 4.1394330591658557 -0.65257238023421338
leaf_weight=51 64 97 87 53 54 89 52 66
leaf_count=51 64 97 87 53 54 89 52 66
internal_value=-0.561447 -10.7008 2.67049 0.202326 -0.858728 -2.64834 -0.277506 2.53959
internal_weight=613 148 465 401 348 228 141 120
internal_count=613 148 465 401 348 228 141 120
is_linear=0
shrinkage=0.03


Tree=262
num_leaves=10
num_cat=0
split_feature=4 27 3 0 7 4 24 0 11
split_gain=2.11756e+07 9.50648e+06 3.18487e+07 3.01507e+07 1.17155e+07 1.8421e+07 1.75955e+07 2.07552e+06 709096
threshold=997.85000000000002 0.64534213713577271 59.550000000000004 16.100000000000005 14.850000000000003 1015.7500000000001 5258.8888888888896 46.050000000000004 3.5000000000000004
decision_type=2 2 2 2 2 2 2 2 2
left_child=-1 3 -3 -2 5 -5 -6 -4 -8
right_child=1 2 7 4 6 -7 8 -9 -10
leaf_value=-18.802054062691973 -21.270014203899311 26.552034167732838 2.625922533550983 -17.570591916735339 21.670610399720207 6.4957972631107213 2.8330579396339099 -5.6294794178483505 -1.2629229544472305
leaf_weight=52 58 52 50 58 50 56 122 60 55
leaf_count=52 58 52 50 58 50 56 122 60 55
internal_value=-0.544692 1.15674 7.27848 -1.33236 2.07449 -5.76241 6.01265 -1.88001 1.56026
internal_weight=613 561 162 399 341 114 227 110 177
internal_count=613 561 162 399 341 114 227 110 177
is_linear=0
shrinkage=0.03


Tree=263
num_leaves=10
num_cat=0
split_feature=5 1 1 9 9 2 7 30 26
split_gain=2.10651e+07 5.52616e+07 2.3613e+07 2.69955e+06 2.47824e+06 1.71815e+06 2.44083e+06 1.7394e+06 1.0883e+06
threshold=18.475000000000005 0.45000000000000007 0.11250000000000002 0.95000000000000007 0.8500000000000002 13.600000000000001 15.850000000000003 1.0000000180025095e-35 6.9000000000000012
decision_type=2 2 2 2 2 2 2 2 2
left_child=2 -2 -1 5 8 7 -7 -4 -3
right_child=1 4 3 -5 -6 6 -8 -9 -10
leaf_value=23.164645428515332 -29.781028260492835 7.7220272866395083 -5.1241973627707154 6.6648272596175682 -2.6248840719469464 7.3352778466226578 -1.6526774018510395 1.6649013807458859 1.6308115989615608
leaf_weight=50 70 50 88 61 74 50 59 55 56
leaf_count=50 70 50 88 61 74 50 59 55 56
internal_value=-0.528415 -7.2249 4.08563 1.01857 1.58183 -0.354451 2.47897 -2.51492 4.5178
internal_weight=613 250 363 313 180 252 109 143 106
internal_count=613 250 363 313 180 252 109 143 106
is_linear=0
shrinkage=0.03


Tree=264
num_leaves=10
num_cat=0
split_feature=5 0 0 8 24 6 0 6 24
split_gain=1.9826e+07 1.02512e+08 2.27947e+07 2.41723e+07 1.41571e+07 1.0918e+07 8.90082e+06 1.94027e+06 2.89875e+06
threshold=18.475000000000005 26.400000000000002 11.450000000000001 11.850000000000003 2126.9841269841277 3.0500000000000003 123.10000000000001 3.7500000000000004 6450.0000000000009
decision_type=2 2 2 2 2 2 2 2 2
left_child=2 -2 -1 4 -4 6 -3 8 -6
right_child=1 5 3 -5 7 -7 -8 -9 -10
leaf_value=21.889995224673441 -45.292704970054551 -12.513090358934209 -16.825693674908084 19.844793648577589 8.3094188514229845 11.359429721978433 3.8757832162644386 -3.6397551282587677 -0.60631996834265056
leaf_weight=54 50 51 52 50 51 78 71 65 91
leaf_count=54 50 51 52 50 51 78 71 65 91
internal_value=-0.512429 -7.00898 3.96385 0.812905 -2.87988 2.6154 -2.98912 0.642654 2.60652
internal_weight=613 250 363 309 259 200 122 207 142
internal_count=613 250 363 309 259 200 122 207 142
is_linear=0
shrinkage=0.03


Tree=265
num_leaves=9
num_cat=0
split_feature=24 6 0 4 24 8 9 0
split_gain=1.08405e+07 1.76839e+07 4.98087e+06 2.85896e+06 2.92934e+06 1.44753e+06 1.25597e+06 1.13592e+06
threshold=1527.7777777777781 2.9500000000000006 11.450000000000001 1006.0000000000001 5437.5000000000009 2.6000000000000005 0.55000000000000016 145.00000000000003
decision_type=2 2 2 2 2 2 2 2
left_child=1 -1 -2 6 -5 -6 -4 -7
right_child=2 -3 3 4 5 7 -8 -9
leaf_value=-21.872080102172621 9.1005942820030459 2.9498848711472618 -0.74084369098707092 6.7061026136390067 -4.8417852254985103 -1.1131971298645078 -6.9946693212441975 3.9347389560632444
leaf_weight=53 58 50 52 69 50 97 65 68
leaf_count=53 58 50 52 69 50 97 65 68
internal_value=-1.06832 -9.84892 0.907181 -0.283796 1.34228 -0.386034 -4.22427 0.970475
internal_weight=562 103 459 401 284 215 117 165
internal_count=562 103 459 401 284 215 117 165
is_linear=0
shrinkage=0.03


Tree=266
num_leaves=8
num_cat=0
split_feature=26 1 14 11 6 3 3
split_gain=8.87472e+06 2.04181e+07 2.52303e+07 3.55549e+06 3.68529e+06 1.52696e+06 1.06832e+06
threshold=10.050000000000002 0.45000000000000007 163.50000000000003 4.5000000000000009 2.2500000000000004 78.450000000000017 66.700000000000003
decision_type=2 2 2 2 2 2 2
left_child=1 2 -1 4 -3 6 -6
right_child=-2 3 -4 -5 5 -7 -8
leaf_value=-29.319767794246562 8.13195773093023 8.3376710873614055 -0.19597953294987788 -6.0155882948526447 0.50048193341770153 3.5079773027359566 -4.5185796254182913
leaf_weight=51 81 65 56 59 101 88 61
leaf_count=51 81 65 56 59 101 88 61
internal_value=-1.03648 -2.58456 -14.1207 0.724525 1.99151 0.333457 -1.39422
internal_weight=562 481 107 374 315 250 162
internal_count=562 481 107 374 315 250 162
is_linear=0
shrinkage=0.03


Tree=267
num_leaves=8
num_cat=0
split_feature=26 1 0 0 14 6 6
split_gain=8.35251e+06 1.92181e+07 2.39625e+07 6.04795e+06 1.2172e+06 912392 2.32389e+06
threshold=10.050000000000002 0.45000000000000007 52.000000000000007 20.800000000000004 264.00000000000006 2.6500000000000008 3.4500000000000006
decision_type=2 2 2 2 2 2 2
left_child=1 2 -1 -3 5 -5 -7
right_child=-2 3 -4 4 -6 6 -8
leaf_value=-27.192968309853047 7.888898825275942 9.7661116628155611 1.1890238238775244 2.9275283668050367 -3.7176790688490944 -5.4029525283162627 2.2636197314975006
leaf_weight=56 81 56 51 78 96 63 81
leaf_count=56 81 56 51 78 96 63 81
internal_value=-1.00569 -2.50754 -13.6995 0.702833 -0.900888 0.320517 -1.0947
internal_weight=562 481 107 374 318 222 144
internal_count=562 481 107 374 318 222 144
is_linear=0
shrinkage=0.03


Tree=268
num_leaves=10
num_cat=0
split_feature=24 6 24 10 21 24 6 20 24
split_gain=9.19286e+06 1.65653e+07 4.48699e+06 2.44664e+06 4.01769e+06 2.60549e+06 1.24987e+06 794946 644966
threshold=1527.7777777777781 2.9500000000000006 3854.166666666667 7.5000000000000009 0.5721011470281544 9189.8138888888916 3.6500000000000008 10.650700000000001 7736.1111111111122
decision_type=2 2 2 2 2 2 2 2 2
left_child=1 -1 -2 5 -5 6 7 -4 -6
right_child=2 -3 3 4 8 -7 -8 -9 -10
leaf_value=-20.69857956877345 8.697408113529546 3.3233994223441088 4.4557527158536967 -10.050508763937069 -2.7528543869375488 7.7866688840988791 -3.7372869933031736 -0.55169483782640139 1.5230853103761339
leaf_weight=53 57 50 54 50 51 51 53 60 83
leaf_count=53 57 50 54 50 51 51 53 60 83
internal_value=-0.975719 -9.06155 0.843463 -0.27579 -2.82088 1.87325 0.0565737 1.82564 -0.106772
internal_weight=562 103 459 402 184 218 167 114 134
internal_count=562 103 459 402 184 218 167 114 134
is_linear=0
shrinkage=0.03


Tree=269
num_leaves=9
num_cat=0
split_feature=24 6 0 4 24 21 9 14
split_gain=8.65247e+06 1.55918e+07 4.58526e+06 2.5975e+06 2.76456e+06 1.35335e+06 1.16954e+06 1.08494e+06
threshold=1527.7777777777781 2.9500000000000006 11.450000000000001 1006.0000000000001 5437.5000000000009 1.1811504297479054 0.55000000000000016 259.50000000000006
decision_type=2 2 2 2 2 2 2 2
left_child=1 -1 -2 6 -5 7 -4 -6
right_child=2 -3 3 4 5 -7 -8 -9
leaf_value=-20.081117310371898 8.6795690829880652 3.2242921449270683 -0.7188803623283343 6.4363838142311423 3.0737769038960865 -4.2672283275566301 -6.7537155851799353 -2.0396204794735242
leaf_weight=53 58 50 52 69 93 60 65 62
leaf_count=53 58 50 52 69 93 60 65 62
internal_value=-0.946639 -8.79122 0.818263 -0.324399 1.22558 -0.453316 -4.08034 1.02837
internal_weight=562 103 459 401 284 215 117 155
internal_count=562 103 459 401 284 215 117 155
is_linear=0
shrinkage=0.03


Tree=270
num_leaves=7
num_cat=0
split_feature=8 8 1 3 3 22
split_gain=1.52946e+07 2.5246e+07 3.08832e+07 2.82504e+06 1.50567e+06 1.29466e+06
threshold=24.050000000000004 20.250000000000004 1.0000000180025095e-35 46.000000000000007 56.100000000000001 0.68301270189221941
decision_type=2 2 2 2 2 2
left_child=1 2 -1 -4 -5 -6
right_child=-2 -3 3 4 5 -7
leaf_value=-21.332184152563578 -16.910767481938709 14.806627240550473 6.2233476605085034 -5.1660580111291514 1.4456053279740586 -2.8858693065923511
leaf_weight=72 57 81 56 64 178 95
leaf_count=72 57 81 56 64 178 95
internal_value=-2.16576 -0.617983 -3.31268 0.00232908 -1.03602 -0.0631647
internal_weight=603 546 465 393 337 273
internal_count=603 546 465 393 337 273
is_linear=0
shrinkage=0.03


Tree=271
num_leaves=9
num_cat=0
split_feature=0 6 0 8 2 2 8 7
split_gain=2.85622e+07 1.78664e+07 2.00467e+07 1.75007e+07 1.37509e+07 7.47618e+06 2.29488e+06 1.04405e+06
threshold=10.850000000000003 4.4500000000000011 42.600000000000009 16.750000000000004 19.250000000000004 15.597000000000003 11.250000000000002 15.200000000000001
decision_type=2 2 2 2 2 2 2 2
left_child=-1 2 6 5 -5 7 -2 -4
right_child=1 -3 3 4 -6 -7 -8 -9
leaf_value=-18.524806347055542 10.044026374151329 -12.153172674607021 -13.820772042749054 16.267575186923207 -3.0609666955571551 0.47888605935548717 19.156335599683153 -7.9786747103849756
leaf_weight=82 52 84 63 75 59 86 50 52
leaf_count=82 52 84 63 75 59 86 50 52
internal_value=-2.10114 0.492933 2.93045 -0.618487 7.76935 -6.21367 14.554 -11.2068
internal_weight=603 521 437 335 134 201 102 115
internal_count=603 521 437 335 134 201 102 115
is_linear=0
shrinkage=0.03


Tree=272
num_leaves=8
num_cat=0
split_feature=0 6 4 30 24 24 4
split_gain=2.68805e+07 1.68145e+07 1.89513e+07 6.85142e+06 1.77416e+07 4.97992e+06 3.34264e+06
threshold=10.850000000000003 4.4500000000000011 1000.6500000000002 -0.56174490092936669 1633.3333333333337 6450.0000000000009 1012.9500000000002
decision_type=2 2 2 2 2 2 2
left_child=-1 2 -2 5 -5 -4 -6
right_child=1 -3 3 4 6 -7 -8
leaf_value=-17.971088105777635 18.925942456260398 -11.789875238968383 13.339007688453046 -17.911474127359192 -1.9428928984219966 0.89855879526591043 5.6134766838557768
leaf_weight=82 57 84 52 52 112 65 99
leaf_count=82 57 84 52 52 112 65 99
internal_value=-2.03825 0.478299 2.84297 0.417479 -2.26942 6.4477 1.60541
internal_weight=603 521 437 380 263 117 211
internal_count=603 521 437 380 263 117 211
is_linear=0
shrinkage=0.03


Tree=273
num_leaves=9
num_cat=0
split_feature=0 6 0 8 24 24 24 0
split_gain=2.52978e+07 1.58244e+07 1.87485e+07 1.6212e+07 3.74257e+07 1.73449e+07 1.50426e+07 1.056e+06
threshold=10.850000000000003 4.4500000000000011 42.600000000000009 16.750000000000004 3689.3527777777781 6548.6111111111122 5148.1472222222228 128.70000000000002
decision_type=2 2 2 2 2 2 2 2
left_child=-1 2 6 4 -4 -5 -2 -6
right_child=1 -3 3 5 7 -7 -8 -9
leaf_value=-17.433920748074463 25.696593767245769 -11.437437726365289 -28.471758266964677 21.331704338900373 -1.5568622826173972 -0.94022197730176382 2.6682201232964862 3.5217956757464473
leaf_weight=82 50 84 50 50 63 84 52 88
leaf_count=82 50 84 50 50 63 84 52 88
internal_value=-1.97726 0.464073 2.75808 -0.673964 -6.05914 7.39922 13.999 1.40394
internal_weight=603 521 437 335 201 134 102 151
internal_count=603 521 437 335 201 134 102 151
is_linear=0
shrinkage=0.03


Tree=274
num_leaves=9
num_cat=0
split_feature=0 6 0 8 24 24 24 0
split_gain=2.38084e+07 1.48928e+07 1.76471e+07 1.52598e+07 3.52265e+07 1.63257e+07 1.41588e+07 993822
threshold=10.850000000000003 4.4500000000000011 42.600000000000009 16.750000000000004 3689.3527777777781 6548.6111111111122 5148.1472222222228 128.70000000000002
decision_type=2 2 2 2 2 2 2 2
left_child=-1 2 6 4 -4 -5 -2 -6
right_child=1 -3 3 5 7 -7 -8 -9
leaf_value=-16.912809389283559 24.930294066034776 -11.095535590453505 -27.62269976231023 20.695569982509724 -1.5103777528148128 -0.91211565167029973 2.5886326706158727 3.4165007469851192
leaf_weight=82 50 84 50 50 63 84 52 88
leaf_count=82 50 84 50 50 63 84 52 88
internal_value=-1.91804 0.450337 2.67579 -0.65391 -5.87855 7.17861 13.5815 1.36194
internal_weight=603 521 437 335 201 134 102 151
internal_count=603 521 437 335 201 134 102 151
is_linear=0
shrinkage=0.03


Tree=275
num_leaves=9
num_cat=0
split_feature=0 1 6 6 26 21 8 24
split_gain=3.10294e+07 4.58486e+07 1.35321e+06 2.60398e+06 1.48694e+06 966972 857724 571643
threshold=11.050000000000002 0.11250000000000002 3.4500000000000006 2.5500000000000003 6.0499999999999998 0.60947802612131652 18.150000000000002 7074.0750000000007
decision_type=2 2 2 2 2 2 2 2
left_child=-1 -2 3 6 -4 -5 7 -3
right_child=1 2 4 5 -6 -7 -8 -9
leaf_value=-15.481265578097748 24.659905520368714 5.9607048626949926 -0.60739070892333979 -6.8682553478500719 5.710123098945858 -1.6561647359200846 -0.97099226681421225 1.4414238104241979
leaf_weight=80 85 51 58 50 79 89 53 50
leaf_count=80 85 51 58 50 79 89 53 50
internal_value=1.86611 4.56831 0.582266 -0.56882 3.04001 -3.54184 2.11623 3.73442
internal_weight=595 515 430 293 137 139 154 101
internal_count=595 515 430 293 137 139 154 101
is_linear=0
shrinkage=0.03


Tree=276
num_leaves=7
num_cat=0
split_feature=0 1 11 27 6 6
split_gain=2.92022e+07 4.31483e+07 1.33256e+06 1.91325e+06 1.45746e+06 3.28267e+06
threshold=11.050000000000002 0.11250000000000002 1.0000000180025095e-35 -0.72660079619119988 2.5500000000000003 3.4500000000000006
decision_type=2 2 2 2 2 2
left_child=-1 -2 -3 -4 -5 -6
right_child=1 2 3 4 5 -7
leaf_value=-15.018562602889936 23.922710909021696 4.160876215977563 -4.036731470384523 4.3201809269508011 -4.5614923647082808 3.4852907727232316
leaf_weight=80 85 76 88 84 89 93
leaf_count=80 85 76 88 84 89 93
internal_value=1.81031 4.43174 0.56486 -0.210011 1.05906 -0.450656
internal_weight=595 515 430 354 266 182
internal_count=595 515 430 354 266 182
is_linear=0
shrinkage=0.03


Tree=277
num_leaves=8
num_cat=0
split_feature=0 1 20 24 24 27 8
split_gain=2.74826e+07 4.06071e+07 1.41041e+06 3.90887e+06 3.08708e+06 944486 850970
threshold=11.050000000000002 0.11250000000000002 7.6016000000000004 5868.0555555555566 6394.4444444444453 -0.59817537509284324 2.3500000000000001
decision_type=2 2 2 2 2 2 2
left_child=-1 -2 4 -4 -3 -5 -6
right_child=1 2 3 5 6 -7 -8
leaf_value=-14.569688973907811 23.207553746535378 7.2614975747766923 -7.479360207624576 -0.86123585473969644 -3.5092999994824505 3.3200217161445975 1.9827161044012716
leaf_weight=80 85 74 61 98 51 96 50
leaf_count=80 85 74 61 98 51 96 50
internal_value=1.75618 4.29926 0.547984 -0.875151 2.6197 1.20973 -0.792571
internal_weight=595 515 430 255 175 194 101
internal_count=595 515 430 255 175 194 101
is_linear=0
shrinkage=0.03


Tree=278
num_leaves=10
num_cat=0
split_feature=0 21 14 9 28 14 29 14 4
split_gain=2.58642e+07 3.36164e+07 1.6811e+07 2.30592e+07 7.162e+06 7.64675e+06 5.18727e+06 3.60376e+06 278127
threshold=11.050000000000002 0.74113962619479101 282.00000000000006 1.0000000180025095e-35 0.81392548379518759 197.50000000000003 1.0000000180025095e-35 134.50000000000003 1012.2500000000001
decision_type=2 2 2 2 2 2 2 2 2
left_child=-1 2 3 7 5 6 -3 -2 -7
right_child=1 4 -4 -5 -6 8 -8 -9 -10
leaf_value=-14.134231460210245 20.155605002766812 -4.9314761643898981 -3.1748445238981757 4.8863070429641358 6.6040600367696118 -0.95960209646471462 -17.590316590242939 31.579633527164567 2.1958681975586511
leaf_weight=80 54 65 50 87 55 50 53 51 50
leaf_count=80 54 65 50 87 55 50 53 51 50
internal_value=1.70364 4.1707 12.3045 16.3343 -3.04501 -5.48518 -10.6475 25.7787 0.619892
internal_weight=595 515 242 192 273 218 118 105 100
internal_count=595 515 242 192 273 218 118 105 100
is_linear=0
shrinkage=0.03


Tree=279
num_leaves=9
num_cat=0
split_feature=28 1 1 6 11 21 4 6
split_gain=2.58619e+07 6.29267e+07 3.60795e+07 3.06944e+06 2.44565e+06 2.59855e+06 2.09006e+06 256638
threshold=-0.77212798313689279 0.11250000000000002 0.65000000000000013 3.5500000000000003 1.5000000000000002 0.65528469316596949 1010.35 2.4500000000000006
decision_type=2 2 2 2 2 2 2 2
left_child=2 -2 -1 4 -3 -6 -5 -7
right_child=1 3 -4 6 5 7 -8 -9
leaf_value=-29.947571957628011 32.636104508039551 2.7518961663209991 1.707649020699525 9.2257474722208137 -7.7460826782685093 1.145759856081799 1.2717136847013342 -1.813441959849575
leaf_weight=50 64 92 91 50 70 54 73 51
leaf_count=50 64 92 91 50 70 54 73 51
internal_value=1.6529 5.13851 -9.55729 0.604449 -1.20223 -3.28217 4.51971 -0.292553
internal_weight=595 454 141 390 267 175 123 105
internal_count=595 454 141 390 267 175 123 105
is_linear=0
shrinkage=0.03


Tree=280
num_leaves=9
num_cat=0
split_feature=0 3 3 0 3 0 3 21
split_gain=1.61298e+07 1.49827e+07 1.3864e+07 1.79712e+07 1.37246e+07 1.34802e+07 6.93e+06 1.35349e+07
threshold=6.1500000000000012 51.050000000000004 79.550000000000011 31.000000000000004 40.050000000000004 54.150000000000006 59.550000000000004 0.52232847722162401
decision_type=2 2 2 2 2 2 2 2
left_child=-1 4 3 -3 -2 -4 -5 -8
right_child=1 2 5 6 -6 -7 7 -9
leaf_value=-16.640234374932245 0.72245854813555688 21.390467955030072 -15.706961244486674 12.318738951620421 -21.143978637115296 2.223650490580352 13.328396974362825 -4.6287878710726131
leaf_weight=56 52 57 61 53 51 98 51 143
leaf_count=56 52 57 61 53 51 98 51 143
internal_value=-1.32617 0.196997 2.50046 6.25275 -10.1345 -4.67196 2.73769 0.105159
internal_weight=622 566 463 304 103 159 247 194
internal_count=622 566 463 304 103 159 247 194
is_linear=0
shrinkage=0.03


Tree=281
num_leaves=9
num_cat=0
split_feature=24 0 0 14 22 8 8 7
split_gain=2.23105e+07 4.82479e+07 1.06255e+07 1.6761e+06 2.31496e+06 1.30048e+06 1.51802e+06 1.05441e+06
threshold=1633.3333333333337 54.95000000000001 11.450000000000001 148.50000000000003 0.68301270189221941 23.750000000000004 20.150000000000002 14.850000000000003
decision_type=2 2 2 2 2 2 2 2
left_child=1 -1 -2 4 -4 6 7 -5
right_child=2 -3 3 5 -6 -7 -8 -9
leaf_value=-34.511735591851959 12.25918980751743 4.3131697927032997 6.2675160219968662 -4.7968993783623377 -1.04208001958029 2.6594091116031167 -6.9989004116765416 0.27316287328180233
leaf_weight=52 70 64 69 53 89 50 55 120
leaf_count=52 70 64 69 53 89 50 55 120
internal_value=-1.2865 -13.1352 1.43594 -0.308948 2.15586 -1.71065 -2.67128 -1.28566
internal_weight=622 116 506 436 158 278 228 173
internal_count=622 116 506 436 158 278 228 173
is_linear=0
shrinkage=0.03


Tree=282
num_leaves=9
num_cat=0
split_feature=24 0 0 14 22 24 22 6
split_gain=2.09994e+07 4.54123e+07 1.00002e+07 1.57753e+06 2.17871e+06 1.28571e+06 1.18416e+06 980041
threshold=1633.3333333333337 54.95000000000001 11.450000000000001 148.50000000000003 0.68301270189221941 6548.6111111111122 -0.24999999999999994 2.4500000000000006
decision_type=2 2 2 2 2 2 2 2
left_child=1 -1 -2 4 -4 -5 7 -7
right_child=2 -3 3 5 -6 6 -8 -9
leaf_value=-33.482321923294208 11.892983732370192 4.1843790621779764 6.0803045424341642 -5.1341044299030711 -1.010922666370268 -2.0391345644609506 -4.3166916918754579 2.8311591954208017
leaf_weight=52 70 64 69 71 89 62 53 92
leaf_count=52 70 64 69 71 89 62 53 92
internal_value=-1.24822 -12.7434 1.39302 -0.299754 2.09148 -1.65962 -0.462141 0.870181
internal_weight=622 116 506 436 158 278 207 154
internal_count=622 116 506 436 158 278 207 154
is_linear=0
shrinkage=0.03


Tree=283
num_leaves=9
num_cat=0
split_feature=24 0 0 14 22 24 22 6
split_gain=1.97653e+07 4.27433e+07 9.41172e+06 1.48476e+06 2.05048e+06 1.20999e+06 1.11452e+06 922344
threshold=1633.3333333333337 54.95000000000001 11.450000000000001 148.50000000000003 0.68301270189221941 6548.6111111111122 -0.24999999999999994 2.4500000000000006
decision_type=2 2 2 2 2 2 2 2
left_child=1 -1 -2 4 -4 -5 7 -7
right_child=2 -3 3 5 -6 6 -8 -9
leaf_value=-32.483614881015868 11.537716822549594 4.059432721560702 5.8986850751736464 -4.9807294392284813 -0.98069685950925334 -1.9782549209579419 -4.1879198867384533 2.7465005167230627
leaf_weight=52 70 64 69 71 89 62 53 92
leaf_count=52 70 64 69 71 89 62 53 92
internal_value=-1.21108 -12.3634 1.35137 -0.290836 2.02902 -1.61011 -0.448429 0.84412
internal_weight=622 116 506 436 158 278 207 154
internal_count=622 116 506 436 158 278 207 154
is_linear=0
shrinkage=0.03


end of trees

feature_importances:
avg_weight_price_ratio=742
trade_quantity=234
avg_weight_kg=158
day_of_year=127
humidity=105
day_of_year_sin=102
water_temp_ratio=95
pressure=84
wind_speed=79
temp_range=77
min_temperature=71
day_of_year_cos=56
temp_humidity=52
water_temperature=45
day_of_week=44
max_temperature=39
month=37
avg_temperature=31
rainfall=25
temp_pressure=21
day_of_week_sin=18
month_sin=14
day_of_week_cos=11
month_cos=6
spring=4
quarter=3
is_weekend=1
fall=1

parameters:
[boosting: gbdt]
[objective: regression]
[metric: l1]
[tree_learner: serial]
[device_type: cpu]
[data_sample_strategy: bagging]
[data: ]
[valid: ]
[num_iterations: 500]
[learning_rate: 0.03]
[num_leaves: 31]
[num_threads: 0]
[seed: 42]
[deterministic: 0]
[force_col_wise: 0]
[force_row_wise: 0]
[histogram_pool_size: -1]
[max_depth: 6]
[min_data_in_leaf: 50]
[min_sum_hessian_in_leaf: 0.001]
[bagging_fraction: 0.7]
[pos_bagging_fraction: 1]
[neg_bagging_fraction: 1]
[bagging_freq: 5]
[bagging_seed: 400]
[bagging_by_query: 0]
[feature_fraction: 0.7]
[feature_fraction_bynode: 1]
[feature_fraction_seed: 30056]
[extra_trees: 0]
[extra_seed: 12879]
[early_stopping_round: 0]
[early_stopping_min_delta: 0]
[first_metric_only: 0]
[max_delta_step: 0]
[lambda_l1: 0.3]
[lambda_l2: 0.3]
[linear_lambda: 0]
[min_gain_to_split: 0.1]
[drop_rate: 0.1]
[max_drop: 50]
[skip_drop: 0.5]
[xgboost_dart_mode: 0]
[uniform_drop: 0]
[drop_seed: 17869]
[top_rate: 0.2]
[other_rate: 0.1]
[min_data_per_group: 100]
[max_cat_threshold: 32]
[cat_l2: 10]
[cat_smooth: 10]
[max_cat_to_onehot: 4]
[top_k: 20]
[monotone_constraints: ]
[monotone_constraints_method: basic]
[monotone_penalty: 0]
[feature_contri: ]
[forcedsplits_filename: ]
[refit_decay_rate: 0.9]
[cegb_tradeoff: 1]
[cegb_penalty_split: 0]
[cegb_penalty_feature_lazy: ]
[cegb_penalty_feature_coupled: ]
[path_smooth: 0]
[interaction_constraints: ]
[verbosity: -1]
[saved_feature_importance_type: 0]
[use_quantized_grad: 0]
[num_grad_quant_bins: 4]
[quant_train_renew_leaf: 0]
[stochastic_rounding: 1]
[linear_tree: 0]
[max_bin: 255]
[max_bin_by_feature: ]
[min_data_in_bin: 3]
[bin_construct_sample_cnt: 200000]
[data_random_seed: 175]
[is_enable_sparse: 1]
[enable_bundle: 1]
[use_missing: 1]
[zero_as_missing: 0]
[feature_pre_filter: 1]
[pre_partition: 0]
[two_round: 0]
[header: 0]
[label_column: ]
[weight_column: ]
[group_column: ]
[ignore_column: ]
[categorical_feature: ]
[forcedbins_filename: ]
[precise_float_parser: 0]
[parser_config_file: ]
[objective_seed: 16083]
[num_class: 1]
[is_unbalance: 0]
[scale_pos_weight: 1]
[sigmoid: 1]
[boost_from_average: 1]
[reg_sqrt: 0]
[alpha: 0.9]
[fair_c: 1]
[poisson_max_delta_step: 0.7]
[tweedie_variance_power: 1.5]
[lambdarank_truncation_level: 30]
[lambdarank_norm: 1]
[label_gain: ]
[lambdarank_position_bias_regularization: 0]
[eval_at: ]
[multi_error_top_k: 1]
[auc_mu_weights: ]
[num_machines: 1]
[local_listen_port: 12400]
[time_out: 120]
[machine_list_filename: ]
[machines: ]
[gpu_platform_id: -1]
[gpu_device_id: -1]
[gpu_use_dp: 0]
[num_gpu: 1]

end of parameters

pandas_categorical:[]
